region_id,month,precipitation_mm__mean,precipitation_mm__std,precipitation_mm__q25,precipitation_mm__median,precipitation_mm__q75,soil_moisture_total_mm__mean,soil_moisture_total_mm__std,soil_moisture_total_mm__q25,soil_moisture_total_mm__median,soil_moisture_total_mm__q75,total_runoff_mm__mean,total_runoff_mm__std,total_runoff_mm__q25,total_runoff_mm__median,total_runoff_mm__q75,actual_evapotranspiration_mm__mean,actual_evapotranspiration_mm__std,actual_evapotranspiration_mm__q25,actual_evapotranspiration_mm__median,actual_evapotranspiration_mm__q75,PET_mm__mean,PET_mm__std,PET_mm__q25,PET_mm__median,PET_mm__q75
SLR_00_02,1,128.341793,72.44034600472389,75.7918975,128.512532,176.2982575,773.7386846666667,74.06013614864158,715.57312,777.17547,829.7130099999999,19.578861905666667,23.582489554005292,4.1733856,15.998749,24.945265499999998,152.07628073333333,17.657908508300597,145.806445,153.44924,163.14494,131.10166666666666,8.070094681038107,126.55,129.89499999999998,136.04
SLR_00_02,2,91.58652023333335,75.03691766834388,44.67842875,74.106172,106.35776,705.9416963333333,90.88006618644069,632.31418,706.35385,757.5749375,8.5398451336,18.68004270454896,0.532708925,2.2592974999999997,6.56823205,138.48554516666667,13.313618094367504,130.9848525,137.7106,145.276945,131.09333333333333,8.340576484389672,126.6825,133.865,138.66250000000002
SLR_00_02,3,123.85404146666666,88.02737639083205,59.381502,98.8576425,185.7934275,637.3114876666666,104.00236286053149,557.1198400000001,623.41965,717.0875625,5.773203433701334,9.039675869248917,0.66306587,2.7002508499999998,6.440364875,130.61597700000002,17.709574493381222,115.38183,131.17835000000002,141.26623,150.06966666666668,9.84075883089389,141.14499999999998,149.755,157.435
SLR_00_02,4,186.67862366666668,77.37947281641497,122.52663,184.091125,238.20231,623.241499,115.7261714824914,512.322085,618.391905,708.392935,5.345755309,5.870974390589498,2.039848,3.9375946500000003,5.402405225,114.00706983333333,23.21342126308349,96.91728875,116.0187525,127.39102749999999,136.14933333333335,7.462066799455771,130.8425,135.175,141.9525
SLR_00_02,5,281.04631613333333,131.05418116154223,171.09868999999998,247.888105,360.700175,675.1336426666666,89.32205852055907,606.767875,678.264975,748.32575,24.877697791666666,22.90005238318242,5.4276006,18.4849465,33.2623925,133.93339883333334,22.658103388424966,119.80093,138.979935,150.196755,128.35233333333335,5.939666009032033,123.9975,126.895,131.825
SLR_00_02,6,213.86592646666665,84.90091967774792,161.7006925,192.043835,278.5225775,735.9869243333334,100.01095176822528,685.0344974999999,745.908435,811.891275,38.09932420333334,36.29206533790969,12.48445975,28.5687875,45.495945000000006,137.56451416666667,27.26592543525283,119.30792,138.21548,155.4739,119.81533333333333,5.727058421294438,116.575,119.995,123.28
SLR_00_02,7,124.83269873333333,55.455412161997316,87.9812825,128.4852175,156.78534000000002,722.1484936666667,100.10831969400408,640.402615,745.4315349999999,771.06734,12.387972820666667,11.349069439539095,2.084004,10.3620895,20.964668250000003,125.13154396666667,26.854652666720156,110.83100300000001,126.637295,150.344405,123.63066666666667,7.131617282038575,118.145,123.005,126.0575
SLR_00_02,8,126.18894313333334,71.87282972326189,85.2793335,108.669375,178.20114999999998,694.6549996666666,91.7347925481728,634.013925,702.4602,752.0590625,14.333889798,17.403810648751755,3.529521675,6.5692043,22.591562749999998,118.39027800000001,24.702646107841485,98.08031475,113.18531999999999,138.77099249999998,128.24933333333334,6.206736014526717,124.8925,128.19,131.3375
SLR_00_02,9,228.01919349999997,109.38142202915743,142.7076275,194.480095,290.4082475,703.7546199999999,92.57376959188758,660.97298,714.7334,741.4212875,30.370543096666665,36.0784596313588,7.133684825,17.155092,37.219184999999996,124.8177309,28.67988742251737,106.398817,128.330535,139.275835,126.821,6.147143631605353,123.3375,127.0,131.1925
SLR_00_02,10,280.27281800000003,108.44792603289247,198.1904475,281.63504,339.413315,756.6576210000001,89.21625546515604,693.8867750000001,751.11505,826.915025,55.99396354333333,71.62224535823619,18.2500325,26.016321,46.3023175,133.35166736666667,20.00518927543322,121.7379325,132.388745,143.69243749999998,120.28966666666666,8.733365067503986,112.39250000000001,119.715,127.21
SLR_00_02,11,306.684421,103.19513032156568,225.78808750000002,293.28117499999996,389.9374775,822.9044243333334,76.35451830996764,791.192675,851.7185999999999,874.634775,90.94788043333332,90.73283370928996,26.63583675,65.9741485,118.567725,130.91228733333335,13.96261221631279,121.48367375,132.90157499999998,142.45704,113.40233333333335,9.451403721080295,105.01750000000001,114.2,121.6725
SLR_00_02,12,176.1733405,73.94881525965036,129.5320075,161.54363999999998,228.540345,823.6840573333334,74.48511132248818,801.802375,853.87915,882.00349,45.61413026333333,47.55898242584313,10.979508000000001,26.767744999999998,62.7780185,140.5659584,20.089038851949326,129.7747325,143.16745,154.6093075,119.72866666666667,7.742752666240525,116.83,120.51,125.025
SLR_01_01,1,132.84059528681226,72.62489523708048,83.41714831761918,132.12689299516654,181.01208401160756,821.7329315821705,43.94955756712239,791.7720015707345,824.4291013509221,860.0903929627544,48.63132139891628,46.58927738151147,12.611210948953941,37.982017256590765,59.17277731605627,153.03829358657717,11.017291703807928,147.17092275725696,153.27413258396916,161.93186183045412,132.02704309003224,7.6460588521086015,128.0958281839444,130.24414660894305,137.43858595077822
SLR_01_01,2,105.259826664505,86.62561431906032,49.655360138722436,80.63297287615055,124.12689565857453,765.2390339701013,72.6791236372919,704.4230085474719,758.9922872469497,820.258959135015,35.94749618065605,69.00890261456011,3.150807237945081,11.902556410733952,21.771654232189345,141.83966553577454,9.27567581153537,134.46991595758112,140.4223863938891,147.06761365503155,129.03629288702163,8.248119044098665,125.22539082222153,131.56608630932618,135.80535529627116
SLR_01_01,3,146.57292989075466,102.19311642709538,74.35647519748984,116.44287712118697,205.31379063682934,726.2497561512695,94.20633597823908,654.132560715714,708.6366070053668,816.9434103132037,31.021436535813102,58.89551695708126,3.9854679886651296,11.631788259227132,38.66543437809151,144.20016096337332,15.246448796947352,137.19588475095424,145.3671974382765,153.84380774746438,150.61325348729832,9.745576828064742,142.21439854711494,150.27082917378578,158.16040349368345
SLR_01_01,4,232.6893920520436,102.61347267906432,156.2823673771731,212.87660719625785,297.590012773672,757.4197780058845,110.91344347360635,669.3346133581016,788.8193561721123,835.5831906548414,62.80703643061417,75.07567323876391,14.016114061344858,34.7565356176618,56.5146454559456,130.7910304466455,20.99445106141725,118.20077169019504,130.35201832320547,143.41350298006523,135.03549336582566,7.830282757619709,128.47779919053647,134.65608461671042,140.9984214931568
SLR_01_01,5,328.2407173437487,139.98587095337814,232.24840983679275,293.94317314646185,411.9851363322443,828.4191668694543,56.295865754613466,795.8739467170666,853.9851604290743,868.1797994337836,184.49312137977572,149.6705973585082,75.50064391736336,121.68708961112156,271.149348905287,156.08489063623298,12.688513457056997,148.35307448430603,160.2428418261096,162.83894954867782,126.20617202898583,5.992900173115986,122.14310446251037,125.5180468095412,130.67954548007594
SLR_01_01,6,244.56832915222233,90.51919083456256,185.45382152031,235.4088279297158,327.80137366956865,848.5122573876602,40.26809329650202,830.0874905197444,859.377633034389,875.4205651152796,133.26344495380832,87.28259289710581,48.90962954863721,124.83743283799673,193.58556402873035,150.07355475851116,19.73658008721945,140.0689487911656,153.02515943690264,157.64881515071477,116.8365694084768,5.714634547329367,112.80866278927516,117.01465489954857,119.83177896307097
SLR_01_01,7,151.35516705868426,65.48369064022117,107.52156834093813,154.97085352859483,181.68534444134735,820.775512725089,50.31585456683055,784.6483722467274,832.6666849119722,855.2908328593279,57.345488717251676,47.53041944940851,19.23113037555008,50.367841714364324,82.2809266539653,142.85708196237226,16.135508097374878,135.77844626904954,141.13808012801317,154.6855429178596,119.89028512141181,6.820128304207179,114.36361115712033,119.47136468326204,122.23226508876141
SLR_01_01,8,138.1178893378462,77.17740736722179,88.26303926280315,116.92378268982729,184.1528772327994,797.8482472863838,49.61842062096302,767.438840448639,794.5308259576515,845.9420887911454,37.79615866164936,34.66280086107329,9.76179047618121,23.6767994753082,66.43279382705124,133.37157461277798,15.944251536509224,119.99859127107068,132.36225430507955,144.82362984426175,124.39589740327445,6.528256642935245,120.57251573694916,124.266727211436,127.44212963609674
SLR_01_01,9,265.43005971433354,118.74764237278346,173.10033480416658,233.0938386766633,312.0743537621792,799.6102370393033,59.35604572220608,744.7565849999324,800.1428217178343,855.6622253879871,108.91869601154832,107.80641735233398,27.54715040478257,63.18924673084217,196.1495969014533,137.73531342612168,18.654212578048114,125.20889723336316,141.98185256871034,151.70391590758456,123.62837308269299,6.180979916688436,119.31975728224953,122.90547371497406,128.37616461574544
SLR_01_01,10,325.91356341563613,128.79893278658386,227.1505312833072,335.86997906533367,380.1038465094695,849.6448677914843,36.783550235114824,825.8660553423034,855.9774560089375,880.4128384238669,166.9195112377201,131.64129491856588,88.4648983850595,148.65410248702966,196.9236548381073,146.0487079014122,11.59699753539547,136.6210876045888,145.28568169220208,154.1239952525625,117.09672921037433,8.680842825602522,109.97620092978764,116.32936628079977,124.23763148547604
SLR_01_01,11,339.0636716163157,111.74134127854427,252.53113664735207,309.8214171072564,437.3798768040334,884.4365473918778,21.846561169160076,877.9055616100317,886.3691223750029,902.4793103732436,225.32792816693413,114.14336311296366,147.37536932903598,192.69619952615636,271.59612592036,133.9058423207766,12.805436067065479,125.55229968904536,134.78958246878025,142.85257368120384,111.69676248423053,9.172395173531191,103.3488168497937,112.90394951074522,119.158871561518
SLR_01_01,12,188.5944174147511,72.67981661820696,144.881920983996,173.33736127025026,232.05329674263928,866.1334181317975,25.6279724676605,852.4872242773602,866.2957413539909,887.757257116225,103.04355071003319,63.14507270549557,55.66408937456266,89.65513732797507,138.7939614277643,142.78741770924987,16.537055737512674,131.22197437453062,142.80217058897742,154.31226719972926,117.95971829552579,7.530065246786372,114.86497140606286,118.47926232046945,123.79179044248757
SLR_01_02,1,141.65971445945505,80.04254370103787,88.3434835666596,143.78256910817316,190.4154702102473,760.998377143134,66.64392678406298,710.7441056431245,774.9953703123476,808.107108829715,34.29817061875705,36.803418523755944,8.569930477809466,22.755244000226952,48.09617983496267,150.81817235077415,14.918172638424721,142.9043487611737,151.69429950116248,160.52858371209362,128.82365361074065,8.36117737965508,124.46697253707733,127.78740024726937,134.6008344102995
SLR_01_02,2,102.79561659191936,85.71078979002989,49.5524256722252,80.66480077314493,122.3445338691673,701.1877852980135,87.66402944878627,625.9465368993124,685.8632254572836,765.6303396294254,26.00168657791252,51.45256449495708,1.5778720969581517,9.826883066219045,15.945772125712546,135.54451869999843,15.651428314891938,121.36242430436444,138.69295298709903,146.5624949246776,127.563721383193,9.00265010738723,122.97108801507365,130.54051707058414,135.01924566721704
SLR_01_02,3,137.7728916352343,99.33203917797253,67.27630525516562,104.45467547910852,198.5575785572651,657.8963178281169,95.54595655586157,585.4823233530377,634.3679543859837,731.8357942414336,19.894734267442416,34.60571594405154,1.8589233567743972,7.765021136986188,31.946566099655275,129.40796086136956,23.163017140038164,115.80038949219934,133.65480328013416,146.04554908373953,149.31507774588331,10.523177188739414,140.0172867280146,148.97658077627415,156.6756268354448
SLR_01_02,4,206.70442694506957,88.17685087386783,143.30387689713808,206.02938331031817,261.9013705569672,673.9272840516761,103.990695624199,585.8001302352645,666.552829938413,743.2037407956963,26.066592711510733,28.696649639277403,6.605427852222159,16.53838418286969,33.93862474511528,119.1345687647002,22.405464540899434,103.40366636359907,125.71605292748558,134.89600659072937,135.7355704532084,8.278606363556477,128.27803625437727,135.07364915330916,141.48475959637605
SLR_01_02,5,278.48821991364724,122.98944390394561,185.76508407367618,249.94787975035803,354.8531987472551,713.7071307328848,70.41854082373597,647.4905026652466,713.8493738358654,766.9922095065557,46.22886462466467,41.6491043839086,13.973362093738702,28.46099710686778,71.42430685688946,130.91042168160956,15.15718861013918,121.18147448048825,129.73844754986607,141.60750205290603,129.52384590199983,6.200013267298681,124.91341246184898,129.133043815102,134.06349759634787
SLR_01_02,6,198.35737452993916,74.33245950741305,154.53480020166046,180.91147971999732,259.62922130468075,720.3694890005975,60.94738988396322,679.3595654704578,737.139637580909,763.663799050751,40.78594231327403,28.905501074274344,14.89807991561015,32.66422636705147,58.83094207018321,121.89168001594636,21.615761379291314,108.28823211793187,123.18120029396773,133.98537988937818,121.31940249697301,6.026886526702412,117.79602724091986,121.89748919296477,124.69885324373324
SLR_01_02,7,122.9571303727653,52.36729052441356,89.6884813683719,127.60580464455147,153.03188881919513,687.323483099053,60.25890126861586,643.5922172737112,694.3800849113445,715.9012477153118,15.852243692509349,13.441481622938968,4.0213765070980525,12.521999420920363,26.684871237756347,106.80690364627077,19.117585354498182,91.79198336012935,103.7930992891606,125.52725312538439,126.24094619461069,7.0500163110296565,120.56679819518692,125.85178377653963,129.05807934523477
SLR_01_02,8,118.18588922817881,66.598363462701,77.00516334140845,99.35989218371705,162.1672650211183,661.4291386489969,54.273963062030894,630.8908852507906,658.5583171349925,701.1650975209438,12.113855778657447,11.411587333534843,2.423541844455295,7.999335413053061,19.62076087483172,95.59599101768711,19.274067310703035,83.85273507614059,96.00801211970939,112.5869973260148,129.3825618120745,6.878279721030343,124.37207359409626,129.68892087717578,132.7971296414477
SLR_01_02,9,212.02595344107448,96.09879183556414,137.26483953391931,183.7459385260045,252.0477019397074,657.5044569469126,58.309877048007515,615.3085045422553,663.4919010552744,688.8639969135688,25.46568069761809,25.965270123564085,6.184825692184538,12.559498031568497,32.211237540538654,93.1929237062105,19.72510930149695,78.12659675956374,91.35068772140247,106.39831313192056,127.27515822585512,6.734498402847009,122.62634360781799,127.95394315017832,131.96386718843274
SLR_01_02,10,283.0727342642011,106.58229207982434,205.01749958398375,282.4629639620084,326.19295642991545,701.505834343049,56.25913314224556,666.5305119355768,701.4771211526979,733.5703332759242,46.81105015206083,42.93907925091432,19.358255270961713,31.136654278672232,58.70836866037329,114.48147524139355,14.508797059828275,108.25309382018366,115.40819288699049,122.39298407453907,118.99585136164634,9.36780700912297,110.91300500233564,120.06879506560608,126.18476967235364
SLR_01_02,11,323.72351404175566,108.07619604137756,230.7498480871272,307.52215270846153,419.1089055853898,786.5907697051266,60.89192881115524,761.1527354127622,786.4004848721655,827.4526400379323,113.53676429471247,80.11694895274607,62.03422927217314,79.30563391435948,136.95725236051297,122.83804700442798,11.15006805250091,114.15076514442879,122.83124587106056,131.20048464786333,111.3713180759322,9.103686315898647,103.45829206810555,111.64250746117972,119.05273904014743
SLR_01_02,12,190.3267791433148,76.73850863857248,138.50745024551793,176.09529514440288,241.8789919922437,808.8669740652159,61.445860668989184,761.1747074679181,828.5641543781912,853.9180660690056,70.0784790377163,50.98516437636208,31.33681550932035,54.883856423287,94.43572206580018,139.96409855085003,18.45383141392118,128.5023099222267,140.62153308170315,153.0057126747541,116.2679074687892,7.8119025376507105,113.28214234772494,116.881385381276,121.96208419238837
SLR_01_03,1,148.98709672488965,88.59925869910738,91.50459691286,143.90639668359222,202.4346549264094,719.2054098471998,93.59999185893035,646.1878886540057,731.026740854177,787.4962961220536,28.831611094222488,42.611799319722216,3.449903807111273,17.704666660281863,34.618163916083546,146.82207430510132,23.032456538316914,131.95292406810262,145.23936133040687,163.39056992378326,127.30944783260958,9.280980391494474,122.30121455501596,126.65884792939183,133.65698049011303
SLR_01_03,2,92.42668216030461,82.80063554864667,39.772205874808016,69.24769187075015,116.92487373825043,672.9014783531483,104.39527960423855,580.8226747114211,660.1202570932442,752.8999703265517,14.022596059538667,33.89775804446508,0.5054687557596961,2.612781493321779,9.44328682531339,123.90821328240648,29.857097800516122,101.62265074689671,123.5105192217367,148.47145178632368,127.85734884010175,9.801291611092118,122.85275984365116,131.06009939653626,135.89781246421083
SLR_01_03,3,115.17513508125333,89.76611217781853,54.23215291656655,81.4586443215703,165.13187588646056,619.9063545044548,94.10162094855568,540.4952320109819,595.77461245514,685.8278398483526,5.003982755885733,8.579118687530741,0.5257398152009909,2.0516038263592655,5.794813844626879,103.87959285001767,37.56502666147812,73.46552068960668,115.20320131147015,133.8447458443547,150.58379639761174,11.386551690922884,140.08459455503555,150.19401355963117,158.798978714427
SLR_01_03,4,173.5294414022419,75.76598464655517,118.45963549576058,167.004040033694,212.3800911888256,617.1301208261364,90.08555853549967,545.3907624769224,600.1394833320919,672.378530641815,4.44873432984055,5.042325211863303,1.6126222975892237,2.619774910506424,4.7149572198078715,100.53773604037073,32.98828509732737,83.04807394481654,107.92925498958944,122.63348214825456,140.39619259352236,8.597899649630369,133.29130458413144,139.81244339736037,146.68280264823088
SLR_01_03,5,181.36809913812783,79.08504124804205,112.31588515630801,167.1197290443721,232.97353697880547,620.3313909902016,69.14098963417435,567.504235632629,608.9593174823207,670.8827089443577,2.841329496532356,2.1891409867342837,1.3310941462149342,2.0794347566012163,4.161117796091631,107.91983276626212,21.161512827920955,88.72095788230908,106.48942516410756,129.924158496148,138.05464045873475,6.694393635274613,132.95230817427495,137.73311849873312,142.30901639635556
SLR_01_03,6,103.34139903448529,39.01113663564985,79.93858533234922,94.3848960967228,130.1017002015003,585.067856264699,51.014100616327894,551.9383636189871,571.526852868813,619.1325380550998,0.6594006342767235,0.7966480847543772,0.2960901478051514,0.46079450779238335,0.7691517043723898,72.48796812617306,19.995895535458978,63.45432899443525,72.19521363564502,86.12730373532938,135.7022233148431,6.802609318664882,132.99839827111862,136.4230372145589,139.09684130638345
SLR_01_03,7,71.75983327315595,30.971900630713932,49.527985613657385,73.88860543365548,90.9472293508717,550.8652626862981,39.992284702712396,521.3387686339036,541.5100566964287,566.5516436953321,0.35045506513315794,0.32852224953608195,0.12525390137981915,0.25474654739641234,0.45289463676104913,49.48106584767363,18.059209688187273,36.859015750763795,46.63634796071158,65.39369762054179,143.474785571563,7.861791465724183,138.6339375690054,142.99120196655053,146.99589327767757
SLR_01_03,8,76.10752498818054,42.55692617177402,47.550125859555834,63.634262177630944,105.83165121366324,539.5450566217237,31.075219068680592,522.638114693648,532.9451227622935,555.8457586863295,1.2009887661818435,1.060069081787002,0.4046166758490218,0.6827127984904591,2.150812007453584,44.18520504123189,15.508613159241818,33.18664320920322,40.94752793682058,54.46409456814487,143.72438855069805,7.448847732336661,138.08683670475622,143.93559649528953,148.27195230988207
SLR_01_03,9,120.04897754176008,53.990271602196295,76.94683436784283,108.31529847807977,141.4845809385195,535.7521161700587,29.661340739347814,515.9179135091672,533.7461583555045,548.2783746299446,0.732306846138908,0.6997730583660886,0.24938869766321195,0.3720271218151354,0.9386278648558488,35.60515955472332,13.156773787183617,24.943311938386326,32.3586754793201,42.143907605193576,138.64692252748685,7.510624828847737,133.80902988962865,139.97215090264905,144.06982697132554
SLR_01_03,10,222.2476729781642,77.82910778157029,164.99113097205463,229.9032476815006,252.02843486172992,563.0241670095768,31.89242038697827,538.3356241281208,551.917965542898,585.5498268455606,5.184507505377088,3.74950128150397,2.7342377577461567,4.06143434177356,6.491557647309779,77.94736470439419,14.454596743437381,65.80400028563821,78.20645922259368,88.02946342954638,124.71527005160559,10.11400428816832,117.04420542827332,127.2763132005683,132.195726934788
SLR_01_03,11,305.2191456334989,108.51530763888057,213.14805242996732,295.28800626541897,395.3328825626442,667.6131336976572,70.01117560615303,633.9372212797196,654.7510112676348,703.9357179777995,28.906244430928858,38.35686719863254,9.03742217580525,16.36419198707764,33.02580100816227,111.47307622501359,12.43956402419265,104.45128696911615,111.88885832097577,116.89393018330382,112.91602548821416,9.334221177733424,105.25475037440683,112.42621659079515,121.02224977862085
SLR_01_03,12,191.99133466546644,83.17815980480889,134.84943831266335,171.86311434040334,261.10926766920284,740.1976618518258,93.63431689414995,658.8228908594768,770.3605735833846,808.4856073264812,35.03402569792002,41.235210112070405,11.551048759885475,18.220721423085408,34.32220206071123,132.97819422788086,23.676044266925665,120.28519507340172,132.29355801599084,145.39872369659017,117.70016167860551,8.11720338564789,115.37469147934952,117.89715039442672,122.97060815044945
SLR_01_04,1,152.7766861,94.32972908197144,92.347155,143.914485,212.19832000000002,698.9265973333333,112.70002111166662,603.912415,699.4397575,784.4049375,63.11814453216667,92.07271493474958,13.086119875,33.2639255,73.48557925,139.40225383333333,22.282948884935948,122.2125925,139.99040250000002,156.97865000000002,124.1992218,9.255758612592357,118.98397812500001,124.26223,130.07622375
SLR_01_04,2,83.95398216666668,80.06453171235724,27.859198749999997,59.929699,113.26610875,695.5422021666667,140.06706447975844,579.827365,693.7531325,802.196825,36.48911197341667,74.96190635011403,1.0742140975,6.202511325,35.705521,136.91244328333332,24.14761115184917,120.154541,137.2160925,156.90742000000003,124.93668389999999,9.231554643051009,120.5617775,127.2198725,132.505115
SLR_01_04,3,97.7975334,82.18280227539375,46.36228625,70.062032,147.023905,627.7092345,138.24806189981152,516.465255,633.9694374999999,755.6879050000001,6.315985882133334,12.416328201008891,0.2729307825,2.003777575,7.3559673,127.38663844999999,25.43278569046132,111.45028950000001,123.9438585,149.55953375,149.556826,10.851834434018233,140.76201125,149.70889749999998,156.86554375
SLR_01_04,4,148.06020073333332,67.4552008413622,94.25932375000001,141.8383,197.2159225,588.9656078333334,132.69183900905617,470.453995,602.4340175,695.14200375,2.592582532216667,2.476493537162203,0.9743293999999999,1.766774075,3.4803119125000004,105.03989008333333,24.043551801395708,86.57390225,109.58484399999999,116.548473125,142.37805250000002,8.47107666233417,135.60700624999998,141.8299,148.5028375
SLR_01_04,5,113.13785443333333,51.33285965278196,64.5928225,110.825883,154.23147,565.3220888333333,110.98846463212173,469.02766375000004,575.696295,661.4870125,0.89889938735,0.7468969352855745,0.37234727,0.6734317949999999,1.2367770375,100.79572931666667,17.486450603697655,88.68347150000001,100.8741675,115.447715,141.85070499999998,6.938712174181122,136.37152125,142.52686000000003,146.04459375000002
SLR_01_04,6,37.935218283333334,17.218177992190004,27.997155749999997,31.42085,45.8870375,514.1085181666666,93.17285935294431,429.74945375,514.8457425,586.9855025,0.029722187687166668,0.05768639482983221,0.0022446851375,0.008838680025,0.017897449625000002,59.97045190000001,14.195353682025551,49.4383995,63.66559249999999,71.361704125,143.717385,7.110111477885466,140.63914625,144.54587500000002,148.416405
SLR_01_04,7,35.8464997,17.139140712192027,21.1708895,34.764499,43.7844235,471.15029666666663,81.38829091717086,398.93135625,469.1430825,529.5658987500001,0.15404190817166666,0.275736653676584,0.031538309375000004,0.051211808250000004,0.133450597,51.54862551666667,12.487021135855839,45.46427475,54.21815649999999,60.191305625000005,150.59382983333333,8.117374245417862,146.01475875,149.371485,154.08783375000002
SLR_01_04,8,47.259475683333335,27.492804184900773,26.10863725,38.4383075,68.3140555,449.4786976666666,70.96977143214684,388.7778775,444.7898,504.37038,1.0519422325166665,1.8157824268562384,0.17402376874999997,0.539596875,0.99430909375,52.94970645,14.251678916394933,43.221912875,52.84338199999999,59.273343374999996,150.81885833333334,7.006777774150908,145.53355000000002,151.4321625,155.35722875
SLR_01_04,9,56.83623793333334,27.303613296551855,34.34335875,52.47656,71.9071085,429.3842175,64.36083542796152,376.34319,428.0767525,478.52583875,0.06534529248762963,0.10632730998630749,0.007615891287500001,0.019909529,0.064551426,28.81864626666667,8.978420769638992,21.386885625,30.11107925,33.646981875,142.54483226666667,7.3816354010546865,137.94671375,143.67129999999997,147.72309750000002
SLR_01_04,10,179.06044686666667,60.42609905152639,138.5463225,181.94112,209.036415,440.2688851666666,60.539439816644425,385.843265,436.8560625,485.20675625,3.1753636280666666,2.4891980048803393,1.5672128375,2.7420852,3.999553,70.46463431666666,14.98775411408198,59.087278125,71.21456875000001,80.41502325000002,127.34211198333333,9.698015538844558,120.08396925000001,128.75530249999997,134.57635249999998
SLR_01_04,11,290.40556533333336,110.99590576116096,203.9867875,283.97659,375.806775,540.2528793333333,80.66391286883201,488.75138499999997,534.37003,586.74286125,15.325949836666666,24.856019159676222,5.451420499999999,9.087542075000002,15.936582374999999,97.40887724999999,13.516129591302855,91.262544375,99.37555499999999,104.40051125000001,112.11763293333334,9.280409349818159,104.80893499999999,112.07528875,120.2500655
SLR_01_04,12,191.7006996,88.96919751084064,129.6007775,163.37569,276.530795,650.867489,106.78838452972748,583.6213825,646.021745,712.5452274999999,24.248259915000002,25.0970359130043,8.952577625,13.6719855,30.58229975,116.1836636,23.274190135010016,103.08302125,113.63859000000002,128.01758125,113.95505958333334,8.147030368456926,111.81936687499999,114.18207,119.75349
SLR_02_00,1,114.57209559051175,62.30787067854415,74.08447965458356,108.3564092615372,151.9208359508289,802.2083458714078,46.086089904051434,768.9752782483836,812.44261178328,835.5987999285237,14.248116002973394,18.77419264866468,4.511061132898292,9.617498901065911,16.242908241760706,159.873305824809,13.887895831425832,152.19803989472803,161.65009529663325,170.09410969525223,138.1351338452015,7.472146043505337,135.10574207984118,136.4929806911403,143.11339619671617
SLR_02_00,2,98.97037592112623,85.98678355727313,41.38785581738623,72.81078900619292,122.40262435529115,733.5970739393815,69.57276814736201,672.9651357569628,716.0952614902847,770.9000147013794,15.97996225427943,40.23907067487227,1.3252711958786647,4.287418967653553,9.628959910325225,131.10509654835332,14.116106245453958,119.68014500123049,134.9982198604315,141.08429314854342,130.87199035324872,8.405596334731056,127.27499171887584,131.8985996596482,137.15307773878916
SLR_02_00,3,141.96217560188964,104.53736881893315,70.18131285871118,118.49390098923513,182.37796597028586,694.7277784665306,90.74101953226528,618.4466180666071,676.4045510724668,766.6719625983749,17.273112497978193,47.571036949948216,2.090426234788528,6.230706650945578,13.06801570155542,127.60767345822218,21.96562754032651,106.72070614245803,128.76871977246574,143.12680577922,151.62162881445394,10.159816022245442,143.3920948876459,151.10715793249975,158.67743429384777
SLR_02_00,4,254.29534019892583,123.43476904273315,170.6110904828282,242.77965838070247,351.22083335092464,735.446409412432,105.87339879435486,643.9205927282361,760.4438546370222,797.1985751076328,61.39592154168623,98.86904870231793,7.249238193080826,16.65894272647514,54.75300741384266,123.32238161317133,27.694444888511626,108.19067713870794,130.3390073866861,137.42615626560007,137.69574956785638,8.561249012107604,129.6349024547764,136.72762197165554,144.24023300640414
SLR_02_00,5,314.376258136821,120.51351107066286,229.57692980166573,287.8156697185615,385.99623621953083,810.352845848382,76.03905177487061,765.8692625615129,839.3209616526244,876.3319096409671,100.42752059470702,96.5948828922278,28.091095374286837,75.4086605134022,136.3434004325845,151.10940413890452,19.796024107739253,137.5370081776458,157.05837696314245,165.25265226550007,132.4252050720366,6.27985267660655,128.71925153543194,130.40022344802472,137.49842643880467
SLR_02_00,6,240.5814630771762,86.92669342980977,173.3900164784479,240.01606533035022,313.073313482291,852.9691138662181,49.09124253433248,835.6078520898787,873.5934662894176,885.957945638298,115.24037473951738,73.76218974375602,78.00631869714059,99.7745157916018,163.0226043428544,149.76041395906324,17.036525589008793,142.76939418000785,153.8205454092785,157.98270735467034,123.87200151460435,6.014902645381609,119.97176313704344,123.87326710686943,127.01049624847187
SLR_02_00,7,153.6003906888574,68.4026011091392,106.45753960419987,153.26700725299403,182.83943315182324,835.3344346726129,54.452252541627374,801.7046950573006,845.9403592303397,875.2894796422244,58.1824317793498,62.51506882976063,15.977508730758272,37.980027820315605,71.17129326031335,141.79059748143257,18.762660063177098,132.73687214562858,147.14088258939526,152.97658971385601,127.77609972182404,6.740152347401171,122.14626037069385,128.11249043510708,130.33038515154394
SLR_02_00,8,131.6291271793142,68.878220271637,81.80835162052878,118.2743622524529,179.81325820856486,813.3446092042713,50.09903136958779,786.2446943564853,821.1436973525281,856.3396196269512,27.44027073281613,28.291453501917104,7.299844919119275,12.537957137921552,44.255314048330916,133.70443536918827,16.286838423374654,123.9839395110632,131.30983493768585,145.93082831885022,131.39034654997744,6.570752438918494,127.75726529466789,130.1107758015482,134.29466001149422
SLR_02_00,9,265.183393340263,113.66683714972122,186.08336113994207,230.79005884597302,319.53063054251135,821.8169549534337,55.8503024233823,786.0604565725031,820.3063968222807,871.7678417922466,97.51131056615064,93.27866324916319,25.465511996345057,49.938718413561105,161.632452773289,141.70288433477256,18.39692776686876,136.89331278426044,142.67125600712848,150.72321821874377,130.76158835163756,6.308459390030487,126.40551733429669,130.5352199412597,135.27529971525075
SLR_02_00,10,358.44990051969614,145.83637622747466,255.49116901142486,354.31125933558576,440.9828639970533,870.2841289366473,29.96811741487238,859.5795305409962,877.1116014150973,888.9852592826131,204.94435794740127,154.03871759638645,108.94229415840503,182.9988645003246,268.2506948192873,149.16474044690412,10.355344503692708,144.4668672453667,148.45907995933914,154.7075820113409,121.40099728476989,9.089756064590008,113.45695889868657,120.28460753462141,129.33265371968557
SLR_02_00,11,344.3509525691131,119.82378834807007,260.61562772156503,326.8523809007488,424.40911564636536,890.9059843700974,18.705331842981305,886.5950302777849,895.2052814530521,904.8239136532941,223.38435843154653,124.55167693896836,137.0606000597881,211.64347276207812,267.19209242361285,143.02496373895983,13.890648461761426,137.38606459442718,143.71623561072198,150.99618520844416,113.67968252131301,8.852374498916012,106.15898806039313,114.92170478527994,120.61926425393034
SLR_02_00,12,178.7176428794464,66.42884309568917,136.00546390704258,170.81400547174644,208.59861506712534,864.6263978723723,26.19477565000719,847.53249931461,869.5889546673412,886.1830516154132,66.28146075296316,55.37065612573607,28.38771073981549,47.45102008587941,89.26498086153401,159.24997804403156,18.70936479401169,147.75138239830727,158.2354790576171,173.29026581048072,120.4794490206717,7.392320219809177,118.11317441620287,121.18931150966544,125.81213571749157
SLR_02_01,1,129.4786124291277,71.497229436257,83.35945438773419,122.93386565725994,168.02563604176584,814.7492166542963,46.63350022117677,787.3935002816495,821.3398194112463,854.3523596454609,41.213711503364465,40.985505395775924,11.80185283065573,32.348266547961536,55.72688220957799,155.62782937362104,11.35154826288545,148.5569455614077,155.53928307413383,164.51612367247466,132.12550578487242,7.712959995564455,128.6619409341645,130.62190580466233,137.40554335284466
SLR_02_01,2,108.43243032818978,92.21012269968529,46.96728614454027,81.45898854166515,128.74544657484407,753.4239393825579,75.85058175552533,695.2789311450356,738.1839368592306,812.9340012822959,36.15256630286664,72.16533640949092,3.555196243164591,11.029468794243005,23.859516208262065,145.3801526961858,9.310013758729731,138.50913147020378,146.94818243142402,153.24536122269473,126.99379739004904,8.946440046515244,123.01309063681055,128.97924490446638,133.58963500485726
SLR_02_01,3,151.65144551625775,110.87000567877888,73.39776355073745,122.18899305846696,200.8860303076773,715.8848619470617,101.72011318535701,624.6003752572576,707.7352359898073,815.2544686117429,34.53770223252532,77.43915467400582,2.706355890556716,11.381229205524225,33.39316310757979,145.19445944068931,16.758830890504395,134.17146829900835,147.89532845160187,155.81645946312472,149.46311303656813,10.282942698146854,140.62763633734636,149.46946398540513,157.45344423185819
SLR_02_01,4,251.53538411688297,115.97974105776532,171.05579373524574,238.19854570851558,328.8294343551393,759.8222952662308,118.90568557301881,672.3778959335579,782.4053757465872,845.204195262121,86.60642632738134,110.37808039770488,12.692269032761024,45.13916275970351,76.34007558802776,127.9625709693812,20.416097082153303,118.6572706276707,132.72911417140836,140.32368638049593,134.39211789336474,8.700673654063175,126.32792847742635,133.70879054666156,140.65810215666096
SLR_02_01,5,318.27592513932785,126.07993798090175,234.8403924957285,290.1549290061675,393.26723798267284,833.534060918562,63.07609788636343,809.5269867852799,861.099007046663,873.5443698843437,181.2004433886236,132.7653268295782,75.95572745594129,165.89493452610094,238.7091978262213,146.27188879717505,10.718249685167937,140.36166313260094,147.93136082116095,153.3226984119811,127.65270827379783,6.209274667125631,122.93662591691837,126.53721617364745,132.87917673388603
SLR_02_01,6,244.82414634022098,86.51676651445233,185.52793129864327,244.2383734980292,315.0325800661067,861.760257397689,31.923871042819254,847.5792405042578,868.6465985709679,885.1290776523514,195.8100267950818,98.01158704613937,119.54034553859299,208.11721475300004,257.79942481605326,142.5253544804719,13.807781708691142,137.19488315295862,143.68727563986835,147.60827899436276,117.5870911164912,5.928783631348496,113.85618152169573,117.9653367689211,120.72986448111558
SLR_02_01,7,156.2415895247332,66.68495563691084,109.58336558718756,153.6766562566061,186.93069095502233,841.1061997732755,41.62203936731071,823.3800476221151,847.7602616758512,878.5821898031571,86.1835944706662,71.9092644553172,37.6802715014497,65.10699075760179,110.38423239558351,138.80464719638948,11.823346310143156,131.4911115770962,138.94344500363974,144.9962536737401,119.85243513235494,6.764404788496926,114.5221622070842,119.98921476518744,122.57593818455959
SLR_02_01,8,136.67240109367734,72.25882218323247,86.51599543737474,120.46613941476355,194.03558455542998,827.3838517708633,36.83438581124151,813.2118682516864,826.4025455169831,856.727767737295,55.90473617810515,45.47897458686808,21.051026482201404,40.3070361040632,98.1135477024257,135.99167025069565,11.352759359869056,127.44375648084724,134.98236030631884,141.95058590305723,123.73392586102827,6.693018256633181,119.23235345468952,123.28592976989572,127.0568542313988
SLR_02_01,9,260.3197068963796,111.34956943938118,182.78816798444373,227.7002248384001,310.2697051104325,835.7117444731363,41.566668012225634,812.3803910677385,840.7195750070662,866.4479592409152,134.92381470244547,114.21091828672067,48.24176884284854,82.0541552357542,213.48842601048693,142.29222665933284,11.015677033047123,135.78293044892345,143.49441142421279,151.7948545255223,123.73824227055475,6.403879432182026,118.71140509234851,123.90258794389685,128.84200232197404
SLR_02_01,10,346.12330174192743,136.60058428148224,244.73328192873893,348.8509470989395,419.03407138031054,875.8329431529147,20.98618843403727,869.9570352540936,877.7940119701811,890.0979135790836,254.47313346350927,158.82878596067147,157.47602041092057,237.93459034860433,309.994559788531,143.419291614317,8.195814860481924,138.63065353784637,141.8113955501458,148.11347721039,116.40075455612168,9.039242339152178,108.36246017339886,116.00569147309662,124.41378647215228
SLR_02_01,11,346.25707670101514,118.65552029143082,260.8863781055709,324.3189400935272,430.4313216340386,888.715895868563,18.297725193773086,883.6397090486143,890.1855148759191,902.1236815012533,260.4153059872616,132.06983998869447,160.62847519885125,233.16918893670487,312.99467938487487,129.90114112848997,11.914445746317206,122.99182711119451,130.45559005929624,137.0700593487641,110.57359882368489,8.71925600241176,102.90293251872802,111.64312407091174,117.31338692332412
SLR_02_01,12,190.1775505842637,70.82762784839153,141.29174830135386,180.46690149239305,224.54441647099964,863.4384781135597,24.873688150646522,850.6624159743789,870.1706295496838,880.7018013874605,108.3954062873647,64.19349939507353,57.1771092534151,102.40311097169457,134.05375235957857,144.43043730313914,17.454572689303475,132.88238370647161,143.16000852384204,158.77584973708076,116.29659155278824,7.389764665242093,113.37214657089905,117.41868398050934,121.68731759179141
SLR_02_02,1,148.4821504516929,85.61343777031331,94.1324794928913,143.89958726318847,200.45780530032144,807.7410423114931,44.59287036602367,773.4072198921932,801.8149146448663,842.6308979053099,49.81301381201306,51.98556083033971,13.579453410092793,31.397865108239905,73.38223518672645,136.575042856611,11.612175193527788,128.0636280229899,136.80097228178602,147.26039653739053,108.07129982123124,7.354019941769352,105.23424819227797,107.21110869348036,113.40585977836528
SLR_02_02,2,110.26965179427398,95.91506130880971,48.67211729999276,83.79207340252509,126.79734483389005,747.3213071097302,74.97590635606205,685.5040183599517,736.7637395351405,802.3857242316209,35.797946301087926,74.03053011898356,4.319199584623812,10.88197216013099,25.352185961471996,135.33317225971751,11.288987934614871,128.04475517084518,134.30056840471863,143.6605329274447,110.42619508069012,8.620063526540156,106.68161324986154,112.51523429509257,117.35006886211033
SLR_02_02,3,143.45465187730534,108.67956591988013,65.7728850489739,106.21095363514024,198.6934863496372,700.6207406658286,95.26198747839071,630.0700643711062,687.8652800307079,785.1453726819109,24.416180428491803,52.94561327329874,1.8599735791777139,8.454654163264003,30.02208463879097,135.24463688144098,18.27613380716378,126.93647634484537,141.28025748993278,147.8171604133611,133.77448996317366,9.966655173907899,125.05556244572705,133.3578952918552,141.06410111440726
SLR_02_02,4,223.28057886588056,99.27819370542434,159.52362599369138,216.88421440845977,283.49366863323854,729.1702897815511,112.62176942431773,637.1459414419725,734.1865346949817,823.0043340242946,39.04262776727551,59.846160236803385,7.555133461714712,18.22320312989693,39.80474264538735,117.15090238500872,18.20725273011821,107.94399279843513,120.54420248418498,128.11845882987572,123.05124220067108,8.05732686066477,115.96769451888859,122.20387671872805,128.41204294362475
SLR_02_02,5,265.56237871115457,107.18538393171248,185.22358945046292,245.77096940423047,328.0596225756443,784.703968108151,74.33343622566225,715.645370648871,812.6200949468684,843.4291952249683,69.9675591316083,58.75050357761354,30.650844901747412,53.44110259014644,91.95555224626504,127.3109436066777,9.97732705850326,120.60869184853378,129.75756992199913,132.33960042499828,118.0615371787613,5.751371346937651,114.11144926930443,117.00943002848359,122.68270961223737
SLR_02_02,6,195.8946037250917,68.67970187200947,155.0328015402941,190.71299260184426,250.13847750460863,795.0169689357788,43.83224684456791,779.5135383016454,801.0958207319221,821.3593083241904,77.51391036601702,40.055976650771804,45.23414261816439,73.08957181126743,100.29360438406201,121.19783047255528,12.851506650740953,110.74433513160459,122.49899411616974,130.43503207623272,108.98532406329618,5.549876224497134,106.12935581095364,109.48521885439705,111.9674621947097
SLR_02_02,7,128.73866575122048,53.39263472951059,94.99914661376012,125.79408837851722,158.89472104757766,763.0069932091938,47.25337847703737,734.0309612430852,770.6619984583615,801.4755175897437,40.54805493364693,31.201177461272252,16.467140482716033,30.863391750070868,57.1065420982906,113.73396408486572,12.77715773728967,106.46118697157792,113.00755795833561,122.37510422820071,110.61208297489846,6.359327533249853,105.93290424147398,110.31449486604897,113.3638568088395
SLR_02_02,8,118.31203819775251,62.326923918447996,76.42044550838025,103.99825709605695,164.67251600831733,740.3656034332183,41.78862994664156,717.3812400524025,742.0082387688147,766.8306536806981,29.504764408493465,22.31137721086157,11.65948374247651,23.22350499123129,43.728280972174595,105.17381411833826,12.299049390001732,99.66016795369197,106.33640914639196,112.54247801027688,115.08816883825156,6.180708863863432,110.16687501365959,115.03357913541728,118.02343394437858
SLR_02_02,9,208.00121167555895,88.44282285736439,147.95708620703417,185.11219060026215,249.02103209580451,744.4530833643427,46.700143711523694,713.9949604282385,735.5350299498524,779.1997300139273,50.10694024496366,41.331896336638,19.83344376995424,35.94947776726473,76.57816145381273,107.58649775883372,12.723847048138964,98.01730836221421,109.28681772462355,115.65657264128852,119.59150991599762,6.063430014544783,114.89413392611164,119.80664023136421,124.17574230958986
SLR_02_02,10,298.3496836054262,110.64044561774021,214.92928703909843,301.76486301909,345.035851523935,793.6965220575364,38.91165502247854,773.5505337167808,786.6521589368003,813.7183389758113,89.07495560551206,66.97740624843433,42.66886291850349,74.49127390014405,109.35805616879165,117.40123962881604,10.138866176011195,108.9278751252617,115.61849937072026,124.08464317273561,110.22127481438527,8.111568267951,102.95705178263736,110.08768578279322,117.52296227416764
SLR_02_02,11,334.65761193702104,115.46990141496866,243.5460796812716,318.7965007668854,410.71596808150844,857.447958765056,32.02474400464117,841.1002655402785,862.6764830289037,879.3349388367187,170.29410079612094,105.38957678887675,99.2734612728951,141.5505936334043,215.09303627403062,109.30533906883299,9.65088154797131,101.6460514246944,108.97284162877193,115.22087101489714,100.3181934345436,7.744506473108705,93.68608525517278,101.28781371614065,106.60344910487086
SLR_02_02,12,203.772594360804,79.38208796421324,148.47828486403338,189.65802059402088,255.26273457568976,851.2474559073866,30.312907922989034,836.8513322643804,859.2633691203245,872.2957913980939,109.52940052185524,59.779945287168566,68.57189345965404,98.5904703919696,146.333777341857,121.56414214067375,16.426292554854776,110.18554013881602,121.20467644742354,132.0116290022441,97.61076488162901,6.78653561832201,96.03801825465656,98.12792824021216,101.85284660058575
SLR_02_03,1,164.38976870523268,100.47139384413863,101.82608954826904,155.15700736597574,227.41616677690354,791.4125275687828,68.79272192404493,733.23054197557,797.3721842694822,846.6508883216227,70.08701370608152,83.03804236925654,11.344793071293386,38.362686029053094,104.083092498765,148.8745854572438,16.00010472646203,136.20852563382311,149.46697675991658,163.37167256616226,116.11432361129226,8.841346233694205,112.46193336265522,115.17775565269343,122.19445705570925
SLR_02_03,2,99.95565694415751,94.06673894997715,38.51973713002974,71.79942755865795,119.6726720079863,732.5721235262168,94.12422589855485,638.3045683130633,719.8100246088818,814.9074494932669,34.05522598488398,70.8159872066387,2.250857133084325,8.773355564477262,29.026920072305803,145.86394859619702,16.9517404483967,132.716763139128,148.31118567070934,159.3306779852001,120.94633502525296,9.894103474732518,116.60055891267946,123.47946246854966,129.04829580020376
SLR_02_03,3,113.37134207706126,92.86925742460245,51.3973717759328,75.4303070248097,159.72554360766057,662.9738689893381,103.219339031071,577.9018019527023,626.5915731543869,756.9031596622003,12.74100161500099,29.395432955596732,1.0801346820063857,3.66131954760122,10.871981966425821,131.982552909166,28.9302875892112,116.06135578626304,132.13042941485736,152.3503464983748,146.64387552828686,11.25452646800943,136.75732545211386,146.68368506604992,154.86163180348711
SLR_02_03,4,173.9158204210884,77.66522256235301,118.26879708256543,164.76676367441058,221.64296141069775,662.9141199143311,107.02681869708199,584.0538271862301,648.1849897059371,749.4588514001791,15.945917590502406,30.49709465648426,3.8257987998450753,6.187238471789154,12.914289587023381,118.41693716699676,29.730612245339138,102.73158960031057,124.94034614019515,140.14485929592038,136.3246072795843,8.932778295675925,128.81722827052485,135.13436741481547,142.30477822620747
SLR_02_03,5,164.68838220243563,65.66636979736892,107.07892472135237,157.9302033342713,202.32994444843476,683.5871592163621,84.72447300299187,605.2149073607769,687.7401284652458,747.9377467838102,10.799751339861166,9.622017219409344,4.025992319631023,7.923214881175205,14.360041197287716,136.9189535719802,18.322202908708412,123.95233334883062,141.99089885159813,147.79353553290574,138.80365982696378,6.702415974248256,133.04520848890309,138.83128653257228,143.40388564361473
SLR_02_03,6,96.96719527273895,34.48878757169258,76.43153524074444,94.14404133812742,120.79091376516774,638.3140648140322,63.46874588419481,588.9912302690398,633.5017488240753,692.1503815403248,1.393949603071064,0.7176060341521053,0.8689161866082199,1.3371138925181998,1.8278323915932306,99.53952158807752,18.796386145661824,90.81346738267783,101.83114625099503,112.39167846529637,137.64143753493892,6.969742122584077,134.20219736611892,138.91967979723296,142.23703915022347
SLR_02_03,7,73.60506552424222,31.345136432384244,51.65823802578087,70.22713463705159,92.55625368594615,585.7810348530252,51.927500383436374,543.4712281287452,579.3730194107807,621.8412903975956,1.0964523155340549,0.8589372715118582,0.5506512586693426,0.7513311054823066,1.4303760717386487,77.16590939494479,20.619187189095967,59.82624949637857,78.53706073094588,94.90052284465791,143.70368141152008,7.748549580800321,139.81041589075994,142.7195803496518,148.0245090921194
SLR_02_03,8,76.80268464876472,40.053034775944866,47.01096860124179,67.00569159269071,106.97482461169908,562.4916586543779,42.17027183601922,529.7623258905967,554.2076166020413,587.2030365783237,1.8035893789609105,1.6325360175163883,0.6331602468014854,1.26120322046318,2.503321848403013,67.18909243846554,17.89967711342433,57.522035543936944,64.81949747312916,77.89960083509209,146.40008022323534,7.192943074181075,140.87746730148183,146.54574614372862,151.19274650269398
SLR_02_03,9,120.7564172172758,51.10315406038499,83.85088238641288,107.04155746129305,148.2945150771861,556.7554169000363,40.604487323331554,528.8361552564609,546.9719735022124,574.7815672003112,2.4550009712898957,2.273764271534022,1.1537521856708608,1.6666698167778307,2.922542700910331,59.61112681489248,16.500405477485355,46.996349701735824,58.10675466113172,73.7509394709878,142.97402066220138,7.501363248399812,138.447281645482,144.05932836198212,148.65886224798265
SLR_02_03,10,225.2261573601732,76.9866004367116,173.54820084043286,228.76989254733448,261.7360838225248,604.9035239017426,44.475113758676564,575.2880323447082,604.5776806610714,629.3293164931259,11.723148340701524,9.763098129336187,5.6121261016986725,9.846878609211199,13.439664350104728,100.28042265426042,15.174537455182884,92.11746588134483,102.63476239546853,110.49156818814774,123.64344032358972,9.526404008196662,116.28261963095522,125.04967445120599,132.0961961810406
SLR_02_03,11,312.41155722395547,114.04460409027489,214.14850489237259,301.0113017517883,407.41276220607114,743.9004647236218,68.1958599735702,698.8749186509237,742.0317059304151,788.0084200227308,77.7245992570449,76.86429877049359,26.951325834924674,46.066232641308254,121.81732947604459,114.93425998242223,8.53457219055788,108.66797735332163,114.94618680709229,120.5022467793851,106.95515723936018,8.613818959301817,99.90688701195666,107.66279213978945,114.61915400110641
SLR_02_03,12,214.95381485846,92.93683670085241,151.17623708186133,187.93450950457805,299.7716604725359,813.7617734185895,68.4924395110476,757.9333961493309,828.9947726525793,868.712482778099,105.26411388435739,83.16487753836849,43.3774333599208,81.88607743899253,128.77692314412062,130.7853905391674,19.445710126406574,113.593877146212,131.22636962053332,143.5107636592547,107.45562380496298,7.849531919983045,104.75953806257394,107.92398263975281,112.2218091967381
SLR_02_04,1,174.43116730082863,109.85333055843162,106.75987152059793,162.58570393596568,240.13780848404662,761.4795462703389,102.01437725317756,688.532999570516,790.5106663367663,843.2573110918289,77.67070328773562,103.18832446649643,11.162628438388197,39.49388414935345,101.7289471174787,139.1356279561917,20.655067723499474,123.98434365866423,138.7235146901329,156.44717249567978,118.95633460312051,9.056266797403616,114.04046407552181,119.23295724730133,125.36180131964223
SLR_02_04,2,95.95567572055066,94.90545194795365,30.146921449619732,66.98459560433494,118.67014359802093,728.3927613647928,119.56431566825756,623.9251024926019,738.1112881360445,823.4572979333554,43.46616636129912,86.17121797338241,0.6742758937331775,8.8423216566863,51.20297958843237,141.19775239273926,19.86924693645281,126.16057124596304,146.55447910256726,157.1950714262971,121.27745250781533,9.250261340678678,117.45314290182719,123.36579289597609,128.43884437641202
SLR_02_04,3,98.38646320082836,85.68957506558222,42.926332989596816,67.17897281623684,142.32135944282993,656.2456925006111,123.98121253875776,573.7862125058663,637.1204135608856,769.9326241264341,7.357031597391834,12.829074741209858,0.39563966887331525,2.1322288338025484,8.95823487613772,130.71113614555748,24.555300151663523,116.05555358807077,132.489126916833,149.56945345651127,149.02157120694457,10.690480443916776,140.28513382317965,149.31067864379725,156.26622432101476
SLR_02_04,4,149.358614560494,68.28756113790409,96.25376806254687,142.59775850828203,193.18777699395463,616.3780565821506,121.21471228448094,501.94935791089586,620.8122420497004,705.5698136929475,3.7848815989748865,5.644933298527835,1.1080181323205578,2.237832323468561,4.206233093983752,107.71158820026994,25.888723997045638,86.24242238886728,109.11044366196313,123.72795961730256,144.31725993986208,8.797127353059391,137.9128760075884,143.43528271978283,150.55206157718922
SLR_02_04,5,114.37018620132515,46.48731276854903,72.49474325281538,114.34058603859214,152.61504050163708,597.1700331653699,103.19220784180175,528.2888342387306,608.736870035817,672.405407924983,2.0294036175431875,1.337364387122373,0.9914797916702891,1.8328470291380374,2.907684766127263,106.41125552824101,18.139670845270675,93.85498087377593,107.97583979927359,118.55882164194195,148.57005258561156,7.16469689773188,142.25371979919396,148.57726671630914,153.04051081124558
SLR_02_04,6,48.52432871849362,19.20540406183747,34.742813239416776,44.99216127756887,58.754740618421074,545.1062605104722,85.25839159598763,486.71990998025564,555.4164657955946,611.110993203954,0.1023272998518317,0.1383066758295688,0.03092008362036893,0.050359579852065954,0.13506149872575782,66.39205457553489,15.65772893739106,56.52807834966599,68.68644393245498,77.82168549379676,150.77581292988882,7.378669199165608,146.55313689052565,152.29309445901862,156.2786376085234
SLR_02_04,7,47.125623484204226,21.7648233575252,30.943730942662885,43.91008147721766,57.68851928143948,497.75061116688016,71.7627104174676,450.8075656220493,503.4264443564264,551.4474637476854,0.16904555323666806,0.17500827962945986,0.06442349308669644,0.11217809543720528,0.1657398625928912,56.242210890557466,14.689606341404085,49.42494710233894,56.47285293190076,68.88148919266068,155.5648459995612,8.169441776770622,151.22163790993648,153.81942194648204,160.093208481572
SLR_02_04,8,56.98565517895213,30.384611941848657,32.229671914082076,47.862547686133624,86.78211710621234,470.18837163932534,60.27366608358188,431.00682229455265,473.3897893376344,512.43487705388,0.7520568757463829,0.9052240091302701,0.20978461250864028,0.3765513653450478,1.232108256147103,55.685398023198715,15.02260576350983,46.989768213626945,55.68323166013689,64.26732791271637,158.7396284894101,6.8391172179750646,154.23270706799084,159.26903082891147,163.63196856667994
SLR_02_04,9,79.29958650661865,34.5066708881126,52.77921153630093,69.85835519604264,92.27761342290594,448.15012705606244,52.68468674505038,413.2475967258636,444.0508782052647,478.9145670885948,0.1550810374442869,0.16715479734285704,0.05801055193346133,0.09898707777151064,0.15252174973457186,34.60137137896319,11.388250688992017,25.180528839817146,34.86582774322419,40.3899381907476,150.8880631106815,7.530755951532959,146.71110091062945,151.5409781865616,156.54122322219268
SLR_02_04,10,189.68903739552357,62.9936479023988,154.0301962044008,189.14913133089064,223.63232105253323,464.04690077344696,49.229464787536244,428.98746133664,459.988653328244,498.2992300450791,4.255095348480431,3.393290740038314,2.0586059069703935,3.507037826889218,5.369165840675111,71.87905269336783,13.77091076708592,59.9491566017082,73.63183626699785,82.47107111545093,129.38316098410593,9.522489564695332,122.54486751874983,129.86957009831872,137.1840699814081
SLR_02_04,11,302.4496299882006,116.07206660239396,207.35383932230584,290.911213035077,399.46742507823717,587.5336782901298,77.04091906659107,535.1225373393405,574.5468656590017,621.8951318615448,29.410800800728953,45.73253577716099,10.04406785681706,17.76630845092511,31.348658998673873,96.89679321951203,11.153778303497058,89.95803547639537,97.56066506116773,103.61540369850864,110.21517410454206,8.89272801505232,103.83103447600163,110.80162459352275,118.10514014228644
SLR_02_04,12,223.62175751757522,102.33040757761104,147.83809418216677,191.7080260877072,316.9058241124742,727.8983674685861,99.5837932808718,653.0577908244062,753.0235160711784,800.9040740625702,69.7569682194567,69.68634928572423,24.85313088564303,46.751656539883996,86.08172145443214,118.57812596046425,22.52884534193833,103.80026230788386,117.06716733399456,131.25523803010663,109.57667543154852,8.144998253939432,107.09529200369144,110.52506330524466,115.30672293535335
SLR_03_00,1,96.93393369369299,55.28035901490496,58.346548434780665,93.37073045593027,125.34834919027932,751.2821069065888,49.30523441610975,720.0705832875663,761.491995528781,780.3339501395544,4.745418702187103,4.840556555184473,0.9832877792503079,3.1338312077728707,6.233001554098459,147.1133369402246,14.090551551554658,137.39952322269443,149.40888175086795,157.4595058363708,139.04920628012886,7.838822899691519,136.01287076662277,137.85161058938817,144.59509323738348
SLR_03_00,2,87.56215720824959,80.4873682673835,33.50804773378965,65.65514827157777,109.2207173514062,677.267664825689,69.21887452355166,628.9196214455839,664.1687661220882,712.5260062425587,7.329669154500953,17.39418215338087,0.5910214827545398,2.85738389423816,4.060837591390985,121.03768262188136,15.553343061114184,109.04460877380964,120.72389411703244,135.5245148056813,133.79896820557468,9.162524660779486,129.56097001460802,135.61862979917217,140.53113312632127
SLR_03_00,3,126.9722151665858,104.51274622625883,55.72305524518636,111.39500489065935,159.08489278643253,632.9701896310985,92.5157013028784,562.4145085020599,620.704853432158,699.836557842017,10.542955664129746,30.06498465795493,1.0689048325010744,3.3339242549959422,7.668414190800914,117.72933100945406,22.245490068566962,99.19494809907458,116.26346829154139,131.77106890013428,156.78889334132109,10.891334068758344,148.00997179939634,157.19105984556097,164.14727615666195
SLR_03_00,4,239.32137995711227,122.46633607876244,146.88772100192043,224.46562623395647,343.2750430509144,660.8647548630968,112.5482045032751,562.7949520386243,680.4754351939692,712.9075562065725,35.32107151953561,74.74872500436402,3.9080702581978928,8.019722955730275,15.51810183573598,116.65545471232959,26.83642100616464,102.67205515953182,118.92479629696408,131.4779538262782,141.9824423866034,9.077719256210061,134.2884640368203,140.95201716463174,149.08531800801575
SLR_03_00,5,251.93202892613635,90.1323900157635,183.82353105605756,245.59208656760825,297.48170220093806,723.4594345101526,105.76862539148024,651.0472853629847,718.4329159913523,827.588809119703,27.016771314953495,31.87797863193652,7.335157576436321,15.463679200049878,35.4704015888444,133.323410050255,22.486567863276402,117.7561969913487,133.0478872768138,152.8778505752647,136.4026548436221,6.977350862706787,132.0495375873995,135.12785617503096,141.77454424256842
SLR_03_00,6,204.9334768962165,72.82155025292349,153.74308804614864,199.9184652586372,261.9544840064448,760.13511451517,85.67653233697854,707.1359833967733,753.5812578996771,822.4371705598761,29.717169602700746,32.69819627425557,11.378528923338031,20.631062259859412,35.26065365423797,128.27824441862634,25.346075855229532,115.11432923311017,131.65241426007822,143.04588472223773,125.83229286406655,6.460965279996316,122.33690806966936,126.43764262847552,129.1988861317687
SLR_03_00,7,127.58158445702212,58.00017019992487,85.12241522285419,129.23147590712614,154.1717099384827,739.6897147902422,79.56021012634403,697.6164575264651,742.0355811735346,782.8903523671198,9.701432598673449,11.23371942681444,2.328368325282331,4.8673347339579,13.282583913481838,114.657618892546,24.964289375371195,102.75947216067294,114.46000184007673,131.21511722986432,130.4677841581965,6.875823986969725,125.23861771332415,131.40871619794973,133.0802545963719
SLR_03_00,8,109.32777155387213,52.491874986803154,67.04647310405458,101.78177459668395,143.82979708278248,703.1612915024914,71.84296793230905,670.1434161194979,711.2170324022999,733.2214720900054,3.1374347453379343,2.9986763508326226,1.1992640026447525,1.5608731364580817,4.71887713951944,101.53375360721127,19.039035314501238,90.24430132851538,98.77224747749102,116.20584600676489,136.78927331835516,6.530273637393544,132.1275566983641,136.3321942244894,139.51299177320897
SLR_03_00,9,211.6687342197308,87.95357746809034,151.32450602166006,190.7340599722877,255.3562720874269,696.7917887970038,69.40670982042904,661.5184114603757,697.1939869916641,745.9727021417432,13.345496637518076,13.636944265487088,3.4400932570882694,9.232471480725332,17.292059180274276,108.83855364393735,18.156468871521575,97.94646742663123,105.33463777831618,125.7270542247999,133.99367566433173,6.490758472880905,129.58333209956356,133.9953510984829,138.1190005497059
SLR_03_00,10,347.98889149634243,138.11656948690708,259.60202458717686,336.09944246822954,414.8270730946595,771.758849066958,71.08882148001112,733.8896055605416,774.752766533735,807.2534293563363,85.71683135982433,98.91685932944014,28.840091494355107,56.15595483590948,105.93273017922668,133.7728604052756,15.222994884746655,126.10283655743474,131.1653835754575,143.54093607030964,124.5261834878118,9.150003436096865,116.14396299750734,123.5858525448406,132.07688641189682
SLR_03_00,11,320.0253883750945,120.56103603718935,224.11302702363548,297.73494113017546,368.71784260297056,857.2619682119106,55.44526468905158,837.8185460994497,873.5546181763413,893.0514954310742,130.92549768382597,115.32483331243608,45.1307364688943,112.44431785934606,170.6154768853368,140.23714044787718,14.404739856258157,131.47496070600795,141.6561681123116,148.91598980836898,113.82024664131607,8.207764546837943,106.91632476113668,114.74466296450093,120.65096658155935
SLR_03_00,12,158.75061228608214,61.879227995876455,120.61322686626241,151.07351742414517,179.52592534711636,831.2638073175333,49.20320763982116,815.2308677621954,835.5111937762463,867.5073803844036,32.227376665611864,41.513344915955514,11.160481217311869,21.222997587028438,32.227268947424456,155.96755178678572,19.22401877991041,145.04709413453236,154.46286080520917,168.94015933876625,119.79078163561641,7.237807921749513,117.3757166280599,120.17020992458237,124.17024341003638
SLR_03_01,1,113.7857262851265,66.43608141229478,65.60410587949102,109.39727821558611,147.6952611274557,779.8250253130967,49.68130256802473,743.3156705225609,786.310526674641,822.7740133342033,17.74871416149132,19.066486483989543,3.8016714037933337,9.234127248295133,26.570072220055057,152.42800235231627,12.017213226358583,145.53646630618326,152.11814677569265,159.0195624892936,130.18733937966329,8.02834018761529,126.25524336335805,129.16696129670657,135.9475373510558
SLR_03_01,2,98.18889499239847,89.74912044177046,38.36707956075254,75.96328475430711,114.42564180189603,704.0991390881633,81.26880046820487,641.9207075334882,684.6150178959397,759.4753403393432,19.572246136283365,46.71460676778633,1.4922298092155049,5.326540416622106,12.858880989175606,140.59528869389558,10.451031437370391,133.4348572604984,139.46489618213639,147.8395865290683,128.55134524657686,9.797881618144155,123.19636198166793,130.32740088943467,135.5114782871485
SLR_03_01,3,135.93910886843491,111.9088379317108,56.4258134369631,113.98219516517506,173.9225303669609,651.0877241412026,107.13064787302638,557.9754992421983,638.0871233872979,738.0741563006814,18.448420244941715,50.79737634403803,1.0996527519886716,4.9763943435381375,12.535177824046691,136.13766561798354,19.41355105661934,119.7772266884912,140.3822111700337,150.4665406214466,153.26243220815155,11.115079362263886,144.1734087616508,153.92051671102615,161.3820885417081
SLR_03_01,4,243.58892375225017,119.0826273069328,160.965061504479,230.60673511923406,323.8890758809432,685.2928652142277,127.7193861381662,581.257023745992,711.1667416074553,779.3890423779378,48.77773506280892,83.21951013236381,6.770052743274944,16.944804003114104,34.021745585736184,122.94725489019869,22.384555038788886,113.09398604358569,125.90231965261225,136.90252153262665,138.8774442458089,9.513681778984793,131.34066876296677,138.1533962715498,145.89149488854915
SLR_03_01,5,253.44601024191562,89.2936679121622,185.47930544343973,240.53794548711954,290.25708725080244,747.5812385695637,106.54897354092407,673.694158011338,765.5125098948797,833.8081601215938,43.87727167530012,46.05975034191668,11.676221153907136,31.017138342676425,54.37769126931388,130.416385267876,15.86547201684081,121.63219494024956,133.57052346189238,140.5409174352549,133.85532214587195,6.869118584453794,129.1535415928327,132.59989726357966,139.13918399797933
SLR_03_01,6,218.32014964953294,75.1999370393561,164.17946554793605,214.49081880221357,271.1792086024866,787.037949683291,73.35860851723334,751.7501823507841,791.8085311591157,840.8053193866431,69.3641317999104,58.0137534879786,29.921068476618824,58.71538989295022,82.3595750733196,128.84662011022158,17.653573493205197,123.3246712181035,132.11356991850226,136.2124158329377,122.7873012239668,6.497274211908579,118.94211060468427,123.931766176969,126.11598385182029
SLR_03_01,7,141.61777958244838,61.55671617305557,94.93836468731574,139.26370384611192,176.60719879485987,777.7636839456396,69.0622264958614,750.8786404569732,778.2885597682977,827.9474622147866,37.23099025663751,35.69851885670976,10.654765213103662,23.254514765451887,51.8823179149102,123.78542895752314,17.662908575695454,115.84040393113636,122.56307761872422,135.14780846759493,124.6556825516439,7.155179143948285,119.70630785644418,124.84882347360019,128.59850354699066
SLR_03_01,8,123.49063867481445,59.379914027648816,75.84334760834636,115.99185267594052,159.117656293525,755.8978484520205,62.700684698025555,726.0319639878904,766.1797334072372,791.4400695490297,19.260220686002203,16.645343813861306,7.155489212999147,13.437386999972965,28.0988011854357,119.99892959646722,16.320388138357796,111.81209695102292,121.96977861116434,130.53724018907016,130.19587188035936,6.828962264051215,125.22225931607873,130.37117851224082,133.6442571940338
SLR_03_01,9,219.69861267024135,89.9789634186337,158.5599929237156,197.12565526872345,263.6816409097741,753.7255775938513,63.76184612119953,719.9169732543656,757.2875644390347,793.6140890733747,43.23708441759776,44.41764964561379,12.226103436797711,23.793236511466404,54.70097117511463,124.76135964175263,14.57806373288618,117.26820552740601,126.9810002833316,133.68461163590305,129.39256095337223,6.812055113434053,124.48108769274945,129.59580211764768,133.9540323533118
SLR_03_01,10,345.9444104911909,133.88986173548625,255.27491236309618,334.9460468252896,413.4710842294531,814.3630062754322,51.65777264801584,793.2267694271436,824.6005029528278,843.5080403568885,141.64721810372606,119.01679463267628,66.36738690095996,117.26823327110492,176.2676527440736,137.07485091307527,10.921278079969461,129.8504474108489,138.1862861775807,143.82752601968173,120.73188225073105,9.381278089963756,112.48306824176518,120.25665994602325,129.64137873657802
SLR_03_01,11,327.7218171814969,123.95316733177,230.48274020218042,302.04983651762313,377.3871834748305,871.1526535711513,36.82552901898882,864.2075473765741,881.9966625426894,896.4802067604378,184.65590724058617,130.98714911098415,93.13626957819466,137.25234723678398,203.3102616649728,131.50427325167286,11.836313743377554,124.34060802518874,132.52382119566235,140.52192211177447,110.44992677359808,8.23818202562091,102.99482482146018,111.39222219779433,117.33574571401991
SLR_03_01,12,177.98498719985517,67.30285940850776,135.89248592276635,168.55799623490202,204.66261082840114,845.9270443930103,35.050902497701365,832.3888056618439,851.1371283701124,869.8478797130367,63.17032711875443,46.87280193340381,32.35130928186486,53.40343257088689,82.23379407101292,146.204485272844,18.6546790985499,137.71216256651346,144.044812259284,160.0969325672911,114.21097463333236,7.359071504097326,111.33092880259471,114.53923320590268,118.75039299449429
SLR_03_02,1,146.97898679430648,89.51432621085979,85.00378059494705,140.94225240046808,202.05018392233382,816.8688113445878,43.57309132196675,782.8495903345574,818.8188342453784,850.5857381063078,98.87329331959731,95.6803011924552,19.304550060436007,61.63436140971126,154.1348306753778,137.46777141450477,13.903342165383892,128.12338359760793,139.10830217423756,146.65819727051309,105.4765937963642,7.637297392985202,101.98842020238561,104.96380903584497,111.45285394672831
SLR_03_02,2,108.28710591693688,102.3164281065617,42.28514858391546,83.42776841537895,116.45064952331973,752.2448078328003,73.97378099684325,693.1310312651644,748.9804130517514,803.1871854347559,52.499303652883704,103.82848816421654,5.270815887107674,15.33540876250642,33.49682842364569,144.1494896547957,13.458972013611714,137.48653656461494,143.09427980268214,151.65435016774876,112.66506677696185,9.24824821844572,108.12757107230485,113.58415129955654,119.59510479820139
SLR_03_02,3,131.33489942933866,110.96950455289569,53.3530078886054,101.0167875681084,167.53424919838116,684.5189824163233,96.21505799152547,609.3121378471382,672.5340609592486,769.8776910653625,20.770002135410394,49.12094134111446,1.0592926679048515,6.766180149498041,19.42904215583765,142.24061295417835,18.372445377666345,129.20416656899877,146.07072550978393,157.19030072747205,138.30889835646042,10.577871789036298,129.62450868529544,138.88363001026983,145.1051142987429
SLR_03_02,4,222.4813942909229,105.31726343320882,141.6639613093918,209.846219174628,284.32856978722054,693.2238003136715,114.31489037097033,605.9680727065277,713.8014674761175,775.0523914773449,31.486999386196658,55.15230772707015,5.416122813982323,12.783366230522084,30.28037145368617,121.39325278320779,19.55522245805042,113.15625922579042,124.85608928465214,135.4088030570403,128.94798946957587,8.781449685103112,121.82007425892044,128.4360865674774,135.02721500837362
SLR_03_02,5,218.41219033202984,75.09294605657117,169.12358688747628,212.79255755235016,250.72802663519218,725.1121527390237,95.47000234933499,661.4186088735973,756.3530930306799,798.1486424362181,22.28749253780417,20.546566553649807,6.202964120184977,16.383055668305182,33.6983546045743,121.87654872220587,12.562067492473462,116.78471941775949,123.59460696929172,129.2532939755052,126.04265940056744,6.3430561690949805,122.27206114785713,125.43804515542222,130.6364116619977
SLR_03_02,6,186.7400412366445,63.582157142270134,144.71160226903345,188.06907750598359,230.7429376560733,737.3586511991214,69.54326767932051,704.149508210435,748.7100430319706,778.2003925963023,35.35612965399239,29.30399437485764,17.203035839358012,25.692367048126982,42.25893191299254,118.24085200937022,15.398556932167855,111.17950614736094,121.77417274715194,125.28558087748067,116.45018895542914,6.276806268373013,113.45236981973613,117.53538426373802,120.20535984879041
SLR_03_02,7,129.7510449476283,54.89303312087396,88.24305157726026,124.49857213252994,168.39249050865817,728.356549195724,67.69334257859082,689.5793877735105,719.9073396635731,762.7249544616948,25.24718251304895,24.077485390015426,7.562741937694541,15.32467011428319,36.860911451764764,114.80165674204252,17.31100987389745,105.1922069051226,115.50252218331092,128.062970187559,117.67041987848252,6.929894848396782,113.00582056708919,117.15241195521571,121.79885909945529
SLR_03_02,8,118.14095686907231,57.09328158844823,69.52647519775988,110.59624619941984,155.28834620131224,712.0764010916331,62.45695741609832,669.2697223271532,711.8562252572526,756.7246029460105,16.162399457308243,15.152637294320915,5.967065293166991,8.618455017315501,22.122853581079326,112.74243513221735,17.68470819221779,101.19311728400426,112.17073919526764,125.88385657365161,124.61324947824116,6.394419368809401,120.45742195919594,124.64877299636765,127.89760831565692
SLR_03_02,9,197.1095425593724,79.53850750113858,150.33667724233493,174.84119827310667,232.01026459125276,722.205676418246,63.92633778403481,682.579981297808,719.0968648755138,755.5964160639049,31.453240731720566,35.283381123483835,9.358571736779961,18.284097081717924,37.44387501721927,119.75721970842132,14.535241246927216,110.02519892938253,121.30209794926017,130.1024002915196,127.35220767118413,6.507400807020763,122.98856058791726,127.70751748745171,131.8108815214262
SLR_03_02,10,309.95191478490807,114.33803721164477,231.66144269359006,301.4729608395395,376.805984584993,782.1002828268208,53.55964599115635,752.2932606453659,782.0105579506491,818.9625363818041,82.49339802621542,74.86972480438243,29.57812902114368,56.50074829444397,111.01510841545202,125.5742926591513,12.113885075515102,117.22906164440047,122.74335044528186,133.55729879937394,116.21026703416251,8.385129752030249,109.21833623682073,115.11629236863718,123.57046581652207
SLR_03_02,11,330.0957016812275,124.56191067713432,237.90791514923848,310.19899080987864,375.7252524736699,851.1923753309819,37.365296602736144,831.047705712191,855.0932866414262,874.9187433759278,184.72719772890508,137.3597011150035,99.64407263119313,137.97097688394655,218.59242075648734,112.87722650132432,9.240344242817256,106.27429445863805,110.82985552110351,119.54232258726232,99.94301814772783,7.566446724549116,93.06361509391698,101.00900413085097,106.10562942838939
SLR_03_02,12,213.01952981247047,83.92628003047837,152.61237372968242,197.1452634608585,271.76676920402554,852.3913055407637,31.975246299149376,841.5584027195603,861.9097611717423,871.6937132312886,170.43794736846797,85.52426560872321,111.4326090918139,166.58639580069877,211.85762078518002,121.58821736102111,17.152588769782152,109.69658458636599,119.15660234286707,133.97399792288297,96.61145644249322,6.857902621697941,94.67705060536528,96.93601482640736,100.29778491646425
SLR_03_03,1,189.98205429126216,121.40644533515027,114.88907340055195,177.47503957749404,262.8156909718601,819.4631464230746,59.13287314797413,784.3384496671805,837.4971295888331,861.6128672168853,127.58130935646416,140.74178258307816,21.367312734006248,68.78175106133094,198.60154688822453,141.80088285215507,14.828463933625395,129.55399537654375,142.6060174628764,152.9020355764997,108.33023974779384,8.563139184286992,104.34089720473388,108.25117493829198,114.85619122764548
SLR_03_03,2,113.75667862882365,114.7600639500637,38.13997103861972,83.63764791094971,122.68411534772035,764.2422687230716,81.90807261300975,692.1183666082088,775.0454245312599,829.7840443004314,61.12716420229443,115.28849974217064,4.086841047716603,17.625051322355215,50.495509319002664,149.20632221535243,14.7614434518159,140.8955213916129,148.20916888564307,158.0773785813837,116.1153692801598,10.017770280374863,111.81678637997085,117.22077781267004,123.33915467838656
SLR_03_03,3,110.04107747240909,97.93790487373991,44.89511427516388,72.28051368052334,152.88370736101874,685.6216818993967,97.83532354377716,624.4654853307491,680.461278148908,778.7077938510774,13.487822909595833,33.44129851085372,0.9661576074596578,2.756973190688945,13.01194095320728,143.27025611291722,20.50660133196537,134.6218513384631,143.86207585217736,161.61847757818026,146.59820678484942,11.36433850535074,137.19936550766693,147.43222723482012,154.231601387649
SLR_03_03,4,175.21399549962683,81.85131146100085,112.05089408386539,168.929003933986,233.94107598167025,657.1195535243431,106.02794404794426,566.5842414799308,652.2896672327846,737.2240577604521,10.286461072157428,20.729307379047228,2.209623701246813,4.119695788955871,6.776841198096008,122.17281115027659,23.241603273336672,108.33694520927817,127.64065440880867,138.7052327282311,141.1154906372013,9.400211908245183,134.24858251255165,140.25505269157867,147.630921912347
SLR_03_03,5,150.4565957731546,50.28034203882027,112.1594518481071,146.19028622927652,178.74432729569114,656.398572161425,91.28676320840356,584.0864739952765,662.5945940767976,721.8599916671469,5.1847810134224535,5.312562744184152,2.9790133491483717,3.7625328044838513,5.621084872989788,131.06826632529072,17.649530437405566,119.52396218363577,131.08467564845893,142.94328528441116,146.99784871124413,7.06154089087554,141.43215907590505,146.63968143829578,151.92815626614754
SLR_03_03,6,106.6754021277665,36.669080381700226,79.9043043485461,105.3011670929872,131.2661649829968,626.5985896537039,71.6269915231564,583.2247036316492,622.6541537715116,675.029741509806,3.7235578318042353,3.3315810680768174,1.8980072347705244,2.695836707400317,4.004144952949643,113.79419162032858,18.46323220159212,102.40531305425237,110.3841798068732,120.28654776016737,145.52749593657012,7.780593735708845,140.62986983321136,147.26827815688875,151.23608892853926
SLR_03_03,7,87.53370912351303,37.70239809751862,60.96298144368605,76.48816071691456,111.31804583036549,588.8466628136741,65.34708194084828,554.5809862284635,575.9114048885788,621.1668612985333,2.7962763985421306,2.1832567704175703,0.9889634625636939,2.1112242924007467,4.142616449803208,101.20276760577062,23.39500728677941,81.967065120623,103.62356418242555,121.19998288284584,149.50760593164097,8.368456353796027,144.70470572713157,149.34948232160417,155.7957842456499
SLR_03_03,8,88.46556544614802,43.95024866525143,50.03793861189689,81.53027309584846,118.1766593166959,563.7947278428898,58.06470518433637,528.5194216062794,557.051906372506,604.615822760431,3.329488716884349,3.5022656049406087,1.1479713998058552,1.845276431672851,3.8061135827167187,97.68138039060541,21.440642296240622,88.30555428923437,96.53807430144312,110.00422769723275,155.22970899294106,7.35498345364028,150.12633074152808,156.18048009823428,160.09477984579456
SLR_03_03,9,144.19387517196216,58.18560013483108,105.99842530674451,131.48000602819656,163.31609948970424,564.8736313513787,62.516617982818204,518.5686032793931,554.3039681530979,606.5789122863645,6.718876236730018,6.156028124250434,2.3086509762429817,4.836445381103111,8.767735325254527,99.789335606524,21.74368385815365,83.21138177587201,103.83957716916919,114.43313641059655,150.9560909813314,7.832727851553415,146.31717193514066,151.1336791370248,156.68231957155226
SLR_03_03,10,241.9008671257288,83.68105674112616,188.29741567553745,233.56553752899384,292.9835955490536,616.5428996315866,64.0142730413217,570.1622479096119,623.4619878061642,660.1890468947755,13.090233143370028,14.689906357576746,5.552930230641017,10.069454396832462,13.544598003911934,114.76755873970976,17.233266466937216,105.5191409281589,116.45188732175174,122.67912490108505,130.42545242319235,9.205286411804991,123.24978763038955,129.3532641642018,138.21897131223574
SLR_03_03,11,325.4038442092924,124.77844515948973,219.96048437350188,311.2770580624305,419.5610115416726,744.6552390113769,74.24273584770589,694.9111095492609,737.5450773465129,785.027894447115,82.80764637297933,89.24136704713982,23.23911381077166,54.42948747731379,122.88619700964576,113.43860619156561,9.278218624466321,107.21252925745473,112.70886561853968,119.6927790211893,105.15252353342551,8.264292010976924,98.16455636737595,106.36565770714756,112.04908319349697
SLR_03_03,12,256.5005450947899,112.69988665524106,167.59419103895232,223.04773708276423,354.3925523726146,828.9907178199117,65.00017052112422,808.6574513125687,854.2783054409745,870.4352509027473,172.27997287338107,127.63161369490673,75.9283480133004,141.47291631859997,278.7872087159902,125.34537876366343,18.765282117341552,113.60061533123493,126.60137050231214,137.76293464134713,101.00868966605039,7.682171281364086,98.63080859151667,101.59337269789475,105.36238756430458
SLR_03_04,1,210.65978920645074,137.21321253403207,127.07715944864513,193.82324520242804,295.8268979167227,798.6993471676864,85.06123586722738,735.1382323085434,825.5919036282694,865.6699165628208,118.71612491183218,146.133334946784,14.87969320177772,60.22037692009078,181.2634952797549,147.78511263025004,20.66499594674028,133.2726179162483,149.18444524971028,163.96520813567284,115.64043298572443,8.901548487113947,110.78566095743766,116.24560323366403,121.84532004663129
SLR_03_04,2,116.0348856033186,120.63850186233525,33.97434975823249,80.16040260897748,123.1512537231357,757.5221522861373,100.48147446587154,662.3317537681452,777.5165163782985,846.2597522182435,80.93272925015619,144.19999720324498,1.6347897210920246,20.93958630039483,104.78101324140327,148.74563575527523,20.61945882811035,132.45094796987394,154.22557027781926,162.9552722272063,121.58872766256349,9.30191532344106,117.54019536957406,122.97466433924932,128.53038224612078
SLR_03_04,3,99.37176165272523,91.92990532194504,39.29660451429572,62.3555313210028,136.00432078386166,686.4627391387978,106.31945525610757,592.3782705684029,672.3031020321744,790.1754704044948,10.575900431268483,21.086302735486036,0.5726311660014534,2.4405913680578672,10.802502481548807,134.88857364399593,27.408460296095395,118.94819726107355,139.10450233404742,153.70911654649785,149.33698485107462,10.613165705499746,140.7528566182818,150.14200313791224,156.23497952111418
SLR_03_04,4,151.53090032927068,71.29808718599132,94.48596830459054,139.8482968021323,194.94275321938707,639.7615732681055,98.850922704856,561.3436078369607,631.3849785088719,712.1243045035695,4.281129209292288,6.272451613824964,0.932863420876354,2.106621631742664,3.920518765232231,102.97586362476707,29.531948606744407,82.14508028012219,103.68803758463957,126.76476554359388,148.46349883941647,9.179572791254802,142.63659506216123,147.509085197812,155.33505554848824
SLR_03_04,5,116.43191624885637,40.020603715006224,85.12213421563291,120.04119768557939,148.77408539749592,609.5411554314866,79.69533012517844,548.8965859175291,616.9487671458296,669.5581358283168,1.194798034550393,1.2579853882279501,0.5285788471946246,0.7579259319458844,1.3627811869250805,88.64586040838562,24.31498746631526,66.77078818128159,93.84782682572427,108.82632734172464,155.54494612420794,7.334001014333758,149.09042091516176,155.4006133822711,160.62024421979874
SLR_03_04,6,66.24024157906709,24.23428511829916,46.47699788110172,63.844808553099995,79.40763085885254,565.0683722295219,56.94163787708939,525.8519000549497,563.7431160914266,595.230409633479,0.3229282994048977,0.3182798909967776,0.14451396276848444,0.2106972201118522,0.4068698480389936,58.75803786975868,19.590222416664442,43.85613256229928,58.035490810084355,69.42061113228351,158.76608663769724,7.583775493023231,153.87458290468862,160.3403697083632,164.46735840837053
SLR_03_04,7,65.99594983452663,30.17225900912868,46.36741876867566,56.06510702978552,81.12096733073498,534.1026636861862,41.61387020482645,510.25007589726164,531.2818771007371,557.8932925666495,0.5112196315275844,0.48471917119437075,0.14751759190477634,0.36205658005891495,0.6290838720706153,53.8265367275615,17.672842546130077,41.01455227434147,55.55414408067359,63.06449356915491,159.81858163467845,8.391549739798991,154.4509784773947,158.97446906692204,165.49371690123132
SLR_03_04,8,73.25785698247181,37.90309980823412,41.265968949592434,66.13470497084,98.2336579057826,518.3454323560985,32.27259678568092,501.3605115662724,522.1670072959954,534.4528197668121,1.4223410605843028,1.693990454692614,0.4544236967111052,0.7205320712048255,1.6897195399238134,53.79360524960973,14.477756732138875,47.08553872758995,53.34585251412573,63.85240901292627,162.7595273767198,6.899721674588122,157.38432742547013,164.5918590965511,167.42510043817575
SLR_03_04,9,116.88146947709602,48.4240631444134,83.05768847252318,109.9830551859427,126.62369637294424,509.49426211392114,30.155635743704853,492.0405749756384,508.9770882603664,531.375026216376,1.0581653613502975,1.01660626524035,0.3525569629230082,0.8312282766926538,1.3326826078782108,41.16313517646172,13.210662791415473,30.506484513266937,43.15912122602572,50.30778187841692,156.45777790489217,7.755839682743867,152.8523909449916,156.30806481205872,161.45853791667926
SLR_03_04,10,207.47100050115898,70.75339039876697,156.79693168610547,199.5582163221757,250.30795324641323,534.2934859597033,30.319856804880903,516.6119677219991,536.2642293701283,558.8155049357458,5.047791249638126,3.8466745296894898,2.717757796274145,4.111135216043493,5.930123176946272,72.08537746750655,14.532808563509693,64.04965067931845,72.56941006532651,80.08209701606616,133.64179759699735,9.06988619152837,126.73252447125509,131.8761859363495,140.52277791475223
SLR_03_04,11,322.5997225804488,127.11918133417339,221.01386144053117,310.956624335047,407.3425799385347,659.1934554161777,66.24530352155399,621.3283655505303,644.4990795074767,693.5950826210835,42.28948948158304,58.51991524823374,13.111104911709775,28.888599776823,51.962639550411694,102.87483614013476,11.702566894272712,97.19147602655312,101.96169525679522,107.35820992677868,110.27542429849419,8.462920003916844,104.21265446038585,111.377125651425,117.65655166458133
SLR_03_04,12,277.0266820457708,127.51268030085662,178.2421291495744,242.56867139698963,394.48048194023977,787.4786710393147,85.24118353411637,735.2852947261,819.6963469942079,858.985838983567,126.25792264866388,119.38514018916649,36.516822797351615,93.61470315547375,176.72295887012783,129.87169885961973,25.163767381623405,110.77483543750044,128.90124329150828,146.850640652286,107.79589901012858,7.984429984964284,105.0590174268455,108.26982925306224,112.86807051315535
SLR_04_00,1,86.58643665838622,51.78094709976043,49.94859366648895,82.7714663660568,116.26995039348871,692.0548993979263,69.20027633674233,645.1588773506159,690.7741144063668,731.340764369237,3.0090930023438855,2.956038032074316,0.814150640859471,2.4425285990188863,4.037086714391653,132.81518637070383,17.536717880172404,120.59734893539095,136.59404451943283,147.10256071434117,129.7338636601691,7.967593424970229,126.37324267650789,129.39121875741824,135.15985757998993
SLR_04_00,2,72.42958500410971,70.83282599009351,24.97262331924969,53.12937031339703,88.07393320268598,618.6468185719018,73.01906933219661,564.2415136487223,619.6021423433111,659.6759290522225,2.337098319620513,4.551960293129287,0.15852303015833433,0.8096830127001498,2.596822134965255,102.87143178025697,16.660938793920025,89.79010086273736,103.10369868563677,113.11796545178575,133.2695270006709,9.668152996391381,129.24409011865697,135.86009302837073,140.16366913180255
SLR_04_00,3,102.18818163516205,92.25766188535603,41.16989932617747,85.89922527479513,116.99548711848908,576.4811887725149,84.27381527200339,522.7455526525548,561.7210479676845,608.7678281608341,5.080615249575247,11.866641195264323,0.5769714251984693,1.8893492403856476,4.004403618357434,93.64553233875489,25.25013783379402,74.2959329262743,94.30772773082516,107.73004976656144,160.3855183905571,11.140546468013744,151.73618469074134,161.49751472083088,167.44370782706477
SLR_04_00,4,201.75224097453716,104.64084652785898,122.10016256991463,186.85305586333962,281.8551325051482,601.5419295963832,104.49646447537087,527.9342638423284,591.0588075600501,648.8231131635456,18.213639221398918,35.886639608553004,2.3739989056079978,6.143796111335294,11.12382475145152,103.45979993914044,28.03208995374276,90.47502832591888,101.49102497357453,125.15091004537554,147.91756112827258,9.84401340143313,141.25615461614603,146.71587091667334,155.39827766521603
SLR_04_00,5,177.82904985053645,62.60392179819142,126.96009433706229,167.45371495603007,208.63928654209735,641.2620134595728,102.71761128982959,585.8130958754435,607.4130885805794,712.8156205967186,6.824167289492923,5.861091441779391,2.6165748799082795,4.766452002523798,9.90961516270665,111.87807496049761,24.790729597134263,97.33093889201888,107.83415218880285,130.89651094116323,144.2158060650269,7.834877978514641,138.83877268465406,144.98446939532232,149.47981198468293
SLR_04_00,6,141.3477713461506,51.254909439774025,108.24289858350313,137.0408986812614,167.9132313031186,639.8056557000984,82.76608232708975,593.724346977622,623.564999945686,685.9597086603625,5.434614171656876,6.038456125322388,2.2969900679730055,3.343332358716023,6.867478624887648,95.04314925565592,25.713983715097804,82.67739068838881,89.44197211234874,102.1062367005344,133.49318015532594,7.043068384959079,130.38098023243538,135.0980632890994,137.760321199778
SLR_04_00,7,89.33147455027365,40.71396048738936,58.7983597322671,90.02563803562899,107.24837454354002,610.3678687921259,76.9539217702448,564.133665243272,592.7908411591172,644.7483465633607,1.107665183364305,1.2543492030224843,0.3509073858728829,0.6607944368401752,1.4838615509395927,76.13808935678281,21.717224432271585,63.09563570566341,70.5500902720055,89.92144557134968,135.22483982758433,7.409809089183239,129.43253784926253,136.07053698254316,139.53882485096506
SLR_04_00,8,79.03501900950873,37.2493988170404,50.04828448548918,72.98459030858594,105.60297564101619,579.7206391057183,66.83862446623947,537.5674505725642,565.4326029051333,610.9795389089721,0.521886312403206,0.556844043652911,0.1927375188198001,0.308242725784355,0.48268945019436993,59.70630657239132,15.172307857284835,51.03178406250042,56.490820282205334,69.49056672809107,143.1763492691065,6.790995965169924,138.98734669282072,143.4672633502222,146.2933385303788
SLR_04_00,9,164.4832614821224,67.74421832657826,117.58736469727504,143.5960917823536,194.14235803158283,575.1631866326676,58.69355881360086,543.8604098581432,567.2731987157023,611.1501277749612,2.910162074325544,3.315226859763609,0.8615860679762171,1.4743001227070258,4.312263392169013,67.17205779958968,14.648404060182314,57.36739978563477,65.38698396049294,74.70129718001047,140.7180766892766,7.163523768209189,136.24786639494715,140.58637730541415,146.77232173264534
SLR_04_00,10,303.77801633367164,117.2241255039033,223.09519747396615,305.00606507957343,370.0366704811973,645.1481320351352,65.62599539554778,607.6385874516125,648.3234888902166,681.6168783349119,21.398999071112772,22.00212434890115,9.74811777669432,13.621359814596282,25.15065500137485,110.24074116250276,13.5501224223018,102.40503565896964,110.26768745603015,117.20032473536901,127.57777261744141,9.473049683056876,118.85715124311726,126.56006421463984,135.4205431352607
SLR_04_00,11,310.1491446871909,113.88137010029928,243.24689243878058,282.4144609710475,361.60348682155853,768.5606680182111,79.35660653767253,714.2106907743523,762.3282216383377,824.0954809515954,63.768121459166686,92.91438394431628,15.648694224967414,24.524295214524248,61.806135758346365,128.45305912469325,13.987027951704448,117.40327187153791,129.39289063613097,137.77432825423597,111.3503727558447,7.878854232549761,104.15402506222375,111.84155975322793,117.73099257910695
SLR_04_00,12,161.5890559128192,71.88802061898319,112.96356866148618,151.38669235803386,196.43184331312005,767.5775865348526,80.8524928178634,721.6492362885231,779.6577337919657,829.4542003333449,21.0475651253322,38.798404976721045,6.272448460117544,9.234967973720972,16.043253453078343,138.84653477735745,22.79081129741857,128.9533417905628,142.71296967056713,151.22176936232805,115.38199919740173,7.161970650719363,113.29123064046192,115.046506156332,119.97176272428516
SLR_04_01,1,102.4972578686226,63.38834095353106,57.91324340229404,98.17643822832275,133.88137348299148,726.4268163496466,73.46569534669541,692.2321186532034,724.4710606198164,775.783954816674,12.947771781170372,19.889552460306973,2.0608322960046204,8.289120110819496,14.389571586694588,144.11372104477752,15.961745557346367,134.9403207070035,147.14826419669998,156.98698814709596,121.40892002828124,8.286793685167488,117.52198691621471,121.14021062885548,127.68934711218624
SLR_04_01,2,80.60399322157359,79.49131348038705,28.29567584571247,60.67537544539337,95.60779330571555,651.5237462244876,91.70440108596392,583.9498297944385,637.0838233221723,723.2233145863702,8.995577831730547,22.45743209007391,0.3204830307194847,2.5926589658131327,5.735498497175976,124.6485567900511,16.234250832814237,118.89578349242213,122.8214150405384,136.11434626028702,131.2291517782405,10.102506974457613,126.29369680929663,133.76998389933595,138.2999428100634
SLR_04_01,3,108.3991604963589,98.73903273324234,40.59468278260821,90.49303833749428,132.26211950537723,594.8629921450502,103.80414377753766,535.2956971765512,566.8716189321738,666.0783362262642,7.670936796511621,18.978008096657142,0.45135460729111004,2.5158184732152833,4.38073724060967,111.84343666253581,29.1606442904274,91.4115106487493,113.56282587949323,133.40675083675714,158.70576899223815,11.46565875883206,149.34761114142137,159.94151446492714,166.48003504714214
SLR_04_01,4,209.63084399396328,104.94036308514293,128.0363436106081,196.91120905024349,278.04938246605366,613.2337238995582,119.61792727198582,513.4681961093737,614.2952363968128,685.7907949371106,22.03380666387767,44.692998709626565,2.8653735402412264,7.3441935008608885,13.768555798168753,113.229879638119,27.891169988012827,98.89183613971089,116.72958321206946,133.68911131344134,147.12399892104577,10.618628508076274,140.2008555153413,146.47970277580032,154.67100613384952
SLR_04_01,5,179.8735970628789,60.3756064032746,128.33226541222257,172.66112858748758,207.62426946553597,649.6929714328952,108.28962427217098,567.7918546810808,625.9496667899364,735.4591932899565,6.93799163860701,5.652903458172912,2.9211030426270694,5.299403829151764,9.137561296069737,119.18625494553879,19.91525022715455,102.66671077092542,116.08759821999558,134.74848908878036,144.78407973263955,7.911449249595331,139.54863182159406,145.04038747767595,150.0625703943293
SLR_04_01,6,154.5051922130768,54.007828128737245,119.1147703216169,153.80930517312157,179.43854383021375,638.4176153993316,84.05715731648654,590.4092807246102,621.1195709781134,696.9731191874369,4.550742151254267,4.799495303106898,2.3020681865968617,2.8291515959624176,4.917292176260169,97.2827693846585,22.370829831776163,85.85898839629148,95.09533910787711,102.96900944246104,133.63656257629583,7.392136543726314,130.7615026330902,135.18777282005132,138.34989493593065
SLR_04_01,7,106.44005913094043,46.06937831807181,72.35780726427251,102.5109479972957,131.97953809597993,605.9122310195912,76.84055843034548,560.1001449673668,593.1039529586036,653.9565994857749,1.7098837665423978,1.6529139543405642,0.5508015120374592,1.1703816025400549,2.794170825988515,82.57990736285105,20.948846162609293,71.74926403690881,77.42976291055078,95.04210623356737,135.15565897664916,8.024211074143864,129.03015153754058,134.8672405059267,140.61192817306426
SLR_04_01,8,95.28519112297724,45.34637448384721,57.6991851410341,87.26857878480646,126.99107303334307,577.1455655406372,66.81783183536936,538.5605099873154,569.0372442467312,618.148021135013,0.8491403690519882,0.9306806531574567,0.3309595243529279,0.5172133459442187,0.872049184739361,67.8831634412062,16.826556312767714,57.86077968030473,66.85757290425867,77.03772365894882,141.7613141866157,7.41140661858331,136.83764886886954,142.6533980089933,146.1588875839922
SLR_04_01,9,176.41108189584102,70.97380611707769,127.90455777075576,154.76974636236656,203.98853427707567,570.5100631373549,60.39306472789473,538.2708101139883,557.6195386770269,612.8022857004745,3.410573078771513,4.418864734695114,0.818613590886891,1.6830787350461707,4.05285336917707,76.25538919482392,14.502272217749258,65.7815588321796,76.80166678249068,81.70511730784946,141.06896047282515,7.803702527294579,136.3767115454338,141.25686949438284,146.70754062241468
SLR_04_01,10,309.0281496459312,117.93508602717323,222.76941745947187,299.04979434654933,371.8253022215258,644.6794322668771,67.81490730637324,594.2175819212785,661.7586142433545,674.4768703496355,24.056328090222618,22.81308329814791,9.117797190885451,19.1961870364483,27.182706862033726,117.04179584314777,13.193876338476638,108.21827888671285,118.31049499087518,126.70433748547931,126.68994273560857,9.98940131729544,118.1561798837779,126.12066239124704,136.28264262296545
SLR_04_01,11,324.11832881094284,121.42542005836985,241.91282268197065,300.7027100307583,378.7076533466497,774.4060791946074,80.93733187099066,717.424403282889,756.9652760623007,834.4827228333706,76.11231827679893,106.08163279494218,17.182830828707914,32.19919686930092,65.23756044411621,126.71855006417319,11.227794775504098,118.76520714228131,125.26787046157692,136.35930192649178,109.20663799357513,8.019228891254908,101.67895034250051,110.24712377002565,116.02696698326328
SLR_04_01,12,183.76311797707214,78.417070214232,130.23986182337305,170.6495226971021,229.7185413934456,787.7258265270434,79.9071095586999,726.3437224087489,806.7986482286506,852.841382081248,37.02747223591778,48.95707227929982,13.84069823363468,22.123858851938017,41.5065810917236,140.8123239277846,21.170951581506056,128.50179678489522,141.0193893954185,154.54611374472077,110.98480534114583,7.444747293527658,108.49048314194013,110.76180380688793,115.93323879120942
SLR_04_02,1,138.54067035373114,89.29472525961856,79.94425789184555,134.32606817947254,185.87554373345415,799.3846983298974,65.2543830054516,762.7510382823114,816.6773794685532,847.5506504555959,76.16950009340421,95.00854388405756,16.304870119433172,39.86953212758672,99.31291528676785,146.83539611855292,14.689452625973612,136.6351615395251,145.18820852296744,157.30696915642434,111.76985687301627,8.14842250304065,108.36070010692667,111.82491052637221,118.48583255933511
SLR_04_02,2,92.12263727501185,93.80499954537845,31.334324138157786,71.25380025177063,101.95956820346575,727.4255317295307,90.3644175486852,659.202499174391,729.7343348305595,804.7835585789898,34.933934049519046,81.3067958309554,1.1130140699658566,7.006836636850983,24.19001304692597,146.59714570757848,13.806341854027758,137.9588096947711,147.86375056835078,157.4003540611469,120.53015192791743,9.81997936451651,115.29533537919721,121.7557360779986,127.54934728976632
SLR_04_02,3,105.35004074331414,97.5546896620318,38.26662913420285,83.48637572637281,129.2826648136547,646.0306892710324,104.42621689732978,560.9225840847932,631.7876782890326,744.3418014893158,11.894516545872108,28.71282938864827,0.7290897103584544,2.9027843274077787,9.200695263328788,138.21800905043636,25.892603255640743,120.84747997551213,142.45203714521483,156.55933282771247,149.76520874357377,11.146562245707155,141.5844213264507,150.75100457727285,157.0927689230925
SLR_04_02,4,194.46858729258605,95.08034916835769,120.66747252829798,177.01861866394876,265.2544592631686,629.3184757100388,114.94378350764511,533.4552511160767,631.7013259571761,713.8204896514144,12.541126118820639,22.75903267607942,2.590197142986553,5.661225012335279,8.450911048262007,123.51413356826214,24.063593433824614,113.66012896131011,127.98023922517649,145.0694329362418,144.22129639814474,10.164683583530104,136.702871307353,143.4628468190655,151.33646634104815
SLR_04_02,5,161.3547968660377,52.10843258804784,121.58821452793336,154.8057294469092,186.59849796665839,645.4736631868152,103.27948643510545,559.2911223150235,656.860456625402,702.6702772121881,7.396587151285981,7.099567314031896,3.013743376955753,5.300889869012889,9.012982234355224,125.08572928939151,16.824613768954624,115.9000915837407,123.89613841212758,130.94863712022016,148.32675677801393,7.708019015256706,143.17003896638636,148.25246607953392,153.38368487832722
SLR_04_02,6,137.63217150177778,47.43391548088918,104.92116696814321,143.6242367105736,166.87206682236175,617.1107563425089,79.59019437156617,566.5339744425677,623.5472581841536,660.1975647520908,1.9396386155706082,1.8736949734073065,0.6600126221584579,1.4144060326040842,2.409219015703467,92.57484395614047,18.73823795492784,81.90841161364139,92.56952798861317,96.11468282679718,139.64710927002022,7.845378014430448,135.38374510603506,141.11923546138854,144.64580033068924
SLR_04_02,7,106.91671905978463,44.47037243958429,76.17416007325023,102.64916306162831,136.6368647443437,579.514665898224,70.12915864589628,538.8805500620265,578.3398357922655,611.0639346240104,2.501310173600244,2.0295768089846873,0.7897412334668781,1.6969217954443003,3.8738859085644783,88.15539684461723,20.370491914649097,75.53889098924759,87.57287826708028,105.18490935989747,142.94810321741716,8.38205260884878,137.61133574095976,142.72257188732462,149.18605648882297
SLR_04_02,8,98.76375475875456,47.693740489324455,56.257473752626346,92.51383026813778,131.50502345666962,556.5418195283694,62.035378476313305,517.0538339078847,550.7487524394708,599.8309097973686,1.9787025220284007,2.275035031283974,0.6705601476317395,1.0826734235187638,1.9444992043727622,83.39760136968886,18.601011392211348,70.65746327159707,82.18515194338629,93.64980367949734,150.5834240289353,7.538504238850608,145.44931714284306,152.0728971280579,155.4781832069986
SLR_04_02,9,170.57144250127575,67.829561393751,122.42202172918365,148.23819304619764,195.892482530127,560.2583631131213,60.793988513475384,518.8847958172678,559.6105956076317,594.6507768676942,7.104753919060076,7.283502490480251,2.386647298883826,4.719100848969626,8.438654170281747,94.55931677776267,17.327010795687052,84.68088827010658,95.58093151462288,99.62416715028851,147.8872173657149,8.131295644451646,143.83092751318947,147.90074472364284,153.83152745739528
SLR_04_02,10,286.26635727374764,106.7426459424755,206.08042567635525,276.1368765382264,354.6259615790697,631.2946357348115,71.18953715264534,585.2408078276386,629.0598291583534,670.629240459054,21.127854686140648,21.22048926070979,7.485311585067052,13.042728966387637,23.431811896615187,119.43546664473132,15.609819079666526,113.12579044417444,120.01945148314798,129.92660462019253,128.9983427109341,9.791460916590053,120.83108765452812,127.6890798347338,137.95438400168348
SLR_04_02,11,336.6918630680947,127.95575711291242,230.3145566623123,308.763507858679,398.91815573557045,762.5020725557143,79.9785004066341,710.7306142208524,749.6562397233679,823.9163663375334,99.62286192762976,115.58786650899006,30.966645972047484,44.41180275273584,117.2221680227771,117.86227726045414,9.702927732663683,111.58146173903866,116.69305602603538,126.42948045928274,106.1039193010913,7.822107045039382,98.66596738702897,107.27630558263812,112.76765872062523
SLR_04_02,12,225.172263598415,97.85979817632216,160.31194666629483,196.72914512311297,302.7203463377555,823.8366957071797,66.36577389920814,784.4038944851778,841.7899700762457,877.1780974398557,143.87821790660504,114.27053620085498,64.18977704819277,116.36106131312863,173.46790483481064,132.6113907928626,19.84746528701449,116.07217003832726,133.1508564727469,142.9137582534255,102.42857346246358,7.400372080737234,99.79590037226455,102.95786658061206,107.1906068326703
SLR_04_03,1,187.89775046388976,125.87272148482158,116.5472263941077,177.7532179654016,255.77613766389163,807.6303961376082,71.71306764206805,762.1224561346831,833.3887884509601,859.3703855272882,93.43966907102332,126.7447867609955,15.427843047339218,46.50751529487951,125.82877703636893,148.1854602494695,19.267177306469335,133.66709960476382,147.44242170411678,163.07262993530938,112.68874078374786,8.52658983113235,108.30481913521287,113.08267768328182,118.86661764809348
SLR_04_03,2,103.48219851911182,110.42193991632114,31.176409275313823,78.94000004084647,109.26345441796094,744.6621685955099,89.3959817925916,665.3564435338266,752.8460725505361,826.7325180976319,41.76681178290762,96.48358052232216,0.9914349038299686,9.563098915243515,38.932182095544675,147.66009243687816,17.885881096561118,136.085425518051,149.48258976146988,160.40923784432243,120.01432778549623,9.968822953689559,115.52739053334967,121.34738429553504,127.6347595222568
SLR_04_03,3,90.37897435076204,85.99266767263435,35.21719107872087,59.440029837035894,121.37006290340311,661.1416780341686,95.55292582240382,574.0385250664532,646.4387969949246,741.2457612705659,5.6757678803083325,12.181801485184485,0.41103726879652513,1.4426833472078824,4.943935914220429,128.81441130406296,32.223375789424146,111.0075712109305,133.20620628619014,152.97846646384153,152.41734613643158,11.168275035145905,143.8758122999501,153.84996155237803,158.96598322163618
SLR_04_03,4,152.88892651868707,74.12440606135404,92.9779569420628,145.12962214288217,207.9768373971551,624.2497643198078,88.04788571784653,552.013600731206,606.8284197276722,681.3882601558062,3.508867034013351,4.704445099148985,1.1171001168291919,1.5307377327399516,3.1336100177404442,101.29278886767871,31.519419695578822,77.46422315116871,106.78759861906804,121.75052749637103,151.38433352184214,9.924366632971454,144.19814227528735,150.93668613271217,158.30571124940525
SLR_04_03,5,121.3964150098165,39.32985936480334,94.07963665008049,113.28243434291645,151.25753834562744,616.064557040939,70.75403800402258,564.4841896531399,613.0494987036816,643.3481472891067,2.9312598473077576,1.9049733941703288,1.4337071387704623,2.479719452474528,3.8803349947912884,100.6763945954168,21.692544660267906,86.4146552654012,97.15678576987335,113.38181633125066,161.51477867900414,7.75930416543114,155.7709953296101,160.81089562538762,166.45286632834276
SLR_04_03,6,85.08981535649214,29.63749693605612,62.73807229722159,84.54842723461994,104.98753432779637,585.2865413971964,50.19466761019174,558.4552785374226,578.7108138638557,591.1488245937338,0.6218077995672704,0.3891262091261853,0.3075568719382787,0.5735799380323621,0.8856124219914405,63.32143082820392,17.923575942725275,52.62193550503626,58.56536614651773,70.39928234607873,157.04496826217976,8.800767937160979,151.225422982629,158.80625120015543,162.44326660784472
SLR_04_03,7,83.42920455325799,34.83631466193861,66.37457095862828,74.14447567915104,99.88851077959195,562.1967212187595,39.275955271689135,542.0332364118315,557.7947937687284,570.0014968224151,1.5856612151578242,1.2575709875002974,0.5221008780822198,1.2733023713836604,2.612164174870242,64.2540487905441,21.239340579924,48.16440838345778,63.690830200424884,80.85373229857436,160.30411082940097,9.18939021413804,154.93498392058973,159.99529268681152,168.34644658427436
SLR_04_03,8,82.50635111215729,41.34737114695983,46.87455401772349,74.7286528695802,108.47977452239274,552.3968666143109,30.867321544240827,533.2770778723473,547.8672263602384,572.3237622494794,1.9788411284843181,2.106541791844623,0.9013478674793329,1.1055487280665832,2.258326059148901,68.59104194803434,18.92698674521764,55.53134598259203,70.10865627474288,84.32378818109794,164.38473072425106,7.938411872458475,159.64711325972578,166.33685806886228,169.9213762000943
SLR_04_03,9,141.85242242422126,57.81422017844313,102.92146512153737,127.68933557072606,167.46006392429513,559.2505528448837,35.31027501286157,536.9197210451193,556.3419109340907,571.9825838541439,5.800680972874932,5.545779215220255,2.3015352097507447,3.7899055800829773,7.899132591993251,78.60598147960371,25.27110960577368,60.012230528768036,81.97916401212169,94.16714949439125,156.38933642264126,8.628728282278953,152.82836365914926,156.41576824615885,163.0214684846351
SLR_04_03,10,233.242580684752,85.10181949433643,168.10824551208577,220.81648287219176,284.8879436244984,611.956401046249,51.205382435089525,576.3500021426569,609.9696455347362,632.6627782139738,13.486503293787802,16.06106313073644,5.440011052944614,10.654503647439427,13.723658389938905,110.42647794282028,23.007744042593732,97.82026859945748,107.89004241314805,123.81504146775875,133.99028248408686,9.72704251795402,126.23154441524176,132.2604286868164,141.60174130315085
SLR_04_03,11,341.88295513742656,133.56788123033763,243.34604387471455,315.82937608063287,435.2791826674865,736.2443316834357,70.33966920665044,688.3453938442677,720.3839190122854,786.9162582482721,70.23604738100309,87.27724088292169,18.369036781724933,45.7269675224468,85.7179492342017,120.9620905956859,11.390433295934754,116.29950288295203,119.36299872346115,127.55147635027143,108.63850541003421,8.045107489181262,101.93324448726496,109.73057840287983,115.08616715115036
SLR_04_03,12,276.31332241045436,129.55818441478456,178.91988828228972,237.20455793082124,394.77644253458504,822.4262706247104,70.48655022099041,793.8003109795995,851.9757295363845,879.9888706538691,160.7104979272941,152.1807356711382,48.70488833474038,104.57568189440698,244.01452848944626,138.86166696237967,22.62303374307982,122.88103406268242,139.23452477418567,153.2713032394755,103.94779764212961,7.6981851478659955,100.38993717075545,104.80319969054338,108.3362999493405
SLR_04_04,1,219.1467322969259,147.4146725567468,135.31086828745174,202.85717314443588,304.21949830673145,809.6275717857474,74.52187155655231,751.5971624191749,835.6553172203273,871.3371883178236,124.06212737064446,153.54080385887104,20.554928575957295,78.24697002072352,160.4364663375531,152.91613909269807,22.76684422493221,137.9535212210147,149.8933789662467,175.8027308993087,117.7311569285408,8.65398429256294,113.05299759769913,118.38709715401617,123.66196277998267
SLR_04_04,2,115.62469050431527,124.74892806052208,31.89640121646759,83.78013207654124,121.32032159172667,756.3946558600567,91.25697243150162,665.807207570695,774.8493790909017,842.9107335865489,46.353153128932156,95.6112146538903,0.7429576839560466,10.300933192198364,55.14505692599466,145.4236885778088,23.182008237144448,127.48060441421224,152.80193230970457,162.7587668791124,124.3381225069107,9.336164428836273,119.8312563506448,125.78163182814086,131.18829597628667
SLR_04_04,3,88.9491394251854,86.12699204020296,31.734907783112014,53.864536269071436,121.9440302887305,675.463157915988,92.73412318453394,586.6585519787583,666.8777711983008,760.8463349468536,4.566550898199818,9.377082364585418,0.3971821982403615,1.2136304142705696,3.445926938800834,122.30683164801827,31.955320363067287,97.51792161409618,127.77959582456985,146.48459950229784,151.07151771287408,10.463996479056782,143.16096811210934,152.4838642128294,157.25730918458487
SLR_04_04,4,139.4424327001952,67.84931572625753,85.42519130025318,133.59219927798958,176.9631709677548,626.5104124399877,77.2886131499673,559.4392633009567,610.4182239207564,681.0762465370533,1.3648245051445091,1.4020213432044328,0.3095720752924954,0.8100548393397142,1.7061664569155872,84.77983808600337,33.22084293363832,63.450005424671566,86.74914528536945,111.77175299284487,152.49858805288278,9.459452385721068,146.3997218996309,151.94406070305558,158.3702056890002
SLR_04_04,5,107.16803224702348,35.4866992459751,79.3675806618613,106.06703070844969,135.84432425079632,589.8979149121321,55.12066421177588,544.4966662893588,586.8274324679062,617.5547928261414,0.09357615296025194,0.07087347408705277,0.04383752116426276,0.08768001715641445,0.11804487354682305,54.75420319883761,26.66808821484276,29.047089233974056,54.75537609403352,75.89851417146716,162.18509707160104,7.557208427925267,155.98892879580484,161.9314274397525,167.12923611553524
SLR_04_04,6,65.00336949563126,23.70430291551148,44.597659973720454,63.451423576008686,80.82581430594702,556.2069187154034,34.14454776686408,534.4251879674681,552.8789970425685,566.9145184028715,0.059763374574257636,0.02810616917187178,0.03959346264793434,0.05708723916782624,0.07512553199839664,26.629212264092263,18.473448820478573,10.280899271713508,24.839888641438577,36.57970471067328,164.454351428282,8.267958474985715,159.50030887531818,166.0236254232919,169.58779975207574
SLR_04_04,7,73.4399170361247,32.61428892187599,53.054979174577824,64.18980704296754,89.97617239791678,544.3494719726774,21.102984383687584,536.4230106482407,543.9964442050186,551.6305650659654,0.5365055347301602,0.5651335806570675,0.16879368172459902,0.3131683594676005,0.5748757260016836,35.98604515333863,16.556150038596986,23.76694875990921,35.54494448881195,44.56226133173653,167.64456360429585,8.95120754531249,161.3990944394305,167.6346560194082,175.33185697179522
SLR_04_04,8,77.23670683489645,40.20057313136711,43.27365792395577,72.13693756817207,100.67188037129195,542.4353777304561,15.590106710790558,535.9346719502774,545.2208165410876,552.3325455400866,1.245682225835647,1.4694101192045532,0.4660621824880258,0.6725821827665481,1.2403440890773039,42.96969085497638,14.08731752312418,32.76468660068738,43.71049825261646,53.71157499689663,169.29462061723464,7.3827643715718,164.69944103006654,170.91592625694335,173.70579720632605
SLR_04_04,9,131.24295677181976,54.62352739854958,93.49080662829952,122.07627128504404,151.567241961169,542.6873326750933,17.585216857850185,534.0302444437094,543.3815488575622,547.6170775520325,1.218543820801574,1.2320659192437935,0.34807460868128226,0.7113998661815053,1.6324092997102175,38.302146768657494,17.201640708390638,25.270287630462747,36.59280178284373,46.21481197441979,162.16039906304465,8.14697205595666,158.10701207404048,162.0418866247815,167.06009810601503
SLR_04_04,10,210.55327042403744,76.31020337207758,146.14930270194526,200.30723406077607,255.124695832101,570.6927080111979,26.207522036321013,557.6457341244877,566.1019466436514,582.650666121491,5.642384423294292,5.403020152015484,2.938142149585323,4.230294427025203,5.664550658856671,74.90891187883834,20.57573862585042,64.71436348655385,68.93934584354191,90.47164977105348,137.81809381963927,9.105313520902879,130.93888922377795,135.5226420254856,144.05817991294313
SLR_04_04,11,340.73342826577056,136.55386850207495,247.8412398769133,316.355574369052,428.60767799718633,698.9474408462665,61.37240869146188,652.1162547304643,697.4130335531947,734.8568251988239,59.622263873503876,87.42803677872563,19.415122731094925,40.73541790189827,68.72689650574115,113.0568083900634,14.35525000379741,102.92777716232922,114.53356680536046,118.37893434626419,111.23923858499994,8.101702157619028,105.09416883000146,112.11545886834416,117.3849203965129
SLR_04_04,12,303.73643378159534,144.3776426109611,191.72159903479388,274.33306822550145,447.2758771051569,814.0725306578148,72.48124674371878,764.6655265202431,853.3481617898144,870.5674716083854,176.36951296606418,172.21877017258447,43.62401223438103,117.15156249447978,224.53775680220306,143.6207039419139,27.233213705526307,127.28588873040302,142.94690691229758,159.10066548609257,108.76056464455756,7.797146386946885,105.40081213078163,109.18039954520961,113.23548152807615
SLR_05_00,1,81.95577511858555,51.84999614801829,52.83583588105587,72.43860123673181,110.12297959041626,662.5895724662192,98.92265334974913,585.5508817883342,653.9077632447032,740.6545167808017,6.5935365302237905,10.410566161457062,1.2779032167171833,2.884480592576401,6.62512993812171,129.61408736397277,23.069421035007114,107.79682285277993,131.35352723331115,150.32134211817305,124.1391874832851,7.748196639934574,121.16397084831851,124.2950380092681,130.2145360967845
SLR_05_00,2,53.20555415795982,57.43285416426933,17.070079959560438,33.936676818833945,57.55908735319417,591.7547467962984,98.01154888739202,507.25265285009647,596.5871519504576,648.5554705495609,2.7964014329844304,7.624667691595978,0.11528766505721773,0.8979527431308485,2.316580208947813,105.50158226477515,18.15728950188319,90.95796759060943,108.63414687806338,116.79334528655772,129.40247253633626,9.442715408438254,124.82374504078201,131.65739475543103,135.84700963184036
SLR_05_00,3,67.81420856210813,68.49453942680374,28.74285191793697,52.36768955115804,72.57746522385514,537.712339366387,102.76764841855085,457.6038460006563,541.7024903538323,588.9878278569706,3.5057376006449443,6.902198902705651,0.2992183992823645,1.2001632756313054,2.1880714944486854,96.56018453797462,23.33028513584212,82.12542404913688,93.29266816145028,109.17740434433527,160.41295805360207,10.755655876477823,153.13781707086142,161.10371713579167,166.62951268757877
SLR_05_00,4,144.42816116953745,76.38374500522634,91.04337071558584,136.81521900876206,185.20538610174341,544.268112077858,123.08828060672238,451.42818165049766,519.8597764456364,615.2247979874662,9.2593542185783,18.47514673978576,1.5358177046682244,4.238935591133444,6.3187017931218,101.63271104490904,27.414537473870173,84.13757933198897,106.62821729031216,121.75582052032472,150.10916999839966,10.013897260982645,142.92655934407287,149.2595283682223,157.53969426127688
SLR_05_00,5,94.21865619823684,38.00292078199898,67.08659269391141,82.63035197518738,128.74427434285693,556.6563820191398,119.76703381876175,465.3747890106976,536.0995751742919,637.9065823734866,1.5336690215527966,1.4889112168909389,0.5209283621577414,0.8884253284473826,2.0587265344261447,94.92142236614767,22.67488107816752,81.0578266634925,91.22381104757828,106.4907753593312,148.00243510428888,8.742181365472614,141.16573847769138,149.3211509022857,152.93790627876336
SLR_05_00,6,52.788319889291415,19.11000575420106,43.25351622303832,51.10848846060992,62.26508475728628,517.7626727804167,97.64782470711452,437.6527294290843,502.3894866464136,584.2155163835771,0.12154264788364548,0.1994932385629794,0.029048951292341717,0.05816540465474694,0.13272047793762357,51.94138096815521,14.849369865181394,43.44753782879847,50.8915257592099,55.07658134071625,139.96511081412538,7.678921522418376,136.17451080356108,141.2235084869078,144.88125366431396
SLR_05_00,7,40.55221298172633,16.610054248986764,31.156127036629243,41.66643482276655,49.32125870162176,481.22212718849613,87.0022596032318,410.4500790421394,464.5373083351851,541.6787519564857,0.034950907754787236,0.027054884296866304,0.011611058145020486,0.02950303060521269,0.05349700219759904,37.11603796468286,9.53231777021651,29.114346970415113,38.289957240000305,43.28605123659825,142.32883649865263,7.841035276163339,136.5072053865714,143.18051389980968,146.1925186223157
SLR_05_00,8,41.71238376952408,19.93474915129898,28.140254114853565,38.1714022119903,53.163515746458714,460.9491764336207,79.81103456377794,395.223091273057,445.0880853204661,514.1576420797577,0.2533547041386385,0.3327559374531139,0.070617246036662,0.13322049215030463,0.32013496937606667,38.33976311124445,11.118441223081959,30.663000880115625,36.59379145664414,46.681185804302054,150.54210175109037,7.032582811177299,146.67954610752375,150.98300968825436,153.8866549104709
SLR_05_00,9,125.02646005790915,57.85996879689619,82.64204248210734,114.7779479016498,141.840781908485,468.5329796310981,71.3216348145225,410.86287689794864,456.6557666373951,525.7498193628767,2.9658686416404594,3.4392226466505527,0.7575417147476216,1.5477296596693766,3.7743920270497826,61.27699259501536,13.742202320400182,52.62115691184885,58.605316925567394,67.41995665250931,147.17604212339316,7.601664387405294,142.2842985974109,147.1385908634664,152.46686979207712
SLR_05_00,10,230.6082593905213,89.74083854689113,161.41453052049877,228.9668576560028,308.41461647765937,533.5253459023446,75.54532103143444,461.6170930940899,545.5368426843063,590.495960787121,8.679025588865368,5.565853716684271,4.352181086451527,8.611816542735466,13.406074216405905,101.16476430352627,16.1083851834125,93.98150997812068,100.23551770323965,113.3232506325895,129.46116650125944,9.471861829383972,120.92052599131141,128.2210676130559,136.99287721066898
SLR_05_00,11,314.24914710154087,109.52115987842593,236.95182367148655,298.25287918176474,389.11370458604665,667.9509464284071,96.9795415895304,596.4962794996986,646.7819849757598,758.3711380894072,34.84527808690701,49.206285531510595,10.763128591008355,17.77712015103796,32.02301945119053,119.7227284015099,12.948906842587654,111.62820194085307,121.16344268124993,128.2372846439306,108.5121018226912,7.694351372058132,101.53821409972392,108.75420505748336,115.33385339591015
SLR_05_00,12,184.90401956026915,102.58511074386817,106.33404227470683,173.29129235780584,256.83414278180936,716.7673867771342,112.35259602269174,628.7117505017583,716.164743498568,809.8608511286482,23.673342733678503,38.510691941019246,5.981307077952728,13.400608431855613,21.101946760912313,126.82170001718781,27.09819590315293,108.38325179374274,130.8960012088359,146.18784709966016,112.12432448553949,6.920405668845987,110.35145771387724,112.19330604272008,115.33495113255603
SLR_05_01,1,95.61482760749772,63.8969300824766,59.08438549417703,84.95307473675913,127.60960792585973,679.404717731291,97.62880361375815,611.2072948456848,683.5933687202959,757.3929762762325,10.459737029167831,21.354369044028484,1.59845863236554,4.17183786993692,12.260783094995157,141.1398524862924,20.960829573850816,120.39410002802785,143.40133474607103,160.69694234578378,117.48866799887239,7.925216939711375,113.95167874469163,117.66985249737594,123.96005545487525
SLR_05_01,2,55.67502633514403,61.90474011510593,17.28482798856038,36.31429469790509,58.85205829056124,599.66920188841,102.47375060026863,519.5692303549059,574.8722841859405,668.163825079831,4.510388168686785,12.92018904348641,0.0635351308856265,0.8943631748727554,2.4041499838180242,112.90204169574238,23.92780079427898,100.90043877142787,116.30106240701954,132.19288869146038,126.97245473825774,9.668089622939398,122.23296797898254,129.66500160615783,133.72687223481526
SLR_05_01,3,69.02725056965855,71.4570835744399,28.09821158666134,54.70591850239711,76.18815650953512,541.8809119646943,100.06528852571782,476.9708202754538,524.1903852347665,592.9615945254242,3.9367459694038724,8.556708306663966,0.26143072638655107,1.1216546594558177,2.9686290776149273,94.64179302500997,34.6353505703019,65.28543951251714,94.1216205539883,124.50290907842407,158.21462645585345,10.889269453263642,149.8255711832012,159.57967242084644,165.2014145395555
SLR_05_01,4,149.65158046202995,77.88627341847516,90.29997876036596,142.6531488865337,191.5049128245977,552.3988892784731,111.72650150654229,469.15329451443904,521.9679271221376,603.5945082534172,9.40982903133463,17.881905251428446,2.2663791995312073,4.61534160095211,7.498032279703635,105.80855199055189,29.22742526218679,84.34231258648799,109.7800557082879,128.30826792880126,149.3606731490255,11.052150084853029,141.38390656241037,148.85299285799073,157.31540306754482
SLR_05_01,5,97.55546897596437,39.82585211213218,67.74296725549745,84.73359870135496,130.5128731041768,568.8158616803485,102.4125015065496,490.4921048340947,546.8853778554553,610.8868107856654,2.175471545118265,2.0515505255332265,0.6151861578293158,1.6493288045725398,2.8764315465762564,103.67630550358415,20.712813096640783,90.62315979640648,99.14189703816052,113.34068550754876,149.4589432087218,9.138728306637994,142.4683992977616,150.9164853745463,154.6763282034354
SLR_05_01,6,53.36555569314553,18.719090167825847,43.86847332459709,52.33815274064124,62.2389366051941,527.8671147742047,76.8521416315065,468.5709161238964,510.79814015607553,558.0384708662467,0.12660860951579384,0.23289557780564793,0.02598764604481005,0.047386932641431775,0.10050648838337417,55.29110171267221,18.08086069810737,45.18977693963747,51.90597006145791,61.52473302660174,141.95810527221028,8.375319353140434,136.90330289829924,143.74899463152198,147.14150464318902
SLR_05_01,7,50.70086995334021,19.144066694384655,41.31055896460928,49.85174826209236,60.31355534452439,493.2791403846596,62.8050792505579,442.0918972093017,480.87474013575536,518.1311039486842,0.1291962015225309,0.08689405649981533,0.05790123604083306,0.10972260242439992,0.1871382091650969,40.72549899628833,12.824968698026096,32.139103927272146,40.67910602433714,48.47044542381538,143.70885561677895,8.81372119323193,137.85650071873013,143.71889302765274,149.5481573693669
SLR_05_01,8,52.050533633348444,25.58038546280699,34.7362888751041,44.340779077068056,65.66194158189538,477.6146737981033,54.048707351636196,435.4756894812772,466.76693243725197,504.7799064880543,0.268082827228869,0.2809157182879327,0.09152094858344983,0.16706366096732073,0.378133289266305,39.03115630207625,12.379018406591472,30.691539642480674,37.3241555095943,46.81265711554096,149.251001880204,7.960012872199414,143.9226180119296,151.19340698948378,153.48159321836974
SLR_05_01,9,130.45613511543783,60.09172198260262,88.78460159091625,124.4651790803986,152.77087798163805,483.45709239193303,46.44514860227501,444.8495918624121,473.4141219899385,517.0876209623514,2.5899041044620037,3.18857077294607,0.6355853998702525,1.3129828113520263,2.82379107642562,58.29260736171147,13.471981228614528,50.473461531761785,55.5087685655172,64.45132486444064,148.5127793618369,8.674226632208082,143.60210797632152,148.8482547133152,154.0573715429981
SLR_05_01,10,235.3610125349643,93.5947849203709,163.4492073189769,237.99118067064575,317.0102341404266,549.9539833520975,57.297185548692816,501.5445786266019,547.2058827475353,597.7180434924849,10.491772160646414,7.1343732351485745,4.25496807107283,9.838550945052127,15.17732158606508,104.17921537284856,17.524169348194427,93.45895012085651,104.53168743229418,114.84067507883883,128.82540348342965,10.266193115250049,119.85048922764682,127.71432815512316,138.62071749506134
SLR_05_01,11,335.4521013918495,120.43623834348547,245.80954234765085,322.5057958156663,418.0165505327354,681.6490571355874,85.97238523342598,624.4639450399868,654.1037903305157,738.2488500489271,37.99789094663481,48.38343629209638,11.882534112455712,19.746805472454856,34.00823583271881,122.68617115954834,10.27619767643996,117.16644911840953,123.2973733478604,128.20648796397364,107.28640217614904,7.68885579550735,100.25297570684488,107.92612144891532,113.65834488963043
SLR_05_01,12,207.51855100999776,112.39143372073238,119.36706373667685,193.99512295387711,282.358086476359,733.5204249129406,101.15980245186314,649.4257069791706,753.8906671144862,814.3851686454706,35.320994381908584,45.13697578221394,11.56052536553911,24.142088568179883,35.356418125660426,136.58767958117102,21.819524838453113,126.31386263779338,136.50521275699015,147.66970780327995,107.6838959716562,7.318346538339286,105.57989067665105,107.8553743159568,111.08245037550593
SLR_05_02,1,123.16465135281007,87.37059309066599,71.18702342728277,109.48803570629696,161.27762684946208,758.5367653640836,89.4262653583345,716.2916381810537,765.3697143853794,829.2802634486236,46.11909806926875,74.9648107907429,6.095499502848634,22.1634530540002,48.69831791171478,153.77717491490978,19.65870097212904,138.60428582559337,154.72107716744773,171.18809782499432,112.75337287105897,7.890505622320474,109.3934306892143,113.46043463448265,119.28237956692172
SLR_05_02,2,61.771031262837695,70.88326968804866,18.183831439212966,40.24335861766786,64.93169727536915,676.9348876385757,103.44896327477039,588.6939939384386,673.104329752158,760.150559565325,16.606941254539276,47.51060444460297,0.2051689217339648,1.4877210737084297,8.483358762668125,137.89135694306387,19.98951706122022,126.393706474228,146.9444172300495,150.7027440744616,121.4180180214058,9.313181655920678,116.05451611298126,122.76933075322628,128.61091856087387
SLR_05_02,3,65.49497769851993,68.6961477422926,22.734242337159728,49.448541402562945,77.7742319663962,591.7761418020003,97.45144265406664,508.68558995779154,579.1536323198777,663.7237140065528,3.4472235872540886,7.072300034127582,0.23062868508484224,0.9502528072681107,2.483299274783782,116.228243725592,35.49086565147716,91.7912767303943,118.5393519886121,148.47295418671695,152.130862646351,10.320767975084179,144.63310259176376,153.59526631832077,158.66202756539613
SLR_05_02,4,139.23215076538926,72.14527766331253,77.75111979847522,130.003785691966,175.03363530302755,567.9053917999528,97.71762282756164,493.11096443508256,553.7481911158638,611.2989399805875,4.470006347657399,5.0805089342363035,1.4623898803026478,2.8959756128225296,5.079330900924762,107.43060931623059,29.266776870160495,90.34142666690414,106.183853404033,131.00323719892577,149.41057421839733,10.659280279570568,141.7504616080283,148.7485227219189,157.07687443052808
SLR_05_02,5,94.38655503643412,38.88094455614625,68.14423129022876,80.02321677327845,126.41617774324733,581.9644062811533,86.07003965273354,530.4166468850199,578.6173290475206,613.9111241520999,4.756199755622485,4.178475755671806,1.7033834810341504,3.3507630949280127,7.520427330588901,112.82901437576749,20.166122308667283,100.40694958578169,109.07352523157613,128.06182852433682,156.10580043290622,8.791638296737553,149.52329094058305,157.1304296429962,161.25086321051634
SLR_05_02,6,48.55630319410669,17.042080421315575,38.251636006878286,49.14084918083337,58.9792898025899,547.8145016433654,62.47982720899247,514.1940383324063,541.2340405839923,566.4890000353379,0.23871296363237657,0.5093657541456701,0.04299866077107652,0.07582204180988139,0.10292739678589419,61.59155847542373,16.90057868082958,53.68603454771792,61.637635858435125,67.31432722429061,148.82885829738876,9.18053857003095,142.44724803777586,150.60351738797556,154.34480150296568
SLR_05_02,7,60.22691990818051,22.35869841977823,47.73892369736848,60.4614567892441,74.6498565937205,512.3047897009017,49.603144380500844,480.48163587221916,509.27504575457976,525.935715739804,0.5409159433209004,0.4232057586239118,0.22233378225604522,0.4141659170486875,0.659461782191627,55.78391944838301,15.63138646447156,44.95500452440986,54.42893364809118,68.02800901682069,153.19781463801198,9.390479075939785,148.27750317310648,153.02219629024185,161.48845454819588
SLR_05_02,8,60.17336985264752,30.20741466632642,38.59871525787151,55.24429737105956,76.03481488197691,500.7848046542794,42.1097981517111,474.27147980869574,496.43111644738906,525.619040463577,1.3073752370065355,1.2885160795916553,0.4656695786084918,0.8425147412567143,1.4611974922878337,61.44309272262532,17.09969922090075,46.17510627376431,62.37729459719509,75.43049076508791,157.1322988760172,8.548344006683234,152.53833994613018,159.67680339790007,162.69185848205683
SLR_05_02,9,128.38115983053984,59.35563920280735,84.49531922402213,120.0342632116249,148.92401547810803,512.7050610349639,41.586487038322694,483.69264529643783,512.6009071734206,537.3474504576351,5.243320040853262,6.108641117158143,1.4459233971337742,2.882136644837524,6.937874099539223,76.76857458135956,20.2134097633717,60.30381295264812,74.62752230388043,87.65320147980987,154.6105354536265,9.23180713961239,150.17175340678682,154.68534177193123,160.45867987468313
SLR_05_02,10,227.2800342794343,92.5162944044158,155.24598331488258,227.17301877748866,302.21837664763126,578.8492115718533,61.54317173952176,534.8647164402834,569.9039122028646,610.8167864331025,13.263298285681953,13.439779832443598,5.477036964502143,10.70195090728301,14.99750770410639,113.8928529287477,19.88655439996702,103.87905469431274,114.11878012623306,122.14694348599062,130.87391876705524,10.350752493649557,121.77606360381884,128.93911018597618,140.6376013451985
SLR_05_02,11,354.4501993317381,134.8084374657225,250.20140803725957,337.14304284260675,443.9430942472049,707.6072005794324,84.74667403401634,641.4967958124071,699.9416236893784,756.3895975818722,60.708637376917146,67.76618865238916,17.047795208715,30.83125859941081,67.44450825707743,124.04453879310174,10.922392103132264,117.00293659850853,122.4390365500718,130.35102197854798,106.8936713822625,7.529898747099317,100.23197032816044,107.42560235428157,113.15598237042167
SLR_05_02,12,240.23186384462846,129.67167763059288,134.90436167005942,219.94057372029482,315.9022115641606,787.593859987628,83.97235679257973,726.8327389682116,809.7429668988595,858.0698951577465,107.05676144692734,103.8843349165875,39.854145816522546,68.61954623725055,152.41134985716184,142.71639770191888,22.15436066256663,128.20405848269738,139.54513111334688,158.61462820460915,102.86725019811801,7.445110092426681,100.54832687617231,103.49195797434817,106.89884522743625
SLR_05_03,1,156.1402056828758,115.30051360087683,85.52047825549027,137.2066053742541,201.4628245883561,767.4827229113051,95.28808519476257,696.1073593617007,792.4420478082352,843.7826073682915,76.61970958615265,121.67936816995491,8.426787265108116,29.727854447432854,114.80438775960432,151.15537070437603,25.099244968923845,135.24830685051376,151.5852279894798,173.85853055839647,115.2854396871247,8.10154783434021,111.46126934780835,116.02891233985306,121.29699801660604
SLR_05_03,2,69.24841328435527,81.36446514966286,17.97357081602788,46.738426493375236,74.38311298343893,701.0002750984124,104.80120511355366,591.8487404469424,719.3685767783961,781.9743300361465,24.223082751348006,66.24508029004143,0.11442090885072259,1.717685403236259,14.518154540265037,139.85290076197626,20.293415499711628,122.96984875706835,147.5190365975563,155.89716209182512,122.12216027103277,9.25048702380784,117.11326924963399,123.06419351306238,129.38296103799982
SLR_05_03,3,55.8823241891594,58.77121610919816,21.36739274181737,39.59997714283658,72.04272599819477,607.8826644132315,99.48252181985492,505.9208889529027,607.342057974456,690.2970636773675,1.7761771353310827,3.3097194786218402,0.12611907087606777,0.34264224168787827,1.7928896663264702,120.51281428177619,27.824466860539463,96.22326737728467,126.34384494855067,141.90222041634195,152.50572259881318,9.956039657949333,146.11008641426517,154.3024417762808,157.85274515279292
SLR_05_03,4,110.19738666040462,57.71129511448286,62.32328426531651,105.1540922624257,138.70108493265514,552.656365497685,88.81389399657516,465.06092250304744,543.8065059376256,615.1873863560036,1.1009981102754232,1.1940472691779382,0.31951613500385345,0.6022136994977425,1.4834807342173582,91.26207710866161,22.8815877679771,73.50685928750939,94.04933299865606,109.71796838235791,155.4386839756792,10.0316497392754,148.03528841857485,154.81608313401824,162.3001358096804
SLR_05_03,5,79.44903435478072,33.524373285390354,58.24964909736622,67.45322083526415,106.52678528761226,537.3146645787492,74.00395332842385,487.50886906279726,543.9574852685954,571.1827232579869,2.276818148696563,1.971807804828277,1.0180662025155582,1.6335592583115162,3.056547861608192,90.71037595133072,16.30456953295793,76.36785191527062,90.52726516744507,100.49660426074082,168.8412353907036,8.57483937131756,161.52719016016505,168.6931975080341,173.93900209237643
SLR_05_03,6,34.17693861759665,12.513764847404596,25.385478257288142,33.86425149225671,42.47562413459942,505.6321575745599,58.3196603203124,463.4254257259952,511.3307162620128,525.710334631757,0.06374140009311485,0.17225907705517432,0.01614834934934011,0.022922826590563123,0.04510401145838333,47.70918127044334,11.383955765566816,40.57623157740912,47.24729724729724,54.824859901675346,164.69937045841954,9.914627047137962,157.73458437764884,166.6990180176283,171.33420667754453
SLR_05_03,7,61.439160639801294,24.704691409207488,47.45929073116926,57.56552124337707,73.11540530954525,476.47766496363494,49.61250458723315,443.0457521011328,482.17783444286283,491.5843022692447,0.326823778633621,0.3046079226745856,0.12734503221571294,0.21765498407714678,0.4032418114712263,49.934089289668705,13.555853827159222,42.05828518643974,51.30225774894727,57.05143174601616,169.29630780452044,9.623952171414464,163.96643814688903,169.25908104990637,178.9348014617635
SLR_05_03,8,59.349215019008724,30.626739840967737,34.04208216862453,56.19243649392804,77.18363953197681,466.57028112775913,42.531581781387,439.10497718064016,466.18709790796186,491.047211017755,1.712559750677374,1.5272972573288712,0.6909369911058564,1.0597130201353306,2.335819128997511,68.36138769182963,17.60805361314312,56.65998949444783,70.85900589524569,82.94672664387875,170.29464467498988,8.684192608419407,166.24812857925087,172.6810010694558,176.34409758586054
SLR_05_03,9,115.2680355093941,55.33059890353309,74.75402798888503,102.73289289126447,132.38635506367336,472.4886353900847,43.06135738878444,443.07811099692896,471.7393642003922,498.87120061882246,3.8160465502318073,4.456331470423696,0.977430023954762,2.300024407988004,4.407287809696143,76.4590658913291,23.953876481680712,58.181967486101136,76.90931264677445,90.0598554962111,162.48167902123606,9.181338475298034,158.25732731663328,162.90691628743048,168.15442757365741
SLR_05_03,10,201.83526510708998,84.96432560648122,140.93975201646117,187.39365225260457,257.4666238127914,518.2998945431847,61.3897237801713,478.0687745074298,512.7991052438763,554.6358505704354,9.117692408340185,11.555414900044733,3.881115964027606,6.287793845798889,8.764679493749473,106.4490856072382,22.88689733064509,93.00118318290511,109.8110910738697,122.44172666471246,136.6681014745544,9.984781495167693,128.36155599975865,134.6859864192573,144.84066777167294
SLR_05_03,11,360.8891991261273,148.25201710602914,250.68610108276698,335.4353208232005,462.6688652971726,651.0710394784618,86.44254485851862,589.7470795947381,625.4692003267334,683.3602875104937,55.45347248089755,68.75166743315711,14.925177343545625,37.31029879323351,63.288915195155695,123.14259562702185,13.796793432118301,112.3700025134099,121.20461621132011,132.11286983833395,109.58447482326584,7.530835334130937,103.69696312682368,109.98864342399987,115.76008621012569
SLR_05_03,12,271.94868978050965,151.00487792237968,154.30797580236953,244.69996814590542,357.24583334464154,770.337533376161,93.98026114808404,701.4102964495289,785.0385554105479,848.3288416661885,115.15567667277602,114.72964671623035,34.02510855525174,64.49514694487773,176.70097300554758,142.2156027678446,26.169922092004377,120.02254367939408,142.74809797610783,156.96675955502184,105.003094213826,7.489745005108676,102.65454895068933,106.21429195907845,108.7537109730238
SLR_06_00,1,79.69008595495123,52.493684286196554,37.06377300584514,73.58740669928514,109.0082835862057,680.9017956191086,95.37256271132435,593.9217759257142,698.1682082276436,751.0985277715158,9.112221270075299,14.443981608638051,0.8823263414797744,4.049266732861048,11.453579495451148,137.41092775548847,23.807210404715793,115.98339381808222,138.12586198161495,160.36899570551896,124.1407195966363,7.484832754634541,121.4039836468144,125.56157610742412,129.6264591151606
SLR_06_00,2,40.258820860622066,48.26731793282422,11.953321467679906,24.125060485651645,39.31074627994577,602.6358584825368,97.51903602089241,517.3043888906743,609.3727932942036,659.2255380937986,3.791277053646134,9.893609729962195,0.14119088294543725,0.7889227428303609,2.7107512506050075,112.08317286136995,25.58901946110315,95.93897517508316,116.37083451291758,129.86613652260058,128.61579781812162,9.434644775783019,123.6423802299438,130.69067930021015,134.93036158439756
SLR_06_00,3,43.56463958255168,51.79318143828461,14.974833297366692,30.744103319499843,41.5967504010364,544.7127147420995,93.69416037860013,472.1754554454085,534.1229522996653,582.1302450928788,2.5345578109117484,5.264097486000973,0.281518682396087,0.6025259473174407,1.3128998673877705,85.62794921948311,35.162634079246885,57.20227377475178,85.21664008743961,108.66284222846465,158.62810394712596,10.255740239680135,152.22044915608603,159.22954303239885,163.79462781179063
SLR_06_00,4,103.91058615929538,62.60925764760769,67.40061185311588,94.11559903955894,128.43172757581718,540.0590124836193,98.00140255717596,469.2224324138171,514.7335858763529,580.8929316482674,4.016081999997968,6.348665334526436,0.9507464563601157,1.9833346568679617,3.8291538460429853,85.44733287189598,33.013606794299264,58.3085951816648,83.9334037001027,113.34602275124655,150.82995887061014,10.443050996107138,142.2150716160979,150.4429061787046,158.53386160914152
SLR_06_00,5,43.80582350033015,27.002138040715604,26.842104468796208,35.918114459447324,55.45036949211641,533.0433047872251,88.83504214461773,467.63344418584825,512.3116015872229,564.6922572029089,0.26428784580518266,0.3065758578644124,0.05433209887242252,0.17092474294156507,0.2833967809907043,69.84374134875034,23.619669958035136,57.23653257888687,64.75915897569938,76.33335170170088,154.57679654461762,9.715235786627535,147.06973011755554,155.95118490666147,159.86247460192877
SLR_06_00,6,2.148952652907517,1.8390333904027927,0.8862950950950378,1.333641583894929,3.275267440048167,498.31341054325094,67.75341746279707,445.37296780207896,482.88081470427835,524.3107426881757,0.019851958945459273,0.04208536078300644,0.0047078931059128595,0.009641954354482622,0.01330258583043099,32.000747151290625,16.32541973599362,21.05780720059055,29.6387929274234,35.979735166177306,147.17424468131378,8.478994743230807,141.64982593898702,148.87403573071646,153.052448987872
SLR_06_00,7,11.474730366536667,4.303842677476473,8.433525204867566,10.070817009991572,15.209856569245648,473.5161572661209,53.383937274146284,432.3683194461187,460.897578481574,497.5214973732378,0.007404204635190856,0.004482502719931907,0.004072245354226343,0.007130067743197936,0.01114615881917969,20.34946348334676,11.884949606141003,10.995557686726702,19.445104339258307,23.293275244594916,150.3423826758289,8.520061956599296,143.7383167618027,151.12946616990843,154.28353669663207
SLR_06_00,8,19.777970092933234,10.723386556479793,11.437632360334023,18.21609729709015,24.126047655961937,459.1484364290967,44.213497157992144,424.4346684463958,447.7538773366054,481.5153394656666,0.022913925217153807,0.015480795073156263,0.011110981436364797,0.020027672859519098,0.029575443721744827,15.370238887674736,8.156222591225893,9.949096107931423,14.48671646857332,18.028542062144187,155.83574644970304,7.59225039289195,151.10858629354632,156.50839848714344,159.8751496758947
SLR_06_00,9,92.12192156287755,51.79112703721009,55.8549595661352,84.46034625485896,104.22003384584875,475.0733963013799,35.21000870277637,448.9952715210385,469.96580103092674,494.5340715861385,3.4476116188591357,4.613538517155942,0.749624783870346,1.7404683744294749,3.8241751032409987,57.7319395530073,14.46553999039455,49.26324335647069,56.16134761935497,64.81128241322318,152.22819224573422,8.170546226865582,147.16249590580904,151.9205583217987,157.84682260283859
SLR_06_00,10,192.5840260075399,82.61055910113491,133.02696700072468,185.58688463800416,236.39835963610716,534.7894090083498,48.79472827088515,499.1342462510514,532.8952435990018,560.0887333650519,5.22748568622738,3.2802434825719784,2.5328516927225304,5.1739230282906625,7.436922071536307,93.8094106975193,17.082806698054025,84.09662009037609,92.8140917568125,106.40307502269334,131.61299414482357,9.715443279001114,122.85174492626255,129.99303846510216,139.00866638953866
SLR_06_00,11,336.6952404150227,121.53025150275036,236.55591369899253,337.528432901485,417.11437891280207,659.7917553191986,75.45541574470931,605.9671797222148,653.6778648484458,710.765293803663,33.34829360512743,35.348396306974365,14.718226262493982,25.85618769440491,40.11269943280955,122.91071336641463,13.890654780422516,118.06452454411325,123.57015752512714,129.39506802191153,109.02182906094305,7.584934012584455,102.58256185352141,108.91394079304459,115.28161885287798
SLR_06_00,12,205.69016124735245,129.18357555042144,95.38533826404537,190.83783315813997,285.9868884009736,728.827695333168,98.53412600667924,647.9334534731602,710.4010371238928,813.4689839976711,40.722405201930286,57.08147978149693,9.447926269505295,30.614517908835783,43.23699175639628,133.42273382786698,27.536146240041255,113.26953612932442,133.95755273238873,154.18409113199002,110.77777707301128,6.944649600012526,108.27506449130804,111.5318015983815,114.34223962630465
SLR_06_01,1,89.77941963089873,61.97315226396843,36.967967961157896,82.11605874788435,123.25484378830069,697.9881274451304,105.2321050341513,628.728878176961,722.0598348185897,782.2914857612791,15.222826532822829,26.25511930347379,1.2960479401831821,6.225378658311869,18.78278634703792,141.76110513806523,21.75851381960023,123.83929287799043,143.86104764977316,161.17909918971012,115.84729171056493,7.6011104963954175,112.62850344248831,116.57345464325223,121.73714136404715
SLR_06_01,2,40.779912251832805,50.50332766863958,11.038307370317908,24.73767980018443,39.70560222436447,615.2858067984337,111.68794711092862,532.5986933468423,631.0801149040299,690.8394778614175,6.276750454873084,18.875373854037534,0.07789015794060163,0.9291302637704271,2.9172642921183227,124.12587117624825,19.53778839167651,113.74610198766642,131.22542907867998,135.6866064037922,125.11804374675316,9.1895025780464,120.32879391520581,126.81063213533355,131.21936562178342
SLR_06_01,3,43.36201357072851,52.901147723218905,13.883642578716387,28.15034425962988,41.94340667111499,539.1141887317096,114.66206631289036,454.78781587816883,534.2688188460847,602.2487752421125,3.234159496425886,7.582336218670382,0.15001474205969617,0.5055458497356357,1.40023169246724,110.24014849774868,27.88019738061511,95.1125305133678,108.41864515072366,126.93958522545313,155.1070835419221,10.006329033832042,148.47807451335183,156.33723797434124,160.76555155086976
SLR_06_01,4,108.15116920372536,64.97016050621245,67.35650079727178,99.66202043289198,131.8393165873834,524.3935565209348,126.86877577231918,425.35416143905803,505.81808926174983,581.4732521423881,6.188692796349481,10.96338040787104,1.5752046191391746,2.3841076148664198,5.081672954401293,107.0260687807945,28.389089993740356,86.07265968701975,107.57993277524211,128.08915886981512,148.96999582301913,11.017842063402387,139.58500409324773,148.8393378382405,157.0716317641309
SLR_06_01,5,47.967935898546536,29.002221450708554,29.995942223571177,39.55273745488529,64.36425880598692,520.3275967861879,118.23649762164396,419.47682852695874,502.21298401392664,580.2773782576126,0.8907850326450595,0.9830716424240736,0.16513819547647698,0.498480745282541,1.2208603708507801,96.51306821424681,20.5751816317807,83.91141236411346,92.16370099718864,104.65047694824601,154.8687584479426,10.06856880364551,147.1492819127102,156.62204915620197,160.74169813334316
SLR_06_01,6,2.353147329214126,1.9663123834183749,0.9384188360503395,1.5879693614334762,3.7485408824852184,473.51985111812337,93.9186672212654,400.60169846447354,457.7062488395545,523.3412933671977,0.04866284415093318,0.16086918994377114,0.001835119290281645,0.002983653336844451,0.005947418943199436,51.16841880486115,17.090972422608246,38.51778770413933,53.0095443460456,58.50611451242725,149.53035529319357,9.371481747236135,142.8161933637032,152.5165710629504,155.81312127563066
SLR_06_01,7,17.665659439820097,6.643726509984665,12.820931029784592,15.526700790036834,23.401999180687916,437.9557832306878,79.86979059519673,373.66409044588056,421.8864453126107,479.2100636334262,0.09130535319101381,0.06508182132871305,0.03639115898031382,0.06889866221785097,0.11899596975703369,43.6309233348149,13.017452043362733,32.40961623179069,46.72534693611462,51.50724283098706,152.75072105944733,9.485175856837616,147.4474265692476,152.76439083158198,158.21964756135424
SLR_06_01,8,25.711370353653177,14.170867598175956,14.4006695506,22.598636210412742,32.294815241878794,419.07470327814775,70.49834678923409,362.0417512837955,405.72689375397033,463.6470135918306,0.21628214399246323,0.27418140665531343,0.06990317065216678,0.1180039193717339,0.2051436059903251,43.124580343702064,13.497349500932707,34.5364012866615,41.70211670759433,53.393599927378276,155.2463358634481,8.638655966223277,149.6466240254902,157.35165387166901,160.49820309128773
SLR_06_01,9,92.16267305252876,51.71970384942747,55.90776486322876,85.35951826810839,102.5957712279221,428.2135659817701,59.3699908258608,384.0017037924888,421.2270756752255,460.93046856678205,3.3409609759072723,3.981479590445727,0.7247746244488624,1.5514299806742813,4.405258152231267,71.61354689728024,14.015756982405211,62.99305853826621,69.74125496352093,78.59729897273802,151.91962245042177,9.340589916726936,146.36629684049848,152.26152817447053,157.65833082460972
SLR_06_01,10,197.4364534811621,88.01840629429574,134.96167029950556,183.38557025200424,241.42241513271358,493.84474855630145,67.59158277072258,440.7425396973883,484.7709866051908,533.5767441593526,6.854194962571792,5.086308150822254,3.001705361602003,6.046768364171546,8.8064720043399,104.81792413552303,18.308266651889625,97.33056931460311,103.70629790893128,116.37104693042133,128.66738449736263,10.225164431303499,119.41948649836168,126.45765225190596,138.12331513192305
SLR_06_01,11,357.9695366490615,132.6664851450555,247.28732778161267,362.30077654666445,461.5855436826731,645.6584374968584,96.9876856901563,581.7779585747567,629.8467312088434,708.4954626171811,49.8534506714772,60.937376641133696,18.64477677961381,33.43022668901813,57.04639674875259,123.46999078834627,12.38309102530234,114.8457386165496,122.76507762871523,130.3423244460568,106.68112913377759,7.460690471869085,100.1677166097686,106.69377848485196,112.87815910240207
SLR_06_01,12,223.00560564502103,137.45273024713663,113.42157784482103,208.56880696660295,306.94090267879744,738.775379918814,110.39599202329636,659.1053342084878,732.278373063406,837.0445745015184,56.288421823410836,64.99468178239466,14.074498086865471,36.45158621894525,70.30260818642392,135.9693390219874,23.84899519878371,119.92940573475755,136.4409417722817,150.1451883402675,105.25800800431345,7.2344868468102,103.04572042324521,105.92678012924915,108.26529536679033
SLR_06_02,1,112.14973801033314,83.13712095097566,42.24358641481938,102.74735670113489,154.7123822570602,729.9382300134845,108.88470024232332,658.1466278949435,750.8646595155344,815.1661884185102,38.20318122824257,66.3469582115772,3.838145833237499,16.711893257706507,44.789432128346704,149.52421651749805,21.633396568927154,133.6291904577677,150.53110269956557,165.44375152373743,113.88302853283358,7.568595916721182,110.84409558315635,114.81263530086952,119.6403853519677
SLR_06_02,2,43.515443232629046,56.164650667151236,10.575083051829203,26.914623399381238,44.5754595244692,651.9536513492097,118.29957380863135,549.1189469380868,671.3524649231404,742.8427637793363,13.785113676064435,44.35314731771041,0.07176034770996971,0.6970094126358907,4.992468525950537,134.21344041001333,19.1828336130413,121.86311840855745,140.56281694288705,150.64926999701538,122.34238042724908,8.759765150818358,117.06208737261497,123.18165381478707,129.17665418879227
SLR_06_02,3,40.507147144607885,50.09419711179693,13.000531235603596,25.015254532593133,41.306663659530614,554.7043103740908,111.73843837495897,455.67890250638425,561.5417555070292,632.6051666163163,1.3989903355032647,3.069320129408523,0.07301690006308827,0.1858260304782186,0.5506623554582672,120.75334103699055,25.51911088632467,98.47760377543234,124.71699598568338,141.70709123476922,151.67688720526624,9.318729279694654,145.7493108104418,153.2689051950771,157.36522871481287
SLR_06_02,4,102.7253027216398,61.9887061716548,53.56593682880212,91.17744510364308,123.42812898676104,506.0088615883757,110.20776126161743,421.01987050949106,501.9687841259709,571.3338696910307,2.2004128772265403,3.0075384317987237,0.556040814260365,1.1532056829100217,1.9884852512067104,104.80922208974549,23.455510089267538,91.69542294058664,102.42416947775246,126.35328159153536,150.80604419589844,10.617917109415822,142.3095202666347,150.47700141076558,158.7499487709594
SLR_06_02,5,51.649668989256206,30.497942547793315,32.43522883559514,39.38402071283136,74.4468558424173,493.5912494377067,101.2399039542348,417.74605076377753,484.956813675684,552.8220177550011,1.3996954694328827,1.5017609696614633,0.3424059356125298,0.7860540002498355,1.5977610680282075,97.14175349941017,17.52679158210363,84.1567064301638,93.97117141386815,106.70161919640367,161.44999322246983,9.757286290780801,154.10605519360763,163.0439086688418,167.55667557644108
SLR_06_02,6,3.277741072609691,2.3409554203105536,1.4560242481459376,2.4965556179371,4.733118791643882,454.010858764913,80.32123697241273,396.9792993879469,448.4522286030172,494.9512861106228,0.04938885607437108,0.15885696816024295,0.0009238652290439364,0.0048442816999981625,0.01875156538669274,51.75507608355224,14.70724115303085,44.0687483346877,52.61440009569291,60.34965894679809,156.3509867048764,10.455396905970076,149.30082500771988,158.3326131944984,164.1408807982379
SLR_06_02,7,29.50742819753484,11.916377946305117,21.563505422970305,25.276160420539107,40.201480269125994,428.27481163500494,69.85690139978996,376.1886505945511,421.0840106621864,456.84243511666665,0.714270972171312,0.6368635648704589,0.28801566224135633,0.4640453205229219,0.929085951557119,61.420898248849326,16.77547106427114,50.43223371435529,61.41122914452504,72.01253437959699,160.04766597943672,10.144903051066782,154.1854780913015,160.13440386254766,168.1184502350337
SLR_06_02,8,36.627600576430055,20.02148068329744,18.88155751269016,33.0221226830079,49.429961951591785,417.83185433389565,62.99671628676619,369.63329215183813,413.7350769673754,440.8989496419614,0.5149338741757472,0.5231404871168196,0.15977386003753036,0.41906401570341245,0.5614815056296202,57.76691079376413,16.27192280214176,48.11200641080358,59.89917885920653,67.79124538002756,160.78991906731537,9.457786851040748,155.25629203153676,164.12623889617072,166.94675094536194
SLR_06_02,9,91.80564222715086,51.78442695828861,55.046393533285915,84.3111555792415,105.96675783266664,424.99971241814507,55.72808045930464,384.21635083096334,420.2355993647181,462.9118330575608,3.3831971389755973,3.549570380450998,0.7440010932592154,1.9612348093772418,5.106061660014667,77.61873616522517,17.89911244844305,63.29763839862403,76.82457248776765,87.87900386799706,158.3001455218061,9.81350620028422,153.18712629872897,159.62411562843715,163.676093836714
SLR_06_02,10,195.06541554920972,90.20525125552123,128.4777550583483,172.91808183365686,239.13722253557495,479.1207410326444,70.72112739862168,417.39177239738854,467.98427985184776,506.5020502725276,6.087907846360442,5.930449565821058,2.553295232342955,4.399554483508731,7.3969469428699455,105.38912293729842,19.907908977339655,95.87693839248782,109.03015426709592,114.8384760178548,131.53919325482482,10.241756112875109,122.2867823049662,129.44644828336664,140.68692383822864
SLR_06_02,11,378.8894359843055,150.34662927852384,256.6017530791092,371.72964790447236,492.72736645448003,627.362312331884,99.30021302515958,550.5562463433438,602.2851697438355,668.3310077346372,56.693545248736044,70.28510636964779,17.392699399551248,35.529327743820424,60.91226428873067,122.12372011056439,13.319225376373167,113.4402620791051,119.38535968531173,132.99698072051058,107.13371409175923,7.179135878004565,101.3047832586722,107.42103518232383,113.52315854764825
SLR_06_02,12,249.2646561062537,152.31406552593867,133.77036274877412,239.98425692454083,348.37704091527576,747.1983067599092,111.56973545609729,661.4356444841783,762.1278061253803,847.6844025847977,88.67010411828446,96.6826405473611,28.09473582650005,52.57616146198289,117.07959823313018,140.34308056239408,24.72397118743552,121.11655311694291,142.73321491270968,155.14396378708165,102.88168900635371,7.431001088252916,100.58671529419702,103.66823212409399,106.22967446773765
SLR_06_03,1,131.6268644017383,102.62362315485534,50.21606108872706,119.13134857164741,170.09837154339942,725.9984285185329,117.09624636859147,637.2223298847371,749.4802018572238,822.5081785711257,51.7623299285922,91.43290086168189,7.577513686697243,20.367706234744343,61.57823822327106,146.63445794736046,28.032812979053084,119.76388834644877,150.6814999915087,169.57755125157746,116.10056789044226,7.747340077453201,113.17078092713902,117.26445232749907,121.926449151345
SLR_06_03,2,47.41556347583806,62.19250443009248,10.81390739178459,29.211848805741415,51.397612754086566,658.6267646242834,123.76093272018933,542.7972727907022,676.6920956796337,753.4323043298034,18.88761414249973,57.26843209144016,0.08673282366218421,1.5118485478998083,9.170700979056061,132.98651258004995,22.83657506719234,119.62542627542676,141.62530745613836,151.18725459310687,122.24741245756339,8.811813507216579,116.6620478985291,123.10339373772928,128.91248448725173
SLR_06_03,3,36.84409421606585,45.13161363676257,12.564488130498944,21.997446144412272,40.67387941981507,564.9708486140834,113.39462335923088,453.3538693156159,577.059214833873,645.3832030578877,1.1564453951555789,2.312438449150398,0.06688023858296596,0.1948617153615222,0.45352152256727474,119.0882996358664,25.474038940086825,96.42700001185045,126.29316928102031,136.70417594952454,151.60676033442377,9.016113777588913,145.97152151192896,153.30174840222955,156.10080597637585
SLR_06_03,4,89.83677409054434,54.302534928745786,43.20412075451211,79.74840376960984,109.67111701420055,502.9515052767735,102.7969724690672,411.96156231596564,515.608912534492,573.2617706138944,0.7443040083651977,0.9293466067855417,0.1489067648956486,0.4078575438773172,0.8238547539558804,93.1882192502526,21.8156145441124,79.15998471575833,95.64746339630827,111.69892022595306,154.796957018318,10.017686919418427,147.43352644491682,154.6053747915359,162.14710940797704
SLR_06_03,5,52.92581988390338,30.728151850467544,32.507793606606526,42.17651997566723,76.26041434202008,471.6740957298927,90.40340640852436,400.8179828482358,480.2594748281778,524.0331992645223,0.46879807005502605,0.4897027471378909,0.12896906684013762,0.2898991853945167,0.725494922217357,78.45875031948889,16.881698187715717,68.73318171944327,77.13241257620389,85.91261921846666,170.4870840163344,9.535299104647786,162.54468985801168,170.8113570164001,176.4164124051918
SLR_06_03,6,4.5451484213722635,2.987476633016309,2.3453790996174364,3.609304811472512,6.495428184090743,434.2083845925994,73.91154941962346,373.05967839667085,440.41351169407096,475.1079022237602,0.03045774933744709,0.04904518117333504,0.00674992258866585,0.01860941163301099,0.027183125667656925,43.72750323842107,12.897540106347494,33.56381417170779,45.72380806674008,51.40865394344631,167.6243730363466,10.927949722992004,159.862718821985,169.69648430942374,175.86757926589527
SLR_06_03,7,40.424184126567255,17.515037823361244,28.491618908864424,33.93421959383956,56.24449068281845,416.87021705380545,65.17705052491979,362.6480975005965,417.04056719875507,446.13412769377874,0.8952087584691236,0.9035041528535919,0.35483474862424225,0.5568993032252787,1.1852752756638683,63.118574340563484,18.69463761508271,52.66895852598374,61.83137023394632,74.73081984598447,172.23954074876335,10.200853628031242,166.2031383234882,172.59904019382446,180.43662987775025
SLR_06_03,8,44.3071385778221,24.119580401445756,22.605295220083597,40.831438168179545,62.89550329143975,408.8581606906743,59.1249502547402,363.72583983946856,407.35133203103715,435.7578060124064,0.6971630404805881,0.6931051313216886,0.2603941017472584,0.4884160209618701,0.8738533274083751,58.7759570709958,16.33346204133833,49.10074908442449,62.71223756519401,68.51902119189572,172.83592353100207,9.526334212179286,167.83889153913992,175.58102596488123,178.81476714223658
SLR_06_03,9,92.8435799064821,52.98719168475522,52.95845211407965,80.8470710624089,114.04805603198227,407.9070401876188,52.374126285450586,372.66942611453584,412.04254777281227,443.5646753385294,2.2263329842907367,2.52842057353222,0.45405471176681766,1.1599119096832022,2.521844534516579,71.1689097210188,20.81576947693191,52.920665644545736,72.77961138039669,84.82016362905573,166.85733739757728,9.70914560312096,162.22031314068738,168.1118476586633,171.9760379866357
SLR_06_03,10,187.21110292249264,88.14163543985036,122.2809064320011,168.8645268400898,232.86691518914228,443.58579052929696,62.77646363864467,393.57699500644827,442.01422640953064,475.4957254203404,4.9771540189384185,5.634814102838234,1.7648785047071796,3.695010192112919,5.496778753985625,99.38046749214571,21.426423896159683,82.84491341716759,104.49312897681628,110.58104811736872,136.8556028322467,10.057694615779695,128.15009412427713,135.05409025471587,145.17116753419555
SLR_06_03,11,381.51209423132605,161.58570731278917,258.56996726219404,373.92645150674593,482.42540652090224,595.3795028134948,98.05022638581914,514.1397211584276,589.6678894601506,659.1138782837755,61.17222617600087,76.90035540368496,16.842208297606906,39.34680635423435,68.05460502950804,122.02074950453834,18.620376991725134,110.56249556607443,118.237689441156,135.37116260036612,109.28712648567426,7.094494952353748,104.1877035714318,109.82517224334072,115.61451466239143
SLR_06_03,12,265.8936572981717,163.97370059915966,137.7079386909334,256.4294980460572,359.2061774387663,732.806253183222,121.18582382347597,657.8210006120557,748.9246874971652,843.5340342420551,101.9650983946279,114.23639745031393,14.51869167114178,64.3800320436168,153.00773394356585,141.44398333573193,29.63460169646829,119.84753331044385,145.8311734751614,162.99989301731733,104.9637707879481,7.521664763822086,102.93825622949376,105.73526986690743,108.61836592162555
SLR_07_00,1,74.53526863333333,47.29685930751133,35.5471975,67.70115799999999,105.6699125,719.067554,76.74455392411252,651.6162,731.411825,772.31105,6.812868157,9.800673144778363,0.6359574675,2.1703039,7.7535355,129.6432557,26.142444567914435,108.52658,131.625995,150.6700375,133.6156988,6.842994065317166,131.319355,135.37742,138.46855
SLR_07_00,2,36.162069136666666,42.83637162415681,11.71922125,21.4157045,38.6252345,641.9747083333333,75.45226610914048,584.5817824999999,646.3584,685.14729,3.378534008,6.930626371568073,0.1775360825,0.417827295,3.0728397249999997,106.0755528,24.870248808680945,91.352228,109.37893249999999,121.86340999999999,134.98913966666666,8.826427548018565,131.25161,137.37258,140.4975825
SLR_07_00,3,34.847245879999996,43.36532169091448,11.49208475,24.8926565,32.384218249999996,582.696721,68.60124735334026,533.63326,579.1859999999999,603.159375,1.5686808232433334,3.3217764684279105,0.0867406015,0.23372284,0.9717144500000001,74.31403783333333,34.093147492787985,50.1818355,74.11534499999999,95.18110874999999,161.38838666666666,9.586752564159363,156.7508,161.76613,167.0040275
SLR_07_00,4,86.54699763333333,55.382613087071505,54.387452249999996,75.607025,110.2913875,572.2602916666667,66.47133003954953,524.939595,560.73297,595.910435,2.340281532,2.8997342891136064,0.52160676,1.21291335,2.7144890000000004,65.14235116666667,33.54931356110084,41.6805145,57.312473,90.18399,156.63451633333335,11.003595409940894,146.2532275,157.217745,165.4693575
SLR_07_00,5,36.531201333333335,23.241488860528026,21.14220875,29.5273695,47.52245825,571.6647346666667,55.19450728069733,534.0308749999999,559.606475,578.0985875,0.5312619806,0.653836178022192,0.15953034500000002,0.330275615,0.6213828699999999,60.11197163333333,20.204525061422643,47.78343625,58.3596705,68.715285,164.177095,10.641716105477421,157.2088675,166.053225,170.39758
SLR_07_00,6,1.7615431688333334,1.5782021937868,0.72365005,1.02115975,2.430107425,549.4054560000001,37.68051411600289,523.9947075,542.8922,554.2819575000001,0.04162117654,0.11130396071070521,0.008129477,0.012984691999999999,0.01689955325,26.52016965,13.378561744008755,19.04412875,22.164864,29.737015999999997,151.299784,8.965961925373406,145.0983875,153.1371,157.366125
SLR_07_00,7,5.667343203333333,2.142403067280941,4.129039125,4.88690035,7.550106875,531.270214,25.925144218699,516.147025,528.4778699999999,537.014675,0.009141885756666666,0.0053659743399735,0.0051396544499999995,0.008669165999999999,0.012823109749999999,12.711581156666666,9.940790216038028,6.5399893,10.0549355,12.73543725,151.32795533333334,8.80616615162461,145.190325,151.516125,155.3306425
SLR_07_00,8,15.335016243333333,7.902801038825773,8.917387375,14.1160475,18.17699175,522.7483090000001,19.05276919346681,510.50829,522.851485,529.1609125,0.013320017883333334,0.006626426852952437,0.007974308125,0.013024511499999999,0.01855187225,7.0313893499999995,6.110855409503345,3.5650496499999997,5.04249715,6.440082575,151.51118366666665,7.813675761133652,147.15080749999998,152.27742,155.9459625
SLR_07_00,9,72.54663563333334,40.923395509972885,46.050270000000005,66.35767000000001,79.996065,532.5757126666666,15.368816091070876,523.46878,533.0158650000001,537.96307,1.7956933573333336,3.1970374613731214,0.28401386500000003,0.8695945199999999,1.6996556250000001,40.27806946666667,12.29058326011272,33.43768225,40.919764,46.86275975,150.28225766666668,8.308911302544784,145.672575,150.12742,156.218545
SLR_07_00,10,197.24184156666666,86.1139279679411,140.73247750000002,188.83498500000002,244.35684999999998,585.5985413333333,31.507784416022528,567.8699,579.7390800000001,599.792725,5.709425454,4.501519930084634,2.8303047,5.00465165,7.083912175,80.87746473333333,17.841159607198595,71.4718415,80.77329499999999,89.7886,133.54817046666668,9.874225459927231,124.64032,131.19193,141.2943525
SLR_07_00,11,362.83148766666665,133.98078700840145,254.85454249999998,363.48312999999996,450.696825,715.2302603333334,66.64642648491501,667.5514000000001,703.52035,762.893695,41.80355815,49.16313241277097,15.87493275,28.018195,49.30431725,122.90555563333334,17.658242168470515,114.036411,124.57038,133.94342,115.362795,7.418799884234957,109.61854650000001,114.985482,121.843548
SLR_07_00,12,209.99333049999998,138.5816971500009,88.3038925,205.48861,294.140345,770.9595566666667,76.47821389172348,705.873595,776.81637,825.1650999999999,52.43254910566667,78.98565071544499,8.916228499999999,35.7856885,54.995449,133.17272753333333,31.58033998292877,110.5228575,136.254245,160.06239250000002,119.84021486666667,7.106364188083192,117.20564375000001,119.78064800000001,124.0629025
SLR_07_01,1,86.72751549990252,58.13926170972287,33.975785150908045,79.92367812051705,128.76340384180202,723.7011323291008,100.29559674736984,648.1642577918839,748.8493767293805,800.1274284920547,17.99993507199788,28.099967770871867,1.3929045198243974,7.614059469206232,24.53042032758602,146.75119246406246,24.966743432390395,129.3205448070924,150.00504158972888,168.00063487487495,117.73495245281676,6.771323747043877,115.32745162560757,118.71608312951716,122.5336161175515
SLR_07_01,2,36.30408561946115,44.555523026599815,11.709393162894223,22.117459030576256,40.07077937457366,638.7257562624252,102.8953640766357,565.3092617455117,656.504216484906,696.4829946732391,6.400464461020788,18.296499734315383,0.1222368053819172,0.6100269722001771,3.5849369983964663,128.6275970779472,19.783565855160035,116.38494218392675,132.46322084312874,142.25362507410264,125.96983152817576,8.278714599675972,122.00616922921003,127.22486774369082,131.4556732803718
SLR_07_01,3,31.856611357871163,41.54308429053552,9.224464316262894,21.079225334211046,29.706515065039167,550.7698796977327,99.49348436158432,477.46789778936864,554.612993163229,603.6691001025806,1.4523652301408163,3.342440861656812,0.06773212640570511,0.1815565466184868,0.536383370904016,107.01625785801733,27.203736467812963,90.91924135111731,106.69597926199442,121.2226420410531,154.7197944429917,8.759042924929398,150.28417144054413,155.5403965558353,160.27639785688973
SLR_07_01,4,86.66586019719483,57.380645032165276,54.75666202565294,74.80477163853182,105.0867656384168,522.1470579830225,105.81737882104208,440.7851605887963,523.3680831806805,562.6277553913658,3.7107086471535524,5.85688705289635,0.8129968971631567,1.2068087085739447,3.285132975782059,92.06287481373026,28.500289473599974,68.40445831136947,92.30861138958875,112.83149362487802,151.69956093841827,10.368353789167855,141.59279578225662,152.12703205262136,159.85606553210908
SLR_07_01,5,31.08838692721819,19.49118032855534,18.982527032888964,25.07236828875406,41.60010461251922,511.0396781412666,102.87505868383717,419.59235613291844,506.9990476775083,548.2378351482737,0.38981868269838404,0.47977637863396894,0.12491027627144574,0.1947826020599279,0.5694357658631845,73.85960698935105,20.4316146125063,63.844269142881814,69.45147821195481,82.75909733416523,161.88550859090125,10.517128928509043,154.90311096562306,164.0371645974218,168.39332538209447
SLR_07_01,6,1.4892762259568975,1.2690398901003983,0.6066580569370144,0.9262260182305687,2.3102061305542865,471.7229704676889,83.55441416897203,398.3266832938952,470.67929808375845,500.63055357759663,0.025339324114844665,0.07230648903742541,0.0040435993236919154,0.006641217715941949,0.009524636799795066,39.63103715238024,14.967333483223468,26.17795567497037,41.387029469560304,45.66340155618134,156.40127240857953,9.96635733090423,150.4022606693327,158.16843997228045,162.87016065594642
SLR_07_01,7,8.056079842701529,3.047467123866195,5.82907497734551,6.914773151225388,10.650869809252782,441.81891339163707,70.67821149553315,378.4523099309397,437.5986209935883,468.1633970407089,0.03586155393163777,0.023230299302307928,0.01599456125446905,0.02913943761393071,0.04714552545137246,31.41866884562904,11.70370874081145,20.08960500634081,33.47956188001938,36.87826193691074,158.3732645545776,9.687293824847316,153.1348386246309,158.8474274601561,163.9488961181861
SLR_07_01,8,16.753671717672667,8.762744626169034,9.439128531769633,15.278011115289225,20.95859003637395,422.55847298996235,61.247144073909574,368.07394443936823,418.5010822721566,447.78033530814986,0.042292184557253906,0.032469120520700986,0.022617169029205506,0.030147430142487573,0.05255586426486359,27.994071305433142,10.218410761046865,20.458748193436207,26.901424467680286,34.415661151068555,159.15543277041792,8.875813926151793,154.55438260588255,160.20074626696146,165.5918565590378
SLR_07_01,9,62.09565804267929,35.401046131226394,37.678234244834805,55.10662074092937,70.8117104478126,419.6124259016598,52.099038420205666,377.4435665868785,415.2109205378308,439.9902419910598,1.2118646670447764,1.632744108823971,0.24396566576650816,0.6182977133466503,1.5020930774396917,50.16718449419331,12.718691873357,38.55195493881972,48.90558562485701,58.15313618849024,154.35669475766207,9.322685497358618,148.76029775190648,155.4901763204426,161.03848982556414
SLR_07_01,10,194.4456903405706,91.82635903931619,129.66819143296587,171.07129075941674,233.8955651433131,468.23809699138576,55.08124766087388,424.6872805838506,454.1379889694904,504.2982878469103,5.979196879867748,5.4083018901189055,2.2386500931248183,4.7853792946190445,6.780750077692234,90.43196113113454,19.42764157106331,80.74586917047415,89.86766328800175,98.96551075335238,129.93463992481858,9.508774630164126,121.49549344448056,127.98805391750321,137.94859933512106
SLR_07_01,11,392.42236114485297,151.37063050810303,260.7281228496609,383.75688051299664,483.9558301361087,646.695589659355,95.22816768061828,598.9809529081903,633.1652070562566,700.6126614212003,71.77559305287416,85.75895184748924,27.133336912807934,48.07015008337102,95.17554189341317,123.19869104966354,17.322097393896428,113.10381674297744,122.22635150137086,130.82378069185634,108.00645619517519,7.136366115941325,102.20163784164299,107.8541103292857,114.26730567354399
SLR_07_01,12,232.14744107550948,151.37739040342865,99.20399079808185,223.67986087194976,322.2548887300528,761.0637326498759,106.18887969600148,669.0666825876178,772.4615751817923,858.588932336092,80.62765196556079,93.66452355971553,15.574736395046456,57.53373594707727,100.25850250537356,140.40037197695253,28.703603652572337,122.39391006036952,145.94563142545343,156.75834121724873,107.18337413475345,7.2012754762950735,104.84399868266689,107.80704159733668,110.25662438419208
SLR_07_02,1,101.6702090023522,71.10404933341253,37.93392997608553,92.86195455012324,147.0638178923739,735.1220974346038,101.12085117958736,679.2826181296116,757.7334438675874,817.5082478159899,30.172476589568728,50.105608783570695,3.848707772853765,12.696564373922797,37.29983676872956,153.87819039943963,22.35016484830967,136.8957386302165,156.2979990043439,171.22242665715703,116.2566974594103,6.900671732898513,114.06441652203054,117.15256287107673,121.26771244967489
SLR_07_02,2,37.98947353817128,48.31364518718477,10.905693819520202,22.719995888485915,42.32246947689961,647.9381045101408,107.88605079735039,582.432445597588,653.2236769276359,721.5749209739756,8.269118852564544,26.64027929029727,0.0525189238564939,0.5581197338968742,2.4798569860066735,135.9033380683422,18.732408802219744,127.94445303019029,141.43587649060834,150.10640181553055,123.73402091020634,8.018843077783746,119.50632031257271,124.6980551050867,129.2156089737248
SLR_07_02,3,32.176189078886395,41.70773531785723,9.58342321228892,19.528845642669403,32.11944165204305,545.9977403711226,99.65410141994727,484.86573663136943,551.8985673646919,608.762664574612,0.864274037975537,1.9119064877882894,0.059129186306099674,0.1570080899418554,0.4107508182938624,114.9392002254572,24.861261122933968,96.73642895995944,117.21285808903872,131.6107173032632,152.48731556495824,8.375854842465422,147.99464601942182,153.7696751929023,157.41079729571425
SLR_07_02,4,88.56976920412207,58.13188417871876,48.25413300573703,76.27522824004814,106.2712458499572,500.96035736151487,99.41902697049849,427.7190728711109,501.1416168750593,553.0179096833301,2.242936989963064,3.5989305350811263,0.48236227705005175,0.6520314697206016,1.9405513509824488,94.03170999766144,24.201361213644727,72.4304946975605,93.38083795104043,114.74180614492624,151.88684335006582,10.05761289535078,142.78501246054725,151.98874956504315,159.6276999454321
SLR_07_02,5,34.041708890299624,20.736882707785046,22.25946308688509,26.908887614896607,45.66800654248538,484.2043734481976,97.61946588819279,400.1596372874717,473.2782189450612,526.8854907996285,0.5428235456922603,0.6067167557982577,0.1324568971219497,0.3009136857634266,0.7248572957251649,77.46687447365763,19.06516715828402,64.29180965793097,74.08107508131596,84.14397128760538,165.09903558415755,10.172896064914715,158.5038422353847,167.07468578139787,171.1646168006276
SLR_07_02,6,1.849178153648771,1.370773036731501,0.7557335179157175,1.4354865297410457,2.713928341793829,445.0372204441646,78.61826109984327,377.91150517969436,436.20215557119815,479.85750895876106,0.022568071227052105,0.07125515659541719,0.0018525087866219157,0.002369470677806509,0.0064392371715396605,42.33767334619028,14.990877948864846,30.645114437172097,42.103165252947704,51.13094266329629,161.92560435428356,10.476858382056472,155.08150234906554,164.3237087859406,169.701627453517
SLR_07_02,7,14.686523051391186,5.775437466771315,10.799212160801552,12.516115829387651,20.041387301864354,418.05438357218924,66.62952639385439,362.05658480717375,411.9326985944052,443.1744333413228,0.22143170825410705,0.2235332924882481,0.09611234314665766,0.17427982514419688,0.2577520367237455,43.683150169611366,13.906565621292527,30.858331013408286,44.84539309818315,53.07528723550438,163.60215800991955,10.038043357163314,157.22353641504938,164.15417846896185,170.74354835259965
SLR_07_02,8,25.4749206166459,13.379679061998138,14.425838401582867,23.108910713873115,34.171966984713485,404.5858897782098,57.589216775717404,356.34249265075437,398.33051342530814,431.0439095336187,0.32447810419401135,0.27632170581518245,0.13520898771371676,0.2465426519736887,0.4333667455733864,47.77303946797523,14.126520522215472,37.84392105311907,47.96238715405617,57.2892346363376,163.99801157700674,9.266757142250317,158.65490258595352,165.50484460431926,171.00132286380386
SLR_07_02,9,64.5166101453079,36.82263634780451,40.37720693785082,56.27157556842259,75.55720317375108,401.48108043729803,50.028594693794034,358.2175711954675,394.3919864265463,429.81662468758236,1.2960512461782558,1.7255360724575768,0.31545363977195084,0.6760463655590842,1.3889929802240568,60.14479691114248,17.43727975249794,45.78072666981639,56.771205755381686,74.81494863127782,158.47100737664582,9.399795270022327,152.94389593017536,159.33833766232834,164.38835743297813
SLR_07_02,10,190.9653131524534,91.85088504127565,126.78933549628152,165.53105430218514,231.9441001101512,441.4156959631106,55.28140035327353,404.41158902573204,434.7034523977512,461.0900275000297,5.028280686011171,4.788985244412057,1.8373476872109409,3.7369422301501842,7.156789544170649,92.07891955544615,20.23325950907816,80.44412454611214,92.3893493795354,102.52543086981355,131.61772234932556,9.426263842285907,123.23909904328895,129.52411315973868,138.98204119989725
SLR_07_02,11,402.39249792024674,161.12616472438899,269.7453947993246,389.9683943226124,505.97613601091837,620.8438455550644,93.58877542289474,565.5217535395957,606.4301128889099,678.950722895412,72.1411117668006,89.27765858289197,27.06300568041,41.81475312400598,100.89768580021448,121.73055654695372,17.53594532794504,112.1467327952736,119.1642105756458,134.26151864737744,107.7447787007215,6.941848138166582,102.25519543132714,108.08563044974724,114.10091774346496
SLR_07_02,12,247.497052891431,158.191428000548,114.54714210933135,237.74296612818387,339.91971848616043,758.1617842446292,108.99961054701976,672.9777953557013,789.9033494827208,840.284021150396,102.37915478531227,120.84083545657421,26.361142817946032,48.46662267232594,126.20570903872228,142.99012185097965,26.930957785699647,120.2759711071343,143.2573857009333,165.28212402157266,105.2448933311462,7.281118484693244,102.85647735703618,106.5703375484082,108.22781234508791
SLR_08_00,1,68.3575527,43.655125186580385,28.60232275,59.112123499999996,98.96943625,738.281069,83.6727230885074,670.6803,758.159775,799.3343500000001,12.015732148666666,15.974676669859253,1.3636819999999998,6.0031464,15.56567625,136.93472963333335,28.954096152543887,113.972351,142.52409999999998,160.4521875,127.065,6.116186410411028,124.8775,128.66,131.08749999999998
SLR_08_00,2,28.809482796666664,34.97432726841322,10.284007,15.1724465,30.054171750000002,659.7000703333334,79.72081955996536,604.53856,668.93968,707.91602,2.661914271333333,5.228081667906392,0.071727035,0.19501089,2.943775925,105.72042516666667,20.30718739901552,90.50261499999999,100.03031999999999,117.00288375,132.07583333333335,7.792256997121911,129.13125,133.82,137.72625
SLR_08_00,3,22.814152970000002,32.08884908810357,6.747189075,15.040079,19.0166495,582.9536016666666,79.98760159141486,529.8558625000001,583.95135,622.79075,0.8956135645256666,1.8741234482696165,0.03176012625,0.108192025,0.3976641225,93.40520353333334,18.717769543691865,83.226483,89.41102000000001,100.83627,157.28033333333332,8.381152493925683,154.79375,157.4575,162.2075
SLR_08_00,4,64.00667606666667,46.43878190989911,35.07420875,52.0230885,83.7105505,539.7982486666666,82.3135485892068,476.868925,541.99942,592.9161750000001,1.8224732454,2.4161090674534202,0.26846687,0.71220073,2.4387742,76.31303916666667,21.67257585295936,61.53964325,71.31347199999999,91.03426375,157.23683333333335,10.486725556735939,146.905,158.2825,165.15625
SLR_08_00,5,33.71781623333333,22.431786269692083,19.7777015,27.782253,38.56829275,519.5593846666667,79.79568007205344,445.624405,522.75942,565.8670875,0.5077060109666667,0.6225063559061327,0.1020901325,0.25888863,0.60628945,70.77724029999999,15.457451893508631,60.337488750000006,67.338988,79.7560375,168.38500000000002,11.438064853208637,161.50625,169.145,175.7175
SLR_08_00,6,5.571618336666666,3.064101064719914,3.436997925,4.437547500000001,7.64763895,483.96567433333337,70.46418386826424,415.6438025,493.44984999999997,524.2988250000001,0.01047891751591221,0.03019649939332723,0.00039133407750000003,0.000719752465,0.0069548325,41.877194300000006,8.83598362911177,35.97086925,40.9995685,47.246059,159.62800000000001,10.12648802177597,154.37375,161.935,168.635
SLR_08_00,7,6.041305316666667,2.168368091981708,4.267440525,5.58037545,7.907485525,448.5447716666667,62.31062946968189,386.965595,455.524175,484.8953325,0.0004033206931602321,0.000668321884853918,1.6184108999999998e-05,0.00015263397,0.00036877756249999996,30.693465666666665,8.048987437942579,24.553146249999998,30.7199145,36.1806815,158.60233333333332,9.396034814212058,153.98125,158.4,163.64875
SLR_08_00,8,24.598764833333334,11.2811845497353,14.87160925,24.015389499999998,30.62324275,428.139715,55.901437605486166,374.29093750000004,432.55987,459.6078075,0.08439650475999999,0.09541158020498211,0.0345859535,0.051399076,0.09501632374999999,31.607077866666668,7.950247387705105,27.65354525,31.637523,36.7463075,157.97033333333331,8.681892366153315,154.07999999999998,159.21249999999998,164.23125
SLR_08_00,9,56.28002393333334,32.72552153313262,33.5868895,43.7651385,68.322911,414.3291553333333,50.89919501519608,367.478675,413.776855,445.7001775,0.5051038968866667,1.0007217335472394,0.052338666,0.13881268500000002,0.3164080375,35.86052593333333,10.921487853034826,26.265182250000002,36.488994500000004,41.0804555,152.66033333333334,8.91771647488508,146.4175,153.6875,159.67374999999998
SLR_08_00,10,205.90046963333333,91.28186850660408,144.11305,186.92919999999998,250.72764999999998,465.70911,58.43806348596065,425.3750425,457.90057,508.8647625,9.00976588,7.561451618860867,4.076408525,6.1724487,11.5039575,83.30343243333333,20.315534226792277,73.00979749999999,84.609918,99.19030025,130.6195,9.082210192610527,123.30125,130.2075,137.16875
SLR_08_00,11,406.8255853333333,157.21298028771704,293.4564,406.21684,507.60344499999997,680.9572086666667,99.30859471990627,632.6870125,677.604245,732.2515125,110.0255618,111.5830211706075,34.71669850000001,80.57672,144.1581525,131.45063883333333,20.3309989305481,120.10829,129.686805,142.6012275,111.16366666666666,7.361846883780584,105.9825,110.45,117.8525
SLR_08_00,12,219.8313598,151.37447394073166,87.8200425,206.447455,299.4932,785.2684876666666,94.76349371922123,717.9026200000001,813.6403,866.1019,95.03706428956666,112.02201073524836,14.6967045,71.11142,128.26664499999998,142.29942883333334,37.883920990524096,117.00433,147.31614000000002,164.90868749999998,115.15166666666667,7.426823511519874,112.36875,114.495,119.37875
SLR_08_01,1,78.58027549772223,51.59190545289305,29.767706550993555,70.50024279483421,119.87696006245831,743.3864168857688,69.96245511146402,692.95300355619,759.8324950827582,795.0565055277757,11.804783550820794,15.168662929948232,1.0088830750565367,5.162102630738609,16.359658829327657,151.50060157958532,26.931739784745215,130.931271090915,155.62311598051315,170.59643502879342,126.23761892092082,6.093756648741765,124.28090256653336,127.75973629278737,130.1777913883681
SLR_08_01,2,31.95370224384946,38.92751806324703,10.95090885595529,17.305041021091686,34.20404204634902,652.771286751396,68.41933800945301,607.9637506758665,648.5040218456303,684.7011574883363,2.6654892120080893,5.25125100463527,0.11714384166695212,0.3411199860202884,2.290101274330124,115.82456041077103,23.485188250492136,107.76162596209494,117.04893478917839,127.67978606429607,130.99300985413353,7.5912573936446694,128.50753730971456,132.4987796743056,136.2381289572076
SLR_08_01,3,24.59977309302498,34.16569058872221,6.9335203721194185,16.22166554251388,20.42185311676439,576.8763747449354,56.859703747270956,538.3744530703796,564.8655212253132,597.8338259587136,0.5313976340912949,1.0094514515990995,0.025283109818316492,0.0790488101624219,0.17392810676020207,75.30285539619871,34.24275546249527,54.615738956540554,66.36466633696193,95.48104693027365,156.486264258524,8.009659400324765,153.80859541514644,156.31682304672637,161.1405502912562
SLR_08_01,4,70.86456601240965,50.921687484099344,41.51925471583703,58.117987196672146,89.21775438992931,555.6148877774729,45.92607023386502,526.076062844871,543.7869321565554,570.9332691309461,1.3899188779255311,1.6787195660509335,0.2939087392475407,0.5583720557129928,1.9854635426303766,50.538012773071856,29.762696771690674,25.344531223063292,46.172537500466305,71.39679584510019,157.44831302481296,10.336543107683083,146.96952495797052,158.07869049182705,165.42806731231246
SLR_08_01,5,25.971976800576638,17.526571334156404,14.599662844524778,20.627098701082254,31.405384568581734,550.5489713728695,37.95293492213442,524.0653014848766,538.9514753279782,559.011215380893,0.21011538029521012,0.23935437020498224,0.05682152515699866,0.11027311985626619,0.23211431064836924,37.89223747930904,17.79980611423457,27.61792340013102,32.15231126361973,49.06900864246296,169.83463281434254,11.40369098775602,162.5066093329454,171.07852388972856,176.4569558213834
SLR_08_01,6,2.8680626499297848,1.6925377860171604,1.7217960157739682,2.1175802883606556,3.8847831441926433,534.0177693649625,23.134732295254043,516.6828595246168,529.0637133091109,539.0911403442699,0.025328510470038406,0.043684990108595396,0.0111540162694758,0.017513020333616548,0.020209486709687335,15.6732786922151,12.67522821299095,7.672970892639261,11.839680883719701,18.018962579380137,162.50725323498202,10.455877431897305,157.4028890065456,164.3146450140835,171.24425815241815
SLR_08_01,7,3.9476926616445005,1.4345024198276706,2.804711987917998,3.3780204989036946,5.221330652848488,523.5337338170641,13.207738875603347,512.2084549011735,523.4658586867772,529.2583420570395,0.014568394100940069,0.006265302531287184,0.00863495892784625,0.015259544840403774,0.01888222801637249,6.819958786376129,7.65969357633045,2.1854327511784,4.324222542302133,7.141807844349872,162.29265368722037,9.82981900160928,156.9259785529648,161.68417212219407,167.72915356345334
SLR_08_01,8,16.777673079326142,7.871022484768327,9.64618454002242,16.576706836852445,20.85257701938377,521.1378348071721,9.206263657730888,512.3381231484749,523.78255135537,527.1286297120563,0.05525444710356937,0.05675954711709997,0.02758354146557745,0.036332274061946314,0.05771426640978293,8.620334237566391,4.373062066123123,5.751734244781577,7.75902538897987,10.354635475485683,160.9025939875472,8.987075441703459,156.79183519222426,161.56395704008196,167.56744465158036
SLR_08_01,9,49.926919963639,29.511647583472325,28.715160550302294,37.708963150684326,60.73030964707622,521.9606241323035,8.672567441792046,513.9181561198483,523.3874922656018,528.0737308202688,0.33576783264800875,0.7100031391426984,0.04625188715025648,0.09284637339234192,0.2678553465548161,14.28218333459233,7.773759735052676,8.759424956779466,11.54529149354145,17.80473523337094,155.13355855629692,9.144667375061939,148.90915992742006,155.88351890198646,162.47904402970474
SLR_08_01,10,196.95834203165595,93.06532337298557,131.16176977789104,168.82674583680495,237.05529345278728,572.3677190641414,26.49207764104917,557.8902639881742,571.4934553127389,585.1614064655645,9.784329699707177,9.220927739322406,3.5049891644249467,6.317017605990797,11.64633110590693,71.82274233886857,20.221143353371588,64.22597104789259,74.36018096139072,82.6992490365873,131.5706920508464,9.116434083193287,124.36155563735349,130.46898960017802,138.68073931022036
SLR_08_01,11,408.6480050703686,159.87112210185907,270.2711460857658,401.0442180098269,508.5045199166705,744.3805495764833,73.12760609349743,696.6918218232133,736.8817507476291,804.1626259482708,110.4274299508419,100.87113391587098,38.13995151412626,99.7453811776207,136.4666108790255,135.2003204434041,20.797197605023616,121.76103927377915,137.72958394438933,148.10497848321216,111.18526379556788,7.130059536350202,105.88953836602512,110.92782899252106,117.54272113295895
SLR_08_01,12,230.1049749443642,155.85106967832817,93.06576533572583,222.877286136044,322.5863816863274,808.5183879869544,71.02280544237486,756.330933066748,816.0077413059134,869.6575912256442,97.67048086764126,110.53829857925307,11.393952732268083,77.762303228993,121.5465730696533,156.9617074041357,33.754704554745295,143.0837278566183,165.9319214187403,183.4777904984432,114.64360296042,7.432249799948386,111.48545679477152,114.14518656789087,118.84717875547264
