region_id,month,observed_precipitation_mm,reconstructed_precipitation_mm,residual_mm,absolute_residual_mm
MYS_00_21,1,439.3961383291392,437.79359410480515,1.6025442243340535,1.6025442243340535
MYS_00_21,2,297.22048079661835,293.52414841794626,3.696332378672082,3.696332378672082
MYS_00_21,3,307.83412221272795,318.47378250389073,-10.639660291162784,10.639660291162784
MYS_00_21,4,275.6048010332157,271.86246145865516,3.7423395745605603,3.7423395745605603
MYS_00_21,5,252.0968281516051,244.5114283888587,7.58539976274642,7.58539976274642
MYS_00_21,6,210.25778775728668,200.35665242307863,9.90113533420805,9.90113533420805
MYS_00_21,7,191.548354104849,199.1482755630413,-7.599921458192284,7.599921458192284
MYS_00_21,8,215.1717254051796,234.89132887484675,-19.719603469667163,19.719603469667163
MYS_00_21,9,239.73534460996973,242.09312921984684,-2.3577846098771147,2.3577846098771147
MYS_00_21,10,322.6884387989533,313.27740828748585,9.411030511467459,9.411030511467459
MYS_00_21,11,338.7247416491386,334.37699370713244,4.347747942006151,4.347747942006151
MYS_00_21,12,405.4036021305965,407.7088252463913,-2.3052231157948313,2.3052231157948313
MYS_00_22,1,424.05466222853886,423.34998139701815,0.7046808315207045,0.7046808315207045
MYS_00_22,2,317.6020959690639,318.1914124279966,-0.5893164589327284,0.5893164589327284
MYS_00_22,3,345.1579469953264,346.5310694358277,-1.3731224405012767,1.3731224405012767
MYS_00_22,4,292.8841261727469,293.1329694724803,-0.24884329973338026,0.24884329973338026
MYS_00_22,5,273.1705259123302,268.47091487963786,4.69961103269236,4.69961103269236
MYS_00_22,6,218.16992672874807,213.1153825484874,5.054544180260677,5.054544180260677
MYS_00_22,7,204.1402568762643,205.1520094360468,-1.0117525597825079,1.0117525597825079
MYS_00_22,8,228.6363455636161,243.69331494537158,-15.056969381755493,15.056969381755493
MYS_00_22,9,251.02942382812495,249.49075219612135,1.5386716320035987,1.5386716320035987
MYS_00_22,10,323.18041223435176,317.80545999149575,5.374952242856011,5.374952242856011
MYS_00_22,11,344.2118651035853,344.8240563982225,-0.6121912946372277,0.6121912946372277
MYS_00_22,12,411.5844579787481,411.35395964279655,0.23049833595155178,0.23049833595155178
MYS_00_24,1,391.9719939701141,389.9714854367381,2.000508533376035,2.000508533376035
MYS_00_24,2,320.8642992857272,331.7082295974118,-10.843930311684574,10.843930311684574
MYS_00_24,3,383.6101261360935,366.14617644709034,17.463949689003186,17.463949689003186
MYS_00_24,4,296.1590761699373,309.8891886154254,-13.73011244548809,13.73011244548809
MYS_00_24,5,304.7161390193556,297.59682049146795,7.1193185278876285,7.1193185278876285
MYS_00_24,6,228.5372362611155,230.09805557616943,-1.5608193150539194,1.5608193150539194
MYS_00_24,7,221.984075897459,215.4844649199017,6.499610977557296,6.499610977557296
MYS_00_24,8,253.9348336678964,257.8271323287182,-3.892298660821808,3.892298660821808
MYS_00_24,9,258.49630057117923,262.9113700789326,-4.415069507753344,4.415069507753344
MYS_00_24,10,331.1843837516018,327.41062473387836,3.773759017723421,3.773759017723421
MYS_00_24,11,358.33600326618824,362.1592325928158,-3.8232293266275406,3.8232293266275406
MYS_00_24,12,417.9942148682932,418.3993135644116,-0.40509869611838667,0.40509869611838667
MYS_01_07,1,271.9559654001279,268.8200972480369,3.1358681520910068,3.1358681520910068
MYS_01_07,2,111.47309145387322,122.03464039496272,-10.561548941089498,10.561548941089498
MYS_01_07,3,215.90914688480717,196.48725573391954,19.42189115088763,19.42189115088763
MYS_01_07,4,215.3222367789753,227.44576359457332,-12.123526815598012,12.123526815598012
MYS_01_07,5,191.07884820487507,202.4186447767534,-11.339796571878338,11.339796571878338
MYS_01_07,6,156.3559732554414,146.46301357705605,9.892959678385353,9.892959678385353
MYS_01_07,7,177.20099428787975,163.83782535047655,13.363168937403202,13.363168937403202
MYS_01_07,8,188.20093993399908,179.56629072435794,8.63464920964114,8.63464920964114
MYS_01_07,9,177.45710272434073,176.3421114804463,1.1149912438944227,1.1149912438944227
MYS_01_07,10,208.5183006731052,224.98508520210902,-16.46678452900383,16.46678452900383
MYS_01_07,11,283.1863945377683,272.9528599000886,10.233534637679725,10.233534637679725
MYS_01_07,12,308.0867789259235,316.89530903024365,-8.808530104320141,8.808530104320141
MYS_01_08,1,297.05443281031734,291.5597624974605,5.49467031285684,5.49467031285684
MYS_01_08,2,104.37272107516291,116.09355194146873,-11.720830866305818,11.720830866305818
MYS_01_08,3,207.68967646873497,187.57682300587965,20.112853462855327,20.112853462855327
MYS_01_08,4,205.18828853866432,220.72267302457868,-15.534384485914359,15.534384485914359
MYS_01_08,5,191.8028740447702,198.3432092639363,-6.54033521916611,6.54033521916611
MYS_01_08,6,155.43921407310708,145.41776903784296,10.021445035264122,10.021445035264122
MYS_01_08,7,175.93646411587122,164.80261393922612,11.133850176645097,11.133850176645097
MYS_01_08,8,183.2826217478533,177.60186475010494,5.680756997748375,5.680756997748375
MYS_01_08,9,173.73952106117815,170.88704424597452,2.85247681520363,2.85247681520363
MYS_01_08,10,200.8437702413516,219.14784359569893,-18.304073354347338,18.304073354347338
MYS_01_08,11,294.3732352445041,279.39212994314613,14.981105301357957,14.981105301357957
MYS_01_08,12,330.6619536415273,343.0531799478031,-12.391226306275769,12.391226306275769
MYS_01_09,1,297.6281792885917,290.0568014829895,7.5713778056021965,7.5713778056021965
MYS_01_09,2,96.7827147769928,107.18785157161523,-10.405136794622422,10.405136794622422
MYS_01_09,3,192.10975217183432,174.35332786804764,17.756424303786673,17.756424303786673
MYS_01_09,4,190.9279547954741,208.0093209058399,-17.081366110365792,17.081366110365792
MYS_01_09,5,189.48492526099795,194.86471386020358,-5.379788599205625,5.379788599205625
MYS_01_09,6,154.5620324452718,144.97133489258368,9.590697552688113,9.590697552688113
MYS_01_09,7,179.29126643589564,164.14955060943493,15.141715826460711,15.141715826460711
MYS_01_09,8,181.090581014724,175.76381429288406,5.326766721839931,5.326766721839931
MYS_01_09,9,168.52952561333066,167.2813339680795,1.2481916452511541,1.2481916452511541
MYS_01_09,10,190.96530315944125,213.26567735778636,-22.30037419834511,22.30037419834511
MYS_01_09,11,304.504124479748,280.6999235843085,23.804200895439465,23.804200895439465
MYS_01_09,12,336.4058772350493,354.7890859895912,-18.383208754541897,18.383208754541897
MYS_01_20,1,486.94693759780336,482.36935967740993,4.5775779203934235,4.5775779203934235
MYS_01_20,2,267.4815999348958,261.89023526639767,5.591364668498159,5.591364668498159
MYS_01_20,3,257.00566773318866,273.48094638489914,-16.475278651710482,16.475278651710482
MYS_01_20,4,238.59626880936835,235.61744007392613,2.978828735442221,2.978828735442221
MYS_01_20,5,225.33668453415717,209.79646703821237,15.540217495944802,15.540217495944802
MYS_01_20,6,193.9042268776032,184.77258126977796,9.131645607825249,9.131645607825249
MYS_01_20,7,174.64668016548617,192.0479971958779,-17.401317030391738,17.401317030391738
MYS_01_20,8,203.1228790191283,221.99418139867439,-18.87130237954608,18.87130237954608
MYS_01_20,9,222.72228436450885,227.33460910407354,-4.612324739564684,4.612324739564684
MYS_01_20,10,310.1483502552691,300.11773342703725,10.03061682823187,10.03061682823187
MYS_01_20,11,329.5344525379349,317.66267916313916,11.871773374795737,11.871773374795737
MYS_01_20,12,412.1520141233881,419.34926317036275,-7.197249046974662,7.197249046974662
MYS_01_21,1,457.3359971762011,455.1458136149528,2.1901835612483183,2.1901835612483183
MYS_01_21,2,297.69929669158034,294.872883552746,2.8264131388343685,2.8264131388343685
MYS_01_21,3,305.0519128924632,314.5695254070041,-9.517612514540929,9.517612514540929
MYS_01_21,4,269.75155766706825,266.9440308998823,2.807526767185948,2.807526767185948
MYS_01_21,5,248.6765366886881,240.35249830599193,8.324038382696159,8.324038382696159
MYS_01_21,6,208.3055194751637,200.16530668792637,8.140212787237317,8.140212787237317
MYS_01_21,7,189.73711275324092,199.52229394133252,-9.785181188091599,9.785181188091599
MYS_01_21,8,217.7976299320256,234.68754607289338,-16.889916140867797,16.889916140867797
MYS_01_21,9,241.32666773949504,241.26222635458672,0.06444138490832074,0.06444138490832074
MYS_01_21,10,319.92473245274607,312.98589482808495,6.938837624661119,6.938837624661119
MYS_01_21,11,337.5453431000581,332.6073730998549,4.937970000203222,4.937970000203222
MYS_01_21,12,411.59484815364334,414.32101414463216,-2.726165990988818,2.726165990988818
MYS_01_22,1,439.00735458131817,437.54391197370705,1.463442607611114,1.463442607611114
MYS_01_22,2,316.44443080841546,318.6375118740726,-2.193081065657111,2.193081065657111
MYS_01_22,3,343.5370405828889,342.7500525878433,0.7869879950455925,0.7869879950455925
MYS_01_22,4,286.6941791498093,288.6756728440235,-1.9814936942141799,1.9814936942141799
MYS_01_22,5,270.3998140898205,264.5110215211004,5.888792568720078,5.888792568720078
MYS_01_22,6,215.9493630666581,212.70194324347872,3.2474198231793707,3.2474198231793707
MYS_01_22,7,201.7829088790328,205.43075683437735,-3.6478479553445595,3.6478479553445595
MYS_01_22,8,232.00399707451064,243.53908312561373,-11.535086051103093,11.535086051103093
MYS_01_22,9,252.42414163014243,249.0387644774482,3.3853771526942182,3.3853771526942182
MYS_01_22,10,321.163818580587,318.03229655875106,3.1315220218359627,3.1315220218359627
MYS_01_22,11,343.17020167598014,343.35867739896185,-0.1884757229817069,0.1884757229817069
MYS_01_22,12,416.1448639416568,416.39325679885764,-0.2483928572008267,0.2483928572008267
MYS_01_23,1,412.6625271716946,410.5102575341478,2.1522696375467945,2.1522696375467945
MYS_01_23,2,313.84329901747054,322.5895631249219,-8.746264107451339,8.746264107451339
MYS_01_23,3,366.0322336653933,353.3374226247938,12.694811040599461,12.694811040599461
MYS_01_23,4,289.5858082634192,299.9552308176208,-10.369422554201606,10.369422554201606
MYS_01_23,5,289.13588183873253,280.84485091288315,8.291030925849384,8.291030925849384
MYS_01_23,6,217.50311277671875,219.70312379422842,-2.2000110175096665,2.2000110175096665
MYS_01_23,7,209.23587988344627,208.7181837524199,0.5176961310263835,0.5176961310263835
MYS_01_23,8,242.53614064908257,247.836799992994,-5.300659343911434,5.300659343911434
MYS_01_23,9,252.99158021725788,251.7935877270513,1.1979924902065875,1.1979924902065875
MYS_01_23,10,319.4174759219884,317.0764889022118,2.3409870197766054,2.3409870197766054
MYS_01_23,11,347.07109406200084,350.5127903774144,-3.4416963154135374,3.4416963154135374
MYS_01_23,12,416.52263853745467,416.31706156739847,0.20557697005619957,0.20557697005619957
MYS_01_24,1,401.8556936435599,399.39936836529444,2.456325278265467,2.456325278265467
MYS_01_24,2,322.8324738113969,334.91050426476744,-12.078030453370559,12.078030453370559
MYS_01_24,3,386.2347153113633,367.10337762271394,19.131337688649353,19.131337688649353
MYS_01_24,4,293.9792111674314,308.9237389742847,-14.944527806853273,14.944527806853273
MYS_01_24,5,302.7131905530496,294.9627178001925,7.750472752857149,7.750472752857149
MYS_01_24,6,226.8014459680628,229.10804696745947,-2.3066009993966645,2.3066009993966645
MYS_01_24,7,219.4615844464176,214.68911696119898,4.772467485218613,4.772467485218613
MYS_01_24,8,255.2421835399809,256.7947593075108,-1.5525757675298735,1.5525757675298735
MYS_01_24,9,258.05296541244263,261.7977899022088,-3.744824489766188,3.744824489766188
MYS_01_24,10,329.7088034412848,327.0486555788531,2.6601478624316997,2.6601478624316997
MYS_01_24,11,357.96028975229416,361.66235699807567,-3.7020672457815067,3.7020672457815067
MYS_01_24,12,420.7134945097424,421.3703893126076,-0.6568948028651675,0.6568948028651675
MYS_01_25,1,412.8289509394044,410.75501165140275,2.073939288001668,2.073939288001668
MYS_01_25,2,344.5817589851805,356.74462129160037,-12.162862306419868,12.162862306419868
MYS_01_25,3,404.0567318395108,384.24859288007207,19.808138959438736,19.808138959438736
MYS_01_25,4,300.1984106254255,314.9515684516047,-14.753157826179233,14.753157826179233
MYS_01_25,5,307.43020824296826,303.8548075014523,3.5754007415159776,3.5754007415159776
MYS_01_25,6,241.67218048818623,238.68944773919816,2.98273274898807,2.98273274898807
MYS_01_25,7,228.95899159258795,221.46893171256897,7.4900598800189755,7.4900598800189755
MYS_01_25,8,268.346661103276,267.72758503432607,0.619076068949937,0.619076068949937
MYS_01_25,9,265.5717382711807,275.74839613811037,-10.176657866929645,10.176657866929645
MYS_01_25,10,348.56208371131754,344.78952656821696,3.7725571431005847,3.7725571431005847
MYS_01_25,11,373.49671402623,375.48829827221056,-1.9915842459805617,1.9915842459805617
MYS_01_25,12,431.71895951272666,433.67272682137036,-1.9537673086437053,1.9537673086437053
MYS_01_26,1,422.9904495663113,423.6669315126564,-0.6764819463450635,0.6764819463450635
MYS_01_26,2,372.092911889818,383.40960101054145,-11.316689120723424,11.316689120723424
MYS_01_26,3,426.2921501795451,407.358306985192,18.93384319435313,18.93384319435313
MYS_01_26,4,315.81906109915843,325.5207678018629,-9.701706702704485,9.701706702704485
MYS_01_26,5,311.8430998908149,316.89171626112346,-5.048616370308537,5.048616370308537
MYS_01_26,6,260.4086505519019,251.0267250699999,9.381925481902016,9.381925481902016
MYS_01_26,7,238.2089883327484,230.60277798065076,7.606210352097634,7.606210352097634
MYS_01_26,8,286.1374255445269,281.8227911990113,4.314634345515572,4.314634345515572
MYS_01_26,9,278.98914923667905,293.2923088207196,-14.303159584040543,14.303159584040543
MYS_01_26,10,373.4397264268664,367.07364739961065,6.366079027255751,6.366079027255751
MYS_01_26,11,388.2268405702379,394.62707766318476,-6.400237092946838,6.400237092946838
MYS_01_26,12,451.81392690870496,450.19388129394275,1.6200456147622049,1.6200456147622049
MYS_01_27,1,408.8289209868942,412.7320025376408,-3.903081550746606,3.903081550746606
MYS_01_27,2,375.4572611844712,382.7741609664177,-7.316899781946518,7.316899781946518
MYS_01_27,3,422.8778286964306,410.3673044220805,12.510524274350075,12.510524274350075
MYS_01_27,4,329.9671551425215,331.34330833045055,-1.3761531879290487,1.3761531879290487
MYS_01_27,5,318.71002892093384,328.5463663136659,-9.836337392732048,9.836337392732048
MYS_01_27,6,272.5791093997679,261.20047641693,11.378632982837928,11.378632982837928
MYS_01_27,7,247.04115202530568,240.94175580653126,6.099396218774416,6.099396218774416
MYS_01_27,8,296.370638642242,295.9722986964677,0.3983399457742962,0.3983399457742962
MYS_01_27,9,299.8488435164742,311.1035242174935,-11.25468070101931,11.25468070101931
MYS_01_27,10,397.3724386552451,387.4379063565746,9.93453229867049,9.93453229867049
MYS_01_27,11,391.0956440712749,404.1375706229804,-13.041926551705501,13.041926551705501
MYS_01_27,12,454.3435135993405,446.89479320820277,7.448720391137726,7.448720391137726
MYS_01_28,1,378.8206838472925,382.7215941874624,-3.900910340169901,3.900910340169901
MYS_01_28,2,359.9878749770347,363.79879888344277,-3.81092390640805,3.81092390640805
MYS_01_28,3,416.0785172895952,409.67873877535874,6.399778514236459,6.399778514236459
MYS_01_28,4,348.6797905122391,346.8475137364345,1.832276775804587,1.832276775804587
MYS_01_28,5,327.6065930414681,334.7659031493727,-7.159310107904616,7.159310107904616
MYS_01_28,6,268.2749521448155,258.821422569968,9.453529574847494,9.453529574847494
MYS_01_28,7,248.30069780638723,242.52691200811125,5.773785798275981,5.773785798275981
MYS_01_28,8,288.57464640260946,296.87577231760065,-8.30112591499119,8.30112591499119
MYS_01_28,9,308.61526086980643,313.15986513181906,-4.544604262012626,4.544604262012626
MYS_01_28,10,399.1724797489667,389.57126415945265,9.601215589514027,9.601215589514027
MYS_01_28,11,387.803929716168,400.2728292443711,-12.46889952820311,12.46889952820311
MYS_01_28,12,428.4210644654553,420.5511077988043,7.869956666650978,7.869956666650978
MYS_01_29,1,333.3443555848788,335.3362706400412,-1.9919150551623943,1.9919150551623943
MYS_01_29,2,329.0781946637989,328.75894777782634,0.319246885972575,0.319246885972575
MYS_01_29,3,404.11219049414353,405.26597204977674,-1.153781555633202,1.153781555633202
MYS_01_29,4,373.17756254033,370.0127726490479,3.164789891282055,3.164789891282055
MYS_01_29,5,337.4944152742009,337.60432963697724,-0.10991436277635103,0.10991436277635103
MYS_01_29,6,252.82634199699476,248.00754058533198,4.8188014116627755,4.8188014116627755
MYS_01_29,7,244.5465620215312,239.25710815963566,5.289453861895538,5.289453861895538
MYS_01_29,8,269.79140508871166,290.35080080129916,-20.559395712587502,20.559395712587502
MYS_01_29,9,313.7738282690358,307.221222625385,6.552605643650793,6.552605643650793
MYS_01_29,10,388.8791653163314,382.94017645024644,5.938988866084969,5.938988866084969
MYS_01_29,11,380.31456614806586,387.5460144129918,-7.231448264925916,7.231448264925916
MYS_01_29,12,379.01781746743353,373.88103598960527,5.136781477828265,5.136781477828265
MYS_01_30,1,287.4340267058342,289.33736144047117,-1.903334734636985,1.903334734636985
MYS_01_30,2,295.8147004650485,289.9928532290078,5.821847236040696,5.821847236040696
MYS_01_30,3,375.9556755804246,385.602366801685,-9.646691221260369,9.646691221260369
MYS_01_30,4,378.0471402404129,370.25695468125684,7.790185559156043,7.790185559156043
MYS_01_30,5,327.22283080726544,327.436678722449,-0.21384791518357815,0.21384791518357815
MYS_01_30,6,234.9719704248572,231.29132483025234,3.6806455946048686,3.6806455946048686
MYS_01_30,7,235.19556435205604,228.2546182269245,6.940946125131546,6.940946125131546
MYS_01_30,8,247.24477379091329,274.5488112970051,-27.304037506091817,27.304037506091817
MYS_01_30,9,303.6348320417507,290.26018552292464,13.374646518826069,13.374646518826069
MYS_01_30,10,364.8677591303343,362.42787860800036,2.439880522333965,2.439880522333965
MYS_01_30,11,367.8509746592532,370.989035334817,-3.1380606755637928,3.1380606755637928
MYS_01_30,12,343.0870022025159,339.47482115416847,3.612181048347452,3.612181048347452
MYS_02_06,1,233.73566049396663,236.38885347735123,-2.6531929833845993,2.6531929833845993
MYS_02_06,2,112.92075544255437,119.24036895134175,-6.319613508787384,6.319613508787384
MYS_02_06,3,208.179223646863,192.66183439898538,15.517389247877617,15.517389247877617
MYS_02_06,4,214.7292470043316,218.96663442549524,-4.237387421163646,4.237387421163646
MYS_02_06,5,186.28453910925992,202.94853685380014,-16.66399774454021,16.66399774454021
MYS_02_06,6,151.27398776059653,146.2397969870487,5.034190773547834,5.034190773547834
MYS_02_06,7,178.69019335752037,160.50343453473624,18.186758822784128,18.186758822784128
MYS_02_06,8,187.96226014054724,178.02732842835786,9.934931712189382,9.934931712189382
MYS_02_06,9,173.60150894951866,176.4255100389319,-2.8240010894132297,2.8240010894132297
MYS_02_06,10,215.3824844360352,222.67426403918876,-7.291779603153543,7.291779603153543
MYS_02_06,11,268.52893582057783,272.4162556904859,-3.887319869908083,3.887319869908083
MYS_02_06,12,309.6103570154798,308.12431484268467,1.4860421727951234,1.4860421727951234
MYS_02_07,1,277.7509446457086,277.492493853281,0.2584507924275954,0.2584507924275954
MYS_02_07,2,108.78214044828674,118.78268218367232,-10.000541735385582,10.000541735385582
MYS_02_07,3,208.41441831453733,189.8918499510482,18.522568363489142,18.522568363489142
MYS_02_07,4,210.01048442786572,218.5418896465054,-8.53140521863969,8.53140521863969
MYS_02_07,5,188.09913413932733,199.27256254555726,-11.173428406229931,11.173428406229931
MYS_02_07,6,153.96417639694312,145.98172638569707,7.982450011246044,7.982450011246044
MYS_02_07,7,176.26779493236174,163.74262963860144,12.525165293760296,12.525165293760296
MYS_02_07,8,182.7868910957641,178.17719028197038,4.609700813793722,4.609700813793722
MYS_02_07,9,174.62728753304697,173.20984248939354,1.41744504365343,1.41744504365343
MYS_02_07,10,212.50660790893872,221.6170058480181,-9.110397939079377,9.110397939079377
MYS_02_07,11,281.95500908928955,282.0030617275275,-0.04805263823794803,0.04805263823794803
MYS_02_07,12,338.36593292413073,340.0145726799457,-1.6486397558149406,1.6486397558149406
MYS_02_08,1,299.7119087368124,296.3363033883706,3.375605348441809,3.375605348441809
MYS_02_08,2,102.4716108693352,113.19617360170838,-10.724562732373187,10.724562732373187
MYS_02_08,3,200.3276085982343,181.75090114287792,18.57670745535637,18.57670745535637
MYS_02_08,4,200.32646376613823,213.00855170141375,-12.682087935275518,12.682087935275518
MYS_02_08,5,189.52453623582545,195.67000978846005,-6.1454735526345985,6.1454735526345985
MYS_02_08,6,154.15709211051714,145.31592341773273,8.841168692784407,8.841168692784407
MYS_02_08,7,176.60387426207336,164.97434600377886,11.6295282582945,11.6295282582945
MYS_02_08,8,178.55423650781816,177.23975553320574,1.3144809746124224,1.3144809746124224
MYS_02_08,9,171.97051685429827,169.83566580195392,2.134851052344345,2.134851052344345
MYS_02_08,10,206.00875682911288,218.16374901044924,-12.154992181336354,12.154992181336354
MYS_02_08,11,293.53806786195133,285.57489896303525,7.963168898916081,7.963168898916081
MYS_02_08,12,350.63924832806805,358.1226531318809,-7.483404803812846,7.483404803812846
MYS_02_09,1,298.4300144974391,292.73169617700523,5.698318320433884,5.698318320433884
MYS_02_09,2,97.48687796453636,106.89525895152649,-9.408380986990124,9.408380986990124
MYS_02_09,3,190.36999102274572,173.52373463295334,16.846256389792387,16.846256389792387
MYS_02_09,4,191.07889500459035,206.2471958147293,-15.168300810138959,15.168300810138959
MYS_02_09,5,189.22577162106836,193.750673145523,-4.524901524454634,4.524901524454634
MYS_02_09,6,153.7727160978317,144.8896850429583,8.883031054873413,8.883031054873413
MYS_02_09,7,179.17316787719724,164.4922535017414,14.680914375455842,14.680914375455842
MYS_02_09,8,177.7070897467931,176.18993287816065,1.5171568686324406,1.5171568686324406
MYS_02_09,9,168.57779300769167,168.02100714135906,0.5567858663326035,0.5567858663326035
MYS_02_09,10,198.34517317930857,214.8209052995843,-16.475732120275723,16.475732120275723
MYS_02_09,11,300.8869120089213,283.73953003222965,17.147381976691634,17.147381976691634
MYS_02_09,12,345.8704562473297,359.6862084617405,-13.815752214410793,13.815752214410793
MYS_02_20,1,484.767968250245,480.86059678155846,3.907371468686563,3.907371468686563
MYS_02_20,2,261.5953577514767,255.92263486151666,5.672722889960028,5.672722889960028
MYS_02_20,3,251.54714588194847,268.04656985855,-16.49942397660155,16.49942397660155
MYS_02_20,4,235.44682961397396,231.65559732269745,3.791232291276515,3.791232291276515
MYS_02_20,5,222.8854477387066,207.53108623613667,15.35436150256993,15.35436150256993
MYS_02_20,6,192.03358215953028,183.35613306410502,8.67744909542526,8.67744909542526
MYS_02_20,7,174.6943970044454,191.57888908053314,-16.884492076087753,16.884492076087753
MYS_02_20,8,200.0918935982756,220.83686526504835,-20.744971666772756,20.744971666772756
MYS_02_20,9,222.4644054235414,225.83637971333556,-3.371974289794167,3.371974289794167
MYS_02_20,10,309.6377140193023,298.52116370061265,11.116550318689633,11.116550318689633
MYS_02_20,11,329.09955628860826,319.6087063670176,9.490849921590666,9.490849921590666
MYS_02_20,12,418.4685150471769,423.98395941356625,-5.515444366389374,5.515444366389374
MYS_02_21,1,482.8098142045268,479.76666537058026,3.043148833946532,3.043148833946532
MYS_02_21,2,292.1005131767931,290.2321595588681,1.8683536179249813,1.8683536179249813
MYS_02_21,3,293.9662538707033,302.54773500026874,-8.581481129565418,8.581481129565418
MYS_02_21,4,257.1572066946423,255.4693723918769,1.6878343027653955,1.6878343027653955
MYS_02_21,5,240.68558514055687,230.5793894958017,10.10619564475516,10.10619564475516
MYS_02_21,6,203.27740395506672,197.56793551249424,5.709468442572472,5.709468442572472
MYS_02_21,7,185.69754677890396,198.98139216561717,-13.28384538671321,13.28384538671321
MYS_02_21,8,218.553828345881,232.53936469648738,-13.985536350606395,13.985536350606395
MYS_02_21,9,241.2917465767164,238.06719054528844,3.2245560314279658,3.2245560314279658
MYS_02_21,10,314.8924714506342,310.58078647941375,4.311684971220473,4.311684971220473
MYS_02_21,11,334.9416307370761,329.2694303069381,5.672200430137991,5.672200430137991
MYS_02_21,12,421.66667607911074,424.90184395241613,-3.235167873305386,3.235167873305386
MYS_02_22,1,464.24011512525146,461.2044608626615,3.035654262589958,3.035654262589958
MYS_02_22,2,312.0677111770167,317.6304509060424,-5.562739729025736,5.562739729025736
MYS_02_22,3,340.54939022642185,335.0898385849812,5.459551641440669,5.459551641440669
MYS_02_22,4,274.35240980206106,280.20887264429433,-5.85646284223327,5.85646284223327
MYS_02_22,5,264.54818970651337,256.03559637928714,8.512593327226227,8.512593327226227
MYS_02_22,6,210.56276923670916,210.62354784781527,-0.06077861110611593,0.06077861110611593
MYS_02_22,7,197.39714876810703,205.06870835416404,-7.671559586057015,7.671559586057015
MYS_02_22,8,235.92843526204425,242.2172474897542,-6.28881222770994,6.28881222770994
MYS_02_22,9,254.60482237844752,247.3999116645632,7.204910713884317,7.204910713884317
MYS_02_22,10,316.7689147718025,317.8677424142517,-1.098827642449237,1.098827642449237
MYS_02_22,11,341.38543902310454,340.6766203840766,0.7088186390279247,0.7088186390279247
MYS_02_22,12,423.1749350114302,424.50980413637325,-1.3348691249430544,1.3348691249430544
MYS_02_23,1,449.1210383291093,444.7934247183648,4.327613610744493,4.327613610744493
MYS_02_23,2,308.5185926294074,319.8871053247095,-11.368512695302115,11.368512695302115
MYS_02_23,3,357.8884934844163,342.37966893642914,15.50882454798716,15.50882454798716
MYS_02_23,4,273.17624523990366,286.9720001501483,-13.795754910244625,13.795754910244625
MYS_02_23,5,274.4762490021236,262.5919711933467,11.884277808776915,11.884277808776915
MYS_02_23,6,208.06242668999565,211.83185575263667,-3.7694290626410236,3.7694290626410236
MYS_02_23,7,200.93516585657835,204.71125443564733,-3.7760885790689827,3.7760885790689827
MYS_02_23,8,237.6881730320844,242.190133995514,-4.50196096342961,4.50196096342961
MYS_02_23,9,253.70240636754917,246.96062141102362,6.741784956525549,6.741784956525549
MYS_02_23,10,313.8292396973302,316.09010891089565,-2.2608692135654564,2.2608692135654564
MYS_02_23,11,344.2677375785383,344.7445969671105,-0.47685938857222254,0.47685938857222254
MYS_02_23,12,420.97023607526506,423.0600080996074,-2.0897720243423237,2.0897720243423237
MYS_02_24,1,440.7976006664806,436.7469627713048,4.050637895175782,4.050637895175782
MYS_02_24,2,326.4142060742599,340.22866857780605,-13.814462503546167,13.814462503546167
MYS_02_24,3,383.9234892350208,363.3992865798882,20.52420265513257,20.52420265513257
MYS_02_24,4,283.24291607015743,300.10599438553254,-16.863078315375105,16.863078315375105
MYS_02_24,5,289.630447727316,279.25946699292615,10.370980734389832,10.370980734389832
MYS_02_24,6,219.1331654906776,222.2960393919668,-3.1628739012891742,3.1628739012891742
MYS_02_24,7,210.08616324034415,210.30547020602648,-0.21930696568233543,0.21930696568233543
MYS_02_24,8,251.0421439126574,250.97291102589028,0.06923288676711081,0.06923288676711081
MYS_02_24,9,256.44840534950606,256.24368131696815,0.20472403253791072,0.20472403253791072
MYS_02_24,10,324.4343211355088,325.00824438771343,-0.5739232522046223,0.5739232522046223
MYS_02_24,11,354.8844739600072,356.4243210991356,-1.539847139128426,1.539847139128426
MYS_02_24,12,427.2836766045807,429.4917684604802,-2.208091855899511,2.208091855899511
MYS_02_25,1,442.1138907344758,439.95646999218957,2.157420742286206,2.157420742286206
MYS_02_25,2,356.7196161098581,368.6562651718211,-11.936649061962953,11.936649061962953
MYS_02_25,3,407.5091785652928,388.8390545672311,18.67012399806174,18.67012399806174
MYS_02_25,4,298.7806733081959,312.35353223823904,-13.57285893004314,13.57285893004314
MYS_02_25,5,299.7952347479926,296.71734998988586,3.077884758106734,3.077884758106734
MYS_02_25,6,240.48599730799435,236.79196321395398,3.6940340940403757,3.6940340940403757
MYS_02_25,7,223.18266465444407,219.90604132190379,3.2766233325402823,3.2766233325402823
MYS_02_25,8,269.991916244749,266.0607915283543,3.93112471639472,3.93112471639472
MYS_02_25,9,264.2554729118549,274.4229575761938,-10.167484664338929,10.167484664338929
MYS_02_25,10,349.61793747351913,346.3511123870514,3.2668250864677475,3.2668250864677475
MYS_02_25,11,374.1539903041294,375.80796611549357,-1.6539758113641483,1.6539758113641483
MYS_02_25,12,441.9031974703673,443.80283059515364,-1.8996331247863623,1.8996331247863623
MYS_02_26,1,434.6768832542783,435.01793388659115,-0.34105063231282884,0.34105063231282884
MYS_02_26,2,372.192030281188,381.2034867549029,-9.011456473714873,9.011456473714873
MYS_02_26,3,416.93202897975056,402.2967378061907,14.635291173559835,14.635291173559835
MYS_02_26,4,313.4009234102441,321.131506833188,-7.73058342294388,7.73058342294388
MYS_02_26,5,306.91000899703414,310.6482215151658,-3.738212518131661,3.738212518131661
MYS_02_26,6,256.71692756612464,248.3606617936111,8.356265772513552,8.356265772513552
MYS_02_26,7,233.266374263057,229.3450074463699,3.9213668166871116,3.9213668166871116
MYS_02_26,8,285.7341668927228,279.8947877887317,5.839379103991064,5.839379103991064
MYS_02_26,9,277.223334834992,291.51383216506673,-14.290497330074743,14.290497330074743
MYS_02_26,10,372.3836241061095,366.20424026906403,6.179383837045464,6.179383837045464
MYS_02_26,11,385.6673645843021,390.06182346001435,-4.394458875712246,4.394458875712246
MYS_02_26,12,449.8844683514953,449.1108027230619,0.7736656284333776,0.7736656284333776
MYS_02_27,1,418.0249629994549,421.5054171368413,-3.4804541373864026,3.4804541373864026
MYS_02_27,2,371.9781455549613,376.9506372971016,-4.972491742140278,4.972491742140278
MYS_02_27,3,411.3515209831763,403.0684422208085,8.28307876236778,8.28307876236778
MYS_02_27,4,327.0429272105706,326.22405119420006,0.8188760163705524,0.8188760163705524
MYS_02_27,5,310.772118578714,320.8253874978898,-10.053268919175764,10.053268919175764
MYS_02_27,6,267.5313486363648,256.82524887788145,10.706099758483333,10.706099758483333
MYS_02_27,7,240.16149603788185,238.61162573466768,1.5498703032141634,1.5498703032141634
MYS_02_27,8,298.0682396693961,292.4013016902475,5.666937979148599,5.666937979148599
MYS_02_27,9,295.6614200539564,307.45698059713385,-11.79556054317743,11.79556054317743
MYS_02_27,10,392.60218247993913,384.49409901824475,8.108083461694378,8.108083461694378
MYS_02_27,11,388.9798469987496,398.88824070186723,-9.90839370311761,9.90839370311761
MYS_02_27,12,450.84989058237227,444.9027632626505,5.947127319721744,5.947127319721744
MYS_02_28,1,380.652802765054,384.2137310324455,-3.560928267391489,3.560928267391489
MYS_02_28,2,352.4836426895383,353.8617789121109,-1.3781362225725502,1.3781362225725502
MYS_02_28,3,401.5027303027602,399.15875629764133,2.3439740051188664,2.3439740051188664
MYS_02_28,4,345.00876010955324,340.75801785967616,4.250742249877078,4.250742249877078
MYS_02_28,5,319.8013985059627,328.1932976007152,-8.391899094752489,8.391899094752489
MYS_02_28,6,263.4466001488418,255.1850639115602,8.261536237281604,8.261536237281604
MYS_02_28,7,242.4572210556111,240.9265710609866,1.530649994624497,1.530649994624497
MYS_02_28,8,292.7093221069013,294.26796443062443,-1.5586423237231202,1.5586423237231202
MYS_02_28,9,306.7142571456344,310.6945501916517,-3.980293046017266,3.980293046017266
MYS_02_28,10,393.3090575138476,387.07093617222534,6.238121341622275,6.238121341622275
MYS_02_28,11,384.182774302972,393.3154580561998,-9.13268375322781,9.13268375322781
MYS_02_28,12,420.21095452202695,413.87679682900364,6.3341576930233146,6.3341576930233146
MYS_02_29,1,326.8753077011512,328.09443536563634,-1.2191276644851428,1.2191276644851428
MYS_02_29,2,317.7244191762127,315.86096238957964,1.8634567866330372,1.8634567866330372
MYS_02_29,3,388.27502481773416,391.5419632670413,-3.2669384493071334,3.2669384493071334
MYS_02_29,4,366.3954631761016,362.7654682556442,3.6299949204574204,3.6299949204574204
MYS_02_29,5,332.9228200518895,333.3375031081822,-0.414683056292688,0.414683056292688
MYS_02_29,6,247.56600160629029,245.54540219474697,2.0205994115433157,2.0205994115433157
MYS_02_29,7,241.11243761980973,237.73757650656037,3.3748611132493522,3.3748611132493522
MYS_02_29,8,273.3415284083129,287.7107906704791,-14.369262262166217,14.369262262166217
MYS_02_29,9,311.91978059637484,303.87248821778394,8.047292378590896,8.047292378590896
MYS_02_29,10,378.5671279503555,377.20620489634723,1.3609230540082535,1.3609230540082535
MYS_02_29,11,372.9631666847511,376.34087407022673,-3.3777073854756168,3.3777073854756168
MYS_02_29,12,364.5490627066799,361.61768133825257,2.93138136842731,2.93138136842731
MYS_02_30,1,283.96616063356817,284.943059620239,-0.9768989866708466,0.9768989866708466
MYS_02_30,2,285.39541169925883,279.7121481894016,5.683263509857227,5.683263509857227
MYS_02_30,3,357.4217229549955,365.7612922224681,-8.339569267472598,8.339569267472598
MYS_02_30,4,360.9306877281176,354.8319537257352,6.0987340023824,6.0987340023824
MYS_02_30,5,324.2542779056108,325.82960105158134,-1.5753231459705148,1.5753231459705148
MYS_02_30,6,233.93530554631425,234.22598366841345,-0.2906781220991945,0.2906781220991945
MYS_02_30,7,234.9934747751924,229.18580719605748,5.807667579134915,5.807667579134915
MYS_02_30,8,260.0153478737734,275.0270678258594,-15.011719952085969,15.011719952085969
MYS_02_30,9,301.10786579507624,288.67541353744514,12.432452257631098,12.432452257631098
MYS_02_30,10,351.87853588835566,355.34304557835543,-3.4645096899997725,3.4645096899997725
MYS_02_30,11,356.2225818008133,355.3612706040263,0.8613111967870282,0.8613111967870282
MYS_02_30,12,330.7397253112266,329.86077426236244,0.8789510488641668,0.8789510488641668
MYS_03_04,1,163.97221167721733,164.1076673803966,-0.13545570317927513,0.13545570317927513
MYS_03_04,2,119.66582259874954,114.77157855094123,4.894244047808314,4.894244047808314
MYS_03_04,3,194.98519233677925,198.55403198294766,-3.5688396461684135,3.5688396461684135
MYS_03_04,4,212.5974160396692,210.0836200149563,2.513796024712917,2.513796024712917
MYS_03_04,5,190.03030569673788,200.19589237453638,-10.165586677798501,10.165586677798501
MYS_03_04,6,143.49821056019175,144.74326876327902,-1.2450582030872681,1.2450582030872681
MYS_03_04,7,170.07767411819614,159.44620740689336,10.631466711302778,10.631466711302778
MYS_03_04,8,196.0892373878145,186.8096066525342,9.279630735280307,9.279630735280307
MYS_03_04,9,203.1772662589847,200.97948359533606,2.1977826636486384,2.1977826636486384
MYS_03_04,10,245.0489709308252,257.77100145231026,-12.722030521485067,12.722030521485067
MYS_03_04,11,308.47692916818744,299.0333685631981,9.44356060498933,9.44356060498933
MYS_03_04,12,284.85453676679725,290.2248419918985,-5.3703052251012195,5.3703052251012195
MYS_03_05,1,191.88088264282808,197.407231809362,-5.526349166533919,5.526349166533919
MYS_03_05,2,113.34790224778024,113.92690818836888,-0.5790059405886439,0.5790059405886439
MYS_03_05,3,197.1832795016884,190.07606646821395,7.107213033474437,7.107213033474437
MYS_03_05,4,211.72601632539545,209.2199908957519,2.5060254296435573,2.5060254296435573
MYS_03_05,5,186.78340295794663,201.29996347616978,-14.516560518223145,14.516560518223145
MYS_03_05,6,141.57307520840538,144.5361025007254,-2.963027292320021,2.963027292320021
MYS_03_05,7,173.23294152072742,157.46130096965578,15.771640551071641,15.771640551071641
MYS_03_05,8,187.9891815063866,178.00475756339083,9.984423942995761,9.984423942995761
MYS_03_05,9,178.1946869492721,180.95673722173044,-2.762050272458339,2.762050272458339
MYS_03_05,10,227.52084272466772,228.55574611913374,-1.0349033944660277,1.0349033944660277
MYS_03_05,11,272.2915797353741,283.5259075890172,-11.234327853643094,11.234327853643094
MYS_03_05,12,313.85689051018187,306.3724414025302,7.484449107651642,7.484449107651642
MYS_03_06,1,228.3561394840353,235.31573943263658,-6.959599948601266,6.959599948601266
MYS_03_06,2,109.29006471392474,114.13144426002732,-4.841379546102587,4.841379546102587
MYS_03_06,3,198.2057395959202,184.45493667198926,13.750802923930934,13.750802923930934
MYS_03_06,4,208.91475669039957,207.9318042031466,0.9829524872529589,0.9829524872529589
MYS_03_06,5,183.6240864395592,199.8881145434683,-16.264028103909112,16.264028103909112
MYS_03_06,6,144.8613493203111,144.8858887016712,-0.02453938136011402,0.02453938136011402
MYS_03_06,7,175.90395106947372,158.59263428151706,17.311316787956656,17.311316787956656
MYS_03_06,8,181.7414557050552,174.64101270651017,7.10044299854502,7.10044299854502
MYS_03_06,9,167.3245427393209,170.8487842457722,-3.524241506451318,3.524241506451318
MYS_03_06,10,218.46006097914292,215.3438178034163,3.1162431757266233,3.1162431757266233
MYS_03_06,11,261.79964356885176,280.4827582965031,-18.683114727651343,18.683114727651343
MYS_03_06,12,341.33494345669,329.530577178835,11.804366277854967,11.804366277854967
MYS_03_07,1,281.33427017938527,286.95728016940376,-5.623009990018488,5.623009990018488
MYS_03_07,2,104.4785885073142,112.5710914578912,-8.092502950577,8.092502950577
MYS_03_07,3,192.98097444160905,177.11234716547273,15.868627276136323,15.868627276136323
MYS_03_07,4,199.66798005603607,200.40559398776534,-0.7376139317292711,0.7376139317292711
MYS_03_07,5,181.3080336458721,193.42560421063297,-12.117570564760882,12.117570564760882
MYS_03_07,6,149.7417486709514,145.0564255712316,4.685323099719795,4.685323099719795
MYS_03_07,7,174.81163042340958,162.8691785213491,11.94245190206047,11.94245190206047
MYS_03_07,8,172.7974142238072,175.41057274789452,-2.6131585240873108,2.6131585240873108
MYS_03_07,9,168.94510783927151,167.7438304956176,1.2012773436539135,1.2012773436539135
MYS_03_07,10,220.3361309919408,215.33669582629304,4.999435165647753,4.999435165647753
MYS_03_07,11,278.4770549568297,298.06413147475365,-19.587076517923947,19.587076517923947
MYS_03_07,12,391.88616252354217,379.77496060434964,12.111201919192524,12.111201919192524
MYS_03_08,1,305.5590146580928,307.7065382504234,-2.1475235923306286,2.1475235923306286
MYS_03_08,2,98.62261389673093,106.78343953671911,-8.16082563998819,8.16082563998819
MYS_03_08,3,182.5630471900897,167.95713618794912,14.605911002140573,14.605911002140573
MYS_03_08,4,188.74582117113013,193.79613845208337,-5.050317280953237,5.050317280953237
MYS_03_08,5,183.20136389953265,188.9230643377142,-5.721700438181557,5.721700438181557
MYS_03_08,6,151.53672439230365,144.9195402089434,6.617184183360251,6.617184183360251
MYS_03_08,7,177.35584916971496,165.09312752346136,12.262721646253596,12.262721646253596
MYS_03_08,8,166.4652929894399,176.11739171704528,-9.652098727605392,9.652098727605392
MYS_03_08,9,167.63394253919353,167.09496551327527,0.5389770259182569,0.5389770259182569
MYS_03_08,10,219.11606490830243,215.65762375815038,3.458441150152055,3.458441150152055
MYS_03_08,11,291.17614900405795,301.34609832119764,-10.169949317139697,10.169949317139697
MYS_03_08,12,401.1346859111893,395.8702770470824,5.264408864106883,5.264408864106883
MYS_03_09,1,301.1162243892184,300.221737116788,0.8944872724304105,0.8944872724304105
MYS_03_09,2,94.58978547946548,100.59712780779985,-6.007342328334374,6.007342328334374
MYS_03_09,3,172.73980466227547,161.17943847880758,11.560366183467892,11.560366183467892
MYS_03_09,4,181.18829709391608,189.9963668436905,-8.808069749774432,8.808069749774432
MYS_03_09,5,186.7602226360704,187.36039701600248,-0.6001743799320707,0.6001743799320707
MYS_03_09,6,150.4593355669885,144.62438457492976,5.834950992058737,5.834950992058737
MYS_03_09,7,181.132870985822,165.0697523727282,16.063118613093792,16.063118613093792
MYS_03_09,8,163.9801477613165,176.47641676739613,-12.496269006079643,12.496269006079643
MYS_03_09,9,164.90769364685227,168.27413372816727,-3.3664400813150053,3.3664400813150053
MYS_03_09,10,217.3361087623328,216.0950125167256,1.2410962456071957,1.2410962456071957
MYS_03_09,11,295.50076444879136,294.73083108527425,0.7699333635171115,0.7699333635171115
MYS_03_09,12,382.0632969305768,384.5604178474509,-2.497120916874053,2.497120916874053
MYS_03_23,1,476.06319811145465,470.26326637759365,5.799931733861001,5.799931733861001
MYS_03_23,2,295.72249065438905,306.4421149718524,-10.719624317463342,10.719624317463342
MYS_03_23,3,337.5547101259232,324.34566360073995,13.209046525183226,13.209046525183226
MYS_03_23,4,256.3818592985471,270.13514627844694,-13.753286979899826,13.753286979899826
MYS_03_23,5,252.20766039888065,237.94272177191382,14.264938626966824,14.264938626966824
MYS_03_23,6,196.9760292013486,198.33384183506874,-1.3578126337201297,1.3578126337201297
MYS_03_23,7,194.00812193900347,197.39402679796643,-3.3859048589629595,3.3859048589629595
MYS_03_23,8,216.94230491817,232.37664226664614,-15.434337348476134,15.434337348476134
MYS_03_23,9,253.1898039996624,238.8897809717056,14.300023027956797,14.300023027956797
MYS_03_23,10,307.59188712040583,312.64996385486864,-5.058076734462816,5.058076734462816
MYS_03_23,11,340.61097877224285,337.2570702962753,3.3539084759675575,3.3539084759675575
MYS_03_23,12,419.90222817262014,424.25714228416666,-4.35491411154652,4.35491411154652
MYS_03_24,1,484.533924920622,478.99327091167936,5.540654008942624,5.540654008942624
MYS_03_24,2,323.50221709801406,334.28082594882164,-10.778608850807586,10.778608850807586
MYS_03_24,3,360.8707767660151,347.05123270693036,13.819544059084762,13.819544059084762
MYS_03_24,4,267.5961483796942,282.0643685695776,-14.468220189883368,14.468220189883368
MYS_03_24,5,266.55926520615026,252.95905673674008,13.600208469410177,13.600208469410177
MYS_03_24,6,209.030034677011,209.88046375384965,-0.8504290768386511,0.8504290768386511
MYS_03_24,7,200.3679992167155,203.3184841087599,-2.9504848920443862,2.9504848920443862
MYS_03_24,8,231.22574967560945,241.52589920665824,-10.300149531048788,10.300149531048788
MYS_03_24,9,254.8348669070289,248.02191349473082,6.8129534122980715,6.8129534122980715
MYS_03_24,10,319.2028685360863,321.5976778193691,-2.3948092832827683,2.3948092832827683
MYS_03_24,11,348.7372934089136,345.13423571402683,3.603057694886786,3.603057694886786
MYS_03_24,12,427.8841818188864,432.74486375742464,-4.860681938538221,4.860681938538221
MYS_03_25,1,482.6181780779804,479.4825456158623,3.13563246211811,3.13563246211811
MYS_03_25,2,359.53224228308943,366.51758050869336,-6.985338225603925,6.985338225603925
MYS_03_25,3,384.7149757457915,375.86843131179177,8.846544433999725,8.846544433999725
MYS_03_25,4,288.3535666604017,297.6747136585305,-9.321146998128768,9.321146998128768
MYS_03_25,5,283.6671749764901,276.4031140256296,7.264060950860539,7.264060950860539
MYS_03_25,6,231.4896391982629,228.64346437662516,2.8461748216377316,2.8461748216377316
MYS_03_25,7,211.5429319230337,215.64325816577616,-4.1003262427424545,4.1003262427424545
MYS_03_25,8,261.3878775210103,260.1805364206352,1.2073411003751175,1.2073411003751175
MYS_03_25,9,261.3764529580414,269.4734530740054,-8.097000115964022,8.097000115964022
MYS_03_25,10,348.84844501959583,345.1381450322934,3.7102999873024487,3.7102999873024487
MYS_03_25,11,367.2998651187634,364.60399373266915,2.695871386094268,2.695871386094268
MYS_03_25,12,441.7152997730397,445.4506396829083,-3.7353399098685713,3.7353399098685713
MYS_03_26,1,466.4264918897517,465.83182466598254,0.5946672237691359,0.5946672237691359
MYS_03_26,2,372.41981599999485,375.2106784366278,-2.790862436632949,2.790862436632949
MYS_03_26,3,391.5774440414186,388.5505105956924,3.026933445726172,3.026933445726172
MYS_03_26,4,306.7533979853877,309.2018865598232,-2.448488574435487,2.448488574435487
MYS_03_26,5,293.501709200743,293.64939801094147,-0.14768881019847413,0.14768881019847413
MYS_03_26,6,246.61658182134076,241.0607546073176,5.555827214023168,5.555827214023168
MYS_03_26,7,219.8102798994761,225.8621037545705,-6.051823855094426,6.051823855094426
MYS_03_26,8,284.5625279179325,274.56631337957816,9.996214538354366,9.996214538354366
MYS_03_26,9,272.29054394595835,286.56257614044813,-14.272032194489782,14.272032194489782
MYS_03_26,10,369.337383884652,363.69441398772193,5.642969896930083,5.642969896930083
MYS_03_26,11,378.7060193420087,377.6111791483386,1.0948401936701089,1.0948401936701089
MYS_03_26,12,444.61117355427416,446.176956399445,-1.5657828451708156,1.5657828451708156
MYS_03_27,1,435.1636628214519,437.2403108931546,-2.076648071702664,2.076648071702664
MYS_03_27,2,360.6127214898004,358.81011794923455,1.8026035405658263,1.8026035405658263
MYS_03_27,3,380.3335710927166,383.98984593056605,-3.6562748378494234,3.6562748378494234
MYS_03_27,4,322.526087937128,316.30801494974645,6.218072987381561,6.218072987381561
MYS_03_27,5,295.53271712207294,304.18923908623987,-8.656521964166927,8.656521964166927
MYS_03_27,6,253.85404997568284,246.65014941394764,7.203900561735196,7.203900561735196
MYS_03_27,7,224.93865795640087,233.7779556370257,-8.839297680624838,8.839297680624838
MYS_03_27,8,300.1460987845931,284.32380367929983,15.822295105293279,15.822295105293279
MYS_03_27,9,287.8000504638027,298.90984552037014,-11.109795056567464,11.109795056567464
MYS_03_27,10,379.9705646317094,376.84246043337254,3.128104198336871,3.128104198336871
MYS_03_27,11,382.4273606008701,383.6675257657581,-1.240165164888026,1.240165164888026
MYS_03_27,12,435.8678135689226,434.1628644085841,1.704949160338515,1.704949160338515
MYS_03_28,1,386.0771058239515,388.0082720002328,-1.9311661762812946,1.9311661762812946
MYS_03_28,2,334.6914096526456,330.6624325709855,4.028977081660059,4.028977081660059
MYS_03_28,3,367.0039316764864,373.38543215923926,-6.38150048275287,6.38150048275287
MYS_03_28,4,333.9554387410482,326.3014754600176,7.653963281030599,7.653963281030599
MYS_03_28,5,305.19064983255254,313.899857588464,-8.70920775591145,8.70920775591145
MYS_03_28,6,250.26214607335348,246.68039189509923,3.5817541782542435,3.5817541782542435
MYS_03_28,7,229.52739290969788,236.10430346167377,-6.576910551975885,6.576910551975885
MYS_03_28,8,299.3398018591515,285.9861427626538,13.353659096497722,13.353659096497722
MYS_03_28,9,296.9127361378087,300.6100721454163,-3.697336007607646,3.697336007607646
MYS_03_28,10,372.7106944377916,374.3974648818351,-1.6867704440435318,1.6867704440435318
MYS_03_28,11,373.5779921262073,373.12991291000776,0.44807921619951685,0.44807921619951685
MYS_03_28,12,399.7031097315536,398.543413835663,1.159695895890593,1.159695895890593
MYS_03_29,1,322.7974447187797,322.3551163758562,0.44232834292347434,0.44232834292347434
MYS_03_29,2,297.63169018942216,293.27680641227414,4.354883777148018,4.354883777148018
MYS_03_29,3,352.14859049963576,358.0775607526542,-5.928970253018463,5.928970253018463
MYS_03_29,4,341.97763398831484,338.6389815971524,3.338652391162441,3.338652391162441
MYS_03_29,5,320.96617924765934,323.0192895103982,-2.053110262738869,2.053110262738869
MYS_03_29,6,238.13531922678467,242.3412440584878,-4.205924831703129,4.205924831703129
MYS_03_29,7,233.7483626164835,234.01942995082365,-0.2710673343401595,0.2710673343401595
MYS_03_29,8,285.5091889767924,281.264463987742,4.2447249890504395,4.2447249890504395
MYS_03_29,9,300.9970862446134,293.90815452370464,7.088931720908761,7.088931720908761
MYS_03_29,10,351.3338071841285,359.63073912060986,-8.296931936481371,8.296931936481371
MYS_03_29,11,354.7859216793,349.4977287658618,5.288192913438195,5.288192913438195
MYS_03_29,12,341.8471660844107,344.2387015233661,-2.3915354389554295,2.3915354389554295
MYS_03_30,1,276.34509369634816,276.1463909601371,0.19870273621103252,0.19870273621103252
MYS_03_30,2,269.18417382599205,263.3521585606841,5.832015265307973,5.832015265307973
MYS_03_30,3,330.0694832438808,337.1054842116659,-7.036000967785071,7.036000967785071
MYS_03_30,4,337.3049860439506,333.11768842133796,4.187297622612618,4.187297622612618
MYS_03_30,5,319.0967817327028,322.82767848914654,-3.7308967564437125,3.7308967564437125
MYS_03_30,6,231.62755711135048,237.2096009276377,-5.582043816287211,5.582043816287211
MYS_03_30,7,234.1378437854398,229.66653289366926,4.471310891770543,4.471310891770543
MYS_03_30,8,276.0753473802792,274.5832933307107,1.4920540495684804,1.4920540495684804
MYS_03_30,9,296.6147978719076,285.27828954001086,11.336508331896766,11.336508331896766
MYS_03_30,10,332.4865022179389,344.1069157426728,-11.62041352473392,11.62041352473392
MYS_03_30,11,339.4823486278904,333.07035381382275,6.411994814067668,6.411994814067668
MYS_03_30,12,312.4171663017684,315.2493905802697,-2.8322242785012577,2.8322242785012577
MYS_03_31,1,248.0289087931315,250.07463254044117,-2.0457237473096654,2.0457237473096654
MYS_03_31,2,245.6292711893717,238.11103771324832,7.518233476123385,7.518233476123385
MYS_03_31,3,292.81446075439453,300.4650177753059,-7.6505570209113785,7.6505570209113785
MYS_03_31,4,310.96953938802085,302.34934809517097,8.620191292849881,8.620191292849881
MYS_03_31,5,302.5906453450521,317.2710195008095,-14.680374155757363,14.680374155757363
MYS_03_31,6,234.92321090698243,238.24493872682856,-3.3217278198461315,3.3217278198461315
MYS_03_31,7,234.00137074788407,228.17878427000707,5.822586477876996,5.822586477876996
MYS_03_31,8,286.9207692464193,272.1905542348457,14.730215011573591,14.730215011573591
MYS_03_31,9,288.8963027954102,280.43602989790134,8.460272897508844,8.460272897508844
MYS_03_31,10,315.1042490641276,330.7561417550551,-15.651892690927525,15.651892690927525
MYS_03_31,11,322.3073471069336,316.5903459765412,5.717001130392418,5.717001130392418
MYS_03_31,12,305.1554183959961,306.7226465954545,-1.567228199458384,1.567228199458384
MYS_04_03,1,170.58844579060872,164.6490784032409,5.93936738736781,5.93936738736781
MYS_04_03,2,136.87603696187338,124.40963529599132,12.46640166588206,12.46640166588206
MYS_04_03,3,202.1471860249837,220.60656499844802,-18.45937897346431,18.45937897346431
MYS_04_03,4,221.2136693318685,218.24774027067414,2.9659290611943447,2.9659290611943447
MYS_04_03,5,185.41842091878252,186.54884576179552,-1.130424843013003,1.130424843013003
MYS_04_03,6,135.50167191823323,134.7892619513087,0.7124099669245254,0.7124099669245254
MYS_04_03,7,162.28087717692057,156.65054241231684,5.630334764603731,5.630334764603731
MYS_04_03,8,189.3430608113607,189.18568880140538,0.15737200995530998,0.15737200995530998
MYS_04_03,9,222.69106852213545,216.37087009678592,6.320198425349531,6.320198425349531
MYS_04_03,10,270.18599700927734,290.9914770199383,-20.805480010660972,20.805480010660972
MYS_04_03,11,361.2638854980469,329.32760647742896,31.936279020617917,31.936279020617917
MYS_04_03,12,276.37696787516273,295.75642078650816,-19.379452911345425,19.379452911345425
MYS_04_04,1,173.2002532385427,171.61060235659204,1.5896508819506607,1.5896508819506607
MYS_04_04,2,125.68345764511864,118.17546920198455,7.5079884431340815,7.5079884431340815
MYS_04_04,3,198.1563415040361,206.95473162477882,-8.79839012074271,8.79839012074271
MYS_04_04,4,216.03081271665317,213.02816346078592,3.0026492558672544,3.0026492558672544
MYS_04_04,5,188.0722611642391,194.4755020066668,-6.403240842427692,6.403240842427692
MYS_04_04,6,139.2662228190645,139.79945329230446,-0.5332304732399678,0.5332304732399678
MYS_04_04,7,167.20893276999183,157.5497527061698,9.65918006382202,9.65918006382202
MYS_04_04,8,187.98356988135805,185.24877823890907,2.7347916424489824,2.7347916424489824
MYS_04_04,9,206.6985781979392,202.21661500149375,4.481963196445463,4.481963196445463
MYS_04_04,10,251.1996935558996,265.1682697019487,-13.968576146049116,13.968576146049116
MYS_04_04,11,330.5738537640944,315.08493757436673,15.48891618972766,15.48891618972766
MYS_04_04,12,296.6034062790025,305.6657595546541,-9.06235327565156,9.06235327565156
MYS_04_05,1,197.80575291497948,203.58926659876096,-5.783513683781479,5.783513683781479
MYS_04_05,2,113.6556128383442,113.62901383130682,0.026599007037376055,0.026599007037376055
MYS_04_05,3,194.2531512590477,189.51919113676036,4.733960122287357,4.733960122287357
MYS_04_05,4,205.18790797255852,201.52536940154926,3.6625385710092644,3.6625385710092644
MYS_04_05,5,186.626892144108,196.6915255415976,-10.064633397489587,10.064633397489587
MYS_04_05,6,138.41104785935389,142.74566252348237,-4.33461466412848,4.33461466412848
MYS_04_05,7,168.64619851243975,157.15516949440155,11.491029018038205,11.491029018038205
MYS_04_05,8,183.32827541489004,177.6845689825077,5.643706432382345,5.643706432382345
MYS_04_05,9,178.92120180717194,181.5715170041167,-2.6503151969447742,2.6503151969447742
MYS_04_05,10,236.81141183128275,232.8477201651646,3.963691666118166,3.963691666118166
MYS_04_05,11,290.361038935311,304.81679396600987,-14.455755030698867,14.455755030698867
MYS_04_05,12,347.9594873796856,338.2216429746156,9.737844405070007,9.737844405070007
MYS_04_06,1,235.25688369404915,244.93270361318142,-9.675819919132266,9.675819919132266
MYS_04_06,2,106.77123637823112,111.95569007671519,-5.184453698484063,5.184453698484063
MYS_04_06,3,191.2217574731207,178.2921997669216,12.929557706199091,12.929557706199091
MYS_04_06,4,195.4869987769469,191.56785532838106,3.9191434485658476,3.9191434485658476
MYS_04_06,5,182.64117311485708,194.30184350623335,-11.660670391376271,11.660670391376271
MYS_04_06,6,140.1389678938982,143.78879633371662,-3.649828439818407,3.649828439818407
MYS_04_06,7,169.53873941123734,158.20120630627792,11.33753310495942,11.33753310495942
MYS_04_06,8,176.26061690930072,173.24759887946786,3.013018029832864,3.013018029832864
MYS_04_06,9,163.3491170014007,168.38630568872478,-5.037188687324061,5.037188687324061
MYS_04_06,10,230.03868714586088,215.2414249547867,14.797262191074168,14.797262191074168
MYS_04_06,11,278.5064491062728,310.20917522915744,-31.702726122884656,31.702726122884656
MYS_04_06,12,403.4489219440186,382.9033844500094,20.54553749400918,20.54553749400918
MYS_04_07,1,285.31105363424666,294.32875272048994,-9.017699086243283,9.017699086243283
MYS_04_07,2,105.85026761873006,113.20295565371762,-7.352688034987565,7.352688034987565
MYS_04_07,3,188.5244283453421,174.28196021757725,14.242468127764852,14.242468127764852
MYS_04_07,4,187.05622530246745,183.61805295295673,3.4381723495107224,3.4381723495107224
MYS_04_07,5,176.194062983357,186.71524652596597,-10.52118354260898,10.52118354260898
MYS_04_07,6,145.15966487163698,142.76934426330646,2.390320608330512,2.390320608330512
MYS_04_07,7,170.0944465345638,161.10526110162357,8.989185432940218,8.989185432940218
MYS_04_07,8,166.9562999749639,173.05148304658172,-6.095183071617811,6.095183071617811
MYS_04_07,9,163.31270785402594,165.1177106289744,-1.8050027749484627,1.8050027749484627
MYS_04_07,10,232.55476780869145,216.23847271699944,16.316295091692012,16.316295091692012
MYS_04_07,11,300.8863279128024,333.0840155773107,-32.197687664508294,32.197687664508294
MYS_04_07,12,458.9962867510041,438.2376956349482,20.758591116055925,20.758591116055925
MYS_04_08,1,308.8014490860096,315.0271772432965,-6.225728157286881,6.225728157286881
MYS_04_08,2,101.5579713021154,108.68942439415491,-7.131453092039507,7.131453092039507
MYS_04_08,3,179.70742516780243,166.81235716212925,12.895068005673181,12.895068005673181
MYS_04_08,4,179.91387057815774,179.67378588604035,0.24008469211739225,0.24008469211739225
MYS_04_08,5,176.5947903597182,182.7885041696705,-6.1937138099523,6.1937138099523
MYS_04_08,6,147.94631788944852,142.70616808734897,5.240149802099552,5.240149802099552
MYS_04_08,7,173.96636392786883,163.32568521332527,10.640678714543554,10.640678714543554
MYS_04_08,8,160.44787670854208,173.96445068880553,-13.516573980263445,13.516573980263445
MYS_04_08,9,162.92419323465097,164.95352829056253,-2.0293350559115595,2.0293350559115595
MYS_04_08,10,231.68847996587337,216.98233047795296,14.706149487920413,14.706149487920413
MYS_04_08,11,308.43155222796014,332.31834761702805,-23.886795389067913,23.886795389067913
MYS_04_08,12,461.7579579427968,446.94197882525395,14.815979117542838,14.815979117542838
MYS_04_09,1,301.4487217005561,302.17424134276916,-0.7255196422130439,0.7255196422130439
MYS_04_09,2,93.371361840005,97.28098334796886,-3.9096215079638625,3.9096215079638625
MYS_04_09,3,163.27934997081758,155.17762227075548,8.1017277000621,8.1017277000621
MYS_04_09,4,173.2728624568266,179.66975711244805,-6.396894655621452,6.396894655621452
MYS_04_09,5,184.9855739518708,182.55707596792158,2.428497983949228,2.428497983949228
MYS_04_09,6,147.8505126616534,143.4764522115365,4.3740604501169,4.3740604501169
MYS_04_09,7,181.73334304959164,164.6220922340253,17.111250815566336,17.111250815566336
MYS_04_09,8,156.74246152242026,176.11016901027827,-19.367707487858013,19.367707487858013
MYS_04_09,9,161.72246212304808,168.57538390962839,-6.8529217865803105,6.8529217865803105
MYS_04_09,10,227.6015727735033,217.97426837691336,9.627304396589949,9.627304396589949
MYS_04_09,11,300.9486308677524,305.51255479328364,-4.563923925531242,4.563923925531242
MYS_04_09,12,404.2724281198838,403.11685804739255,1.15557007249123,1.15557007249123
MYS_04_23,1,510.8072732614101,504.39611832874135,6.411154932668751,6.411154932668751
MYS_04_23,2,302.8305906116003,312.92580319183264,-10.095212580232328,10.095212580232328
MYS_04_23,3,329.49103179230093,317.461855928359,12.02917586394193,12.02917586394193
MYS_04_23,4,240.67818411289963,254.04844610032984,-13.370261987430212,13.370261987430212
MYS_04_23,5,234.92593909954203,220.34789017067249,14.57804892886955,14.57804892886955
MYS_04_23,6,189.73509252087825,191.65287459538666,-1.917782074508409,1.917782074508409
MYS_04_23,7,188.64307083305272,191.64594756433837,-3.002876731285653,3.002876731285653
MYS_04_23,8,207.0586091385765,225.62547043531126,-18.56686129673477,18.56686129673477
MYS_04_23,9,252.62987068790127,232.4557519972765,20.174118690624766,20.174118690624766
MYS_04_23,10,300.07614246587644,308.82574019256015,-8.749597726683703,8.749597726683703
MYS_04_23,11,337.84292259128614,332.5128559852646,5.330066606021546,5.330066606021546
MYS_04_23,12,430.8588421981637,436.21596772697325,-5.357125528809547,5.357125528809547
MYS_04_24,1,522.2068211352239,517.0379941369459,5.16882699827795,5.16882699827795
MYS_04_24,2,334.69336276653684,342.7277559462745,-8.034393179737663,8.034393179737663
MYS_04_24,3,348.95656510024776,339.3598379927816,9.596727107466165,9.596727107466165
MYS_04_24,4,251.9784893619558,263.04625735273737,-11.067767990781562,11.067767990781562
MYS_04_24,5,245.99254887481857,234.24698607679122,11.74556279802735,11.74556279802735
MYS_04_24,6,201.5606882282945,203.88723140287888,-2.3265431745843728,2.3265431745843728
MYS_04_24,7,193.95000972122443,197.91906197466474,-3.96905225344031,3.96905225344031
MYS_04_24,8,226.43427655579612,235.56120432028447,-9.126927764488357,9.126927764488357
MYS_04_24,9,254.73934503357268,242.75488957745242,11.984455456120259,11.984455456120259
MYS_04_24,10,313.0377572273296,319.355309149343,-6.317551922013365,6.317551922013365
MYS_04_24,11,345.9063945603501,341.0589558951121,4.84743866523803,4.84743866523803
MYS_04_24,12,442.6612422963961,447.4682782296577,-4.807035933261602,4.807035933261602
MYS_04_25,1,516.7894344539079,514.7135853409295,2.0758491129784034,2.0758491129784034
MYS_04_25,2,365.01890665529146,367.52388501374185,-2.504978358450387,2.504978358450387
MYS_04_25,3,364.49802384356406,361.99392937697263,2.5040944665914253,2.5040944665914253
MYS_04_25,4,271.361874589236,275.0992884145689,-3.737413825332908,3.737413825332908
MYS_04_25,5,257.65091899437243,253.66490597984543,3.9860130145270034,3.9860130145270034
MYS_04_25,6,218.8040134075825,219.907832976885,-1.103819569302516,1.103819569302516
MYS_04_25,7,202.629806886343,209.08116380168266,-6.451356915339659,6.451356915339659
MYS_04_25,8,259.0011636492572,252.53170577256378,6.469457876693411,6.469457876693411
MYS_04_25,9,260.80101586353925,263.00792324835646,-2.206907384817214,2.206907384817214
MYS_04_25,10,340.9522739024102,342.1452699310448,-1.1929960286346386,1.1929960286346386
MYS_04_25,11,362.1585781145699,358.9775296803905,3.181048434179388,3.181048434179388
MYS_04_25,12,454.8147071484272,457.50952157803977,-2.6948144296125633,2.6948144296125633
MYS_04_26,1,491.2251756354223,491.67534749479825,-0.45017185937592785,0.45017185937592785
MYS_04_26,2,368.9710366132391,366.3800193955816,2.591017217657509,2.591017217657509
MYS_04_26,3,366.76093408125865,371.3632824486048,-4.602348367346167,4.602348367346167
MYS_04_26,4,293.90138084476,290.16524060936695,3.7361402353930657,3.7361402353930657
MYS_04_26,5,268.29626196044404,272.18289381136606,-3.886631850922015,3.886631850922015
MYS_04_26,6,232.8997731904943,231.43937759178556,1.4603955987087431,1.4603955987087431
MYS_04_26,7,211.5622242223361,220.56298516862293,-9.000760946286817,9.000760946286817
MYS_04_26,8,285.50253653546423,267.7913401130423,17.71119642242195,17.71119642242195
MYS_04_26,9,271.35160542258734,281.4714377960482,-10.119832373460838,10.119832373460838
MYS_04_26,10,363.0807724111693,362.47270809911174,0.608064312057536,0.608064312057536
MYS_04_26,11,374.70593072915375,371.9870313137314,2.7188994154223565,2.7188994154223565
MYS_04_26,12,450.3840201526754,451.5449831431348,-1.1609629904593817,1.1609629904593817
MYS_04_27,1,450.3793847688543,452.57738819831,-2.198003429455696,2.198003429455696
MYS_04_27,2,345.26225790033897,338.3512010846752,6.9110568156637555,6.9110568156637555
MYS_04_27,3,353.08234472042665,364.0992136075285,-11.01686888710185,11.01686888710185
MYS_04_27,4,315.07036868140807,304.08645042981294,10.983918251595128,10.983918251595128
MYS_04_27,5,274.06727148954195,285.9084360532496,-11.84116456370765,11.84116456370765
MYS_04_27,6,241.02909275761357,236.49657389437746,4.532518863236106,4.532518863236106
MYS_04_27,7,219.15579647003656,230.5573671715469,-11.401570701510337,11.401570701510337
MYS_04_27,8,302.7420081535218,278.86907821285007,23.872929940671725,23.872929940671725
MYS_04_27,9,286.1016302425647,295.1770504408338,-9.075420198269114,9.075420198269114
MYS_04_27,10,374.5794952990012,377.08917300831115,-2.5096777093099263,2.5096777093099263
MYS_04_27,11,381.3241664067021,377.79073834544135,3.533428061260736,3.533428061260736
MYS_04_27,12,431.080910037409,431.306639628691,-0.2257295912820041,0.2257295912820041
MYS_04_28,1,395.3778889455613,396.69816566094653,-1.320276715385205,1.320276715385205
MYS_04_28,2,316.4249076616486,308.131993051234,8.292914610414584,8.292914610414584
MYS_04_28,3,339.24533405344454,352.114428380839,-12.869094327394464,12.869094327394464
MYS_04_28,4,326.92082038927987,316.32150529397927,10.599315095300597,10.599315095300597
MYS_04_28,5,293.0918838322795,302.4919826745267,-9.40009884224719,9.40009884224719
MYS_04_28,6,240.9398089042388,240.51255284432918,0.4272560599096096,0.4272560599096096
MYS_04_28,7,224.88161042571824,235.42053655536404,-10.538926129645802,10.538926129645802
MYS_04_28,8,305.0074309703397,282.7090919511124,22.298339019227342,22.298339019227342
MYS_04_28,9,292.7750112011174,297.0300753564673,-4.255064155349885,4.255064155349885
MYS_04_28,10,365.702083856538,371.65881129300544,-5.956727436467418,5.956727436467418
MYS_04_28,11,371.61021610754057,365.51992622384125,6.090289883699313,6.090289883699313
MYS_04_28,12,393.1452831713763,394.876395037341,-1.7311118659646922,1.7311118659646922
MYS_04_29,1,329.39423064702675,327.7679420923348,1.6262885546919392,1.6262885546919392
MYS_04_29,2,283.7655180597104,276.42771677730076,7.337801282409657,7.337801282409657
MYS_04_29,3,325.45106833735593,336.5511497253843,-11.100081388028343,11.100081388028343
MYS_04_29,4,331.40661929649644,327.21928534231245,4.187333954183998,4.187333954183998
MYS_04_29,5,322.5705445559216,321.3283715712643,1.242172984657259,1.242172984657259
MYS_04_29,6,234.41700855045883,243.72833841930367,-9.311329868844837,9.311329868844837
MYS_04_29,7,229.0968622521509,236.21687540098733,-7.120013148836421,7.120013148836421
MYS_04_29,8,295.44595080669416,280.8341712009117,14.61177960578243,14.61177960578243
MYS_04_29,9,293.0441977810759,289.5266698959288,3.5175278851471035,3.5175278851471035
MYS_04_29,10,340.78745028821726,350.4176519885097,-9.630201700292446,9.630201700292446
MYS_04_29,11,349.0433842526207,339.0458797172211,9.997504535399571,9.997504535399571
MYS_04_29,12,340.67826888651786,345.82724041032435,-5.148971523806495,5.148971523806495
MYS_04_30,1,277.2586054087191,275.50594389721795,1.7526615115011737,1.7526615115011737
MYS_04_30,2,257.3542738070154,250.80063819014407,6.553635616871304,6.553635616871304
MYS_04_30,3,306.3522003846057,315.0369619843784,-8.684761599772742,8.684761599772742
MYS_04_30,4,322.41466260614413,319.8787443933624,2.5359182127817235,2.5359182127817235
MYS_04_30,5,329.12777367691075,328.35042908229457,0.7773445946161814,0.7773445946161814
MYS_04_30,6,233.91564175146144,244.83782176932047,-10.922180017859034,10.922180017859034
MYS_04_30,7,233.008243078082,234.47671990576515,-1.468476827683162,1.468476827683162
MYS_04_30,8,288.3828014981215,277.6447447877697,10.738056710351827,10.738056710351827
MYS_04_30,9,291.02268785772304,282.8825914040897,8.140096453633362,8.140096453633362
MYS_04_30,10,320.42513010790395,333.1419937741316,-12.716863666227653,12.716863666227653
MYS_04_30,11,329.3103357497294,319.20598368280935,10.104352066920057,10.104352066920057
MYS_04_30,12,310.066422655628,315.4908637559628,-5.424441100334775,5.424441100334775
MYS_04_31,1,242.62210628520972,243.34900982983183,-0.7269035446221039,0.7269035446221039
MYS_04_31,2,238.2832736636783,232.3259587548111,5.957314908867204,5.957314908867204
MYS_04_31,3,282.7252100420428,288.7344983744799,-6.009288332437109,6.009288332437109
MYS_04_31,4,301.4043759870099,295.84224143080985,5.562134556200078,5.562134556200078
MYS_04_31,5,315.2812593156511,325.19643958641416,-9.915180270763074,9.915180270763074
MYS_04_31,6,240.8823281365472,245.30357634269876,-4.421248206151574,4.421248206151574
MYS_04_31,7,236.92341453391867,231.77630980976096,5.147104724157714,5.147104724157714
MYS_04_31,8,285.6417051160658,274.83906336227403,10.802641753791761,10.802641753791761
MYS_04_31,9,287.82662121197126,278.68935636834794,9.137264843623313,9.137264843623313
MYS_04_31,10,307.04137174130915,321.74069778889805,-14.699326047588897,14.699326047588897
MYS_04_31,11,314.3768806801185,307.6983264095238,6.678554270594702,6.678554270594702
MYS_04_31,12,303.68778151778486,306.4376583708981,-2.7498768531132214,2.7498768531132214
MYS_05_03,1,180.53800609729907,173.61235223948674,6.9256538578123354,6.9256538578123354
MYS_05_03,2,142.22847006056045,126.7232059338885,15.50526412667196,15.50526412667196
MYS_05_03,3,205.62982604415328,228.81611611026696,-23.186290066113685,23.186290066113685
MYS_05_03,4,227.5588016651295,223.839680823246,3.7191208418834947,3.7191208418834947
MYS_05_03,5,180.57505295364945,180.29084494450058,0.2842080091488697,0.2842080091488697
MYS_05_03,6,129.21494104597303,127.6737604538197,1.5411805921533386,1.5411805921533386
MYS_05_03,7,160.6628444389061,152.4940612695267,8.168783169379395,8.168783169379395
MYS_05_03,8,178.9899113972982,183.78833371395314,-4.79842231665495,4.79842231665495
MYS_05_03,9,217.9436981201172,211.79710280738377,6.146595312733439,6.146595312733439
MYS_05_03,10,268.84040013066044,290.59082599598423,-21.75042586532379,21.75042586532379
MYS_05_03,11,375.86141685203273,338.39256969665115,37.46884715538158,37.46884715538158
MYS_05_03,12,282.9699210272895,305.7551248184522,-22.7852037911627,22.7852037911627
MYS_05_04,1,194.8040046077704,191.4429598187299,3.3610447890405055,3.3610447890405055
MYS_05_04,2,135.56779454189277,125.77242939577425,9.795365146118513,9.795365146118513
MYS_05_04,3,207.46416255830965,221.19440856932908,-13.730246011019432,13.730246011019432
MYS_05_04,4,223.4427255911197,220.3912782080003,3.0514473831194096,3.0514473831194096
MYS_05_04,5,185.24574905779372,186.79423123638153,-1.5484821785878182,1.5484821785878182
MYS_05_04,6,133.18315440171918,132.43491204398785,0.7482423577313284,0.7482423577313284
MYS_05_04,7,163.9469713510957,154.42610916835446,9.52086218274124,9.52086218274124
MYS_05_04,8,174.1177044850475,181.47262941490737,-7.3549249298598625,7.3549249298598625
MYS_05_04,9,207.696172850027,200.6912680209133,7.004904829113713,7.004904829113713
MYS_05_04,10,257.6910216997254,271.5639313144259,-13.872909614700461,13.872909614700461
MYS_05_04,11,356.26145667310027,335.32918580465105,20.932270868449223,20.932270868449223
MYS_05_04,12,316.94008617473094,329.4281631198408,-12.488076945109867,12.488076945109867
MYS_05_05,1,213.36988652284813,218.68538187903096,-5.315495356182822,5.315495356182822
MYS_05_05,2,116.45236357330646,116.82152871533054,-0.36916514202408734,0.36916514202408734
MYS_05_05,3,195.05510080852207,192.22396362498046,2.831137183541614,2.831137183541614
MYS_05_05,4,196.17006778172083,192.43576163707672,3.7343061446441084,3.7343061446441084
MYS_05_05,5,186.98201280301208,190.33662134673492,-3.354608543722833,3.354608543722833
MYS_05_05,6,136.62883629289254,140.79587534826993,-4.167039055377387,4.167039055377387
MYS_05_05,7,162.7139326783841,157.64132940912816,5.07260326925595,5.07260326925595
MYS_05_05,8,177.23763008561713,178.51097274611115,-1.2733426604940234,1.2733426604940234
MYS_05_05,9,181.3015291308852,184.25374646843636,-2.9522173375511613,2.9522173375511613
MYS_05_05,10,252.6216870165628,242.2197721972288,10.401914819333996,10.401914819333996
MYS_05_05,11,321.3753166594328,338.5334655164315,-17.15814885699865,17.15814885699865
MYS_05_05,12,399.1818677791212,387.7607791984031,11.421088580718106,11.421088580718106
MYS_05_06,1,242.9816221033973,253.15050707115202,-10.168884967754707,10.168884967754707
MYS_05_06,2,108.00818695026106,114.56361510383216,-6.5554281535711,6.5554281535711
MYS_05_06,3,190.30952948035065,177.6772577410515,12.632271739299142,12.632271739299142
MYS_05_06,4,178.57875455019342,174.38307017805505,4.195684372138373,4.195684372138373
MYS_05_06,5,183.09922910762737,188.55461555483,-5.455386447202642,5.455386447202642
MYS_05_06,6,139.32791517273785,143.6782834925089,-4.350368319771064,4.350368319771064
MYS_05_06,7,162.287971329186,159.1590943234858,3.128877005700218,3.128877005700218
MYS_05_06,8,175.28531506695325,175.19209605856236,0.09321900839088926,0.09321900839088926
MYS_05_06,9,163.98582576075685,172.2174629901449,-8.231637229388042,8.231637229388042
MYS_05_06,10,249.2912888490701,225.31590210047534,23.975386748594758,23.975386748594758
MYS_05_06,11,315.414234864762,353.68529527126896,-38.27106040650693,38.27106040650693
MYS_05_06,12,472.426190694978,447.7704498790083,24.655740815969693,24.655740815969693
MYS_05_07,1,285.5265721767397,295.4518837387813,-9.9253115620416,9.9253115620416
MYS_05_07,2,112.90854722125523,120.41029470853005,-7.501747487274812,7.501747487274812
MYS_05_07,3,194.96463444862,181.46550559630114,13.499128852318847,13.499128852318847
MYS_05_07,4,173.87208480172256,169.7615729552048,4.110511846517767,4.110511846517767
MYS_05_07,5,173.02899039783128,180.2009017296288,-7.171911331797531,7.171911331797531
MYS_05_07,6,140.74370884434538,139.55266923407987,1.1910396102655056,1.1910396102655056
MYS_05_07,7,163.03186886484022,158.51150243378294,4.520366431057283,4.520366431057283
MYS_05_07,8,166.22566744610748,171.5035089527548,-5.27784150664732,5.27784150664732
MYS_05_07,9,158.51010974382865,166.03356122938604,-7.523451485557388,7.523451485557388
MYS_05_07,10,248.3210958673434,224.3670002477605,23.954095619582887,23.954095619582887
MYS_05_07,11,344.809003916522,381.9846719347137,-37.175668018191686,37.175668018191686
MYS_05_07,12,529.799276044185,505.9254213216035,23.87385472258154,23.87385472258154
MYS_05_25,1,527.0058406010381,525.8325462771686,1.173294323869527,1.173294323869527
MYS_05_25,2,367.6633460828993,368.6298645566866,-0.9665184737872892,0.9665184737872892
MYS_05_25,3,358.06245438187216,356.6873773812659,1.375077000606268,1.375077000606268
MYS_05_25,4,263.4947735143591,264.8895683067067,-1.394794792347568,1.394794792347568
MYS_05_25,5,245.6381069494177,245.12972867472982,0.5083782746878853,0.5083782746878853
MYS_05_25,6,213.25465630425347,216.78785933856207,-3.533203034308599,3.533203034308599
MYS_05_25,7,200.25379230075413,206.21508120916323,-5.961288908409102,5.961288908409102
MYS_05_25,8,259.9185438311542,249.41528133259536,10.503262498558826,10.503262498558826
MYS_05_25,9,261.2507542758518,260.314409790721,0.9363444851308032,0.9363444851308032
MYS_05_25,10,336.12492656566485,340.50717831055067,-4.382251744885821,4.382251744885821
MYS_05_25,11,360.8201265236184,358.49716337811594,2.322963145502456,2.322963145502456
MYS_05_25,12,463.191751324689,464.7307991390877,-1.5390478143987139,1.5390478143987139
MYS_05_26,1,496.8812262258222,498.99661101014516,-2.1153847843229414,2.1153847843229414
MYS_05_26,2,360.3348000967374,354.5724629438851,5.762337152852297,5.762337152852297
MYS_05_26,3,350.5375049837174,358.3203099967428,-7.782805013025438,7.782805013025438
MYS_05_26,4,286.74102364816974,278.36354989144905,8.37747375672069,8.37747375672069
MYS_05_26,5,249.02366414634128,259.45816388573905,-10.43449973939778,10.43449973939778
MYS_05_26,6,224.4815663840181,225.29091608811012,-0.8093497040920283,0.8093497040920283
MYS_05_26,7,211.1367873345652,218.40154076944245,-7.264753434877235,7.264753434877235
MYS_05_26,8,289.2650265170682,265.03562245903504,24.22940405803314,24.22940405803314
MYS_05_26,9,274.7990396458616,280.8431151116334,-6.044075465771755,6.044075465771755
MYS_05_26,10,360.55501934174566,365.2561731290079,-4.701153787262228,4.701153787262228
MYS_05_26,11,375.38860651652016,373.1294792185531,2.2591272979670407,2.2591272979670407
MYS_05_26,12,455.56719269291045,455.35804802046584,0.20914467244460866,0.20914467244460866
MYS_05_27,1,458.1704626250685,461.7794823234918,-3.6090196984232534,3.6090196984232534
MYS_05_27,2,323.07754266208275,312.3854036602516,10.692139001831151,10.692139001831151
MYS_05_27,3,328.91611805105566,343.6512440789444,-14.735126027888725,14.735126027888725
MYS_05_27,4,308.8989833764862,293.51621454113416,15.382768835352067,15.382768835352067
MYS_05_27,5,250.18463458489057,269.36896025148815,-19.184325666597573,19.184325666597573
MYS_05_27,6,231.08386011816805,227.6070469715582,3.4768131466098566,3.4768131466098566
MYS_05_27,7,223.2978014379516,230.63276744294822,-7.33496600499663,7.33496600499663
MYS_05_27,8,307.5321422337888,277.7625322685027,29.769609965286122,29.769609965286122
MYS_05_27,9,291.4402790442445,297.9581293644308,-6.517850320186312,6.517850320186312
MYS_05_27,10,378.20488556214144,386.5817860292583,-8.376900467116855,8.376900467116855
MYS_05_27,11,386.2890722690668,380.989220570638,5.299851698428824,5.299851698428824
MYS_05_27,12,431.5230072212697,431.90419983594865,-0.3811926146789233,0.3811926146789233
MYS_05_28,1,408.3490109188342,409.9676259848087,-1.6186150659744953,1.6186150659744953
MYS_05_28,2,297.88794519979484,286.3376454883661,11.55029971142875,11.55029971142875
MYS_05_28,3,317.5191282072521,334.9067389186586,-17.387610711406523,17.387610711406523
MYS_05_28,4,323.43145776173424,310.2700516146366,13.161406147097637,13.161406147097637
MYS_05_28,5,283.105591075433,293.5564314570314,-10.450840381598425,10.450840381598425
MYS_05_28,6,235.04062774738932,236.38509186400537,-1.3444641166160523,1.3444641166160523
MYS_05_28,7,227.51880111775068,238.37386465590922,-10.855063538158532,10.855063538158532
MYS_05_28,8,309.8276047463392,283.84346032452373,25.984144421815472,25.984144421815472
MYS_05_28,9,293.6320415468569,299.2069684467573,-5.57492689990039,5.57492689990039
MYS_05_28,10,370.7740446625563,377.7580307718058,-6.983986109249486,6.983986109249486
MYS_05_28,11,377.3440678914388,369.1032549025286,8.240812988910193,8.240812988910193
MYS_05_28,12,399.081851541832,401.6752039768125,-2.5933524349804884,2.5933524349804884
MYS_05_29,1,344.89955309890127,342.489498687605,2.410054411296244,2.410054411296244
MYS_05_29,2,275.1359433613512,264.3798350467168,10.756108314634446,10.756108314634446
MYS_05_29,3,307.0413821615231,325.5371447954821,-18.495762633959032,18.495762633959032
MYS_05_29,4,333.2388118881582,327.23669707723377,6.002114810924411,6.002114810924411
MYS_05_29,5,336.43833559202284,327.4292459639478,9.00908962807506,9.00908962807506
MYS_05_29,6,235.68252855531728,249.17736712302064,-13.494838567703368,13.494838567703368
MYS_05_29,7,226.88600852221185,243.65885683273459,-16.772848310522733,16.772848310522733
MYS_05_29,8,303.2587001938222,285.7131416757685,17.545558518053724,17.545558518053724
MYS_05_29,9,287.755624801085,290.0396236451044,-2.283998844019436,2.283998844019436
MYS_05_29,10,344.8782306290483,348.48228683471626,-3.6040562056679732,3.6040562056679732
MYS_05_29,11,354.1812008155126,342.953574414832,11.227626400680606,11.227626400680606
MYS_05_29,12,358.1455608878166,363.80173801284343,-5.656177125026829,5.656177125026829
MYS_05_30,1,285.74422538943605,282.3674570645645,3.3767683248715343,3.3767683248715343
MYS_05_30,2,251.7087350646908,243.7278498378454,7.980885226845402,7.980885226845402
MYS_05_30,3,290.6066193242488,304.1809768938767,-13.574357569627864,13.574357569627864
MYS_05_30,4,320.38424641473534,318.659826992787,1.7244194219483688,1.7244194219483688
MYS_05_30,5,353.13043550948936,341.5167206410718,11.61371486841756,11.61371486841756
MYS_05_30,6,240.0032637253942,255.1795246088242,-15.176260883430018,15.176260883430018
MYS_05_30,7,231.354093369405,242.45538249690716,-11.101289127502156,11.101289127502156
MYS_05_30,8,292.880670106082,283.11941585983436,9.761254246247631,9.761254246247631
MYS_05_30,9,284.7147322247742,281.2281214594773,3.4866107652969163,3.4866107652969163
MYS_05_30,10,317.9043510469409,323.79295709873634,-5.888606051795421,5.888606051795421
MYS_05_30,11,328.0674618358572,316.96258115795956,11.104880677897654,11.104880677897654
MYS_05_30,12,324.6874798703852,330.96727357338955,-6.279793703004373,6.279793703004373
MYS_05_31,1,234.27618543769736,233.0678228449976,1.208362592699757,1.208362592699757
MYS_05_31,2,227.74308408423312,224.22576968731278,3.517314396920341,3.517314396920341
MYS_05_31,3,269.10630776610554,272.5310198130578,-3.4247120469522656,3.4247120469522656
MYS_05_31,4,288.0228435773889,287.008393727291,1.0144498500979466,1.0144498500979466
MYS_05_31,5,333.5799524621118,336.59293495541476,-3.0129824933029568,3.0129824933029568
MYS_05_31,6,249.78212929254843,255.16033851670784,-5.378209224159406,5.378209224159406
MYS_05_31,7,241.2603982595452,236.67142581434234,4.58897244520287,4.58897244520287
MYS_05_31,8,282.18377545191765,278.33461765790634,3.849157794011319,3.849157794011319
MYS_05_31,9,286.19482570599905,275.8806704570275,10.314155248971531,10.314155248971531
MYS_05_31,10,295.4230937732424,308.5429576152358,-13.119863841993435,13.119863841993435
MYS_05_31,11,303.2522862156735,295.21291632500777,8.03936989066574,8.03936989066574
MYS_05_31,12,301.50831498737574,305.9851072584836,-4.476792271107854,4.476792271107854
MYS_05_32,1,212.68141443488304,211.9857616519015,0.69565278298154,0.69565278298154
MYS_05_32,2,214.43308747823767,214.4704138681524,-0.03732638991473891,0.03732638991473891
MYS_05_32,3,258.622144270479,256.7526511804339,1.8694930900451254,1.8694930900451254
MYS_05_32,4,273.6259630467561,273.3207027211418,0.30526032561431293,0.30526032561431293
MYS_05_32,5,332.7366731107905,341.7483477518749,-9.011674641084426,9.011674641084426
MYS_05_32,6,265.7329319243128,262.4162533182345,3.3166786060783124,3.3166786060783124
MYS_05_32,7,247.4608932495117,241.03476444448725,6.426128805024462,6.426128805024462
MYS_05_32,8,286.9459965280826,284.3911467603716,2.554849767711005,2.554849767711005
MYS_05_32,9,291.2198003704628,281.84401169505156,9.37578867541123,9.37578867541123
MYS_05_32,10,296.5824344706446,310.11480150534373,-13.53236703469912,13.53236703469912
MYS_05_32,11,298.6503228262569,291.87683260193677,6.773490224320142,6.773490224320142
MYS_05_32,12,298.28849629034266,302.2322368642463,-3.9437405739036535,3.9437405739036535
MYS_06_02,1,171.22165400187174,168.7596732346206,2.4619807672511342,2.4619807672511342
MYS_06_02,2,140.2722541809082,126.52914394966643,13.743110231241758,13.743110231241758
MYS_06_02,3,213.84611790974932,234.33115087006252,-20.48503296031319,20.48503296031319
MYS_06_02,4,232.08096211751305,227.12883981196651,4.952122305546538,4.952122305546538
MYS_06_02,5,186.96472981770836,181.6477081955972,5.317021622111156,5.317021622111156
MYS_06_02,6,124.97682304382325,129.74644111248313,-4.769618068659881,4.769618068659881
MYS_06_02,7,160.12839838663737,157.22619329475756,2.9022050918798072,2.9022050918798072
MYS_06_02,8,192.06636021931965,191.5815237428669,0.48483647645275596,0.48483647645275596
MYS_06_02,9,215.56807657877604,224.89784405027052,-9.329767471494478,9.329767471494478
MYS_06_02,10,308.9675033569336,310.2662378623741,-1.2987345054405068,1.2987345054405068
MYS_06_02,11,373.6063568115234,355.2376199835193,18.368736828004103,18.368736828004103
MYS_06_02,12,300.8375798543294,311.74124986734296,-10.903670013013539,10.903670013013539
MYS_06_03,1,181.783878465547,176.20670825986716,5.577170205679835,5.577170205679835
MYS_06_03,2,143.51955336383998,130.95513751140604,12.564415852433939,12.564415852433939
MYS_06_03,3,221.29449709334892,240.59758233816413,-19.303085244815207,19.303085244815207
MYS_06_03,4,240.75108361579203,238.6515948631542,2.099488752637825,2.099488752637825
MYS_06_03,5,193.68465734461856,188.35082517154325,5.333832173075308,5.333832173075308
MYS_06_03,6,131.198334899469,132.2292301990793,-1.0308952996103073,1.0308952996103073
MYS_06_03,7,165.49138109580642,158.89288465579466,6.598496440011758,6.598496440011758
MYS_06_03,8,182.2808063375932,192.01959456219706,-9.738788224603866,9.738788224603866
MYS_06_03,9,226.30030783979703,222.52641682226562,3.7738910175314118,3.7738910175314118
MYS_06_03,10,292.8327091028872,305.31261607521003,-12.479906972322851,12.479906972322851
MYS_06_03,11,374.1537085061294,346.4560141051279,27.697694401001513,27.697694401001513
MYS_06_03,12,285.89689796117034,302.92167840082504,-17.024780439654705,17.024780439654705
MYS_06_04,1,201.8559035960366,199.05368777576038,2.802215820276217,2.802215820276217
MYS_06_04,2,135.69665062544394,129.8059916256156,5.890658999828332,5.890658999828332
MYS_06_04,3,219.2246455005571,228.62307003939742,-9.398424538840317,9.398424538840317
MYS_06_04,4,227.37213489495076,226.32789210008633,1.0442427948644308,1.0442427948644308
MYS_06_04,5,201.8046540783901,197.10770016335053,4.696953915039558,4.696953915039558
MYS_06_04,6,140.5327770272891,142.34336651908941,-1.8105894918003287,1.8105894918003287
MYS_06_04,7,170.16659171020285,165.78388915722746,4.382702552975388,4.382702552975388
MYS_06_04,8,183.0346075460023,195.74012975210553,-12.70552220610324,12.70552220610324
MYS_06_04,9,226.5956770616419,217.73366501509182,8.862012046550092,8.862012046550092
MYS_06_04,10,287.02298970128976,293.85016979278817,-6.8271800914984055,6.8271800914984055
MYS_06_04,11,371.9848368850409,360.1538537548574,11.83098313018354,11.83098313018354
MYS_06_04,12,346.83909888922,353.9090119554758,-7.069913066255822,7.069913066255822
MYS_06_05,1,227.09061461857385,232.19611578507303,-5.105501166499181,5.105501166499181
MYS_06_05,2,117.95383510791434,120.03227319298654,-2.078438085072193,2.078438085072193
MYS_06_05,3,198.88641880862923,195.70510226136705,3.1813165472621847,3.1813165472621847
MYS_06_05,4,186.93937316531225,183.2424897212221,3.6968834440901333,3.6968834440901333
MYS_06_05,5,199.8258381773933,197.62004630444136,2.2057918729519486,2.2057918729519486
MYS_06_05,6,146.0495912541788,152.6019856944711,-6.552394440292289,6.552394440292289
MYS_06_05,7,168.6242801500754,171.82323057983464,-3.198950429759236,3.198950429759236
MYS_06_05,8,192.4756286411184,196.5633259675541,-4.087697326435716,4.087697326435716
MYS_06_05,9,207.7680376494877,206.45356145007514,1.3144761994125531,1.3144761994125531
MYS_06_05,10,287.7427553949911,274.1393790840723,13.603376310918804,13.603376310918804
MYS_06_05,11,375.7558471405191,397.70127298646213,-21.94542584594302,21.94542584594302
MYS_06_05,12,478.6153824078595,464.0049920058142,14.610390402045311,14.610390402045311
MYS_06_06,1,254.69550204383,263.9190938139393,-9.223591770109294,9.223591770109294
MYS_06_06,2,109.91755862533728,116.00929371877348,-6.091735093436199,6.091735093436199
MYS_06_06,3,188.82919949970545,179.06694354697018,9.762255952735273,9.762255952735273
MYS_06_06,4,161.5977021244594,156.33614298163818,5.261559142821227,5.261559142821227
MYS_06_06,5,189.6676416847189,191.02343566280834,-1.3557939780894515,1.3557939780894515
MYS_06_06,6,146.67363832665495,152.7712361931236,-6.0975978664686465,6.0975978664686465
MYS_06_06,7,165.70327141332876,171.2208347587917,-5.517563345462946,5.517563345462946
MYS_06_06,8,191.81092213383425,191.1039497962587,0.7069723375755643,0.7069723375755643
MYS_06_06,9,188.42147610053811,193.0750407847738,-4.6535646842356755,4.6535646842356755
MYS_06_06,10,281.8423459007626,258.04305849503174,23.799287405730865,23.799287405730865
MYS_06_06,11,391.3610809019381,429.2147982416778,-37.85371733973966,37.85371733973966
MYS_06_06,12,572.6656305529074,547.8882692242664,24.77736132864095,24.77736132864095
MYS_06_07,1,281.19531702216403,289.9692457614232,-8.77392873925919,8.77392873925919
MYS_06_07,2,113.2024492719734,118.87568146744292,-5.6732321954695095,5.6732321954695095
MYS_06_07,3,191.67595079277615,182.14810714378473,9.527843648991421,9.527843648991421
MYS_06_07,4,156.98181659399594,151.82000927162676,5.161807322369185,5.161807322369185
MYS_06_07,5,173.60789785600437,178.75530969487755,-5.147411838873182,5.147411838873182
MYS_06_07,6,142.52199026667583,142.83798002162496,-0.31598975494912906,0.31598975494912906
MYS_06_07,7,162.36012036550252,164.11559218224286,-1.7554718167403394,1.7554718167403394
MYS_06_07,8,180.2076551186611,180.24606607063555,-0.03841095197444133,0.03841095197444133
MYS_06_07,9,171.79465417545313,179.71080365261352,-7.916149477160388,7.916149477160388
MYS_06_07,10,270.0730461556281,247.91731506086396,22.15573109476415,22.15573109476415
MYS_06_07,11,413.32173664959305,446.4827421990372,-33.161005549444155,33.161005549444155
MYS_06_07,12,608.870241085625,587.2516962429663,21.618544842658707,21.618544842658707
MYS_06_27,1,460.48406613667805,464.7362936312015,-4.252227494523424,4.252227494523424
MYS_06_27,2,310.817327940464,298.32943959477177,12.487888345692227,12.487888345692227
MYS_06_27,3,317.13653602202737,333.64196224999523,-16.50542622796786,16.50542622796786
MYS_06_27,4,307.0624398231506,289.6395148314759,17.422924991674734,17.422924991674734
MYS_06_27,5,239.46058264573412,262.2047141155265,-22.744131469792364,22.744131469792364
MYS_06_27,6,226.93636428117756,223.60162619102337,3.3347380901541896,3.3347380901541896
MYS_06_27,7,226.18024247487384,231.3648393647038,-5.184596889829976,5.184596889829976
MYS_06_27,8,310.2669698953629,277.96299354302374,32.303976352339134,32.303976352339134
MYS_06_27,9,294.5856679320335,300.20024068614896,-5.614572754115443,5.614572754115443
MYS_06_27,10,381.21901346842446,392.2593176902592,-11.040304221834731,11.040304221834731
MYS_06_27,11,389.3611623764038,383.0296876014211,6.331474774982723,6.331474774982723
MYS_06_27,12,430.5821923971177,431.1845564466185,-0.6023640495008067,0.6023640495008067
MYS_06_28,1,408.4496308640332,410.6821052214563,-2.2324743574230865,2.2324743574230865
MYS_06_28,2,282.9815819531579,268.06649179434856,14.915090158809335,14.915090158809335
MYS_06_28,3,297.91405422754434,319.90180728465356,-21.987753057109217,21.987753057109217
MYS_06_28,4,320.5668416409648,304.7563915807226,15.810450060242204,15.810450060242204
MYS_06_28,5,280.2265889502803,290.78119678987946,-10.554607839599157,10.554607839599157
MYS_06_28,6,232.1657636529,235.75484143897162,-3.5890777860716128,3.5890777860716128
MYS_06_28,7,232.02783445535957,241.67487232568052,-9.647037870320958,9.647037870320958
MYS_06_28,8,311.7637780186304,285.9533579103602,25.810420108270193,25.810420108270193
MYS_06_28,9,295.36495798883755,301.2723304083066,-5.907372419469027,5.907372419469027
MYS_06_28,10,374.0041441090046,380.5829335274973,-6.578789418492704,6.578789418492704
MYS_06_28,11,379.9560488168908,371.09444535862764,8.861603458263176,8.861603458263176
MYS_06_28,12,403.14097621588064,405.618122664017,-2.4771464481363523,2.4771464481363523
MYS_06_29,1,345.81171085975046,344.8462698382819,0.965441021468564,0.965441021468564
MYS_06_29,2,258.1147336119624,240.99816179332836,17.116571818634014,17.116571818634014
MYS_06_29,3,276.18913113347713,304.1587081604377,-27.969577026960565,27.969577026960565
MYS_06_29,4,329.77292789733167,318.1253978881046,11.647530009227069,11.647530009227069
MYS_06_29,5,338.3139351602536,328.14276690456,10.171168255693601,10.171168255693601
MYS_06_29,6,235.63578442310848,252.540864657162,-16.905080234053514,16.905080234053514
MYS_06_29,7,234.28386040428956,250.952172918892,-16.668312514602434,16.668312514602434
MYS_06_29,8,307.10244319543705,291.5181319893829,15.584311206054167,15.584311206054167
MYS_06_29,9,289.88944144458503,294.45448283276426,-4.565041388179225,4.565041388179225
MYS_06_29,10,352.8505150961594,352.3968740334679,0.45364106269153126,0.45364106269153126
MYS_06_29,11,359.86773642716804,349.24002450628393,10.62771192088411,10.62771192088411
MYS_06_29,12,374.0256893096629,378.2870104216634,-4.26132111200053,4.26132111200053
MYS_06_30,1,289.1296980988033,287.09322844852585,2.0364696502774677,2.0364696502774677
MYS_06_30,2,235.95166706549423,222.20319331228697,13.748473753207264,13.748473753207264
MYS_06_30,3,261.09889876269784,283.7005375037846,-22.60163874108673,22.60163874108673
MYS_06_30,4,315.6459576965009,308.5858769618684,7.060080734632493,7.060080734632493
MYS_06_30,5,353.784292943238,340.15970814648415,13.624584796753823,13.624584796753823
MYS_06_30,6,239.24053928112852,257.24926915122103,-18.00872987009251,18.00872987009251
MYS_06_30,7,236.32013637643644,248.42239618015947,-12.10225980372303,12.10225980372303
MYS_06_30,8,294.2798452952551,287.5656018850753,6.71424341017979,6.71424341017979
MYS_06_30,9,285.64401386886675,284.5047895696511,1.1392242992156412,1.1392242992156412
MYS_06_30,10,326.21160685221355,327.0361250147956,-0.8245181625820237,0.8245181625820237
MYS_06_30,11,333.02793722485734,323.1520899855844,9.875847239272957,9.875847239272957
MYS_06_30,12,341.67916474196016,346.237074636756,-4.557909894795841,4.557909894795841
MYS_06_31,1,230.49291109276825,229.04852668947157,1.4443844032966808,1.4443844032966808
MYS_06_31,2,211.9984038107736,206.55944393618302,5.43895987459058,5.43895987459058
MYS_06_31,3,249.49437486396263,257.0536333862774,-7.559258522314764,7.559258522314764
MYS_06_31,4,282.50711002248937,280.5412495587612,1.965860463728177,1.965860463728177
MYS_06_31,5,336.6496014420444,333.90457202185553,2.745029420188871,2.745029420188871
MYS_06_31,6,245.4218350655692,253.47602790313624,-8.05419283756703,8.05419283756703
MYS_06_31,7,239.13019654935,237.4772050660385,1.6529914833114958,1.6529914833114958
MYS_06_31,8,275.8052707490467,277.199670402487,-1.3943996534403027,1.3943996534403027
MYS_06_31,9,283.29209405485284,273.2080815560719,10.084012498780965,10.084012498780965
MYS_06_31,10,295.52515381828186,304.21070748163237,-8.685553663350504,8.685553663350504
MYS_06_31,11,299.80192679026766,292.6477124348651,7.15421435540253,7.15421435540253
MYS_06_31,12,303.26147619338263,307.00780453158785,-3.746328338205217,3.746328338205217
MYS_06_32,1,206.0627831969044,204.72475316292673,1.3380300339776738,1.3380300339776738
MYS_06_32,2,202.5441144508709,202.6482411647657,-0.1041267138948001,0.1041267138948001
MYS_06_32,3,248.3027060922673,247.5283945566244,0.7743115356429087,0.7743115356429087
MYS_06_32,4,269.3247205958378,269.7161212360019,-0.3914006401641359,0.3914006401641359
MYS_06_32,5,332.8641233668339,336.8465401910351,-3.9824168242012092,3.9824168242012092
MYS_06_32,6,259.0251215470495,257.5431035033748,1.4820180436746568,1.4820180436746568
MYS_06_32,7,241.1441473030072,237.8152479361643,3.3288993668429043,3.3288993668429043
MYS_06_32,8,278.0902605820617,279.4056041602033,-1.3153435781416078,1.3153435781416078
MYS_06_32,9,286.2001240133381,275.9561043206561,10.244019692682002,10.244019692682002
MYS_06_32,10,291.90130793802456,302.79089193189037,-10.889583993865813,10.889583993865813
MYS_06_32,11,291.2864958856889,285.2415166583068,6.0449792273821,6.0449792273821
MYS_06_32,12,291.18668278024063,294.7730507505549,-3.5863679703142566,3.5863679703142566
MYS_07_02,1,166.56534078359604,166.9251403950719,-0.35979961147586437,0.35979961147586437
MYS_07_02,2,147.23869801481567,144.9862370130046,2.2524610018110707,2.2524610018110707
MYS_07_02,3,256.87425142447154,260.57953573681715,-3.7052843123456114,3.7052843123456114
MYS_07_02,4,264.50288100083674,264.6662491506683,-0.16336814983156955,0.16336814983156955
MYS_07_02,5,221.21022341251373,212.21445461987886,8.995768792634863,8.995768792634863
MYS_07_02,6,142.67984714110693,150.6547434097967,-7.9748962686897755,7.9748962686897755
MYS_07_02,7,175.1674835983912,175.97671419908588,-0.8092306006946899,0.8092306006946899
MYS_07_02,8,211.49788178443907,216.4262317730336,-4.928349988594533,4.928349988594533
MYS_07_02,9,250.40078753471371,253.5191737531388,-3.118386218425087,3.118386218425087
MYS_07_02,10,348.2682842159272,340.1424555984633,8.125828617463924,8.125828617463924
MYS_07_02,11,339.2489656321208,343.2485038441507,-3.999538212029904,3.999538212029904
MYS_07_02,12,268.34812088330585,265.92965557029765,2.4184653130081983,2.4184653130081983
MYS_07_03,1,166.07756152584264,164.48081559254882,1.5967459332938176,1.5967459332938176
MYS_07_03,2,136.81208137788204,137.84902139163165,-1.0369400137496143,1.0369400137496143
MYS_07_03,3,251.11481500275687,250.87380885935443,0.2410061434024442,0.2410061434024442
MYS_07_03,4,259.0403407459111,263.00742026506975,-3.9670795191586308,3.9670795191586308
MYS_07_03,5,234.48905973508377,222.30807607649493,12.180983658588843,12.180983658588843
MYS_07_03,6,152.12261378216806,158.90752537416992,-6.784911592001862,6.784911592001862
MYS_07_03,7,181.43466299091503,182.32813200494337,-0.8934690140283408,0.8934690140283408
MYS_07_03,8,209.42422751394665,221.86016217169737,-12.435934657750721,12.435934657750721
MYS_07_03,9,259.5247936968348,254.95224770646297,4.57254599037185,4.57254599037185
MYS_07_03,10,340.35868918248855,335.90075909723527,4.457930085253281,4.457930085253281
MYS_07_03,11,336.4458366256044,338.4275525942059,-1.9817159686015202,1.9817159686015202
MYS_07_03,12,268.8654307244668,268.25833770882593,0.6070930156408849,0.6070930156408849
MYS_07_04,1,191.87402675165487,191.92279154132444,-0.0487647896695762,0.0487647896695762
MYS_07_04,2,125.35592224518732,129.23142711623072,-3.875504871043404,3.875504871043404
MYS_07_04,3,231.5849673870913,227.7301701818216,3.854797205269705,3.854797205269705
MYS_07_04,4,226.96682700630183,229.81080198206163,-2.8439749757598065,2.8439749757598065
MYS_07_04,5,236.4884393890836,224.7873535575896,11.701085831493998,11.701085831493998
MYS_07_04,6,160.96130867747237,168.972713335047,-8.011404657574616,8.011404657574616
MYS_07_04,7,185.4202800859974,190.79802480177673,-5.377744715779329,5.377744715779329
MYS_07_04,8,214.62471677729903,227.1124991742225,-12.487782396923478,12.487782396923478
MYS_07_04,9,261.9841171107342,252.25774522583112,9.726371884903074,9.726371884903074
MYS_07_04,10,336.7488777483999,330.2208339237187,6.528043824681163,6.528043824681163
MYS_07_04,11,375.46907318569686,386.48182288319197,-11.01274969749511,11.01274969749511
MYS_07_04,12,381.94097609722064,375.2288326821518,6.7121434150688515,6.7121434150688515
MYS_07_05,1,238.9202795099781,244.06548975628073,-5.145210246302639,5.145210246302639
MYS_07_05,2,118.1734632861754,122.99907213150988,-4.825608845334472,4.825608845334472
MYS_07_05,3,204.9154656537171,199.56437634631544,5.351089307401651,5.351089307401651
MYS_07_05,4,177.43653618240765,173.81107650841187,3.6254596739957776,3.6254596739957776
MYS_07_05,5,222.9422432457677,216.16210789960945,6.780135346158261,6.780135346158261
MYS_07_05,6,164.61939490768222,175.75590798214438,-11.136513074462158,11.136513074462158
MYS_07_05,7,184.35769040937492,197.2913589366192,-12.933668527244265,12.933668527244265
MYS_07_05,8,225.3089784672974,228.7944700150143,-3.48549154771689,3.48549154771689
MYS_07_05,9,254.0600472406585,244.68908986938266,9.370957371275836,9.370957371275836
MYS_07_05,10,338.66028379170154,324.51264369823895,14.147640093462599,14.147640093462599
MYS_07_05,11,449.2088463438967,477.7431007320781,-28.53425438818141,28.53425438818141
MYS_07_05,12,581.2737856197662,562.1686790041007,19.105106615665477,19.105106615665477
MYS_07_06,1,269.7850299213596,276.92354028203164,-7.138510360672058,7.138510360672058
MYS_07_06,2,112.25183333378688,116.30014359040656,-4.048310256619686,4.048310256619686
MYS_07_06,3,186.61038406031903,181.90416020603934,4.706223854279699,4.706223854279699
MYS_07_06,4,144.5627895229688,137.50219017945193,7.060599343516884,7.060599343516884
MYS_07_06,5,201.0685482608285,200.12944266235124,0.9391055984772549,0.9391055984772549
MYS_07_06,6,160.54972814248123,169.31488930369477,-8.765161161213541,8.765161161213541
MYS_07_06,7,177.93572900776144,192.32179402663817,-14.386065018876735,14.386065018876735
MYS_07_06,8,222.4934339851331,218.32998213888828,4.163451846244811,4.163451846244811
MYS_07_06,9,232.23242333446595,227.67679393838486,4.555629396081088,4.555629396081088
MYS_07_06,10,324.99739991044294,309.07109072237205,15.926309188070888,15.926309188070888
MYS_07_06,11,499.1608355690213,530.9178781216997,-31.7570425526784,31.7570425526784
MYS_07_06,12,698.701316541117,677.0246281651964,21.67668837592055,21.67668837592055
MYS_07_07,1,280.09036671383427,285.53220236473175,-5.441835650897474,5.441835650897474
MYS_07_07,2,108.10320555431886,109.61753715259916,-1.5143315982802932,1.5143315982802932
MYS_07_07,3,179.349249509829,177.4736224041452,1.8756271056838045,1.8756271056838045
MYS_07_07,4,133.3349257035689,126.70936317688047,6.625562526688427,6.625562526688427
MYS_07_07,5,172.0180813433782,177.3078787595147,-5.28979741613648,5.28979741613648
MYS_07_07,6,148.30063280851945,148.6643081457676,-0.3636753372481394,0.3636753372481394
MYS_07_07,7,166.24222918825816,174.96748021445077,-8.725251026192609,8.725251026192609
MYS_07_07,8,204.48162277885103,195.14612493522864,9.335497843622392,9.335497843622392
MYS_07_07,9,196.5407755966086,201.45366590912275,-4.9128903125141505,4.9128903125141505
MYS_07_07,10,294.92266608076136,283.8042684152284,11.118397665532939,11.118397665532939
MYS_07_07,11,517.1934691297207,535.864652914863,-18.67118378514226,18.67118378514226
MYS_07_07,12,712.9760062930142,699.9988224334693,12.97718385954488,12.97718385954488
MYS_07_28,1,363.3937147523992,366.6216679514964,-3.2279531990972146,3.2279531990972146
MYS_07_28,2,247.57843780113907,224.0636344031163,23.514803398022764,23.514803398022764
MYS_07_28,3,250.178712032964,284.7607210005872,-34.58200896762318,34.58200896762318
MYS_07_28,4,318.3654433073821,297.4732581520802,20.892185155301945,20.892185155301945
MYS_07_28,5,304.58561035640656,307.7327185847809,-3.14710822837435,3.14710822837435
MYS_07_28,6,233.16569543061436,246.16995016883544,-13.004254738221078,13.004254738221078
MYS_07_28,7,246.6200148567321,252.89470402159682,-6.274689164864725,6.274689164864725
MYS_07_28,8,310.0358529388589,294.6864913061951,15.349361632663829,15.349361632663829
MYS_07_28,9,299.5994246265876,304.35457167474175,-4.755147048154129,4.755147048154129
MYS_07_28,10,372.0050536261664,372.96840915056066,-0.9633555243942737,0.9633555243942737
MYS_07_28,11,373.9162988208589,365.5829166930892,8.33338212776971,8.33338212776971
MYS_07_28,12,397.8390780453959,398.99031733119926,-1.1512392858033422,1.1512392858033422
MYS_07_29,1,331.13862857259966,333.93924368619173,-2.800615113592073,2.800615113592073
MYS_07_29,2,229.204174663698,201.86699563536365,27.33717902833436,27.33717902833436
MYS_07_29,3,227.18200726795064,268.0886506361297,-40.90664336817909,40.90664336817909
MYS_07_29,4,319.7064747574938,297.94700384286205,21.759470914631777,21.759470914631777
MYS_07_29,5,328.94102604651886,323.7648694285,5.176156618018865,5.176156618018865
MYS_07_29,6,234.21081191080216,254.47858741213116,-20.267775501328998,20.267775501328998
MYS_07_29,7,252.25443134174853,259.2021125813079,-6.947681239559387,6.947681239559387
MYS_07_29,8,307.78132970961565,299.05966902431373,8.721660685301913,8.721660685301913
MYS_07_29,9,299.3948997572044,303.17734134728886,-3.7824415900844315,3.7824415900844315
MYS_07_29,10,365.0564827976201,362.01938180922303,3.0371009883970714,3.0371009883970714
MYS_07_29,11,366.1501794663433,357.7630707740117,8.387108692331594,8.387108692331594
MYS_07_29,12,389.4058999842347,390.3759988545875,-0.9700988703528424,0.9700988703528424
MYS_07_30,1,288.55465221659347,290.06482372404497,-1.5101715074515027,1.5101715074515027
MYS_07_30,2,213.09004814910887,190.5833837598058,22.50666438930307,22.50666438930307
MYS_07_30,3,222.2057562993368,256.3560490693163,-34.15029276997953,34.15029276997953
MYS_07_30,4,308.28873402913416,291.5326629735953,16.756071055538882,16.756071055538882
MYS_07_30,5,335.8389440205892,327.44699973965606,8.39194428093316,8.39194428093316
MYS_07_30,6,233.52594491577156,253.01012220737104,-19.48417729159948,19.48417729159948
MYS_07_30,7,246.61457065836592,252.7035148284356,-6.088944170069681,6.088944170069681
MYS_07_30,8,293.97576874118386,291.31863473370606,2.6571340074777936,2.6571340074777936
MYS_07_30,9,292.46078779093426,291.94674792363566,0.5140398672986066,0.5140398672986066
MYS_07_30,10,342.8019650234647,340.4725548257369,2.329410197727782,2.329410197727782
MYS_07_30,11,342.62709133572054,335.41953536645997,7.207555969260568,7.207555969260568
MYS_07_30,12,359.2096091918946,360.30851805816087,-1.0989088662662994,1.0989088662662994
MYS_07_31,1,229.5705000109143,229.55769979219374,0.012800218720542489,0.012800218720542489
MYS_07_31,2,191.97543469844044,181.00949951468027,10.965935183760166,10.965935183760166
MYS_07_31,3,225.10701667202844,242.2522961339301,-17.14527946190165,17.14527946190165
MYS_07_31,4,283.40931173253944,275.48946448648775,7.919847246051688,7.919847246051688
MYS_07_31,5,325.3751808713984,318.97543852375384,6.399742347644576,6.399742347644576
MYS_07_31,6,230.54433405664236,242.09426407309522,-11.549930016452862,11.549930016452862
MYS_07_31,7,231.61047372464785,234.9305565035457,-3.3200827788978415,3.3200827788978415
MYS_07_31,8,268.5073227281924,272.5920935733266,-4.084770845134244,4.084770845134244
MYS_07_31,9,279.8913462638855,271.6189593868003,8.272386877085182,8.272386877085182
MYS_07_31,10,306.7835587642811,308.7960114476963,-2.0124526834151766,2.0124526834151766
MYS_07_31,11,303.3521588731695,299.25834756493373,4.093811308235786,4.093811308235786
MYS_07_31,12,308.4638415195324,309.1706374814165,-0.7067959618840973,0.7067959618840973
MYS_07_32,1,197.04486620326503,195.79825018259638,1.2466160206686538,1.2466160206686538
MYS_07_32,2,183.4342637207549,182.06650713651734,1.3677565842375543,1.3677565842375543
MYS_07_32,3,233.6028679605258,238.06799181934576,-4.465123858819965,4.465123858819965
MYS_07_32,4,269.619457452634,267.43565155040505,2.183805902228926,2.183805902228926
MYS_07_32,5,322.05451259462177,318.28886815003506,3.7656444445867123,3.7656444445867123
MYS_07_32,6,237.83676603155624,239.93878175686612,-2.102015725309883,2.102015725309883
MYS_07_32,7,218.334087831314,227.09602019055427,-8.761932359240262,8.761932359240262
MYS_07_32,8,263.5111222520387,265.5144359122253,-2.0033136601865635,2.0033136601865635
MYS_07_32,9,273.27494040968736,263.98628387046347,9.288656539223894,9.288656539223894
MYS_07_32,10,290.8986560231009,294.4160135898875,-3.517357566786586,3.517357566786586
MYS_07_32,11,281.317359326034,279.5598369875652,1.7575223384688456,1.7575223384688456
MYS_07_32,12,280.0496032068285,280.38642629270254,-0.3368230858740162,0.3368230858740162
MYS_07_33,1,188.3005996223388,186.32949837111576,1.9711012512230468,1.9711012512230468
MYS_07_33,2,186.8716122278353,193.5546918186588,-6.683079590823496,6.683079590823496
MYS_07_33,3,246.30948396775784,242.03918922151385,4.270294746243991,4.270294746243991
MYS_07_33,4,264.54688623940075,264.6353266604575,-0.08844042105675953,0.08844042105675953
MYS_07_33,5,324.19853358695184,324.52438878204305,-0.32585519509120786,0.32585519509120786
MYS_07_33,6,256.491458874214,246.54713110045395,9.944327773760051,9.944327773760051
MYS_07_33,7,205.19475043382104,228.69925818648068,-23.504507752659634,23.504507752659634
MYS_07_33,8,279.74130324697114,269.8941713649272,9.847131882043925,9.847131882043925
MYS_07_33,9,272.13764848476507,269.14251806197547,2.9951304227896003,2.9951304227896003
MYS_07_33,10,295.33161309094936,297.0637601447188,-1.7321470537694381,1.7321470537694381
MYS_07_33,11,274.3809284923523,274.9160876046015,-0.5351591122491755,0.5351591122491755
MYS_07_33,12,272.7665167273545,272.2395061878597,0.5270105394947677,0.5270105394947677
MYS_07_34,1,194.90179064829687,193.33108083580103,1.570709812495835,1.570709812495835
MYS_07_34,2,199.22995166521315,205.97104354382373,-6.741091878610575,6.741091878610575
MYS_07_34,3,250.468455572992,246.01018372940862,4.45827184358339,4.45827184358339
MYS_07_34,4,257.82865859309146,257.85476012102987,-0.026101527938408253,0.026101527938408253
MYS_07_34,5,319.8437139639735,320.7879309607532,-0.9442169967796872,0.9442169967796872
MYS_07_34,6,259.3567426648443,247.72419130301353,11.632551361830792,11.632551361830792
MYS_07_34,7,205.0652786254883,227.77760211996485,-22.71232349447655,22.71232349447655
MYS_07_34,8,281.3815899123117,271.4149580281663,9.966631884145386,9.966631884145386
MYS_07_34,9,272.31874580750804,273.293385782429,-0.97463997492099,0.97463997492099
MYS_07_34,10,304.1930190452032,303.3358112960166,0.8572077491866139,0.8572077491866139
MYS_07_34,11,275.2422919565543,276.4402606111058,-1.1979686545515165,1.1979686545515165
MYS_07_34,12,275.50032535472127,274.6929336443214,0.8073917103998838,0.8073917103998838
MYS_07_35,1,214.0743155386596,213.83576971723755,0.2385458214220364,0.2385458214220364
MYS_07_35,2,220.1793464069873,221.15262476070546,-0.9732783537181717,0.9732783537181717
MYS_07_35,3,249.14162751369423,250.92498167127178,-1.7833541575775484,1.7833541575775484
MYS_07_35,4,248.9923801320844,247.05169785922828,1.9406822728561224,1.9406822728561224
MYS_07_35,5,309.631574798404,308.5617975632056,1.069777235198444,1.069777235198444
MYS_07_35,6,251.12341470859045,244.77930540169814,6.344109306892307,6.344109306892307
MYS_07_35,7,213.48187426226684,224.77076482531683,-11.28889056304999,11.28889056304999
MYS_07_35,8,272.8437986030692,271.1271693310229,1.7166292720463048,1.7166292720463048
MYS_07_35,9,273.26306698779445,277.7872794028939,-4.524212415099441,4.524212415099441
MYS_07_35,10,319.3466653401873,314.1922308662123,5.154434473975016,5.154434473975016
MYS_07_35,11,282.3277565655104,283.37748311866136,-1.049726553150947,1.049726553150947
MYS_07_35,12,286.2756871451319,285.37849287043707,0.8971942746948116,0.8971942746948116
MYS_07_36,1,212.8124086407175,213.10828468596702,-0.29587604524951416,0.29587604524951416
MYS_07_36,2,220.89311278796947,219.22191429088483,1.6711984970846459,1.6711984970846459
MYS_07_36,3,234.64786233277064,238.37813042812618,-3.730268095355541,3.730268095355541
MYS_07_36,4,224.579389695768,222.8954533762685,1.6839363194994803,1.6839363194994803
MYS_07_36,5,282.741099570076,281.40448830045113,1.336611269624882,1.336611269624882
MYS_07_36,6,231.6396803559741,226.83523294280192,4.80444741317217,4.80444741317217
MYS_07_36,7,205.4887963134679,206.43354457889947,-0.9447482654315706,0.9447482654315706
MYS_07_36,8,245.6383367772116,250.66006192964596,-5.021725152434357,5.021725152434357
MYS_07_36,9,250.64280182710743,257.9801585247378,-7.3373566976303835,7.3373566976303835
MYS_07_36,10,300.85225148649295,293.82244672861066,7.029804757882289,7.029804757882289
MYS_07_36,11,268.20660198352954,267.93737580044365,0.2692261830858911,0.2692261830858911
MYS_07_36,12,277.3969617175241,277.56394975263066,-0.1669880351065558,0.1669880351065558
MYS_07_37,1,193.740750000119,194.06401063342884,-0.3232606333098431,0.3232606333098431
MYS_07_37,2,204.5538552854958,202.06767751549964,2.486177769996175,2.486177769996175
MYS_07_37,3,204.2114197446589,206.83404463797515,-2.6226248933162424,2.6226248933162424
MYS_07_37,4,178.9352878247088,179.48618641120441,-0.550898586495606,0.550898586495606
MYS_07_37,5,232.8886033770169,232.70733275841567,0.18127061860121785,0.18127061860121785
MYS_07_37,6,196.2773038362202,190.27880292678003,5.998500909440168,5.998500909440168
MYS_07_37,7,180.8449625576681,169.05908756744734,11.785874990220776,11.785874990220776
MYS_07_37,8,193.6905871817011,206.31387165510202,-12.623284473400929,12.623284473400929
MYS_07_37,9,200.52265971668984,210.96283448471635,-10.440174768026509,10.440174768026509
MYS_07_37,10,247.57058673286068,240.11964155605799,7.450945176802691,7.450945176802691
MYS_07_37,11,231.35389429430748,228.35581291801827,2.998081376289207,2.998081376289207
MYS_07_37,12,248.9189094885516,251.4690689652199,-2.5501594766682842,2.5501594766682842
MYS_07_38,1,178.5106007776143,178.8783202236477,-0.3677194460334192,0.3677194460334192
MYS_07_38,2,191.168828314322,188.64524755879512,2.5235807555268934,2.5235807555268934
MYS_07_38,3,184.87187570878012,186.46409634099317,-1.592220632213042,1.592220632213042
MYS_07_38,4,152.5903606061582,154.35947179496594,-1.7691111888077273,1.7691111888077273
MYS_07_38,5,204.20937335167403,205.19383205346546,-0.984458701791425,0.984458701791425
MYS_07_38,6,177.21296955626687,169.03911934190867,8.173850214358197,8.173850214358197
MYS_07_38,7,166.2829091107404,147.58995452771393,18.692954583026477,18.692954583026477
MYS_07_38,8,162.96799538694782,180.50977304955563,-17.541777662607814,17.541777662607814
MYS_07_38,9,170.7662124633789,183.28209596173303,-12.515883498354128,12.515883498354128
MYS_07_38,10,216.01301388210723,207.92385645279649,8.089157429310745,8.089157429310745
MYS_07_38,11,209.1908326090118,204.83161693074746,4.3592156782643485,4.3592156782643485
MYS_07_38,12,231.0848927533185,234.8881005543874,-3.8032078010688792,3.8032078010688792
MYS_08_02,1,143.6849282550667,147.43818341291444,-3.7532551578477467,3.7532551578477467
MYS_08_02,2,138.0649924355192,143.27365724298875,-5.208664807469546,5.208664807469546
MYS_08_02,3,268.0552112190328,259.2963315666328,8.758879652400026,8.758879652400026
MYS_08_02,4,276.6829799460494,278.82472103288137,-2.141741086831985,2.141741086831985
MYS_08_02,5,244.81601628458844,238.2363324817036,6.57968380288483,6.57968380288483
MYS_08_02,6,163.3265052516711,173.1727977846506,-9.846292532979504,9.846292532979504
MYS_08_02,7,197.15100003595225,195.7879505758154,1.363049460136864,1.363049460136864
MYS_08_02,8,235.0308988934057,242.5407048966463,-7.509806003240612,7.509806003240612
MYS_08_02,9,285.55439281724904,283.29270968989346,2.2616831273555817,2.2616831273555817
MYS_08_02,10,380.2537432805588,367.27212546342895,12.981617817129859,12.981617817129859
MYS_08_02,11,303.56389706406964,324.9924772964752,-21.42858023240558,21.42858023240558
MYS_08_02,12,231.1999568991465,218.02033275729656,13.179624141849956,13.179624141849956
MYS_08_03,1,142.9638280040935,145.17488064011297,-2.211052636019474,2.211052636019474
MYS_08_03,2,122.32163211628544,131.5218314716767,-9.200199355391263,9.200199355391263
MYS_08_03,3,253.90923492776477,240.78445908350892,13.12477584425585,13.12477584425585
MYS_08_03,4,258.07345391742257,263.9253512681393,-5.85189735071674,5.85189735071674
MYS_08_03,5,257.3790340652035,245.99373050486855,11.385303560334933,11.385303560334933
MYS_08_03,6,171.52864658808306,181.27816730150465,-9.749520713421589,9.749520713421589
MYS_08_03,7,198.3021576557052,201.11881283651869,-2.816655180813484,2.816655180813484
MYS_08_03,8,233.75388523166464,245.56546054927253,-11.81157531760789,11.81157531760789
MYS_08_03,9,286.75713221663136,279.8505667663132,6.906565450318169,6.906565450318169
MYS_08_03,10,369.2541709770591,356.45237338534287,12.801797591716252,12.801797591716252
MYS_08_03,11,310.6902939153122,333.0747444395157,-22.384450524203487,22.384450524203487
MYS_08_03,12,263.5679860027766,250.35236110013477,13.21562490264182,13.21562490264182
MYS_08_04,1,175.57289877565552,177.43459084721647,-1.8616920715609524,1.8616920715609524
MYS_08_04,2,113.56432852552705,122.72588636811706,-9.161557842590014,9.161557842590014
MYS_08_04,3,229.50787766045576,217.68090864274004,11.826969017715726,11.826969017715726
MYS_08_04,4,216.16086910920032,220.63096507084546,-4.470095961645143,4.470095961645143
MYS_08_04,5,251.87193956395373,240.06587495407794,11.80606460987579,11.80606460987579
MYS_08_04,6,175.9061430746836,186.02517367370754,-10.119030599023944,10.119030599023944
MYS_08_04,7,197.5190667024844,205.98670065598657,-8.467633953502173,8.467633953502173
MYS_08_04,8,236.5181438081584,246.61046609991453,-10.092322291756119,10.092322291756119
MYS_08_04,9,285.09490972790246,273.8486400258069,11.24626970209556,11.24626970209556
MYS_08_04,10,362.3606288043304,351.6957203210424,10.664908483288002,10.664908483288002
MYS_08_04,11,383.65143268690497,406.01113728925924,-22.35970460235427,22.35970460235427
MYS_08_04,12,408.905855216089,395.2552823826983,13.650572833390697,13.650572833390697
MYS_08_05,1,235.38866623651413,238.1144282437175,-2.7257620072033717,2.7257620072033717
MYS_08_05,2,115.66535100301108,120.29686725313314,-4.631516250122061,4.631516250122061
MYS_08_05,3,202.31658469669404,197.7700819034415,4.546502793252529,4.546502793252529
MYS_08_05,4,162.15608258625818,160.26715148464515,1.888931101613025,1.888931101613025
MYS_08_05,5,226.92657309638128,219.6291803467725,7.297392749608775,7.297392749608775
MYS_08_05,6,173.4954767887176,183.92608563562567,-10.430608846908058,10.430608846908058
MYS_08_05,7,193.32317212059385,207.33025613071106,-14.007084010117211,14.007084010117211
MYS_08_05,8,241.19785074385388,243.1961696917612,-1.998318947907336,1.998318947907336
MYS_08_05,9,277.8536593967014,264.68014068728456,13.17351870941684,13.17351870941684
MYS_08_05,10,359.83355412558905,352.9049020936971,6.928652031891943,6.928652031891943
MYS_08_05,11,506.8241314115978,527.2064460454202,-20.382314633822375,20.382314633822375
MYS_08_05,12,632.7109623451838,618.9388491329347,13.77211321224911,13.77211321224911
MYS_08_06,1,268.8014359018605,270.5621978314131,-1.7607619295525865,1.7607619295525865
MYS_08_06,2,113.09389351917676,113.01626238413326,0.07763113504350372,0.07763113504350372
MYS_08_06,3,181.12225134904213,183.4688014535644,-2.346550104522265,2.346550104522265
MYS_08_06,4,126.90277642353324,122.00583998599708,4.896936437536155,4.896936437536155
MYS_08_06,5,197.85945369048224,195.51385303056847,2.345600659913771,2.345600659913771
MYS_08_06,6,164.16129810794897,170.38818178380484,-6.226883675855873,6.226883675855873
MYS_08_06,7,183.4147898048352,197.61489171552316,-14.200101910687948,14.200101910687948
MYS_08_06,8,233.86560786868856,227.63469080336984,6.230917065318721,6.230917065318721
MYS_08_06,9,251.59811972599877,244.5450960786964,7.053023647302382,7.053023647302382
MYS_08_06,10,340.82476554271267,338.51566375688674,2.3091017858259306,2.3091017858259306
MYS_08_06,11,582.5757866569891,592.4661728591784,-9.890386202189347,9.890386202189347
MYS_08_06,12,753.9200449163999,746.3574021351797,7.562642781220234,7.562642781220234
MYS_08_07,1,269.84128279994826,268.7506915018743,1.0905912980739458,1.0905912980739458
MYS_08_07,2,105.63631035125272,101.23127160423493,4.405038747017784,4.405038747017784
MYS_08_07,3,168.63164269265027,176.62496272101004,-7.993320028359761,7.993320028359761
MYS_08_07,4,115.56816281549172,111.65789385403204,3.9102689614596784,3.9102689614596784
MYS_08_07,5,167.7716524386293,170.26961180574816,-2.4979593671188525,2.4979593671188525
MYS_08_07,6,148.570099707388,146.20625346664463,2.363846240743385,2.363846240743385
MYS_08_07,7,168.57699605691678,177.19260804675446,-8.615611989837674,8.615611989837674
MYS_08_07,8,214.49570800877672,200.88118759493037,13.61452041384635,13.61452041384635
MYS_08_07,9,208.0820501583636,214.99874668541122,-6.916696527047634,6.916696527047634
MYS_08_07,10,306.213304506998,309.03330637764026,-2.8200018706422725,2.8200018706422725
MYS_08_07,11,598.8671462795745,590.252158587021,8.614987692553541,8.614987692553541
MYS_08_07,12,751.1697221379333,755.956426863997,-4.786704726063704,4.786704726063704
MYS_08_08,1,271.6221660279391,269.16272474859153,2.4594412793475726,2.4594412793475726
MYS_08_08,2,100.32928991652372,93.39788076511394,6.931409151409781,6.931409151409781
MYS_08_08,3,160.38165899577896,171.54683912413978,-11.165180128360817,11.165180128360817
MYS_08_08,4,108.28208651459008,104.58639596767114,3.6956905469189394,3.6956905469189394
MYS_08_08,5,147.366326890912,153.63652148343712,-6.270194592525115,6.270194592525115
MYS_08_08,6,138.19100068744862,130.24460670154636,7.946393985902262,7.946393985902262
MYS_08_08,7,158.30548058225398,163.57592070515855,-5.270440122904574,5.270440122904574
MYS_08_08,8,201.6305304544014,182.73221191475224,18.898318539649154,18.898318539649154
MYS_08_08,9,178.36272115874712,194.40528508884265,-16.042563930095525,16.042563930095525
MYS_08_08,10,282.5183344255414,287.9559048112303,-5.4375703856889,5.4375703856889
MYS_08_08,11,606.9267793354235,587.9762783583888,18.95050097703472,18.95050097703472
MYS_08_08,12,751.5770126744321,763.2391627897774,-11.662150115345298,11.662150115345298
MYS_08_29,1,294.8435583750407,299.8502251012811,-5.006666726240439,5.006666726240439
MYS_08_29,2,187.18335075378417,154.70748348896964,32.475867264814525,32.475867264814525
MYS_08_29,3,172.59862906138102,218.80727682094223,-46.20864775956122,46.20864775956122
MYS_08_29,4,289.8134836832682,264.3723436765179,25.441140006750288,25.441140006750288
MYS_08_29,5,319.0145024617513,317.7840527959818,1.2304496657695267,1.2304496657695267
MYS_08_29,6,240.9833134969076,258.73922429182295,-17.755910794915337,17.755910794915337
MYS_08_29,7,274.6327529907227,268.0393709106363,6.593382080086371,6.593382080086371
MYS_08_29,8,308.27117919921875,309.83893196555465,-1.5677527663359,1.5677527663359
MYS_08_29,9,309.2601567586263,318.1119194129658,-8.851762654339495,8.851762654339495
MYS_08_29,10,383.79454447428384,376.2514617585256,7.54308271575826,7.54308271575826
MYS_08_29,11,366.1014485677084,357.76727877372724,8.334169793981175,8.334169793981175
MYS_08_29,12,383.5767384847005,384.1505845479858,-0.5738460632852593,0.5738460632852593
MYS_08_30,1,269.3225437260016,272.5342439704572,-3.211700244455642,3.211700244455642
MYS_08_30,2,181.759919353198,156.69975000134653,25.06016935185147,25.06016935185147
MYS_08_30,3,184.9786500212967,221.55846298191463,-36.57981296061794,36.57981296061794
MYS_08_30,4,284.0718029364036,264.8664883345274,19.20531460187624,19.20531460187624
MYS_08_30,5,319.80925906054864,315.83207719223174,3.9771818683169045,3.9771818683169045
MYS_08_30,6,238.66826307782136,252.78803773170122,-14.119774653879858,14.119774653879858
MYS_08_30,7,261.64321138115344,258.5490287243084,3.094182656845021,3.094182656845021
MYS_08_30,8,295.3989386500424,299.8284641528165,-4.429525502774084,4.429525502774084
MYS_08_30,9,301.7398118815542,307.2539271677316,-5.5141152861774,5.5141152861774
MYS_08_30,10,367.3712800166086,360.6358957192859,6.735384297322696,6.735384297322696
MYS_08_30,11,348.27283452625346,341.38478068849537,6.888053837758093,6.888053837758093
MYS_08_30,12,357.031226622332,357.8104803630894,-0.77925374075744,0.77925374075744
MYS_08_31,1,218.4607103480233,218.02743428513068,0.43327606289261666,0.43327606289261666
MYS_08_31,2,170.26752552588778,160.3489082596286,9.91861726625919,9.91861726625919
MYS_08_31,3,208.36187547809544,225.18858411621605,-16.826708638120607,16.826708638120607
MYS_08_31,4,269.8501394351323,263.43801807664977,6.412121358482523,6.412121358482523
MYS_08_31,5,321.2720468759536,312.38522858705494,8.886818288898667,8.886818288898667
MYS_08_31,6,237.1937610944112,242.7403768402704,-5.546615745859185,5.546615745859185
MYS_08_31,7,237.8354965898725,241.35521599500674,-3.5197194051342535,3.5197194051342535
MYS_08_31,8,272.6351856390635,282.42789595083485,-9.792710311771373,9.792710311771373
MYS_08_31,9,288.5860569079716,289.00751815945557,-0.4214612514839473,0.4214612514839473
MYS_08_31,10,338.91076335642066,333.4234226482083,5.4873407082123435,5.4873407082123435
MYS_08_31,11,314.55249372058444,310.0764757773362,4.476017943248223,4.476017943248223
MYS_08_31,12,304.54898658990857,306.16598016048795,-1.6169935705793819,1.6169935705793819
MYS_08_32,1,189.82143165426908,187.50674988411356,2.3146817701555165,2.3146817701555165
MYS_08_32,2,169.461130285919,169.00680714535181,0.45432314056719747,0.45432314056719747
MYS_08_32,3,223.33347237682847,227.63282522996008,-4.299352853131609,4.299352853131609
MYS_08_32,4,258.2479349465345,258.5536093550198,-0.30567440848528804,0.30567440848528804
MYS_08_32,5,318.0837502906436,309.28080907724114,8.802941213402448,8.802941213402448
MYS_08_32,6,236.4368101816329,236.50148581213094,-0.06467563049804426,0.06467563049804426
MYS_08_32,7,218.07234702781395,227.95323786423265,-9.8808908364187,9.8808908364187
MYS_08_32,8,261.7003918957584,268.4555556848209,-6.755163789062522,6.755163789062522
MYS_08_32,9,276.07025437127976,272.72077634930776,3.349478021972004,3.349478021972004
MYS_08_32,10,310.94684609064984,308.8223828282137,2.1244632624361657,2.1244632624361657
MYS_08_32,11,287.2705735189448,284.3922104113664,2.878363107578366,2.878363107578366
MYS_08_32,12,272.2792926630898,274.0404849510182,-1.7611922879283952,1.7611922879283952
MYS_08_33,1,174.34765376217146,171.32122993584923,3.0264238263222296,3.0264238263222296
MYS_08_33,2,176.7123840602491,182.99827890072925,-6.285894840480154,6.285894840480154
MYS_08_33,3,230.740450541582,225.56603326153947,5.174417280042519,5.174417280042519
MYS_08_33,4,240.79227432493173,244.40704855306967,-3.6147742281379465,3.6147742281379465
MYS_08_33,5,308.8845016043526,305.2929058326213,3.5915957717313063,3.5915957717313063
MYS_08_33,6,239.7622943583493,234.44410522523367,5.318189133115624,5.318189133115624
MYS_08_33,7,201.19636073198265,217.010155145301,-15.813794413318362,15.813794413318362
MYS_08_33,8,261.82576780127465,257.72223635979947,4.103531441475184,4.103531441475184
MYS_08_33,9,263.7299998579075,259.2324568350701,4.497543022837419,4.497543022837419
MYS_08_33,10,283.4208977108909,286.5032068774254,-3.0823091665344577,3.0823091665344577
MYS_08_33,11,261.3063455087167,259.1406922886556,2.165653220061074,2.165653220061074
MYS_08_33,12,250.8972255315225,252.73708233619337,-1.839856804670859,1.839856804670859
MYS_08_34,1,187.31717513965657,184.87023747602845,2.4469376636281197,2.4469376636281197
MYS_08_34,2,200.70849202675157,208.3684805120091,-7.659988485257543,7.659988485257543
MYS_08_34,3,239.2358538309733,231.36782094889892,7.868032882074374,7.868032882074374
MYS_08_34,4,228.00767466066253,232.15023742784675,-4.1425627671842165,4.1425627671842165
MYS_08_34,5,304.262853757641,302.63928139723424,1.6235723604067402,1.6235723604067402
MYS_08_34,6,243.68713114613723,238.64975578733706,5.037375358800176,5.037375358800176
MYS_08_34,7,198.72004727311275,214.2488068449283,-15.528759571815556,15.528759571815556
MYS_08_34,8,265.9637104501201,257.79039889563967,8.173311554480449,8.173311554480449
MYS_08_34,9,263.346777355017,259.8644516462961,3.482325708720907,3.482325708720907
MYS_08_34,10,281.99097781120975,285.34636362468734,-3.3553858134775965,3.3553858134775965
MYS_08_34,11,251.4883020465384,251.36904910370512,0.11925294283327048,0.11925294283327048
MYS_08_34,12,253.3078380850297,253.96118726571314,-0.653349180683449,0.653349180683449
MYS_08_35,1,234.91190764573517,234.64943892822686,0.26246871750831247,0.26246871750831247
MYS_08_35,2,245.2487413283252,247.78983144012804,-2.541090111802845,2.541090111802845
MYS_08_35,3,249.26096200690696,246.8844444567321,2.376517550174867,2.376517550174867
MYS_08_35,4,220.98521500683333,222.2561848157921,-1.2709698089587675,1.2709698089587675
MYS_08_35,5,305.1928106059725,301.6522881889205,3.5405224170519887,3.5405224170519887
MYS_08_35,6,248.38070304588035,250.48621465576414,-2.1055116098837914,2.1055116098837914
MYS_08_35,7,213.62248883282697,221.39539771332872,-7.772908880501745,7.772908880501745
MYS_08_35,8,275.0274627960044,270.94907712464095,4.078385671363435,4.078385671363435
MYS_08_35,9,277.4770684539956,277.59128445709916,-0.11421600310353597,0.11421600310353597
MYS_08_35,10,312.1608442986705,309.8055062513551,2.3553380473153993,2.3553380473153993
MYS_08_35,11,261.1136468610814,264.7478015062347,-3.6341546451532736,3.6341546451532736
MYS_08_35,12,284.6584791476134,282.5233375155119,2.1351416321014653,2.1351416321014653
MYS_08_36,1,240.0108096943626,241.28212413956197,-1.2713144451993799,1.2713144451993799
MYS_08_36,2,249.86135694045052,248.4400240178623,1.4213329225882205,1.4213329225882205
MYS_08_36,3,234.23098444938657,235.71490779032135,-1.4839233409347798,1.4839233409347798
MYS_08_36,4,196.465938819008,195.76288543346217,0.7030533855458145,0.7030533855458145
MYS_08_36,5,273.0688725032887,270.4013988801764,2.6674736231123006,2.6674736231123006
MYS_08_36,6,227.34618467580412,230.42905900565145,-3.0828743298473285,3.0828743298473285
MYS_08_36,7,204.9842129534307,201.65475776573842,3.3294551876922753,3.3294551876922753
MYS_08_36,8,244.1628996579456,249.05233289748517,-4.889433239539585,4.889433239539585
MYS_08_36,9,254.29711459035107,257.0527351867303,-2.7556205963792024,2.7556205963792024
MYS_08_36,10,296.6361892152939,290.6867283739999,5.949460841293956,5.949460841293956
MYS_08_36,11,249.7662207414329,254.04681976153708,-4.280599020104177,4.280599020104177
MYS_08_36,12,285.6371127856935,282.9240568535322,2.7130559321612964,2.7130559321612964
MYS_08_37,1,215.9464156308965,218.31549226986056,-2.36907663896406,2.36907663896406
MYS_08_37,2,226.9718437137317,222.69793572825233,4.2739079854793545,4.2739079854793545
MYS_08_37,3,203.43822564775223,207.38321432140506,-3.94498867365283,3.94498867365283
MYS_08_37,4,162.1655101705836,159.93912940113097,2.226380769452618,2.226380769452618
MYS_08_37,5,220.5910802524893,220.90650103055717,-0.3154207780678746,0.3154207780678746
MYS_08_37,6,190.43034132377588,190.27920649694292,0.15113482683295842,0.15113482683295842
MYS_08_37,7,180.87286580787037,165.31866723428877,15.554198573581601,15.554198573581601
MYS_08_37,8,188.75010646903135,205.25735491080826,-16.50724844177691,16.50724844177691
MYS_08_37,9,208.7963824312092,212.49475628525076,-3.698373854041563,3.698373854041563
MYS_08_37,10,251.6621178938516,244.10531702387644,7.556800869975149,7.556800869975149
MYS_08_37,11,225.50865926694632,228.7128657664034,-3.2042064994570865,3.2042064994570865
MYS_08_37,12,267.169935671808,265.05989964342797,2.110036028380023,2.110036028380023
MYS_08_38,1,194.21710453194407,197.94923147401326,-3.7321269420691863,3.7321269420691863
MYS_08_38,2,205.17108191558583,199.38116419373722,5.78991772184861,5.78991772184861
MYS_08_38,3,179.09294019932486,184.64892229807484,-5.555982098749979,5.555982098749979
MYS_08_38,4,139.5519594522468,134.87514236852496,4.676817083721829,4.676817083721829
MYS_08_38,5,185.01013656487444,188.56763897628966,-3.5575024114152143,3.5575024114152143
MYS_08_38,6,168.58592968228498,164.30676621775973,4.279163464525254,4.279163464525254
MYS_08_38,7,165.349101650061,143.0946183182468,22.254483331814185,22.254483331814185
MYS_08_38,8,152.27935132376754,178.40736696343396,-26.128015639666415,26.128015639666415
MYS_08_38,9,183.4195744735782,186.0010528007618,-2.5814783271836177,2.5814783271836177
MYS_08_38,10,226.53405648082625,217.0649414400143,9.469115040811943,9.469115040811943
MYS_08_38,11,210.55948692032047,215.35472408509727,-4.7952371647768075,4.7952371647768075
MYS_08_38,12,257.74008005520466,254.2729949264325,3.467085128772169,3.467085128772169
MYS_09_01,1,103.93709830704913,110.42245160686835,-6.485353299819224,6.485353299819224
MYS_09_01,2,117.18965730207734,118.65914958013181,-1.4694922780544744,1.4694922780544744
MYS_09_01,3,236.4408463744529,229.5251648619512,6.915681512501692,6.915681512501692
MYS_09_01,4,266.9113102363484,264.7907693236655,2.120540912682941,2.120540912682941
MYS_09_01,5,236.85331842205656,241.20023700542765,-4.346918583371092,4.346918583371092
MYS_09_01,6,173.54341257642918,182.33411026814565,-8.790697691716474,8.790697691716474
MYS_09_01,7,217.54741718534788,204.7063049237512,12.841112261596692,12.841112261596692
MYS_09_01,8,253.85422383714504,256.65211269546427,-2.797888858319226,2.797888858319226
MYS_09_01,9,303.1557519960496,303.5191344465259,-0.36338245047630835,0.36338245047630835
MYS_09_01,10,394.21929235734007,384.43317162305107,9.786120734289,9.786120734289
MYS_09_01,11,271.10325114814304,292.663593634617,-21.560342486473928,21.560342486473928
MYS_09_01,12,168.64148672467712,154.81509204627926,13.826394678397861,13.826394678397861
MYS_09_02,1,110.28878955872231,116.13147372627783,-5.842684167555518,5.842684167555518
MYS_09_02,2,113.3378473456389,117.59293246355735,-4.255085117918441,4.255085117918441
MYS_09_02,3,234.65909416971644,224.83760919460596,9.82148497511048,9.82148497511048
MYS_09_02,4,257.03369491510665,256.8063906727093,0.22730424239733793,0.22730424239733793
MYS_09_02,5,243.1982119591408,244.61080935170395,-1.412597392563157,1.412597392563157
MYS_09_02,6,176.51703896491355,185.37950906548545,-8.862470100571898,8.862470100571898
MYS_09_02,7,214.7876235097582,206.02263696880576,8.764986540952435,8.764986540952435
MYS_09_02,8,251.0564036176096,255.91387632485393,-4.857472707244341,4.857472707244341
MYS_09_02,9,301.1666616286068,298.1878359822854,2.978825646321411,2.978825646321411
MYS_09_02,10,386.1662112117593,376.0061433949206,10.160067816838648,10.160067816838648
MYS_09_02,11,284.45202713511355,307.9504153641077,-23.498388228994145,23.498388228994145
MYS_09_02,12,206.84796987629144,191.91483758402532,14.933132292266123,14.933132292266123
MYS_09_03,1,118.95634582539714,123.55995828820367,-4.603612462806538,4.603612462806538
MYS_09_03,2,103.70959429463382,113.15036197031344,-9.440767675679623,9.440767675679623
MYS_09_03,3,228.32481251186795,212.93266713816047,15.392145373707478,15.392145373707478
MYS_09_03,4,237.0388639387504,240.21124833752577,-3.172384398775364,3.172384398775364
MYS_09_03,5,254.8874575660342,251.51487405431277,3.372583511721416,3.372583511721416
MYS_09_03,6,183.35102710380755,192.02916357652967,-8.678136472722116,8.678136472722116
MYS_09_03,7,210.8023438807896,209.25611151702722,1.5462323637623854,1.5462323637623854
MYS_09_03,8,247.39496132825417,255.57160519825564,-8.17664387000147,8.17664387000147
MYS_09_03,9,298.56723075422656,289.40187586775295,9.165354886473608,9.165354886473608
MYS_09_03,10,371.2095213874938,360.7578608901187,10.451660497375087,10.451660497375087
MYS_09_03,11,306.86011306197554,333.8445976157918,-26.984484553816287,26.984484553816287
MYS_09_03,12,273.7877119405433,257.0949488006922,16.692763139851138,16.692763139851138
MYS_09_04,1,156.87649729115188,158.74251904226927,-1.8660217511173869,1.8660217511173869
MYS_09_04,2,102.59328158048562,111.06754053459561,-8.474258954109985,8.474258954109985
MYS_09_04,3,212.5866563221958,200.42053932697038,12.166116995225423,12.166116995225423
MYS_09_04,4,196.2462918810025,199.9509968219304,-3.704704940927911,3.704704940927911
MYS_09_04,5,243.2800337133388,237.94257770756772,5.337456005771088,5.337456005771088
MYS_09_04,6,181.2627856973377,188.391679169382,-7.128893472044297,7.128893472044297
MYS_09_04,7,203.15811866063729,207.01652558888588,-3.8584069282485984,3.8584069282485984
MYS_09_04,8,242.08216098048385,248.74720656135267,-6.665045580868821,6.665045580868821
MYS_09_04,9,289.17534089786994,276.6943704355871,12.480970462282869,12.480970462282869
MYS_09_04,10,357.3797918380446,352.90673018885167,4.473061649192914,4.473061649192914
MYS_09_04,11,397.3937491495898,415.5936659516185,-18.199916802028724,18.199916802028724
MYS_09_04,12,422.447484693912,411.2588956831237,11.188589010788291,11.188589010788291
MYS_09_05,1,216.247916075834,214.25531640984212,1.9925996659918894,1.9925996659918894
MYS_09_05,2,109.96330879458448,111.26849148490047,-1.3051826903159878,1.3051826903159878
MYS_09_05,3,190.33257162009076,189.89111026610567,0.44146135398509045,0.44146135398509045
MYS_09_05,4,143.0629901416236,144.44609448587198,-1.3831043442483804,1.3831043442483804
MYS_09_05,5,209.7453667164861,205.65591031345494,4.089456403031164,4.089456403031164
MYS_09_05,6,169.85097695044902,174.0140905734953,-4.163113623046286,4.163113623046286
MYS_09_05,7,192.6653230735957,198.77025928835624,-6.104936214760556,6.104936214760556
MYS_09_05,8,235.12624969644403,235.51840147811942,-0.39215178167538056,0.39215178167538056
MYS_09_05,9,272.5193996761508,261.19575040566247,11.323649270488318,11.323649270488318
MYS_09_05,10,345.9522921519674,352.55344127793444,-6.6011491259670265,6.6011491259670265
MYS_09_05,11,537.8424462158462,535.7929453717195,2.049500844126669,2.049500844126669
MYS_09_05,12,621.0741207009414,622.2068911348761,-1.1327704339346383,1.1327704339346383
MYS_09_06,1,250.5403216789652,244.54233171808087,5.9979899608843255,5.9979899608843255
MYS_09_06,2,111.24512581975402,105.69537828158573,5.54974753816829,5.54974753816829
MYS_09_06,3,172.33725180610384,182.55769277962884,-10.220440973525001,10.220440973525001
MYS_09_06,4,111.0869868144927,112.027215217138,-0.940228402645289,0.940228402645289
MYS_09_06,5,179.5089383202966,176.62048025212653,2.888458068170081,2.888458068170081
MYS_09_06,6,155.7506223755214,154.4565329375964,1.2940894379250096,1.2940894379250096
MYS_09_06,7,179.91365305996877,184.88947934822684,-4.975826288258077,4.975826288258077
MYS_09_06,8,222.0086403191284,215.80002289843503,6.208617420693372,6.208617420693372
MYS_09_06,9,240.73004808705485,239.00471573886097,1.7253323481938878,1.7253323481938878
MYS_09_06,10,325.0660995085775,339.14051686017484,-14.074417351597333,14.074417351597333
MYS_09_06,11,624.5623661202794,600.6536233111702,23.908742809109185,23.908742809109185
MYS_09_06,12,725.6295100051598,740.7649778331601,-15.135467828000287,15.135467828000287
MYS_09_07,1,252.5914738502032,243.47903678990048,9.11243706030271,9.11243706030271
MYS_09_07,2,107.10223340658494,97.02932029951182,10.07291310707312,10.07291310707312
MYS_09_07,3,163.39067381399653,180.20072978988284,-16.810055975886314,16.810055975886314
MYS_09_07,4,106.2460592870359,108.65953495540276,-2.413475668366857,2.413475668366857
MYS_09_07,5,161.67283198792256,159.3546854967745,2.3181464911480703,2.3181464911480703
MYS_09_07,6,143.95748292522666,136.80413968201265,7.15334324321401,7.15334324321401
MYS_09_07,7,169.5228514042607,170.7722384479107,-1.249387043649989,1.249387043649989
MYS_09_07,8,207.9154776754497,197.14961909700278,10.76585857844691,10.76585857844691
MYS_09_07,9,207.1094698135941,218.76299901284446,-11.653529199250357,11.653529199250357
MYS_09_07,10,303.14441816918645,319.8546890280072,-16.710270858820763,16.710270858820763
MYS_09_07,11,640.9636029881607,599.8956346442106,41.06796834395004,41.06796834395004
MYS_09_07,12,718.8560862166794,745.5527489598982,-26.69666274321878,26.69666274321878
MYS_09_31,1,196.29134558810983,192.73347484357325,3.5578707445365865,3.5578707445365865
MYS_09_31,2,155.34030184284336,155.11600991827052,0.22429192457283875,0.22429192457283875
MYS_09_31,3,210.17312322175636,214.12358597514068,-3.950462753384329,3.950462753384329
MYS_09_31,4,244.6207768512029,248.7745608227911,-4.153783971588211,4.153783971588211
MYS_09_31,5,326.38164466939946,315.5250084760407,10.856636193358781,10.856636193358781
MYS_09_31,6,261.75819709121544,252.96574004599898,8.792457045216452,8.792457045216452
MYS_09_31,7,248.63383102416995,250.5568865015479,-1.9230554773779431,1.9230554773779431
MYS_09_31,8,282.59173445342697,298.82752315405094,-16.23578870062397,16.23578870062397
MYS_09_31,9,302.5453233124108,313.8987605885891,-11.353437276178283,11.353437276178283
MYS_09_31,10,372.19710097774384,362.05366111144656,10.143439866297285,10.143439866297285
MYS_09_31,11,323.9991537934991,315.3770801532217,8.622073640277392,8.622073640277392
MYS_09_31,12,285.6802891721008,292.4682105599533,-6.787921387852521,6.787921387852521
MYS_09_32,1,185.82299143409517,180.9648412394872,4.858150194607958,4.858150194607958
MYS_09_32,2,158.40187746279747,162.2451376359139,-3.8432601731164198,3.8432601731164198
MYS_09_32,3,216.2568550284225,214.7239599355719,1.5328950928505947,1.5328950928505947
MYS_09_32,4,235.47151500570072,243.1036000685013,-7.63208506280057,7.63208506280057
MYS_09_32,5,322.758672571767,311.83492677603675,10.92374579573027,10.92374579573027
MYS_09_32,6,259.4639137072441,249.00427248229659,10.459641224947518,10.459641224947518
MYS_09_32,7,237.11606296977337,242.05227261293354,-4.9362096431601685,4.9362096431601685
MYS_09_32,8,276.75434707760684,289.7556487741792,-13.001301696572341,13.001301696572341
MYS_09_32,9,293.6231496464316,303.0323401156757,-9.409190469244095,9.409190469244095
MYS_09_32,10,353.16435841674127,346.2129112381085,6.951447178632748,6.951447178632748
MYS_09_32,11,309.7109918192478,300.09611960229256,9.614872216955234,9.614872216955234
MYS_09_32,12,269.8341769317321,277.8212263771429,-7.9870494454108325,7.9870494454108325
MYS_09_33,1,177.3557130990652,171.46797679239626,5.887736306668955,5.887736306668955
MYS_09_33,2,171.96695302830466,178.6965027282052,-6.729549699900531,6.729549699900531
MYS_09_33,3,214.9148742482632,208.1836103200107,6.731263928252503,6.731263928252503
MYS_09_33,4,210.32089281444308,220.39922655307635,-10.078333738633262,10.078333738633262
MYS_09_33,5,305.4034713729022,298.2962131858515,7.107258187050661,7.107258187050661
MYS_09_33,6,247.88545361128536,239.53226703193684,8.353186579348517,8.353186579348517
MYS_09_33,7,214.3693315747418,221.7989836075073,-7.429652032765489,7.429652032765489
MYS_09_33,8,266.9413736914784,266.84481917055814,0.09655452092027872,0.09655452092027872
MYS_09_33,9,268.73046560327714,273.856081458121,-5.125615854843886,5.125615854843886
MYS_09_33,10,301.6983383243094,304.2921002430877,-2.5937619187782843,2.5937619187782843
MYS_09_33,11,274.6803401045658,262.31929305556264,12.361047049003162,12.361047049003162
MYS_09_33,12,245.95790471507527,255.8671647764675,-9.909260061392217,9.909260061392217
MYS_09_34,1,212.41799651318965,207.84771900713852,4.570277506051127,4.570277506051127
MYS_09_34,2,214.32237181462315,221.12376755111256,-6.801395736489411,6.801395736489411
MYS_09_34,3,228.2378815823969,219.54019349087048,8.69768809152643,8.69768809152643
MYS_09_34,4,195.28654691478872,204.49828775126537,-9.21174083647665,9.21174083647665
MYS_09_34,5,297.22003350720627,294.09325017880684,3.1267833283994264,3.1267833283994264
MYS_09_34,6,248.7037714656395,245.48742217291263,3.216349292726875,3.216349292726875
MYS_09_34,7,210.26916998287797,217.28733434245112,-7.018164359573149,7.018164359573149
MYS_09_34,8,276.1175317691851,264.9973636083995,11.120168160785624,11.120168160785624
MYS_09_34,9,266.67535248285606,270.4490880153967,-3.773735532540627,3.773735532540627
MYS_09_34,10,291.18776833256584,297.53172925870086,-6.343960926135026,6.343960926135026
MYS_09_34,11,259.5824581854454,250.11641693201227,9.466041253433104,9.466041253433104
MYS_09_34,12,258.4901504814373,266.2356483159018,-7.745497834464516,7.745497834464516
MYS_09_35,1,300.86061950360653,300.5124436094661,0.34817589414041095,0.34817589414041095
MYS_09_35,2,291.9248271845257,295.27058950268463,-3.3457623181589042,3.3457623181589042
MYS_09_35,3,259.6882778216165,253.11498273192882,6.57329508968769,6.57329508968769
MYS_09_35,4,193.2900182312254,197.47331811320427,-4.183299881978883,4.183299881978883
MYS_09_35,5,300.5219417317709,301.52400692076475,-1.0020651889938677,1.0020651889938677
MYS_09_35,6,264.5445309125305,270.31102018331205,-5.7664892707815625,5.7664892707815625
MYS_09_35,7,229.0364468012411,232.12431482402712,-3.0878680227860116,3.0878680227860116
MYS_09_35,8,308.4802970022373,288.9538427306746,19.526454271562727,19.526454271562727
MYS_09_35,9,292.65204112542364,298.55565431372014,-5.903613188296504,5.903613188296504
MYS_09_35,10,330.8854245786314,333.8281364373638,-2.942711858732423,2.942711858732423
MYS_09_35,11,269.04459684180205,269.4903352182976,-0.44573837649556936,0.44573837649556936
MYS_09_35,12,315.8908229517054,316.3775406697021,-0.4867177179967257,0.4867177179967257
MYS_09_36,1,311.22228160918706,314.24197787170783,-3.0196962625207675,3.0196962625207675
MYS_09_36,2,303.5266789681571,301.99698864973163,1.5296903184254802,1.5296903184254802
MYS_09_36,3,250.6886815968266,249.56536005680255,1.123321540024051,1.123321540024051
MYS_09_36,4,177.21327479387716,175.60034333044635,1.6129314634308116,1.6129314634308116
MYS_09_36,5,267.7310221451048,271.1804974448204,-3.449475299715573,3.449475299715573
MYS_09_36,6,242.43711290470503,250.61719587523305,-8.18008297052802,8.18008297052802
MYS_09_36,7,219.39385237113507,213.28342336120753,6.110429009927543,6.110429009927543
MYS_09_36,8,277.03145284824274,268.44550009998136,8.585952748261377,8.585952748261377
MYS_09_36,9,277.1352961399946,280.24336844107853,-3.1080723010839506,3.1080723010839506
MYS_09_36,10,320.99671991257435,319.41309457184275,1.5836253407316008,1.5836253407316008
MYS_09_36,11,259.3114609959517,266.3751998683353,-7.063738872383624,7.063738872383624
MYS_09_36,12,329.4872076109225,324.7214788606445,4.765728750278015,4.765728750278015
MYS_09_37,1,257.1373755861406,262.85167768282014,-5.714302096679546,5.714302096679546
MYS_09_37,2,260.71226409194816,253.0935314594209,7.618732632527269,7.618732632527269
MYS_09_37,3,208.3491682725657,215.50596048013435,-7.156792207568657,7.156792207568657
MYS_09_37,4,149.7377379306798,141.58538032349432,8.152357607185479,8.152357607185479
MYS_09_37,5,205.3481441809872,209.84109003830582,-4.492945857318631,4.492945857318631
MYS_09_37,6,189.12844402886137,194.37486860585904,-5.2464245769976685,5.2464245769976685
MYS_09_37,7,186.47271368005772,166.89831235694072,19.574401323117,19.574401323117
MYS_09_37,8,193.1002220498482,211.57736060063087,-18.477138550782655,18.477138550782655
MYS_09_37,9,228.1040896293445,224.0721587272685,4.031930902075999,4.031930902075999
MYS_09_37,10,270.7691907833784,263.7531974411574,7.015993342221009,7.015993342221009
MYS_09_37,11,234.14952796777672,245.24264073094417,-11.093112763167454,11.093112763167454
MYS_09_37,12,307.4155028104491,298.9409650662903,8.474537744158795,8.474537744158795
MYS_09_38,1,201.09198080062868,207.71014187382983,-6.618161073201151,6.618161073201151
MYS_09_38,2,209.09232246271773,200.79370984720956,8.298612615508176,8.298612615508176
MYS_09_38,3,170.91518937635425,179.7490299392502,-8.833840562895944,8.833840562895944
MYS_09_38,4,129.49488434569042,118.99444991015264,10.500434435537784,10.500434435537784
MYS_09_38,5,166.6309913228353,173.5865890085092,-6.955597685673894,6.955597685673894
MYS_09_38,6,161.81105953598026,158.24428077753254,3.5667787584477253,3.5667787584477253
MYS_09_38,7,163.70797743988038,138.84605768353458,24.8619197563458,24.8619197563458
MYS_09_38,8,141.7514082845052,175.46141616928114,-33.71000788477593,33.71000788477593
MYS_09_38,9,191.9722605234782,187.15859224304018,4.813668280438037,4.813668280438037
MYS_09_38,10,234.85121057510375,223.8460233774195,11.00518719768425,11.00518719768425
MYS_09_38,11,213.06686426162725,225.24701466292646,-12.180150401299215,12.180150401299215
MYS_09_38,12,278.60602988561,269.2015700158702,9.40445986973981,9.40445986973981
MYS_09_39,1,146.81668328063128,152.00412877173684,-5.187445491105564,5.187445491105564
MYS_09_39,2,153.26079967011052,149.94878033130706,3.3120193388034522,3.3120193388034522
MYS_09_39,3,142.3316751279787,145.6744777876653,-3.3428026596865834,3.3428026596865834
MYS_09_39,4,118.10801549850532,110.75160809888669,7.356407399618632,7.356407399618632
MYS_09_39,5,155.5285707726326,165.6820902129247,-10.153519440292087,10.153519440292087
MYS_09_39,6,162.14987266575363,144.28293572224555,17.86693694350808,17.86693694350808
MYS_09_39,7,152.14329688015593,129.78658120733675,22.356715672819178,22.356715672819178
MYS_09_39,8,125.41342010149673,160.6561862445566,-35.24276614305988,35.24276614305988
MYS_09_39,9,165.92699383252287,168.8588165404047,-2.931822707881821,2.931822707881821
MYS_09_39,10,210.9570549847328,197.63266640695576,13.324388577777029,13.324388577777029
MYS_09_39,11,195.1724264658749,203.82353433416563,-8.651107868290723,8.651107868290723
MYS_09_39,12,240.8790497784201,234.6839671098312,6.195082668588896,6.195082668588896
MYS_10_01,1,73.40100024426663,79.2980489885416,-5.897048744274969,5.897048744274969
MYS_10_01,2,87.52641483276813,91.94283735683938,-4.416422524071251,4.416422524071251
MYS_10_01,3,205.0092822664851,193.8556818739186,11.153600392566489,11.153600392566489
MYS_10_01,4,241.90412099110827,241.51462552296323,0.3894954681450429,0.3894954681450429
MYS_10_01,5,236.74187474751972,246.03842884641466,-9.296554098894944,9.296554098894944
MYS_10_01,6,187.2754323541223,190.68590624538308,-3.4104738912607786,3.4104738912607786
MYS_10_01,7,221.29977603373945,209.95677996411126,11.342996069628185,11.342996069628185
MYS_10_01,8,265.36770919364494,262.07770798687267,3.290001206772274,3.290001206772274
MYS_10_01,9,306.1463808031054,306.2951176266051,-0.1487368234996893,0.1487368234996893
MYS_10_01,10,381.6782019217093,377.2907253974527,4.387476524256556,4.387476524256556
MYS_10_01,11,255.33934994717615,273.4253791583617,-18.086029211185547,18.086029211185547
MYS_10_01,12,148.99198970336457,136.9697283014063,12.022261401958275,12.022261401958275
MYS_10_02,1,84.37175964860059,89.50241131176664,-5.130651663166049,5.130651663166049
MYS_10_02,2,88.17664847510201,94.15438303429423,-5.977734559192214,5.977734559192214
MYS_10_02,3,205.97291495267677,193.3664298181059,12.606485134570875,12.606485134570875
MYS_10_02,4,231.2881114782101,232.38118925607188,-1.0930777778617653,1.0930777778617653
MYS_10_02,5,239.8881021844773,245.43184577083852,-5.543743586361217,5.543743586361217
MYS_10_02,6,186.1081706617244,190.27143870482888,-4.163268043104495,4.163268043104495
MYS_10_02,7,217.80915797723037,208.55665038958188,9.252507587648495,9.252507587648495
MYS_10_02,8,257.7984723457458,258.21948186655607,-0.4210095208102871,0.4210095208102871
MYS_10_02,9,299.6306897182566,298.25689579144654,1.3737939268100376,1.3737939268100376
MYS_10_02,10,374.8804336483264,368.44930032369126,6.431133324635141,6.431133324635141
MYS_10_02,11,278.8564376056005,298.73347535723354,-19.877037751633054,19.877037751633054
MYS_10_02,12,201.09040000794428,188.75228419060926,12.338115817335023,12.338115817335023
MYS_10_03,1,101.84733047935909,106.45699148821836,-4.609661008859277,4.609661008859277
MYS_10_03,2,88.04223817164505,97.50096276209266,-9.458724590447602,9.458724590447602
MYS_10_03,3,206.66849452241516,190.50335803346346,16.165136488951703,16.165136488951703
MYS_10_03,4,215.02455865754857,218.1998952999279,-3.175336642379335,3.175336642379335
MYS_10_03,5,248.62007797721805,249.40523046490765,-0.7851524876896008,0.7851524876896008
MYS_10_03,6,189.12890335143084,194.49301297628907,-5.36410962485823,5.36410962485823
MYS_10_03,7,214.42992903541708,210.29765081562925,4.132278219787821,4.132278219787821
MYS_10_03,8,251.75875022367543,256.6653687396005,-4.906618515925089,4.906618515925089
MYS_10_03,9,295.9253407816249,289.54742741268115,6.37791336894378,6.37791336894378
MYS_10_03,10,365.46748893918016,357.0939607808299,8.373528158350268,8.373528158350268
MYS_10_03,11,312.2484604522625,336.5740590149319,-24.32559856266937,24.32559856266937
MYS_10_03,12,283.6964651873732,268.79149073131026,14.904974456062916,14.904974456062916
MYS_10_04,1,143.02158841199346,143.33176780338522,-0.3101793913917561,0.3101793913917561
MYS_10_04,2,91.76663103752666,98.68333508186001,-6.916704044333343,6.916704044333343
MYS_10_04,3,195.09525071938836,184.65227283181915,10.442977887569214,10.442977887569214
MYS_10_04,4,175.49692838880753,180.01199521354667,-4.515066824739137,4.515066824739137
MYS_10_04,5,231.7172834237417,229.47453065203013,2.242752771711565,2.242752771711565
MYS_10_04,6,181.21861484103732,184.32035877573216,-3.101743934694838,3.101743934694838
MYS_10_04,7,203.25569471889077,203.00546958606404,0.25022513282672776,0.25022513282672776
MYS_10_04,8,239.8454484981961,244.3287832745595,-4.483334776363392,4.483334776363392
MYS_10_04,9,281.7246253628201,272.65093804092476,9.073687321895363,9.073687321895363
MYS_10_04,10,347.85061254077493,348.14564048028865,-0.29502793951371586,0.29502793951371586
MYS_10_04,11,415.00713150236345,424.0705052184097,-9.063373716046272,9.063373716046272
MYS_10_04,12,432.56294408586297,427.45002731400524,5.112916771857726,5.112916771857726
MYS_10_05,1,191.1366436404041,183.4213082572869,7.7153353831171785,7.7153353831171785
MYS_10_05,2,96.26842257752376,93.89236262096348,2.376059956560283,2.376059956560283
MYS_10_05,3,170.79226073994596,176.17576125442852,-5.383500514482563,5.383500514482563
MYS_10_05,4,123.45254555094957,128.35875440775897,-4.9062088568094,4.9062088568094
MYS_10_05,5,189.2475009698134,186.2610653266607,2.9864356431526744,2.9864356431526744
MYS_10_05,6,160.56644479229917,157.79056528020325,2.775879512095912,2.775879512095912
MYS_10_05,7,186.6135379294045,184.94217919136656,1.6713587380379238,1.6713587380379238
MYS_10_05,8,220.5267110963153,220.61041730192468,-0.08370620560938846,0.08370620560938846
MYS_10_05,9,254.57275713570093,249.3509431188212,5.221814016879733,5.221814016879733
MYS_10_05,10,324.4440383063422,341.71437640161287,-17.270338095270688,17.270338095270688
MYS_10_05,11,556.7377247737004,530.7368399507786,26.000884822921762,26.000884822921762
MYS_10_05,12,590.6856331931219,608.028463490732,-17.34283029761002,17.34283029761002
MYS_10_06,1,231.93227680714924,220.8069440614614,11.125332745687842,11.125332745687842
MYS_10_06,2,105.48724228395734,96.4849308601112,9.002311423846137,9.002311423846137
MYS_10_06,3,162.929488747733,178.23627028616306,-15.306781538430073,15.306781538430073
MYS_10_06,4,100.10051653362456,104.81340407254241,-4.712887538917855,4.712887538917855
MYS_10_06,5,166.25129967825754,162.88255994072296,3.3687397375345824,3.3687397375345824
MYS_10_06,6,148.67209844970702,142.49669885841644,6.175399591290585,6.175399591290585
MYS_10_06,7,176.52391935802643,175.19370657233395,1.3302127856924812,1.3302127856924812
MYS_10_06,8,211.59185739426388,206.47532928563095,5.116528108632934,5.116528108632934
MYS_10_06,9,233.0322117280506,233.92432328510375,-0.8921115570531413,0.8921115570531413
MYS_10_06,10,312.13568886311845,336.98696334971055,-24.851274486592104,24.851274486592104
MYS_10_06,11,643.9929758940198,598.2776762496737,45.71529964434603,45.71529964434603
MYS_10_06,12,695.0096083795456,724.7946668274182,-29.78505844787253,29.78505844787253
MYS_10_31,1,183.1677852567037,177.07487240874306,6.092912847960633,6.092912847960633
MYS_10_31,2,140.54707331233556,146.5476954212804,-6.000622108944839,6.000622108944839
MYS_10_31,3,204.350422978931,200.19734181803446,4.153081160896534,4.153081160896534
MYS_10_31,4,221.3923812442356,232.4919340256304,-11.099552781394806,11.099552781394806
MYS_10_31,5,322.0439471435547,311.0427154559528,11.001231687601887,11.001231687601887
MYS_10_31,6,276.0846018218994,255.9426323208585,20.141969501040904,20.141969501040904
MYS_10_31,7,253.14210110134547,253.94546458859537,-0.8033634872498965,0.8033634872498965
MYS_10_31,8,286.2366501871745,306.31114891811814,-20.074498730943617,20.074498730943617
MYS_10_31,9,308.7951129998101,327.2932391368165,-18.49812613700641,18.49812613700641
MYS_10_31,10,389.7321469116211,378.2748330364599,11.45731387516122,11.45731387516122
MYS_10_31,11,330.286682671441,316.4600868158501,13.826595855590881,13.826595855590881
MYS_10_31,12,271.32720385233563,283.088867313957,-11.761663461621367,11.761663461621367
MYS_10_32,1,185.20315762658305,178.32688015280206,6.876277473780988,6.876277473780988
MYS_10_32,2,146.3588420604636,152.63196867118603,-6.273126610722443,6.273126610722443
MYS_10_32,3,199.06808397882068,194.20865908323958,4.8594248955811,4.8594248955811
MYS_10_32,4,206.33402967160467,218.33504785790876,-12.001018186304094,12.001018186304094
MYS_10_32,5,308.96066107096607,298.3429964645849,10.61766460638114,10.61766460638114
MYS_10_32,6,265.0993432464288,246.86231226162514,18.23703098480368,18.23703098480368
MYS_10_32,7,239.16248562740648,240.606485682275,-1.4440000548685248,1.4440000548685248
MYS_10_32,8,274.1617641956041,290.3841514397036,-16.22238724409948,16.22238724409948
MYS_10_32,9,292.15100383173467,307.7299833984612,-15.578979566726503,15.578979566726503
MYS_10_32,10,359.59492008388656,352.7074545142733,6.887465569613255,6.887465569613255
MYS_10_32,11,311.5937566043409,295.3101799852476,16.28357661909331,16.28357661909331
MYS_10_32,12,260.2082800539481,273.542994663009,-13.334714609060882,13.334714609060882
MYS_10_33,1,194.82367970784503,186.93272540730504,7.890954300539988,7.890954300539988
MYS_10_33,2,162.17027179859303,168.30945517094727,-6.139183372354239,6.139183372354239
MYS_10_33,3,191.30574755512217,185.78172004550225,5.524027509619913,5.524027509619913
MYS_10_33,4,179.9963456382953,192.97404314173812,-12.977697503442812,12.977697503442812
MYS_10_33,5,285.94160597786066,276.24921076291,9.692395214950636,9.692395214950636
MYS_10_33,6,245.3428146499553,231.919281110823,13.423533539132308,13.423533539132308
MYS_10_33,7,215.03624668827763,217.26985533183617,-2.23360864355854,2.23360864355854
MYS_10_33,8,254.23141952110976,262.62537045644433,-8.393950935334573,8.393950935334573
MYS_10_33,9,262.9860483288639,273.15909837511487,-10.173050046250978,10.173050046250978
MYS_10_33,10,306.1626342127563,307.4161362086177,-1.2535019958613702,1.2535019958613702
MYS_10_33,11,278.01037993335217,258.1150047031101,19.895375230242053,19.895375230242053
MYS_10_33,12,244.69155722320397,260.20138137217333,-15.509824148969358,15.509824148969358
MYS_10_34,1,251.67569832494016,245.9171145688672,5.758583756072966,5.758583756072966
MYS_10_34,2,218.97483386872307,223.8642058481199,-4.889371979396827,4.889371979396827
MYS_10_34,3,210.13986469460545,203.91681931820702,6.2230453763984315,6.2230453763984315
MYS_10_34,4,166.77209113267364,177.31138106225836,-10.539289929584726,10.539289929584726
MYS_10_34,5,275.2147890177732,269.66310350874505,5.551685509028175,5.551685509028175
MYS_10_34,6,240.12490463337568,236.69266251207506,3.432242121300618,3.432242121300618
MYS_10_34,7,207.90788958837115,209.82016988898522,-1.9122803006140714,1.9122803006140714
MYS_10_34,8,261.4882493114976,256.35157212714336,5.136677184354255,5.136677184354255
MYS_10_34,9,257.1043484416336,262.51362414167374,-5.409275700040155,5.409275700040155
MYS_10_34,10,286.05714481091377,292.5237066130172,-6.466561802103456,6.466561802103456
MYS_10_34,11,259.8551901406586,245.10889314864482,14.746296992013754,14.746296992013754
MYS_10_34,12,272.31826918586853,283.77000232175624,-11.451733135887707,11.451733135887707
MYS_10_35,1,360.00320009177415,360.1737755321706,-0.1705754403964761,0.1705754403964761
MYS_10_35,2,310.51548605917884,313.31078400368375,-2.7952979445049095,2.7952979445049095
MYS_10_35,3,251.860946992118,244.35423637697173,7.506710615146261,7.506710615146261
MYS_10_35,4,165.41496724149783,169.38023433712067,-3.965267095622835,3.965267095622835
MYS_10_35,5,275.0371092546626,279.55632900143416,-4.519219746771569,4.519219746771569
MYS_10_35,6,257.6865003479517,265.4807646923309,-7.794264344379201,7.794264344379201
MYS_10_35,7,226.9896583677466,225.67301611444339,1.316642253303229,1.316642253303229
MYS_10_35,8,304.1028267861415,281.11931132463246,22.983515461509057,22.983515461509057
MYS_10_35,9,285.1250471883267,288.9540052132694,-3.8289580249427217,3.8289580249427217
MYS_10_35,10,318.91769415116335,326.0532250973684,-7.135530946205051,7.135530946205051
MYS_10_35,11,268.2215654278905,268.0954973214515,0.1260681064389928,0.1260681064389928
MYS_10_35,12,351.66337429893,352.3783588714688,-0.7149845725387536,0.7149845725387536
MYS_10_36,1,374.98319846420696,379.36144079007613,-4.3782423258691665,4.3782423258691665
MYS_10_36,2,330.6531285062921,329.1039195464098,1.5492089598822645,1.5492089598822645
MYS_10_36,3,252.3520808045322,249.30389306250524,3.048187742026954,3.048187742026954
MYS_10_36,4,157.32195882645863,154.37595816183895,2.9460006646196746,2.9460006646196746
MYS_10_36,5,249.89541972892,258.61045913402904,-8.715039405109053,8.715039405109053
MYS_10_36,6,241.5499295011652,253.29895471198645,-11.749025210821259,11.749025210821259
MYS_10_36,7,221.30304509319328,212.81748225276948,8.485562840423796,8.485562840423796
MYS_10_36,8,284.2036394601651,268.16090857867664,16.042730881488467,16.042730881488467
MYS_10_36,9,279.365806563443,278.24604485693897,1.1197617065040504,1.1197617065040504
MYS_10_36,10,316.0650015646314,319.6959277587477,-3.6309261941162845,3.6309261941162845
MYS_10_36,11,262.1376575417493,271.647219485245,-9.509561943495669,9.509561943495669
MYS_10_36,12,374.3055556653543,367.52870753974946,6.776848125604829,6.776848125604829
MYS_10_37,1,299.54112470026865,306.81869605783055,-7.2775713575618965,7.2775713575618965
MYS_10_37,2,286.7336665313196,278.3420015021227,8.391665029196929,8.391665029196929
MYS_10_37,3,216.0472113046661,223.31264401429186,-7.26543270962577,7.26543270962577
MYS_10_37,4,144.11796933205474,133.49424432060223,10.623725011452507,10.623725011452507
MYS_10_37,5,202.32201218582657,209.7391464130691,-7.417134227242542,7.417134227242542
MYS_10_37,6,194.5234734775501,203.65487819208417,-9.131404714534057,9.131404714534057
MYS_10_37,7,193.3079657982959,173.5241503544926,19.78381544380329,19.78381544380329
MYS_10_37,8,206.60861186234976,221.22062074355864,-14.61200888120888,14.61200888120888
MYS_10_37,9,243.81700079116465,235.0945386249021,8.722462166262545,8.722462166262545
MYS_10_37,10,283.5837080882376,278.9171006252538,4.666607462983791,4.666607462983791
MYS_10_37,11,242.57035431361908,257.74682756771915,-15.176473254100074,15.176473254100074
MYS_10_37,12,341.9831308427551,330.24741753997864,11.735713302776446,11.735713302776446
MYS_10_38,1,218.5455932757793,226.8457171731477,-8.300123897368394,8.300123897368394
MYS_10_38,2,223.74529684201264,213.542570747378,10.202726094634642,10.202726094634642
MYS_10_38,3,174.34463318402953,185.51578860018154,-11.171155416152004,11.171155416152004
MYS_10_38,4,128.33629206205026,114.38447715192639,13.951814910123872,13.951814910123872
MYS_10_38,5,162.76998917995357,170.85238096644412,-8.082391786490547,8.082391786490547
MYS_10_38,6,161.27560663590066,161.11646434739023,0.15914228851042367,0.15914228851042367
MYS_10_38,7,167.01116769497213,141.4456902469987,25.56547744797342,25.56547744797342
MYS_10_38,8,144.71380369479843,180.4996397558391,-35.78583606104067,35.78583606104067
MYS_10_38,9,205.37349695792565,195.13975728897015,10.233739668955508,10.233739668955508
MYS_10_38,10,247.54893432519376,236.5813496471859,10.967584678007853,10.967584678007853
MYS_10_38,11,219.84443770188557,236.62385066358743,-16.779412961701865,16.779412961701865
MYS_10_38,12,298.95542869567873,285.80733351365484,13.148095182023894,13.148095182023894
MYS_11_00,1,38.160092313928544,39.59685169351769,-1.436759379589148,1.436759379589148
MYS_11_00,2,41.05096392008214,53.922783987277626,-12.871820067195486,12.871820067195486
MYS_11_00,3,151.57647710812637,130.75362318330602,20.82285392482035,20.82285392482035
MYS_11_00,4,196.47804737465052,199.13923806056448,-2.661190685913965,2.661190685913965
MYS_11_00,5,241.54964823006028,264.7402646352872,-23.190616405226905,23.190616405226905
MYS_11_00,6,231.47124372494767,217.23784516254645,14.23339856240122,14.23339856240122
MYS_11_00,7,222.87629290811373,227.68861643596657,-4.81232352785284,4.81232352785284
MYS_11_00,8,311.2120827419306,281.49916093908126,29.712921802849337,29.712921802849337
MYS_11_00,9,320.42920381633286,319.1337098884687,1.295493927864186,1.295493927864186
MYS_11_00,10,356.06864095451004,370.0742734478385,-14.005632493328449,14.005632493328449
MYS_11_00,11,234.35086879356237,239.15538182011477,-4.804513026552399,4.804513026552399
MYS_11_00,12,116.85245558046827,114.618901570893,2.233554009575272,2.233554009575272
MYS_11_01,1,54.10319241049389,56.049858590308624,-1.9466661798147342,1.9466661798147342
MYS_11_01,2,59.95065497557322,71.49777098253902,-11.547116006965801,11.547116006965801
MYS_11_01,3,182.96395786578455,164.36532093780272,18.59863692798183,18.59863692798183
MYS_11_01,4,213.67180650234224,218.02920585822187,-4.357399355879636,4.357399355879636
MYS_11_01,5,236.17735211054483,247.9599131826727,-11.782561072127862,11.782561072127862
MYS_11_01,6,200.2205960204204,193.36909011326344,6.851505907156962,6.851505907156962
MYS_11_01,7,206.91806583801903,208.19515632396622,-1.277090485947184,1.277090485947184
MYS_11_01,8,271.8040634502967,257.0158773893714,14.78818606092534,14.78818606092534
MYS_11_01,9,293.71513168414435,293.87777336728794,-0.1626416831435904,0.1626416831435904
MYS_11_01,10,349.3389165580273,352.74768621625793,-3.4087696582306535,3.4087696582306535
MYS_11_01,11,252.55246389110883,262.7460458445558,-10.193581953446966,10.193581953446966
MYS_11_01,12,150.9582168608904,145.32841416177874,5.62980269911165,5.62980269911165
MYS_11_02,1,70.6710001879217,72.1634085980802,-1.4924084101584896,1.4924084101584896
MYS_11_02,2,68.1217619933984,78.17849609446603,-10.056734101067633,10.056734101067633
MYS_11_02,3,188.7774022285236,172.38803105959008,16.389371168933536,16.389371168933536
MYS_11_02,4,205.6356397896353,211.514461103225,-5.878821313589697,5.878821313589697
MYS_11_02,5,233.94597065065207,239.22870276823434,-5.28273211758227,5.28273211758227
MYS_11_02,6,189.3310663947421,185.3063576697858,4.024708724956298,4.024708724956298
MYS_11_02,7,203.47362733052967,201.4769997189265,1.9966276116031736,1.9966276116031736
MYS_11_02,8,253.52918228581453,247.4611638432752,6.068018442539341,6.068018442539341
MYS_11_02,9,279.2519588553921,282.1678111613688,-2.9158523059766708,2.9158523059766708
MYS_11_02,10,347.07683279658534,344.98167934161114,2.095153454974195,2.095153454974195
MYS_11_02,11,286.88577122829446,297.1440915897932,-10.258320361498761,10.258320361498761
MYS_11_02,12,210.55261465536583,205.32007752306234,5.2325371323034915,5.2325371323034915
MYS_11_03,1,83.03799648187099,83.5082808502753,-0.47028436840430743,0.47028436840430743
MYS_11_03,2,69.57587151747484,79.53527013055907,-9.959398613084232,9.959398613084232
MYS_11_03,3,185.561284267719,169.99503690969735,15.566247358021656,15.566247358021656
MYS_11_03,4,190.44558850410655,197.81385023833258,-7.368261734226024,7.368261734226024
MYS_11_03,5,233.76067936041417,235.19326159934425,-1.432582238930081,1.432582238930081
MYS_11_03,6,187.25246528429864,183.6542447100937,3.5982205742049302,3.5982205742049302
MYS_11_03,7,202.4615317946214,199.4898407262448,2.9716910683766002,2.9716910683766002
MYS_11_03,8,244.92995424319537,243.39886619599503,1.5310880472003419,1.5310880472003419
MYS_11_03,9,270.2240224593725,275.05761099177266,-4.833588532400142,4.833588532400142
MYS_11_03,10,343.24372600848864,338.6849606203115,4.558765388177164,4.558765388177164
MYS_11_03,11,318.4561674069136,327.27371982505304,-8.817552418139428,8.817552418139428
MYS_11_03,12,267.4044517556215,263.5158732725652,3.8885784830562784,3.8885784830562784
MYS_11_04,1,140.10998340606687,135.17706051106435,4.93292289500252,4.93292289500252
MYS_11_04,2,77.65085175014677,77.97051041017198,-0.3196586600252118,0.3196586600252118
MYS_11_04,3,165.6280963552566,164.18477183906882,1.4433245161877721,1.4433245161877721
MYS_11_04,4,137.56142045520602,146.3036729505325,-8.742252495326483,8.742252495326483
MYS_11_04,5,201.73777255103695,197.82547756157268,3.9122949894642716,3.9122949894642716
MYS_11_04,6,166.677157316662,161.31205314943028,5.365104167231721,5.365104167231721
MYS_11_04,7,190.11938063121977,184.90608989986467,5.213290731355102,5.213290731355102
MYS_11_04,8,218.8598564075288,221.80114763198694,-2.9412912244581264,2.9412912244581264
MYS_11_04,9,247.0564482044038,250.48067970383215,-3.4242314994283447,3.4242314994283447
MYS_11_04,10,321.5265225655692,330.18547941395155,-8.658956848382331,8.658956848382331
MYS_11_04,11,470.9181550816127,451.2543222777968,19.66383280381592,19.66383280381592
MYS_11_04,12,464.3585957336425,478.3795475777599,-14.020951844117405,14.020951844117405
MYS_11_05,1,168.7229435973697,159.140925235905,9.58201836146469,9.58201836146469
MYS_11_05,2,80.99807642168467,74.80446088109949,6.193615540585185,6.193615540585185
MYS_11_05,3,153.12475069231456,162.1828187771647,-9.058068084850134,9.058068084850134
MYS_11_05,4,112.06240341530906,120.36175117528231,-8.299347759973244,8.299347759973244
MYS_11_05,5,175.24987448056538,171.0577672608547,4.192107219710692,4.192107219710692
MYS_11_05,6,151.15103850364684,143.34303103360554,7.808007470041304,7.808007470041304
MYS_11_05,7,179.17679987483552,173.16249442763436,6.014305447201167,6.014305447201167
MYS_11_05,8,205.31102763811748,206.49244170049528,-1.1814140623777973,1.1814140623777973
MYS_11_05,9,234.1548879623413,236.07909591814257,-1.924207955801279,1.924207955801279
MYS_11_05,10,305.74887297948203,326.9632991776282,-21.214426198146157,21.214426198146157
MYS_11_05,11,554.1041788313124,512.7407088860035,41.36346994530891,41.36346994530891
MYS_11_05,12,551.5026783254411,579.0841499064732,-27.58147158103202,27.58147158103202
MYS_11_32,1,202.1106435920253,193.6398630375345,8.470780554490801,8.470780554490801
MYS_11_32,2,136.40058062654552,142.14700177863293,-5.746421152087407,5.746421152087407
MYS_11_32,3,166.2799939509594,162.6313695684743,3.64862438248511,3.64862438248511
MYS_11_32,4,164.67344346479936,177.0089964268733,-12.335552962073933,12.335552962073933
MYS_11_32,5,265.62029399871824,256.54568374855876,9.07461025015948,9.07461025015948
MYS_11_32,6,243.99148329532508,221.45464310878157,22.536840186543515,22.536840186543515
MYS_11_32,7,214.7930689089226,215.14653319853193,-0.3534642896093203,0.3534642896093203
MYS_11_32,8,240.30459369312632,259.3343856729502,-19.02979197982387,19.02979197982387
MYS_11_32,9,261.1182321028276,273.89294313660287,-12.774711033775247,12.774711033775247
MYS_11_32,10,316.2293887514057,314.44702148233955,1.7823672690661283,1.7823672690661283
MYS_11_32,11,283.808503780943,260.6424492451706,23.16605453577239,23.16605453577239
MYS_11_32,12,244.28497042222452,261.9977477241526,-17.71277730192807,17.71277730192807
MYS_11_33,1,232.58638261326573,224.05519493397327,8.531187679292458,8.531187679292458
MYS_11_33,2,157.00887946789723,161.09015375270468,-4.081274284807449,4.081274284807449
MYS_11_33,3,167.44029070048302,166.50430508306786,0.935985617415156,0.935985617415156
MYS_11_33,4,156.0363870977658,167.3578057811783,-11.321418683412503,11.321418683412503
MYS_11_33,5,253.18409870103088,241.1013928056492,12.082705895381679,12.082705895381679
MYS_11_33,6,228.49831237458343,211.18790750104387,17.310404873539568,17.310404873539568
MYS_11_33,7,199.20961476710804,201.16176404626236,-1.9521492791543267,1.9521492791543267
MYS_11_33,8,221.9134782590364,241.83808857543258,-19.924610316396183,19.924610316396183
MYS_11_33,9,243.52688360381543,251.72773115681795,-8.200847553002518,8.200847553002518
MYS_11_33,10,289.5990916023477,288.8054018517457,0.7936897506019704,0.7936897506019704
MYS_11_33,11,266.7306008054499,244.30616316653123,22.424437638918675,22.424437638918675
MYS_11_33,12,251.1807216365435,268.0297659929721,-16.849044356428607,16.849044356428607
MYS_11_34,1,307.44470978429075,301.70636903756326,5.738340746727488,5.738340746727488
MYS_11_34,2,211.8556132730353,213.60012661430684,-1.7445133412715563,1.7445133412715563
MYS_11_34,3,183.19535209625485,183.4305290651537,-0.23517696889885542,0.23517696889885542
MYS_11_34,4,143.50848827422612,150.72098218505937,-7.2124939108332455,7.2124939108332455
MYS_11_34,5,234.4915051204944,225.39424167908632,9.097263441408074,9.097263441408074
MYS_11_34,6,214.33888116261315,208.169416480463,6.169464682150135,6.169464682150135
MYS_11_34,7,187.93925389042607,189.06013893681143,-1.1208850463853537,1.1208850463853537
MYS_11_34,8,215.7659932623969,227.67776983666727,-11.911776574270363,11.911776574270363
MYS_11_34,9,231.1791431439112,231.19160671198273,-0.012463568071524378,0.012463568071524378
MYS_11_34,10,262.7641799732995,265.7216762227464,-2.9574962494468764,2.9574962494468764
MYS_11_34,11,250.38566396481147,235.61822259778754,14.767441367023935,14.767441367023935
MYS_11_34,12,297.0527484017831,307.86903281219503,-10.816284410411924,10.816284410411924
MYS_11_35,1,409.1665323667173,410.59081801200455,-1.4242856452872275,1.4242856452872275
MYS_11_35,2,293.4114717334162,293.99814819158684,-0.5866764581706434,0.5866764581706434
MYS_11_35,3,221.1356810198385,216.73492070581403,4.400760314024467,4.400760314024467
MYS_11_35,4,137.39331123937376,137.29011259010323,0.10319864927052436,0.10319864927052436
MYS_11_35,5,223.8531002823764,230.47979762071577,-6.626697338339369,6.626697338339369
MYS_11_35,6,222.03873308131304,229.81128451907998,-7.772551437766936,7.772551437766936
MYS_11_35,7,203.0584835137261,197.76239846783335,5.296085045892738,5.296085045892738
MYS_11_35,8,252.42221769787017,241.04356183397752,11.378655863892646,11.378655863892646
MYS_11_35,9,249.2739514902912,241.28955096671243,7.984400523578785,7.984400523578785
MYS_11_35,10,268.8183715868753,278.6563207590461,-9.837949172170795,9.837949172170795
MYS_11_35,11,256.548319614148,259.11655214638,-2.5682325322320025,2.5682325322320025
MYS_11_35,12,392.4674660899652,390.4364472439785,2.0310188459867504,2.0310188459867504
MYS_11_36,1,433.643575298124,438.55475166018334,-4.9111763620593365,4.9111763620593365
MYS_11_36,2,325.05786962476043,324.10282070693427,0.9550489178261614,0.9550489178261614
MYS_11_36,3,236.259154077371,231.49847915057012,4.760674926800874,4.760674926800874
MYS_11_36,4,136.7690616587798,132.6003189601484,4.168742698631405,4.168742698631405
MYS_11_36,5,218.60730750428309,231.33834686058609,-12.731039356303,12.731039356303
MYS_11_36,6,222.75389663245943,236.08845480522186,-13.334558172762428,13.334558172762428
MYS_11_36,7,208.48784318765004,199.00950096279556,9.478342224854487,9.478342224854487
MYS_11_36,8,262.5241509146161,245.0915653498029,17.432585564813195,17.432585564813195
MYS_11_36,9,256.8520296467676,246.0904545009851,10.76157514578253,10.76157514578253
MYS_11_36,10,274.9351075516807,285.447192379904,-10.512084828223294,10.512084828223294
MYS_11_36,11,257.5542907132043,268.37890527524866,-10.82461456204436,10.82461456204436
MYS_11_36,12,421.88259148995087,413.70971507078235,8.172876419168517,8.172876419168517
MYS_11_37,1,412.0957566760835,417.7272498527466,-5.631493176663071,5.631493176663071
MYS_11_37,2,321.5633959940502,319.19965771859717,2.363738275453045,2.363738275453045
MYS_11_37,3,234.52471759205773,231.79413240278348,2.730585189274251,2.730585189274251
MYS_11_37,4,138.35040257317678,132.7241451027741,5.626257470402692,5.626257470402692
MYS_11_37,5,215.9250029790969,228.27633940296943,-12.351336423872539,12.351336423872539
MYS_11_37,6,218.40547749655587,231.50200460125544,-13.096527104699561,13.096527104699561
MYS_11_37,7,206.66425387064612,195.07879738733473,11.58545648331139,11.58545648331139
MYS_11_37,8,254.42946463085357,241.8633916376031,12.566072993250486,12.566072993250486
MYS_11_37,9,255.79015893482023,245.27976791714977,10.510391017670457,10.510391017670457
MYS_11_37,10,277.728152520316,285.6190640221817,-7.89091150186573,7.89091150186573
MYS_11_37,11,255.2154869352068,267.53295262922586,-12.317465694019063,12.317465694019063
MYS_11_37,12,410.2484069824219,400.91642458354477,9.33198239887713,9.33198239887713
MYS_12_01,1,45.91519354768828,46.33072462239805,-0.4155310747097687,0.4155310747097687
MYS_12_01,2,48.22354959915666,62.53316881785612,-14.30961921869946,14.30961921869946
MYS_12_01,3,172.54167541382358,151.10582485693217,21.43585055689141,21.43585055689141
MYS_12_01,4,201.52001277886183,207.70597813815635,-6.185965359294528,6.185965359294528
MYS_12_01,5,236.01357522104303,249.19048740326522,-13.176912182222196,13.176912182222196
MYS_12_01,6,206.55165870329915,195.31263911861876,11.239019584680392,11.239019584680392
MYS_12_01,7,201.8793543778214,208.2521100297086,-6.372755651887218,6.372755651887218
MYS_12_01,8,275.82678717818914,255.95944021868465,19.867346959504488,19.867346959504488
MYS_12_01,9,289.71351949280387,289.9669242884149,-0.2534047956110044,0.2534047956110044
MYS_12_01,10,336.809660133661,343.7665085017624,-6.956848368101419,6.956848368101419
MYS_12_01,11,251.11243529226263,257.6654038168315,-6.552968524568854,6.552968524568854
MYS_12_01,12,150.64197104304446,147.63654279381993,3.0054282492245363,3.0054282492245363
MYS_12_02,1,59.33713278005153,58.84938472905692,0.48774805099461105,0.48774805099461105
MYS_12_02,2,53.60562880716206,66.1861717757995,-12.580542968637431,12.580542968637431
MYS_12_02,3,176.67318215782262,157.41729727545862,19.255884882364,19.255884882364
MYS_12_02,4,189.7935845269097,198.91233371631978,-9.118749189410067,9.118749189410067
MYS_12_02,5,230.12761629834588,235.79435043467134,-5.666734136325459,5.666734136325459
MYS_12_02,6,192.30921062893336,182.41006621211267,9.89914441682069,9.89914441682069
MYS_12_02,7,193.56610364560728,197.22488071472029,-3.6587770691130004,3.6587770691130004
MYS_12_02,8,252.28022147284616,240.87863396463715,11.401587508209019,11.401587508209019
MYS_12_02,9,266.8820511052638,272.16564520164445,-5.283594096380625,5.283594096380625
MYS_12_02,10,328.0587147842219,329.5617607059746,-1.5030459217527437,1.5030459217527437
MYS_12_02,11,287.5710428496938,291.3308905117844,-3.7598476620905785,3.7598476620905785
MYS_12_02,12,208.95818110336492,208.3774463329988,0.5807347703661208,0.5807347703661208
MYS_12_33,1,294.866525641255,288.1441501746201,6.722375466634901,6.722375466634901
MYS_12_33,2,172.4241870193189,175.01813254187653,-2.5939455225576182,2.5939455225576182
MYS_12_33,3,154.4397168495646,156.67064092850615,-2.230924078941541,2.230924078941541
MYS_12_33,4,123.30928518945689,131.13341981397232,-7.8241346245154375,7.8241346245154375
MYS_12_33,5,204.94181238810225,188.4584370557801,16.48337533232214,16.48337533232214
MYS_12_33,6,188.3530283668489,176.06058003606236,12.292448330786527,12.292448330786527
MYS_12_33,7,162.44879207391847,166.9888249207241,-4.540032846805644,4.540032846805644
MYS_12_33,8,169.13038357555635,198.25559742358834,-29.12521384803199,29.12521384803199
MYS_12_33,9,200.55699403258572,201.84292183660546,-1.2859278040197353,1.2859278040197353
MYS_12_33,10,245.44676820601535,239.3262924665717,6.120475739443663,6.120475739443663
MYS_12_33,11,244.4657086777961,230.81876594181043,13.646942735985675,13.646942735985675
MYS_12_33,12,296.11579800309806,306.55753213236954,-10.441734129271481,10.441734129271481
MYS_12_34,1,332.69268595377605,328.672032218894,4.020653734882046,4.020653734882046
MYS_12_34,2,201.2565238277272,202.86903345655634,-1.6125096288291445,1.6125096288291445
MYS_12_34,3,165.68527136220078,166.43523366099782,-0.749962298797044,0.749962298797044
MYS_12_34,4,119.29904522852522,124.04601628052886,-4.746971052003644,4.746971052003644
MYS_12_34,5,198.5952481914278,188.87355875655908,9.721689434868722,9.721689434868722
MYS_12_34,6,188.0742461089494,182.5759312272265,5.498314881722905,5.498314881722905
MYS_12_34,7,167.78212047730284,168.53714773258653,-0.755027255283693,0.755027255283693
MYS_12_34,8,180.5089210955549,200.5047156865192,-19.995794590964294,19.995794590964294
MYS_12_34,9,206.31308622248903,201.57222199799648,4.7408642244925545,4.7408642244925545
MYS_12_34,10,239.6215026598187,238.80445523318585,0.817047426632854,0.817047426632854
MYS_12_34,11,245.64781494239577,237.87828519907342,7.769529743322352,7.769529743322352
MYS_12_34,12,333.44869553779967,339.2937345860652,-5.845039048265562,5.845039048265562
MYS_12_35,1,404.0180365211944,405.27448451128856,-1.2564479900941592,1.2564479900941592
MYS_12_35,2,256.9692453805538,257.37638807861,-0.40714269805619097,0.40714269805619097
MYS_12_35,3,190.6795223044534,187.43615394960494,3.2433683548484566,3.2433683548484566
MYS_12_35,4,114.51442358813054,113.48652677983678,1.027896808293761,1.027896808293761
MYS_12_35,5,189.1826212684653,192.707282878487,-3.5246616100216954,3.5246616100216954
MYS_12_35,6,191.39720662326212,197.27770544462547,-5.8804988213633465,5.8804988213633465
MYS_12_35,7,179.1196127954032,173.71064815434133,5.4089646410618855,5.4089646410618855
MYS_12_35,8,205.94497756740645,207.76375785868987,-1.8187802912834172,1.8187802912834172
MYS_12_35,9,218.107563664363,204.63913684414536,13.468426820217644,13.468426820217644
MYS_12_35,10,234.3735937982543,241.9385378715688,-7.564944073314507,7.564944073314507
MYS_12_35,11,249.04172990695704,252.84368322554874,-3.8019533185917,3.8019533185917
MYS_12_35,12,403.38660494812535,400.3836470434198,3.0029579047055677,3.0029579047055677
MYS_12_36,1,467.1693855109039,472.2817092922846,-5.112323781380667,5.112323781380667
MYS_12_36,2,308.3809329447923,307.55325761454634,0.8276753302459383,0.8276753302459383
MYS_12_36,3,215.0954510176624,209.5900881608497,5.505362856812724,5.505362856812724
MYS_12_36,4,116.18188212094483,110.8659152287551,5.315966892189735,5.315966892189735
MYS_12_36,5,187.7360500053123,202.16125992286155,-14.425209917549239,14.425209917549239
MYS_12_36,6,200.4704503447921,214.6412397221382,-14.170789377346097,14.170789377346097
MYS_12_36,7,192.9107723377369,182.44125838407976,10.469513953657128,10.469513953657128
MYS_12_36,8,233.5714968363444,219.49363244775566,14.07786438858875,14.07786438858875
MYS_12_36,9,232.79419913115325,213.37651057077218,19.417688560381066,19.417688560381066
MYS_12_36,10,235.8745298032408,250.88798200489686,-15.013452201656065,15.013452201656065
MYS_12_36,11,252.1118898038511,263.5928989456528,-11.481009141801678,11.481009141801678
MYS_12_36,12,454.3968671586779,445.3613704890978,9.035496669580084,9.035496669580084
MYS_13_34,1,318.30524306209696,317.1154397961017,1.1898032659952378,1.1898032659952378
MYS_13_34,2,181.00487551301168,185.35796268396965,-4.353087170957963,4.353087170957963
MYS_13_34,3,154.1213189152595,149.9734939737012,4.147824941558298,4.147824941558298
MYS_13_34,4,94.18010750242418,97.83927217323634,-3.65916467081216,3.65916467081216
MYS_13_34,5,168.79270815511387,160.1203397138373,8.672368441276575,8.672368441276575
MYS_13_34,6,160.52180795944895,158.68900312700754,1.8328048324414112,1.8328048324414112
MYS_13_34,7,146.835470358781,147.81378705369823,-0.9783166949172255,0.9783166949172255
MYS_13_34,8,153.3590145902058,174.19672361874254,-20.83770902853675,20.83770902853675
MYS_13_34,9,182.26033549070988,173.33821532875956,8.922120161950318,8.922120161950318
MYS_13_34,10,215.83364498108392,211.06133028012638,4.772314700957537,4.772314700957537
MYS_13_34,11,245.3773553102348,250.03749735120806,-4.6601420409732555,4.6601420409732555
MYS_13_34,12,373.6916365135373,371.343569937117,2.3480665764202513,2.3480665764202513
MYS_13_35,1,332.84149261680807,332.6084730333622,0.23301958344586637,0.23301958344586637
MYS_13_35,2,189.99872072408863,193.70436870592192,-3.7056479818332946,3.7056479818332946
MYS_13_35,3,153.7584398886821,150.85159698144474,2.9068429072373476,2.9068429072373476
MYS_13_35,4,88.0197718656099,91.06011683547591,-3.0403449698660125,3.0403449698660125
MYS_13_35,5,161.93435849828404,155.86692368859863,6.067434809685409,6.067434809685409
MYS_13_35,6,155.7116152582942,157.8135788043316,-2.1019635460374104,2.1019635460374104
MYS_13_35,7,147.81505300848332,145.44020059761056,2.374852410872762,2.374852410872762
MYS_13_35,8,153.83232406066344,171.21955297158632,-17.387228910922886,17.387228910922886
MYS_13_35,9,183.76119331382773,168.97968474730794,14.78150856651979,14.78150856651979
MYS_13_35,10,206.9790487432623,206.50323079640876,0.47581794685353884,0.47581794685353884
MYS_13_35,11,245.5039562305531,253.08120346652234,-7.577247235969253,7.577247235969253
MYS_13_35,12,392.2660971197638,387.57561874606876,4.6904783736950435,4.6904783736950435
