grid_id,longitude,latitude,date,year,month,precipitation_mm,PET_mm,actual_evapotranspiration_mm,surface_runoff_mm,subsurface_runoff_mm,total_runoff_mm,soil_moisture_0_10cm_mm,soil_moisture_10_40cm_mm,soil_moisture_40_100cm_mm,soil_moisture_100_200cm_mm,soil_moisture_total_mm
MY_0p5_0.7500_110.2500,110.25,0.75,2001-01-01,2001,1,343.685151554988,86.38564758300782,114.16911926269533,87.55980042677662,148.83284900371848,236.39265629695015,42.86589936476488,129.436030461238,263.43133122370796,461.10871722881615,896.8419818584736
MY_0p5_0.7500_110.7500,110.75,0.75,2001-01-01,2001,1,340.40480128696987,87.30836715698241,119.19778267996652,67.49515816824776,128.63799362182618,196.13314514160155,42.85585670471191,129.4924778529576,264.0595733642578,464.47982657296313,900.8877694266182
MY_0p5_0.7500_111.7500,111.75,0.75,2001-01-01,2001,1,338.2442786807106,84.99445984855531,116.99772958906871,48.72708584013439,115.19752320789155,163.92461286272322,42.83819150167798,129.42869131905692,263.9154009137835,464.2846466548859,900.4669305710565
MY_0p5_1.2500_103.2500,103.25,1.25,2001-01-01,2001,1,481.3264743841968,97.67464313692261,106.73076820373537,140.94099079478872,159.11351429332387,300.05452034690165,39.53467551144687,117.3559696891091,239.29098372025925,420.7720045609908,816.9536354758524
MY_0p5_1.2500_103.7500,103.75,1.25,2001-01-01,2001,1,501.8214769085634,98.1754967402486,99.4662902980175,162.19762087331236,171.16174879351863,333.3593779628717,40.79981724266867,122.10142939299055,249.02730878811442,438.2457050212378,850.1742547785194
MY_0p5_1.2500_104.2500,104.25,1.25,2001-01-01,2001,1,479.5101017543248,98.9128921508789,91.34709167480469,188.1624755859375,184.11672973632812,372.2792053222656,42.46484375,128.3391876220703,261.842041015625,461.26947021484375,893.91552734375
MY_0p5_1.2500_109.7500,109.75,1.25,2001-01-01,2001,1,368.8528843155826,87.9549594557429,117.15556179184512,150.11822601686043,201.27990171133757,351.3981420677829,43.21685905916145,130.52520512960044,265.91620792251035,467.48870665768544,907.1469763330666
MY_0p5_1.2500_110.2500,110.25,1.25,2001-01-01,2001,1,359.3619627492309,86.70971588370425,115.09119798225785,122.61857525446241,174.62888557110057,297.2474607371916,43.00663733758522,129.85709578466233,264.2980493965296,462.9824178688315,900.144198266696
MY_0p5_1.2500_110.7500,110.75,1.25,2001-01-01,2001,1,354.8222319103422,87.34024861653644,120.11306222582618,82.85262603759766,143.9420928228469,226.79471382262213,42.94635690356057,129.75509662930926,264.5595684717572,465.44384077768467,902.7048851376487
MY_0p5_1.2500_111.2500,111.25,1.25,2001-01-01,2001,1,341.20233095796726,86.3495467554647,120.0243314066634,55.576363133927124,117.40519580292627,172.98155646278457,42.852024041806544,129.4831071067542,264.0861900256465,464.84070214219753,901.2620432308307
MY_0p5_1.2500_111.7500,111.75,1.25,2001-01-01,2001,1,348.47047448536705,84.41742488316127,116.19248526436942,51.46819795880998,123.90534319196429,175.373540726919,42.88261135040767,129.55546400282117,264.1275189112103,464.5345609150236,901.1001577225943
MY_0p5_1.2500_112.2500,112.25,1.25,2001-01-01,2001,1,381.5165330915886,82.67240046002537,114.35454090718689,69.00815251151923,147.01041028947392,216.0185641371054,42.99602524036078,129.8835361693716,264.7107904889256,465.3742026701796,902.9645469394432
MY_0p5_1.2500_112.7500,112.75,1.25,2001-01-01,2001,1,432.1852302551269,81.39128065109253,112.10902976989746,105.44712320963542,185.97037982940674,291.41750272115075,43.1370666027069,130.2233378092448,264.93159039815265,463.9691384633382,902.2611236572266
MY_0p5_1.2500_113.2500,113.25,1.25,2001-01-01,2001,1,451.26273511803663,80.71246948242188,112.27437160326087,107.15849609375,190.23650167713993,297.39499936311137,43.167404705545174,130.28065052861754,264.91017986795174,463.5032903256623,901.8615229067594
MY_0p5_1.2500_113.7500,113.75,1.25,2001-01-01,2001,1,437.83111433549357,80.0607822302616,113.05695273659445,96.69045847112483,188.84764445911753,285.53811252478397,43.1677395213734,130.25276230320787,264.76034106630266,462.9650918209191,901.1459355209813
MY_0p5_1.2500_114.2500,114.25,1.25,2001-01-01,2001,1,404.3207483882398,79.05449939829059,117.60778660056866,82.58749119581375,181.82055339982023,264.40803595348797,43.14975097116116,130.19497221550057,264.65147143338635,462.85176451016315,900.847968447525
MY_0p5_1.2500_114.7500,114.75,1.25,2001-01-01,2001,1,360.3465536794355,78.05145116006173,118.62873914164881,64.19581062563005,179.8763211158014,244.07212681924142,43.11198659096995,130.06861729775707,264.3028052545363,461.6720590899068,899.1554900138609
MY_0p5_1.7500_102.7500,102.75,1.75,2001-01-01,2001,1,422.6179629162531,96.06622478843394,115.85799050331116,64.72819292545319,119.73797845840454,184.46616649627683,41.465803027153015,124.51109099388121,254.15880060195923,447.94235801696783,868.0780410766602
MY_0p5_1.7500_103.2500,103.25,1.75,2001-01-01,2001,1,483.9647236827718,94.86306279598517,116.27349025726319,133.2581749343872,151.2628468322754,284.52102798461914,41.443775730133055,124.36301803588866,253.70766738891604,446.46212265014645,865.9765853881837
MY_0p5_1.7500_103.7500,103.75,1.75,2001-01-01,2001,1,503.80295852467975,96.02568471884426,109.10180432283425,176.7110672962816,161.57430359079868,338.2853786613368,41.50023904631409,124.68370949467527,254.3741460872602,447.52339046816286,868.0814817404445
MY_0p5_1.7500_104.2500,104.25,1.75,2001-01-01,2001,1,487.1767202377319,97.62401428222655,105.863089746283,206.40348070721294,168.79274329843446,375.19622400564737,42.57332747111949,128.70846498474594,262.6798578306686,462.50069409747454,896.4623398891714
MY_0p5_1.7500_109.7500,109.75,1.75,2001-01-01,2001,1,373.66758852226786,87.92880830099416,117.31220245361328,153.7000732421875,205.0830841064453,358.7831726074219,43.237857818603516,130.58737182617188,266.0429992675781,467.76519775390625,907.6334228515625
MY_0p5_1.7500_110.2500,110.25,1.75,2001-01-01,2001,1,382.5301568534937,87.36714565392697,116.76877210484471,181.76885031633842,215.39727815842247,397.16611599029716,43.24344345337567,130.57856285380808,265.85246595086903,466.6019523743002,906.2764102711398
MY_0p5_1.7500_110.7500,110.75,1.75,2001-01-01,2001,1,383.4472434303977,87.29475021362303,121.61957359313963,114.4558338165283,172.94187545776364,287.39771041870114,43.12958068847656,130.2946014404297,265.62425994873047,467.6425033569335,906.6909271240233
MY_0p5_1.7500_111.2500,111.25,1.75,2001-01-01,2001,1,388.74537818545383,85.74059005010696,120.34655822044195,74.66751095084257,143.26138774073402,217.92890277241554,43.004564755461935,129.94083919081578,265.012955918423,466.79472358171324,904.7530934888263
MY_0p5_1.7500_111.7500,111.75,1.75,2001-01-01,2001,1,401.07144116751743,83.32072366642046,116.15895742102511,88.15364048149011,167.60480648958227,255.7584449671491,43.079895176464994,130.1268732095066,265.16467603852476,466.15333286719977,904.5247837501233
MY_0p5_1.7500_112.2500,112.25,1.75,2001-01-01,2001,1,432.79062500000003,82.03455699133495,115.39886728922525,106.30659046475849,188.53426523359994,294.8408611963666,43.15549553765191,130.3050820486886,265.2683493962364,465.3734827435205,904.1024059477305
MY_0p5_1.7500_112.7500,112.75,1.75,2001-01-01,2001,1,458.12512013268844,81.85247635614304,116.68715895395432,118.4631876385401,204.08271242171998,322.545902797154,43.22068372453962,130.46993834480406,265.45267469618057,465.20502086821057,904.348316204737
MY_0p5_1.7500_113.2500,113.25,1.75,2001-01-01,2001,1,476.82600388299846,81.67012004549541,118.59769902304998,132.3091321430509,213.8628820994543,346.1720192561073,43.266769312298486,130.58026181175595,265.55384724934896,465.015727984716,904.4165969122023
MY_0p5_1.7500_113.7500,113.75,1.75,2001-01-01,2001,1,457.6066835433718,81.16776156955295,119.45277169848245,128.1498306274414,216.3665417867993,344.51638193281866,43.27739665924557,130.5739034985739,265.37188846648684,464.0624014718192,903.2855910528275
MY_0p5_1.7500_114.2500,114.25,1.75,2001-01-01,2001,1,408.3594871884301,80.4265628390842,122.47055506630551,104.63721754286023,201.52283247690352,306.16003892686626,43.2160030909947,130.40083656916542,265.08221842447915,463.69488612583706,902.3939596509176
MY_0p5_1.7500_114.7500,114.75,1.75,2001-01-01,2001,1,361.36988822660305,80.31534457824391,122.2470979443486,93.04250122228436,195.77792287243463,288.82041670250766,43.13223489949122,130.16837678425054,264.65000385818087,462.70805003111855,900.6586537731744
MY_0p5_2.2500_101.7500,101.75,2.25,2001-01-01,2001,1,300.0591899216777,93.2088729396011,122.56839351461392,31.60463109642568,56.662761726764714,88.26739024152661,41.99580780183427,126.80167643229166,259.31626383463544,458.04149311720727,886.1552654227826
MY_0p5_2.2500_102.2500,102.25,2.25,2001-01-01,2001,1,345.5146427428322,92.27439237895764,117.3103111303594,36.97519286853845,71.31653852325879,108.29173308012017,41.822754161779955,126.09679398240083,257.4952268463573,453.2710128857188,878.6857869271457
MY_0p5_2.2500_102.7500,102.75,2.25,2001-01-01,2001,1,403.39620343944694,92.20116856731944,117.77749831767022,76.27223390265355,100.61464959156665,176.88688220253474,42.027622778204424,126.68476826631571,258.76071770583525,456.3213923007627,883.7945067973077
MY_0p5_2.2500_103.2500,103.25,2.25,2001-01-01,2001,1,476.8815970284598,90.31631702241444,119.81168711828808,133.00950809054905,124.75396641322544,257.7634759812128,42.33678569490947,127.80822405133928,260.9055179656498,459.03880460224457,890.0893293108259
MY_0p5_2.2500_103.7500,103.75,2.25,2001-01-01,2001,1,507.1663940429687,92.47617179741292,122.90728695109736,195.62978427692994,128.76849142818125,324.398274670617,42.10300749439303,127.05334307137181,259.43353240449545,456.0422997426178,884.6321822861494
MY_0p5_2.2500_104.2500,104.25,2.25,2001-01-01,2001,1,497.3430332090797,94.21162575822537,127.64470912208243,242.85252178601982,127.96210536483892,370.81461983672847,42.548908359748275,128.76807069384364,263.15713929735927,463.1497444594202,897.6238705973981
MY_0p5_2.2500_104.7500,104.75,2.25,2001-01-01,2001,1,484.633544921875,93.37812042236328,,,,,,,,,
MY_0p5_2.2500_109.7500,109.75,2.25,2001-01-01,2001,1,385.78138093025456,87.42663549607799,,,,,,,,,
MY_0p5_2.2500_111.2500,111.25,2.25,2001-01-01,2001,1,446.3739740848541,85.01533794403076,119.40382329155416,190.15028123294604,217.09238344080305,407.24267623003783,43.263338145087744,130.65736905266257,266.1488647460937,467.7748009176815,907.844378303079
MY_0p5_2.2500_111.7500,111.75,2.25,2001-01-01,2001,1,479.58728443932904,83.9696057758634,120.07569192553323,193.3462181454613,225.09004938034784,418.4362777467758,43.29686487591456,130.74303065708705,266.2560796828497,467.7665534125434,908.0625356522819
MY_0p5_2.2500_112.2500,112.25,2.25,2001-01-01,2001,1,508.83775954473583,83.20561845567491,121.5517307342045,184.85713806152344,239.58509424603173,424.4422398158482,43.362768675789,130.90085027785528,266.39813048347594,467.4670809306796,908.1288473462301
MY_0p5_2.2500_112.7500,112.75,2.25,2001-01-01,2001,1,528.273628452846,82.86304723346043,123.33683336046005,156.76986490885415,238.66570773654513,395.4355762300037,43.36877279130239,130.90335620698477,266.3386162651909,467.1662546309214,907.7770075722345
MY_0p5_2.2500_113.2500,113.25,2.25,2001-01-01,2001,1,537.166637796069,83.21066243005178,127.02580929710751,162.94302217998202,248.31750149197052,411.2605235266308,43.41598320612832,131.02190033443392,266.471622624473,467.09946492513023,908.0089603484624
MY_0p5_2.2500_113.7500,113.75,2.25,2001-01-01,2001,1,499.5699334446389,82.85574162157276,127.47523795502097,160.29555270038077,254.58811376064642,414.8836607148376,43.431384967852246,131.02590078040015,266.2351502044292,465.623436746718,906.3158692951445
MY_0p5_2.2500_114.2500,114.25,2.25,2001-01-01,2001,1,424.8883670867435,82.46954360235306,126.87157469249907,139.0974365718781,233.72467869349887,372.82210770864333,43.32009894961403,130.72589232429624,265.753654358879,464.9301511734251,904.7297963944692
MY_0p5_2.2500_114.7500,114.75,2.25,2001-01-01,2001,1,359.19075563492316,81.54881281698904,122.81229545839375,105.48470638644314,199.83554736721905,305.320256780809,43.11227245946085,130.15143024075417,264.7783066288118,463.385242585213,901.4272275863158
MY_0p5_2.2500_115.2500,115.25,2.25,2001-01-01,2001,1,307.5097351074219,81.03068542480469,115.80462646484375,61.837120056152344,147.8154754638672,209.652587890625,42.654747009277344,128.89218139648438,262.60565185546875,459.7701416015625,893.9227294921875
MY_0p5_2.7500_101.2500,101.25,2.75,2001-01-01,2001,1,288.6291198730469,91.59185791015625,123.20912170410156,67.27455139160156,124.75537109375,192.02992248535156,42.71388626098633,129.18280029296875,263.9338073730469,466.0380859375,901.8685913085938
MY_0p5_2.7500_101.7500,101.75,2.75,2001-01-01,2001,1,305.7375294786818,89.54916467840019,111.74845328591086,56.58590843894264,97.98137498335404,154.5672823264382,42.31873463023792,127.96395283092151,261.2648577325994,459.97423506303267,891.5217831143465
MY_0p5_2.7500_102.2500,102.25,2.75,2001-01-01,2001,1,343.5835514919014,87.33456282403058,120.49843327710583,52.34246382743689,67.98057794267204,120.32304022722184,42.2881343744363,127.87776514527145,260.94760258182595,457.8161869899483,888.9296966358354
MY_0p5_2.7500_102.7500,102.75,2.75,2001-01-01,2001,1,400.3301947871341,87.78731611710559,119.56582769562925,98.60053378720826,78.51605229438105,177.11658492269393,42.44613812844964,128.44529825524438,262.6047074523153,463.0852701694151,896.5814183874975
MY_0p5_2.7500_103.2500,103.25,2.75,2001-01-01,2001,1,475.8923538110818,88.87746193758242,117.35230145788496,145.717329134607,106.87847467896286,252.59580376497502,41.52703326522924,125.06830273767945,255.5394830885966,449.5567063252637,871.6915271540356
MY_0p5_2.7500_103.7500,103.75,2.75,2001-01-01,2001,1,510.6383493174677,91.95056908648945,118.20182445192117,184.7929261378978,113.10831008418914,297.90122317828343,40.69637595673311,122.0422318629955,249.37079905145183,438.5588831747732,850.6682950208813
MY_0p5_2.7500_104.2500,104.25,2.75,2001-01-01,2001,1,497.87833943086514,92.9216131322524,127.95620727539062,253.1044921875,108.25901794433594,361.3634948730469,42.347896575927734,128.23886108398438,262.3280029296875,461.8744201660156,894.7891845703125
MY_0p5_2.7500_111.2500,111.25,2.75,2001-01-01,2001,1,512.9001919450432,85.23915200069034,123.69617462158202,274.9596871768727,245.35335944680605,520.3130618824678,43.3460817898021,130.87485055362478,266.4341322954963,467.7056005141314,908.3606495576746
MY_0p5_2.7500_111.7500,111.75,2.75,2001-01-01,2001,1,550.7494509337378,85.0342393781318,123.15948289016197,270.79094419808223,256.36020186851766,527.1511467243063,43.39974814447863,131.0135173139901,266.6205950769885,467.8030444178088,908.8369132732522
MY_0p5_2.7500_112.2500,112.25,2.75,2001-01-01,2001,1,580.1877970635136,85.1625464717044,122.44585723876953,243.32690953572592,272.4873602294922,515.8142641194661,43.46761781056722,131.18369338989257,266.8238848876953,467.75637817382807,909.2316021728516
MY_0p5_2.7500_112.7500,112.75,2.75,2001-01-01,2001,1,593.9311357329163,85.50584583041034,122.36126523078241,191.6636660612082,278.964510953879,470.6281814575195,43.50400622886947,131.2683915246891,266.8974211487589,467.60817341864856,909.2780047066603
MY_0p5_2.7500_113.2500,113.25,2.75,2001-01-01,2001,1,597.6726857018848,86.06536484975663,125.9745386032831,181.6650690956721,280.19570830814416,461.8607678610181,43.527413758777435,131.3256394643632,266.96051035078744,467.60715060763886,909.4207190135169
MY_0p5_2.7500_113.7500,113.75,2.75,2001-01-01,2001,1,546.4469221564616,86.37632673713051,127.8807976109207,173.29268019366418,277.2413136670544,450.53399220849303,43.52840410220395,131.3054012128502,266.79444788064166,466.8249682772691,908.4532214122213
MY_0p5_2.7500_114.2500,114.25,2.75,2001-01-01,2001,1,451.8524202757244,85.17785313763197,126.77324183983139,150.6897998761527,253.59268618233597,404.28248663793636,43.41401021691817,130.98343494270424,266.1907949326914,465.60449933402145,906.1927246866346
MY_0p5_2.7500_114.7500,114.75,2.75,2001-01-01,2001,1,367.70139706362585,85.58734395701414,124.03499054149458,117.40278197853429,212.21045184287297,329.6132433460017,43.1728433985619,130.32413161939874,265.106395356974,464.0549392214246,902.6583051742263
MY_0p5_2.7500_115.2500,115.25,2.75,2001-01-01,2001,1,303.5393316595404,83.54540864411774,115.1282566517323,54.26830930967588,143.35374601896817,197.62205312917897,42.47028471113325,128.3375527321755,261.3733391289238,456.4168481225366,888.5979982668215
MY_0p5_3.2500_101.2500,101.25,3.25,2001-01-01,2001,1,297.4351704915365,91.53298139757683,132.8598990236275,66.52475729619484,133.86392752205816,200.38867430928153,42.8719911092914,129.62191766523665,264.686333801032,467.0277578153499,904.2080144622447
MY_0p5_3.2500_101.7500,101.75,3.25,2001-01-01,2001,1,328.974134106906,84.26547566796565,115.2024903510027,70.9974146678949,129.09951536822473,200.09692441126347,42.45337338052738,128.28736862862948,261.4019880355544,457.8004851128645,889.9432178667397
MY_0p5_3.2500_102.2500,102.25,3.25,2001-01-01,2001,1,354.68121551029265,84.53639901781838,121.15016833108568,78.05201914953807,80.89483296227834,158.94684637160526,42.31138084048316,128.00829404800655,261.45345962766623,459.36086706736734,891.1340043325273
MY_0p5_3.2500_102.7500,102.75,3.25,2001-01-01,2001,1,402.5760029659995,85.3525944480413,121.75120377842386,109.50413631487497,98.42954210691813,207.93367748019062,42.38160785240463,128.24907380116136,262.10764612125445,461.2515732004672,893.9898861269407
MY_0p5_3.2500_103.2500,103.25,3.25,2001-01-01,2001,1,475.7615163598076,87.6369370451191,116.13831535612721,171.6925459374046,117.7689395370235,289.46148900333367,40.685474644266435,121.99774985049369,249.22937797024508,438.0510505402904,849.9636423315987
MY_0p5_3.2500_112.2500,112.25,3.25,2001-01-01,2001,1,603.9705891927083,86.27858632405601,122.92434471978082,258.5549611409505,285.00647718641494,543.5614271375869,43.5098494635688,131.2949913872613,266.9830234103733,467.8409688313802,909.6288587782118
MY_0p5_3.2500_112.7500,112.75,3.25,2001-01-01,2001,1,631.3982209236391,88.1879084802443,124.4602813095343,210.59257644903462,300.6412876316759,511.23387346111355,43.58233045359127,131.4770414008469,267.2036673123719,467.8056292924725,910.0686780585617
MY_0p5_3.2500_113.2500,113.25,3.25,2001-01-01,2001,1,655.6961993454094,90.837726851155,128.88387989275384,226.58403367707223,310.8332460576837,537.4172782897949,43.63613371415571,131.61825942993164,267.393998001561,467.87595263394434,910.524355801669
MY_0p5_3.2500_113.7500,113.75,3.25,2001-01-01,2001,1,597.9684455992683,91.71865951295882,127.88814016675192,211.6134068080357,314.0244475833953,525.6378484816778,43.658195955791165,131.66911340138267,267.42662615094866,467.72461664109,910.4785863482762
MY_0p5_3.2500_114.2500,114.25,3.25,2001-01-01,2001,1,487.31244878100733,90.79498507262794,126.78304373382763,167.91331214661807,294.7629247774744,462.6762267677646,43.54979960933612,131.35021185419362,266.75707920341733,466.06928258033304,907.7263617059986
MY_0p5_3.2500_114.7500,114.75,3.25,2001-01-01,2001,1,384.5508209034137,92.19658099617929,127.41688027351528,132.606965277605,235.2007443859319,367.80771092700354,43.26751993264363,130.59041167824137,265.5768554104362,464.790582158763,904.2253793121143
MY_0p5_3.2500_115.2500,115.25,3.25,2001-01-01,2001,1,297.17596107193185,88.58500608613218,114.43995029111451,59.06918581226204,143.42409056651442,202.49327637877644,42.43611569947834,128.2084995704361,260.9362579538852,454.7461323798457,886.3269956564602
MY_0p5_3.2500_115.7500,115.75,3.25,2001-01-01,2001,1,247.81042377600505,84.42505431443118,111.95780739087739,46.50260770990607,130.24159515037965,176.7442028602857,42.41244125366211,128.1634101439058,261.0615292667003,456.0005705758427,887.6379387673368
MY_0p5_3.7500_100.7500,100.75,3.75,2001-01-01,2001,1,266.52996826171875,96.54009246826172,135.7179412841797,37.80486297607422,127.93624877929688,165.74110412597656,42.907470703125,129.72079467773438,264.9000549316406,467.4988708496094,905.0271606445312
MY_0p5_3.7500_101.2500,101.25,3.75,2001-01-01,2001,1,297.75025590973587,90.07069424132314,136.96676532041678,59.0870002079936,140.33991199481065,199.42690886957362,42.856000634844634,129.51582499383724,264.13971450953807,464.4029678295346,900.9145130540177
MY_0p5_3.7500_101.7500,101.75,3.75,2001-01-01,2001,1,344.9112496095545,79.85344049733156,124.42519179423145,78.2045640884691,127.1516785834246,205.3562356256376,42.5418952407351,128.52816580511205,261.7178164925545,457.3914074745908,890.1792987410431
MY_0p5_3.7500_102.2500,102.25,3.75,2001-01-01,2001,1,390.60817396375865,79.64295300680493,121.27779788062685,86.27493487161303,103.46941748725042,189.74435119628905,42.31598930964394,127.95355791364398,261.00875253828747,457.185548812624,888.4638615683903
MY_0p5_3.7500_102.7500,102.75,3.75,2001-01-01,2001,1,442.1342269655258,82.84403640504867,121.14425981309677,112.24046030195933,115.62689586821055,227.86735617016984,42.361216566297735,128.14093313065786,261.6168869745164,459.0760796440972,891.1951259068079
MY_0p5_3.7500_103.2500,103.25,3.75,2001-01-01,2001,1,491.6834106445313,85.151595765376,118.62442369648055,167.086661604339,130.67691019095625,297.7635719448912,41.922550605325135,126.52215426575904,258.3239136938955,453.21413394703586,879.9827519435509
MY_0p5_3.7500_113.2500,113.25,3.75,2001-01-01,2001,1,683.5177822113037,95.76473736763002,129.49517772236808,240.93752726570506,303.03280889792524,543.9703469198258,43.602465332531544,131.53413791343814,267.2871388920018,467.86519585281127,910.2889424308402
MY_0p5_3.7500_113.7500,113.75,3.75,2001-01-01,2001,1,614.9503044359612,98.35197405133928,124.4688702678989,207.46868817474464,304.5470195881372,512.0157088492681,43.60084812695155,131.53344212998078,267.2902409328226,467.83785576187677,910.2624004080072
MY_0p5_3.7500_114.2500,114.25,3.75,2001-01-01,2001,1,503.1639115802728,98.46675637865822,124.40465448773098,184.00379343184213,289.68743605840774,473.6912369985429,43.534949396527004,131.3542284768725,267.0130935911148,467.5207142663381,909.4229870024183
MY_0p5_3.7500_114.7500,114.75,3.75,2001-01-01,2001,1,402.9745402018229,98.76064407106428,127.47006138392857,169.7792754158141,242.02177627805673,411.8010519845145,43.32861479501875,130.7998621380518,266.1545896499876,466.62778097485744,906.9108508882068
MY_0p5_3.7500_115.2500,115.25,3.75,2001-01-01,2001,1,302.11156596834695,92.30141080826047,114.29015781463139,68.07442886110336,165.64139622279572,233.71581469339037,42.57204593476794,128.58416597881015,261.629682171534,456.1590112110925,888.9449274941096
MY_0p5_3.7500_115.7500,115.75,3.75,2001-01-01,2001,1,246.2438914347038,85.8484467430938,112.26323881080681,54.34445744795765,143.61097168407852,197.95543171175947,42.40592635449745,128.11429788054323,260.81036354998037,454.91369980187716,886.2442684036364
MY_0p5_4.2500_100.7500,100.75,4.25,2001-01-01,2001,1,288.78492107391355,97.14939396775614,133.50278887067523,46.16171576052296,132.1168131925622,178.27852814343512,42.8691661445462,129.60324283522004,264.6181481186225,466.63201879384576,903.722549625319
MY_0p5_4.2500_101.2500,101.25,4.25,2001-01-01,2001,1,292.76112282923026,84.95131170673736,128.6959865108417,59.24411921895993,150.2409632980444,209.485088421281,42.6849664578772,128.92549220771548,262.42438191213427,458.4619204770228,892.4967340360023
MY_0p5_4.2500_101.7500,101.75,4.25,2001-01-01,2001,1,349.1858614892076,79.67647857178515,128.4581794616894,89.12868904381895,113.43117284317748,202.55985520822935,42.57452087889846,128.69747364178252,262.49508003990496,460.6691472355169,894.4362248917358
MY_0p5_4.2500_102.2500,102.25,4.25,2001-01-01,2001,1,446.53051309311365,81.82316923293823,123.33357877396169,119.38125015600039,120.16984952981481,239.55110222082172,42.449762630767346,128.35295458418878,261.8651838698707,459.2529682975989,891.9208914174822
MY_0p5_4.2500_102.7500,102.75,4.25,2001-01-01,2001,1,512.6508607317688,80.90756223156194,117.05224432003726,158.15762195465675,144.45042140013095,302.60805715573065,42.35825377057313,128.06705319349933,261.0282303148015,455.95567564751695,887.409230809303
MY_0p5_4.2500_103.2500,103.25,4.25,2001-01-01,2001,1,538.133456867203,84.22677941937064,117.54078528108496,254.44446273963212,152.85975003657856,407.30422186768425,42.35750393751191,128.11600337543555,261.45921809498856,457.87981210103857,889.8125518905161
MY_0p5_4.2500_113.7500,113.75,4.25,2001-01-01,2001,1,553.4187694731213,104.31097637523307,121.81597706056992,166.40101436399064,260.1037640841502,426.5047794557968,43.4116135723186,131.05015491989425,266.67274215986146,467.7256020599942,908.8600970574145
MY_0p5_4.2500_114.2500,114.25,4.25,2001-01-01,2001,1,500.4069650562239,105.08075852559801,121.69533055721563,157.47967116897172,248.48605947604972,405.965721100914,43.360501027935726,130.91658756447575,266.50227503242644,467.72577033908226,908.5051354367762
MY_0p5_4.2500_114.7500,114.75,4.25,2001-01-01,2001,1,422.3965810139975,104.31941380818687,125.85610931396484,163.79247517903647,227.95767191569013,391.75013529459636,43.257925847371425,130.6241740926107,265.9685227457682,466.8099037679036,906.6605025227867
MY_0p5_4.2500_115.2500,115.25,4.25,2001-01-01,2001,1,312.58053965038727,98.47454865773518,118.13429549005296,64.18688186009726,144.68673165639242,208.87360599305893,42.46322149700589,128.26046681404117,260.99056879679364,454.96149603525805,886.6757481892904
MY_0p5_4.2500_115.7500,115.75,4.25,2001-01-01,2001,1,242.86681823730473,89.7312335256803,110.38107920501194,40.53182489427469,120.72915403721699,161.26097569869742,42.23440554344049,127.57608014122916,259.6484812591036,452.41154329978815,881.8705338817534
MY_0p5_4.2500_116.2500,116.25,4.25,2001-01-01,2001,1,206.62406828345328,94.45302823694742,110.6205379672167,47.41752461689275,124.86286033072123,172.28038122595814,42.35252494346805,127.92436362475884,260.3889009429188,454.2803577330055,884.9461643870284
MY_0p5_4.2500_116.7500,116.75,4.25,2001-01-01,2001,1,196.18454905603667,97.3031977394413,105.73460207371355,55.71212466465946,122.77920518996402,178.49132612812727,42.46664283179135,128.33644549419427,261.57054923173325,457.9718899589054,890.3455411877934
MY_0p5_4.2500_117.2500,117.25,4.25,2001-01-01,2001,1,201.44384184980817,99.32349338362704,100.16667658037846,46.897201436810796,89.17871893823674,136.07591885592032,42.37893408378669,128.21749945446453,262.03414592911713,461.3350107648732,893.965606149319
MY_0p5_4.2500_117.7500,117.75,4.25,2001-01-01,2001,1,197.73123331966562,98.199342059274,92.35015999557625,23.249212868193275,49.36400193434495,72.61321431347449,40.71439148014428,122.35863423143697,250.4530411418687,441.63372085440875,855.1598082974426
MY_0p5_4.2500_118.2500,118.25,4.25,2001-01-01,2001,1,185.23100682308802,96.03325358608313,84.57341717762554,17.132458638233746,42.2863479176904,59.41880718158309,38.099655637315884,112.69840949963611,230.62710823982388,406.5321433680832,787.9573426459245
MY_0p5_4.2500_118.7500,118.75,4.25,2001-01-01,2001,1,175.62427718551072,95.56259635642724,81.212646484375,21.951635360717773,49.44768524169922,71.39932250976562,36.68540573120117,107.36326599121094,219.58203125,387.060302734375,750.6910400390625
MY_0p5_4.7500_100.2500,100.25,4.75,2001-01-01,2001,1,272.50360785590277,107.5999264187283,,,,,,,,,
MY_0p5_4.7500_100.7500,100.75,4.75,2001-01-01,2001,1,287.5986095411048,97.10082526102552,130.38124425624446,46.568019107105286,125.00520178942176,171.57321080153548,42.62133745643181,128.83714465009487,262.8028555769261,461.41122560578634,895.6725823627254
MY_0p5_4.7500_101.2500,101.25,4.75,2001-01-01,2001,1,285.4865359548795,82.6717788211883,117.63696763780382,75.84643100556873,130.55951630123076,206.40594017392112,42.35846700516959,127.92625625852554,260.1494260757689,452.42008037264384,882.8542240203373
MY_0p5_4.7500_101.7500,101.75,4.75,2001-01-01,2001,1,354.7535789149582,80.07660386827257,123.75783655075801,131.99702855670262,130.6024321783157,262.59946061391673,42.39501524425689,128.13441871764167,261.09871390206473,456.31720116024934,887.9453896174356
MY_0p5_4.7500_102.2500,102.25,4.75,2001-01-01,2001,1,481.56241687593007,81.83280806768508,118.25085056849888,179.0046822684152,163.41363351004466,342.4183154878163,42.46000943865096,128.32020292736237,261.34103044782364,456.01503673735107,888.1362758091519
MY_0p5_4.7500_102.7500,102.75,4.75,2001-01-01,2001,1,553.4613074041474,80.94872558496559,114.05485439907972,234.0079993472737,194.56485291499234,428.57285148474807,42.38100558481397,128.13907273407952,261.1529856882277,455.67856155687065,887.3516079847977
MY_0p5_4.7500_103.2500,103.25,4.75,2001-01-01,2001,1,558.1210422606265,84.76564689180745,111.3749332216833,257.57349888425034,186.85032670700247,444.4238310528858,40.93462110005622,122.85300707377193,250.42580191411665,437.1455892302454,851.3590074377307
MY_0p5_4.7500_103.7500,103.75,4.75,2001-01-01,2001,1,561.9959299187911,88.25894165039062,102.89167686561484,242.7814893846388,128.9841181767451,371.7656222256747,37.2576377175071,109.41720699954341,223.19992323045608,390.7386629178926,760.6134128322849
MY_0p5_4.7500_113.7500,113.75,4.75,2001-01-01,2001,1,466.16455078125,107.88312530517578,,,,,,,,,
MY_0p5_4.7500_114.2500,114.25,4.75,2001-01-01,2001,1,466.16455078125,109.56107793535504,123.94526672363281,147.8795623779297,208.49765014648438,356.377197265625,43.18577194213867,130.4694061279297,265.9189147949219,467.567626953125,907.1417236328125
MY_0p5_4.7500_114.7500,114.75,4.75,2001-01-01,2001,1,413.3814316616263,113.3232860770277,130.65504914970808,167.85333580099126,206.52881942256806,374.3821530906103,43.14979926488733,130.34299575641595,265.5777640393986,466.55540417086695,905.6259483419439
MY_0p5_4.7500_115.2500,115.25,4.75,2001-01-01,2001,1,310.323713461558,110.19004070758817,128.08674792448676,78.42337011297542,138.0225087801615,216.44587894280747,42.43119152386983,128.1964223384857,260.9662364323933,455.2066003481546,886.8004522323606
MY_0p5_4.7500_115.7500,115.75,4.75,2001-01-01,2001,1,249.0547512962704,100.13838852170913,114.5748346722315,26.991130550323966,91.90113096691314,118.89226173521982,42.04285384889632,127.02043909950862,258.5515641469804,450.15786578466015,877.7727566189235
MY_0p5_4.7500_116.2500,116.25,4.75,2001-01-01,2001,1,212.71042310926646,97.35028684101405,110.76970481267048,28.25696912493024,87.59104263063459,115.84801211886933,42.10737760029141,127.23305007692363,259.15906778971345,452.23351624503954,880.7330163380456
MY_0p5_4.7500_116.7500,116.75,4.75,2001-01-01,2001,1,208.47142376477206,96.37861232516133,102.66045261334769,28.759168860278557,92.48251516607743,121.24168367023711,42.140494165541256,127.35904616343824,259.5415557668179,453.39673585529573,882.4378119360043
MY_0p5_4.7500_117.2500,117.25,4.75,2001-01-01,2001,1,243.11970689561636,94.91031954326327,97.13109944661458,29.507149348183283,96.97269924103267,126.47984623984684,42.23410593668619,127.67163122267951,260.33860105484246,455.5905206589471,885.8348576621404
MY_0p5_4.7500_117.7500,117.75,4.75,2001-01-01,2001,1,242.95480824724027,93.9871340884438,95.25180823893484,32.88631581656541,89.57331809514686,122.45963473259647,42.289468813546094,127.89380969276908,261.0675516249258,458.1124244400217,889.3632785459106
MY_0p5_4.7500_118.2500,118.25,4.75,2001-01-01,2001,1,220.73427554950047,94.07151188682671,95.71121116139781,35.81879409713362,85.50724317081013,121.326041255165,42.37157539866079,128.17701958891138,261.8566420665339,460.6217797054119,893.0270588170345
MY_0p5_4.7500_118.7500,118.75,4.75,2001-01-01,2001,1,205.05415363553206,92.75115310089498,95.80544425867781,35.731298422511614,70.48709256135966,106.21839354309854,42.38098743293859,128.26305186597608,262.3307842785799,462.70661713805384,895.6814652455002
MY_0p5_5.2500_100.2500,100.25,5.25,2001-01-01,2001,1,241.8826079616657,111.14109718455056,73.47916412353516,8.193894386291504,1.0785712003707886,9.272465705871582,27.69080352783203,74.67626190185547,150.82066345214844,258.4089660644531,511.5967102050781
MY_0p5_5.2500_100.7500,100.75,5.25,2001-01-01,2001,1,256.0866048476276,101.15228945092312,128.84932638584883,52.287727323071714,90.04383222399088,142.33156113240912,41.390123915398256,124.50784801614695,253.25021239532822,440.68858144475126,859.8367783118939
MY_0p5_5.2500_101.2500,101.25,5.25,2001-01-01,2001,1,278.0894651382688,87.61336473737445,120.30802784268819,100.17501881917318,131.72122921413845,231.8962452721974,42.156191786508714,127.35218215215772,259.07389603872144,450.1518956744481,878.7341473291789
MY_0p5_5.2500_101.7500,101.75,5.25,2001-01-01,2001,1,360.2280115990123,81.5750714927722,125.27760995269584,167.8759353054557,151.15104247658118,319.02698074632394,42.370313522922004,128.0958214049127,261.1390821128894,456.4298710914175,888.035097741777
MY_0p5_5.2500_102.2500,102.25,5.25,2001-01-01,2001,1,485.019817862541,86.8859059279132,120.86962944079356,243.99526593639592,168.93293898272665,412.92820273235344,42.11065524398901,127.2397649485594,259.6710946635835,454.49679176670736,883.5183060761469
MY_0p5_5.2500_102.7500,102.75,5.25,2001-01-01,2001,1,551.8827898354795,85.16839514568352,114.68254172115,298.2774885791843,198.4957424357786,496.7732255321437,41.27831591589975,124.22445898540948,253.4117490089546,442.602423819849,861.516923083289
MY_0p5_5.2500_103.2500,103.25,5.25,2001-01-01,2001,1,549.5403550889757,88.2439234900096,118.79878953215363,352.3818105722403,209.62407842859048,562.0059039623707,42.23662775213069,127.73220726112267,260.671591919738,455.66209748503456,886.3025021243407
MY_0p5_5.2500_115.2500,115.25,5.25,2001-01-01,2001,1,283.07470555459304,114.6352305258474,127.84534942126666,52.438262626773025,93.6395995343318,146.07786259885694,42.181870382340236,127.50604423147735,259.8670619276703,454.27476076219904,883.8297559394211
MY_0p5_5.2500_115.7500,115.75,5.25,2001-01-01,2001,1,257.49136689355146,110.34252137775663,119.90491930428198,31.255838588132693,77.43266174833653,108.68850151967195,41.978905215505826,126.88414823887712,258.5004583843683,450.9742248535155,878.3377577959482
MY_0p5_5.2500_116.2500,116.25,5.25,2001-01-01,2001,1,227.3539654212662,102.2497548211979,111.19538225101519,28.46682535847531,79.78794824624363,108.25477609755117,42.1227072945124,127.33464129967025,259.6135641170453,454.052963256836,883.1238750988923
MY_0p5_5.2500_116.7500,116.75,5.25,2001-01-01,2001,1,247.2322751298735,97.96666261214243,106.43899891044519,42.66358249398726,105.00550859185714,147.66909360282028,42.30937322785582,127.83812126932266,260.400730664217,454.87514157838456,885.4233518190022
MY_0p5_5.2500_117.2500,117.25,5.25,2001-01-01,2001,1,328.6054005456349,95.38366321382068,103.21999254983567,73.51538038707915,129.92435111394005,203.43973311166917,42.56279650491382,128.5949455382332,261.96289023747516,458.3287356422061,891.4493689158605
MY_0p5_5.2500_117.7500,117.75,5.25,2001-01-01,2001,1,334.0554134308346,91.85773196750216,100.0095459953187,81.0195809258355,139.12894122411333,220.14851917085193,42.72698865618025,129.11410333542597,263.2060129317026,461.77168472532236,896.8187699575274
MY_0p5_5.2500_118.2500,118.25,5.25,2001-01-01,2001,1,277.1467035873469,90.63203332986042,97.96235374888036,77.40327649207632,133.80667507876257,211.20995690412582,42.787695854332796,129.3444393668205,263.95570499881813,464.4725145473602,900.5603554112137
MY_0p5_5.2500_118.7500,118.75,5.25,2001-01-01,2001,1,223.3044767761231,89.78839285714285,95.33482392628987,52.06448618570964,81.60381772783069,133.66830698649088,42.50781016879611,128.63211652967667,263.0621333652072,464.3087717692058,898.5108261108398
MY_0p5_5.2500_119.2500,119.25,5.25,2001-01-01,2001,1,173.94839791075825,89.81238788423084,94.21690368652344,39.89310836791992,56.916690826416016,96.80979919433594,42.36753845214844,128.26861572265625,262.5655822753906,463.988037109375,897.1897583007812
MY_0p5_5.7500_100.2500,100.25,5.75,2001-01-01,2001,1,202.5342291754645,113.0601379119598,115.49871532195206,6.061455525389505,0.520942005815856,6.582397465312153,33.60846773200079,97.08066173868441,195.54490647622205,334.41725172690303,660.6512932733658
MY_0p5_5.7500_100.7500,100.75,5.75,2001-01-01,2001,1,229.25287228538878,104.739576043023,129.7944474283854,64.24877418518066,81.8390274633964,146.08780790646873,40.08985596974691,119.98277796427409,244.02927876790366,424.3279752604167,828.4298832194011
MY_0p5_5.7500_101.2500,101.25,5.75,2001-01-01,2001,1,269.3784641055611,94.02021675410234,129.14648149144932,124.16412590807818,146.4105159128745,270.574632419376,42.13292330644263,127.38225774689924,259.5913164033665,452.48335962971373,881.589830774022
MY_0p5_5.7500_101.7500,101.75,5.75,2001-01-01,2001,1,357.48576024373375,87.24807573954267,132.8981349309286,164.54935693740848,164.83876231511437,329.3881320953369,42.2720626672109,127.86753425598147,260.88485476175947,456.09847348531093,887.1229319254558
MY_0p5_5.7500_102.2500,102.25,5.75,2001-01-01,2001,1,456.3995731060321,92.9198547999064,131.66375192969736,207.95852070304278,132.11651619034583,340.075039025509,41.404157683504145,124.86224295876241,255.34314781728412,448.4808769868279,870.0904452648226
MY_0p5_5.7500_102.7500,102.75,5.75,2001-01-01,2001,1,534.0235543387276,90.27161907455296,103.5152587890625,266.5728759765625,104.29513549804688,370.8680114746094,35.8160400390625,104.5156021118164,213.64247131347656,374.5574951171875,728.5316162109375
MY_0p5_5.7500_103.2500,103.25,5.75,2001-01-01,2001,1,540.8956298828125,92.14322662353516,,,,,,,,,
MY_0p5_5.7500_115.2500,115.25,5.75,2001-01-01,2001,1,266.0038782755534,113.78289159138997,127.46762084960938,38.38077926635742,80.31482696533203,118.69560241699219,42.343833923339844,128.20762634277344,262.3273010253906,462.8535461425781,895.7322998046875
MY_0p5_5.7500_115.7500,115.75,5.75,2001-01-01,2001,1,260.4821420681257,109.70587322024481,120.12045041038877,38.40709221249534,89.92941531226748,128.33650803338915,42.18097686767579,127.56449875604541,260.2437694731213,455.9111793154762,885.9004132952009
MY_0p5_5.7500_116.2500,116.25,5.75,2001-01-01,2001,1,258.2916222950769,100.49181344168527,112.64086022755454,47.68946845644996,108.88830125596787,156.57777215866815,42.25990922715929,127.68715190584697,259.96161499023435,453.499030219184,883.4076952737474
MY_0p5_5.7500_116.7500,116.75,5.75,2001-01-01,2001,1,312.1826756068639,93.43031436980716,104.87303633916946,117.68977329314703,171.1843824598524,288.87415713355654,42.813315594385536,129.26158805726067,262.87505086263025,458.69694039481027,893.6468893384175
MY_0p5_5.7500_117.2500,117.25,5.75,2001-01-01,2001,1,429.7782428151801,95.3073483536296,106.48420840482984,228.17271668828246,228.22486280567637,456.39757684653495,43.21720832078615,130.50773394371058,265.6718865523955,465.69932349171927,905.0961565565236
MY_0p5_5.7500_117.7500,117.75,5.75,2001-01-01,2001,1,440.2084388369607,93.54704202318949,106.98611245379354,220.53751019983483,227.9251463717262,448.46264279768775,43.22996097283075,130.58084720893194,266.0454581855928,467.37886969035105,907.2351459272757
MY_0p5_5.7500_118.2500,118.25,5.75,2001-01-01,2001,1,340.45677034619825,90.68986724217734,105.32257351345486,154.0717416042752,197.8091714138455,351.8809155273438,43.10858206854926,130.2550316704644,265.59826714409724,467.2477301703559,906.2096004231771
MY_0p5_5.7500_118.7500,118.75,5.75,2001-01-01,2001,1,246.42126083374026,89.96139078873856,104.20709991455078,124.80917358398438,183.3757781982422,308.1849670410156,43.055137634277344,130.11111450195312,265.3927917480469,467.15216064453125,905.711181640625
MY_0p5_6.2500_99.7500,99.75,6.25,2001-01-01,2001,1,121.09369629504634,114.79571263930377,137.0500388921693,2.162138572959013,0.38553293083989343,2.5476713901342345,37.67424667713254,114.23908020729245,230.90996533770894,391.6892231785974,774.5125306595204
MY_0p5_6.2500_100.2500,100.25,6.25,2001-01-01,2001,1,169.9200745522976,112.20949748158455,139.69646070830674,9.08113671322258,5.072974233724633,14.15411085887831,37.99185084128866,113.50392963642977,229.2874801947146,392.73519037986284,773.5184565330037
MY_0p5_6.2500_100.7500,100.75,6.25,2001-01-01,2001,1,210.38825493889888,106.4490319034768,140.02078412030193,60.69413082019704,82.94440775488333,143.63854414892015,40.98756229002964,123.48121489889374,251.34164169488267,437.6566502633703,853.4670657596073
MY_0p5_6.2500_101.2500,101.25,6.25,2001-01-01,2001,1,239.1772709773137,100.51039264385518,137.99312579815205,94.5603298480694,126.23570274939905,220.796040226863,42.09921986506536,127.34650468092698,259.8673250638522,454.36391601562497,883.6769615760217
MY_0p5_6.2500_101.7500,101.75,6.25,2001-01-01,2001,1,354.27178344726553,96.85943341936384,138.18527483258927,125.41412506103512,116.27694745744977,241.69108014787943,42.081467764718184,127.4620893205915,260.7732875279018,458.1204711914062,888.437316894531
MY_0p5_6.2500_102.2500,102.25,6.25,2001-01-01,2001,1,409.4147942860921,98.03836315434152,140.00283813476562,129.3787384033203,101.74903106689453,231.12777709960938,42.1246452331543,127.65121459960938,261.4414367675781,460.4874572753906,891.7047729492188
MY_0p5_6.2500_115.7500,115.75,6.25,2001-01-01,2001,1,274.74172106656164,107.67324204878372,132.71139526367188,59.17346954345703,102.9776611328125,162.15113830566406,42.47212219238281,128.43472290039062,262.0851745605469,460.1788330078125,893.1708374023438
MY_0p5_6.2500_116.2500,116.25,6.25,2001-01-01,2001,1,311.34867484109446,102.29012562935813,123.43319876918707,103.8034367498322,140.49831911330705,244.3017589552287,42.66614273676262,128.92309046001685,262.63136970419185,459.72137814156287,893.9419794964895
MY_0p5_6.2500_116.7500,116.75,6.25,2001-01-01,2001,1,408.5326917860243,95.76158595009457,110.14129820324126,219.1828103686136,208.25123281327504,427.43404482886893,42.99422711569165,129.82170226081968,264.06472846137154,461.2160373263889,898.0966988699777
MY_0p5_6.2500_117.2500,117.25,6.25,2001-01-01,2001,1,548.4815418061755,95.63408399309431,106.86042131696428,342.71859450567337,237.0344233921596,579.7530195932538,42.584330701071124,128.279300750248,261.2612559485057,457.7669826931423,889.8918730236234
MY_0p5_6.2500_117.7500,117.75,6.25,2001-01-01,2001,1,572.8432459831239,95.22163554032643,108.58857445967824,368.9663350066247,243.1799078154982,612.1462327388296,42.481941267760874,127.91226321214823,260.6593867073283,457.30997810586854,888.3635871396427
MY_0p5_6.2500_118.2500,118.25,6.25,2001-01-01,2001,1,533.1712504795619,94.09063066755023,111.72335869925362,352.6256757463728,260.6252692086356,613.2509198869977,43.196713720049175,130.50950241088867,265.9184101649693,466.53632136753623,906.1609736851283
MY_0p5_6.7500_100.2500,100.25,6.75,2001-01-01,2001,1,155.04122896755442,110.6157480688656,146.50545950496897,13.023270189762115,9.96070465007249,22.983974809155743,39.92789223614861,120.70044007020839,244.5643521477194,419.51576300228345,824.7084570492015
MY_0p5_6.7500_100.7500,100.75,6.75,2001-01-01,2001,1,192.60059215404368,105.60383464671948,148.1894259982639,49.63725655167192,61.74533172889992,111.38259280169451,41.45106817174842,125.33222678855616,255.28999498155383,444.51483493381085,866.588114420573
MY_0p5_6.7500_116.2500,116.25,6.75,2001-01-01,2001,1,403.0497745206987,101.15400269974108,119.05606358225754,189.54766882919685,190.47443222418067,380.0220917492378,42.948942044886145,129.81106269650346,264.6453693669017,464.5577318145008,901.963121367664
MY_0p5_6.7500_116.7500,116.75,6.75,2001-01-01,2001,1,468.03072752006324,99.27732196450232,111.25648028106086,235.66970053209144,198.07952476772869,433.74922849632543,41.55387374817619,124.75373737802619,254.26757945185128,445.7568301476038,866.3320174989965
MY_0p5_6.7500_117.2500,117.25,6.75,2001-01-01,2001,1,579.603035429604,97.16546422192175,105.46847389018642,308.98965994235687,210.33836445766212,519.328039658808,40.46317370591966,120.73598804305085,246.09018835557248,431.1911560328661,838.4804968369745
MY_0p5_6.7500_117.7500,117.75,6.75,2001-01-01,2001,1,668.1977132161459,96.05671564737955,109.18303966522217,382.10043144226074,233.80158472061157,615.9020290374755,41.04234373569489,122.68133115768434,250.0540590286255,438.33487606048584,852.1126232147217
MY_0p5_7.2500_116.7500,116.75,7.25,2001-01-01,2001,1,481.27273247185656,99.32961642552937,113.45000816013503,199.20521903659989,176.77763472847317,375.98285628609034,40.66039173292077,121.6688280188519,248.31018530804175,436.1497863769531,846.7891935929008
MY_0p5_7.2500_117.2500,117.25,7.25,2001-01-01,2001,1,521.6027546100788,98.41614834897152,114.21404418945312,220.2986387553968,181.62091979980468,401.9195620888158,40.07096087807103,119.50650522332441,243.84313932719985,428.05249858655424,831.473101485403
MY_0p5_0.7500_110.2500,110.25,0.75,2001-02-01,2001,2,385.9088608961839,77.6752170269306,107.62151019756611,201.8136128352239,290.007756629357,491.821370286208,43.48324690598708,131.17920039250302,266.47514460637024,465.1033851036659,906.240962101863
MY_0p5_0.7500_110.7500,110.75,0.75,2001-02-01,2001,2,411.68346165248323,79.32743737357004,111.5297411237444,129.76019134521482,215.9996579851423,345.75984715053016,43.267126028878344,130.62917240687779,265.90198364257816,466.282370867048,906.080650111607
MY_0p5_0.7500_111.7500,111.75,0.75,2001-02-01,2001,2,409.7081027560764,80.05705043247768,113.8408419896686,86.08621421692864,194.11682250007752,280.2030266655816,43.178040580144,130.3982127356151,265.5875839960007,466.1680467393663,905.3318801153274
MY_0p5_1.2500_103.2500,103.25,1.25,2001-02-01,2001,2,147.2268207142654,110.6665084246293,110.35330911116168,45.36351030523127,66.51580914584073,111.87932326576926,38.67346468838779,115.11849247325551,235.82503890991214,415.6242599487305,805.2412664240057
MY_0p5_1.2500_103.7500,103.75,1.25,2001-02-01,2001,2,147.853408665333,110.00063583225881,101.60682300456519,49.57320518864012,80.02382504361348,129.59703056557663,39.9881372174013,119.99415180984053,245.78281987755045,433.6106354056053,839.3757383476184
MY_0p5_1.2500_104.2500,104.25,1.25,2001-02-01,2001,2,141.8561089651925,109.70610253470284,91.94300842285156,54.42253494262695,95.71620178222656,150.13873291015625,41.720157623291016,126.40959930419922,258.90032958984375,457.3057556152344,884.3358154296875
MY_0p5_1.2500_109.7500,109.75,1.25,2001-02-01,2001,2,353.8836886854057,77.71646779991059,110.1976335824254,196.0704220691359,261.4885586658157,457.55898165415573,43.31832752457584,130.7872893551746,266.13164069853633,465.8422969220632,906.0795126306004
MY_0p5_1.2500_110.2500,110.25,1.25,2001-02-01,2001,2,393.53265251248047,77.25373916920549,108.78860022938852,223.93415514382616,299.2282409078827,523.162386154116,43.50844831724425,131.26333624055488,266.67332676478793,465.5302323153581,906.9753260078579
MY_0p5_1.2500_110.7500,110.75,1.25,2001-02-01,2001,2,418.31853327675464,78.74532926044766,113.22287016369049,137.50433710491845,220.68702005053316,358.1913520934089,43.28877944946288,130.6981701563275,266.04917515345977,466.56420414031487,906.60032687717
MY_0p5_1.2500_111.2500,111.25,1.25,2001-02-01,2001,2,410.1998044339994,79.50774992921482,114.3845323800279,102.64795370376147,195.76844451221797,298.41639012345877,43.18022568919027,130.40373361605805,265.5999484808682,466.20544930845034,905.3893549617488
MY_0p5_1.2500_111.7500,111.75,1.25,2001-02-01,2001,2,418.21464272150916,79.29137747628347,113.25045267740884,97.900757925851,210.5917481921968,308.4924960666233,43.24177690536257,130.5616237095424,265.7920299711682,466.1278575110057,905.7232859778026
MY_0p5_1.2500_112.2500,112.25,1.25,2001-02-01,2001,2,446.3088821953322,78.62325534723736,111.77468337625416,112.44654598332902,229.29685826955108,341.7433951905536,43.32325740756117,130.76689225405002,266.0397069321065,466.05450780258565,906.1843367058611
MY_0p5_1.2500_112.7500,112.75,1.25,2001-02-01,2001,2,474.0444431304931,77.49799521764119,107.48181358973184,146.1824658711751,253.55387687683105,399.73635800679523,43.37718931833903,130.87080065409342,265.9366900126139,464.5802656809489,904.7649307250977
MY_0p5_1.2500_113.2500,113.25,1.25,2001-02-01,2001,2,457.91789179262906,77.06265829335089,107.17563848080842,131.75026722783628,236.55017169454823,368.3004516601562,43.31522419141686,130.70503898288894,265.6724179475204,464.28994140624997,903.9826177182405
MY_0p5_1.2500_113.7500,113.75,1.25,2001-02-01,2001,2,432.7505661935517,77.08080771475126,107.5981449358391,104.82757701295795,234.91339215365323,339.7409691088127,43.318911899219856,130.71508742823744,265.69435304583925,464.3669824311227,904.0953447746508
MY_0p5_1.2500_114.2500,114.25,1.25,2001-02-01,2001,2,395.6876947183525,76.40338546617896,107.25797879379408,81.67535461155714,228.89562326616945,310.57097254390214,43.3057760728144,130.6815454263603,265.6788335479466,464.6112668197767,904.2774388136062
MY_0p5_1.2500_114.7500,114.75,1.25,2001-02-01,2001,2,362.22229299237654,75.75380411455707,104.04549358737086,73.54968384773501,222.97567502913935,296.52537881174396,43.30416968560988,130.6688168433405,265.62012900075604,464.4176832629788,904.0107795961442
MY_0p5_1.7500_102.7500,102.75,1.75,2001-02-01,2001,2,145.5773005195744,110.53186996207054,113.41731214523315,33.7532543540001,40.277662634849555,74.03091835975647,40.69268763065338,122.40380382537842,250.47945165634158,441.18884086608887,854.7647609710693
MY_0p5_1.7500_103.2500,103.25,1.75,2001-02-01,2001,2,151.1632196139185,109.13847315725673,118.46310321807861,56.68056869506836,63.65850799560548,120.33907806396486,40.70452774047851,122.39382968902588,250.4739225769043,441.2243850708008,854.7966662597657
MY_0p5_1.7500_103.7500,103.75,1.75,2001-02-01,2001,2,150.45871990541866,108.8370458144176,110.84380205371713,62.877642933326435,79.38492531112477,142.2625698137887,40.71846406671065,122.63512594488601,251.12439244910126,442.55803603160234,857.0360091969937
MY_0p5_1.7500_104.2500,104.25,1.75,2001-02-01,2001,2,145.11850576400755,109.0999035358429,106.25430688192677,67.7108996783116,91.23945570361707,158.95035618035368,41.778058458668326,126.62871646141821,259.39029238205546,457.5089544251908,885.3059980998667
MY_0p5_1.7500_109.7500,109.75,1.75,2001-02-01,2001,2,345.945790313011,77.56888074653092,110.2742919921875,197.59408569335938,262.0792236328125,459.6733093261719,43.320281982421875,130.7958526611328,266.1593933105469,465.9261779785156,906.20166015625
MY_0p5_1.7500_110.2500,110.25,1.75,2001-02-01,2001,2,394.8437570293298,76.93019805291686,110.82368909866416,250.2573656704337,302.9581285772477,553.2154665044285,43.504117465911705,131.28215965230197,266.84583971972137,466.2623697372682,907.894468909279
MY_0p5_1.7500_110.7500,110.75,1.75,2001-02-01,2001,2,424.1062524968927,77.99354969371448,116.37054023742675,141.93062248229978,220.35446777343748,362.2850784301757,43.29600601196289,130.74285354614258,266.22573547363277,467.157794189453,907.4223907470703
MY_0p5_1.7500_111.2500,111.25,1.75,2001-02-01,2001,2,409.9304112025669,78.12733369857546,116.12508736543877,105.50439563130224,209.33870771541152,314.8431061500727,43.23573759212051,130.56262164448583,265.8738428869913,466.52873989371375,906.2009319926418
MY_0p5_1.7500_111.7500,111.75,1.75,2001-02-01,2001,2,426.7594174735153,77.48734947397737,110.80234351339216,116.92828108389162,228.22711244414123,345.1553824702395,43.274483463432205,130.64350871798356,265.8736621518678,465.8911102874368,905.6827628220182
MY_0p5_1.7500_112.2500,112.25,1.75,2001-02-01,2001,2,457.6100396050347,77.48642541794548,108.93009379553416,132.79294869559152,244.90426199776786,377.6972039116754,43.355491977267796,130.84141070653519,266.05901702396454,465.5224261571491,905.7783466641865
MY_0p5_1.7500_112.7500,112.75,1.75,2001-02-01,2001,2,465.53768988715274,77.74700237455822,108.57682793026878,137.70469525049603,243.95364738343252,381.658354937841,43.34654457455589,130.80858512757317,265.9437464153956,465.0641143314422,905.1629822746156
MY_0p5_1.7500_113.2500,113.25,1.75,2001-02-01,2001,2,449.1802215091766,77.39052136133587,108.95866183326358,123.24766874767485,229.57242853073842,352.82010866195435,43.276938144744385,130.62251833961122,265.65072932167664,464.7154022701203,904.265575590588
MY_0p5_1.7500_113.7500,113.75,1.75,2001-02-01,2001,2,420.4093349880642,77.43951600089905,108.40335494752912,105.93931213863311,227.24503982786143,333.1843533954923,43.231055135575545,130.47981426905073,265.3185489715092,463.81246250697546,902.8418846493674
MY_0p5_1.7500_114.2500,114.25,1.75,2001-02-01,2001,2,381.81127203078495,77.42571558876642,108.13231581430585,82.9389643351237,213.30894935244606,296.2479096912202,43.174498324924045,130.31840205116873,265.0609907846602,463.6573829287574,902.2112899538071
MY_0p5_1.7500_114.7500,114.75,1.75,2001-02-01,2001,2,351.496857480064,78.49094122061457,106.13512464137894,72.82343193409974,201.06107705862416,273.8845287579947,43.088325599314636,130.06807594101664,264.59625592009394,462.8447116990164,900.5973735275664
MY_0p5_2.2500_101.7500,101.75,2.25,2001-02-01,2001,2,173.63319859360206,105.70924284963897,114.7881413469411,22.64750420926797,34.808113599064384,57.45561518813625,41.612076730439156,125.7136537956469,257.17482903991083,453.17598685832945,877.676536482994
MY_0p5_2.2500_102.2500,102.25,2.25,2001-02-01,2001,2,156.28703081778932,106.20995465876382,113.77949421713797,27.570576471575137,36.18433033336292,63.75490672280343,41.218767814088665,124.37460016862056,254.0763108102899,445.6472235136625,865.3169038763456
MY_0p5_2.2500_102.7500,102.75,2.25,2001-02-01,2001,2,148.962380807611,107.41976204401328,118.86227462865129,44.68760644333272,48.344347627857054,93.03195335291609,41.43358038648775,125.0602070772195,255.88184100766725,450.8265277524537,873.202134144457
MY_0p5_2.2500_103.2500,103.25,2.25,2001-02-01,2001,2,157.46747204008557,105.56960018097406,123.26541612413195,67.96564592633929,66.95596056741381,134.9216079954117,41.77552939520942,126.28259471106152,258.239789593409,454.2079461960565,880.5058630564855
MY_0p5_2.2500_103.7500,103.75,2.25,2001-02-01,2001,2,157.31496080301574,106.30638205318127,124.87185759463551,87.91218049647443,76.6918648412672,164.60404942399364,41.46574056593038,125.36578501038632,256.6192149016817,451.22118354409423,874.6719095521054
MY_0p5_2.2500_104.2500,104.25,2.25,2001-02-01,2001,2,152.12045610629445,107.04330276861423,128.88483277628245,102.43775567929607,82.5503555171746,184.98811516880005,41.84571204697791,126.92519454325526,260.1547838951931,458.1228751190438,887.0485501880489
MY_0p5_2.2500_104.7500,104.75,2.25,2001-02-01,2001,2,144.62310791015625,105.24617767333984,,,,,,,,,
MY_0p5_2.2500_109.7500,109.75,2.25,2001-02-01,2001,2,303.40788515152474,77.10378905265563,,,,,,,,,
MY_0p5_2.2500_111.2500,111.25,2.25,2001-02-01,2001,2,371.5304445028305,77.18705749511719,110.77972771139703,103.21966530294978,199.9732556062586,303.19291327981387,43.11163015926586,130.24866485595703,265.43777331183935,466.04472575468174,904.8427904914407
MY_0p5_2.2500_111.7500,111.75,2.25,2001-02-01,2001,2,396.1553489079551,77.35141751728361,110.62285831996373,112.54505736335877,208.74611012292283,321.291158718533,43.16104031517391,130.3766096811446,265.6117521740141,466.13230164543035,905.2816944909473
MY_0p5_2.2500_112.2500,112.25,2.25,2001-02-01,2001,2,433.71483619326636,77.96278095548115,109.52534349229599,131.0531739250062,226.8031253390842,357.8562927246094,43.26695913890051,130.64586976066468,265.9374711294023,466.0847824823289,905.9350733196925
MY_0p5_2.2500_112.7500,112.75,2.25,2001-02-01,2001,2,442.57651774088544,78.04817291744172,109.62349456302704,122.71780783032615,223.12999708387582,345.84781290690097,43.258797793918184,130.61905309283546,265.8549132331969,465.8144862583705,905.5472530304439
MY_0p5_2.2500_113.2500,113.25,2.25,2001-02-01,2001,2,420.8429827008929,77.90390162392269,111.98813432965962,106.53492436484687,214.39068395221045,320.92561645507817,43.20111081562345,130.45915745326454,265.5889560275608,465.43695562453496,904.6861566452756
MY_0p5_2.2500_113.7500,113.75,2.25,2001-02-01,2001,2,392.13893571684633,78.01410119744797,111.00254759003845,97.86888117729863,210.84137880349462,308.7102665961543,43.10203776782072,130.14505825767037,264.8409462457971,463.36139630667776,901.4494316004502
MY_0p5_2.2500_114.2500,114.25,2.25,2001-02-01,2001,2,358.0047148204985,79.27678622291201,109.45504637218657,86.35619485037667,193.64366629464283,279.99986242869545,43.00930903601268,129.86088140578497,264.26812647259425,462.34430328853546,899.4826222253225
MY_0p5_2.2500_114.7500,114.75,2.25,2001-02-01,2001,2,335.1324369369015,80.6702865108367,107.08017649496756,73.92836458759923,178.3010599690099,252.2294313492314,42.96722426875946,129.73046924221902,264.00816325526085,461.95992382418723,898.6657803443171
MY_0p5_2.2500_115.2500,115.25,2.25,2001-02-01,2001,2,318.3314208984375,82.81543731689453,108.17960357666016,74.5897445678711,98.75659942626953,173.34634399414062,42.666954040527344,128.81431579589844,262.00244140625,457.405029296875,890.8887329101562
MY_0p5_2.7500_101.2500,101.25,2.75,2001-02-01,2001,2,172.2909393310547,103.31121826171875,113.8122329711914,31.959636688232422,62.12763214111328,94.08727264404297,42.448787689208984,128.46852111816406,262.8827819824219,465.2428894042969,899.04296875
MY_0p5_2.7500_101.7500,101.75,2.75,2001-02-01,2001,2,173.24633444928108,102.67243441495027,106.04181923606178,36.28435006575151,62.37138272372158,98.65572950883343,41.906239069158374,126.72818545254793,258.6205816095526,453.795713112571,881.0507231001419
MY_0p5_2.7500_102.2500,102.25,2.75,2001-02-01,2001,2,162.47043356925818,102.58900320454009,119.98353656841691,29.7329609318144,42.035609810215654,71.7685714284326,41.75944065895809,126.30482981007569,257.5870955157431,449.94633357540056,875.597692793342
MY_0p5_2.7500_102.7500,102.75,2.75,2001-02-01,2001,2,162.07710729671427,104.05437959598589,125.64558719683296,58.14349618742737,57.293346718896785,115.4368418440034,42.147847042808046,127.63863430747504,261.1659305427648,460.2283456536788,891.1807552289358
MY_0p5_2.7500_103.2500,103.25,2.75,2001-02-01,2001,2,174.26619093585165,104.17361625136841,122.60143501135954,83.81924244097084,71.39879736930702,155.21803915424712,41.181676439418915,124.14585723391005,253.89676389269007,446.3203402962654,865.5446441067252
MY_0p5_2.7500_103.7500,103.75,2.75,2001-02-01,2001,2,173.1538181470788,105.97679499750552,120.64242219705186,98.25324266846827,73.59261244672784,171.84585395496563,40.248770261140464,120.86266168691046,247.34798083327334,434.79838161204816,843.257778466572
MY_0p5_2.7500_104.2500,104.25,2.75,2001-02-01,2001,2,157.1567216760972,105.80920387716854,130.44766235351562,118.7850112915039,80.31269073486328,199.0977020263672,41.82606887817383,126.8947982788086,260.1971130371094,458.462890625,887.380859375
MY_0p5_2.7500_111.2500,111.25,2.75,2001-02-01,2001,2,365.3355832856277,77.25363648513267,116.03919332167682,132.6065622217515,229.53183746337888,362.1383873434628,43.22398354025448,130.56693581973803,265.9314458510455,466.32834131577437,906.0507291906022
MY_0p5_2.7500_111.7500,111.75,2.75,2001-02-01,2001,2,396.4557781532162,77.90216511585672,113.85945889045452,138.68613933694772,229.18086821457433,367.86700163216426,43.23792748615659,130.60568033415694,266.0063059576626,466.5131654410526,906.3630726255219
MY_0p5_2.7500_112.2500,112.25,2.75,2001-02-01,2001,2,424.3499714332291,79.09900829460048,110.84269121805825,140.99569498697915,226.88223256429038,367.8779275512695,43.242215614318845,130.61587153116864,266.01559906005855,466.5346656290689,906.4083396402993
MY_0p5_2.7500_112.7500,112.75,2.75,2001-02-01,2001,2,422.850427941431,79.75023356570473,108.70021071615098,111.29326489605482,202.9915555157239,314.2848186251483,43.14326795747009,130.34512560880637,265.5845193017887,466.0978555800039,905.170769220666
MY_0p5_2.7500_113.2500,113.25,2.75,2001-02-01,2001,2,391.6137961735801,79.89412066747272,111.17044137621681,104.41605614556207,196.19969981360057,300.61576528397813,43.10615557716006,130.23556198846725,265.38801938011534,465.79116026863215,904.5208941747271
MY_0p5_2.7500_113.7500,113.75,2.75,2001-02-01,2001,2,363.6898908675856,80.95547465913616,111.6479103428543,89.40473505493942,197.8840923916762,287.2888342013025,43.0282115693305,129.9734004804283,264.69416323133333,463.676844311368,901.3726159356961
MY_0p5_2.7500_114.2500,114.25,2.75,2001-02-01,2001,2,338.64375112026556,82.72648714765718,109.52021968213818,82.80679125725469,193.0712432861328,275.8780350504042,42.98316726201698,129.789117837254,264.11666590050805,461.903011080585,898.7919483426251
MY_0p5_2.7500_114.7500,114.75,2.75,2001-02-01,2001,2,319.9995555513224,86.51567323040811,109.19173032918553,88.15883138377197,168.02384708185863,256.1826714193745,42.9741668822659,129.7589015110283,264.0981299527891,462.3289782287209,899.1601844350245
MY_0p5_2.7500_115.2500,115.25,2.75,2001-02-01,2001,2,307.01834986231347,86.39422909848325,108.12327232017174,56.40185278815192,91.82600650271853,148.22785468574043,42.57411444724143,128.43561547081748,260.7268885706996,453.06972991668425,884.8063348993524
MY_0p5_3.2500_101.2500,101.25,3.25,2001-02-01,2001,2,163.5828840467665,105.00773406863676,124.2054218336766,28.23698593020903,42.98817050503386,71.2251576226973,42.383450786427304,128.29570108257843,262.5598202716516,464.3266121830922,897.5655755069005
MY_0p5_3.2500_101.7500,101.75,3.25,2001-02-01,2001,2,168.40125876372713,99.45959015864477,112.2208090618158,35.868050684594806,65.21457062253528,101.08262036560447,41.851341490532945,126.44880965409007,257.3220756190598,448.07133736580045,873.6935813563646
MY_0p5_3.2500_102.2500,102.25,3.25,2001-02-01,2001,2,170.6801508827815,102.13518470885262,125.92976781451515,49.00571854606507,49.32972735450381,98.33544585212827,42.05888561672634,127.26487395271423,259.8891700381324,455.9477293953062,885.1606739831349
MY_0p5_3.2500_102.7500,102.75,3.25,2001-02-01,2001,2,180.88627692113948,103.90149932571603,129.67660522460935,69.33608518672894,61.40063844753217,130.736721690697,42.10270769384842,127.51508975934377,260.88154804857476,459.2983443827568,889.7977039964893
MY_0p5_3.2500_103.2500,103.25,3.25,2001-02-01,2001,2,198.88628911816727,104.69116111531709,123.43677095792191,91.18186366674567,72.29462862791378,163.47649336327171,40.4024618316551,121.26426935351243,248.0218220067723,436.11919937382305,845.8077489995801
MY_0p5_3.2500_112.2500,112.25,3.25,2001-02-01,2001,2,425.1123528374566,79.87612728542753,111.57986907958984,144.619280327691,223.19722425672742,367.8165045844184,43.211938646104606,130.5461693657769,265.9485555013021,466.58985053168414,906.2965060763889
MY_0p5_3.2500_112.7500,112.75,3.25,2001-02-01,2001,2,406.9457729708764,81.77346223400485,111.53268176219501,101.40732649506114,185.5315058973969,286.93882851522477,43.031328795386145,130.05502644523247,265.202657730853,465.9406280517578,904.2296382716444
MY_0p5_3.2500_113.2500,113.25,3.25,2001-02-01,2001,2,357.87495422363287,83.73289326259068,115.77094537561588,86.56833440607242,168.29373434818152,254.86207673043916,42.88854112047137,129.66521794868237,264.57687401049066,465.0931369897091,902.2237854003906
MY_0p5_3.2500_113.7500,113.75,3.25,2001-02-01,2001,2,335.20643329923115,85.65899144732762,114.87622324625652,80.88054325164309,176.48925568111358,257.36980222671747,42.91595862252371,129.70024142795137,264.46436428493917,464.3178505549355,901.3984305245535
MY_0p5_3.2500_114.2500,114.25,3.25,2001-02-01,2001,2,322.98258078022366,88.63822523955326,112.5578381726696,80.49716716207516,182.57186340526408,263.0690305673392,42.941503464036686,129.68119739119413,264.0014341317924,462.0416070245633,898.66574718694
MY_0p5_3.2500_114.7500,114.75,3.25,2001-02-01,2001,2,308.36017166429264,93.87669042113482,114.36374304704607,85.8765134143222,155.18818666980525,241.06470295122475,42.945116796311304,129.68736748179055,264.0538349516073,462.70482086376023,899.3911373843055
MY_0p5_3.2500_115.2500,115.25,3.25,2001-02-01,2001,2,290.70485214040247,91.86572813685935,107.93209266662596,47.61029873618597,98.40057003648975,146.01086643074132,42.597354780269576,128.4898830848404,260.7693843600116,452.835126949262,884.6917488967316
MY_0p5_3.2500_115.7500,115.75,3.25,2001-02-01,2001,2,281.6176198895058,89.02838417653287,105.96232364954574,51.48612813199504,105.6409432057584,157.12706576572376,42.75746351949285,129.04081554627152,262.22416498419943,457.10298688224196,891.1254670218135
MY_0p5_3.7500_100.7500,100.75,3.75,2001-02-01,2001,2,121.44292449951172,110.04694366455078,128.94296264648438,21.865467071533203,27.019672393798828,48.88513946533203,42.296321868896484,128.0922393798828,262.3986511230469,464.6365966796875,897.423828125
MY_0p5_3.7500_101.2500,101.25,3.75,2001-02-01,2001,2,134.83848048325612,106.35875178463637,133.56472689434162,24.084232095761593,35.64052669438729,59.72476018516763,42.11865257831067,127.39657340929345,260.1186008885455,456.9523973187197,886.5862555148917
MY_0p5_3.7500_101.7500,101.75,3.75,2001-02-01,2001,2,150.94105120266187,98.28663125007776,124.87220037666854,30.808407449418578,52.562016809062605,83.37042122130183,41.82161693208537,126.34933510555584,256.9927748175943,446.52068703037924,871.6844284154809
MY_0p5_3.7500_102.2500,102.25,3.75,2001-02-01,2001,2,170.341065906343,99.848880828373,128.25504562135725,46.33092297750806,56.095698305160276,102.42661861843533,42.00458634391663,127.05472654312376,259.17227405366447,453.35622568281866,881.5878138950892
MY_0p5_3.7500_102.7500,102.75,3.75,2001-02-01,2001,2,187.93802780877974,103.8585960024879,132.0927567739335,61.15354563395182,67.26981700110056,128.42336212642607,42.063031829349576,127.34660135904946,260.2818355499752,457.15714992947045,886.8486390128967
MY_0p5_3.7500_103.2500,103.25,3.75,2001-02-01,2001,2,200.58468165910577,104.02930599379823,129.50300484451594,75.76411931654987,74.2105203366747,149.97464031144685,41.45484870461857,125.23864799948299,256.01542884976254,449.19646582509955,871.905386651731
MY_0p5_3.7500_113.2500,113.25,3.75,2001-02-01,2001,2,339.8749442100525,88.03153812885286,120.21159712994684,62.31364228295498,147.12538972448132,209.43903163222015,42.76207370445376,129.33551050405032,264.1385718173668,464.91069405977845,901.1468485847848
MY_0p5_3.7500_113.7500,113.75,3.75,2001-02-01,2001,2,313.4450337316854,91.07687683105469,118.82486929785472,51.52766623388988,142.99251726761608,194.52018693349893,42.80390310441792,129.42325885859123,264.2290577317519,465.09376037005086,901.5499860152458
MY_0p5_3.7500_114.2500,114.25,3.75,2001-02-01,2001,2,295.35752824495074,94.8038098774259,116.45514054071334,57.47317041064065,140.15360950288317,197.62677839975507,42.87992080204071,129.5915320502387,264.36709991939483,465.0620659722222,901.9006506541418
MY_0p5_3.7500_114.7500,114.75,3.75,2001-02-01,2001,2,278.6089077419705,99.41808546762617,116.24970175122458,64.84794791085379,131.1267576671782,195.9747066437252,42.88845477634006,129.59246947273374,264.26236010354665,464.66021864149303,901.4035111684648
MY_0p5_3.7500_115.2500,115.25,3.75,2001-02-01,2001,2,259.38814241923984,95.78209209139385,104.63687002999441,40.148223513648624,95.31673482259114,135.46495816669767,42.53361133393787,128.34328051370287,260.61123773484,452.77773292178205,884.2658571273561
MY_0p5_3.7500_115.7500,115.75,3.75,2001-02-01,2001,2,257.53960896224424,89.95971180209153,104.76499510840546,42.919822034218335,100.4624522915847,143.38227185585515,42.6482470944631,128.681613949563,261.24834502515176,453.9997962567446,886.578009516215
MY_0p5_4.2500_100.7500,100.75,4.25,2001-02-01,2001,2,104.8231122493744,113.84928993165023,134.42247993313538,15.909677700120575,28.318360885308717,44.228038585429296,42.06724671344369,127.41024014219947,260.99800066266744,461.49352566466047,891.9690322564574
MY_0p5_4.2500_101.2500,101.25,4.25,2001-02-01,2001,2,101.53685455913691,104.49403403215348,131.97190842355133,17.57072953509677,36.30034010577354,53.87106975628313,41.434173535389505,125.13858974967034,254.39090762776175,441.3370579033141,862.3007371258583
MY_0p5_4.2500_101.7500,101.75,4.25,2001-02-01,2001,2,122.20062426275406,101.3870631208816,134.487851956401,28.672723288734122,35.132505557026725,63.80523163670549,41.84693623503176,126.50640406014442,257.8564336124701,450.53984425700133,876.7496312540561
MY_0p5_4.2500_102.2500,102.25,4.25,2001-02-01,2001,2,162.74226584145055,104.90581958514817,134.79178063633344,42.20272083709035,51.348087067040396,93.55080769694271,42.095104120029056,127.35106008121382,260.01013778345276,456.1892682645268,885.6455616326377
MY_0p5_4.2500_102.7500,102.75,4.25,2001-02-01,2001,2,185.14411416023404,103.79190826416016,130.24032077667817,57.72836741064764,75.30197170281866,133.03033714537412,41.79948999927303,126.45288506283123,257.83213116105196,449.76368149678433,875.8481954586736
MY_0p5_4.2500_103.2500,103.25,4.25,2001-02-01,2001,2,185.17742564084503,104.42318324178768,128.80054077786437,97.12985450133215,83.33311818617976,180.46296590878157,41.7099043683308,126.2739991776204,257.8874680788259,450.92660362961396,876.7979863927756
MY_0p5_4.2500_113.7500,113.75,4.25,2001-02-01,2001,2,269.9269391014463,97.57963573571409,118.56337313382132,32.54248896184958,102.79593816793191,135.33842943299493,42.60820388793946,128.91327897557673,263.5360035446455,464.8642978308336,899.9217903569061
MY_0p5_4.2500_114.2500,114.25,4.25,2001-02-01,2001,2,250.66007963683316,100.26095575163266,115.59101340393305,31.644169715380578,93.63976909387067,125.28393896390114,42.61663559136704,128.94527025848743,263.65216311892954,465.39566582050105,900.6097084546183
MY_0p5_4.2500_114.7500,114.75,4.25,2001-02-01,2001,2,236.41238352457682,103.34105692545575,115.28288416544598,55.59073438008628,117.95198837280277,173.54272735595706,42.79413164774578,129.38905080159506,264.13993733723964,465.14838867187507,901.4715189615888
MY_0p5_4.2500_115.2500,115.25,4.25,2001-02-01,2001,2,216.78770785861548,102.29947434531317,105.01132769054837,35.565555161899994,88.44099617004395,124.00655187500848,42.37567276424832,127.92807708846198,259.8587455749512,451.0569616953532,881.2194803025988
MY_0p5_4.2500_115.7500,115.75,4.25,2001-02-01,2001,2,215.6543104785984,94.78361573300121,99.42080618648205,39.07443582567118,88.65926716691358,127.73370731159793,42.445186071880805,128.09466813944155,259.9993676137116,450.8322192175914,881.3714603747353
MY_0p5_4.2500_116.2500,116.25,4.25,2001-02-01,2001,2,234.93465488712965,100.57136889201841,101.32981630650963,60.923726500534436,115.42464547040984,176.3483756926002,42.729494048327936,128.9910892858738,262.1408244807546,456.5355555836748,890.3969748892437
MY_0p5_4.2500_116.7500,116.75,4.25,2001-02-01,2001,2,267.67055163080295,102.84899465748343,99.87017226908249,74.4056194944878,131.29307071046333,205.69869809894897,42.88717949045876,129.53995077320607,263.7186940805072,461.6051289993905,897.7509758568913
MY_0p5_4.2500_117.2500,117.25,4.25,2001-02-01,2001,2,316.4455327396899,103.6985681922035,98.96388430300013,65.81770517129814,120.85618446147548,186.67389550673226,42.89208937113264,129.6182758702641,264.276904755989,464.4552120782633,901.2424894349766
MY_0p5_4.2500_117.7500,117.75,4.25,2001-02-01,2001,2,329.9981013893062,101.48472406110194,96.18645571847246,43.06903692392203,82.83224030845187,125.90127719976964,41.278930859687996,123.81282167353183,252.38336168598926,443.1909332275391,860.6660630967882
MY_0p5_4.2500_118.2500,118.25,4.25,2001-02-01,2001,2,317.8320830049571,98.41157424659062,92.9859212887515,45.41835204203418,81.29332701567633,126.71167531590555,38.610262050750144,114.0058851302809,232.30956292607985,407.63185168223777,792.5575604286925
MY_0p5_4.2500_118.7500,118.75,4.25,2001-02-01,2001,2,302.367923312717,97.31428584346064,91.53681945800781,56.92913055419922,99.15885925292969,156.08798217773438,37.155216217041016,108.59759521484375,221.30905151367188,388.5604248046875,755.6222534179688
MY_0p5_4.7500_100.2500,100.25,4.75,2001-02-01,2001,2,79.22627173529732,125.06991407606337,,,,,,,,,
MY_0p5_4.7500_100.7500,100.75,4.75,2001-02-01,2001,2,82.7067820579494,117.08763128127495,135.93692798149294,8.977298728818814,21.954122799198796,30.931421528017616,41.000999683287084,124.01749662073645,252.77084580088047,439.6551281688659,857.4444852999554
MY_0p5_4.7500_101.2500,101.25,4.75,2001-02-01,2001,2,76.12588120799954,105.0555184742761,125.80800209650917,11.573839169456846,30.63617336939252,42.210011055355984,40.71456170460534,122.96070849706254,249.57459789457775,429.65748223198784,842.9073507641988
MY_0p5_4.7500_101.7500,101.75,4.75,2001-02-01,2001,2,102.12138415294089,104.46551225450305,135.48655051579553,34.0991140153673,37.8896229577443,71.98873765733508,41.5070812649197,125.48594961015007,255.56245223756824,444.62026464068697,867.1757702055431
MY_0p5_4.7500_102.2500,102.25,4.75,2001-02-01,2001,2,155.46204281761533,106.80728963216147,131.1522484915597,53.44976755777995,57.17801106770833,110.6277816045852,41.65260692778088,125.96139889671689,256.6150073823474,446.7489318847655,870.9779628208706
MY_0p5_4.7500_102.7500,102.75,4.75,2001-02-01,2001,2,180.49341981729881,105.08739911219115,127.17395405860461,79.44371547820461,71.62689753246913,151.07061237894044,41.582244945939166,125.84901882584683,256.6646712965266,447.1935377181714,871.2894767226686
MY_0p5_4.7500_103.2500,103.25,4.75,2001-02-01,2001,2,172.16260170597604,106.13615275141021,119.95719737936213,98.50809481575041,77.05990668152533,175.56800262338567,40.065159252208986,120.42115412075142,245.88827216229322,428.93103308871224,835.3056082074495
MY_0p5_4.7500_103.7500,103.75,4.75,2001-02-01,2001,2,166.73773675215872,107.6664047241211,107.20213119705001,86.35622960870916,62.17104716115184,148.52728073318283,36.42612794157746,107.10713284975523,218.99218373484425,383.0934717748072,745.618898862368
MY_0p5_4.7500_113.7500,113.75,4.75,2001-02-01,2001,2,189.6105499267578,102.96624755859375,,,,,,,,,
MY_0p5_4.7500_114.2500,114.25,4.75,2001-02-01,2001,2,189.6105499267578,104.6879005432129,117.39328002929688,30.78606414794922,88.18218231201172,118.96824645996094,42.554100036621094,128.8285369873047,263.6243591308594,465.7359619140625,900.7429809570312
MY_0p5_4.7500_114.7500,114.75,4.75,2001-02-01,2001,2,185.25782825100808,110.47698720296223,119.19627446000294,43.173961639404304,100.41937801402104,143.5933370282573,42.669843243014434,129.085693359375,263.7808916645665,465.05893075594344,900.5953296948505
MY_0p5_4.7500_115.2500,115.25,4.75,2001-02-01,2001,2,175.9105108579,111.7973658243815,111.08315833409625,35.42883790532747,72.2309798200925,107.65981954336166,42.1497459411621,127.32071113586422,258.8769530455271,449.7203725179036,878.0677738189695
MY_0p5_4.7500_115.7500,115.75,4.75,2001-02-01,2001,2,184.72443251836867,103.8008333720858,102.78048374236576,21.853265380859373,54.61170548938569,76.464969574459,41.97968494475834,126.68265562511625,257.01322515578494,444.3775651235428,870.053117249504
MY_0p5_4.7500_116.2500,116.25,4.75,2001-02-01,2001,2,210.64946284218436,101.81581827799477,103.36498856317426,36.30505827646407,68.08132475595623,104.3863854544503,42.289512912810785,127.67296871609156,259.40774865528886,450.7000989157055,880.0703407893103
MY_0p5_4.7500_116.7500,116.75,4.75,2001-02-01,2001,2,260.228436240667,101.04195457168773,101.38900877554204,60.85684427430357,98.84112563314316,159.69797689703447,42.63703586481794,128.74448438233966,261.8066806068903,456.49756313275685,889.6857628158376
MY_0p5_4.7500_117.2500,117.25,4.75,2001-02-01,2001,2,338.9438462999132,99.35564054458861,99.33034922281901,74.98775794619606,119.70095059833831,194.68870801168777,42.78408807421487,129.2076927548363,262.90322866288443,459.35080711728045,894.2458250015501
MY_0p5_4.7500_117.7500,117.75,4.75,2001-02-01,2001,2,365.19485946848425,97.77366256713866,100.71589520611339,72.9965972658954,120.02864101265048,193.02523586418053,42.79557452624356,129.27373601213284,263.262612934354,461.069364233862,896.4013005510159
MY_0p5_4.7500_118.2500,118.25,4.75,2001-02-01,2001,2,353.55475819650013,96.89709549333583,104.69731665376445,88.91254509393896,134.26869105813495,223.18123967923114,42.88968443750737,129.58511682251591,264.074277638191,463.4195602647025,899.9686411181887
MY_0p5_4.7500_118.7500,118.75,4.75,2001-02-01,2001,2,332.1967197852799,95.25937498068507,108.35392828832698,93.63328446014019,123.87987643857545,217.51316505142407,42.82760272448576,129.48720811288567,264.26022918314874,464.98184435880637,901.5568870834157
MY_0p5_5.2500_100.2500,100.25,5.25,2001-02-01,2001,2,64.54976980396778,127.67648862276464,71.88729858398438,1.2624391317367554,0.7572886943817139,2.019727945327759,26.767269134521484,72.46236419677734,148.063232421875,256.26763916015625,503.5605163574219
MY_0p5_5.2500_100.7500,100.75,5.25,2001-02-01,2001,2,64.96194669935439,121.30473303493068,136.5550687943382,6.483379746305531,17.19129439332019,23.674674146476836,39.368464985113036,118.56800763360386,241.10322167407512,415.5311889648438,814.5708790044674
MY_0p5_5.2500_101.2500,101.25,5.25,2001-02-01,2001,2,64.04556274414062,111.75662071591329,131.51412615094867,13.133082980201358,23.534462314181855,36.667544925023634,40.31407241821289,121.79916406056236,247.15050620427203,424.3452188158792,833.6089750744046
MY_0p5_5.2500_101.7500,101.75,5.25,2001-02-01,2001,2,94.48511833142324,107.21731895398183,136.7801625926024,40.990774081770795,35.641833402548635,76.63261041823466,41.17347334600558,124.5765837165201,253.90500854686573,441.25881054143247,860.9138786170134
MY_0p5_5.2500_102.2500,102.25,5.25,2001-02-01,2001,2,149.26126463094334,112.8680376672441,133.31436011441951,74.23799526919225,52.99291439420857,127.23091086612384,41.4475166782452,125.38596533514132,256.310117490732,449.10986473909605,872.2534636479276
MY_0p5_5.2500_102.7500,102.75,5.25,2001-02-01,2001,2,174.6861721871342,109.09469849896279,124.65293817035219,104.48875879837294,72.39922975443177,176.88798336740265,40.54261359521898,122.19130096435546,249.77583861270193,436.8076961194054,849.3174610202594
MY_0p5_5.2500_103.2500,103.25,5.25,2001-02-01,2001,2,167.80745781792535,110.13609245340659,127.06541150576109,142.20411716807973,92.46958933248149,234.6737066491858,41.31569329794351,125.22622695526519,256.26109720205335,448.3855731518238,871.1885835721896
MY_0p5_5.2500_115.2500,115.25,5.25,2001-02-01,2001,2,154.43787580920804,115.53442764282228,114.29548282310613,24.89986300859295,41.01129219180249,65.91115394967503,41.85080731501345,126.46168780717694,257.2904763143571,447.25767392017804,872.8606537365522
MY_0p5_5.2500_115.7500,115.75,5.25,2001-02-01,2001,2,165.29983974699192,112.67267881465864,109.5241584907144,22.08107936018604,38.452305512509106,60.53338476924572,41.761123023598884,126.11966405318952,256.23078297760526,443.90471698308386,868.0163059040651
MY_0p5_5.2500_116.2500,116.25,5.25,2001-02-01,2001,2,201.32254854033266,105.83979155142096,105.86825450462631,41.64603090889846,60.25224707398233,101.89827815188637,42.188391938994194,127.44801482671424,259.32431542118894,451.82349540613876,880.7842297131501
MY_0p5_5.2500_116.7500,116.75,5.25,2001-02-01,2001,2,275.475252513644,102.5342269607737,106.64952309523956,85.01690213891524,117.61934352826468,202.63624640356136,42.68767912176591,128.91413452051862,262.2404767772819,457.60558599158173,891.4478696026379
MY_0p5_5.2500_117.2500,117.25,5.25,2001-02-01,2001,2,396.0771322583396,99.86528688461061,105.63938521127851,147.20844605460996,170.9895789736793,318.19802682059156,42.99753302922325,129.86878211611793,264.35011344788563,462.50577634781126,899.7221887013269
MY_0p5_5.2500_117.7500,117.75,5.25,2001-02-01,2001,2,436.7701526460193,96.58044716971261,103.28856702532086,183.8070762997582,186.20325215657553,370.0103360615079,43.06611883980887,130.1078328450521,265.0106826055617,464.49248889741443,902.6771209232392
MY_0p5_5.2500_118.2500,118.25,5.25,2001-02-01,2001,2,411.57366250286174,94.84537095476867,103.07541610329014,207.12537053588088,180.73962280856574,387.86498838777,43.03783188352159,130.07902521995982,265.2125704819989,465.7838299988182,904.1132464560733
MY_0p5_5.2500_118.7500,118.75,5.25,2001-02-01,2001,2,345.24574676513674,93.12064933171348,106.72382948133681,137.1365032196045,124.38038380940756,261.51688385009766,42.75814628601074,129.3483583662245,264.2140931023491,465.36142815483936,901.6820203993055
MY_0p5_5.2500_119.2500,119.25,5.25,2001-02-01,2001,2,243.79248820265673,92.43358866373698,108.49539947509766,99.85508728027344,97.47377014160156,197.328857421875,42.62370300292969,128.99183654785156,263.69873046875,465.00335693359375,900.317626953125
MY_0p5_5.7500_100.2500,100.25,5.75,2001-02-01,2001,2,47.58563440340059,129.7867941641593,100.32162958547609,1.327529068386883,0.28804857495727887,1.6155777360321184,29.943646457217156,89.71360043866919,184.19620898885464,323.92489204056767,627.7783298317446
MY_0p5_5.7500_100.7500,100.75,5.75,2001-02-01,2001,2,52.16781797863189,125.4246356298053,133.5376904805501,8.550005465348562,11.241031026641526,19.791036762396494,37.70625114440917,113.29898910522459,230.60750518798827,397.75557159423823,779.3683327229818
MY_0p5_5.7500_101.2500,101.25,5.75,2001-02-01,2001,2,57.78071944169173,119.13445300004615,136.66497556431088,15.460103215195064,20.498093417310344,35.95819525831328,40.16439163027786,121.45656225249523,246.75663835420386,424.35538512703,832.7329930583323
MY_0p5_5.7500_101.7500,101.75,5.75,2001-02-01,2001,2,90.11216944058735,112.2473108927409,138.83072115580245,45.18017083009085,31.476412161191313,76.65658281644187,41.10137809117636,124.47754872639976,254.0690701166789,442.37579892476407,862.0238154093425
MY_0p5_5.7500_102.2500,102.25,5.75,2001-02-01,2001,2,136.15276723030283,116.10326737623949,133.6431530268505,68.6124048714686,25.937986806586935,94.55039111050692,40.69247075604269,122.86030280630195,251.657830594766,442.3640148021557,857.574620102391
MY_0p5_5.7500_102.7500,102.75,5.75,2001-02-01,2001,2,166.2831717354911,112.36417518541651,106.91361999511719,77.97968292236328,33.5716667175293,111.55134582519531,35.38468551635742,103.28003692626953,211.36415100097656,371.0335998535156,721.0625
MY_0p5_5.7500_103.2500,103.25,5.75,2001-02-01,2001,2,163.35107421875,112.856689453125,,,,,,,,,
MY_0p5_5.7500_115.2500,115.25,5.75,2001-02-01,2001,2,137.62964248657227,115.59406814575196,118.46002960205078,15.043804168701172,10.00161361694336,25.04541778564453,41.55946350097656,125.73271942138672,256.54205322265625,448.1726989746094,872.0069580078125
MY_0p5_5.7500_115.7500,115.75,5.75,2001-02-01,2001,2,152.73754447515756,112.09677035091845,111.08644292922246,15.603409331185478,29.165083167666484,44.76849179949079,41.49022020612444,125.43252091180712,255.35786568777903,443.64772832961313,865.9283424014137
MY_0p5_5.7500_116.2500,116.25,5.75,2001-02-01,2001,2,187.5129642062717,104.03559805249412,105.6831552172464,25.78108572884211,57.25819118439205,83.03927410065181,41.723990812755765,126.08213643876331,256.43254733615447,444.8661648220486,869.1048397972469
MY_0p5_5.7500_116.7500,116.75,5.75,2001-02-01,2001,2,283.4634478856647,97.95311611114987,103.12972584073505,93.4169822450668,133.17295403858972,226.58993268694198,42.554808989025304,128.57972412109376,261.71583746047247,456.4309986901661,889.2813643198165
MY_0p5_5.7500_117.2500,117.25,5.75,2001-02-01,2001,2,434.36672511536995,99.17541662751688,108.11289648302723,257.12500182912925,200.54391720167092,457.6689193196101,43.07827692603464,130.19145038977783,265.3022308830959,465.19958977443565,903.7715328950611
MY_0p5_5.7500_117.7500,117.75,5.75,2001-02-01,2001,2,488.07894190228177,97.57955455477277,112.65028755136785,358.6891433408597,215.97858311185905,574.6677452957871,43.188906932037156,130.52865175592822,266.0486686757747,467.0820714963363,906.8482950709811
MY_0p5_5.7500_118.2500,118.25,5.75,2001-02-01,2001,2,453.7510824427358,95.44809560775758,114.61326066758899,355.1549061414931,216.22521518283423,571.380101453993,43.182220747205946,130.51144009060332,266.0355411783854,467.1159673394098,906.8451760525174
MY_0p5_5.7500_118.7500,118.75,5.75,2001-02-01,2001,2,372.5175502483662,94.14251481569731,114.39202117919922,346.6093444824219,217.2539825439453,563.86328125,43.178550720214844,130.49981689453125,266.0125427246094,467.050048828125,906.740966796875
MY_0p5_6.2500_99.7500,99.75,6.25,2001-02-01,2001,2,27.285735822191423,132.5829449821921,106.71280013683231,0.2822415378204612,0.04807253675751908,0.3303140803825024,31.367381251135537,103.64088280256405,212.45061830032702,361.14812238826306,708.6070116619732
MY_0p5_6.2500_100.2500,100.25,6.25,2001-02-01,2001,2,36.906620256602764,129.8585509061813,118.0458308628627,1.1926679356973997,0.5380457224438385,1.7307137000317474,32.93716486716757,103.09503880714882,212.00731412926498,370.21813466597564,718.2576323840083
MY_0p5_6.2500_100.7500,100.75,6.25,2001-02-01,2001,2,47.20116935641609,128.01470546648767,136.03334434244167,8.5279663138408,9.137652585405181,17.665619435917918,38.03476726870739,115.75023014849218,236.16688160546505,408.81502317921996,798.7668916562351
MY_0p5_6.2500_101.2500,101.25,6.25,2001-02-01,2001,2,54.575889176588795,125.05025000939004,139.58700092022235,15.198048958411585,15.292411745511568,30.49046102670523,40.0197995699369,121.18167677659255,246.70294283353368,425.6335228553186,833.5379310021034
MY_0p5_6.2500_101.7500,101.75,6.25,2001-02-01,2001,2,96.81611448015485,119.75093994140623,140.0257097516741,33.989154434204096,9.742593812942504,43.73174721854073,40.903560638427734,124.00148489815847,253.62004045758928,443.33401576450893,861.8590907505579
MY_0p5_6.2500_102.2500,102.25,6.25,2001-02-01,2001,2,120.94507376352945,119.25562974883289,138.80198669433594,39.94689178466797,2.1134912967681885,42.06038284301758,41.300567626953125,125.25496673583984,256.69384765625,451.36309814453125,874.6124877929688
MY_0p5_6.2500_115.7500,115.75,6.25,2001-02-01,2001,2,151.8363111669367,110.49754541570489,119.55314636230469,13.909541130065918,31.184677124023438,45.09421920776367,41.515174865722656,125.64078521728516,256.3587646484375,447.10870361328125,870.6234130859375
MY_0p5_6.2500_116.2500,116.25,6.25,2001-02-01,2001,2,182.19380937542832,105.86835419504264,114.65297816608445,34.28128710087175,62.990982358151065,97.2722689422742,41.86024291924968,126.63130097242177,258.22946677859136,450.52515065197366,877.2461472565908
MY_0p5_6.2500_116.7500,116.75,6.25,2001-02-01,2001,2,281.40405820816284,100.18747003948877,110.30656532408698,122.61021973140656,133.2222682407924,255.8324895465185,42.543864549909316,128.64061167883494,262.2370646158854,458.7361100454179,892.1576522584944
MY_0p5_6.2500_117.2500,117.25,6.25,2001-02-01,2001,2,447.44990321568076,99.55458119710288,116.07064315553696,278.11384887695317,181.44170759897384,459.55554644872274,42.43797185988653,127.95508752247645,260.97690933469744,458.18314993722095,889.5531176370288
MY_0p5_6.2500_117.7500,117.75,6.25,2001-02-01,2001,2,512.5300919214885,99.31811757882437,122.36865921466674,355.03152840597585,190.49413901881167,545.5256472582008,42.395863895527796,127.73839868021291,260.5490183690835,457.7558450977705,888.4391143977296
MY_0p5_6.2500_118.2500,118.25,6.25,2001-02-01,2001,2,508.1703981672015,99.10002871922084,127.84236962454659,384.9996577671596,200.22889545985632,585.2285406930107,43.112741879054475,130.34938866751534,265.84701647077287,467.1262741088867,906.4354226248605
MY_0p5_6.7500_100.2500,100.25,6.75,2001-02-01,2001,2,32.25215270939995,129.12499394136316,123.85791172700769,1.0243868273408974,0.992983875604456,2.0173707039040676,34.61665058135986,109.46083809347714,225.0386490541346,388.4043426513672,757.5204710118911
MY_0p5_6.7500_100.7500,100.75,6.75,2001-02-01,2001,2,42.21729829576281,127.51625117549193,137.71026102701825,7.484006294497737,5.460699968867832,12.944706263365571,38.14401895028574,116.91792382134334,239.19884632251882,414.4477991174769,808.7085706922743
MY_0p5_6.7500_116.2500,116.25,6.75,2001-02-01,2001,2,203.55961626425554,106.40250041872956,121.47099992705556,74.21249389648439,77.87986978670446,152.0923651718512,42.30789268307571,128.10953986935502,262.02611709222566,461.3094430318693,893.7529817906823
MY_0p5_6.7500_116.7500,116.75,6.75,2001-02-01,2001,2,269.89372009989813,104.4100352525711,118.12189758059536,128.68581598455256,100.89914127395086,229.58495949002597,41.067976940290734,123.48985453368176,252.44745572659335,444.05507240747744,861.0603567734066
MY_0p5_6.7500_117.2500,117.25,6.75,2001-02-01,2001,2,396.63556495079627,102.00179212521284,118.81033156403397,213.3122366846135,124.8173173212372,338.1295506300125,40.16987393809631,120.00731817599946,245.2010841707213,431.23707877640175,836.6153459126971
MY_0p5_6.7500_117.7500,117.75,6.75,2001-02-01,2001,2,510.70539177788623,100.62387148539224,126.52435636520386,291.0941524505615,147.3476071357727,438.44174671173096,40.864495635032654,122.27222990989685,249.67303609848022,439.1884479522705,851.9981861114502
MY_0p5_7.2500_116.7500,116.75,7.25,2001-02-01,2001,2,235.57017312838335,105.64490599859327,124.85333630105723,69.81918553891389,51.69928190811821,121.51846618652345,39.855380381708564,119.4964719025985,244.83099683678668,431.4875013268512,835.6703199303669
MY_0p5_7.2500_117.2500,117.25,7.25,2001-02-01,2001,2,260.2280401281408,104.88237343178137,125.77377624511718,72.70829106381065,55.069481819554376,127.77776947021484,39.164833590858855,117.05653806987561,239.85208097759045,422.3093839946546,818.3828137849507
MY_0p5_0.7500_110.2500,110.25,0.75,2001-03-01,2001,3,281.0064279409556,119.50474642240084,133.2450197660006,76.74632286658654,165.54347099891078,242.2897928091196,43.023126455453735,129.92495117187502,264.5371328500601,463.79291522686304,901.2780958909256
MY_0p5_0.7500_110.7500,110.75,0.75,2001-03-01,2001,3,314.06420593261714,120.27564010620115,138.65345698765347,63.04565898350306,111.24091829572404,174.28657618931362,42.84771390642439,129.49264068603514,264.1707510811942,465.1708844866071,901.6819806780134
MY_0p5_0.7500_111.7500,111.75,0.75,2001-03-01,2001,3,355.6100023057726,117.55846283927796,143.68395293705046,58.96088233826652,89.38011278424945,148.3409925188337,42.736701299273776,129.12234303307912,263.28183225601435,463.0531422448537,898.1940394810268
MY_0p5_1.2500_103.2500,103.25,1.25,2001-03-01,2001,3,234.10574059347505,123.80844693970911,117.2390296242454,19.871631102128465,8.294968821785668,28.16659927368164,38.01259725744074,112.67425970597702,228.84146118164065,396.1080814708363,775.6363691850142
MY_0p5_1.2500_103.7500,103.75,1.25,2001-03-01,2001,3,233.8591588585122,122.48626405290031,106.3257370735835,22.38990559624237,29.084546746559514,51.47445108358142,39.37914502042011,117.75332026805692,239.48080829509254,416.40248656041416,813.0157387742718
MY_0p5_1.2500_104.2500,104.25,1.25,2001-03-01,2001,3,227.35680411202563,122.36074513026644,94.03517150878906,25.423730850219727,53.70855712890625,79.13228607177734,41.158546447753906,124.36920166015625,253.32135009765625,442.6189270019531,861.468017578125
MY_0p5_1.2500_109.7500,109.75,1.25,2001-03-01,2001,3,247.7359251458961,118.32966935490988,133.69746582766615,47.99529611058982,125.2880326236587,173.28331729015673,42.94850080559053,129.78430819224164,264.76888854245107,466.5458282103022,904.0475596232586
MY_0p5_1.2500_110.2500,110.25,1.25,2001-03-01,2001,3,283.4208377558292,118.86907390461927,133.68712571781114,75.2169873447492,161.1697950620909,236.38678438046728,43.0298743671432,129.9573456753175,264.68472502130334,464.48906245286867,902.1609857625483
MY_0p5_1.2500_110.7500,110.75,1.25,2001-03-01,2001,3,317.7185905335441,119.56095808725506,140.22565099322605,61.59065992567274,109.60417771112348,171.19483792743983,42.856297338576546,129.5226117330884,264.27687881711927,465.6178243970113,902.2736043294269
MY_0p5_1.2500_111.2500,111.25,1.25,2001-03-01,2001,3,340.57258181830946,118.54400812703582,142.859473036501,65.16417863498482,96.8698912062965,162.0340647347057,42.77837213388267,129.26508626237086,263.6360410257651,463.909658998727,899.5891540332343
MY_0p5_1.2500_111.7500,111.75,1.25,2001-03-01,2001,3,361.612298390222,116.59773327055431,143.3142826140873,67.09857722691127,102.45872461228143,169.5573015969897,42.804881565154545,129.30831303672184,263.5704064747644,463.329605344742,899.0132233150421
MY_0p5_1.2500_112.2500,112.25,1.25,2001-03-01,2001,3,381.8420142159244,114.62824392560773,143.84084858386043,74.37235686016567,111.06939182184674,185.44174868201242,42.8216026422336,129.3426340945481,263.53312473974853,462.7896888074536,898.4870686022763
MY_0p5_1.2500_112.7500,112.75,1.25,2001-03-01,2001,3,408.71507771809894,112.79891729354858,143.4968468348185,102.7570702234904,142.2445805867513,245.0016508102417,42.94573982556661,129.62579218546549,263.61138343811035,460.9835198720296,897.1664403279622
MY_0p5_1.2500_113.2500,113.25,1.25,2001-03-01,2001,3,408.89508268936817,112.02747689952021,145.78052965247113,112.45774920919666,150.28629933232844,262.7440445609715,43.002715401027515,129.7719434655231,263.7962577488111,461.00837083899455,897.5792878524117
MY_0p5_1.2500_113.7500,113.75,1.25,2001-03-01,2001,3,425.91286376028347,110.46940266002308,148.30196438413677,116.7614316073331,167.18030594334456,283.9417320020271,43.108578624147356,130.0625912059437,264.27931583288944,461.7225850423177,899.1730545506333
MY_0p5_1.2500_114.2500,114.25,1.25,2001-03-01,2001,3,454.0949482875588,107.11740119056364,150.22251203418836,112.16645218840742,170.04837994870888,282.2148364581893,43.14014208633288,130.14569537407527,264.3970401730158,461.8245590344995,899.5074171218197
MY_0p5_1.2500_114.7500,114.75,1.25,2001-03-01,2001,3,471.33146126039566,103.16431082448652,144.88499844458795,105.2066140943958,163.307614234186,268.5142428490424,43.0825080871582,129.9457510671308,263.8248684790826,459.9395417244204,896.7926537298388
MY_0p5_1.7500_102.7500,102.75,1.75,2001-03-01,2001,3,231.64903318289237,125.43544432076304,133.39059019088745,20.244971275329593,18.492137730121613,38.73710846900941,40.597880482673645,121.87493014335632,248.517680644989,435.2607688903809,846.251256942749
MY_0p5_1.7500_103.2500,103.25,1.75,2001-03-01,2001,3,239.85790420591144,122.56023150705464,130.69448631286622,26.597263460159304,27.506125068664556,54.10338649749756,40.43611650466919,121.27704704284669,246.99167343139646,431.29234558105475,839.9971704101563
MY_0p5_1.7500_103.7500,103.75,1.75,2001-03-01,2001,3,239.27350978609883,121.62120638014395,117.7209168446215,26.87845047817955,32.206720261634146,59.08516872985453,40.33747686313677,121.08032349695134,246.31271758260607,428.874803180936,836.6053086292894
MY_0p5_1.7500_104.2500,104.25,1.75,2001-03-01,2001,3,232.76844043731688,121.99215922355651,110.83017807598262,28.282721837361656,41.72485487590465,70.00757480591767,41.39212266788926,125.03745240204094,254.43513003800265,443.4833646079366,864.3480574733527
MY_0p5_1.7500_109.7500,109.75,1.75,2001-03-01,2001,3,245.83674497382583,117.87514455928357,133.74453735351562,47.33414840698242,125.0360107421875,172.37014770507812,42.9522819519043,129.79811096191406,264.8140563964844,466.7187194824219,904.283203125
MY_0p5_1.7500_110.2500,110.25,1.75,2001-03-01,2001,3,281.9952239990235,117.88094422311494,134.28786570503112,68.61407968449721,144.97339373093874,213.58747937207556,43.00637764344241,129.91854189296458,264.8058300324302,465.65225562437337,903.3830011541194
MY_0p5_1.7500_110.7500,110.75,1.75,2001-03-01,2001,3,326.029424493963,117.94193267822266,142.90305328369138,54.92423515319824,100.76902542114257,155.6932632446289,42.84673023223877,129.50557785034178,264.3580108642578,466.34864349365233,903.0589508056639
MY_0p5_1.7500_111.2500,111.25,1.75,2001-03-01,2001,3,349.13700203062996,115.66545049273779,144.70559990461484,67.87947996272598,105.4790759419286,173.35855570948402,42.85731781360715,129.50022852698038,264.16214542832483,465.3123897108921,901.8320567996003
MY_0p5_1.7500_111.7500,111.75,1.75,2001-03-01,2001,3,373.0345794098286,114.00386192225203,139.99937646600264,83.06026316292677,122.68965706644177,205.74992443036425,42.91908526118797,129.66378929041608,264.3391774817357,465.0018663044217,901.9239192914357
MY_0p5_1.7500_112.2500,112.25,1.75,2001-03-01,2001,3,392.7160641624814,113.3592742193313,140.79040798611112,87.52638167123945,133.3453220912388,220.87170327807226,42.94259079221695,129.6956056625124,264.1741910419767,463.7290664915054,900.5414608909971
MY_0p5_1.7500_112.7500,112.75,1.75,2001-03-01,2001,3,400.73183099655876,113.45372060139972,142.72552165682356,94.89899585057819,129.38911639016771,224.2881120954241,42.91671545846121,129.59750075567334,263.85835038442457,462.6378813244048,899.0104457310268
MY_0p5_1.7500_113.2500,113.25,1.75,2001-03-01,2001,3,396.40830785357764,113.49945870051307,145.9021725609189,96.41211351667131,126.22575630309088,222.63786388578865,42.91679072304377,129.57947663806732,263.746619718037,462.19856557694686,898.4414574032737
MY_0p5_1.7500_113.7500,113.75,1.75,2001-03-01,2001,3,414.5554448203435,112.25482565259175,148.57540782141308,101.64977840847439,145.52567162892177,247.17544240800157,42.996017141190784,129.75198921324713,263.75511484297493,460.9596237909226,897.4627257331969
MY_0p5_1.7500_114.2500,114.25,1.75,2001-03-01,2001,3,450.498488750155,108.94113311767578,151.57072167774987,100.40294317820714,148.76177896166604,249.1647245861235,43.028877851698134,129.83097480895026,263.81636497860865,460.7736192491319,897.4498248387897
MY_0p5_1.7500_114.7500,114.75,1.75,2001-03-01,2001,3,471.31740542396983,106.36139698720349,149.7867942375223,108.56408145884777,151.29049212203745,259.85457852220287,43.053159644566676,129.8929367460735,263.8662677033577,460.5818519394632,897.3942311341282
MY_0p5_2.2500_101.7500,101.75,2.25,2001-03-01,2001,3,172.0685235225793,125.46302194306345,135.65977817111545,12.771487592446686,11.646386811227508,24.417874654134113,41.26893661961411,124.495391306251,253.90225034771544,444.33142367276275,863.9980135830965
MY_0p5_2.2500_102.2500,102.25,2.25,2001-03-01,2001,3,207.63439109108666,124.50369948975778,135.29525910153913,15.673741938394793,20.912541759071168,36.5862846283251,41.159592058099626,123.95650025874232,252.34796763150885,440.2404674183238,857.7044946405877
MY_0p5_2.2500_102.7500,102.75,2.25,2001-03-01,2001,3,232.9455210045923,123.61859608903717,136.95391300056554,22.113444744786133,25.1097693745094,47.22321343723732,41.38225058060658,124.68255055101612,254.34415324730205,446.20033949839916,866.6092822883703
MY_0p5_2.2500_103.2500,103.25,2.25,2001-03-01,2001,3,248.82167033846414,120.01821826753162,136.48271421402222,29.926172099037778,37.4169917273143,67.34316386873759,41.70610379415845,125.79961962018695,256.28746105375745,448.26050860692584,872.0536919487848
MY_0p5_2.2500_103.7500,103.75,2.25,2001-03-01,2001,3,252.11340590654788,120.25029542567364,133.81590534792107,34.18071367942681,32.6887575181864,66.86947112002615,41.3942585573358,124.71931439415884,253.65807867535088,441.5731620142015,861.3448246325476
MY_0p5_2.2500_104.2500,104.25,2.25,2001-03-01,2001,3,246.68272201414032,121.40523249928546,135.75871743446538,35.36421474740525,21.948270419412406,57.31248508800161,41.74338566173207,126.08259418582128,256.3346998987119,445.62972669364996,869.7903946805592
MY_0p5_2.2500_104.7500,104.75,2.25,2001-03-01,2001,3,241.76072692871094,121.70111846923828,,,,,,,,,
MY_0p5_2.2500_109.7500,109.75,2.25,2001-03-01,2001,3,235.88665673040575,116.14579649894469,,,,,,,,,
MY_0p5_2.2500_111.2500,111.25,2.25,2001-03-01,2001,3,346.8859784603119,112.88914173841478,135.44716958438647,88.115987553316,124.15283999723545,212.2688273261575,42.931772007661706,129.76586420395793,264.85429965748506,467.07894717945766,904.6308674531824
MY_0p5_2.2500_111.7500,111.75,2.25,2001-03-01,2001,3,366.1253865559895,112.86641605922152,136.29211624387713,88.10285702659971,127.35722791883681,215.46008368598092,42.94506109328497,129.80386672247022,264.9140535869295,467.1167029971168,904.7796659923735
MY_0p5_2.2500_112.2500,112.25,2.25,2001-03-01,2001,3,378.6449347601996,113.86264696878101,138.83157106429812,86.19309847392732,133.4892575218564,219.6823570130363,42.971839166066,129.86478387741815,264.9228785923549,466.69882386222713,904.4583064003594
MY_0p5_2.2500_112.7500,112.75,2.25,2001-03-01,2001,3,379.09186440119663,114.49071253216455,142.31019524468314,80.55637507362971,118.06099904378253,198.61737578861295,42.916290561736574,129.6820832752046,264.49513142903646,465.7239799378409,902.8174767872642
MY_0p5_2.2500_113.2500,113.25,2.25,2001-03-01,2001,3,366.7068352593317,115.16295747302829,148.1947903103299,71.6790974208287,96.51188349648129,168.19097837417846,42.81822667197576,129.36579783606152,263.7576294914125,463.9587156265502,899.9003648546006
MY_0p5_2.2500_113.7500,113.75,2.25,2001-03-01,2001,3,388.3881091347224,114.3984046404875,152.12284498576878,74.13604352444034,112.99337490902674,187.12941239755364,42.822643376603914,129.26143641411505,262.8767148754265,459.51893325998816,894.4797158543068
MY_0p5_2.2500_114.2500,114.25,2.25,2001-03-01,2001,3,437.22604108537945,111.97130902002729,154.74029168023,80.66452987913101,125.39852362738714,206.06305222284226,42.88729262579054,129.43953905862477,263.12384130084325,459.5528477260045,895.0035245380705
MY_0p5_2.2500_114.7500,114.75,2.25,2001-03-01,2001,3,472.55256012947336,108.4018558625252,153.07803876323086,104.8823290917181,147.63658348821826,252.51891282604586,43.03835118201472,129.8841491207,264.016699710969,461.48367998676923,898.422908856792
MY_0p5_2.2500_115.2500,115.25,2.25,2001-03-01,2001,3,496.2449645996094,105.89630126953125,148.6551055908203,136.51171875,189.3169708251953,325.8287048339844,43.266727447509766,130.54525756835938,265.3343200683594,464.3766784667969,903.5230102539062
MY_0p5_2.7500_101.2500,101.25,2.75,2001-03-01,2001,3,161.99269104003906,122.63465881347656,128.47349548339844,22.173341751098633,24.0841007232666,46.257442474365234,42.02773666381836,127.26190185546875,260.6046447753906,460.7544250488281,890.648681640625
MY_0p5_2.7500_101.7500,101.75,2.75,2001-03-01,2001,3,179.77932187344163,122.00691850142043,122.51271725741297,24.66608753551136,51.30353039828213,75.96961690729314,41.80831226695667,126.3491267256303,257.5325164240057,450.9082396351207,876.5982113370027
MY_0p5_2.7500_102.2500,102.25,2.75,2001-03-01,2001,3,215.64458781442823,120.49930242064652,137.59646548131468,16.158076614331286,26.895529078829817,43.053607333237956,41.76734649755392,126.09221151072508,256.2720549759591,445.38415128865824,869.5157649532246
MY_0p5_2.7500_102.7500,102.75,2.75,2001-03-01,2001,3,248.03872772409943,120.23006473010098,138.45689942565144,26.49267572692678,38.87289893476269,65.3655751747421,42.21621835684475,127.60756386382668,260.34949445120895,457.3389313130439,887.5122153366667
MY_0p5_2.7500_103.2500,103.25,2.75,2001-03-01,2001,3,273.3122705836205,118.78093777796265,131.5266783890451,43.013553248848886,55.122570511641776,98.13612209004202,41.278779898479485,124.13342387205476,252.86870711016806,442.4690218397007,860.7499389648438
MY_0p5_2.7500_103.7500,103.75,2.75,2001-03-01,2001,3,276.88575266962465,120.22008149520211,126.91538720196843,47.89435424453103,46.180981104275055,94.07533190327307,40.29274261052707,120.62686842817315,245.5347373716293,428.40948753532723,834.8638471612182
MY_0p5_2.7500_104.2500,104.25,2.75,2001-03-01,2001,3,256.39977399040674,121.09158313975614,135.82281494140625,38.45771789550781,19.741655349731445,58.19937515258789,41.74924087524414,126.14300537109375,256.6065979003906,446.57073974609375,871.069580078125
MY_0p5_2.7500_111.2500,111.25,2.75,2001-03-01,2001,3,357.76884807718216,111.63053720408473,136.13207828297334,117.64386726828184,143.22210558722998,260.8659699383904,43.0213378457462,130.01914888269764,265.278268253102,467.59605856502753,905.9148056927851
MY_0p5_2.7500_111.7500,111.75,2.75,2001-03-01,2001,3,372.49603346527596,112.38734592375206,137.40090442525928,107.72366372470196,144.5054968472185,252.22915780955347,43.024292271712724,130.02773140216695,265.3002615303829,467.6546909726899,906.0069587970601
MY_0p5_2.7500_112.2500,112.25,2.75,2001-03-01,2001,3,376.4114332561251,113.87320631968824,140.56185068766277,94.227872950236,137.98271194458005,232.210588277181,43.00421873728434,129.9665705871582,265.1907237752278,467.5499580891926,905.7114674886068
MY_0p5_2.7500_112.7500,112.75,2.75,2001-03-01,2001,3,368.4876095735574,115.39686763135691,143.88572412804714,78.2030195163775,115.03924024557763,193.24226340764685,42.920408574840685,129.71681387213212,264.71941897235337,466.8182464792758,904.1748941155929
MY_0p5_2.7500_113.2500,113.25,2.75,2001-03-01,2001,3,350.688730875651,116.77885994078622,150.5833055768694,73.02462697104801,101.42587059868704,174.45050140865266,42.8709230695452,129.56088310120597,264.36683708069813,466.0246384393601,902.8232631138393
MY_0p5_2.7500_113.7500,113.75,2.75,2001-03-01,2001,3,371.2196288868121,117.48482489130299,156.79479489660565,65.95882640522755,108.98976854457977,174.94859785335078,42.83808770149377,129.35585731457752,263.38794110535054,461.88866040661077,897.4705390687202
MY_0p5_2.7500_114.2500,114.25,2.75,2001-03-01,2001,3,421.9046260012855,114.8274082714998,157.53468936002707,71.27538924881175,125.90630004979387,197.18168958832945,42.85159847404383,129.33892310420168,262.9608222864851,459.33353047431274,894.4848999796035
MY_0p5_2.7500_114.7500,114.75,2.75,2001-03-01,2001,3,463.1033748942575,113.68693000647673,158.05045304025055,100.49807287325525,148.62953045110035,249.12760361592484,43.04611113724436,129.93523523610108,264.28334103724,462.6687020465826,899.9333842089222
MY_0p5_2.7500_115.2500,115.25,2.75,2001-03-01,2001,3,488.10314391539976,108.58330020389042,147.80499088871585,118.87128448486325,177.29886524097338,296.1701591422966,43.149198824220946,130.15955978256088,264.3507723421664,461.4224834270305,899.0820164036105
MY_0p5_3.2500_101.2500,101.25,3.25,2001-03-01,2001,3,170.6705254448785,122.47316744911994,138.60497417524167,28.69871417835993,33.958129318771654,62.65684218351015,42.215968106043476,127.7633637008964,261.37430082684824,461.4966526847869,892.8503111605514
MY_0p5_3.2500_101.7500,101.75,3.25,2001-03-01,2001,3,204.38618267707102,116.77127811407588,124.02598460009145,28.242225045611153,67.50073491236208,95.74295958743734,41.96232697310722,126.70755104502297,257.6506298089483,448.5440468757775,874.8645705690811
MY_0p5_3.2500_102.2500,102.25,3.25,2001-03-01,2001,3,238.0453862265935,118.14152819921098,135.5448004344153,19.42453163994683,33.120048262580994,52.5445813133603,42.04437144445995,127.02096707783049,258.70818142361105,452.1796898251488,879.9531988234747
MY_0p5_3.2500_102.7500,102.75,3.25,2001-03-01,2001,3,273.28957719440695,117.65171519412269,133.60579671739023,29.950296094145955,39.25712287878688,69.20741762088824,42.11362212217306,127.22949585733534,259.1768869327593,453.49236085143264,882.0123580739466
MY_0p5_3.2500_103.2500,103.25,3.25,2001-03-01,2001,3,309.55442079426024,117.44847328111481,124.44321824362689,58.255600460189186,77.26785253468864,135.52345191383984,40.600179268405185,121.57027586896568,247.6781489468553,433.58445396796117,843.4330545729846
MY_0p5_3.2500_112.2500,112.25,3.25,2001-03-01,2001,3,378.95033298068574,114.0474131266276,141.2620795355903,98.74974483913847,130.79138963487412,229.54113769531253,42.9746075100369,129.8877417670356,265.09092407226564,467.58778347439244,905.541057671441
MY_0p5_3.2500_112.7500,112.75,3.25,2001-03-01,2001,3,365.2271999236076,116.63377306538244,146.58689154953254,72.32548829375722,96.55082640100697,168.8763183843894,42.81459354963459,129.43084729304078,264.2642857285797,466.2712807577164,902.7810218685963
MY_0p5_3.2500_113.2500,113.25,3.25,2001-03-01,2001,3,344.67669780989337,119.04495359721938,153.99238100918856,67.61642054355505,76.68401426257508,144.30043284098306,42.72856765804868,129.17584274754378,263.7380894747647,465.20067665793675,900.843174789891
MY_0p5_3.2500_113.7500,113.75,3.25,2001-03-01,2001,3,361.83200092618426,120.63542490156867,158.95565233987475,78.4608894953652,105.15458814832897,183.6154783703032,42.8602159893702,129.49051726810515,263.99735088045634,464.4522279769655,900.8002985878596
MY_0p5_3.2500_114.2500,114.25,3.25,2001-03-01,2001,3,405.22561732978573,119.78717245114078,160.48484044166125,86.70421510441287,137.7480233550831,224.45223882395746,42.943871467736116,129.62541791587878,263.61879288011295,461.05517675314735,897.2432581421675
MY_0p5_3.2500_114.7500,114.75,3.25,2001-03-01,2001,3,444.35408807256425,120.93935756318889,163.1815410055173,96.71270574581852,144.59257521902683,241.30528118352228,43.03531291985968,129.91584374494613,264.35019056964074,463.25732033116043,900.5586578952281
MY_0p5_3.2500_115.2500,115.25,3.25,2001-03-01,2001,3,475.67733552184285,114.34167893325224,145.8097370968589,106.89053122604949,183.73243032527873,290.62296961530853,43.150415360173085,130.1492347234412,264.24054302746737,460.7595555752138,898.2997703069371
MY_0p5_3.2500_115.7500,115.75,3.25,2001-03-01,2001,3,492.11163844419326,107.75237994247607,136.8157813254367,134.09857520628512,201.98955938789283,336.0881477956022,43.28046048625132,130.5617218017578,265.2887058900983,463.9486786917354,903.0796111031865
MY_0p5_3.7500_100.7500,100.75,3.75,2001-03-01,2001,3,194.679931640625,125.02886199951172,142.2172393798828,33.0589599609375,33.31747817993164,66.3764419555664,42.27318572998047,127.89653778076172,261.4580383300781,461.0411682128906,892.6689453125
MY_0p5_3.7500_101.2500,101.25,3.75,2001-03-01,2001,3,214.13031662739982,121.2809304296006,145.29728985141398,28.882953791942413,53.256321076822125,82.13927632550978,42.3069963424337,127.81617936810244,260.4354653960293,456.2669996736891,886.8256673967182
MY_0p5_3.7500_101.7500,101.75,3.75,2001-03-01,2001,3,250.3585266786463,113.09846163707176,132.4803302546216,25.767011976545785,66.12465048140021,91.89166250046652,42.12830880037539,127.10085131408303,257.9525786964757,447.34124648950666,874.5229774037745
MY_0p5_3.7500_102.2500,102.25,3.75,2001-03-01,2001,3,273.8903304811507,112.7664281451513,129.96339520651196,21.370356732323053,40.6141960386246,61.98455271645197,41.99539010184152,126.73965773809525,257.4248542906746,447.157122124566,873.3170171828497
MY_0p5_3.7500_102.7500,102.75,3.75,2001-03-01,2001,3,295.9875372023809,115.1524906218998,126.7144321986607,28.637017362079924,39.62492329430958,68.26193821013919,41.99512155926416,126.78025672549292,257.72032664465524,448.57267804827006,875.068362281436
MY_0p5_3.7500_103.2500,103.25,3.75,2001-03-01,2001,3,315.4368626567947,115.10456066967483,123.01380423751532,53.22704054888557,70.61462438246784,123.84166385426242,41.701627245136336,125.62058838489008,255.4843886431526,445.2895167930454,868.0960961435355
MY_0p5_3.7500_113.2500,113.25,3.75,2001-03-01,2001,3,341.42756223678595,121.81721675395966,154.53251422819545,70.48697618578302,63.190180043705176,133.67715466608766,42.65822907744862,128.98817218717983,263.43824092677386,464.83629170402156,899.9209564709274
MY_0p5_3.7500_113.7500,113.75,3.75,2001-03-01,2001,3,356.52230876062055,124.23288220602367,155.43310048124937,78.03112469521926,87.87323294334041,165.90436186065182,42.804077703975935,129.383901602242,264.05887087726285,465.5592206936438,901.8060958516637
MY_0p5_3.7500_114.2500,114.25,3.75,2001-03-01,2001,3,388.3862695233998,125.24514816526383,159.2342589363219,79.5427281455388,116.77027297247022,196.31300218370225,42.93632736206054,129.72657461015004,264.51710050068203,465.64538302951394,902.8253743489583
MY_0p5_3.7500_114.7500,114.75,3.75,2001-03-01,2001,3,420.8400914752294,126.94733722020709,162.14369075714592,94.41734052385603,134.93724835108196,229.35458369179375,43.00815277099609,129.9135848272414,264.77344476609005,465.7060141911582,903.4011689685641
MY_0p5_3.7500_115.2500,115.25,3.75,2001-03-01,2001,3,456.29512532552087,118.35982678125775,141.61423998635914,97.90541946168929,186.1573944091797,284.0628270709326,43.1677979000031,130.21229834178135,264.4237327938988,461.32819514198906,899.1320184616815
MY_0p5_3.7500_115.7500,115.75,3.75,2001-03-01,2001,3,480.0828490771836,108.38619978650867,135.10039459887167,115.40412222224172,201.40485618097318,316.80898850255727,43.26496475549053,130.4980252492342,265.0473523037039,462.93611441413276,901.7464999192051
MY_0p5_4.2500_100.7500,100.75,4.25,2001-03-01,2001,3,271.2490892410278,125.22523495531458,145.4041743687221,40.5183274716747,46.73834711191606,87.25667830486687,42.29507440060986,127.79009629852919,260.5065150669643,457.31490665357944,887.90658008809
MY_0p5_4.2500_101.2500,101.25,4.25,2001-03-01,2001,3,292.8002345950104,116.28941726684572,140.3208549159348,42.56806518773365,87.97990868197887,130.54797441033043,42.23838706532862,127.2929233137969,257.7239139824157,445.61515633163935,872.8703992321235
MY_0p5_4.2500_101.7500,101.75,4.25,2001-03-01,2001,3,312.0940096615927,113.6121321851834,138.13702373078075,46.205744063892304,91.6670113706741,137.8727584448866,42.46026894078849,128.09728886905953,260.12604851768424,452.93031793661396,883.6139171466281
MY_0p5_4.2500_102.2500,102.25,4.25,2001-03-01,2001,3,320.57299395186453,115.5394513553705,130.91087916560068,36.77619500205921,74.00262070920903,110.77881590626872,42.32574482390676,127.71782803763979,259.4851409619609,452.00739354142746,881.5361099974417
MY_0p5_4.2500_102.7500,102.75,4.25,2001-03-01,2001,3,316.3715207045246,114.05297275713292,120.32702354868508,31.052773020070074,56.95119087559403,88.00396389566409,42.01478840287324,126.67075763386528,256.63528772827925,443.5179994425197,868.838842890065
MY_0p5_4.2500_103.2500,103.25,4.25,2001-03-01,2001,3,299.39812544871705,115.1077866238584,118.17227180826539,40.95631834023506,55.98497941020474,96.94129545098812,42.08483798994005,127.0076675415039,258.04613502848025,448.75809066719296,875.8967278776267
MY_0p5_4.2500_113.7500,113.75,4.25,2001-03-01,2001,3,358.89810543968565,127.6538324067087,150.14433230993885,69.88233156024285,80.16266092264428,150.04499385042013,42.72721207816646,129.1935043334961,263.80922396677846,465.35041377229516,901.0803481767763
MY_0p5_4.2500_114.2500,114.25,4.25,2001-03-01,2001,3,368.7590452058545,128.0045601981027,150.5896374323193,67.00600716137978,96.9978165497651,164.00382394680184,42.80165982338453,129.4044364428428,264.2001035241087,466.01530073600384,902.42152222151
MY_0p5_4.2500_114.7500,114.75,4.25,2001-03-01,2001,3,394.5228358968099,128.30934178670248,155.4866678873698,78.70148620605471,134.22340596516926,212.92489074707035,42.97263282775879,129.85097920735677,264.8311437988281,466.35706115722655,904.0118208821616
MY_0p5_4.2500_115.2500,115.25,4.25,2001-03-01,2001,3,434.4706399705675,123.23134790526497,141.60531081093686,94.61767835087247,175.1205637190077,269.738236533271,43.08289774258931,129.97074837154813,263.96531825595434,460.3729696273804,897.3919325934517
MY_0p5_4.2500_115.7500,115.75,4.25,2001-03-01,2001,3,463.7078528452728,110.90427752995896,130.80415132166976,112.14479711500269,196.1198722710044,308.2646645756092,43.18648454051908,130.24847686250337,264.46054490946113,461.33872039277685,899.2342107223253
MY_0p5_4.2500_116.2500,116.25,4.25,2001-03-01,2001,3,483.3744771073505,113.57825544403822,127.37604620398545,117.7134191001334,216.52492616234758,334.23834935630236,43.21935807204828,130.3448029494867,264.67252740627384,461.7875539267936,900.0242443549923
MY_0p5_4.2500_116.7500,116.75,4.25,2001-03-01,2001,3,482.3968220087834,115.38821199450192,120.60438467036784,119.67660407799518,215.59995821032223,335.2765659927633,43.1486167907715,130.17209867797146,264.50168517007995,461.92092189899074,899.7433140043581
MY_0p5_4.2500_117.2500,117.25,4.25,2001-03-01,2001,3,465.37937292588504,116.02125414282875,116.67432582483885,102.65587025195099,185.26270550753165,287.9185712696177,42.996398672593386,129.7997027371837,264.16487756239627,462.6780565650062,899.6390405165412
MY_0p5_4.2500_117.7500,117.75,4.25,2001-03-01,2001,3,438.2295023600261,113.63553876958342,110.00388965443669,70.88988635071323,125.76860734336397,196.65849675887674,41.31491216023763,123.89324514274924,252.46966213650174,442.9565897884532,860.6344252366287
MY_0p5_4.2500_118.2500,118.25,4.25,2001-03-01,2001,3,393.67859903971356,111.33521052131877,101.41287401527357,59.347488621997236,81.35096808755475,140.69846416886446,38.47641183160673,113.640824044586,231.70499211208082,406.74657036848134,790.5688080028365
MY_0p5_4.2500_118.7500,118.75,4.25,2001-03-01,2001,3,363.14912018952543,110.93543497721355,97.46842956542969,63.20072555541992,71.27841186523438,134.47914123535156,36.89900207519531,107.8677978515625,219.94271850585938,386.19451904296875,750.904052734375
MY_0p5_4.7500_100.2500,100.25,4.75,2001-03-01,2001,3,298.5627509223091,129.32556830512155,,,,,,,,,
MY_0p5_4.7500_100.7500,100.75,4.75,2001-03-01,2001,3,320.20757276282467,124.08684676233,141.8833966138886,28.768784995970684,40.63832408625905,69.40710762458119,41.58879058341669,125.19100924236018,252.6912039780035,433.9610851256828,853.432100373555
MY_0p5_4.7500_101.2500,101.25,4.75,2001-03-01,2001,3,341.69779042389433,112.98907160683284,129.34302942185175,46.00991020202637,80.93185922531853,126.94176628476097,41.76525585840619,125.55551278250557,252.56042698451452,430.53991486080105,850.4211191328745
MY_0p5_4.7500_101.7500,101.75,4.75,2001-03-01,2001,3,353.1812143508036,113.91976354689827,134.2462387327164,70.52240538824172,117.51279880584234,188.03519829644097,42.37674768841456,127.63687310597254,258.1005627828931,445.56108320932543,873.6752598353795
MY_0p5_4.7500_102.2500,102.25,4.75,2001-03-01,2001,3,349.04003877185636,116.29634740920294,124.19479559035528,58.861109597342356,119.93510386149089,178.79620724632628,42.43197835286458,127.86785358247303,258.8739783877418,447.68118111746645,876.8550025576637
MY_0p5_4.7500_102.7500,102.75,4.75,2001-03-01,2001,3,325.76421341622705,115.1463255183712,115.8914609532447,48.31651600151303,97.3481595470647,145.6646716123933,42.29719193573969,127.4940271559794,258.21907957040577,446.6153672333735,874.6256327052023
MY_0p5_4.7500_103.2500,103.25,4.75,2001-03-01,2001,3,284.9738982865031,116.96534210888308,108.6713811163533,41.452960038976926,63.58706213891287,105.04001914443126,40.58752517418668,121.4354886551185,245.9734453152027,424.9790222618413,832.9754573357502
MY_0p5_4.7500_103.7500,103.75,4.75,2001-03-01,2001,3,257.1101387425473,118.67171478271484,98.47433491496297,27.772390885786578,25.181633862582117,52.95402482268098,36.686601564481656,107.36000477183948,217.5078866141183,375.6318375228287,737.1863260640725
MY_0p5_4.7500_113.7500,113.75,4.75,2001-03-01,2001,3,333.578857421875,129.9987335205078,,,,,,,,,
MY_0p5_4.7500_114.2500,114.25,4.75,2001-03-01,2001,3,333.578857421875,130.3130487714495,144.94305419921875,71.8769302368164,115.55615234375,187.43309020996094,42.86882781982422,129.5917510986328,264.5203857421875,466.423583984375,903.404541015625
MY_0p5_4.7500_114.7500,114.75,4.75,2001-03-01,2001,3,366.09661832419783,132.96677948326194,150.29620459771928,77.49417450607466,140.84192616452452,218.3361074796287,43.00151890580373,129.92492954705352,264.9184350454679,466.3514200846354,904.1962884062082
MY_0p5_4.7500_115.2500,115.25,4.75,2001-03-01,2001,3,429.9212134679157,132.14463035265604,147.88771510124204,97.99311983585358,166.9624454975128,264.95556306838984,43.01824291547139,129.7732542355855,263.5711175600687,459.6909065246581,896.0535306930541
MY_0p5_4.7500_115.7500,115.75,4.75,2001-03-01,2001,3,467.5634327721975,120.28341422913567,137.010597640749,118.49442036946613,176.92416929214718,295.41858743334575,43.03245350671193,129.75777747744607,263.28599456302703,458.353669375465,894.4299126519097
MY_0p5_4.7500_116.2500,116.25,4.75,2001-03-01,2001,3,485.1089341905381,115.70179826040113,134.07936633882068,135.73826976957773,192.2791083926246,328.0173888191344,43.11187775627014,130.0188854883587,263.98301120334196,460.4201754131014,897.5339448474699
MY_0p5_4.7500_116.7500,116.75,4.75,2001-03-01,2001,3,500.72439295128925,114.96172789078724,125.35881853707228,119.53082973142213,192.64983121654657,312.18066551111923,43.05864266504216,129.88502497612677,263.8185031746007,460.27448581743846,897.0366489072389
MY_0p5_4.7500_117.2500,117.25,4.75,2001-03-01,2001,3,514.1363050672743,113.40871221148777,117.891602046906,97.62054787287636,166.29539567251055,263.9159480019221,42.877455623566156,129.37917344835068,262.9236841595362,458.7477440243675,893.9280538891987
MY_0p5_4.7500_117.7500,117.75,4.75,2001-03-01,2001,3,481.7031175637546,111.74727099454854,115.5025965533679,86.66675978069064,132.3019146738173,218.96868234948263,42.704581441758556,128.93941560576232,262.387319444101,458.8514264263683,892.8827702003188
MY_0p5_4.7500_118.2500,118.25,4.75,2001-03-01,2001,3,423.24267394099405,111.3469279303623,117.63776999622135,90.91399460222256,122.53135669650743,213.44535720288457,42.69768211709794,128.96009688640962,262.67622367820553,460.37951690827185,894.7135288871115
MY_0p5_4.7500_118.7500,118.75,4.75,2001-03-01,2001,3,375.9670997329905,110.04655137846741,119.64269961586481,95.9302580628214,107.44366773774354,203.3739264765872,42.66189753858349,128.90856334831142,262.86448727378365,461.77759213990805,896.2125398660008
MY_0p5_5.2500_100.2500,100.25,5.25,2001-03-01,2001,3,286.3462577334718,129.95552212930136,68.78132629394531,8.43317985534668,0.08158029615879059,8.514760971069336,26.520389556884766,71.21755981445312,142.73304748535156,238.6946563720703,479.1656494140625
MY_0p5_5.2500_100.7500,100.75,5.25,2001-03-01,2001,3,308.7173503800934,124.70567935026146,135.23218562685213,24.40073155808723,18.1927852378837,42.5935186408032,39.684615255772385,118.51641003838901,236.68235919119294,396.9411026527142,791.8244937589799
MY_0p5_5.2500_101.2500,101.25,5.25,2001-03-01,2001,3,347.9720183841765,116.54607815212673,130.47099381704174,52.67403913830954,67.40900279453822,120.08304215688553,41.31828618125309,124.01151265946645,248.34221341572106,419.48248978872147,833.1545005192831
MY_0p5_5.2500_101.7500,101.75,5.25,2001-03-01,2001,3,364.31155317756026,114.60186998403759,133.10605791419937,62.90139785086275,92.78910820347492,155.69050982044004,42.02479008960117,126.45520335397902,255.00100499049873,437.40099757492175,860.881975113207
MY_0p5_5.2500_102.2500,102.25,5.25,2001-03-01,2001,3,352.2294922846897,121.65571924683394,125.25750248902922,57.61530297880719,98.58976616829064,156.20506723974918,42.06180672129248,126.67262826907405,256.77923467356686,445.2268590258944,870.7405319699815
MY_0p5_5.2500_102.7500,102.75,5.25,2001-03-01,2001,3,321.5472166577069,119.13217177664397,113.83119343903104,58.96612816503492,90.88003737886072,149.84616145764366,41.159303348347294,123.48294957047801,250.4258523714744,434.18411927304027,849.2522165072165
MY_0p5_5.2500_103.2500,103.25,5.25,2001-03-01,2001,3,286.17268348976415,120.7859782466182,116.2533656529018,63.2208170952735,77.59617804242419,140.81698769408388,41.978585825338,126.54858997889927,256.65983323927054,445.0044236616655,870.191391189377
MY_0p5_5.2500_115.2500,115.25,5.25,2001-03-01,2001,3,463.60454091718117,133.64801517609632,151.6361421678887,79.31960709368596,150.16128840211962,229.48089299436478,42.92840607439886,129.49138428734952,263.00124071465166,458.91804729524205,894.3390733062243
MY_0p5_5.2500_115.7500,115.75,5.25,2001-03-01,2001,3,486.4623450850164,128.81529462790186,145.871245199947,87.37608270160221,152.59185703083617,239.96793864621958,42.878973362809525,129.3041153212725,262.4097313832429,456.91280641717424,891.5056028204449
MY_0p5_5.2500_116.2500,116.25,5.25,2001-03-01,2001,3,499.63182985329934,119.4142519793933,136.71360822267172,123.78238745580747,168.3770583430423,292.1594429498986,42.92503833770752,129.5048768248739,263.10150301003756,459.064327674576,894.5957371192642
MY_0p5_5.2500_116.7500,116.75,5.25,2001-03-01,2001,3,537.3164513503449,116.67762534226044,132.7000051087971,155.02439547188675,198.61551632458648,353.6399199087408,43.06620369681829,129.91904208026355,263.8929462674298,460.2980212440973,897.176205405706
MY_0p5_5.2500_117.2500,117.25,5.25,2001-03-01,2001,3,604.843135579427,114.83252282521082,129.26701570541138,176.2821750217014,218.02569013323105,394.30787731352314,43.153777313232425,130.18585025847906,264.4828341045077,461.70223960270954,899.5246967618427
MY_0p5_5.2500_117.7500,117.75,5.25,2001-03-01,2001,3,577.3821219308035,111.65083763485862,123.98785322885666,165.44532218812003,201.59687151227678,367.042205907428,43.05771484375,129.94756532699344,264.2360177176339,461.96814759269586,899.2094525049603
MY_0p5_5.2500_118.2500,118.25,5.25,2001-03-01,2001,3,472.2117320748913,109.70690295954418,122.24470801869776,139.79072923113586,170.87327478493853,310.66400593557177,42.95804101494467,129.703638259013,264.05630580634823,462.8272585534745,899.5452301608527
MY_0p5_5.2500_118.7500,118.75,5.25,2001-03-01,2001,3,374.89027038574227,107.95805143326047,120.5609590742323,113.96003097958037,115.51444837782118,229.4744733174642,42.707830376095245,129.05681292215985,263.2201088799371,462.6627850002713,897.6475423177084
MY_0p5_5.2500_119.2500,119.25,5.25,2001-03-01,2001,3,291.7454340686536,106.56365189325241,119.70110321044922,103.85549926757812,91.35579681396484,195.21128845214844,42.5898551940918,128.74893188476562,262.7957458496094,462.4094543457031,896.5440063476562
MY_0p5_5.7500_100.2500,100.25,5.75,2001-03-01,2001,3,274.9041510229712,130.83363232311902,92.78728660093536,12.00259799257331,0.04789303092781558,12.050491184269617,30.433422998550835,89.50223065297538,176.60870361328122,307.1759632355576,603.7203049965955
MY_0p5_5.7500_100.7500,100.75,5.75,2001-03-01,2001,3,300.72036820669024,127.1414828103686,127.99651585896808,42.764118048350014,28.378692900141083,71.14281108220419,38.34948018391927,114.04297503153484,227.2636124674479,382.792685546875,762.4487526448567
MY_0p5_5.7500_101.2500,101.25,5.75,2001-03-01,2001,3,343.49927743025654,122.69216513445998,133.57811238446573,72.18843096635474,84.24724276985711,156.43567375123035,41.375799704724415,124.19144860215074,248.85409756157344,421.5081896444006,835.929566631167
MY_0p5_5.7500_101.7500,101.75,5.75,2001-03-01,2001,3,360.4029088338216,120.10137119293215,137.4158433278402,86.52996021906536,109.5087754090627,196.0387291590373,42.107434940338145,126.80249284108483,256.1061677296957,440.78443361918136,865.800519816081
MY_0p5_5.7500_102.2500,102.25,5.75,2001-03-01,2001,3,335.869142972506,125.96779290223732,130.09338828449697,67.9891296027084,69.52477767250754,137.51390224675137,41.25654938566163,123.9809402825455,251.6560197823778,436.92024225819387,853.8137443362663
MY_0p5_5.7500_102.7500,102.75,5.75,2001-03-01,2001,3,315.97278703962047,123.05373826999107,101.2770767211914,52.259090423583984,52.58723831176758,104.84632873535156,35.73649978637695,103.86592102050781,210.85325622558594,366.08111572265625,716.5368041992188
MY_0p5_5.7500_103.2500,103.25,5.75,2001-03-01,2001,3,282.3295593261719,124.39266967773438,,,,,,,,,
MY_0p5_5.7500_115.2500,115.25,5.75,2001-03-01,2001,3,476.6031870524088,130.9990737915039,152.51377868652344,81.90542602539062,114.21939086914062,196.12481689453125,42.76407241821289,129.0453643798828,262.32080078125,458.6098937988281,892.7401123046875
MY_0p5_5.7500_115.7500,115.75,5.75,2001-03-01,2001,3,476.8522490518956,126.13702397258734,142.8182887486049,81.00866891770134,128.2769989740281,209.2856706891741,42.59522508893694,128.4555133637928,260.61927112397694,453.221617780413,884.8916300455729
MY_0p5_5.7500_116.2500,116.25,5.75,2001-03-01,2001,3,480.5463253929501,116.1691676790752,134.42554733034163,100.87874112810407,151.78154071626207,252.66028364877852,42.633121502588665,128.53684900677393,260.57283189561633,452.04958951435395,883.7924074203249
MY_0p5_5.7500_116.7500,116.75,5.75,2001-03-01,2001,3,536.1903366815476,110.33230670747302,127.0865036979554,187.1276861039419,223.00957903180807,410.1372728620257,43.05572159782289,129.83596002487909,263.38032885354664,457.8058258541046,894.0778554765004
MY_0p5_5.7500_117.2500,117.25,5.75,2001-03-01,2001,3,633.3073148998175,112.85291829394993,128.26389218880928,275.78393843497383,281.640226634895,557.4241804730628,43.3901196428654,130.90668364804625,265.96414454126204,464.54456962320705,904.8055364085299
MY_0p5_5.7500_117.7500,117.75,5.75,2001-03-01,2001,3,624.1664209759424,111.49776458740234,127.10541944055751,279.26689045541235,264.4321802638521,543.6990794751468,43.375431816049876,130.93842080135477,266.4157910442993,466.94547133477744,907.6751307545093
MY_0p5_5.7500_118.2500,118.25,5.75,2001-03-01,2001,3,516.6083419871442,109.30862102508546,127.10584018283421,224.06686360677085,227.20997361924913,451.2768489583333,43.27336630927192,130.6650451660156,266.0713982476129,467.17837714301214,907.1881857638889
MY_0p5_5.7500_118.7500,118.75,5.75,2001-03-01,2001,3,395.54806782649115,108.27036395439735,127.62926483154297,202.6804962158203,216.80084228515625,419.4813537597656,43.252418518066406,130.60128784179688,265.97412109375,467.20050048828125,907.0283203125
MY_0p5_6.2500_99.7500,99.75,6.25,2001-03-01,2001,3,220.45381314146752,137.01799789129518,102.71705077415288,6.111677069996679,0.004897877162452354,6.116575130196504,32.42513301760651,103.58628809729288,200.99562356638353,331.1335697617642,668.140636355378
MY_0p5_6.2500_100.2500,100.25,6.25,2001-03-01,2001,3,267.9635540246963,132.27858406305313,108.81753200608854,14.589432671605321,0.12872806616051463,14.718161030204927,33.65408161708286,103.39940640196507,203.3849364611567,348.2091823032924,688.6476054288901
MY_0p5_6.2500_100.7500,100.75,6.25,2001-03-01,2001,3,294.165594859473,129.8866152376742,126.80214959221918,47.59382394473986,24.058984561546428,71.65280649192545,38.50218272853542,115.82825646713437,230.58968574199898,390.64967693785445,775.5698096080176
MY_0p5_6.2500_101.2500,101.25,6.25,2001-03-01,2001,3,311.6101294884315,127.63890545184798,131.21844365046576,65.45571652925932,43.901993032602164,109.35770827073318,40.48611855140099,121.45153069129358,242.98295663686898,410.80914212740385,815.7297504131611
MY_0p5_6.2500_101.7500,101.75,6.25,2001-03-01,2001,3,323.28383091517856,128.18131386893134,135.79134303501672,68.71921702793665,42.44033350263323,111.15955156598773,41.500111389160146,125.06464691162108,252.7991324288504,435.1511431012834,854.5150320870534
MY_0p5_6.2500_102.2500,102.25,6.25,2001-03-01,2001,3,310.9862798055013,129.0652876132872,135.4624786376953,59.76028060913086,30.792470932006836,90.55274963378906,41.73582458496094,125.97814178466797,255.71871948242188,443.35345458984375,866.7861328125
MY_0p5_6.2500_115.7500,115.75,6.25,2001-03-01,2001,3,428.1316452026367,121.18921314586292,147.88507080078125,62.63552474975586,92.00812530517578,154.64364624023438,42.29280090332031,127.56587219238281,258.7552185058594,449.1092834472656,877.7232055664062
MY_0p5_6.2500_116.2500,116.25,6.25,2001-03-01,2001,3,439.08948570385314,116.4624417622884,138.87151061070645,87.55700127353752,122.35950422917166,209.9165014191346,42.45087041308702,128.04815156239243,259.7616232985442,450.81796829290846,881.0786334470505
MY_0p5_6.2500_116.7500,116.75,6.25,2001-03-01,2001,3,487.9766028025794,111.17985481383309,127.691014171782,163.49447888571117,199.7648212735615,363.25929768880206,42.8974608406188,129.41759687151227,262.72840702117435,457.03319789341515,892.0766673254587
MY_0p5_6.2500_117.2500,117.25,6.25,2001-03-01,2001,3,583.3957770453559,111.41585581945995,123.95166645352802,213.4967043437655,239.41900503976004,452.9156998891679,42.669385492234,128.4519975450304,261.2806864420573,457.1216857910156,889.5237694149924
MY_0p5_6.2500_117.7500,117.75,6.25,2001-03-01,2001,3,613.6541671752931,111.59300116697948,122.4759152953388,205.4398168374223,222.44672059176264,427.8865215457671,42.49638873094704,127.92624070909291,260.592584442674,457.30761665210383,888.3228434958653
MY_0p5_6.2500_118.2500,118.25,6.25,2001-03-01,2001,3,600.1733245849609,111.62709862845286,123.96916689191545,207.68344279697965,214.48341151646204,422.1668417794364,43.11098289489747,130.2725944519043,265.57762145996094,466.7026247297015,905.663811819894
MY_0p5_6.7500_100.2500,100.25,6.75,2001-03-01,2001,3,262.566764607149,132.75042298260857,114.85931974298813,15.65580064759535,0.22549379724488755,15.881295155076419,35.270453565260944,109.87087883668788,216.34681937273808,360.7317845961627,722.219955444336
MY_0p5_6.7500_100.7500,100.75,6.75,2001-03-01,2001,3,286.51750691731775,130.61777581108944,123.34984899450234,29.98033784936976,5.203923532256374,35.18426174587674,37.873948132550275,114.90552407723888,228.6375585485388,386.33554303204573,767.7525725188079
MY_0p5_6.7500_116.2500,116.25,6.75,2001-03-01,2001,3,439.52483920393314,116.0863353817962,134.85799984815645,154.44618783346039,184.74530550328697,339.1914933367473,42.860764480218656,129.3789884985947,263.0157195300591,458.94267161299547,894.1981335151487
MY_0p5_6.7500_116.7500,116.75,6.75,2001-03-01,2001,3,464.8197998759348,113.98158577084543,125.90905616971345,168.18766483110875,171.2618194097587,339.4494820696563,41.482021859512024,124.3897965020342,252.92726310157022,441.54603027826244,860.3451055594584
MY_0p5_6.7500_117.2500,117.25,6.75,2001-03-01,2001,3,526.3331198407035,111.7572489029322,118.18635954055111,174.0907818954603,169.99188374207083,344.08266307189405,40.448960582766915,120.59754356451795,245.45117970694483,429.5024235818238,836.0001177492395
MY_0p5_6.7500_117.7500,117.75,6.75,2001-03-01,2001,3,584.041005452474,111.04808150397407,119.11627507209778,159.27357578277588,179.83804225921628,339.1116180419922,40.99037945270538,122.53566503524782,249.78208065032962,438.5989780426026,851.9071273803711
MY_0p5_7.2500_116.7500,116.75,7.25,2001-03-01,2001,3,455.23251871424395,113.5644855196514,123.62935107687244,111.97317591128142,104.38191422172214,216.35508834175442,40.343275551173996,120.49313367760699,245.0307967476223,427.4549536663553,833.3221478006113
MY_0p5_7.2500_117.2500,117.25,7.25,2001-03-01,2001,3,448.70252564576293,112.2410776636622,120.54367788214432,90.48472273977178,63.33335372523258,153.8180738750257,39.50678377653423,117.6124183253238,239.1756566097862,416.86546181126636,813.1603130139802
MY_0p5_0.7500_110.2500,110.25,0.75,2001-04-01,2001,4,352.07537560096154,111.34629058837892,113.78062075101414,80.2167243370643,207.93616896409256,288.1528874323919,43.28927582960863,130.64644728440504,265.7624577448919,465.80523071289065,905.5034151517428
MY_0p5_0.7500_110.7500,110.75,0.75,2001-04-01,2001,4,363.86325988769534,112.91607992989675,120.09472383771622,79.41820700509209,199.65498330252507,279.07319510323657,43.30191655840193,130.72006487165177,266.1554194859096,467.73140781947546,907.908820452009
MY_0p5_0.7500_111.7500,111.75,0.75,2001-04-01,2001,4,364.4500722733755,109.90692271883526,115.80909268818205,66.12691086057633,201.10478065127418,267.231673467727,43.272075713626926,130.66093493264822,266.08022199358265,467.3961210704985,907.4093356662327
MY_0p5_1.2500_103.2500,103.25,1.25,2001-04-01,2001,4,209.56211156752505,102.60523594235912,100.14061164855957,16.870364926078103,65.68249667774549,82.5528574856845,39.17549159310081,116.39286821538752,237.94623392278498,420.29356522993606,813.8081623424183
MY_0p5_1.2500_103.7500,103.75,1.25,2001-04-01,2001,4,192.8225573197152,100.71431835878244,92.3326381201883,17.456566171738707,74.08152533966361,91.53809104845361,40.42593676372639,121.10082904111992,247.63086100457946,437.7264036900789,846.8840432768887
MY_0p5_1.2500_104.2500,104.25,1.25,2001-04-01,2001,4,187.61161869594028,100.67193341936384,83.28553771972656,18.651470184326172,85.0731430053711,103.72461700439453,42.08757019042969,127.3311996459961,260.4375305175781,460.7479248046875,890.604248046875
MY_0p5_1.2500_109.7500,109.75,1.25,2001-04-01,2001,4,330.5082798233951,113.09995949986471,112.97660515107306,83.76463078878014,196.20109190423807,279.96572361222235,43.258429377912044,130.6325569612434,266.09884864163683,467.8240371152579,907.8138868952371
MY_0p5_1.2500_110.2500,110.25,1.25,2001-04-01,2001,4,346.53645519124046,111.86568159302233,114.2302951591816,82.2945994078883,211.01098886143748,293.30558659026985,43.299754448378884,130.6936921815615,265.9227497586873,466.3347798351156,906.2509767981571
MY_0p5_1.2500_110.7500,110.75,1.25,2001-04-01,2001,4,357.58970966641857,112.82567034524583,121.35369732569133,72.53302779424756,197.60301029265872,270.136042180137,43.289953165205695,130.69151819622704,266.1324063740079,467.7839507572234,907.8978416806175
MY_0p5_1.2500_111.2500,111.25,1.25,2001-04-01,2001,4,361.81013883645545,111.64667379360995,119.38012709937539,75.07410408970648,194.1354855668431,269.2095825390313,43.26973600052416,130.6408014267017,266.04087746714634,467.5455079490004,907.4969312771441
MY_0p5_1.2500_111.7500,111.75,1.25,2001-04-01,2001,4,364.1593046642485,109.22027757432726,115.39432004898315,70.39538610549201,207.00212775336368,277.39750356522813,43.28698288448273,130.69860428098647,266.1182498023623,467.301276312934,907.4050951760911
MY_0p5_1.2500_112.2500,112.25,1.25,2001-04-01,2001,4,367.39864756008086,106.46292861706107,115.84210658194449,81.46300886125128,196.94055872883285,278.4035642982134,43.22426713662704,130.52172270644132,265.78348847210106,466.60063922707803,906.1301151798459
MY_0p5_1.2500_112.7500,112.75,1.25,2001-04-01,2001,4,385.6451841990154,103.06574074427286,116.571307182312,111.18216482798259,203.50877221425372,314.6909294128418,43.19877473513286,130.398086865743,265.2709674835205,464.4950599670411,903.3628946940103
MY_0p5_1.2500_113.2500,113.25,1.25,2001-04-01,2001,4,399.85958066193956,100.75756842571757,117.07826458474864,103.62220790697181,215.61018942128055,319.23239348038385,43.28418423196544,130.61907839567763,265.586928127123,464.8169393788213,904.3071384595787
MY_0p5_1.2500_113.7500,113.75,1.25,2001-04-01,2001,4,414.0783127293442,98.58062281753077,116.76344039223409,88.70972159414579,224.41858314745352,313.1283104636452,43.34958533084753,130.80344090317234,265.92500443892044,465.4575121330492,905.5355465050899
MY_0p5_1.2500_114.2500,114.25,1.25,2001-04-01,2001,4,430.7011753858718,95.64612039211578,118.48209597157165,79.1004301763214,232.94743266147853,312.0478596645119,43.41881517393399,131.00136370363487,266.3134568476044,466.35284666888487,907.0864592695658
MY_0p5_1.2500_114.7500,114.75,1.25,2001-04-01,2001,4,438.4570578298261,91.85036247007308,119.40432468537361,72.91190042803365,257.4070995699975,330.31900615076864,43.515010587630734,131.25845238470262,266.68364494077616,466.5436864053049,908.0008151146674
MY_0p5_1.7500_102.7500,102.75,1.75,2001-04-01,2001,4,223.70070239325256,105.19117171988304,117.96492123603821,24.883567452430725,82.08587145805359,106.96943974494934,41.35146117210388,124.14079546928406,253.4041690826416,446.7620458602906,865.658483505249
MY_0p5_1.7500_103.2500,103.25,1.75,2001-04-01,2001,4,200.42372478941698,101.93785348546092,117.12876102447511,19.25888647079468,65.22513330459596,84.48401718139647,41.11155389785767,123.42145324707032,252.2140939331055,445.2158540344239,861.9629678344726
MY_0p5_1.7500_103.7500,103.75,1.75,2001-04-01,2001,4,186.88884575759306,100.62657361090938,105.21847874605204,17.403153407422803,58.888438514516324,76.29159186157999,41.054233864892886,123.44346447232402,252.42997925190983,445.7407910310769,862.6684730626359
MY_0p5_1.7500_104.2500,104.25,1.75,2001-04-01,2001,4,185.70236024856567,100.83443908691406,99.64461960903435,18.8622844903044,61.47414090651874,80.3364284426667,42.07814865703731,127.33089825534083,260.4807093420694,460.19262789940655,890.0823870518411
MY_0p5_1.7500_109.7500,109.75,1.75,2001-04-01,2001,4,331.5133509081463,113.1159758900487,112.9595718383789,84.30241394042969,195.6934356689453,279.995849609375,43.257598876953125,130.6334991455078,266.11676025390625,467.9197998046875,907.9276733398438
MY_0p5_1.7500_110.2500,110.25,1.75,2001-04-01,2001,4,337.24028152294375,112.82223726523044,114.86842227874594,86.04430617878144,212.78649910503532,298.830812178831,43.30544444201465,130.7466747263536,266.18299482212984,467.3761588519907,907.6112674162349
MY_0p5_1.7500_110.7500,110.75,1.75,2001-04-01,2001,4,345.5004868940873,112.26177978515624,123.19398345947263,58.286426544189446,186.32930603027344,244.6157325744629,43.23457508087158,130.55300521850586,265.9744262695312,467.83845825195306,907.6004760742187
MY_0p5_1.7500_111.2500,111.25,1.75,2001-04-01,2001,4,346.90599849640375,110.1639439174107,120.25635014023892,62.67497225029524,183.4875227817269,246.16249645144438,43.20638912112214,130.48553991983104,265.8817536110102,467.68136355377914,907.2550344067952
MY_0p5_1.7500_111.7500,111.75,1.75,2001-04-01,2001,4,355.98429696771154,107.56126007852673,114.44059970710849,74.52526722678654,193.88543802575217,268.4107088016558,43.21437067925174,130.50929801071743,265.8853491288197,467.3333954630018,906.942407535601
MY_0p5_1.7500_112.2500,112.25,1.75,2001-04-01,2001,4,366.3509517609127,105.13050696963356,114.77752954392206,89.48242107573009,187.91121821327812,277.39363819909477,43.15710018097408,130.330123804486,265.44078640407986,466.0197015671502,904.9477172851562
MY_0p5_1.7500_112.7500,112.75,1.75,2001-04-01,2001,4,379.5087877061632,103.61860877143013,117.2732190571134,103.97838096013145,186.4995796809121,290.47795448908727,43.149906025235616,130.28515295603918,265.24686540876115,465.30774071103053,903.9896670386905
MY_0p5_1.7500_113.2500,113.25,1.75,2001-04-01,2001,4,395.6067314026848,102.14998583112444,118.93790610177177,106.08241201733784,203.01981109134735,309.1022154792907,43.25010080488901,130.5480445014106,265.64028795030384,465.76179383293027,905.2002361963665
MY_0p5_1.7500_113.7500,113.75,1.75,2001-04-01,2001,4,408.53291868179565,99.76817057776073,118.59645344567679,93.49611712258961,224.4600106859964,317.95612676711306,43.34156709701296,130.78443840874564,265.92330361018105,465.5932875860305,905.6426085456968
MY_0p5_1.7500_114.2500,114.25,1.75,2001-04-01,2001,4,418.944535609654,96.8372354658823,120.75345592196025,79.43275439550006,223.61303749689975,303.04578324575266,43.369039275154236,130.8611629425533,266.06092761811755,465.92367941235733,906.2147879464285
MY_0p5_1.7500_114.7500,114.75,1.75,2001-04-01,2001,4,413.14922716209924,94.46342365482312,122.10165104841322,85.02743700254766,211.93118048949566,296.9586184803068,43.2989520927785,130.65512891383986,265.62299390407424,464.8573940454987,904.4344871402404
MY_0p5_2.2500_101.7500,101.75,2.25,2001-04-01,2001,4,274.5224335025056,107.12597278633504,121.46359052561749,36.70114706020163,86.99814621125809,123.69929396504106,42.266701284081044,127.42110419995858,259.837565412425,457.2737605547664,886.7991283686475
MY_0p5_2.2500_102.2500,102.25,2.25,2001-04-01,2001,4,244.86059701727905,105.85363835238952,120.94377034018484,24.620765749917645,78.78783219624933,103.40859824732729,41.96559079183916,126.38817987031344,257.62239118512167,452.5322443765887,878.5083989047546
MY_0p5_2.2500_102.7500,102.75,2.25,2001-04-01,2001,4,218.1892771177654,104.50518781927566,123.83381223074998,20.360733158980743,68.50079297415817,88.86152487163302,41.915385077271274,126.29416093947012,257.8958294059657,454.7553934024859,880.8607799674891
MY_0p5_2.2500_103.2500,103.25,2.25,2001-04-01,2001,4,187.73652275933156,101.31199893043154,126.69131801544674,19.719079208374023,53.24162975492931,72.96070743136936,41.990742444235174,126.72949867854042,258.7353023468502,455.24167490156873,882.6972135029143
MY_0p5_2.2500_103.7500,103.75,2.25,2001-04-01,2001,4,173.78992987163994,101.4982713602357,124.11887646691274,17.880063234749482,31.213365645327812,49.09342867317846,41.5602737297446,125.42444711458884,256.3054720603813,450.73034543829436,874.0205297437764
MY_0p5_2.2500_104.2500,104.25,2.25,2001-04-01,2001,4,175.94663666515817,102.4743629393539,125.4148299162053,18.134626609234772,19.619911430295833,37.754538575479806,41.957288726302224,127.02235519787497,259.9465415261008,458.1503936515367,887.076568855727
MY_0p5_2.2500_104.7500,104.75,2.25,2001-04-01,2001,4,177.80392456054688,104.14423370361328,,,,,,,,,
MY_0p5_2.2500_109.7500,109.75,2.25,2001-04-01,2001,4,337.43584319083925,112.69737908147997,,,,,,,,,
MY_0p5_2.2500_111.2500,111.25,2.25,2001-04-01,2001,4,328.49506437778473,108.4901881814003,115.64973236532771,65.13863013772402,159.38304631850298,224.521676456227,43.06220217312083,130.12155981624824,265.46508295395796,467.7994730332318,906.4483157887177
MY_0p5_2.2500_111.7500,111.75,2.25,2001-04-01,2001,4,335.42547365218877,107.13369203597782,116.00147341773622,66.18331979418558,159.572167726547,225.75548633393785,43.06141364687965,130.1166188557943,265.44109283931675,467.7066064259363,906.3257345532614
MY_0p5_2.2500_112.2500,112.25,2.25,2001-04-01,2001,4,347.2910045805432,105.84729694184803,117.3481947883727,78.15527854798331,163.42050776405938,241.5757825094556,43.07022719610305,130.12215905567956,265.3348385765439,467.0767137315538,905.6039519779265
MY_0p5_2.2500_112.7500,112.75,2.25,2001-04-01,2001,4,362.76693754650296,104.51839054652623,119.57279311891587,96.35492890373108,171.6504690503317,268.0053941514757,43.115490831647605,130.22859884595113,265.40814179920017,466.77077472020693,905.5230187794518
MY_0p5_2.2500_113.2500,113.25,2.25,2001-04-01,2001,4,381.9871873643664,103.3518032013424,121.91366950141061,102.20025157625713,180.45412859235495,282.65437883649554,43.159156787206264,130.34068579295325,265.5527835906498,466.7985009571863,905.8511288597471
MY_0p5_2.2500_113.7500,113.75,2.25,2001-04-01,2001,4,387.8903578746168,100.5892219060584,121.63550968411604,85.79368383673173,194.4168816578539,280.2105656394476,43.17261594458472,130.3198672427407,265.1522995188267,464.47919908354567,903.1240027705327
MY_0p5_2.2500_114.2500,114.25,2.25,2001-04-01,2001,4,383.3001769050719,98.31252141074529,122.94618544805617,68.70374698941669,176.3507580469525,245.05449397980223,43.11925710042317,130.13791237482948,264.6785921611483,463.25395963154136,901.189718579489
MY_0p5_2.2500_114.7500,114.75,2.25,2001-04-01,2001,4,378.9774915141444,95.62370866344821,123.40876078451836,76.12579292789584,169.6147829609533,245.74057321856102,43.06847983329527,129.9912076888546,264.3688444076046,462.52250051190777,899.9510356287805
MY_0p5_2.2500_115.2500,115.25,2.25,2001-04-01,2001,4,358.12353515625,94.5899887084961,129.72479248046875,82.33868408203125,124.08102416992188,206.41970825195312,42.5362663269043,128.35487365722656,260.74658203125,453.78631591796875,885.424072265625
MY_0p5_2.7500_101.2500,101.25,2.75,2001-04-01,2001,4,287.4244384765625,107.643798828125,117.83885955810547,41.379573822021484,125.87940979003906,167.2589874267578,42.7740478515625,129.26495361328125,263.8462219238281,465.44793701171875,901.3331909179688
MY_0p5_2.7500_101.7500,101.75,2.75,2001-04-01,2001,4,271.3394781883727,105.81930347789417,109.9934116710316,39.85347539034757,108.6363952359286,148.489875571511,42.40881461403586,128.06534146395595,260.8618147416548,457.6636818625709,888.9996275745737
MY_0p5_2.7500_102.2500,102.25,2.75,2001-04-01,2001,4,231.37685977425545,104.12953195754129,125.7397409183964,19.676196429380187,54.14958109521562,73.82577831729961,42.19085895028084,127.41061083070791,259.41443677768586,453.50917315634956,882.5250798122138
MY_0p5_2.7500_102.7500,102.75,2.75,2001-04-01,2001,4,197.65033263194408,104.23908240885673,130.64461623566058,16.09576295297357,36.84496694878687,52.940729044660735,42.25355714484107,127.79389787022069,261.2011800838422,460.59766204447686,891.8463125108162
MY_0p5_2.7500_103.2500,103.25,2.75,2001-04-01,2001,4,173.72233950863978,103.50057310359495,126.07168394441058,16.708234592607827,27.302379346956872,44.0106134839878,41.10805453160766,123.74821071260294,252.79842226064886,444.45368092530856,862.1083616997786
MY_0p5_2.7500_103.7500,103.75,2.75,2001-04-01,2001,4,164.2087978197181,104.15002998683762,120.46637532458327,15.639250601491621,16.480431420462473,32.11968176705497,40.12978176697058,120.30857005317091,245.8725785637781,432.06255456599223,838.3734690582698
MY_0p5_2.7500_104.2500,104.25,2.75,2001-04-01,2001,4,171.35220718383786,103.65770620458267,127.09430694580078,17.00516128540039,12.114706993103027,29.1198673248291,41.841163635253906,126.68769836425781,259.296875,456.82525634765625,884.6510009765625
MY_0p5_2.7500_111.2500,111.25,2.75,2001-04-01,2001,4,312.56036334859914,107.44174488988416,119.65422304938821,59.924642338472246,135.0549805585076,194.97962054084329,42.96484745250029,129.8615332210765,265.1100427964154,467.75651191262637,905.6929357192096
MY_0p5_2.7500_111.7500,111.75,2.75,2001-04-01,2001,4,320.75081084204504,106.74970664352668,119.78763652669971,65.81193549057532,146.46606412427178,212.27799882559938,43.01108838771951,129.983057153636,265.26667956648197,467.74091496960864,906.0017321356411
MY_0p5_2.7500_112.2500,112.25,2.75,2001-04-01,2001,4,335.6208341574367,106.32760209675078,121.75526270548502,83.21923304239908,157.6904056294759,240.90963734944663,43.06881462097168,130.13050165812174,265.43405049641933,467.6677489217122,906.3011189778646
MY_0p5_2.7500_112.7500,112.75,2.75,2001-04-01,2001,4,356.80523333972013,105.86976258965986,123.57506389859356,101.687318584587,184.8507796661763,286.53809926479676,43.18402068222625,130.43272964863837,265.80733451360385,467.55978818482987,906.983901977539
MY_0p5_2.7500_113.2500,113.25,2.75,2001-04-01,2001,4,380.95967039078,105.16785552009704,125.63966623942056,106.54143732464502,193.9013494582403,300.44278748527404,43.221780504499165,130.53105807834203,265.9213218083457,467.4497929648748,907.1239484514508
MY_0p5_2.7500_113.7500,113.75,2.75,2001-04-01,2001,4,385.8269108085875,103.31204493334339,125.75329713760668,87.16673371138845,179.6440989986347,266.81083441084354,43.152174785638316,130.2891372389095,265.2413074469111,465.33263178539886,904.0152696743133
MY_0p5_2.7500_114.2500,114.25,2.75,2001-04-01,2001,4,375.4198183470134,100.67596213425261,124.76068851615807,70.52008322220813,169.50055211707007,240.0206282893314,43.10252136520192,130.0881670698335,264.57736418518834,463.06498380250565,900.833054168315
MY_0p5_2.7500_114.7500,114.75,2.75,2001-04-01,2001,4,364.72331937559096,100.46756780830918,127.54161217561953,70.21426784005133,178.40680490481623,248.62106658546787,43.1352659091828,130.18362353865507,264.77803000674885,463.58920220053125,901.6861111586262
MY_0p5_2.7500_115.2500,115.25,2.75,2001-04-01,2001,4,356.31493453292154,97.18850914207664,127.35435348373275,71.94176806200731,113.7633827828072,185.70515084481454,42.444222355748074,128.02914304991026,259.7938903258727,450.79233860325166,881.0596027546101
MY_0p5_3.2500_101.2500,101.25,3.25,2001-04-01,2001,4,283.3303866916233,108.72619136112672,123.52568437153263,46.541204905231645,118.50854331881156,165.0497494114976,42.79714657082168,129.34840535560934,264.0224573751368,465.49547959858336,901.6635089087579
MY_0p5_3.2500_101.7500,101.75,3.25,2001-04-01,2001,4,262.70776585992775,103.77274961532304,113.60839454991044,39.18644284898309,102.12095496305236,141.30740220379678,42.262877956317496,127.57777003877484,259.4666716946159,452.6703201585515,881.9776426667621
MY_0p5_3.2500_102.2500,102.25,3.25,2001-04-01,2001,4,207.91554793100505,105.5020972600059,131.08384108770463,18.587907891046434,36.94030592782156,55.52821307712131,42.070494164360895,127.14534246051122,259.32290717230904,454.6628890749008,883.201607452877
MY_0p5_3.2500_102.7500,102.75,3.25,2001-04-01,2001,4,172.4889641290978,106.0612558292437,132.66290201114703,14.902368116982375,22.038078978091857,36.94044699849962,41.91745288462579,126.78656133820739,259.06790798525265,455.6043119792697,883.3762220551695
MY_0p5_3.2500_103.2500,103.25,3.25,2001-04-01,2001,4,161.64816960139075,106.71069750956683,121.07502816166085,15.420449673158728,16.359599610493316,31.780049712339522,40.11239884963642,120.24603420593064,245.756326631925,432.0208458915984,838.1355887049572
MY_0p5_3.2500_112.2500,112.25,3.25,2001-04-01,2001,4,333.62438015407986,106.70355953640409,123.6065661960178,83.57037590874566,146.96852586534288,230.53890177408854,43.041283416748044,130.0603790283203,265.36308593750005,467.84809502495665,906.312835015191
MY_0p5_3.2500_112.7500,112.75,3.25,2001-04-01,2001,4,362.67200691469253,107.17323647775957,128.02219284557907,100.04760010516057,181.9566083814277,282.0042134269339,43.20157257455294,130.47876814545177,265.88197851962735,467.76262577244495,907.3249566750449
MY_0p5_3.2500_113.2500,113.25,3.25,2001-04-01,2001,4,394.10891918669967,108.1443082479606,132.39441842743844,105.7550992676706,193.47939999898276,299.2344954519561,43.255812717206545,130.6195612820712,266.0634843074914,467.7615837328362,907.7004387595437
MY_0p5_3.2500_113.7500,113.75,3.25,2001-04-01,2001,4,400.1921374124194,107.86969325958735,130.8817181299603,96.51645362490699,200.5108190627325,297.0272706046937,43.27230722336542,130.6497307671441,266.0158136276972,467.21330711728046,907.1511776878721
MY_0p5_3.2500_114.2500,114.25,3.25,2001-04-01,2001,4,392.1839626822502,106.99348738846504,128.87864031457596,80.15222977073329,203.6285459190417,283.78077386746736,43.27912784989472,130.6055647248675,265.5982364727433,465.1447895803269,904.6277220902168
MY_0p5_3.2500_114.7500,114.75,3.25,2001-04-01,2001,4,375.74426910983533,108.3525831623442,133.1047018257676,85.88020404888569,210.59156947530764,296.4717664779372,43.31190591557011,130.69088351498746,265.7347853350791,465.3949037782706,905.1324876918915
MY_0p5_3.2500_115.2500,115.25,3.25,2001-04-01,2001,4,355.0058443093601,102.47692250601852,125.342619062979,80.69575705709336,124.48286092734035,205.17861653581448,42.53580611265158,128.3038149000723,260.3206961909427,451.60664696029465,882.7669613995129
MY_0p5_3.2500_115.7500,115.75,3.25,2001-04-01,2001,4,351.62481620874297,99.19674142558924,123.5269118748354,116.9982034061732,158.0226028956724,275.0207931004213,42.77759676301078,129.099297341336,262.31002464723053,456.89731040697416,891.0842086277652
MY_0p5_3.7500_100.7500,100.75,3.75,2001-04-01,2001,4,280.33026123046875,113.22876739501953,123.50489044189453,52.09321594238281,119.55669403076172,171.64991760253906,42.86088180541992,129.55770874023438,264.5086364746094,466.58697509765625,903.5142211914062
MY_0p5_3.7500_101.2500,101.25,3.75,2001-04-01,2001,4,284.628137973392,109.11117136439847,127.92705585269867,52.11017803698296,135.72859861009715,187.83877183241367,42.860294317350416,129.4526543972176,263.73494772309243,462.8987606505361,898.9466866798772
MY_0p5_3.7500_101.7500,101.75,3.75,2001-04-01,2001,4,252.65804083207075,103.21722577331934,127.88742259809169,26.815008306199584,80.20385896476213,107.01886632639892,42.25255004008105,127.56075675624191,259.4233304163453,452.0392823431902,881.275912145141
MY_0p5_3.7500_102.2500,102.25,3.75,2001-04-01,2001,4,185.37065177796376,104.4342542133634,134.66340414380272,15.039507299756249,39.685064739651146,54.72457108270554,41.86392330593533,126.45905928838819,257.5209417433966,449.35952177501866,875.2034377325149
MY_0p5_3.7500_102.7500,102.75,3.75,2001-04-01,2001,4,145.95845632401722,107.63851405552455,131.8459955609034,11.592217908586774,21.773509585668172,33.36572741553897,41.58564447069925,125.70551498655288,256.3653340657552,448.20252995566716,871.8590153769841
MY_0p5_3.7500_103.2500,103.25,3.75,2001-04-01,2001,4,142.65646672343826,108.47061728671251,121.57375015557982,14.27613680970435,20.34747721728157,34.62361401576622,41.05697926540001,123.82847122491576,252.62120421166514,441.7058684704351,859.2125213024663
MY_0p5_3.7500_113.2500,113.25,3.75,2001-04-01,2001,4,401.79094600677496,111.02920520305634,132.92086491819288,83.1124526477251,161.5518383588947,244.66429013111556,43.138554057136915,130.30823904569033,265.648193359375,467.76615430487965,906.8611610287526
MY_0p5_3.7500_113.7500,113.75,3.75,2001-04-01,2001,4,409.642914023865,112.57895846896699,129.39804533924485,69.58901512121305,156.6391303793898,226.2281520312658,43.111248250918095,130.23940037600818,265.56816027002424,467.78792248574666,906.7067495796673
MY_0p5_3.7500_114.2500,114.25,3.75,2001-04-01,2001,4,407.7538690597681,113.58082120380703,130.25298384409103,62.8194083561973,174.85844295441157,237.67785290914867,43.197749837239584,130.4436218746125,265.7352503216456,467.3111637176029,906.6877857995412
MY_0p5_3.7500_114.7500,114.75,3.75,2001-04-01,2001,4,394.72214791434146,113.99217248341395,132.60298839750743,88.08407713874936,200.07689066084603,288.16097770569814,43.27288331531342,130.62422378782242,265.8464605422247,466.504834468781,906.2484134734623
MY_0p5_3.7500_115.2500,115.25,3.75,2001-04-01,2001,4,373.48851512121774,105.82832685198103,123.26427665589347,93.58959759909008,166.44905271984283,260.0386499798487,42.79936218261719,129.1214629158141,262.1322004045759,455.6717699807787,889.7247905428447
MY_0p5_3.7500_115.7500,115.75,3.75,2001-04-01,2001,4,364.64568828335763,99.4661695631288,124.4184474807849,125.99607673480355,194.1354154957284,320.1314872906362,42.94001591634407,129.55112045617412,263.06915305158213,457.78883702120334,893.3491074815928
MY_0p5_4.2500_100.7500,100.75,4.25,2001-04-01,2001,4,325.1192226409912,114.85385056743472,128.01518193459026,60.0072369166783,155.59066685267857,215.59790101343273,43.000219555290386,129.90404974489797,264.88604624222734,466.24983844367824,904.0401379643655
MY_0p5_4.2500_101.2500,101.25,4.25,2001-04-01,2001,4,302.8694497041924,107.39820757337436,127.98748213166645,54.00266715371684,141.8635522392905,195.86621540822802,42.758350032150375,129.00959515419737,262.0990664731165,456.7281638953337,890.5951794666848
MY_0p5_4.2500_101.7500,101.75,4.25,2001-04-01,2001,4,242.33439992793242,107.04029970504224,143.9109176538242,27.497580062086215,65.60284080139746,93.10042067457694,42.43689541313976,128.22660028134675,261.4461879547412,458.8948217032436,891.0045251815847
MY_0p5_4.2500_102.2500,102.25,4.25,2001-04-01,2001,4,163.55488908176608,110.34795240700818,143.92452739679015,14.997229825955229,43.76026854347498,58.7574984760711,42.1142151561408,127.29932352376822,259.7006440086487,455.58402415510193,884.6982302924696
MY_0p5_4.2500_102.7500,102.75,4.25,2001-04-01,2001,4,118.37156509593794,109.87422299233214,130.15862874316562,10.302117403905104,42.601430012162325,52.903548501859056,41.52767550717494,125.41813351090548,255.13360926148238,443.3182208796215,865.3976411272768
MY_0p5_4.2500_103.2500,103.25,4.25,2001-04-01,2001,4,114.88008111644642,111.8108357552452,118.64409430101776,10.434659703683357,25.61155456117637,36.046215402955376,41.31682740852808,124.85913816977047,254.45399863213197,443.40563592678166,864.0355994460476
MY_0p5_4.2500_113.7500,113.75,4.25,2001-04-01,2001,4,420.280762445359,116.90188933863786,126.40969236841744,47.14127907663022,114.4632205603258,161.60449593022184,42.93738250012668,129.76067222739167,264.8366604211196,467.2350924509877,904.7698180000737
MY_0p5_4.2500_114.2500,114.25,4.25,2001-04-01,2001,4,423.2486662924539,118.24793420150934,126.79724412719256,42.434927421186885,109.90852762465312,152.3434537202695,42.925324576241636,129.71702605140717,264.74164796335816,467.10111157038045,904.4851090714739
MY_0p5_4.2500_114.7500,114.75,4.25,2001-04-01,2001,4,417.22093546549485,118.33777745564781,131.9628379313151,80.43209671020509,189.0634521484375,269.4955477905274,43.23844345092773,130.5349533081055,265.75953552246096,466.76252746582037,906.2954630533856
MY_0p5_4.2500_115.2500,115.25,4.25,2001-04-01,2001,4,407.576630168491,112.82426351971098,126.12071810828314,103.08753397729662,184.11959075927737,287.2071371078492,42.930255929629006,129.53858847088284,263.0645576053196,457.7719256083171,893.305294248793
MY_0p5_4.2500_115.7500,115.75,4.25,2001-04-01,2001,4,398.84566195213193,104.3484028961699,123.67719126555879,130.14061990511624,213.96856798075015,344.1091895151947,43.08447885028388,130.00351190082097,264.0451677742651,459.9073487362621,897.0405227919757
MY_0p5_4.2500_116.2500,116.25,4.25,2001-04-01,2001,4,388.9786486741973,111.0332910956406,124.69826926254648,159.81850586867915,228.9747882936059,388.7932791360995,43.21908736810452,130.41278690245096,264.9853744506836,462.44671593642823,901.0639849406919
MY_0p5_4.2500_116.7500,116.75,4.25,2001-04-01,2001,4,370.07806537606126,114.2421131905793,121.49979735798918,140.81612405060343,200.11507358440778,340.9311982083183,43.103659921987905,130.12354362355492,264.69446929755236,462.9953136995349,900.9169981851744
MY_0p5_4.2500_117.2500,117.25,4.25,2001-04-01,2001,4,342.29220999658634,115.97441448785564,121.03640348721396,97.60643423975043,157.69950353571798,255.30594364942704,42.94058884139611,129.7184922885051,264.32183446293385,463.9678436549365,900.9487871828335
MY_0p5_4.2500_117.7500,117.75,4.25,2001-04-01,2001,4,301.88606320894684,115.34879293197241,114.74825414021811,56.18279711405437,97.28532514001569,153.46812223776794,41.18139488676675,123.56123769385185,251.99994405110678,442.5502331073468,859.2928237262954
MY_0p5_4.2500_118.2500,118.25,4.25,2001-04-01,2001,4,237.63363129911366,114.3350629750748,105.61544799804689,31.45491496772523,50.64997739852614,82.10489042245659,38.214588262472944,112.91327939367598,230.28044585209744,403.7825171598204,785.190828942949
MY_0p5_4.2500_118.7500,118.75,4.25,2001-04-01,2001,4,202.59185112847223,114.13658537688079,101.46804809570312,26.503734588623047,38.09612274169922,64.599853515625,36.5678596496582,106.9347915649414,218.04470825195312,382.01416015625,743.5615234375
MY_0p5_4.7500_100.2500,100.25,4.75,2001-04-01,2001,4,359.7267727322049,121.23415629069011,,,,,,,,,
MY_0p5_4.7500_100.7500,100.75,4.75,2001-04-01,2001,4,340.710720114512,116.3483443434221,133.3351112303695,50.6488235752757,122.61149618877627,173.26032312904914,42.738150542344506,129.0719157893483,262.87104574063926,460.774622723339,895.4557177535887
MY_0p5_4.7500_101.2500,101.25,4.75,2001-04-01,2001,4,296.0973871780655,108.65175553579179,129.49661114405072,38.125613978552444,112.63443620469836,150.76004781571646,42.35440966893756,127.8128400530134,259.58233768523684,450.85008196149545,880.5996849423362
MY_0p5_4.7500_101.7500,101.75,4.75,2001-04-01,2001,4,223.57781928967523,111.58960103837272,146.2088543119885,22.667592472500274,66.45268821716309,89.12028190976098,42.07361255221897,127.0908713931129,258.7756055075025,451.8641884455606,879.8042821490577
MY_0p5_4.7500_102.2500,102.25,4.75,2001-04-01,2001,4,144.352687000093,115.55835782005671,138.41788170224143,11.868713224501835,52.50317495436896,64.37188829694475,41.651646205357146,125.81094498407273,255.9849205380394,445.2535037086124,868.7010306222099
MY_0p5_4.7500_102.7500,102.75,4.75,2001-04-01,2001,4,100.74339624878706,115.10442391170817,125.42529658906776,8.780198967380887,38.58727935620932,47.36747676096144,41.145344242168825,124.31809778881677,252.97560109909932,439.045490629354,857.4845221452651
MY_0p5_4.7500_103.2500,103.25,4.75,2001-04-01,2001,4,99.90742058776564,116.89787810596069,109.97693971866173,7.269120781184124,24.79114212937021,32.06026373226265,39.35402214923028,117.97333259160231,239.99673681505496,415.60467619385673,812.9287541801201
MY_0p5_4.7500_103.7500,103.75,4.75,2001-04-01,2001,4,99.2146847373561,117.92613983154297,94.99688611711774,6.66597657389455,10.764118392746168,17.43009496664072,35.858866803057786,105.0872087354784,213.9257723325259,371.0399165958553,725.911757432021
MY_0p5_4.7500_113.7500,113.75,4.75,2001-04-01,2001,4,419.35040283203125,120.47468566894531,,,,,,,,,
MY_0p5_4.7500_114.2500,114.25,4.75,2001-04-01,2001,4,419.35040283203125,121.36803327287947,127.15435028076172,43.09193801879883,96.29209899902344,139.384033203125,42.84968566894531,129.52247619628906,264.4937438964844,467.0546875,903.9205932617188
MY_0p5_4.7500_114.7500,114.75,4.75,2001-04-01,2001,4,417.6013761130713,124.73179404966292,133.25446106285176,80.26056412727604,168.47173120642222,248.73230439873151,43.14607292093257,130.295649538758,265.4511351226479,466.7595221406671,905.6523726268482
MY_0p5_4.7500_115.2500,115.25,4.75,2001-04-01,2001,4,409.35244083404535,123.50594810644785,137.03999845186868,116.79176855087277,194.82750058174125,311.619249900182,43.05614207188288,129.92939885457355,263.97566382090247,460.2676140467325,897.2288344701129
MY_0p5_4.7500_115.7500,115.75,4.75,2001-04-01,2001,4,394.0636914450024,115.41776544480096,134.68582850864954,96.2230475289481,197.30709349617123,293.5301289876302,43.10473638867575,130.07241627526662,264.31192035977807,461.2165477934338,898.7056272476439
MY_0p5_4.7500_116.2500,116.25,4.75,2001-04-01,2001,4,362.36106732080844,114.09713168674041,136.18903547014506,103.88727070641892,211.5806019132099,315.46786770290794,43.20415815323118,130.3893566313244,265.1051156180245,463.5398297022258,902.2384614490325
MY_0p5_4.7500_116.7500,116.75,4.75,2001-04-01,2001,4,334.5851390210888,114.68655499325523,129.2387452427345,82.00017942356158,186.1145261450659,268.11470659473275,43.04464052900484,129.94440566437152,264.3230787832526,462.2267691696746,899.5389124230494
MY_0p5_4.7500_117.2500,117.25,4.75,2001-04-01,2001,4,311.71815902467756,114.76118958488341,124.7567654564267,54.90136523776584,153.11386713905938,208.01523214673236,42.86328654213557,129.41406487358938,263.3140473865327,460.44255923316587,896.0339551168777
MY_0p5_4.7500_117.7500,117.75,4.75,2001-04-01,2001,4,268.8620187783543,115.09728533105003,123.55979221682003,42.31688761409325,105.7952079772949,148.11209454113921,42.55355575416661,128.51944959616358,261.6526134828978,457.6281329770631,890.3537431547912
MY_0p5_4.7500_118.2500,118.25,4.75,2001-04-01,2001,4,216.55841578191252,115.10318035336597,125.36882678468027,39.155464383225954,73.03771596937325,112.1931798350272,42.307169602743954,127.82588176631452,260.42683310964003,455.6790098257401,886.2388879210506
MY_0p5_4.7500_118.7500,118.75,4.75,2001-04-01,2001,4,186.9799574839918,114.34216839754129,128.18635047236575,35.03660281700424,42.35507423062868,77.39167718042302,41.785376343546034,126.28171915947637,257.27864596209946,449.06075084058546,874.4064972310126
MY_0p5_5.2500_100.2500,100.25,5.25,2001-04-01,2001,4,336.9017974324309,123.67454365636573,75.74297332763672,23.19317626953125,29.69539451599121,52.88856887817383,28.200605392456055,76.34513854980469,155.07620239257812,269.84136962890625,529.4633178710938
MY_0p5_5.2500_100.7500,100.75,5.25,2001-04-01,2001,4,312.13159169714436,119.99973120870472,139.28034596059516,37.98899166063331,83.30633270877533,121.2953242597909,41.4313899730814,124.53149449140177,252.9749541885551,439.7745578809717,858.712417076374
MY_0p5_5.2500_101.2500,101.25,5.25,2001-04-01,2001,4,263.87042551192025,115.45515231177919,138.56114143492684,22.476492197551423,76.66896023220487,99.14545355902777,41.68996246580094,125.81196100144156,255.38127954876614,441.96949356321306,864.8527138361854
MY_0p5_5.2500_101.7500,101.75,5.25,2001-04-01,2001,4,198.67014166959532,115.99592677802798,145.21008106401774,9.58522349254341,45.01728484281309,54.60250608480661,41.30239015324101,124.77517360031229,253.93966747696996,441.4667830740571,861.4840076227857
MY_0p5_5.2500_102.2500,102.25,5.25,2001-04-01,2001,4,130.5433265054302,123.9049285111154,135.6577607659018,6.277824906027241,26.479934388664876,32.75775858399215,40.8745998698435,123.42244674293858,251.54476024846358,438.0103302001953,853.852131254354
MY_0p5_5.2500_102.7500,102.75,5.25,2001-04-01,2001,4,95.87461184523393,122.08582303478458,120.6788265422239,5.356894784054513,23.522350799431234,28.87924494662527,39.68594320264913,119.28964360123972,242.85762132547666,421.1542915990797,822.9874739307468
MY_0p5_5.2500_103.2500,103.25,5.25,2001-04-01,2001,4,99.29152775517217,123.55196630891669,119.07141351080561,6.089773215256729,19.9001846685038,25.989956948664283,40.47060319974825,122.27451220425692,249.01857103620262,431.943115036209,843.7067791827313
MY_0p5_5.2500_115.2500,115.25,5.25,2001-04-01,2001,4,372.73403635332664,128.26987752606792,144.5598222075916,72.69983285372375,147.66232349833504,220.36215385061797,42.881042668076816,129.47184078028945,263.42101050204917,460.7306473528752,896.504565629803
MY_0p5_5.2500_115.7500,115.75,5.25,2001-04-01,2001,4,354.43319538843673,125.93634250496007,141.43142053636453,57.817122507903534,129.56314417952197,187.38026614431607,42.72687123185497,129.00211910959015,262.40162653518934,458.3062552759202,892.4369097176244
MY_0p5_5.2500_116.2500,116.25,5.25,2001-04-01,2001,4,308.074980723707,120.01838401601286,137.24700048905385,53.22628005546859,121.52545702004733,174.75173520438278,42.63683582257621,128.7742878394791,262.1521843053118,458.51248931884766,892.0758056640624
MY_0p5_5.2500_116.7500,116.75,5.25,2001-04-01,2001,4,276.00773630262927,118.0380257473716,135.65728112715706,54.11684988722016,138.91907177695745,193.03591962403888,42.69419689419903,128.9147686535799,262.2720840067803,458.06734099569184,891.9483835727353
MY_0p5_5.2500_117.2500,117.25,5.25,2001-04-01,2001,4,262.50198097834516,118.0581849597749,133.7531726655506,54.99207010420542,115.54109633915006,170.53316623748293,42.53452769688197,128.4374030945793,261.3227788047185,456.2505702427455,888.5452844044518
MY_0p5_5.2500_117.7500,117.75,5.25,2001-04-01,2001,4,234.66879761710996,117.20682951912049,130.6090076749287,48.052917310926645,78.37905761476547,126.43197595505488,42.27977608574761,127.69934287903801,259.9648196265811,453.9962154327877,883.9401376875619
MY_0p5_5.2500_118.2500,118.25,5.25,2001-04-01,2001,4,195.41357550428904,115.81335412772597,131.56456482030782,39.16728754711759,59.983417419870946,99.15070222745275,42.200366913133365,127.52820958908956,259.9429854860731,455.1093604215391,884.7809137235022
MY_0p5_5.2500_118.7500,118.75,5.25,2001-04-01,2001,4,175.71310615539554,113.87660021100723,131.20748032463922,30.43488158120049,28.186793751186794,58.62167469660441,41.489173306359184,125.39814652336969,255.45345094468857,445.17447535196936,867.5152570936415
MY_0p5_5.2500_119.2500,119.25,5.25,2001-04-01,2001,4,175.76862178436696,112.978807867141,130.6864776611328,26.760038375854492,13.370026588439941,40.13006591796875,41.13082504272461,124.31556701660156,253.12841796875,439.8837890625,858.4586181640625
MY_0p5_5.7500_100.2500,100.25,5.75,2001-04-01,2001,4,297.4600109753308,127.72736911945513,120.22263707152202,18.860156802956116,9.595748433279336,28.455905004378852,34.78841596130931,100.67339905905067,203.34862077345542,348.6556805251935,687.4661131692588
MY_0p5_5.7500_100.7500,100.75,5.75,2001-04-01,2001,4,274.06576203845793,125.92247995043556,143.96208979288738,18.970471096038818,44.72523774782816,63.69570917765299,39.75922260284423,118.90961565653483,241.5827825419108,418.9593729654948,819.2109995524089
MY_0p5_5.7500_101.2500,101.25,5.75,2001-04-01,2001,4,234.88020372766212,124.09922784519948,147.70816118135227,10.805823851758102,41.79867562722034,52.60449896084043,40.8947406378318,123.45619904525638,250.71147504190765,433.30522528220354,848.3676265205925
MY_0p5_5.7500_101.7500,101.75,5.75,2001-04-01,2001,4,176.19951089223227,123.2734523455302,146.4855894724528,5.441899011532466,26.126558065414432,31.568456260363266,40.557534758249915,122.62182099024454,249.76866270701095,433.431430943807,846.3794415791828
MY_0p5_5.7500_102.2500,102.25,5.75,2001-04-01,2001,4,119.06477891481839,129.89518962762293,131.56986855657814,5.705654558509287,9.634544055871288,15.340198706296157,39.854113928798064,120.14269534024324,245.47672885676423,428.4064175897977,833.8799409705781
MY_0p5_5.7500_102.7500,102.75,5.75,2001-04-01,2001,4,92.96196136474609,126.6155732534464,102.29867553710938,3.7370424270629883,10.903250694274902,14.640294075012207,34.641056060791016,100.82207489013672,205.7457275390625,358.5017395019531,699.7105712890625
MY_0p5_5.7500_103.2500,103.25,5.75,2001-04-01,2001,4,98.60977172851562,126.9638900756836,,,,,,,,,
MY_0p5_5.7500_115.2500,115.25,5.75,2001-04-01,2001,4,338.3872772216797,128.9723627726237,146.64549255371094,42.92890930175781,75.493896484375,118.42280578613281,42.52128219604492,128.5975341796875,262.59765625,462.3259582519531,896.0424194335938
MY_0p5_5.7500_115.7500,115.75,5.75,2001-04-01,2001,4,312.0517636164566,125.89847311944318,139.81517057872955,40.202935028076176,78.73377772739954,118.93671373639788,42.20389411562965,127.53459370930987,259.7422313871838,453.7049543108259,883.1856724330357
MY_0p5_5.7500_116.2500,116.25,5.75,2001-04-01,2001,4,265.01055724128844,118.79156181698752,134.66661594935826,40.25603520226857,82.12138972206722,122.37742757645866,42.046589660644536,126.98142797076514,258.14314323304194,448.5369051494296,875.7080636160714
MY_0p5_5.7500_116.7500,116.75,5.75,2001-04-01,2001,4,233.57518431648379,114.72945181225974,132.58643614753842,42.797405351911266,78.76747596377417,121.56488422212149,41.923767307826445,126.56796305822948,257.08601955837673,445.5327174595425,871.1104670448909
MY_0p5_5.7500_117.2500,117.25,5.75,2001-04-01,2001,4,224.0302485998497,119.21501448477859,137.80169735496352,49.40209898362025,52.56263929060204,101.96473754016384,41.83837933946483,126.41581016083246,257.3972908284762,448.57477105077504,874.2262600197777
MY_0p5_5.7500_117.7500,117.75,5.75,2001-04-01,2001,4,208.57711016942588,119.24059910849918,139.05559590998914,44.28132133995926,28.2378589386908,72.51918093790144,41.827767186516894,126.46447584933084,257.9963626733562,451.73197937011724,878.0205831847736
MY_0p5_5.7500_118.2500,118.25,5.75,2001-04-01,2001,4,187.6849014926964,116.94678821563721,138.7587286376953,35.57801193237305,24.15773387485081,59.73574405246311,41.80096111721463,126.38927513970269,257.8798371039497,451.6889915635851,877.7590671115452
MY_0p5_5.7500_118.7500,118.75,5.75,2001-04-01,2001,4,173.00428639925443,114.95204910865196,138.5799560546875,34.71238708496094,26.00530242919922,60.71768569946289,41.79655838012695,126.37274932861328,257.82373046875,451.508056640625,877.5010986328125
MY_0p5_6.2500_99.7500,99.75,6.25,2001-04-01,2001,4,232.867608163871,132.48531954896217,139.78213713889897,8.40851528700008,0.08490937792284545,8.493424992228663,38.758203284685,116.17577787887218,228.53979563158612,364.58121934047966,748.0550082894258
MY_0p5_6.2500_100.2500,100.25,6.25,2001-04-01,2001,4,252.31335735321045,131.70643585920334,145.47702773736447,14.733071623043138,3.2216640170435515,17.954735740350216,38.880845844502346,115.92530389902541,233.17190128248563,394.92946777343747,782.9075160435267
MY_0p5_6.2500_100.7500,100.75,6.25,2001-04-01,2001,4,237.4809957968222,131.73889018762068,147.08789127305667,11.712446216450696,24.706716196877622,36.41916356767928,40.04023505545952,120.4987370259053,244.55122122157033,423.2128597539364,828.3030633521356
MY_0p5_6.2500_101.2500,101.25,6.25,2001-04-01,2001,4,211.9872823861929,131.55357360839844,144.34381596491886,7.6505587797898515,30.13264700082632,37.78320693969727,40.244345855712886,121.59975738525391,247.203559758113,428.8773897611178,837.9250610351563
MY_0p5_6.2500_101.7500,101.75,6.25,2001-04-01,2001,4,141.92128666469029,133.61081237792965,139.50123683384487,6.629279014042445,10.578611125264848,17.207889938354487,40.36463873726981,122.22740086146761,249.7350681849888,435.5945303780691,847.9216378348212
MY_0p5_6.2500_102.2500,102.25,6.25,2001-04-01,2001,4,115.08870601654054,134.39299429916753,134.2938690185547,9.44720458984375,1.1293164491653442,10.576520919799805,40.69532012939453,123.31165313720703,252.3614959716797,441.7235107421875,858.0919799804688
MY_0p5_6.2500_115.7500,115.75,6.25,2001-04-01,2001,4,258.86996772072536,125.10761451721191,152.1516876220703,38.12752914428711,54.20079040527344,92.32831573486328,42.10237121582031,127.24687194824219,259.2073669433594,452.75177001953125,881.308349609375
MY_0p5_6.2500_116.2500,116.25,6.25,2001-04-01,2001,4,238.7727495160019,121.44301337526555,146.7006176515823,33.813447070016736,54.18652280731873,87.99996746584183,41.914122291598545,126.61121556622341,257.53439808311964,447.9082097124948,873.9679430991017
MY_0p5_6.2500_116.7500,116.75,6.25,2001-04-01,2001,4,211.27147962782118,118.30726945665148,140.1938972594246,31.3911756364126,52.03367633516826,83.42485116625588,41.67991022987971,125.85157223656064,255.70094037737164,443.07833213200644,866.310780358693
MY_0p5_6.2500_117.2500,117.25,6.25,2001-04-01,2001,4,198.94135209340894,120.23193843781002,139.1989091661241,37.85590714348687,33.32379502795991,71.17970277089921,41.23369936261858,124.25750654916914,253.11438826303635,441.4396790519593,860.045291186136
MY_0p5_6.2500_117.7500,117.75,6.25,2001-04-01,2001,4,193.49578015009567,120.54277809460959,140.22731544539246,37.077084279199795,15.8726235718755,52.94970948514883,41.18620938306663,124.10811280367665,253.2660240485654,443.7464415790045,862.306808382447
MY_0p5_6.2500_118.2500,118.25,6.25,2001-04-01,2001,4,192.28957911900108,120.18332563127791,143.335268838065,30.16307388033186,8.317433612687246,38.48050880432129,41.798105648585725,126.40991755894254,258.05647495814736,452.5139062064035,878.7784336635044
MY_0p5_6.7500_100.2500,100.25,6.75,2001-04-01,2001,4,233.40580727072322,132.53332642947927,152.2685153063606,12.33697455069598,5.237797538969009,17.574771817992715,40.28338937198414,121.24409069734462,243.20574277990002,408.49901491052964,813.2322378719554
MY_0p5_6.7500_100.7500,100.75,6.75,2001-04-01,2001,4,215.07029893663196,134.04651896158856,145.31419711642795,8.318617396884495,10.210804497754133,18.529421982941805,39.635157408537694,119.67037822582105,242.45129281503185,419.3668868453414,821.1237250434027
MY_0p5_6.7500_116.2500,116.25,6.75,2001-04-01,2001,4,188.37714833226696,123.62045350185659,148.2900398068312,19.735611334079653,23.513336600326912,43.2489467713891,41.21092800977754,124.55144742640053,253.49610156547735,440.09791527724855,859.3564140505908
MY_0p5_6.7500_116.7500,116.75,6.75,2001-04-01,2001,4,182.08042165555844,123.00214177370071,139.64285971901634,18.550633856430355,21.655735159108765,40.20636796008928,39.860510799724594,119.59822341858636,243.27153003074434,421.87252940302307,824.6028000903224
MY_0p5_6.7500_117.2500,117.25,6.75,2001-04-01,2001,4,174.35021392300595,122.17730236868573,133.05808460606937,21.660010523500695,15.802141231773174,37.462150911314296,38.975776739880054,116.2370772572745,236.640206193502,411.58775248569725,803.4408045405836
MY_0p5_6.7500_117.7500,117.75,6.75,2001-04-01,2001,4,175.91961034139,121.406587600708,136.38457489013672,30.081879675388336,10.277836337685585,40.359714984893806,39.87982225418091,119.27551531791687,243.36928749084473,426.25587272644043,828.7804927825928
MY_0p5_7.2500_116.7500,116.75,7.25,2001-04-01,2001,4,145.97457537313147,123.76376948280941,135.82538956351902,10.47926728621773,4.780380972571995,15.259648298180624,38.35992391835089,114.59593399711277,232.85758016835084,401.964207922894,787.7776292883832
MY_0p5_7.2500_117.2500,117.25,7.25,2001-04-01,2001,4,137.4503885217615,123.2668046693544,132.87082776521382,8.277354365900942,2.4006349387921784,10.677989382492868,37.57798461914062,111.81215338456003,226.92691778885688,390.65604183799337,766.9730777138158
MY_0p5_0.7500_110.2500,110.25,0.75,2001-05-01,2001,5,162.28771996131314,109.51196453387921,114.81546947772688,9.174198620135968,68.30879516601563,77.48299044095555,42.193402275672334,127.452097261869,259.56530808668873,453.49341242863585,882.7042255108175
MY_0p5_0.7500_110.7500,110.75,0.75,2001-05-01,2001,5,181.35755833217075,112.65625065394809,122.92446746826171,13.538406508309501,51.86391312735421,65.40231982639857,42.41446151733398,128.2341094970703,261.82963649204794,460.87884172712046,893.3570268903459
MY_0p5_0.7500_111.7500,111.75,0.75,2001-05-01,2001,5,224.03423999604726,111.29461621481276,125.2676758539109,36.388856554788255,85.68600112672836,122.07485828702411,42.71913213578482,129.123050023639,263.5314268081907,464.2848859514509,899.6584918309773
MY_0p5_1.2500_103.2500,103.25,1.25,2001-05-01,2001,5,220.2057447711241,113.98427752152232,106.42834802107379,21.665446671572603,81.82917404174805,103.49462231722745,39.259770740162246,116.62315299294212,238.32816522771665,420.8246036876332,815.0356736616654
MY_0p5_1.2500_103.7500,103.75,1.25,2001-05-01,2001,5,215.05114109076342,113.18195113395025,98.17971409177318,23.05474642411019,93.56047732158773,116.61522726410801,40.52915406458587,121.38699925987467,248.11463380091396,438.43624729786103,848.4670279789897
MY_0p5_1.2500_104.2500,104.25,1.25,2001-05-01,2001,5,199.86134839739117,113.48801705496652,88.81845092773438,25.422334671020508,107.09119415283203,132.51353454589844,42.20304489135742,127.65821075439453,261.0106506347656,461.6551208496094,892.5270385742188
MY_0p5_1.2500_109.7500,109.75,1.25,2001-05-01,2001,5,140.0143531891237,113.59029599844692,110.63475873096881,7.721048010400979,27.965791587369985,35.68683780532285,42.29162795285145,127.9453881505024,261.6790488369494,462.0420675622412,893.9581210584527
MY_0p5_1.2500_110.2500,110.25,1.25,2001-05-01,2001,5,157.24777092068354,111.01100600548236,114.07461176691831,8.472712763488063,58.676667246579214,67.14937765349755,42.15272390888466,127.36358445215409,259.57400123861305,454.2144395982897,883.3047593753772
MY_0p5_1.2500_110.7500,110.75,1.25,2001-05-01,2001,5,177.31955522809707,113.15852230011468,122.82788691445002,13.097273890177407,42.93486710805741,56.0321411496117,42.39433898925781,128.2012424045139,261.9133781312004,461.62199542333207,894.1309432741194
MY_0p5_1.2500_111.2500,111.25,1.25,2001-05-01,2001,5,201.98993075922274,112.46646205914288,124.5750764840708,23.633900170128186,60.27953607967488,83.91343727964944,42.52631758424803,128.561918362261,262.46600380796974,462.22929611449814,895.7835120057908
MY_0p5_1.2500_111.7500,111.75,1.25,2001-05-01,2001,5,220.12432788667223,110.79535626608228,124.21406191871279,32.84783778114924,85.32503570072235,118.17287336077008,42.695995875767295,129.03717598082528,263.2755315871466,463.4492657373821,898.4579680912077
MY_0p5_1.2500_112.2500,112.25,1.25,2001-05-01,2001,5,225.22904488035869,109.08580013217052,125.34151861510298,27.924236888207762,88.27412058254183,116.19835720933634,42.67532877268525,128.95371714945372,262.9949105354735,462.44886586145697,897.072807195828
MY_0p5_1.2500_112.7500,112.75,1.25,2001-05-01,2001,5,229.84960810343424,107.78923066457114,126.88332112630208,29.113492449124657,106.2323989868164,135.34589433670044,42.65593123435974,128.79917271931967,262.13347752888996,458.4947840372721,892.0833676656088
MY_0p5_1.2500_113.2500,113.25,1.25,2001-05-01,2001,5,247.60614332116165,107.24479549242102,130.58229263969088,36.60107192993164,124.35793397322945,160.95900374702782,42.78934963060461,129.17064368206522,262.7548138162364,459.32761044709576,894.0424199643343
MY_0p5_1.2500_113.7500,113.75,1.25,2001-05-01,2001,5,281.7691183379202,106.26314377062249,130.09726778666177,44.61456168781627,134.2747256539085,178.88928939356947,42.837303363915645,129.2953750147964,262.90843431877363,459.26170326001716,894.3028083570075
MY_0p5_1.2500_114.2500,114.25,1.25,2001-05-01,2001,5,328.37998840872166,104.38639926066442,128.86112469698475,56.14939590049001,146.2477735671322,202.3971657542001,42.90595316253932,129.50225965111656,263.3323574910122,460.1575976346446,895.8981501486448
MY_0p5_1.2500_114.7500,114.75,1.25,2001-05-01,2001,5,344.8797922442036,101.6978026359312,120.96645724388861,63.24031485280683,165.46402469758064,228.70433192099296,42.97753537085749,129.71478566815776,263.73027875346526,460.6997985839844,897.1224306168095
MY_0p5_1.7500_102.7500,102.75,1.75,2001-05-01,2001,5,209.61875704770588,115.85777000300793,112.78343510627747,10.83749857544899,80.28152561187744,91.11902284622192,41.32326304912567,124.13694357872009,253.7110366821289,448.15042686462397,867.321662902832
MY_0p5_1.7500_103.2500,103.25,1.75,2001-05-01,2001,5,212.13031347561986,113.50313382535367,113.58386112213135,16.1489749956131,82.60271770477294,98.75169010162354,41.216990013122555,123.75457244873046,252.92217529296877,446.67000106811525,864.5637368774413
MY_0p5_1.7500_103.7500,103.75,1.75,2001-05-01,2001,5,206.7125852560695,113.10441294802895,105.09689236894438,20.079445362091064,79.83774668053735,99.9171931109851,41.2116072449503,123.89873468423193,253.26252852814102,447.2096101785007,865.5824731754351
MY_0p5_1.7500_104.2500,104.25,1.75,2001-05-01,2001,5,197.85931272506713,113.654741191864,99.88079810327338,21.07446308283843,79.80161734884099,100.87608384716418,42.22647493939068,127.75584902504616,261.23304003338484,461.4675574487494,892.6829252021258
MY_0p5_1.7500_109.7500,109.75,1.75,2001-05-01,2001,5,137.27147488261377,113.92211443878884,110.52898406982422,7.619625091552734,26.168344497680664,33.787967681884766,42.29636001586914,127.96912384033203,261.7808837890625,462.4547424316406,894.5010986328125
MY_0p5_1.7500_110.2500,110.25,1.75,2001-05-01,2001,5,148.0475099542168,113.66127503520312,112.74559661538845,8.058821244673297,40.80549478785877,48.864315869336465,42.10978549814479,127.30635478789793,259.85907064019676,456.31218340052646,885.5874108299216
MY_0p5_1.7500_110.7500,110.75,1.75,2001-05-01,2001,5,170.16030398282135,113.91409059004349,122.10394134521482,13.531362533569336,25.27108860015869,38.80245113372803,42.38278656005859,128.23297729492188,262.3404067993164,463.8864028930663,896.8425872802733
MY_0p5_1.7500_111.2500,111.25,1.75,2001-05-01,2001,5,185.293562195793,112.54783489893353,123.45535083149757,21.889294114223745,53.65693600676781,75.54623012099155,42.55395312641942,128.67805275140807,262.90081815497825,463.950953000091,898.0837524414064
MY_0p5_1.7500_111.7500,111.75,1.75,2001-05-01,2001,5,201.95848175241974,110.2075298647337,118.86478402342973,24.950620602957805,72.85029709490038,97.80091611644887,42.63675106628031,128.88253441339805,263.09933181955836,463.5936414501335,898.212263083156
MY_0p5_1.7500_112.2500,112.25,1.75,2001-05-01,2001,5,211.27243211534284,108.72478591676743,120.47629186236668,24.978501873924618,81.43360297793433,106.41210247221446,42.58776379539853,128.66447254968068,262.26888330853177,460.3887024894593,893.9098272414435
MY_0p5_1.7500_112.7500,112.75,1.75,2001-05-01,2001,5,221.2175483340309,108.88589438786582,125.12489115397135,25.02649578518338,86.30849874587288,111.33499666244265,42.581139833965004,128.62129710363962,262.03443642268104,459.30236361064607,892.5392426990328
MY_0p5_1.7500_113.2500,113.25,1.75,2001-05-01,2001,5,231.80653071327816,109.37308199443514,130.3496044824994,26.6974858359685,96.68662937709261,123.38411400204613,42.651835123697914,128.8174071781219,262.3643364800347,459.7805244566903,893.6141088092137
MY_0p5_1.7500_113.7500,113.75,1.75,2001-05-01,2001,5,265.4142729744079,108.5669217064267,131.00335804772754,31.705182859632707,111.4292966570173,143.13448014032275,42.65446916610475,128.75639570932537,261.8643825954861,457.3210103352864,890.5962675548735
MY_0p5_1.7500_114.2500,114.25,1.75,2001-05-01,2001,5,317.24857642764135,106.40158715626548,129.8868882921007,41.8450461009192,121.47628808399985,163.32133081829738,42.71706773061601,128.92888067336307,262.1338279118614,457.57808188786584,891.3578475709944
MY_0p5_1.7500_114.7500,114.75,1.75,2001-05-01,2001,5,328.11996807829706,105.1290629885975,123.83169777035096,44.822043680774115,129.90928005554517,174.73131873570577,42.76455700335725,129.0733180861399,262.435067132347,458.15874801398564,892.4317064038213
MY_0p5_2.2500_101.7500,101.75,2.25,2001-05-01,2001,5,181.6613006591797,116.89077358053189,117.43652636595446,11.678206212592848,63.717834241462484,75.39603917285649,42.10041951651525,127.10955671830611,259.97957880810054,459.62676816998106,888.8163482974276
MY_0p5_2.2500_102.2500,102.25,2.25,2001-05-01,2001,5,195.03118538742427,115.77897417716433,114.17624660656213,14.605618933171174,78.8684836209676,93.47410415576404,41.95164856614108,126.47685179641942,258.32644521904905,455.2880022696901,882.0429357501307
MY_0p5_2.2500_102.7500,102.75,2.25,2001-05-01,2001,5,201.0077680273901,115.02806506579437,114.88405102114133,13.409841127033474,78.40535946133771,91.81519964676869,41.997788694840445,126.61358842970448,258.8102407334726,457.2744600320164,884.6960810407808
MY_0p5_2.2500_103.2500,103.25,2.25,2001-05-01,2001,5,195.744968281095,112.74849572560143,115.67069406660777,15.47137622833252,78.82172754681298,94.29310140458364,42.28538360595703,127.65450541178383,260.76309795076884,459.84671175517735,890.5497043185765
MY_0p5_2.2500_103.7500,103.75,2.25,2001-05-01,2001,5,187.3878151069253,113.81495208740235,114.53122912908005,15.807720423552949,52.86669019278833,68.6744101443533,41.91445734056375,126.48341416181144,258.4293163234904,455.21332531945177,882.0405188608977
MY_0p5_2.2500_104.2500,104.25,2.25,2001-05-01,2001,5,180.0030348863059,115.04652175283046,116.54627662847851,12.509861686012963,30.84738846455724,43.3572501505702,42.22377959952867,127.7842072415943,261.3117653082225,460.6886258716426,892.0083850198541
MY_0p5_2.2500_104.7500,104.75,2.25,2001-05-01,2001,5,159.1389923095703,116.29192352294922,,,,,,,,,
MY_0p5_2.2500_109.7500,109.75,2.25,2001-05-01,2001,5,128.24010442918348,114.15535613029235,,,,,,,,,
MY_0p5_2.2500_111.2500,111.25,2.25,2001-05-01,2001,5,165.18142354488376,112.08920669555665,112.27830909280215,19.093766002094043,39.90623300215777,58.99999949511359,42.50291627996108,128.62238895191865,263.2490373499253,466.17095453598915,900.545310525333
MY_0p5_2.2500_111.7500,111.75,2.25,2001-05-01,2001,5,177.09241991799976,111.59776802668497,113.20601428803943,20.250619449312726,42.89722132607112,63.14784020317925,42.51929033067491,128.65408179873512,263.23876294332837,465.9325387137277,900.3446829659598
MY_0p5_2.2500_112.2500,112.25,2.25,2001-05-01,2001,5,189.02254139733694,111.1465107509068,116.29458647228422,20.802797565762955,50.657554614354694,71.46035012139214,42.484127674405535,128.4754637703063,262.50320899600075,463.0683383517795,896.5311443994915
MY_0p5_2.2500_112.7500,112.75,2.25,2001-05-01,2001,5,197.71930246504525,111.48152349562871,121.73328973679315,16.606137587532164,50.72248664734856,67.32862401084294,42.39498906211247,128.15868491520956,261.5809506370908,460.077120438833,892.2117503332714
MY_0p5_2.2500_113.2500,113.25,2.25,2001-05-01,2001,5,202.9295587448847,112.39317767430866,129.9473381405785,13.496830876668296,51.672567095075344,65.16939903138176,42.37814650762649,128.07275574699284,261.247297498915,458.9034936329676,890.6017022026912
MY_0p5_2.2500_113.7500,113.75,2.25,2001-05-01,2001,5,232.21487871001042,111.04191417935529,133.81114723108993,14.967923559720004,69.3173763178572,84.28530202938032,42.2843126586721,127.63406698009636,259.5162575637238,452.2291146773327,881.6637596420097
MY_0p5_2.2500_114.2500,114.25,2.25,2001-05-01,2001,5,280.7482867528522,108.9846211509099,133.344236343626,20.579685093107678,84.47263762458921,105.05232151576452,42.405052935887895,127.97367178296285,260.08202088371155,452.89489348880824,883.3556367420015
MY_0p5_2.2500_114.7500,114.75,2.25,2001-05-01,2001,5,305.93127234674273,107.14326683782762,127.03657059208041,32.494269377185454,105.94995700467018,138.44422617266258,42.619504177954894,128.6620105374244,261.72186082409274,457.1135374007687,890.1169083133822
MY_0p5_2.2500_115.2500,115.25,2.25,2001-05-01,2001,5,302.1195068359375,107.16796875,121.86482238769531,46.128273010253906,127.38702392578125,173.51528930664062,42.75643539428711,129.12864685058594,262.9427490234375,460.4621276855469,895.2899169921875
MY_0p5_2.7500_101.2500,101.25,2.75,2001-05-01,2001,5,149.24044799804688,116.35893249511719,112.13290405273438,7.706985950469971,29.878591537475586,37.58557891845703,42.08745193481445,127.44654846191406,261.0978088378906,462.1423645019531,892.774169921875
MY_0p5_2.7500_101.7500,101.75,2.75,2001-05-01,2001,5,169.84822342243598,114.44948724920098,103.69851201837713,13.80087477077137,80.68398859891023,94.48486167214132,42.238820315274324,127.75010894775389,261.00273814808236,459.94858320756384,890.9402536843039
MY_0p5_2.7500_102.2500,102.25,2.75,2001-05-01,2001,5,186.3649892624776,112.84942007368537,116.9215214966209,16.40713212444524,78.95191158610544,95.35904409323528,42.528422373874925,128.55068580967605,262.26136352150303,460.7099800838786,894.0504307838002
MY_0p5_2.7500_102.7500,102.75,2.75,2001-05-01,2001,5,191.20419557788705,113.62168401404271,116.16261542597904,16.183663187147694,68.0591164118127,84.24278138559075,42.620261264752735,128.92605219008047,263.6025641718997,465.8782129408438,901.0270880204213
MY_0p5_2.7500_103.2500,103.25,2.75,2001-05-01,2001,5,181.95638241130078,113.92190699972163,110.23041796836124,14.281792045398884,57.004246839292485,71.28604016638104,41.60664260767068,125.24738292329631,255.87873276631544,451.18247723427544,873.9152287768711
MY_0p5_2.7500_103.7500,103.75,2.75,2001-05-01,2001,5,174.75865153437076,115.75484718654467,107.40115644745015,13.72464586952315,38.84178717125397,52.56643499207387,40.60979906424949,121.73091505200084,248.70217698620215,438.06314818210865,849.1060487246183
MY_0p5_2.7500_104.2500,104.25,2.75,2001-05-01,2001,5,169.08664725808535,116.01115697972914,116.85551452636719,10.200143814086914,21.566116333007812,31.766260147094727,42.18316650390625,127.65796661376953,261.0395812988281,460.14422607421875,891.0249633789062
MY_0p5_2.7500_111.2500,111.25,2.75,2001-05-01,2001,5,150.338544122104,112.37991964405981,111.65456435259652,10.342637300491333,18.98596222260419,29.328599593218637,42.252228905172906,127.88234800450942,261.75490614947154,462.8393949620864,894.7288979923023
MY_0p5_2.7500_111.7500,111.75,2.75,2001-05-01,2001,5,158.06228256225586,112.86742372981837,112.42669911220155,11.813407499214698,23.00727979479165,34.82068722001437,42.27210566093181,127.93481833359289,261.83172765271416,462.9179962421285,894.9566524110991
MY_0p5_2.7500_112.2500,112.25,2.75,2001-05-01,2001,5,164.62530058848708,113.82349680647064,115.8933922322591,11.506424508094788,26.260939954121906,37.76736380894979,42.21817006429036,127.74313944498698,261.29561798095705,461.26583607991535,892.522763671875
MY_0p5_2.7500_112.7500,112.75,2.75,2001-05-01,2001,5,171.06931923009174,114.9839993247503,121.84077448784551,9.648844371868085,28.57964958118487,38.228493847424474,42.14691019661818,127.48005806645259,260.50327329997776,458.6925762514525,888.8228280755538
MY_0p5_2.7500_113.2500,113.25,2.75,2001-05-01,2001,5,174.78143136160713,115.91082271999781,130.19639630998884,9.027312339298307,30.637729802207343,39.66504209003751,42.183130730523,127.55247507246713,260.490477546813,458.20838245210194,888.4344672309027
MY_0p5_2.7500_113.7500,113.75,2.75,2001-05-01,2001,5,207.83713011529034,114.62971564614847,137.02097126177162,12.410844468766715,56.38397901984536,68.79482308163004,42.255954718134205,127.62188640521589,259.8910037484139,454.44252908305754,884.2113645517143
MY_0p5_2.7500_114.2500,114.25,2.75,2001-05-01,2001,5,263.9893950933142,111.73074536383906,136.43014579483224,19.834446372865123,87.59954078288018,107.43398487718801,42.42418357993983,128.0506087918825,260.36069710647,453.8910980224609,884.7265744752522
MY_0p5_2.7500_114.7500,114.75,2.75,2001-05-01,2001,5,297.9632353570051,111.89332114055657,133.4731390886246,35.201594413465756,109.05721348562058,144.25880262046863,42.695380569263634,128.9382579827764,262.54913281483255,459.82151561178216,894.0042672126916
MY_0p5_2.7500_115.2500,115.25,2.75,2001-05-01,2001,5,307.3132469933312,109.54756143930796,125.5295896787901,40.79296060510583,133.98412027444925,174.77707637752496,42.70996361809807,128.9473810969172,262.3168890325873,458.06397006747954,892.0382228542019
MY_0p5_3.2500_101.2500,101.25,3.25,2001-05-01,2001,5,138.52764214409723,116.10458911346554,120.07801750569028,8.79288355385747,33.153078012429326,41.94596135477148,42.27026074776853,127.95177777360851,261.9767161565996,463.5317766360272,895.7305537717351
MY_0p5_3.2500_101.7500,101.75,3.25,2001-05-01,2001,5,156.56757133052034,110.44338070814779,105.40850472905835,14.426065920264861,90.67877816242778,105.10484425733044,42.20194974522682,127.51416540449593,259.82678378159835,454.5573155105494,884.1002090356913
MY_0p5_3.2500_102.2500,102.25,3.25,2001-05-01,2001,5,175.9023195296999,111.75831107487754,116.2238784305633,15.308314953153097,66.42683770315988,81.73515339200459,42.45550885881696,128.38025997101317,262.1321901351686,461.10951751224576,894.0774865528892
MY_0p5_3.2500_102.7500,102.75,3.25,2001-05-01,2001,5,182.07334354255772,113.43214479277405,112.6503686784189,16.886271914349326,56.33084537409529,73.21711774415607,42.47417477716373,128.46065130113044,262.4394065760359,462.451276272158,895.8254983636397
MY_0p5_3.2500_103.2500,103.25,3.25,2001-05-01,2001,5,171.75801200742444,115.62537863666148,100.7836878276415,17.196715612753206,46.775748802706936,63.97246546543382,40.651947940987945,121.85612629446223,248.9605912199238,438.5109525301557,849.9796007386249
MY_0p5_3.2500_112.2500,112.25,3.25,2001-05-01,2001,5,155.39000311957466,115.01640828450522,116.12003665500218,7.91343575583564,16.69381692674425,24.607252883911134,42.0914299858941,127.37587042914498,260.60652669270837,459.9398708767362,890.0136922200523
MY_0p5_3.2500_112.7500,112.75,3.25,2001-05-01,2001,5,154.14845312795333,117.70865508048763,124.68310171658875,6.287009970086521,17.20133201411513,23.488342644738367,41.924919785046185,126.82820079365716,259.22783523309425,456.1013971547612,884.082365442495
MY_0p5_3.2500_113.2500,113.25,3.25,2001-05-01,2001,5,149.27077231729837,120.1864293607554,132.23331717288855,6.986326723387747,18.03767944827224,25.02400665572195,41.92087226925474,126.79659314589067,259.07000420310277,455.4737478314024,883.2612205274177
MY_0p5_3.2500_113.7500,113.75,3.25,2001-05-01,2001,5,191.07877148825025,119.73486894880021,136.84259013826886,14.467839752681671,43.800866208757675,58.26870428418356,42.2426532079303,127.68776257227339,260.59149751209077,457.92710619729655,888.4490346757192
MY_0p5_3.2500_114.2500,114.25,3.25,2001-05-01,2001,5,265.30169915849234,117.93481170751485,138.06920643217245,26.891637917536837,93.20557935678275,120.09721301619413,42.525086202439226,128.39645040718614,261.2994514027978,456.70042749878706,888.9213917726163
MY_0p5_3.2500_114.7500,114.75,3.25,2001-05-01,2001,5,307.61780523798274,118.80464869699662,142.80898440415694,46.58828415232859,124.35796198267849,170.94624289737388,42.86397371474345,129.46172454250848,263.735964343806,462.90201447116345,898.9636763068522
MY_0p5_3.2500_115.2500,115.25,3.25,2001-05-01,2001,5,315.27707981157903,114.28777950624874,131.59719196754165,43.46588096135779,155.60959195487106,199.0754744614227,42.81033681314203,129.22452168525018,262.7501421578323,458.44365885287897,893.2286685991891
MY_0p5_3.2500_115.7500,115.75,3.25,2001-05-01,2001,5,321.7763003231434,111.47412375117956,126.84170952271879,55.00324120682276,183.0411488393719,238.0443905605359,43.025608919979476,129.88003882933197,264.23267767402564,462.3916176785245,899.5299819774843
MY_0p5_3.7500_100.7500,100.75,3.75,2001-05-01,2001,5,140.3685302734375,118.11661529541016,122.08950805664062,6.610511302947998,29.346158981323242,35.95667266845703,42.338714599609375,128.1740264892578,262.508544921875,464.853759765625,897.8750610351562
MY_0p5_3.7500_101.2500,101.25,3.75,2001-05-01,2001,5,151.62943257558507,114.32666235371316,123.31651325904822,11.065066607638855,61.46697781386885,72.53204101266213,42.44796069000146,128.36663991193558,262.2442794849186,462.05402539694586,895.1129211623306
MY_0p5_3.7500_101.7500,101.75,3.75,2001-05-01,2001,5,172.77172408384436,107.4861944648111,111.820888009041,10.647908921454366,72.75101014155493,83.39891790888112,42.172266929772256,127.36723986097205,259.2043815661388,451.7873046291862,880.5311969344025
MY_0p5_3.7500_102.2500,102.25,3.75,2001-05-01,2001,5,185.32187751891118,108.56271694122798,110.69088347904267,14.233076631455194,62.09335758269779,76.32643588838123,42.290293654184495,127.77440493144685,260.30518847268723,455.14278826032364,885.5126726422991
MY_0p5_3.7500_102.7500,102.75,3.75,2001-05-01,2001,5,183.97267756386407,112.95348951551647,105.85555419921873,18.478073949662463,51.829971797882564,70.30804617745535,42.32437067183237,127.91675637865823,260.80509178524926,457.0293831961496,888.0756105453248
MY_0p5_3.7500_103.2500,103.25,3.75,2001-05-01,2001,5,169.45598593176123,115.53478648273119,97.42395193062576,25.58864938324573,59.72502951528512,85.31367935479855,41.87256782382143,126.29003068512561,257.6656789742264,452.086107081993,877.9143712660846
MY_0p5_3.7500_113.2500,113.25,3.75,2001-05-01,2001,5,137.32280707359317,123.83770000934602,132.39254360511654,8.434595678673418,13.84429928513824,22.278894830922617,41.93932042356397,126.87967206611007,259.36873439100924,456.5683903928663,884.7561195248464
MY_0p5_3.7500_113.7500,113.75,3.75,2001-05-01,2001,5,184.047556456492,125.48741254049634,132.78622036535762,14.685250106367095,28.017906633395594,42.70315633236783,42.24952854539199,127.78851251694763,261.1969119568859,460.62831031774624,891.8632650529684
MY_0p5_3.7500_114.2500,114.25,3.75,2001-05-01,2001,5,255.78502986208798,125.09620884486607,137.7633974589999,26.288865831163193,62.365355016314794,88.65421733553448,42.58020046173581,128.714989265563,262.80771174355164,463.2883173866877,897.3911927238343
MY_0p5_3.7500_114.7500,114.75,3.75,2001-05-01,2001,5,291.3503721206907,124.47444787403896,146.10884573800223,56.4440663655599,107.76529446556451,164.20935756138394,42.863990420386905,129.5272250705295,264.2476329985119,465.5474249945746,902.1862618582588
MY_0p5_3.7500_115.2500,115.25,3.75,2001-05-01,2001,5,300.50971563430056,117.02156820145862,132.96921137249657,40.7313372051905,149.6689296177455,190.40026162768166,42.79837717934261,129.18905382913255,262.6756148080977,458.33257872566344,892.9956217447917
MY_0p5_3.7500_115.7500,115.75,3.75,2001-05-01,2001,5,309.4723973994632,111.90851955276598,128.472840727662,53.14504055325076,188.39364261764416,241.53868059117156,43.045343549989106,129.92908658912714,264.2426964190366,461.96871377409786,899.1858590764107
MY_0p5_4.2500_100.7500,100.75,4.25,2001-05-01,2001,5,190.20869102478028,117.42130751121701,122.60500918018575,13.167313661380692,68.57426490005183,81.74157789580678,42.55349675392618,128.73350375428492,263.26939572704083,465.3023697833626,899.8587534378987
MY_0p5_4.2500_101.2500,101.25,4.25,2001-05-01,2001,5,208.05204222923103,110.10482399326982,116.62575951351484,21.557546261769193,133.46836870642986,155.02591306844337,42.70279971809144,128.94746131654,262.4663940235308,458.9352572495771,893.0519331427896
MY_0p5_4.2500_101.7500,101.75,4.25,2001-05-01,2001,5,217.29597855925155,108.45512514449538,114.81562649175383,10.817164844598253,77.1854141771603,88.00257822347527,42.52454429845841,128.53965003650413,262.3312166354146,461.37346710107585,894.7688820933381
MY_0p5_4.2500_102.2500,102.25,4.25,2001-05-01,2001,5,211.17390081143608,112.16777994076666,107.00050010315528,11.374239601647131,52.09139288271578,63.46563347764671,42.35785068109775,128.0173850257557,261.11664656861524,458.2786647808819,889.7705489576053
MY_0p5_4.2500_102.7500,102.75,4.25,2001-05-01,2001,5,194.84596490556268,112.34287998175166,96.91464303861,17.179124163973864,63.75293478996132,80.9320595978172,42.260192385145054,127.576283132954,259.3097585690249,451.0100051977073,880.1562550538665
MY_0p5_4.2500_103.2500,103.25,4.25,2001-05-01,2001,5,168.8487169469298,116.64011165073939,92.59060214371631,21.074679284976337,54.37972775901236,75.45440740286266,42.27435585846054,127.69501022179367,260.0129367947994,454.18364649118035,884.1659677751388
MY_0p5_4.2500_113.7500,113.75,4.25,2001-05-01,2001,5,206.56076400999038,129.84323698101625,129.06884851995505,11.089812476679965,24.81478497667133,35.904595950864405,42.12459646980717,127.43432645977668,260.5291152090397,459.1865625921286,889.2745942889519
MY_0p5_4.2500_114.2500,114.25,4.25,2001-05-01,2001,5,234.06220203862532,130.00369474786592,131.6018345070622,20.267715284723113,38.266204878170065,58.533918122987494,42.350833023837176,128.11683516336686,261.9593248993274,462.4827817231992,894.9097888607778
MY_0p5_4.2500_114.7500,114.75,4.25,2001-05-01,2001,5,254.91704956054699,128.33725880940756,140.87491099039715,43.879511896769216,88.32232905069988,132.20184031168623,42.73412729899089,129.1914169311524,263.797582397461,465.3178043619792,901.0409029134116
MY_0p5_4.2500_115.2500,115.25,4.25,2001-05-01,2001,5,266.83449755774603,122.39490299754672,133.14339669545492,39.322632259792755,125.97632381651138,165.29895840750802,42.594200770060226,128.59118768903946,261.42903539869525,455.37277168697784,887.9871853722466
MY_0p5_4.2500_115.7500,115.75,4.25,2001-05-01,2001,5,276.1117005946273,115.5782065181409,124.3815817364192,46.83655802839894,157.30657896914724,204.1431375794492,42.86747829631224,129.38758462162343,263.081895420915,459.2466005486958,894.5835910603151
MY_0p5_4.2500_116.2500,116.25,4.25,2001-05-01,2001,5,280.37642734806707,123.4099126676234,120.04357365864081,63.21084645899331,177.32406820902014,240.53492020397653,42.975067254973624,129.71656520192218,263.8330308867664,461.1884279948909,897.7130990377289
MY_0p5_4.2500_116.7500,116.75,4.25,2001-05-01,2001,5,272.1211158002732,128.44833951740594,115.12767875539087,59.36273005932054,163.02723967271046,222.38997522254903,42.896867983603066,129.5615618049754,263.89974922665283,462.60902395965053,898.9672075392882
MY_0p5_4.2500_117.2500,117.25,4.25,2001-05-01,2001,5,251.70030522979465,132.4283397978386,113.07651060661384,34.797987448430696,114.2883074262501,149.08629517006665,42.67308711161655,129.01680897400445,263.43631251512375,463.9116439144169,899.0378790661297
MY_0p5_4.2500_117.7500,117.75,4.25,2001-05-01,2001,5,225.82993505755044,131.98763177333737,104.99482123872154,16.02518676692604,54.68287410899105,70.70805903377696,40.82993844839243,122.59625847319253,250.46582931127304,440.62875366210943,854.5208095974392
MY_0p5_4.2500_118.2500,118.25,4.25,2001-05-01,2001,5,186.99727652923409,129.9017486572266,93.63131193902083,9.164808534512854,19.445891362086982,28.61069908871013,37.930122958626725,112.15388245795184,229.11670505013436,402.4046516175483,781.6053630075638
MY_0p5_4.2500_118.7500,118.75,4.25,2001-05-01,2001,5,166.2929608380353,128.81765973126448,88.48265075683594,8.87889575958252,13.6271333694458,22.50602912902832,36.38236999511719,106.4906234741211,217.5846710205078,382.3280029296875,742.78564453125
MY_0p5_4.7500_100.2500,100.25,4.75,2001-05-01,2001,5,225.7040574815538,117.70204077826607,,,,,,,,,
MY_0p5_4.7500_100.7500,100.75,4.75,2001-05-01,2001,5,231.5305373657784,114.66338966536695,118.85514614446376,17.53609271165801,100.8327606325227,118.3688533441807,42.49015158366382,128.409787185793,261.84985512834254,459.32979577537475,892.0795881069773
MY_0p5_4.7500_101.2500,101.25,4.75,2001-05-01,2001,5,246.47104507704915,107.06726483541821,108.79558868408203,29.908477880084323,151.60129532586961,181.50977577330576,42.814566500224764,129.20389917767235,262.5702342199901,457.60493522522944,892.1936457558284
MY_0p5_4.7500_101.7500,101.75,4.75,2001-05-01,2001,5,244.28481020593344,109.64855133541049,108.75072421119329,17.68626803746299,93.53773256332155,111.22400515117346,42.71093545338464,128.9768509153336,262.6139486645896,460.03996107313367,894.3417001875621
MY_0p5_4.7500_102.2500,102.25,4.75,2001-05-01,2001,5,222.56038905552455,113.80533883231026,98.28165079752604,14.815369415283202,79.22847638811385,94.04384445917037,42.499920581635976,128.2278571719215,260.44756992885044,453.20053391229544,884.3758911132815
MY_0p5_4.7500_102.7500,102.75,4.75,2001-05-01,2001,5,197.52610958609608,115.01354866270803,91.66116019570902,15.202140279636257,66.96486109836843,82.16699916086377,42.39094602985746,127.86162263420732,259.45063461012137,450.2432860356226,879.9464818869425
MY_0p5_4.7500_103.2500,103.25,4.75,2001-05-01,2001,5,171.95285106496223,119.57481751513127,85.52575799020016,15.556148895038456,52.53032163500347,68.08647143092985,40.74023316443187,121.95731700038561,247.3562370384752,428.25999704058324,838.3137713780703
MY_0p5_4.7500_103.7500,103.75,4.75,2001-05-01,2001,5,153.8093366120991,122.27034759521484,77.20002340341543,8.026460300792348,15.887753077915738,23.914213453020366,36.709947610830326,107.50679372812246,218.19654648025312,377.62749966708094,740.0407992276278
MY_0p5_4.7500_113.7500,113.75,4.75,2001-05-01,2001,5,208.8932342529297,132.34219360351562,,,,,,,,,
MY_0p5_4.7500_114.2500,114.25,4.75,2001-05-01,2001,5,208.8932342529297,133.39880207606726,127.0031967163086,18.46590805053711,26.22675895690918,44.692665100097656,42.20753860473633,127.75513458251953,261.44329833984375,461.8485107421875,893.2544555664062
MY_0p5_4.7500_114.7500,114.75,4.75,2001-05-01,2001,5,219.53698763283353,134.89192593482232,135.65263670234273,29.395987213298845,62.36488007986417,91.76086885185653,42.554982790382965,128.71371878347088,263.05623142693634,464.3702218660745,898.6951615528395
MY_0p5_4.7500_115.2500,115.25,4.75,2001-05-01,2001,5,238.4181764920552,131.92116800944007,138.06398264567054,36.33450166384379,120.55131669839221,156.88582134246823,42.627341349919625,128.70888861020404,261.80690256754554,456.86057678858435,890.0037018458048
MY_0p5_4.7500_115.7500,115.75,4.75,2001-05-01,2001,5,250.12701430547804,124.72079075404575,129.20621611580017,26.87849606710767,121.07566959441652,147.95416472904267,42.62419268895709,128.66787913488963,261.63970918201267,456.35008263966387,889.281873721168
MY_0p5_4.7500_116.2500,116.25,4.75,2001-05-01,2001,5,253.52490452357694,124.2528373112754,126.63778606596445,35.54135682847764,124.49453367202995,160.03588760618177,42.742257956852974,129.05620843796498,262.65375773111975,459.4048960852244,893.8571380130826
MY_0p5_4.7500_116.7500,116.75,4.75,2001-05-01,2001,5,250.58915058570577,125.67830107483685,120.43081681939621,39.02381333821936,131.7472635824469,170.7710769267022,42.76773825778237,129.13947556894038,262.86612344089946,459.966096226173,894.739451348027
MY_0p5_4.7500_117.2500,117.25,4.75,2001-05-01,2001,5,240.07534213595918,127.45428801037016,115.43269706604973,28.701423693460125,116.35077960301959,145.0522017706008,42.56174076625279,128.55523250519283,261.8376989939856,458.17332976810513,891.1280139741443
MY_0p5_4.7500_117.7500,117.75,4.75,2001-05-01,2001,5,211.89424369908588,128.5360399560083,110.67842415918275,16.351213666457163,69.00879589515395,85.36001058168047,42.086628732801984,127.20898200892194,259.41500091552734,453.9249705061127,882.635592883146
MY_0p5_4.7500_118.2500,118.25,4.75,2001-05-01,2001,5,173.92174403511703,128.69682250669857,110.29230828980108,14.326894185051847,44.427433071424026,58.75433002644448,41.96364010758137,126.88619132497205,258.9903855826987,453.8779667993288,881.7181902554768
MY_0p5_4.7500_118.7500,118.75,4.75,2001-05-01,2001,5,151.00033685225475,127.40680704237539,112.64048351819001,12.820208416709416,26.26464337336866,39.084853160230416,41.65761894515798,125.90481296973894,256.67232619659814,448.2924719701839,872.5272239974782
MY_0p5_5.2500_100.2500,100.25,5.25,2001-05-01,2001,5,231.35859150969225,118.08513023949772,60.02175521850586,17.34495735168457,63.47281265258789,80.8177719116211,28.31771469116211,76.77462768554688,156.34222412109375,273.56085205078125,534.9954223632812
MY_0p5_5.2500_100.7500,100.75,5.25,2001-05-01,2001,5,239.4311997656729,114.81991905502129,113.9958820123782,24.82379669978701,113.75508472837252,138.57888153777728,41.74797483422291,125.57938463934536,255.64068112428163,446.75297879624645,869.7210237349587
MY_0p5_5.2500_101.2500,101.25,5.25,2001-05-01,2001,5,254.08609381781685,110.20374000186011,109.39985896519251,37.30167097061398,138.6592556665814,175.96092548673116,42.82852478027343,129.20448191809274,262.35380113389755,456.42358505006825,890.8103686135912
MY_0p5_5.2500_101.7500,101.75,5.25,2001-05-01,2001,5,245.5284417510792,112.08537489289692,106.29650118396542,28.598891470842307,85.23176407965886,113.83065629461011,42.652814014702095,128.64451664724172,261.11188050288314,454.21167079658267,886.6208945110346
MY_0p5_5.2500_102.2500,102.25,5.25,2001-05-01,2001,5,214.88466070867645,121.53221672203888,97.44831743665561,16.946801708002756,57.15534901467098,74.10215061940964,42.11902315905139,126.86755269044522,257.38341595109097,446.91793278979645,873.2879333496094
MY_0p5_5.2500_102.7500,102.75,5.25,2001-05-01,2001,5,189.40423564103216,122.25084120149064,89.45630537130064,15.549578618195097,49.69251782692084,65.24209440198995,41.15994013123593,123.39141178454382,249.8403218932071,431.5273690951072,845.9190435894465
MY_0p5_5.2500_103.2500,103.25,5.25,2001-05-01,2001,5,176.6267701325593,125.56116174768518,93.33839475953734,19.464840901362432,60.9125783722122,80.37741557034579,42.2830526426241,127.44774662364613,258.4687946864537,448.2262095661907,876.4258113712459
MY_0p5_5.2500_115.2500,115.25,5.25,2001-05-01,2001,5,228.67098949801542,136.42111501386088,138.0509606033075,25.24055918709177,75.25180760367971,100.4923680414919,42.38963824412862,128.03744681936794,260.7424671610848,456.05971639664455,887.229287069352
MY_0p5_5.2500_115.7500,115.75,5.25,2001-05-01,2001,5,232.95011886545646,133.5772718598571,133.6494767011222,18.397954792087358,75.7595995886851,94.15755315231064,42.31780897237486,127.77347893149165,259.9650243726827,453.5836754750397,883.6400047172933
MY_0p5_5.2500_116.2500,116.25,5.25,2001-05-01,2001,5,232.96588805959198,128.10198986681203,128.39820898031888,21.28462510772898,82.45589263529718,103.7405129927623,42.45669680003878,128.19892069659656,260.93636737292326,456.17200856269164,887.7640031259272
MY_0p5_5.2500_116.7500,116.75,5.25,2001-05-01,2001,5,229.7965700656553,127.07987814311738,125.11037553714799,25.96108670174321,96.08109599729127,122.04218297065059,42.51505543914022,128.32533903966976,260.9324151534068,455.1511152243312,886.9239561829386
MY_0p5_5.2500_117.2500,117.25,5.25,2001-05-01,2001,5,223.01939295208646,128.4424795968192,121.06741737486823,20.583553096226286,78.25536818428645,98.83892329382518,42.28420496138316,127.65652213929191,259.66532079303073,452.70952613467267,882.3155953543527
MY_0p5_5.2500_117.7500,117.75,5.25,2001-05-01,2001,5,197.86309504433282,127.81105642167347,115.68252914670914,13.289923368181501,53.110225059872576,66.40014880952381,41.967898438468815,126.78971279083736,258.2782180059524,450.88669346400667,877.9225427052331
MY_0p5_5.2500_118.2500,118.25,5.25,2001-05-01,2001,5,157.68839881533668,126.79521060141786,114.61349351239053,12.075967477385404,31.904650043530072,43.98061791650808,41.823418258861366,126.41720879913139,257.86650085449213,451.27732489519053,877.3844670581209
MY_0p5_5.2500_118.7500,118.75,5.25,2001-05-01,2001,5,138.45986755371095,125.12241104368178,114.97009107801651,10.722932782438065,14.093241347206963,24.816173811753593,41.353000481923424,124.90657371944852,254.22920608520505,442.07262844509546,862.5613945855035
MY_0p5_5.2500_119.2500,119.25,5.25,2001-05-01,2001,5,142.07945669513856,123.775634765625,115.01618194580078,9.985791206359863,7.646033763885498,17.631824493408203,41.125301361083984,124.16876220703125,252.41094970703125,437.3259582519531,855.0309448242188
MY_0p5_5.7500_100.2500,100.25,5.75,2001-05-01,2001,5,223.31957842852614,119.96239626085433,88.17078756629874,17.312768358703053,49.0057891355742,66.31856039904673,35.65128336915183,103.60212546532307,211.3529472701046,371.2732403956422,721.879601714808
MY_0p5_5.7500_100.7500,100.75,5.75,2001-05-01,2001,5,232.83902539450025,119.04815298413473,102.68523696899415,32.75002802530924,108.3991327412923,141.14915924072267,40.9168306350708,122.44795969645182,249.25506724039712,436.0393684895833,848.659213663737
MY_0p5_5.7500_101.2500,101.25,5.75,2001-05-01,2001,5,249.87828706756355,117.19871854406644,107.37308361023433,43.4879715686708,107.84882363747427,151.33680052269165,42.73952799519216,128.9008388969842,261.47546050304504,453.6525182048167,886.768348033034
MY_0p5_5.7500_101.7500,101.75,5.75,2001-05-01,2001,5,237.6450508753459,119.71221818923952,108.24100297292074,29.187036681175236,47.26754600604376,76.4545859495799,42.21624350547791,127.20289459228518,257.35350875854493,443.4888080596925,870.2614283243815
MY_0p5_5.7500_102.2500,102.25,5.75,2001-05-01,2001,5,195.9268662379338,130.28011226654053,99.14904995799466,13.658294459384699,10.177699390886607,23.835994412200616,40.863736688890036,122.65960796112161,248.3302631313953,427.83492271346273,839.6885359536116
MY_0p5_5.7500_102.7500,102.75,5.75,2001-05-01,2001,5,179.2145525251116,128.49340090705354,76.77361297607422,9.953855514526367,9.791339874267578,19.745195388793945,35.404048919677734,102.72991943359375,207.75030517578125,356.9612121582031,702.8455200195312
MY_0p5_5.7500_103.2500,103.25,5.75,2001-05-01,2001,5,174.49732971191406,129.35708618164062,,,,,,,,,
MY_0p5_5.7500_115.2500,115.25,5.75,2001-05-01,2001,5,216.69901275634763,137.2109842936198,140.5641632080078,16.97875213623047,31.522953033447266,48.501705169677734,42.3959846496582,128.2155303955078,262.0309753417969,462.38720703125,895.0297241210938
MY_0p5_5.7500_115.7500,115.75,5.75,2001-05-01,2001,5,211.87957426667947,134.01601498843704,131.79437037876676,14.836258270626976,44.66021283467611,59.49646998814174,41.953089468819755,126.69392344156901,257.7974811372303,449.37720831008187,875.8217250279018
MY_0p5_5.7500_116.2500,116.25,5.75,2001-05-01,2001,5,203.0907753111824,126.80018460712733,125.31270112537203,14.735490396287705,53.059995566474065,67.79548490009611,41.76952548556858,126.0237262301975,255.7550666445777,442.6549647739955,866.2032955109127
MY_0p5_5.7500_116.7500,116.75,5.75,2001-05-01,2001,5,199.07296268523686,122.77007032121932,121.84489099411738,18.276842280796597,54.14318176753937,72.42002461751301,41.78456870185004,125.99847729395306,255.3645995124938,440.8222113715277,863.9698592897445
MY_0p5_5.7500_117.2500,117.25,5.75,2001-05-01,2001,5,194.24706087804364,127.5595780381645,122.78703370680945,15.337987896771839,28.985911713789694,44.3238999399853,41.650189444845786,125.68215220358093,255.2143607635979,442.37907780307324,864.9257851007985
MY_0p5_5.7500_117.7500,117.75,5.75,2001-05-01,2001,5,177.61388472299728,128.14809897286554,118.59133964897002,7.9965906815240855,6.7439770562536765,14.740567677773084,41.350915409574576,124.89834543522572,254.1927861975344,442.0522217206507,862.4942835865406
MY_0p5_5.7500_118.2500,118.25,5.75,2001-05-01,2001,5,151.02423790586946,126.53183406194053,115.45933200412327,5.258177905612523,3.0806893793741863,8.338867357042101,41.20768998887804,124.54280073377822,253.809690890842,442.1172565375434,861.6774712456598
MY_0p5_5.7500_118.7500,118.75,5.75,2001-05-01,2001,5,133.58242416381836,125.14843661968524,114.54996490478516,4.7997660636901855,3.104341506958008,7.904107570648193,41.206993103027344,124.57086181640625,254.01004028320312,442.8935852050781,862.6815185546875
MY_0p5_6.2500_99.7500,99.75,6.25,2001-05-01,2001,5,178.6558194627949,122.54384942148245,110.17940822867459,10.106567582418753,3.3290485975354214,13.435615517372309,40.77608534347179,122.74634729429732,246.9249285320903,416.86016277934226,827.3075561523438
MY_0p5_6.2500_100.2500,100.25,6.25,2001-05-01,2001,5,194.61872398853302,123.05359843373299,104.19782652562978,14.501577482418135,36.197820779742024,50.69939988973189,40.151758762281766,120.15820589649432,244.62608225296952,426.8474748883928,831.7835362025668
MY_0p5_6.2500_100.7500,100.75,6.25,2001-05-01,2001,5,208.51375406036968,124.27226984915127,100.31399020633184,25.931112399892918,68.59414063089142,94.52524943701549,41.619574101275,125.20402067324372,254.2604892097385,444.5548768503786,865.6389810569499
MY_0p5_6.2500_101.2500,101.25,6.25,2001-05-01,2001,5,217.5573169414814,124.78061312161958,99.352878511869,34.19220545842098,74.15009918212891,108.34230205829327,42.20798609806942,127.22005873460036,257.564306640625,448.04481435922486,875.037176983173
MY_0p5_6.2500_101.7500,101.75,6.25,2001-05-01,2001,5,201.73129403250556,132.39908142089843,104.60631692068917,20.395922415597095,20.957003402709955,41.35292581830705,41.79482029506138,125.98220280238557,255.03678458077565,439.40155116489956,862.2153686523436
MY_0p5_6.2500_102.2500,102.25,6.25,2001-05-01,2001,5,176.43564891815186,136.22689400649654,103.29961395263672,9.965517044067383,0.6251335144042969,10.59065055847168,41.45518112182617,125.03690338134766,253.45947265625,437.2547912597656,857.2063598632812
MY_0p5_6.2500_115.7500,115.75,6.25,2001-05-01,2001,5,178.25376684015447,132.90495924516156,139.1431884765625,10.39939022064209,23.89324378967285,34.292633056640625,41.44654083251953,125.1537857055664,254.3919219970703,441.12823486328125,862.1204833984375
MY_0p5_6.2500_116.2500,116.25,6.25,2001-05-01,2001,5,169.09566899349812,128.7771163739656,132.29337324234882,8.819747183291396,23.470469426478576,32.29021610142375,41.13920258845526,124.12704044291625,251.75962701873104,434.25963347178725,851.2855065971744
MY_0p5_6.2500_116.7500,116.75,6.25,2001-05-01,2001,5,156.17656685965403,124.75033545115636,123.57111424037387,7.99474538924202,20.511664098406595,28.506409399850025,40.81741313631573,123.05130876813617,249.0076404874287,427.0867471361917,839.9631072513641
MY_0p5_6.2500_117.2500,117.25,6.25,2001-05-01,2001,5,151.20599408830915,127.049514867389,119.95951240176245,9.008329353635274,10.961091344318692,19.969420644972057,40.49594437129914,121.85312206934368,247.2711424812438,426.75898980034714,836.3791906932042
MY_0p5_6.2500_117.7500,117.75,6.25,2001-05-01,2001,5,150.500922759374,128.09432562192282,118.67701761346115,7.202435437698811,4.081697536490815,11.284133041114137,40.443066736410934,121.71069648251897,247.52926475123354,429.2070631953011,838.8900949578538
MY_0p5_6.2500_118.2500,118.25,6.25,2001-05-01,2001,5,151.05303491864888,127.71259743826731,120.3013447352818,4.081119758742196,1.221947239977973,5.303067054067339,40.93897819519042,123.64171872820174,251.47981098720004,435.97787911551336,852.0384041922432
MY_0p5_6.7500_100.2500,100.25,6.75,2001-05-01,2001,5,182.45126769121956,124.3316737904268,108.82405331555533,11.82898651151096,29.15345895903952,40.98244531715618,41.67826332765467,125.82717082079718,255.53112691991473,442.49200865801646,865.5285927267636
MY_0p5_6.7500_100.7500,100.75,6.75,2001-05-01,2001,5,190.11111280653213,127.69558009394893,99.91825555872035,14.765501799406827,31.711281387894246,46.47678318730108,41.32446246676975,124.48889329698353,251.5142765751592,439.59300288447633,856.9206588179977
MY_0p5_6.7500_116.2500,116.25,6.75,2001-05-01,2001,5,126.6490645134586,129.42117433769758,128.03915144757528,3.9306938008564276,4.927782465771932,8.858476313149058,39.945851023604234,120.46371832126526,243.6922529267102,416.61222951005146,820.7140636909301
MY_0p5_6.7500_116.7500,116.75,6.75,2001-05-01,2001,5,125.39862327724116,128.16487467288974,119.70534696315117,4.115885419807887,4.923403052002074,9.03928834741766,38.729629531679414,115.94422396935023,234.4991338073972,400.71696743569356,789.889956749475
MY_0p5_6.7500_117.2500,117.25,6.75,2001-05-01,2001,5,123.4825527158558,127.52210411658652,112.52081656666984,5.217768023499345,3.96468539259075,9.182453079561217,38.00710831701228,113.13873736626279,229.30675898189037,393.74480498997514,774.1974047095374
MY_0p5_6.7500_117.7500,117.75,6.75,2001-05-01,2001,5,125.34480158487956,127.79207102457681,114.49267315864563,6.5260181576013565,2.862478829920292,9.388496547937393,38.995133519172676,116.50002765655516,237.02547073364258,410.86653995513916,803.3871612548828
MY_0p5_7.2500_116.7500,116.75,7.25,2001-05-01,2001,5,108.22073766753431,128.24401031978547,115.35655570652175,3.648590199843697,0.7272633941277215,4.375853633880615,37.417728225044584,111.49856302012567,225.04830826469092,381.88228229025134,755.8468972911006
MY_0p5_7.2500_117.2500,117.25,7.25,2001-05-01,2001,5,106.60411511670361,127.23816241015184,113.0800591719778,3.621873981074283,0.4397295288349453,4.061603526065223,36.80148459986636,109.2108073987459,220.1139323987459,372.45914531506986,738.5853804738897
MY_0p5_0.7500_110.2500,110.25,0.75,2001-06-01,2001,6,151.3420090895433,105.67062577467699,111.63955934964694,8.233433121901292,42.72589991642879,50.95933215801533,41.79278206458459,126.17425302358777,256.563267164964,446.03377544696514,870.5641000600963
MY_0p5_0.7500_110.7500,110.75,0.75,2001-06-01,2001,6,152.25993586948937,108.25145601545061,119.89457037789481,11.60349178314209,44.20389491489955,55.80738487243653,42.09660421098982,127.25568771362305,259.65653817313057,455.49110848563055,884.4999040876115
MY_0p5_0.7500_111.7500,111.75,0.75,2001-06-01,2001,6,166.92511422293526,105.50242820618645,121.35708315410311,21.238150097074964,70.0453370109437,91.28348831903368,42.19700622558593,127.60462612575954,260.5484570700025,457.76543995690724,888.1155221121652
MY_0p5_1.2500_103.2500,103.25,1.25,2001-06-01,2001,6,173.51702347542476,103.88863009850955,102.71459111300382,18.285021218386564,31.146096099506728,49.431115410544656,38.92741905559193,115.69790163907139,236.7308890602806,418.29491632634944,809.6511050137607
MY_0p5_1.2500_103.7500,103.75,1.25,2001-06-01,2001,6,165.23937780880232,102.94058449754438,94.52928576423126,19.866832825744037,38.68533986286052,58.55217165159948,40.17940236063837,120.41577148437501,246.4782480776889,436.0686746245449,843.1420744368174
MY_0p5_1.2500_104.2500,104.25,1.25,2001-06-01,2001,6,165.83771275111607,103.6247960771833,85.27625274658203,22.233150482177734,47.97043228149414,70.20358276367188,41.835411071777344,126.63754272460938,259.3238830566406,459.4293212890625,887.2261352539062
MY_0p5_1.2500_109.7500,109.75,1.25,2001-06-01,2001,6,157.7053943312312,108.82886238557745,108.70872276949596,12.1469720817474,35.970478195741954,48.11745296616152,42.33756311255765,128.02300216490963,261.5488961461079,460.91448717232214,892.8239665203783
MY_0p5_1.2500_110.2500,110.25,1.25,2001-06-01,2001,6,153.91014829657715,107.05735475400242,111.85677664620538,10.442990752260657,41.901184730087934,52.34417465386705,41.94918001388492,126.65719872551995,257.6618091480153,448.85666082080274,875.1248611980424
MY_0p5_1.2500_110.7500,110.75,1.25,2001-06-01,2001,6,154.44991566491504,108.86243031819662,120.52770962185328,12.338523595295253,43.441739969404914,55.780261981298054,42.16679405333503,127.48279976012213,260.23065195234994,457.1507842533172,887.0310054718501
MY_0p5_1.2500_111.2500,111.25,1.25,2001-06-01,2001,6,157.66078527286032,108.02565148691782,121.90002187905603,14.321431080754197,53.18848951784567,67.5099197607071,42.12882008415442,127.37598592252395,260.01004701072037,456.55671940520165,886.0715411981456
MY_0p5_1.2500_111.7500,111.75,1.25,2001-06-01,2001,6,167.17920818026104,105.3296162438771,120.39566984630764,19.947215685768732,70.85963439941408,90.80685134161087,42.19178747752356,127.56653679741753,260.37578861297123,457.13565596323167,887.269759889633
MY_0p5_1.2500_112.2500,112.25,1.25,2001-06-01,2001,6,181.53131862582288,102.47068957023814,120.50933431247768,24.656187086541035,87.29085095400737,111.94704022867425,42.3350713507173,127.96722040321619,261.0570181444817,458.1019866478624,889.4612826429646
MY_0p5_1.2500_112.7500,112.75,1.25,2001-06-01,2001,6,202.08692359924316,100.66024843851726,120.23002783457437,35.2654774983724,119.5422568321228,154.80773417154947,42.449578444163,128.19717661539713,260.9809449513753,456.1231333414714,887.7508532206217
MY_0p5_1.2500_113.2500,113.25,1.25,2001-06-01,2001,6,216.72769218113112,99.65423345151154,120.95350633704143,37.39778817218282,121.71201762323793,159.1098019807235,42.39217340220576,128.0158293350883,260.5289805536684,454.7903445036515,885.7273172129754
MY_0p5_1.2500_113.7500,113.75,1.25,2001-06-01,2001,6,218.1099124099269,98.48127735022342,120.72440950798264,36.946571321198434,115.8950508002079,152.84162486683238,42.35841181783965,127.9261486747048,260.3716814445727,454.39885549834275,885.0550925514914
MY_0p5_1.2500_114.2500,114.25,1.25,2001-06-01,2001,6,212.47740740480677,97.27420800133089,121.99099650425194,32.21398763741013,107.97558161642701,140.18956898377004,42.375457156020985,127.95761007123289,260.3481234660191,454.17190605771225,884.8531148454786
MY_0p5_1.2500_114.7500,114.75,1.25,2001-06-01,2001,6,202.01168380245085,96.12062441918157,120.48783185405115,27.382731960665797,109.73790470246345,137.12063303301412,42.440186162148755,128.11044213079637,260.42793224703877,453.4507387222782,884.4292976625504
MY_0p5_1.7500_102.7500,102.75,1.75,2001-06-01,2001,6,181.4148650617231,105.55591085866013,110.62296366691591,24.239676952362064,63.51159310340882,87.75126838684082,41.16309869289398,123.68313884735107,252.85149812698367,446.397234916687,864.0949630737305
MY_0p5_1.7500_103.2500,103.25,1.75,2001-06-01,2001,6,174.61543544931303,103.19503407128529,108.82921146392823,18.855978240966795,46.69120405197143,65.54718311309814,40.95316034317017,123.013212890625,251.60994628906255,444.42318450927735,859.9994815063477
MY_0p5_1.7500_103.7500,103.75,1.75,2001-06-01,2001,6,170.2751485607292,102.92749728432184,100.72020851811276,22.24471952945371,40.95679668233364,63.20151563233967,40.92267396178426,123.07159616977353,251.74892087525956,444.5137882474102,860.2569655406325
MY_0p5_1.7500_104.2500,104.25,1.75,2001-06-01,2001,6,170.37505722045898,103.7225034236908,95.85864760524542,26.87753896195759,43.8027300280194,70.680268989977,41.953134876813074,126.95886206811713,259.7278818529706,458.69004076580666,887.3299120525982
MY_0p5_1.7500_109.7500,109.75,1.75,2001-06-01,2001,6,159.75332366588503,109.00814406816349,108.72403717041016,12.59713077545166,36.151832580566406,48.748966217041016,42.37772750854492,128.15289306640625,261.8700256347656,461.8007507324219,894.201416015625
MY_0p5_1.7500_110.2500,110.25,1.75,2001-06-01,2001,6,158.4257756779703,109.28330380988844,112.08159988321722,14.272803031187005,40.83137565245603,55.10417805635992,42.2234826929429,127.52589489941927,259.7367446001838,454.43576441474147,883.921877937521
MY_0p5_1.7500_110.7500,110.75,1.75,2001-06-01,2001,6,157.9264179576527,109.58869448575105,121.31840400695799,14.213360452651974,44.547194862365714,58.760554504394534,42.31225452423095,127.97140502929688,261.5387451171875,461.0644454956054,892.8868499755858
MY_0p5_1.7500_111.2500,111.25,1.75,2001-06-01,2001,6,158.83412063840834,108.1071816338433,121.54106065617053,13.783365010106285,55.32183005754338,69.10519535153412,42.25877092938091,127.79477382926055,261.0582387524982,459.4994532385538,890.6112162745277
MY_0p5_1.7500_111.7500,111.75,1.75,2001-06-01,2001,6,167.80254069461094,105.26406877252118,115.88376105586184,16.961942745160453,72.57019163687016,89.53213539606405,42.3223297505439,127.9439313864406,261.1718682397769,459.12140240246725,890.5595179690589
MY_0p5_1.7500_112.2500,112.25,1.75,2001-06-01,2001,6,185.68302471826945,102.6848650735522,116.38292396182105,23.98007415287078,90.16028236510262,114.1403588189019,42.399025859530006,128.1120370531839,261.19307919456844,458.0289748418899,889.7331172882565
MY_0p5_1.7500_112.7500,112.75,1.75,2001-06-01,2001,6,201.21859116327195,101.67804766458178,118.96797838967944,30.56876047527979,108.20936933244978,138.77813124883744,42.46137850322421,128.25982089572483,261.3019040062314,457.5857209705172,889.6088452535962
MY_0p5_1.7500_113.2500,113.25,1.75,2001-06-01,2001,6,214.28719903855094,101.23893217056516,121.18407265799384,33.36919002230205,115.47986169239833,148.8490510002015,42.43357775249178,128.1708772689577,261.0601546999008,456.78952452644467,888.4541195824032
MY_0p5_1.7500_113.7500,113.75,1.75,2001-06-01,2001,6,217.2631217835441,99.94369853186228,121.28787522088912,32.25112089732337,116.41299094548302,148.66411437988282,42.3634294055757,127.93830089266338,260.41856786334324,454.70489831349204,885.4251813616072
MY_0p5_1.7500_114.2500,114.25,1.75,2001-06-01,2001,6,212.24978565034408,98.73078015039837,123.60319213867189,26.381853406391446,105.19482601105219,131.57667783706904,42.35681795392718,127.89390428331163,260.2114171588231,453.96851399739575,884.4306578621032
MY_0p5_1.7500_114.7500,114.75,1.75,2001-06-01,2001,6,207.97848597709378,98.605683914738,123.99596021583044,25.228777425894467,97.84295780794608,123.07173382062369,42.37380271872091,127.90757874009523,260.04310742314,452.89888293014286,883.2233646373057
MY_0p5_2.2500_101.7500,101.75,2.25,2001-06-01,2001,6,172.11404388119476,108.18112537114307,116.992821510392,14.889453724177198,39.455860908585365,54.3453140258789,41.84189031581686,126.3407764627476,258.44830168136446,456.4652734621607,883.0962333293876
MY_0p5_2.2500_102.2500,102.25,2.25,2001-06-01,2001,6,172.66774432168623,105.64327020964555,112.15006296258223,14.103605192814149,42.20370925100226,56.307312212492285,41.546920356567966,125.26368344685676,255.82025161086085,449.81194367477195,872.4427796870327
MY_0p5_2.2500_102.7500,102.75,2.25,2001-06-01,2001,6,177.26569578919228,104.82249148887922,112.0313245797459,19.16834926001633,47.48548656173899,66.65383598472499,41.72564565682713,125.8405668041374,257.3956112921992,454.66060252129273,879.6224145044254
MY_0p5_2.2500_103.2500,103.25,2.25,2001-06-01,2001,6,179.38995007711745,102.8164588564918,109.69351126050192,20.72407261681935,52.36956532796224,73.09364081488715,41.99027902512323,126.82373429555743,259.2597040085566,457.0269041999938,885.1006148080976
MY_0p5_2.2500_103.7500,103.75,2.25,2001-06-01,2001,6,183.22504324185644,103.94103199587029,109.14002737271583,28.512253531763104,46.800276197013204,75.3125313193111,41.73987279342392,125.96590405480336,257.3819813873808,452.81978749420676,877.907538152145
MY_0p5_2.2500_104.2500,104.25,2.25,2001-06-01,2001,6,187.18016672522072,105.19329827781617,112.20470422161515,35.48282648512155,39.366117619285895,74.84894410440745,42.177028183109506,127.60942203742414,260.81835180865835,459.09615256569606,889.7009625395468
MY_0p5_2.2500_104.7500,104.75,2.25,2001-06-01,2001,6,203.03271484375,106.86703491210938,,,,,,,,,
MY_0p5_2.2500_109.7500,109.75,2.25,2001-06-01,2001,6,167.5333045221144,108.70421009678994,,,,,,,,,
MY_0p5_2.2500_111.2500,111.25,2.25,2001-06-01,2001,6,158.27986323833466,106.67873719334601,110.59999398624196,15.118997756172627,61.31994090360753,76.43893724329331,42.53212182662065,128.66644848094268,263.1829044117647,465.3598866182215,899.7413716035729
MY_0p5_2.2500_111.7500,111.75,2.25,2001-06-01,2001,6,167.7649898468502,105.40956406366259,111.43933422754681,16.45816187480139,64.11721127222457,80.57537306528242,42.55133589487227,128.70711892748636,263.1969382634239,465.2078767322359,899.6632723369297
MY_0p5_2.2500_112.2500,112.25,2.25,2001-06-01,2001,6,185.78351585751489,104.61827130998883,113.99853241935607,22.119822450668092,74.11419095236158,96.23401501367962,42.572973039415146,128.69694267151846,262.8270959278894,463.3461288209945,897.4431454613093
MY_0p5_2.2500_112.7500,112.75,2.25,2001-06-01,2001,6,198.74853181384856,103.74894837878999,117.18660891093904,26.870340777200365,84.81570088220022,111.68604312472873,42.51646818130735,128.47068403940352,262.05985204303073,460.6033786349826,893.6503952752975
MY_0p5_2.2500_113.2500,113.25,2.25,2001-06-01,2001,6,206.2670311821832,103.20298420739553,121.76919342525423,27.518404122004437,93.12456686837334,120.64297262524804,42.399179089258595,128.10644870334204,261.19795135013646,458.19447409009183,889.8980338929192
MY_0p5_2.2500_113.7500,113.75,2.25,2001-06-01,2001,6,210.36984214299844,101.05682626555237,124.0709680001947,24.179025493090666,102.20529754252374,126.38432188879086,42.22030690350111,127.48514728304707,259.3994806989839,452.39488191242464,881.4998120658006
MY_0p5_2.2500_114.2500,114.25,2.25,2001-06-01,2001,6,211.80253165108815,100.19535193064856,127.36008133661177,20.47959202357701,101.5328124515594,122.01240178668307,42.2726576063368,127.62119520883711,259.56800178648933,452.3907339913505,881.8525894407242
MY_0p5_2.2500_114.7500,114.75,2.25,2001-06-01,2001,6,215.63526414440526,99.93883634997954,127.81861577187816,23.071200573828918,92.46717078916488,115.53837120302266,42.37733159219066,127.91297787081811,260.09252279958423,453.3595408778038,883.7423816311743
MY_0p5_2.2500_115.2500,115.25,2.25,2001-06-01,2001,6,231.63717651367188,100.6444091796875,128.48483276367188,27.52484703063965,65.70551300048828,93.23036193847656,42.340518951416016,127.72174072265625,259.33135986328125,450.8282165527344,880.2218017578125
MY_0p5_2.7500_101.2500,101.25,2.75,2001-06-01,2001,6,151.82933044433594,108.78077697753906,117.02267456054688,12.775653839111328,18.3647403717041,31.14039421081543,42.073822021484375,127.35848999023438,260.7127990722656,460.9554748535156,891.1005859375
MY_0p5_2.7500_101.7500,101.75,2.75,2001-06-01,2001,6,164.67981677765542,105.67307248202236,102.06663183038884,14.615204790288749,49.69433022932572,64.30953421159224,41.93489040027964,126.79586475719104,258.87561934037643,455.0688416637074,882.675216841264
MY_0p5_2.7500_102.2500,102.25,2.75,2001-06-01,2001,6,166.96441344242947,103.7257845690296,113.31412717491197,10.920325333905067,38.00241452721274,48.92273812992557,41.995555173059934,126.94662594643368,258.92735203056577,453.383644832927,881.2531678023611
MY_0p5_2.7500_102.7500,102.75,2.75,2001-06-01,2001,6,172.03056320963026,104.05580704121648,113.13629628434965,15.942807777018487,31.5136010375204,47.45640988893146,42.27428418171556,127.94368070288547,261.86372568637506,462.8994034392924,894.9810831576963
MY_0p5_2.7500_103.2500,103.25,2.75,2001-06-01,2001,6,180.98889218470094,104.5165042026787,106.17035653181138,24.046374424247986,45.83559625467677,69.88197180875548,41.34169109611754,124.5167604920211,254.61839760944343,448.85410702456335,869.3309674111142
MY_0p5_2.7500_103.7500,103.75,2.75,2001-06-01,2001,6,188.7333422453507,106.12725010747496,103.85555812290737,30.31167766905051,47.05972627560664,77.37140391828828,40.49806658133934,121.44508748559909,248.29635395102787,437.41536927113333,847.6548762870825
MY_0p5_2.7500_104.2500,104.25,2.75,2001-06-01,2001,6,195.5897990956026,106.33365294512582,112.93894958496094,37.35981369018555,41.25046157836914,78.61027526855469,42.230873107910156,127.79924774169922,261.35302734375,460.7263488769531,892.1094970703125
MY_0p5_2.7500_111.2500,111.25,2.75,2001-06-01,2001,6,159.43177784886853,105.54832432187838,110.81490527882296,14.503779327168184,48.1672337475945,62.67101153205422,42.52490582185633,128.6564779842601,263.2314058191636,465.8343371223001,900.2471492991729
MY_0p5_2.7500_111.7500,111.75,2.75,2001-06-01,2001,6,168.77445033339205,105.08167013574818,111.27977677049307,15.282392370289768,47.376699069450645,62.65909069982069,42.536885902799405,128.67834242459,263.22813718072297,465.7371410501414,900.1805162100956
MY_0p5_2.7500_112.2500,112.25,2.75,2001-06-01,2001,6,183.28082627887966,105.24855966205837,114.31127390543618,20.17828238805135,48.48271283467611,68.66099404652914,42.57581775665283,128.74717376708983,263.18340464274087,465.2220129394531,899.7283951822916
MY_0p5_2.7500_112.7500,112.75,2.75,2001-06-01,2001,6,195.6525590148153,105.23936737639995,118.00271007682703,28.014881562583057,58.41456653498396,86.42944782595092,42.588454355167435,128.72089917146707,262.81299784213684,463.4041752875605,897.5265118562721
MY_0p5_2.7500_113.2500,113.25,2.75,2001-06-01,2001,6,204.47623368520584,104.88677699982173,123.29616229344927,29.104646585858056,70.50940643794952,99.61405399867465,42.52311478872148,128.4965054708814,262.18021579318577,461.29982357933403,894.4996628534226
MY_0p5_2.7500_113.7500,113.75,2.75,2001-06-01,2001,6,211.15396613831732,103.25595921315964,127.41681095293373,24.238565833705245,89.4865587319538,113.72512414045396,42.277791964779986,127.67450944936958,259.9613415177461,454.42191766629554,884.3355812024159
MY_0p5_2.7500_114.2500,114.25,2.75,2001-06-01,2001,6,216.08474828019928,101.69213946861557,129.42146139507054,24.623967514762395,105.10979666890977,129.73376633849324,42.28482900691938,127.63933589790442,259.5410884422592,452.1982089658327,881.6634679866742
MY_0p5_2.7500_114.7500,114.75,2.75,2001-06-01,2001,6,223.99114878466176,103.30645888018759,131.86748582390464,26.714621398099673,102.72884405342637,129.44346881064638,42.48171132081634,128.24527728329798,260.92343810257637,455.8188772991204,887.4693226419437
MY_0p5_2.7500_115.2500,115.25,2.75,2001-06-01,2001,6,235.12735040338188,102.47159652022626,127.25984136907904,27.195054097218552,61.17366374935116,88.36871798403627,42.17425526799382,127.13626036772858,257.66780516478394,445.7799275716145,872.7582265493031
MY_0p5_3.2500_101.2500,101.25,3.25,2001-06-01,2001,6,140.30947875976565,108.82831430991799,122.90790350056807,11.361632321131369,21.86957824647659,33.23121056760795,42.22728715889185,127.81985485507356,261.65305776633176,462.7492932271401,894.4495008891658
MY_0p5_3.2500_101.7500,101.75,3.25,2001-06-01,2001,6,154.9329140141325,102.58578974729892,103.0070472036957,12.88713297874305,53.364455794073216,66.25158719955738,41.81743558652842,126.28462408758274,256.9008404191133,447.28000587414795,872.2828872583475
MY_0p5_3.2500_102.2500,102.25,3.25,2001-06-01,2001,6,162.69335089789496,103.79748905726841,113.94420444549077,10.78645875113351,24.88752676948668,35.67398451547775,41.92159864637587,126.71688753158328,258.442986673022,452.40618373325896,879.4876486157614
MY_0p5_3.2500_102.7500,102.75,3.25,2001-06-01,2001,6,171.30209538906436,104.33356811426863,112.7426046299029,19.176451188099534,34.44405037843728,53.6205013371721,42.18236503118201,127.58064279676991,260.6858995654915,458.93911723849135,889.3880060896089
MY_0p5_3.2500_103.2500,103.25,3.25,2001-06-01,2001,6,180.46113576485203,105.9525031422171,102.71797289522154,27.88941412562268,51.464760112451806,79.35417232451299,40.558638060131756,121.58431243896484,248.45879306855343,437.5379735095494,848.1397277633221
MY_0p5_3.2500_112.2500,112.25,3.25,2001-06-01,2001,6,181.63683403862848,105.52226748996311,114.49405025906036,17.463466686672636,35.812293243408206,53.27575912475586,42.53229658338759,128.63079596625434,263.03256429036463,465.2656419542101,899.461273871528
MY_0p5_3.2500_112.7500,112.75,3.25,2001-06-01,2001,6,195.63131812310985,106.14416177811161,120.71397900190509,26.4645119026059,41.882663351590516,68.34717481644428,42.57567927876457,128.67381149041847,262.70786598080497,463.3501616931353,897.3075051229508
MY_0p5_3.2500_113.2500,113.25,3.25,2001-06-01,2001,6,210.00437301979923,106.70533150120785,126.3099053989757,29.038748726700288,48.468822912736364,77.50757104700263,42.55198769135908,128.57712745666504,262.3671402208733,462.03839631514114,895.534679066051
MY_0p5_3.2500_113.7500,113.75,3.25,2001-06-01,2001,6,218.6735359797402,106.20346200125556,127.92172970241968,35.36051748366583,81.66189647856213,117.02241571819971,42.54823883298843,128.54175022670202,262.11950654529386,460.6315557570683,893.8410539899552
MY_0p5_3.2500_114.2500,114.25,3.25,2001-06-01,2001,6,224.57814983197835,106.08029160226226,128.93542597096436,37.56695971519324,119.2814033411111,156.8483648846863,42.53071345189574,128.38614751730756,261.19284728226387,456.22887785115813,888.3385812552871
MY_0p5_3.2500_114.7500,114.75,3.25,2001-06-01,2001,6,230.71718266967,108.54488086093004,135.02831251302345,32.20228665345794,116.39955105143747,148.601841677526,42.62637063044652,128.6921441630953,261.9486471771435,458.4489051187115,891.7160656194019
MY_0p5_3.2500_115.2500,115.25,3.25,2001-06-01,2001,6,239.43677202055724,105.7161309206033,125.28092616117452,30.132700183723546,70.45472612260264,100.58742438690572,42.211252828187575,127.25261082226716,257.8872895059706,445.9887412348879,873.3398864359795
MY_0p5_3.2500_115.7500,115.75,3.25,2001-06-01,2001,6,256.5590950612272,104.17614360337846,120.70746835430016,47.598950418193695,87.17899502529187,134.77795101551527,42.46858356775862,128.11908919087958,260.1310215639264,452.1515362343091,882.8702420009656
MY_0p5_3.7500_100.7500,100.75,3.75,2001-06-01,2001,6,100.75495910644531,111.00847625732422,123.90691375732422,10.166398048400879,6.6439528465271,16.81035041809082,42.153602600097656,127.58260345458984,261.1420593261719,461.5554504394531,892.4337158203125
MY_0p5_3.7500_101.2500,101.25,3.75,2001-06-01,2001,6,126.55775314810032,107.4101889156601,123.20624665689316,14.33441446359875,36.66423673691487,50.99865045516622,42.28392270776446,127.85610436004343,261.06998292990875,459.2213904124634,890.431410706159
MY_0p5_3.7500_101.7500,101.75,3.75,2001-06-01,2001,6,152.7331211426679,100.84268108295028,112.16917254211037,11.132518625563119,43.65116538515517,54.78368245264527,41.84861200174709,126.26633652608108,256.3438731393997,444.251184548542,868.7099782372737
MY_0p5_3.7500_102.2500,102.25,3.75,2001-06-01,2001,6,166.87225569467694,100.93591763935392,113.08282267252604,13.892251998659164,39.524581812298486,53.41683528839596,42.02399600801014,126.91121508885944,258.2998399522569,450.42419598291787,877.6592407226562
MY_0p5_3.7500_102.7500,102.75,3.75,2001-06-01,2001,6,177.21279466417099,104.04104774111794,110.25991879417784,22.833194890097964,53.427053045848055,76.26024584089006,42.29683619907924,127.83012220594617,260.7195304749504,457.4250578380766,888.2715446351067
MY_0p5_3.7500_103.2500,103.25,3.75,2001-06-01,2001,6,182.42917392928288,105.78029377242008,104.23081213259229,34.40378201054592,71.05523684632544,105.45901531144685,41.90731106926413,126.36262853285847,257.7736987544041,452.47494578642,878.5185915479473
MY_0p5_3.7500_113.2500,113.25,3.75,2001-06-01,2001,6,213.61243677139282,108.66359567642212,127.28994813512584,33.68848991394044,52.37916927650326,86.06766028482406,42.58974294193455,128.7036267890305,262.69414983030225,462.9414342661373,896.9289900982966
MY_0p5_3.7500_113.7500,113.75,3.75,2001-06-01,2001,6,229.20829598269484,109.55079612126426,125.5513811327493,43.138035178570306,81.12726523883906,124.26529701010695,42.70239815819997,129.048722943056,263.4211821818429,464.4037816316179,899.5760922725146
MY_0p5_3.7500_114.2500,114.25,3.75,2001-06-01,2001,6,244.99339117804521,110.85424158005486,128.37253839401973,45.642107185484875,120.36803230406746,166.01014370388455,42.82256329248822,129.36492110963852,263.81233762710815,464.16819961790054,900.1680100213912
MY_0p5_3.7500_114.7500,114.75,3.75,2001-06-01,2001,6,247.5263841417101,112.38664175366597,135.3841318039667,42.939259556361606,125.09867917015437,168.03793988909038,42.81674699329195,129.32859933035715,263.62648199172247,463.3749345083085,899.1467639741443
MY_0p5_3.7500_115.2500,115.25,3.75,2001-06-01,2001,6,242.01715538388208,107.49511532253689,121.24287884424604,28.430345250689793,74.36511368524461,102.79546118842231,42.18945413014246,127.24729151650081,258.1430307539682,447.1958423432849,874.7756343781001
MY_0p5_3.7500_115.7500,115.75,3.75,2001-06-01,2001,6,250.14174690521023,103.92845225162642,118.00190740352055,43.39989218951987,83.84032961618985,127.24022427565758,42.334876053624875,127.71347726506295,259.20199497140567,449.61142143414173,878.8617760088804
MY_0p5_4.2500_100.7500,100.75,4.25,2001-06-01,2001,6,116.45943460464478,111.54893797025905,120.547190888074,12.132189380879305,22.916923343892,35.04911091084383,42.157007303043294,127.5810342905473,261.0531864088409,461.02928678551507,891.8205145388234
MY_0p5_4.2500_101.2500,101.25,4.25,2001-06-01,2001,6,134.80912816247275,104.0595153031076,113.19409850296701,20.949000079161046,73.34637560662192,94.29537846632066,42.2511372292877,127.57938229506182,259.5473805810236,452.4190342411115,881.7969381733307
MY_0p5_4.2500_101.7500,101.75,4.25,2001-06-01,2001,6,158.25788900368815,101.91643139043937,116.77187493662485,15.436444885814536,40.79405247746185,56.230494904441954,42.20191471721418,127.52457469416123,259.99825191802495,455.6393133291422,885.3640087968627
MY_0p5_4.2500_102.2500,102.25,4.25,2001-06-01,2001,6,177.6917073795209,103.82799040090545,113.63448635991008,17.485364496517487,43.22412438438343,60.709489682231094,42.29664360753264,127.81024691548213,260.63540103412663,457.2766729482828,888.0189614585416
MY_0p5_4.2500_102.7500,102.75,4.25,2001-06-01,2001,6,188.3018216661587,103.74335909800926,105.4303501882371,26.582100649548185,70.43244432340003,97.01454629108405,42.30021457307658,127.70233970690684,259.7632886558581,452.95269260285005,882.7185517329319
MY_0p5_4.2500_103.2500,103.25,4.25,2001-06-01,2001,6,188.36395323983294,106.9916004087867,103.6072349149591,36.50381973479268,72.58305999543194,109.08687705860737,42.367784400434864,127.9909216319227,260.9206384532543,457.42871667948333,888.7080686349902
MY_0p5_4.2500_113.7500,113.75,4.25,2001-06-01,2001,6,263.85693008180647,112.5894022854892,124.19760570886,35.67267820970068,79.93057726014337,115.60325435422502,42.70462478781646,129.04773064379424,263.38895113963,464.2367712056862,899.3780632738797
MY_0p5_4.2500_114.2500,114.25,4.25,2001-06-01,2001,6,280.5343146543622,114.0817993929948,125.2748859361332,38.67745632922788,109.93060779939748,148.6080645999393,42.80726921052086,129.36446118446852,264.04151180075866,465.4194213395874,901.6326258596766
MY_0p5_4.2500_114.7500,114.75,4.25,2001-06-01,2001,6,271.9230215454102,115.07230957031251,130.94364288330078,49.223474706014,134.25950856526694,183.48299051920577,42.85727300008139,129.4856293741862,264.10220865885424,464.7414363606771,901.1865551757813
MY_0p5_4.2500_115.2500,115.25,4.25,2001-06-01,2001,6,244.59442011515296,111.69998587502374,123.62819078233505,23.58927872445848,77.3509421878391,100.94022414419386,42.1420243581136,127.12586336665684,257.99782509273956,447.1194702784221,874.3851807912191
MY_0p5_4.2500_115.7500,115.75,4.25,2001-06-01,2001,6,232.1439217260329,106.41782358460509,115.1944914478367,34.2650111376229,85.83539601988711,120.10040888382223,42.271560332734715,127.55260741670257,258.99433945478023,449.4275130966963,878.2460159560383
MY_0p5_4.2500_116.2500,116.25,4.25,2001-06-01,2001,6,233.7587838521818,112.98128300178344,114.88877929129252,48.24524488681701,97.04716542871986,145.29241775884861,42.50361451870058,128.28063806673376,260.6809150881883,453.76454683629487,885.2297236744952
MY_0p5_4.2500_116.7500,116.75,4.25,2001-06-01,2001,6,221.74676848836032,116.43791432463367,110.90678441042157,50.325271110314176,91.85182966111023,142.1771006501479,42.590387862541775,128.58763294550727,261.6266689410789,457.18355123707323,889.9882459695629
MY_0p5_4.2500_117.2500,117.25,4.25,2001-06-01,2001,6,197.12585921836111,119.0288228060292,107.4981478463232,42.982696161860915,71.16469092917653,114.14738417093733,42.60150078967609,128.7234023102617,262.5116085626383,461.48453906574076,895.3210516735517
MY_0p5_4.2500_117.7500,117.75,4.25,2001-06-01,2001,6,167.93283172346588,118.53829303969687,99.93985986302042,26.583431920434677,42.92805982247377,69.51149175921057,40.97022322304228,122.92470006046132,250.75669541318197,440.6900830391126,855.3416886288898
MY_0p5_4.2500_118.2500,118.25,4.25,2001-06-01,2001,6,125.452557078579,117.0778452109175,90.65518859085763,13.72482672770312,18.906046508983444,32.63087324883528,38.09646795965304,112.56774581617611,229.58612352116089,402.7339434775577,782.984266147492
MY_0p5_4.2500_118.7500,118.75,4.25,2001-06-01,2001,6,103.5494356508608,116.51969598840785,86.35396575927734,11.546270370483398,10.620033264160156,22.166303634643555,36.4996223449707,106.78062438964844,217.88470458984375,382.4093933105469,743.5743408203125
MY_0p5_4.7500_100.2500,100.25,4.75,2001-06-01,2001,6,129.36860826280383,114.74061245388455,,,,,,,,,
MY_0p5_4.7500_100.7500,100.75,4.75,2001-06-01,2001,6,131.9267293154921,110.38942994166466,114.85696473160411,7.621156853388965,43.08325541116358,50.704409545030046,41.7899311189729,126.27279365353468,257.2701275212978,449.1524085068121,874.4852495891291
MY_0p5_4.7500_101.2500,101.25,4.75,2001-06-01,2001,6,141.8045982748775,102.0221445719401,105.28704795231894,14.87682540681627,85.56698170011005,100.44380856468564,42.11255686926464,127.10788373190262,258.2515919518849,448.27934667193705,875.7513761005704
MY_0p5_4.7500_101.7500,101.75,4.75,2001-06-01,2001,6,156.72567462313705,103.17396685887898,112.28141353546629,14.378994084918311,65.33937134515672,79.71836165170822,42.291916535392645,127.78304065522696,260.4340343656994,455.9642357235864,886.4732675703747
MY_0p5_4.7500_102.2500,102.25,4.75,2001-06-01,2001,6,171.96563052222842,105.93581710088823,105.73175383068266,18.52338680085682,73.69062529064361,92.2140125819615,42.345009649367555,127.88782711937314,260.3797273181733,454.91342860630584,885.5260242280506
MY_0p5_4.7500_102.7500,102.75,4.75,2001-06-01,2001,6,179.64195027928437,106.09049108225827,102.58530375000775,19.488118202063685,75.45897949121559,94.94709989219712,42.36961250548149,127.9473285310587,260.4432081477657,454.94649014807044,885.7066529875345
MY_0p5_4.7500_103.2500,103.25,4.75,2001-06-01,2001,6,178.23738192156026,109.44880872697973,97.41320795150702,26.615981478532746,68.97362488750164,95.58960566221569,40.852446988939796,122.43860400998726,249.19805187492798,435.08628107612867,847.5753872016261
MY_0p5_4.7500_103.7500,103.75,4.75,2001-06-01,2001,6,178.95480507298524,111.3270492553711,87.6593879600624,23.917029814286664,33.20753801023805,57.12456591717608,36.956180572509766,108.37437399331624,220.71736283735794,385.59083973277694,751.6387392514712
MY_0p5_4.7500_113.7500,113.75,4.75,2001-06-01,2001,6,320.99365234375,114.68438720703125,,,,,,,,,
MY_0p5_4.7500_114.2500,114.25,4.75,2001-06-01,2001,6,320.99365234375,116.0051212310791,126.78084564208984,56.72771072387695,128.36434936523438,185.09205627441406,42.9140625,129.6668243408203,264.53948974609375,466.02264404296875,903.1430053710938
MY_0p5_4.7500_114.7500,114.75,4.75,2001-06-01,2001,6,302.92498582409274,119.03203049526421,130.93424684257917,57.11116655411259,145.4478767969275,202.55903986448882,42.91944963188582,129.65934441679266,264.3936800392725,465.1388323383947,902.1112854660199
MY_0p5_4.7500_115.2500,115.25,4.75,2001-06-01,2001,6,271.68658494949335,118.55903760592142,132.64903966585794,35.698629528284066,104.39860184987386,140.0972313483556,42.396718680858605,127.95582449436183,260.0901300112406,452.88882907231635,883.3314905166625
MY_0p5_4.7500_115.7500,115.75,4.75,2001-06-01,2001,6,243.96600215851313,113.39332723466178,121.5065908038427,26.569615385267465,72.51040109301368,99.08001733204675,42.096395268515934,127.02419067867217,257.980772375682,447.73970918201263,874.8410601903522
MY_0p5_4.7500_116.2500,116.25,4.75,2001-06-01,2001,6,218.04994845920135,114.0330399528382,120.21564367385135,28.085998335338765,71.12025541275264,99.206254117451,42.214813692607564,127.4251539684477,259.0473975771949,450.8487842378161,879.5361417255704
MY_0p5_4.7500_116.7500,116.75,4.75,2001-06-01,2001,6,194.9181098455115,115.63335602192939,113.4103474435927,24.19859237912335,67.24956063379216,91.44815691211555,42.17290808279303,127.31088925615143,258.83455764191064,450.41553381424916,878.7338807311238
MY_0p5_4.7500_117.2500,117.25,4.75,2001-06-01,2001,6,174.95266670348153,116.74964725554935,105.52581898522754,15.11235734848749,50.93309679788256,66.04545460050069,41.97425508045015,126.70224541558159,257.5022120884487,447.36658189561626,873.5453022305927
MY_0p5_4.7500_117.7500,117.75,4.75,2001-06-01,2001,6,144.5455297639098,117.62482478950594,101.03390669520897,11.569265987299666,29.397691298134724,40.96695791316938,41.67778530603722,125.78784930555125,255.5354848451252,443.20044302638576,866.2015595255019
MY_0p5_4.7500_118.2500,118.25,4.75,2001-06-01,2001,6,110.42551372278878,117.92237877007108,101.71620530938382,10.506609921479345,20.78608335562088,31.292693871349552,41.6420501057227,125.74800750119006,255.7945325841856,444.8327639785844,868.0173407319803
MY_0p5_4.7500_118.7500,118.75,4.75,2001-06-01,2001,6,92.59758488136002,117.33732324914088,104.3807650216018,10.061555608918395,14.026658697973325,24.088214246532583,41.47677177718923,125.2359411505204,254.66071541701692,442.3365107669106,863.7099377595927
MY_0p5_5.2500_100.2500,100.25,5.25,2001-06-01,2001,6,136.6834407211039,114.84331847615326,63.12778854370117,7.3428497314453125,10.456771850585938,17.79962158203125,27.9259090423584,75.59685516357422,153.99270629882812,268.9454040527344,526.4608764648438
MY_0p5_5.2500_100.7500,100.75,5.25,2001-06-01,2001,6,138.7317356782801,110.72290485720092,110.821256747191,7.66762582186995,45.58383827647943,53.25146589608028,40.79339614955858,122.64841636570021,249.32665349149158,432.85531125123475,845.6237898201779
MY_0p5_5.2500_101.2500,101.25,5.25,2001-06-01,2001,6,143.4311291891431,104.95162515791635,107.69422556559245,11.227475263202,71.99369722396608,83.22117468213278,41.88438327123248,126.41060573032924,256.77307976616754,445.1557144407242,870.2237845284598
MY_0p5_5.2500_101.7500,101.75,5.25,2001-06-01,2001,6,147.3078923802467,105.30557958031918,111.66504005869484,9.829425542977207,55.87089354217432,65.70031897429449,42.02102932049212,126.95480414712505,258.61052353974367,451.56019971325145,879.1465784546676
MY_0p5_5.2500_102.2500,102.25,5.25,2001-06-01,2001,6,149.59524798545107,112.69448082310377,106.60679271722296,10.973884515701585,48.66947116973294,59.64335491399097,41.92020000773629,126.56496750169498,258.21902592166975,452.9177241234263,879.621910726948
MY_0p5_5.2500_102.7500,102.75,5.25,2001-06-01,2001,6,151.8483814649551,111.88903852329132,100.06195650262347,16.794974111298384,62.711080231100816,79.5060528706696,41.167962387860825,123.72327386888408,252.10709673348117,441.06176033666577,858.0600904561705
MY_0p5_5.2500_103.2500,103.25,5.25,2001-06-01,2001,6,152.338510244864,114.17119699306589,104.90592693972899,30.690237813181692,75.35252957529838,106.04276548113141,42.32069790827764,127.83010220218016,260.7321636645825,457.64591345848976,888.5288624949271
MY_0p5_5.2500_115.2500,115.25,5.25,2001-06-01,2001,6,306.22568733461446,121.5351747082126,135.1488582423476,31.762609262935452,84.39966032934971,116.16226946721312,42.28510628371943,127.62888773933786,259.5557296002497,452.7423425893315,882.2120841604765
MY_0p5_5.2500_115.7500,115.75,5.25,2001-06-01,2001,6,288.0513350572873,120.35165781914432,128.65555342334812,25.124715914968714,64.94891972945909,90.0736367177155,42.05579076217392,126.89914969751388,257.82727868031645,448.28736613645384,875.0695974576271
MY_0p5_5.2500_116.2500,116.25,5.25,2001-06-01,2001,6,237.36722772332686,116.42584233344357,121.50454583952698,28.401410851297502,61.408108699170846,89.80951958668383,42.190332521366166,127.36979762210122,259.09696390658996,451.8186825136596,880.4757781209825
MY_0p5_5.2500_116.7500,116.75,5.25,2001-06-01,2001,6,200.79584614234633,116.78012196021743,116.55271291129196,25.469563701484773,66.20307422589651,91.67263453519796,42.1547563166558,127.24039681350128,258.6333854771867,449.88514497008504,877.9136802576766
MY_0p5_5.2500_117.2500,117.25,5.25,2001-06-01,2001,6,181.57784012083025,118.91638079446462,110.66164068797276,20.35866651383657,53.01274114336287,73.37140602232918,42.01307605561755,126.81669362386066,257.7536302354601,448.05643378363715,874.6398342556423
MY_0p5_5.2500_117.7500,117.75,5.25,2001-06-01,2001,6,148.7936548626612,118.82858121357265,103.50823194715711,13.613904274834526,28.781479139176625,42.39538445851159,41.610204593719,125.58571665930369,255.1344187903026,442.44834681919644,864.7786967928446
MY_0p5_5.2500_118.2500,118.25,5.25,2001-06-01,2001,6,105.24182344094301,117.63187998874932,101.16844585442999,7.821471855139276,16.111712149374043,23.933183633597793,41.35770736985905,124.8836880094686,253.96037739553267,440.8449704115557,861.0467311591858
MY_0p5_5.2500_118.7500,118.75,5.25,2001-06-01,2001,6,87.307403755188,116.41696181524368,104.08237181769478,7.905833966202206,8.474572766158316,16.38040647241804,41.148861991034615,124.18301020728218,252.15129513210718,436.0825873480902,853.5657560560438
MY_0p5_5.2500_119.2500,119.25,5.25,2001-06-01,2001,6,94.85799940971478,115.75865405854724,105.54594421386719,8.581718444824219,5.587167739868164,14.168886184692383,41.05671310424805,123.85729217529297,251.2386016845703,433.5092468261719,849.661865234375
MY_0p5_5.7500_100.2500,100.25,5.75,2001-06-01,2001,6,144.73458092491904,116.66564027253571,101.52757697149154,9.702952008728586,17.61812642298707,27.321078151737876,35.31241901642686,102.56814785178648,209.41363553388405,368.3273990176139,715.6215965900946
MY_0p5_5.7500_100.7500,100.75,5.75,2001-06-01,2001,6,142.78797442723834,114.42869594513424,108.5943169403076,10.306275424957276,49.44140754699707,59.74768403371174,40.171010971069336,120.17911397298175,244.57205108642577,426.34964813232415,831.2718115234376
MY_0p5_5.7500_101.2500,101.25,5.75,2001-06-01,2001,6,142.92887271670847,111.29881731168493,112.02733588030958,11.120988511663723,61.394125975961764,72.51511458149106,41.9324196792963,126.5565662534218,257.16445394200605,446.4540023202972,872.1074079378384
MY_0p5_5.7500_101.7500,101.75,5.75,2001-06-01,2001,6,138.72391007741294,111.98116477330528,116.83392473856608,7.089393148819606,36.40050739248594,43.48990015188854,41.69246061642965,125.89972060521445,256.13974386851,445.45653038024903,869.1884376525879
MY_0p5_5.7500_102.2500,102.25,5.75,2001-06-01,2001,6,128.03631435296475,119.75099504910982,110.37848909936768,3.797553484688704,11.04361260439009,14.841166447308728,40.4980793705693,121.8370623861499,248.1190984449804,431.8144084275371,842.2686588788273
MY_0p5_5.7500_102.7500,102.75,5.75,2001-06-01,2001,6,131.02890803745814,116.6088384609778,86.07347869873047,3.38948655128479,12.410727500915527,15.800214767456055,35.19563293457031,102.34732818603516,208.21054077148438,361.68792724609375,707.44140625
MY_0p5_5.7500_103.2500,103.25,5.75,2001-06-01,2001,6,137.6614990234375,117.06587982177734,,,,,,,,,
MY_0p5_5.7500_115.2500,115.25,5.75,2001-06-01,2001,6,328.8623087565104,122.64842605590819,140.81997680664062,57.92539978027344,127.66046905517578,185.58587646484375,42.92164993286133,129.70370483398438,264.7016296386719,466.78155517578125,904.1085205078125
MY_0p5_5.7500_115.7500,115.75,5.75,2001-06-01,2001,6,301.14216585685875,120.03147097160479,130.46685282389322,46.71274759201776,101.92137996128628,148.63413449242003,42.515680440266934,128.33727329799106,261.0850245884487,456.2442687988281,888.1822393508186
MY_0p5_5.7500_116.2500,116.25,5.75,2001-06-01,2001,6,249.208508688306,114.18335798959882,120.74176088363404,35.571378980364116,82.54906429714627,118.12044760083393,42.22625531393384,127.38060554625494,258.6169577946739,449.1347341386099,877.3585553850447
MY_0p5_5.7500_116.7500,116.75,5.75,2001-06-01,2001,6,202.3392346578931,112.16548725915334,110.55333300393725,24.063248661586215,63.35024980817522,87.41349729507688,42.01322290329706,126.7275886656746,257.1509175618489,445.4171244303385,871.3088603670635
MY_0p5_5.7500_117.2500,117.25,5.75,2001-06-01,2001,6,178.41580450497216,117.71735988580842,109.18371396711572,20.47691254360067,36.817031400060806,57.29394291778469,41.98499193402119,126.74424717178103,257.7730792313344,449.0578941561823,875.5602078121921
MY_0p5_5.7500_117.7500,117.75,5.75,2001-06-01,2001,6,147.69932575528586,118.71531280033173,105.32638654772867,10.88068767041968,8.46518858087143,19.34587648570938,41.52543679819812,125.30406923742103,254.55876190390364,442.05388298290694,863.4421433826421
MY_0p5_5.7500_118.2500,118.25,5.75,2001-06-01,2001,6,108.64914506365996,117.73464059829712,101.98583804660373,4.89917622672187,1.7429137002097237,6.642089915805393,40.92807930840387,123.43798600938585,250.24283487955728,431.55855577256943,846.1674609375
MY_0p5_5.7500_118.7500,118.75,5.75,2001-06-01,2001,6,85.76567913935736,116.73832482558032,100.95584869384766,3.3177733421325684,1.326560616493225,4.644333839416504,40.74869918823242,122.90210723876953,249.09307861328125,428.943359375,841.687255859375
MY_0p5_6.2500_99.7500,99.75,6.25,2001-06-01,2001,6,170.32993391448377,119.0760071698357,135.08898464469024,13.373407896174943,11.844676749650823,25.218083936114645,41.13072461860124,124.08903876016305,251.60251138376637,433.7736447356467,850.5959273937136
MY_0p5_6.2500_100.2500,100.25,6.25,2001-06-01,2001,6,150.25251060724258,118.56828951835632,123.63705849160952,9.399250707820968,17.026273680706414,26.425524263965844,39.85539340583645,119.26292055091079,243.08683783083544,425.32583281847894,827.5309909119898
MY_0p5_6.2500_100.7500,100.75,6.25,2001-06-01,2001,6,142.28804033787554,118.75617147320486,112.68483972733544,9.42661968069187,40.29697438832876,49.723594245763366,41.01236556947922,123.37809986129231,250.77787203402133,438.8809935816467,854.0493128713955
MY_0p5_6.2500_101.2500,101.25,6.25,2001-06-01,2001,6,139.65411423903248,118.33420609694262,109.45663733849157,10.050953248830941,47.63572563758263,57.68667872502254,41.56565915621243,125.36321411132813,254.3908836951623,444.24922907902646,865.5689687875603
MY_0p5_6.2500_101.7500,101.75,6.25,2001-06-01,2001,6,125.04195665631974,122.65818198067798,114.86666194370814,4.911338308879307,15.737304127216337,20.648642097200668,41.212277112688334,124.44626464843748,253.12457885742185,439.4371529715401,858.2202776227678
MY_0p5_6.2500_102.2500,102.25,6.25,2001-06-01,2001,6,115.49257818857828,124.46932690318039,114.26764678955078,2.28135085105896,0.5514617562294006,2.832812547683716,40.800086975097656,123.20001983642578,250.51229858398438,433.9034729003906,848.4158935546875
MY_0p5_6.2500_115.7500,115.75,6.25,2001-06-01,2001,6,271.89304629239166,118.94014479897241,138.8940887451172,54.45673751831055,78.83008575439453,133.2868194580078,42.52880096435547,128.32696533203125,260.8218688964844,455.1029968261719,886.7806396484375
MY_0p5_6.2500_116.2500,116.25,6.25,2001-06-01,2001,6,243.3800868653414,115.67040286147802,127.03586800192944,37.43725477546322,57.777149162628575,95.21440311885614,42.002161404109735,126.57747629980682,256.3565220097613,443.20483479100704,868.1409995461349
MY_0p5_6.2500_116.7500,116.75,6.25,2001-06-01,2001,6,198.24225003681485,113.46063796754868,110.59316055055649,16.23537701198033,29.404523925175738,45.63990239945669,41.336313665480844,124.41729041205511,251.0871605767144,429.79262191530256,846.6333881680927
MY_0p5_6.2500_117.2500,117.25,6.25,2001-06-01,2001,6,163.02432018461684,116.3841069297185,104.68878558930896,12.455068757798935,14.374216815403527,26.82928586990114,40.75335196843223,122.4437709747799,247.7816796196832,426.4679176936074,837.4467122395832
MY_0p5_6.2500_117.7500,117.75,6.25,2001-06-01,2001,6,142.95874595642093,117.51357428232829,103.28815964369747,10.515575682210645,4.450108737973442,14.965684795937342,40.537080642075566,121.76099694681447,246.6471007943851,425.30465412697595,834.2498211777
MY_0p5_6.2500_118.2500,118.25,6.25,2001-06-01,2001,6,135.27818734305245,117.77451842171806,104.22343145098004,9.20842502798353,0.764903541122164,9.973328607422964,40.94848305838449,123.3711267198835,249.57524708339147,428.9286346435547,842.8234885079521
MY_0p5_6.7500_100.2500,100.25,6.75,2001-06-01,2001,6,153.26017245124368,118.80626016504624,130.2387404722326,8.796124879051657,14.40356244760401,23.199687326655667,41.424228584065155,125.08551317102769,254.42496770970965,442.2916638991412,863.2263933069567
MY_0p5_6.7500_100.7500,100.75,6.75,2001-06-01,2001,6,142.66912389684606,120.91915808783638,116.15330109772859,6.316855042069047,20.28067892569083,26.597534532900216,40.80415570294416,122.9116468076353,248.72393403229896,436.98846548574943,849.4282023111981
MY_0p5_6.7500_116.2500,116.25,6.75,2001-06-01,2001,6,201.47508643139366,118.0696817442428,116.34476880329412,10.334771272612782,5.832340193957818,16.167111978298284,40.55162774062739,121.71782684326173,243.94002514350706,411.8323081411967,818.0417912180832
MY_0p5_6.7500_116.7500,116.75,6.75,2001-06-01,2001,6,183.56276468358615,117.31703835725784,107.21163394611345,8.031733237707568,4.755099829948938,12.786833378637262,39.08906690876475,116.51855354158305,233.57141601803747,394.25204516022575,783.4310910673481
MY_0p5_6.7500_117.2500,117.25,6.75,2001-06-01,2001,6,154.89253339196884,116.89526318281123,99.19262131547505,6.180392942597381,2.4833959931820897,8.66378895582351,38.03579764239556,112.76267569887953,226.54420808775237,383.8427576385768,761.1854369577053
MY_0p5_6.7500_117.7500,117.75,6.75,2001-06-01,2001,6,136.4781706068251,116.72762192620172,100.51343035697937,7.215444475412369,1.313105309382081,8.528549775481224,38.80077052116393,115.50784587860107,233.12762880325317,398.52572536468506,785.9619426727296
MY_0p5_7.2500_116.7500,116.75,7.25,2001-06-01,2001,6,159.54676266167107,117.82326786101811,106.46724097210428,4.592482471466065,0.3325564907944721,4.92503895552262,37.68772795304008,111.65202636718752,222.81090446140456,372.6096573539402,744.7603165336277
MY_0p5_7.2500_117.2500,117.25,7.25,2001-06-01,2001,6,146.19760001242696,117.06298072058875,105.36946892989309,3.7695050967367068,0.1898253836129841,3.959330528660824,36.983493242765725,109.18477743048416,217.86266367059008,364.0997324090254,728.1306717722038
MY_0p5_0.7500_110.2500,110.25,0.75,2001-07-01,2001,7,231.2291442871094,118.00394193209135,119.26175138033355,24.919489669799805,14.678402739304763,39.59789070716271,40.971398456280056,123.15276160606972,247.7382688082182,421.34701397235585,833.209439791166
MY_0p5_0.7500_110.7500,110.75,0.75,2001-07-01,2001,7,241.69753134591238,121.348537336077,125.4695463997977,34.69999291556222,8.279695047651018,42.97969027927944,40.96233188084194,123.22245875767298,248.3480843680245,424.01269182477677,836.5455548967633
MY_0p5_0.7500_111.7500,111.75,0.75,2001-07-01,2001,7,242.06228589254712,118.55584389822823,125.45577591184586,34.4631098187159,5.2462204070318315,39.70933133079892,40.66484330192445,122.32763526553201,246.4236479259673,419.6417604476686,829.0579252697173
MY_0p5_1.2500_103.2500,103.25,1.25,2001-07-01,2001,7,144.18722386036106,114.37193402040351,119.2807696949352,7.915479172359813,4.097755253314972,12.013233748349277,38.046205260536894,112.98065168207344,230.5400754755194,402.4592104825107,784.026123046875
MY_0p5_1.2500_103.7500,103.75,1.25,2001-07-01,2001,7,133.36896181569514,113.55764963094472,109.66473299785726,8.905705882507622,15.357754816129372,24.26345945561974,39.26781689542011,117.6356790042618,240.28340430398592,420.7594237096102,817.9463127654733
MY_0p5_1.2500_104.2500,104.25,1.25,2001-07-01,2001,7,123.67469057355609,114.60355279105049,98.84156799316406,10.230424880981445,28.948341369628906,39.17876434326172,40.88053894042969,123.76199340820312,253.0823211669922,444.648681640625,862.37353515625
MY_0p5_1.2500_109.7500,109.75,1.25,2001-07-01,2001,7,197.12569877900276,122.97705749144036,121.29591948727528,26.918283416564208,29.715669459607227,56.63395281872117,41.86697121126107,126.34715684637966,256.8299444727151,447.1506362363517,872.1947477409639
MY_0p5_1.2500_110.2500,110.25,1.25,2001-07-01,2001,7,224.50186033506654,120.37551281903244,120.81189913363073,27.296234447523442,21.059917310029842,48.35615125678222,41.2448472277078,124.1015960811188,250.33840005646343,428.4733882005611,844.158231403837
MY_0p5_1.2500_110.7500,110.75,1.25,2001-07-01,2001,7,234.8449348570808,122.54504939488001,127.1125741625589,32.764267403738835,9.756122875213624,42.52039201524522,41.1364901951381,123.81043623666915,249.9119455973307,428.2546213301401,843.1134759812128
MY_0p5_1.2500_111.2500,111.25,1.25,2001-07-01,2001,7,233.36751402833596,121.24413779749277,127.14206836932001,34.02870938724603,6.403115395920727,40.43182469328372,40.80206966704835,122.71194943071556,247.15650657190687,421.2350626692605,831.9055920683157
MY_0p5_1.2500_111.7500,111.75,1.25,2001-07-01,2001,7,236.51438685825894,118.15047466944134,125.57364339677113,34.92110830640036,7.013075329008556,41.93418393816267,40.71585749066065,122.44922807481554,246.563236297123,419.6703394329737,829.398695203993
MY_0p5_1.2500_112.2500,112.25,1.25,2001-07-01,2001,7,240.57796946878966,115.21941011690247,127.20792648392884,33.95180000266448,9.591246263629895,43.54304638005755,40.71239161612418,122.42418980477426,246.4872393922757,419.5531467495836,829.1769849128528
MY_0p5_1.2500_112.7500,112.75,1.25,2001-07-01,2001,7,244.2644360860189,113.59295431772868,128.95026890436807,37.47141639391582,16.109079976876576,53.580495834350586,40.708575963974,122.28608465194701,245.67346541086832,416.597998936971,825.2661221822104
MY_0p5_1.2500_113.2500,113.25,1.25,2001-07-01,2001,7,258.6178400454314,113.88432524307915,130.48334748641304,36.93340281610903,13.580877287491509,50.5142795065175,40.530826634946074,121.67499568773353,244.05546410602074,412.4983337402344,818.759614894701
MY_0p5_1.2500_113.7500,113.75,1.25,2001-07-01,2001,7,250.68134238503194,113.50765575062144,130.0919043223063,29.142864155046865,10.409744573361944,39.55261010834664,40.34159862633907,121.0649370135683,242.60122992775658,409.1383761781634,813.1461297237512
MY_0p5_1.2500_114.2500,114.25,1.25,2001-07-01,2001,7,224.06971511165654,111.74489937841365,130.14645351983805,23.578231220751736,11.460359176703259,35.03859109794144,40.474045913831326,121.53473501289841,243.91015625000003,412.5100605382329,818.4289945079162
MY_0p5_1.2500_114.7500,114.75,1.25,2001-07-01,2001,7,194.43737005418348,109.03111365533644,124.68021663542716,19.0384339978618,18.882500371625344,37.920932646720644,40.85159498645413,122.82881312216482,247.2703586701424,420.667725593813,831.6185164913055
MY_0p5_1.7500_102.7500,102.75,1.75,2001-07-01,2001,7,152.7749991232519,115.92186028917851,122.90545344352721,12.460286796092989,6.898984313011169,19.359271109104156,40.136805295944214,120.35375881195067,244.78010892868045,425.52725982666016,830.797945022583
MY_0p5_1.7500_103.2500,103.25,1.75,2001-07-01,2001,7,144.973377537083,113.43601689283453,124.27912155151368,9.341738758087159,7.7447508382797245,17.08648910522461,39.975769710540774,119.92163597106934,244.30907814025878,425.5589962768555,829.7654592895509
MY_0p5_1.7500_103.7500,103.75,1.75,2001-07-01,2001,7,134.985268556619,113.44588516331926,116.71126836462868,10.25163578685326,14.066894606698918,24.31852942478808,40.03865184059626,120.36765076842488,245.66091069088702,429.32789495926863,835.3950950525984
MY_0p5_1.7500_104.2500,104.25,1.75,2001-07-01,2001,7,127.51931710243225,114.62343382835388,112.00328560762627,11.763321972632593,21.810676781706107,33.57399761584378,41.0807376832001,124.33562593681867,253.99766919039942,444.9057986237282,864.3198298964388
MY_0p5_1.7500_109.7500,109.75,1.75,2001-07-01,2001,7,192.95769828973815,123.38110693110977,121.40238952636719,27.451704025268555,30.703771591186523,58.15547561645508,41.91560745239258,126.52041625976562,257.3202819824219,448.53424072265625,874.2905883789062
MY_0p5_1.7500_110.2500,110.25,1.75,2001-07-01,2001,7,211.10387137766637,124.20668719513249,123.58544954514122,31.298905744909604,31.603192181510725,62.9020996501739,41.717705650125595,125.74848733993775,254.8826401654412,441.0256829083285,863.3745228160511
MY_0p5_1.7500_110.7500,110.75,1.75,2001-07-01,2001,7,221.10619354248047,124.3353146639737,130.1701446533203,28.240426635742185,12.64137303829193,40.881799888610836,41.4934024810791,125.01027793884278,253.09221420288083,436.9056411743163,856.501513671875
MY_0p5_1.7500_111.2500,111.25,1.75,2001-07-01,2001,7,214.44476226322234,122.23636259048703,128.3196926383085,30.896628162472755,5.629789110671642,36.52641770118891,41.06053223720817,123.57044950973156,249.370009382381,426.9498184558957,840.9508173033249
MY_0p5_1.7500_111.7500,111.75,1.75,2001-07-01,2001,7,217.1204972568946,117.92538609082183,124.60992704463908,34.82124426395077,8.530867440791067,43.352109740052036,41.04660262337213,123.5324525953848,249.31684653366662,426.83232995528203,840.7282390353043
MY_0p5_1.7500_112.2500,112.25,1.75,2001-07-01,2001,7,226.0548081170945,114.91629665314204,124.77329869346013,33.15631971813384,12.441549031696622,45.59786756000821,40.89414930797758,123.01804775661893,247.9620348733569,423.20001695421,835.074242001488
MY_0p5_1.7500_112.7500,112.75,1.75,2001-07-01,2001,7,235.27447761656748,114.6218761383541,127.51735941569011,33.14704437255859,13.212147697569831,46.3591915433369,40.765447852725075,122.57136974031962,246.75620737227183,419.9548207116505,830.0478387741814
MY_0p5_1.7500_113.2500,113.25,1.75,2001-07-01,2001,7,244.78385222904265,115.4608643062531,130.07528904506137,31.91262680538117,10.851280272953094,42.76390650915721,40.52643253386967,121.74934174068392,244.62728838239397,414.7430627247644,821.6461164202008
MY_0p5_1.7500_113.7500,113.75,1.75,2001-07-01,2001,7,236.15689876495844,115.06378093901135,129.39403836689297,24.804612598721942,9.021210033174544,33.8258233146062,40.26036762055897,120.86005471850196,242.35244450644842,409.07012842571925,812.5429797944568
MY_0p5_1.7500_114.2500,114.25,1.75,2001-07-01,2001,7,213.17190193297367,113.04076727004276,129.5621318514385,19.680293915763734,10.964216253492566,30.64451065063476,40.45962304009332,121.53344474671377,244.0540322440011,413.0748553563677,819.1219457232762
MY_0p5_1.7500_114.7500,114.75,1.75,2001-07-01,2001,7,191.36202892244168,111.51019844490013,126.03785938796601,17.356248732057878,21.19282443782826,38.549073797433486,41.001720270344634,123.36013339344085,248.65679409837477,424.11485077062423,837.1335053913334
MY_0p5_2.2500_101.7500,101.75,2.25,2001-07-01,2001,7,147.25828089858547,117.44279256493155,125.10615616615374,11.406316699403707,6.872695624226272,18.279012448859937,40.646061560120245,122.42032808246034,248.68394901776554,430.9172366363834,842.6675895922112
MY_0p5_2.2500_102.2500,102.25,2.25,2001-07-01,2001,7,151.62406833776447,114.75986947967675,120.63118466463956,10.683824425108694,9.20557288575971,19.88939790862599,40.505741703453246,121.83594910836105,247.27222417073952,427.7909776605487,837.4048961292614
MY_0p5_2.2500_102.7500,102.75,2.25,2001-07-01,2001,7,152.98850071581106,114.57872204840938,123.08937990212742,9.925338075130801,6.950049816807614,16.875387891938413,40.720114683803125,122.55334912070748,249.2976507355895,433.4440758620636,846.0151965950108
MY_0p5_2.2500_103.2500,103.25,2.25,2001-07-01,2001,7,147.9999740842789,112.97960490877665,123.50726391020275,10.23976165832035,10.323857355874681,20.56361902025011,40.913629683237225,123.35339917379711,250.86771303207155,435.40859132797,850.5433390299479
MY_0p5_2.2500_103.7500,103.75,2.25,2001-07-01,2001,7,140.06409260378044,114.69575151346497,125.33534970041048,12.901637103193897,10.528661084579209,23.430298103720453,40.83470866316455,123.16220496226165,250.91399060265493,436.5062639656713,851.4171692929025
MY_0p5_2.2500_104.2500,104.25,2.25,2001-07-01,2001,7,134.1124578956666,116.1338059340066,130.7846564931318,14.547920282222023,8.593687971761405,23.141608025416858,41.387688912635994,125.2419143550652,255.59582973511755,446.18488028029765,868.4103131254843
MY_0p5_2.2500_104.7500,104.75,2.25,2001-07-01,2001,7,125.51925659179688,118.52783203125,,,,,,,,,
MY_0p5_2.2500_109.7500,109.75,2.25,2001-07-01,2001,7,178.5885063909715,123.48952976349861,,,,,,,,,
MY_0p5_2.2500_111.2500,111.25,2.25,2001-07-01,2001,7,199.6871734857559,121.64744681119919,122.26790203767662,28.105420028462127,4.438999863231883,32.5444185032564,41.46890438304228,125.13509346457087,254.2306260501637,441.313247680664,862.1478720272287
MY_0p5_2.2500_111.7500,111.75,2.25,2001-07-01,2001,7,199.22484193832156,119.61363917759488,122.57536635625928,28.014517248244513,5.795057644919744,33.80957378811306,41.488047972179594,125.19241732642763,254.33833332364523,441.50922444661455,862.5280190119668
MY_0p5_2.2500_112.2500,112.25,2.25,2001-07-01,2001,7,205.08943336123508,117.54397934202161,123.27373751685731,26.302800248161194,10.509241643027654,36.81204142494807,41.38751654246497,124.8407743181501,253.30167822459384,438.3352504185268,857.8652103484624
MY_0p5_2.2500_112.7500,112.75,2.25,2001-07-01,2001,7,210.8191468738374,116.9357414851113,125.88901076543898,22.80023092239622,10.512697949485172,33.31292865087115,41.03766208224826,123.64549509684245,250.09569532606335,429.53155401320686,844.3104129851811
MY_0p5_2.2500_113.2500,113.25,2.25,2001-07-01,2001,7,216.38096100337924,117.56948450482085,129.9991880871001,18.74565804496644,6.0762596554226365,24.821918009197905,40.517570229182176,121.86956612723215,245.50930408296136,418.0919481065539,825.9883920820935
MY_0p5_2.2500_113.7500,113.75,2.25,2001-07-01,2001,7,210.9944791190232,116.34953945497924,128.88181556025637,14.998803162876564,5.940935008133514,20.939738309836088,40.02581543258474,120.19193902800356,241.09443881843666,406.8632965087891,808.1754776194127
MY_0p5_2.2500_114.2500,114.25,2.25,2001-07-01,2001,7,197.0297309027778,114.34608454628597,128.2894795009068,13.742585884578643,9.461465791671996,23.204052068316745,40.351859368218314,121.22045414031498,243.37290547688804,411.5025387718564,816.447736080109
MY_0p5_2.2500_114.7500,114.75,2.25,2001-07-01,2001,7,185.63347571588335,112.5336505274619,126.79171324699158,16.434112093525552,22.336945835236584,38.771057934914865,41.158181135116095,123.87220363001671,249.84227974184097,426.7627277005104,841.6353972404236
MY_0p5_2.2500_115.2500,115.25,2.25,2001-07-01,2001,7,180.22793579101562,111.65821075439453,123.13233947753906,23.758041381835938,61.21522521972656,84.9732666015625,42.08653259277344,126.99156188964844,257.8835144042969,447.6438293457031,874.6054077148438
MY_0p5_2.7500_101.2500,101.25,2.75,2001-07-01,2001,7,147.3446502685547,117.51692199707031,125.22442626953125,11.88856315612793,8.944432258605957,20.832996368408203,41.13570022583008,124.28630828857422,253.06222534179688,440.55377197265625,859.0380249023438
MY_0p5_2.7500_101.7500,101.75,2.75,2001-07-01,2001,7,147.5699955717046,113.64684978138315,108.1310908092152,11.224115878018466,23.3113321685791,34.53544814369895,40.91373062133789,123.49228981711644,250.8784898237748,435.0432692649147,850.3277732155539
MY_0p5_2.7500_102.2500,102.25,2.75,2001-07-01,2001,7,147.38123136872701,111.61908231115645,118.82531194018709,8.12130945655191,10.71539872618997,18.83670891014634,40.91959868267084,123.44459523972431,250.31263310134793,431.4920072130336,846.1688331555409
MY_0p5_2.7500_102.7500,102.75,2.75,2001-07-01,2001,7,144.7825946566425,113.14696497856814,121.31266760524315,7.521349651904045,6.738885161242907,14.26023452191413,41.370516680463965,125.00018332276163,254.58750147759156,443.49816170221635,864.4563467291337
MY_0p5_2.7500_103.2500,103.25,2.75,2001-07-01,2001,7,139.0800880869483,115.18568434988616,116.92813931604859,8.182900292098902,8.000712844216899,16.183612987494012,40.2835927829621,121.12243185833002,246.46570650331537,427.8639866531275,835.7357134970891
MY_0p5_2.7500_103.7500,103.75,2.75,2001-07-01,2001,7,135.5277596183445,117.6276677670686,116.58556035476896,11.00097827647688,6.107713611444571,17.10869182639408,39.471871617752285,118.22179240565147,240.75676414384273,418.2996800857755,816.7501012564805
MY_0p5_2.7500_104.2500,104.25,2.75,2001-07-01,2001,7,133.40928010379568,117.58853867474724,130.01551818847656,15.107025146484375,5.717678546905518,20.824703216552734,41.39909744262695,125.3036880493164,255.8594970703125,447.1606750488281,869.7229614257812
MY_0p5_2.7500_111.2500,111.25,2.75,2001-07-01,2001,7,183.89154684132544,121.85951201340247,122.83348218132467,16.593662850997028,2.9405573641552643,19.534220583298627,41.4278554355397,125.10253165749943,254.54717703426584,442.81099656048946,863.8885641659007
MY_0p5_2.7500_111.7500,111.75,2.75,2001-07-01,2001,7,181.73577049130296,121.1302559336678,123.40710771494898,17.154237081264625,4.402251509243045,21.556488842799745,41.49596893376317,125.30562660611908,254.977320309343,443.83428494683625,865.6132112700362
MY_0p5_2.7500_112.2500,112.25,2.75,2001-07-01,2001,7,182.82514036154444,120.66997404943538,125.92775258382161,15.111967420578,6.43083117643992,21.54279849052429,41.52804761250814,125.3963638559977,255.12659408569337,444.1144773356119,866.1654949951172
MY_0p5_2.7500_112.7500,112.75,2.75,2001-07-01,2001,7,186.83464933950688,120.4210771488238,129.27055354057987,15.882497687883014,8.748483754411527,24.630981318558316,41.38714984700649,124.88432872144482,253.59222846695133,439.5015351500693,859.3652565871613
MY_0p5_2.7500_113.2500,113.25,2.75,2001-07-01,2001,7,191.3175778343564,120.45337548634362,132.95179947141614,13.488068638150652,6.667943085564508,20.156012459406774,40.98647976829892,123.5113534109933,249.938527570452,429.739940921844,844.1763170030381
MY_0p5_2.7500_113.7500,113.75,2.75,2001-07-01,2001,7,189.22223906304424,119.04606023411841,132.96111180979736,10.637326866198496,5.217371091721165,15.854697926029278,40.2224789030233,120.90930100459201,243.11415969945824,412.3326785336634,816.5786224170855
MY_0p5_2.7500_114.2500,114.25,2.75,2001-07-01,2001,7,182.0496684690065,115.93513764007182,129.64554871184913,11.61540247518805,8.416639540768877,20.032042430925973,40.24637490284594,120.90429926522171,242.73756635641752,410.3662560378449,814.2544783580153
MY_0p5_2.7500_114.7500,114.75,2.75,2001-07-01,2001,7,178.83988646489038,116.01999353299477,129.12330663887556,12.842663269893379,17.33233970593495,30.175002413950146,41.015892271782945,123.41111556132127,248.76911518072623,424.4220772518473,837.6182021608777
MY_0p5_2.7500_115.2500,115.25,2.75,2001-07-01,2001,7,180.4161851212785,113.52687670733478,120.39293072674725,19.75375386830923,55.65658469672675,75.410340867601,41.91337547645913,126.38628194997973,256.1619464771167,442.4747402431728,866.9363474802926
MY_0p5_3.2500_101.2500,101.25,3.25,2001-07-01,2001,7,151.4755096435547,117.19314584101221,130.251350729382,12.33800033836513,7.190084924957632,19.528085560186362,41.30207300742777,124.77941550169474,254.04104145213321,442.2124239554201,862.3349834991337
MY_0p5_3.2500_101.7500,101.75,3.25,2001-07-01,2001,7,150.54375500948922,109.81434888900468,107.87706472311812,11.75204256082037,31.155481617921478,42.90752545739436,41.11203709985041,124.01790582450332,251.49002527127598,434.04640742016454,850.6663781427275
MY_0p5_3.2500_102.2500,102.25,3.25,2001-07-01,2001,7,142.05499587286087,111.73545643639943,119.34936600942459,7.403679245237319,11.163056419009253,18.5667361425975,41.3029429723346,124.71258581252327,253.53328736320373,439.73266107468373,859.2814736018105
MY_0p5_3.2500_102.7500,102.75,3.25,2001-07-01,2001,7,131.83342216588272,113.12696862522559,119.14686586887021,7.0295541165750235,10.538320292400407,17.56787446480763,41.469814119459706,125.35796575908418,255.55503975590577,445.9133892783636,868.296216167981
MY_0p5_3.2500_103.2500,103.25,3.25,2001-07-01,2001,7,120.55769243768451,116.28648008663414,109.4487922494497,6.7970263857018285,7.807485922928353,14.604512565687347,39.54105449266465,118.45857730828202,241.46803810542104,420.3780584180006,819.8457323503029
MY_0p5_3.2500_112.2500,112.25,3.25,2001-07-01,2001,7,174.5946489122179,122.16385837131077,127.30411105685764,10.23631492190891,2.331075175603231,12.567389827304417,41.456469048394105,125.19091389973957,254.76205681694879,443.55607977973096,864.9655381944445
MY_0p5_3.2500_112.7500,112.75,3.25,2001-07-01,2001,7,173.411501238423,122.93955581418928,134.04613244728966,13.536602458015816,6.470690699874377,20.00729298982464,41.408545071961456,124.98192383813077,253.97083407542746,440.8421390721055,861.2034476858669
MY_0p5_3.2500_113.2500,113.25,3.25,2001-07-01,2001,7,170.96466615146264,124.15648180739325,139.66050026633522,11.389441277041579,5.547711106863888,16.937152844486818,41.13344529180815,124.05302085298482,251.5245259602865,434.22249580152106,850.9334848577324
MY_0p5_3.2500_113.7500,113.75,3.25,2001-07-01,2001,7,170.46769220261345,123.33048112657333,138.0469302707248,9.979447937011718,6.344061688014439,16.323509346492703,40.8164803156777,122.96867850167409,248.68374842083642,427.01083238389754,839.4797512478298
MY_0p5_3.2500_114.2500,114.25,3.25,2001-07-01,2001,7,167.9990218338693,121.14697865771639,131.88178447553304,10.461400153530631,11.101196723379147,21.562597001434135,40.490305821607066,121.80320914687623,245.32404152451045,417.2966389261233,824.9141939005274
MY_0p5_3.2500_114.7500,114.75,3.25,2001-07-01,2001,7,171.21936010858818,121.87979956948836,132.94889661460928,10.077596372859494,15.109145638289725,25.18674266717996,40.870310133429854,123.00457642184703,248.07257614621696,423.41860971633037,835.3660783706958
MY_0p5_3.2500_115.2500,115.25,3.25,2001-07-01,2001,7,180.9456861954701,117.15239442752886,119.71046505698673,17.891231669655326,49.13612385037579,67.02735596668872,41.725361558455454,125.74258483210696,254.42551373831833,437.5960635414606,859.4895241652862
MY_0p5_3.2500_115.7500,115.75,3.25,2001-07-01,2001,7,191.58413473407876,113.9757503552383,113.97321688191276,22.34365043211519,74.72639653923807,97.070043156656,42.16387459401334,127.24391491493483,258.42692685930916,448.49756167979723,876.3322836200844
MY_0p5_3.7500_100.7500,100.75,3.75,2001-07-01,2001,7,162.4240264892578,119.42019653320312,131.01986694335938,3.615647077560425,0.846576988697052,4.462224006652832,41.108489990234375,124.19181823730469,252.8196563720703,439.38232421875,857.5022583007812
MY_0p5_3.7500_101.2500,101.25,3.75,2001-07-01,2001,7,165.2202500826575,115.13353786036421,128.2277313528709,7.77486074086532,12.05290170221267,19.82776278585292,41.310627662634,124.72135787025624,253.50802992539886,439.5725342586974,859.1125691731771
MY_0p5_3.7500_101.7500,101.75,3.75,2001-07-01,2001,7,162.0316817339729,108.78252498359439,115.92441284276877,6.886351775211894,24.206237398135436,31.09259024091587,41.16228363620249,124.1123806169838,251.3988058005169,432.5312447517541,849.2047338789437
MY_0p5_3.7500_102.2500,102.25,3.75,2001-07-01,2001,7,147.9044739738343,109.42950667123944,117.86722627670045,7.175869887215749,24.36879822867257,31.544668506440658,41.57094944545201,125.5003472222222,255.10069667271202,442.6548198397197,864.8268403552826
MY_0p5_3.7500_102.7500,102.75,3.75,2001-07-01,2001,7,130.9118122403584,112.92471814836775,115.47434309702071,7.311607333592005,21.060831221323163,28.37243882436601,41.664993806869255,125.93289685930523,256.7109056260851,448.1478869241381,872.4566844153024
MY_0p5_3.7500_103.2500,103.25,3.75,2001-07-01,2001,7,114.33197267691928,115.58353421032666,109.57214092179842,8.208201976850921,19.21400269433564,27.422205386442297,41.01077651977539,123.72827124502146,252.41176745844822,440.56570362764245,857.7165146771599
MY_0p5_3.7500_113.2500,113.25,3.75,2001-07-01,2001,7,161.52109241485596,127.47548747062683,143.42747247414513,9.93006043355973,3.72676860309038,13.656829177356158,41.18522131247599,124.23947656350057,252.05075248343047,435.7816972576204,853.2571391121287
MY_0p5_3.7500_113.7500,113.75,3.75,2001-07-01,2001,7,161.21856720278964,128.33201986645895,140.65630817104696,7.605331761937311,4.676512495985309,12.281843929229044,41.19458338666502,124.2801683296278,252.2375585562203,436.52481533408553,854.2371073602473
MY_0p5_3.7500_114.2500,114.25,3.75,2001-07-01,2001,7,160.50989348482088,127.44035610622831,136.91617557586184,6.789782698192294,6.910215833452012,13.699998449900793,41.015657794286334,123.67301652696396,250.6589084201389,432.36767568436875,847.7152444506447
MY_0p5_3.7500_114.7500,114.75,3.75,2001-07-01,2001,7,163.54285796634736,126.67148653060671,137.59503653390067,7.691484437670027,10.42603735242571,18.117522300235812,40.97416368514772,123.49298805357915,249.96441006130638,429.9174788217695,844.3490410698784
MY_0p5_3.7500_115.2500,115.25,3.75,2001-07-01,2001,7,171.13259146554128,119.06664365738156,121.14701697939917,17.31056672353593,37.06323090810624,54.373797135126026,41.43417297847687,124.79333738296751,252.10537773011225,431.93298194521947,850.2658544146824
MY_0p5_3.7500_115.7500,115.75,3.75,2001-07-01,2001,7,182.17715838315675,113.96358923603304,116.25396058885313,19.866357460296413,59.12589818282092,78.99225182842007,41.88062643147201,126.28539726202436,255.91062301525966,441.62620818872244,865.7028676863197
MY_0p5_4.2500_100.7500,100.75,4.25,2001-07-01,2001,7,177.30614109039306,119.6395158242053,129.21681344168528,5.426876256903824,3.8287976537432,9.255674120844628,41.222751913265306,124.49449643504863,253.24396443269697,439.91388612085467,858.875082708865
MY_0p5_4.2500_101.2500,101.25,4.25,2001-07-01,2001,7,184.96730668415393,111.65481025550015,118.97663408024299,8.225388049320049,26.912636970828295,35.1380251046199,41.252103720500976,124.37403087251506,251.94570393167484,433.70747910031855,851.2793266150602
MY_0p5_4.2500_101.7500,101.75,4.25,2001-07-01,2001,7,180.82743950807765,110.84271705798068,122.25275528392854,6.07488268099654,17.36778387855798,23.442666989164994,41.42494278441603,125.02923505984177,253.99471436521878,440.12939248374477,860.578292115428
MY_0p5_4.2500_102.2500,102.25,4.25,2001-07-01,2001,7,163.0066281644681,113.31792888702296,117.32631310411156,6.938130124308431,24.182870413929518,31.121000101010264,41.713670785434715,126.03018271351776,256.6863724096134,447.4904639880878,871.9207110420205
MY_0p5_4.2500_102.7500,102.75,4.25,2001-07-01,2001,7,139.9816351969531,113.22828807952298,107.96834090409007,8.617207361634371,38.60921572424045,47.22642275330369,41.613247780283544,125.66736872484731,255.53372430497674,443.3756985998458,866.1900362634356
MY_0p5_4.2500_103.2500,103.25,4.25,2001-07-01,2001,7,113.13749770213497,117.17062524137597,106.34085178707535,10.319507911230215,30.6103355726714,40.929843238006484,41.634368032528556,125.88512957636074,256.78083944819116,448.39629308188836,872.6966286901813
MY_0p5_4.2500_113.7500,113.75,4.25,2001-07-01,2001,7,158.89258357456754,132.3439583055901,141.3761124520932,5.7586024077433455,4.398270337086804,10.15687301923644,41.15630988354953,124.17287452265901,252.06720632876994,436.30799088388125,853.7043814029334
MY_0p5_4.2500_114.2500,114.25,4.25,2001-07-01,2001,7,158.07222074245308,132.09941077508523,139.54507187066392,5.4724345741124685,3.739348232976259,9.211782724240575,41.0537941244118,123.86644114490645,251.44449229590225,435.0526990264539,851.4174208475357
MY_0p5_4.2500_114.7500,114.75,4.25,2001-07-01,2001,7,156.588654683431,130.61033335367836,139.62982330322265,7.377876799901327,6.616762072245281,13.994638582865399,40.960413029988615,123.49647272745769,250.22956624348961,431.28106953938806,845.9675240071616
MY_0p5_4.2500_115.2500,115.25,4.25,2001-07-01,2001,7,153.53282350964017,124.5950690375434,124.83794612354701,7.534208147062196,18.74762194355329,26.28183003266653,40.62314348750645,122.24577667978077,246.32235421074762,419.1359100341797,828.3272071414523
MY_0p5_4.2500_115.7500,115.75,4.25,2001-07-01,2001,7,159.82143632274565,117.43864293502551,114.11154839467196,11.281386963795807,32.876975289037674,44.15836398884402,41.21285527116163,124.183103787697,251.0736885200113,430.35522460937506,846.824878550384
MY_0p5_4.2500_116.2500,116.25,4.25,2001-07-01,2001,7,178.8184272021782,124.23071991525049,113.48257311379037,21.226517938986056,54.856711131770446,76.08322908820176,41.81343055352932,126.14782612498216,255.90989554800643,442.4105632130693,866.2817174399772
MY_0p5_4.2500_116.7500,116.75,4.25,2001-07-01,2001,7,199.16353276423638,127.67188800966122,110.32468564248501,34.96594904199502,68.94843944924416,103.91438853533971,42.195558514898224,127.441468960977,259.36282154590407,452.2842588920815,881.2841080682127
MY_0p5_4.2500_117.2500,117.25,4.25,2001-07-01,2001,7,224.88081886494052,130.63452729081686,106.83900380767552,55.4774615701321,52.771972251149414,108.24943157634904,42.32361006947745,128.00569341878975,261.44969663366805,459.9007668284189,891.6797609582412
MY_0p5_4.2500_117.7500,117.75,4.25,2001-07-01,2001,7,212.5188135652461,129.9065680218558,98.39827216384758,61.55786416469477,26.37801795535617,87.93587839501537,40.574408213297524,121.85050977397171,248.9327856210562,437.2936591776009,848.6513431907721
MY_0p5_4.2500_118.2500,118.25,4.25,2001-07-01,2001,7,163.47487020213703,128.0257639745523,87.72118061818895,44.06884746187052,10.916114345477647,54.9849595962816,37.59314776378073,111.09311233812079,226.64480843513635,396.11480052000405,771.4458649264781
MY_0p5_4.2500_118.7500,118.75,4.25,2001-07-01,2001,7,133.47214734112777,127.51790675410517,82.62702178955078,29.04499626159668,6.060477256774902,35.105472564697266,35.97282028198242,105.17716979980469,214.4644012451172,374.1942443847656,729.8086547851562
MY_0p5_4.7500_100.2500,100.25,4.75,2001-07-01,2001,7,206.22680664062503,124.48774973551433,,,,,,,,,
MY_0p5_4.7500_100.7500,100.75,4.75,2001-07-01,2001,7,200.21724551126835,119.13422176611684,124.2057082633662,10.800532608497432,14.094241301218668,24.894773909716104,41.114979007379794,123.86422233271405,250.42211721776948,429.6932288689342,845.0945521408948
MY_0p5_4.7500_101.2500,101.25,4.75,2001-07-01,2001,7,204.46452166023903,109.86079169379339,112.29177052331349,16.60662565685454,48.917667921762614,65.52429466247558,41.655533938937715,125.50754484146361,253.8610556466239,436.1318930974082,857.1560397677953
MY_0p5_4.7500_101.7500,101.75,4.75,2001-07-01,2001,7,194.10685909781486,112.23149651421444,119.48470451718286,10.098136008731903,30.547083972749256,40.64521971203032,41.69510178338915,125.7717912704226,255.21725386362226,441.73362165178577,864.4177933950274
MY_0p5_4.7500_102.2500,102.25,4.75,2001-07-01,2001,7,168.80545596168156,115.93424929664249,110.82680773053852,12.813745789300826,42.21697870890299,55.03072190057663,41.820863669259204,126.22038494291759,256.38233003162196,444.5539440336682,868.9775123232887
MY_0p5_4.7500_102.7500,102.75,4.75,2001-07-01,2001,7,139.98905490462184,116.39036538190898,105.42481778381733,13.44185962494771,47.690092572740674,61.13194909065392,41.84755424936865,126.38020932142898,257.04896924450134,446.7570125312562,872.0337510807498
MY_0p5_4.7500_103.2500,103.25,4.75,2001-07-01,2001,7,110.81663766291469,120.43590164184573,98.67709525132973,10.9121473389798,39.72074324618407,50.63288899101456,40.2158569955298,120.62099493385684,245.654695461597,427.40122867598313,833.8927846535547
MY_0p5_4.7500_103.7500,103.75,4.75,2001-07-01,2001,7,90.96083390085322,122.6664047241211,88.59341826996246,6.296611711576387,15.028185324235396,21.324797494070868,36.321755644562955,106.60515762923599,217.42790777033025,378.826009775137,739.1808344853388
MY_0p5_4.7500_113.7500,113.75,4.75,2001-07-01,2001,7,159.9609375,134.8000030517578,,,,,,,,,
MY_0p5_4.7500_114.2500,114.25,4.75,2001-07-01,2001,7,159.9609375,135.53169795445035,142.33212280273438,6.514928817749023,2.748319625854492,9.263248443603516,41.20197296142578,124.44000244140625,253.107666015625,439.52935791015625,858.2789916992188
MY_0p5_4.7500_114.7500,114.75,4.75,2001-07-01,2001,7,155.923089468351,137.33736969322288,143.57440234768774,9.815978634742,5.301755571878085,15.117733729782927,41.180971371230264,124.24695898896906,252.10516406643777,435.8142463930193,853.3473281039988
MY_0p5_4.7500_115.2500,115.25,4.75,2001-07-01,2001,7,150.22250008583066,135.17097977797187,132.51376442114508,7.218720484524965,16.020970548192658,23.239690353473023,40.6522046526273,122.36007686456043,246.6495486100514,420.05958350499463,829.7214145660398
MY_0p5_4.7500_115.7500,115.75,4.75,2001-07-01,2001,7,151.570401194739,127.2853581746419,118.106911965022,6.051562166970873,20.863749440511068,26.915312473357673,40.732310025654144,122.67405233231801,247.70767730228482,423.2882587735615,834.4023017035589
MY_0p5_4.7500_116.2500,116.25,4.75,2001-07-01,2001,7,163.1445148286365,126.55749126615974,117.80744456942118,13.377105249677381,36.86004469129774,50.23715035574776,41.562240794348334,125.3108459230453,253.84730723547554,437.5888371543278,858.3092360723583
MY_0p5_4.7500_116.7500,116.75,4.75,2001-07-01,2001,7,184.74404829966872,127.16483893575548,112.33439493782913,25.583720798733868,56.0395378040362,81.62325982202458,42.01999169361743,126.7941847692562,257.3939130758937,446.1301111148883,872.3382085486304
MY_0p5_4.7500_117.2500,117.25,4.75,2001-07-01,2001,7,218.70082034156434,127.69757220555866,105.10756249806238,40.87984597342354,57.66131763761006,98.54116540333581,42.104825386168464,127.10171755836123,258.28084881494914,448.757958015563,876.2453535776289
MY_0p5_4.7500_117.7500,117.75,4.75,2001-07-01,2001,7,206.9806603540348,128.26743466341043,100.56760418565966,45.89512668078458,34.47719778592074,80.37232570406758,41.75823023349424,126.05246336248852,256.0851917991155,444.2601451632343,868.1560497042499
MY_0p5_4.7500_118.2500,118.25,4.75,2001-07-01,2001,7,164.83346457936656,129.2085233908802,100.19294911293528,39.433697053535504,17.814160735163863,57.247859092214,41.36529920568418,124.88105796928983,253.73122011117604,439.5549439089982,859.5325366456307
MY_0p5_4.7500_118.7500,118.75,4.75,2001-07-01,2001,7,139.2963239452507,129.06731086441235,103.59126223793513,26.37864977196802,8.653338402132444,35.03198927867262,40.944747393644306,123.53753430330302,250.62678373312647,432.4892033444175,847.5982766453222
MY_0p5_5.2500_100.2500,100.25,5.25,2001-07-01,2001,7,222.17016707403812,124.09983578720534,63.71623229980469,21.811697006225586,26.46674156188965,48.278438568115234,28.026823043823242,75.84052276611328,154.1582489013672,268.1572265625,526.1828002929688
MY_0p5_5.2500_100.7500,100.75,5.25,2001-07-01,2001,7,220.57397989509934,119.87870969651624,117.47398937707662,12.700414043733444,21.69832617661049,34.3987414042155,40.355030695597335,120.96408195057136,244.05829260815153,417.14934951957616,822.526763565239
MY_0p5_5.2500_101.2500,101.25,5.25,2001-07-01,2001,7,219.34276626829117,113.79193248446023,113.92352498372395,22.22939075591072,47.20711278461274,69.4365010579427,41.67079338194832,125.51120159815228,253.6757378956628,435.33027508448043,856.1880312965029
MY_0p5_5.2500_101.7500,101.75,5.25,2001-07-01,2001,7,199.5172167249546,114.59967901144817,119.36796173776033,15.688358328145021,32.148042812468894,47.83640083993317,41.749133504879715,125.8875359699225,255.21285310976066,441.05986372832285,863.9093674580764
MY_0p5_5.2500_102.2500,102.25,5.25,2001-07-01,2001,7,163.77971756078637,123.57488991804182,112.85053831452775,14.810830028193772,31.1984468933883,46.00927734374999,41.645951082752,125.62032959567514,255.60302151236564,445.2350359874166,868.1043372670556
MY_0p5_5.2500_102.7500,102.75,5.25,2001-07-01,2001,7,129.96120144722906,122.90379518156598,103.82510021662307,14.065712303226276,36.54506906089136,50.61078151120977,40.700295580847786,122.2693270925748,248.7241320593882,432.4324966689287,844.1262571173198
MY_0p5_5.2500_103.2500,103.25,5.25,2001-07-01,2001,7,108.77191930700232,125.48283697057653,106.61210889940139,14.3403350532829,34.63679975658268,48.97713574496183,41.601132454810205,125.6955423231249,256.2531862135057,447.1878156785841,870.7376804104099
MY_0p5_5.2500_115.2500,115.25,5.25,2001-07-01,2001,7,159.93204276792468,140.59634399414062,131.91868891481494,7.1537569858988785,11.88562197763412,19.039379401285142,40.628607140212765,122.37397503461995,247.24338819159837,423.5101598520748,833.7561415375257
MY_0p5_5.2500_115.7500,115.75,5.25,2001-07-01,2001,7,159.57139276102635,138.19382240198834,123.57623513431874,5.330788989794456,15.396209810547907,20.726999056541313,40.56712289583884,122.18407647084379,246.8488269870564,422.68930726132146,832.2893426410222
MY_0p5_5.2500_116.2500,116.25,5.25,2001-07-01,2001,7,161.38977243930478,132.05000648015664,115.89874516257758,9.71019941945619,35.43108189256886,45.14128037947643,41.62508377847792,125.53504236438607,254.53387682950952,439.85774259929417,861.5517369523832
MY_0p5_5.2500_116.7500,116.75,5.25,2001-07-01,2001,7,180.73233070856406,130.69604603248305,112.75037429906145,22.199387384366382,69.14121137691448,91.3405965491186,42.23786370965499,127.43254956112631,258.69163725647746,448.9918702523919,877.3539146713065
MY_0p5_5.2500_117.2500,117.25,5.25,2001-07-01,2001,7,221.37758948916482,131.91826980833022,109.78995911128936,41.48167215983073,78.74030991811601,120.22198394290984,42.42232483152359,128.03877548944382,260.21229180230034,453.13387984018476,883.8072775220114
MY_0p5_5.2500_117.7500,117.75,5.25,2001-07-01,2001,7,216.84837239583334,131.05260106646827,105.5890148102291,44.644556136358354,48.98536534385076,93.62992258223275,42.1494747464619,127.19768948025174,258.3777056012835,449.18621874612467,876.9110793340774
MY_0p5_5.2500_118.2500,118.25,5.25,2001-07-01,2001,7,175.4202869121845,130.04952546137912,104.6335078682869,34.87199342934189,17.849233591632476,52.72122568993052,41.64479071015765,125.62925275571786,254.89619649899237,441.27880392864256,863.4490517780279
MY_0p5_5.2500_118.7500,118.75,5.25,2001-07-01,2001,7,142.56630699157716,128.6119612436446,107.05567932128906,19.048279682795208,6.021882371770011,25.07016181945801,40.89023251003689,123.24443361494276,249.44233152601453,428.75471199883356,842.3317201402452
MY_0p5_5.2500_119.2500,119.25,5.25,2001-07-01,2001,7,117.2963490943386,127.88421914236885,108.20970153808594,12.186689376831055,3.197068691253662,15.383758544921875,40.577537536621094,122.2508544921875,247.14761352539062,423.45648193359375,833.4324951171875
MY_0p5_5.7500_100.2500,100.25,5.75,2001-07-01,2001,7,237.3685020240577,126.38324132695926,102.89800703416176,36.17568003803218,42.023223841955904,78.19890174515751,35.562721252441406,103.28195036441907,210.65311326893098,370.2100460507454,719.7078219072536
MY_0p5_5.7500_100.7500,100.75,5.75,2001-07-01,2001,7,233.98658132401724,123.992209613134,109.54914779663086,28.736341075897215,49.20459500630697,77.94093999226887,40.22157354990641,120.18696533203126,243.86742177327474,422.8082356770833,827.0841967773438
MY_0p5_5.7500_101.2500,101.25,5.75,2001-07-01,2001,7,229.40475794274042,121.12858857883244,114.67925944290764,33.106322641447775,63.08721602432372,96.19353983721398,42.07077532490408,126.82376675342952,256.9954170767717,444.161317720188,870.0512892355132
MY_0p5_5.7500_101.7500,101.75,5.75,2001-07-01,2001,7,202.4417482376099,122.12300860087078,122.55861784617107,23.177023621400203,36.0270383844773,59.20406362215679,41.85416065851848,126.20888519287111,255.89492416381836,442.65796368916835,866.6158971150717
MY_0p5_5.7500_102.2500,102.25,5.75,2001-07-01,2001,7,160.36161652589453,130.87641407893256,114.5660178444602,9.998916017487394,7.845963608435909,17.844878993050415,40.38592739940091,121.27851590243252,245.81588971173323,424.1241410894426,831.604464033236
MY_0p5_5.7500_102.7500,102.75,5.75,2001-07-01,2001,7,126.30335780552456,127.73865397925516,88.24553680419922,7.254397869110107,9.111115455627441,16.36551284790039,35.01655578613281,101.7432861328125,206.49676513671875,357.0437927246094,700.3004150390625
MY_0p5_5.7500_103.2500,103.25,5.75,2001-07-01,2001,7,105.6305923461914,128.722412109375,,,,,,,,,
MY_0p5_5.7500_115.2500,115.25,5.75,2001-07-01,2001,7,162.1496607462565,143.03945261637367,133.3754119873047,14.19105052947998,15.150782585144043,29.341833114624023,41.81338882446289,126.29752349853516,257.0968017578125,448.4273681640625,873.6351318359375
MY_0p5_5.7500_115.7500,115.75,5.75,2001-07-01,2001,7,157.49324803264594,139.80573960754768,121.25053928920201,10.399489557175409,26.90413803827195,37.303628503708616,41.44084160214379,125.03691507975262,253.72383379255024,438.8881597609747,859.0897594633557
MY_0p5_5.7500_116.2500,116.25,5.75,2001-07-01,2001,7,151.05013292100696,132.1118403843471,112.40254661923362,9.31438718523298,38.332702103872144,47.64708928910513,41.39605485219805,124.83660491458953,252.93968355693517,435.87326427641375,855.0455967494419
MY_0p5_5.7500_116.7500,116.75,5.75,2001-07-01,2001,7,165.80067782931857,127.72924027215866,107.2717546008882,14.417712650601826,62.13875737265934,76.5564684186663,41.93053793528723,126.49056258428664,256.5835798475477,443.8914423866877,868.8960972377232
MY_0p5_5.7500_117.2500,117.25,5.75,2001-07-01,2001,7,204.56179746994837,133.45901205261424,111.18042926006136,31.909843339528948,72.63159627342826,104.54144149924679,42.48093934164438,128.32042515992364,261.32688456153267,457.4059197940285,889.534144260154
MY_0p5_5.7500_117.7500,117.75,5.75,2001-07-01,2001,7,208.6789270794581,134.1970629495288,110.99867064200794,40.68396483811756,40.087669276551125,80.77163422347715,42.36665624580127,127.97584144541082,260.6585377942796,456.68069949566126,887.6817209128567
MY_0p5_5.7500_118.2500,118.25,5.75,2001-07-01,2001,7,183.7473820072944,132.20754299163818,109.2963626098633,30.27784200032552,9.667376980251737,39.94521772596571,41.774690110948356,125.988544921875,255.51471666124132,442.6306232367622,865.90859375
MY_0p5_5.7500_118.7500,118.75,5.75,2001-07-01,2001,7,152.48692321777344,130.41500355647162,108.73689270019531,25.381906509399414,3.2553317546844482,28.637237548828125,41.5374870300293,125.18898010253906,253.44021606445312,436.9361877441406,857.1029052734375
MY_0p5_6.2500_99.7500,99.75,6.25,2001-07-01,2001,7,257.8026230755974,128.33900571336932,135.76038200910702,33.4956673466882,33.73862142341082,67.23428947981014,41.79841516184253,126.11597744254178,255.88282030682234,443.0657639614371,866.862947685774
MY_0p5_6.2500_100.2500,100.25,6.25,2001-07-01,2001,7,241.9640879034996,128.87039124965668,125.0468619833187,34.72812044571857,36.38469921034209,71.11281803676059,40.21513187642,120.30027403539538,244.97432973433513,428.57770659777583,834.0674224230706
MY_0p5_6.2500_100.7500,100.75,6.25,2001-07-01,2001,7,236.544578287132,128.98431620358502,114.11923647847415,34.83824079653472,54.563525962093166,89.4017682609411,41.383641806348415,124.37758792597356,252.04173744231122,440.37375160718057,858.1767113880761
MY_0p5_6.2500_101.2500,101.25,6.25,2001-07-01,2001,7,234.89957697941708,128.4096658559946,110.90025388277493,36.684551591139574,61.13951439490686,97.82406886174128,41.950981022761425,126.39544607309196,255.64410400390628,445.9308711125301,869.9213904747597
MY_0p5_6.2500_101.7500,101.75,6.25,2001-07-01,2001,7,192.60677315848213,133.34476318359373,117.47895682198661,19.700400025503974,17.70325569340161,37.40365695953369,41.23754610334123,124.25083836146761,251.3320338657924,432.2849007742745,849.1052978515623
MY_0p5_6.2500_102.2500,102.25,6.25,2001-07-01,2001,7,161.45695241292316,135.4949330585759,116.71363830566406,8.299729347229004,0.2765999138355255,8.576329231262207,40.57291030883789,122.11698913574219,246.20364379882812,419.8788757324219,828.7723999023438
MY_0p5_6.2500_115.7500,115.75,6.25,2001-07-01,2001,7,139.0083770751953,140.9015821977095,128.93238830566406,9.061359405517578,25.214859008789062,34.27621841430664,41.51752471923828,125.32124328613281,254.52235412597656,440.8411865234375,862.2023315429688
MY_0p5_6.2500_116.2500,116.25,6.25,2001-07-01,2001,7,133.19099389461047,136.23550344768324,119.5461712471714,6.403631299602827,22.851414146927482,29.255044981246478,41.07065000828142,123.8872897446418,251.0829325268447,432.5041134199907,848.5449858678069
MY_0p5_6.2500_116.7500,116.75,6.25,2001-07-01,2001,7,137.0046684870644,131.8531559051029,108.95219154963416,6.1388517599257195,27.181529910980707,33.32038179276481,40.88428023807586,123.23809698195684,249.26330091688368,427.53426068018354,840.91991703094
MY_0p5_6.2500_117.2500,117.25,6.25,2001-07-01,2001,7,163.48598385765436,134.52445790124315,108.88299105205232,16.585674466784038,29.139083727579266,45.724760097927515,41.03230989244249,123.42786988757906,250.29918295239645,432.9872373550657,847.746587844122
MY_0p5_6.2500_117.7500,117.75,6.25,2001-07-01,2001,7,177.80429911613467,135.57976762453717,109.64878305357104,24.72740275957431,17.6801768471623,42.40758023624532,41.15223272223221,123.77566019694012,251.39821905838818,436.7945799353527,853.1206993415343
MY_0p5_6.2500_118.2500,118.25,6.25,2001-07-01,2001,7,180.75258255004883,135.19038227626254,111.55985232761928,29.056712899889263,7.043938655938422,36.10064915248326,41.83000905173165,126.24572018214634,256.3044013977051,444.7991965157645,869.1793648856026
MY_0p5_6.7500_100.2500,100.25,6.75,2001-07-01,2001,7,244.15071622063135,129.06905903535733,131.3561746933881,28.066725183935727,26.486207415075864,54.55293259901159,41.83306225608377,126.25846133512609,256.54166345035327,445.90315964642696,870.5363132252413
MY_0p5_6.7500_100.7500,100.75,6.75,2001-07-01,2001,7,238.03558914749712,131.2883046468099,118.80714529531973,25.262942702681933,35.06864561858001,60.33158832126195,41.43448497630932,124.62529782895687,250.77544939959492,440.72296707718465,857.558184588397
MY_0p5_6.7500_116.2500,116.25,6.75,2001-07-01,2001,7,102.40060986047503,138.74847625022707,112.81437980837939,1.793895680729936,3.55708887518906,5.350984724556527,39.46486617297661,118.88935665967989,239.8632671077077,408.26050102419975,806.4779811952174
MY_0p5_6.7500_116.7500,116.75,6.75,2001-07-01,2001,7,110.81542238465542,137.19583201408386,105.7436573495978,2.4925622742166635,3.503347959443043,5.995910199734534,38.33182346208294,114.53219336106373,230.45606849881503,390.6217568137429,773.9418404922184
MY_0p5_6.7500_117.2500,117.25,6.75,2001-07-01,2001,7,127.56552339211488,136.00530608087522,101.15335829068074,4.664339997072135,2.6150039956632973,7.27934384978978,37.73872193193014,112.00928507441968,225.26423847569828,381.89304169511377,756.905299093871
MY_0p5_6.7500_117.7500,117.75,6.75,2001-07-01,2001,7,146.6194517347548,135.7186262342665,105.39824557304382,8.417371839284897,1.6865546870976686,10.103926479816439,38.9769127368927,116.08510565757751,234.2620143890381,400.1554746627808,789.4795246124268
MY_0p5_7.2500_116.7500,116.75,7.25,2001-07-01,2001,7,86.3825069637749,137.63396635509673,102.9958743551503,1.6255214691162108,0.2799410439055898,1.905462426724641,36.57737128216287,108.66853160028873,217.79094543457032,366.10862506368886,729.1454892365829
MY_0p5_7.2500_117.2500,117.25,7.25,2001-07-01,2001,7,88.40829426533466,136.47629691459036,100.80045888800367,1.9430389178426641,0.12904345706889503,2.072082263544986,35.983362177798625,106.43652448152241,212.84326942845394,356.54499736585115,711.8081806383635
MY_0p5_0.7500_110.2500,110.25,0.75,2001-08-01,2001,8,152.57068669245797,125.23913069504958,116.45217754657453,31.418881812462445,71.06825637817384,102.48714165320764,41.3593617952787,125.00012782170224,254.4988271859976,442.1019287109375,862.9602642352766
MY_0p5_0.7500_110.7500,110.75,0.75,2001-08-01,2001,8,158.54042489188058,128.787678527832,125.4996353149414,39.5580704825265,65.60697026933943,105.16504004342215,41.55104381016322,125.6787327357701,256.3597394670759,447.36661420549666,870.9561131068638
MY_0p5_0.7500_111.7500,111.75,0.75,2001-08-01,2001,8,173.2646038721478,126.83257378472223,130.65263754224023,33.51943109905909,63.18012292044504,96.69955662318638,41.89697586543977,126.64756762792194,258.12010749937997,450.68611314561633,877.3507719494048
MY_0p5_1.2500_103.2500,103.25,1.25,2001-08-01,2001,8,219.23975646380083,110.83704028083282,105.67816855690697,32.95834216204557,29.4052625135942,62.36360307173296,38.92769007249313,115.60279378024015,236.05692152543506,415.51796444979584,806.1053702614524
MY_0p5_1.2500_103.7500,103.75,1.25,2001-08-01,2001,8,207.81971637022147,110.09758891874147,98.20871193895063,34.810725110248455,39.04906467326636,73.85979061682248,40.12837389603402,120.11949520666623,245.16542364324184,431.2013650542324,836.6146453561136
MY_0p5_1.2500_104.2500,104.25,1.25,2001-08-01,2001,8,208.98624005998883,110.98524943760461,89.86271667480469,37.47405242919922,50.89762496948242,88.3716812133789,41.72880172729492,126.11930847167969,257.2926940917969,452.1846008300781,877.3253784179688
MY_0p5_1.2500_109.7500,109.75,1.25,2001-08-01,2001,8,151.8638222935688,126.71722393725292,115.23482182514239,26.919894252914983,66.978077716138,93.89797578375024,41.90806280848492,126.7275636971715,258.581731221762,452.5632482321866,879.7806352362576
MY_0p5_1.2500_110.2500,110.25,1.25,2001-08-01,2001,8,153.6742533680095,126.52036300128952,116.74487225153274,31.137270909018504,72.71705874881229,103.85433276555713,41.51762650832246,125.47010862136902,255.49220870912765,444.34694727599395,866.8269120735553
MY_0p5_1.2500_110.7500,110.75,1.25,2001-08-01,2001,8,159.2195152646019,129.16089869907924,125.81536361452133,37.72202202933175,64.0943352351113,101.81635606553819,41.64957954770042,125.96937611897788,256.99901026165674,448.9768762013269,873.5948224748881
MY_0p5_1.2500_111.2500,111.25,1.25,2001-08-01,2001,8,166.0347455301986,128.70851556942486,128.85639985300864,34.177177965450596,60.86373257865541,95.04090998347957,41.73643663059028,126.18905313022604,257.27352281271845,449.12340606591954,874.3224056353585
MY_0p5_1.2500_111.7500,111.75,1.25,2001-08-01,2001,8,173.47278267996654,126.08154599628752,129.7404447283064,31.062693883502288,66.1999753921751,97.2626714555044,41.872055174812445,126.55482010614303,257.85732014973956,449.9043065631201,876.188504658048
MY_0p5_1.2500_112.2500,112.25,1.25,2001-08-01,2001,8,181.70718964707427,123.26673691647912,130.8899955943151,40.53947448730469,74.93126810141625,115.47074599677536,41.92749371988519,126.67756575376247,257.9238798654624,449.52516631305514,876.0541044128727
MY_0p5_1.2500_112.7500,112.75,1.25,2001-08-01,2001,8,191.9842643737793,120.36080439885457,128.98034636179605,49.209716955820724,84.61381340026855,133.8235378265381,41.95986580848694,126.67620547612508,257.44388643900555,447.0235665639242,873.1035346984864
MY_0p5_1.2500_113.2500,113.25,1.25,2001-08-01,2001,8,186.91499315344765,118.83767885954482,126.49488571830418,40.16041342693827,73.68876296333646,113.84917423414147,41.74955318285072,126.0140092269234,255.89280700683594,443.25538197393,866.9117734162703
MY_0p5_1.2500_113.7500,113.75,1.25,2001-08-01,2001,8,186.11822636922201,116.80700261665112,123.69721823027639,37.85159715016683,57.493980407714844,95.34557660420737,41.621814236496434,125.5749223882502,254.7101612669049,440.01198184851444,861.91889629942
MY_0p5_1.2500_114.2500,114.25,1.25,2001-08-01,2001,8,192.4839630126953,113.30698732359218,119.70900483258004,39.435123072261305,47.488157356734824,86.92328042899614,41.58013068680215,125.41438502759006,254.16575365994885,438.087800692668,859.2480571375485
MY_0p5_1.2500_114.7500,114.75,1.25,2001-08-01,2001,8,195.03405072612148,108.63762369463521,113.82838882938508,33.5638427734375,53.899009704589844,87.46285247802734,41.72670352074408,125.81290263514364,254.86156882009197,439.15673926568803,861.5579085811491
MY_0p5_1.7500_102.7500,102.75,1.75,2001-08-01,2001,8,233.336761306004,111.30192405742837,105.8780975341797,48.95126187801361,86.90279912948608,135.85406374931335,41.349284291267395,124.13176465034486,253.30606126785278,446.16025829315186,864.9473705291748
MY_0p5_1.7500_103.2500,103.25,1.75,2001-08-01,2001,8,215.32126343480408,109.54266419281831,108.95785659790039,33.08139240264892,54.773090267181395,87.85448291778566,41.03520128250122,123.16170158386231,251.47105407714844,442.9620590209961,858.6300195312501
MY_0p5_1.7500_103.7500,103.75,1.75,2001-08-01,2001,8,204.80628595472893,109.91135903853404,104.31959627851654,31.890469080285175,42.63828717002386,74.52875832666324,40.94623342345032,123.03488072262536,251.18375599535207,442.0093525753745,857.1742128782633
MY_0p5_1.7500_104.2500,104.25,1.75,2001-08-01,2001,8,205.6160865783691,110.94306817054746,101.17857337182807,34.55506548031356,45.42300210997116,79.97807140498199,41.96034971133684,126.85326237641563,258.93614658089575,455.4296924679778,883.1794428862344
MY_0p5_1.7500_109.7500,109.75,1.75,2001-08-01,2001,8,151.13298859707146,126.52726980697277,115.22195434570312,26.671634674072266,67.14611053466797,93.8177490234375,41.9363899230957,126.81620025634766,258.7887268066406,453.0857238769531,880.6270751953125
MY_0p5_1.7500_110.2500,110.25,1.75,2001-08-01,2001,8,154.81679680642117,128.4245729542742,117.62331994204598,30.610545551075653,73.76560186702301,104.37614942744455,41.79871160333807,126.3153564942712,257.32166751310785,448.596395890343,874.0321479022184
MY_0p5_1.7500_110.7500,110.75,1.75,2001-08-01,2001,8,160.0862218683416,129.2763609452681,126.50701599121092,32.601122093200686,58.75279483795166,91.35391426086426,41.841328620910645,126.53988914489746,258.2815704345703,452.29920196533203,878.9619659423828
MY_0p5_1.7500_111.2500,111.25,1.75,2001-08-01,2001,8,163.11739671495224,127.08398146856396,127.36746570675872,29.565238704237824,59.63965590720954,89.20489721963573,41.856442562369416,126.58107289159022,258.2945285530978,452.05008956554326,878.7821405455123
MY_0p5_1.7500_111.7500,111.75,1.75,2001-08-01,2001,8,172.17968846574612,124.15755469889578,124.0574122078811,24.483289591873742,63.89407093917266,88.37736100788356,41.97716191448742,126.9027326318282,258.80203498164303,452.77050906796984,880.4524393202382
MY_0p5_1.7500_112.2500,112.25,1.75,2001-08-01,2001,8,186.83001379588293,122.07283184717572,125.63563910590278,36.67342270139664,76.2995606195359,112.97298705085875,42.094398389543805,127.17881394643632,259.00442020476805,452.0654117644779,880.343045673673
MY_0p5_1.7500_112.7500,112.75,1.75,2001-08-01,2001,8,194.67001056973896,120.89059249635726,127.52513766818576,47.63198926410978,79.83978969029019,127.47178337460471,42.17119704957992,127.38181929815383,259.28505268399675,452.301711406405,881.1397827148438
MY_0p5_1.7500_113.2500,113.25,1.75,2001-08-01,2001,8,195.30504111638146,120.03749406602648,127.9924833509657,45.46344715905568,71.54235059950086,117.00579577249195,42.09623176938011,127.14115879119387,258.67546517508373,450.6932930113777,878.6061573815723
MY_0p5_1.7500_113.7500,113.75,1.75,2001-08-01,2001,8,198.55795142764137,117.9427241976299,125.97280183822389,41.40987160092308,60.77739331684415,102.18726368253192,41.93275049603174,126.54999920073008,256.9180622887989,445.1521178230406,870.5529488699777
MY_0p5_1.7500_114.2500,114.25,1.75,2001-08-01,2001,8,203.8830036466084,114.55888122074188,122.99253331744481,37.73767731681702,50.67839898003472,88.41607629685174,41.79246709914434,126.06657957046751,255.60511343819752,441.3761946420821,864.8403514074901
MY_0p5_1.7500_114.7500,114.75,1.75,2001-08-01,2001,8,213.95363976671288,111.69506563176765,121.4419869536563,31.193020232600876,60.14182631339433,91.33484768249828,42.01399776478505,126.70888515334056,256.89722003837943,444.13631696157506,869.7564200762023
MY_0p5_2.2500_101.7500,101.75,2.25,2001-08-01,2001,8,224.61740651756824,114.06334994537663,104.29403994781804,29.80721570024587,40.953805017952966,70.76102331912878,41.800087630146685,126.02028078021426,256.805969854798,450.1137815533263,874.7401314167062
MY_0p5_2.2500_102.2500,102.25,2.25,2001-08-01,2001,8,232.74924260919744,110.14199913061407,102.2621308833218,36.55363080147921,62.62513670852879,99.17877051248506,41.75613795741324,125.75206676282379,256.1494247947584,448.69569448078647,872.3533377761476
MY_0p5_2.2500_102.7500,102.75,2.25,2001-08-01,2001,8,231.2117566458787,109.67107135434695,106.01226654535607,40.60809521735469,72.33285495902918,112.94095234931271,41.95316308661352,126.40358702744109,258.02123555050616,454.60242317296274,880.9804218147374
MY_0p5_2.2500_103.2500,103.25,2.25,2001-08-01,2001,8,212.33913893926712,108.58006744384765,107.96904606894842,29.270267292809866,57.962479243202814,87.23274570041232,42.0942021566724,127.01597478957402,259.1473140656002,455.56032026987225,883.8178092835441
MY_0p5_2.2500_103.7500,103.75,2.25,2001-08-01,2001,8,199.06652268231923,110.48409247964113,112.30483796717753,25.924750893802962,42.172831014859476,68.09758300781249,41.827088385113214,126.15660141767081,257.53569211798197,452.8417057360633,878.3610883292504
MY_0p5_2.2500_104.2500,104.25,2.25,2001-08-01,2001,8,194.74909737439665,111.82107469512196,118.467112076184,29.111135025654942,33.57134609380044,62.68248219135379,42.32998490136517,128.03487717809756,261.6532892904991,461.21571993236705,893.2339013470107
MY_0p5_2.2500_104.7500,104.75,2.25,2001-08-01,2001,8,179.95265197753906,113.58780670166016,,,,,,,,,
MY_0p5_2.2500_109.7500,109.75,2.25,2001-08-01,2001,8,146.91111017042593,124.75754177954889,,,,,,,,,
MY_0p5_2.2500_111.2500,111.25,2.25,2001-08-01,2001,8,157.79201793670657,123.46835190057755,116.2108870113597,15.798497929292564,45.31111268436207,61.10961061365463,42.25318746005787,127.87587827794691,261.5927281099207,461.4909883386948,893.2127954819622
MY_0p5_2.2500_111.7500,111.75,2.25,2001-08-01,2001,8,167.21087651328435,122.53254409063429,116.86185595800005,18.222309869433207,49.970296090746686,68.19260566348122,42.30042857821026,128.00733315604074,261.81225886269215,461.82171398344497,893.9417404901415
MY_0p5_2.2500_112.2500,112.25,2.25,2001-08-01,2001,8,187.81407320537264,122.24970150902159,119.26654486277747,29.257722739567832,67.26990659199063,96.52762797522166,42.43304772755456,128.34532959953185,262.1875534784226,461.5873993404328,894.5533284505208
MY_0p5_2.2500_112.7500,112.75,2.25,2001-08-01,2001,8,201.97027583046565,121.22647356305802,123.88035893515934,41.287299649677585,78.09351339188832,119.3808111039419,42.53599405440073,128.59999399336556,262.4474126906622,461.362262156653,894.9456595284598
MY_0p5_2.2500_113.2500,113.25,2.25,2001-08-01,2001,8,209.16362701900425,120.63103216262093,129.35979880681114,41.04045520358616,59.439716629754926,100.48017171223958,42.410448528471456,128.16319633362787,261.2261362227183,457.7631356375559,889.562897794209
MY_0p5_2.2500_113.7500,113.75,2.25,2001-08-01,2001,8,216.8107645541807,118.00697691229327,130.1847272462483,35.80907749224313,50.415343815767315,86.2244201611869,42.03327701665179,126.82972343058529,257.36340621755096,445.64609421355823,871.8724933093108
MY_0p5_2.2500_114.2500,114.25,2.25,2001-08-01,2001,8,224.74956233917723,115.4424109080481,130.2482209462968,33.23691001770988,57.34587843153212,90.5827897329179,42.07180450681656,126.91337803431918,257.4150199769035,445.3602521623884,871.7604476686508
MY_0p5_2.2500_114.7500,114.75,2.25,2001-08-01,2001,8,240.06305684735705,112.54759971864763,127.1550972723192,36.4085802878103,72.52938800934824,108.93797112741778,42.30334220394011,127.65187414846113,259.21271687169235,450.22495983492945,879.3928890105219
MY_0p5_2.2500_115.2500,115.25,2.25,2001-08-01,2001,8,283.350341796875,111.2039794921875,122.22000122070312,59.59799575805664,108.7724838256836,168.3704833984375,42.697654724121094,128.92135620117188,262.2702941894531,458.2131652832031,892.1024780273438
MY_0p5_2.7500_101.2500,101.25,2.75,2001-08-01,2001,8,190.1878204345703,114.48831176757812,105.74029541015625,13.281914710998535,17.037038803100586,30.318954467773438,42.03042221069336,127.1190414428711,259.70526123046875,457.2718505859375,886.1265869140625
MY_0p5_2.7500_101.7500,101.75,2.75,2001-08-01,2001,8,206.35633233252995,110.33153295343571,91.57468644575638,17.61217216491699,44.159445044777605,61.77161775068802,41.82292287653142,126.32051946466619,257.2019157270952,449.52387750799005,874.8692684659089
MY_0p5_2.7500_102.2500,102.25,2.75,2001-08-01,2001,8,219.91818412246218,107.64172861378664,102.98507816776349,22.5007501316678,43.786028272786716,66.28677901492757,42.0863650619604,127.06979289935653,258.4667431290742,450.5978170018288,878.2207180922198
MY_0p5_2.7500_102.7500,102.75,2.75,2001-08-01,2001,8,221.63966514490826,108.186253439022,106.59590264815317,30.76290894158279,55.91153409209433,86.67444417446475,42.53468757339671,128.61354808565935,262.73879145368744,463.5037240137027,897.3907629085493
MY_0p5_2.7500_103.2500,103.25,2.75,2001-08-01,2001,8,209.47207617304127,109.57166108052442,104.16974710355139,27.84031194334577,45.26226643847812,73.1025764684009,41.45418404014248,124.70820202189647,254.39841422305744,446.98871666003186,867.5495273079841
MY_0p5_2.7500_103.7500,103.75,2.75,2001-08-01,2001,8,198.79055016559101,111.78139960247537,105.54018852128412,25.3563903333954,32.84763014481364,58.20401941466441,40.53609318887034,121.43685572048486,247.81172545824182,435.4929730815273,845.2776553949453
MY_0p5_2.7500_104.2500,104.25,2.75,2001-08-01,2001,8,189.26664128023035,112.46708275290096,119.04537200927734,27.89286231994629,29.503498077392578,57.396358489990234,42.35905838012695,128.13784790039062,261.9613037109375,462.28106689453125,894.7393188476562
MY_0p5_2.7500_111.2500,111.25,2.75,2001-08-01,2001,8,157.3011887122845,121.13381142451848,116.27511933270623,13.399313842549041,40.41166507496553,53.81097950654871,42.39169109568876,128.295030930463,262.5356229894302,464.0239913042854,897.2463289148668
MY_0p5_2.7500_111.7500,111.75,2.75,2001-08-01,2001,8,169.78789407698832,121.01267620774566,116.28702032155002,15.97712604752902,47.120051022233625,63.097177768575726,42.438902098557044,128.4287782208673,262.76616431926857,464.4031156342605,898.03694968388
MY_0p5_2.7500_112.2500,112.25,2.75,2001-08-01,2001,8,192.10737634006935,121.32173106036608,118.3840778096517,26.58228426615397,69.47197415669758,96.05425837198892,42.59262883504232,128.85272933959962,263.4429979451497,465.2924917602539,900.1808365885416
MY_0p5_2.7500_112.7500,112.75,2.75,2001-08-01,2001,8,208.73902926867524,121.3669842345805,122.10137217557882,34.356736931619764,84.75204334983343,119.1087787966185,42.646922389163244,128.98408450356013,263.5205768633492,464.7688482743276,899.920429664322
MY_0p5_2.7500_113.2500,113.25,2.75,2001-08-01,2001,8,217.90985136486233,121.41590040903242,128.3219223264664,35.60643794347369,60.74363047281901,96.35006687224858,42.46708189949156,128.39957653227304,262.0592560298859,460.77126765175467,893.6971764942957
MY_0p5_2.7500_113.7500,113.75,2.75,2001-08-01,2001,8,227.42835619495173,119.5516117363219,132.29971799425257,30.735936881630284,37.90088176119859,68.63681713031356,41.93690154203184,126.5629958863471,256.91780751222257,445.14225477473747,870.5599407997861
MY_0p5_2.7500_114.2500,114.25,2.75,2001-08-01,2001,8,237.1615907693211,116.19680986525137,132.08892493911938,35.54331624357006,54.19735806501364,89.74067721789396,42.04303461388697,126.84364038781274,257.259685130059,444.75504370580745,870.9013851503782
MY_0p5_2.7500_114.7500,114.75,2.75,2001-08-01,2001,8,254.86668843068895,116.18618079507425,132.38592655643535,47.25738931157785,76.6405828318019,123.89797378345659,42.42782086171921,128.07625864113967,260.2989754646447,453.1601110567712,883.963166838239
MY_0p5_2.7500_115.2500,115.25,2.75,2001-08-01,2001,8,277.9309733622783,112.87759866800396,123.46100451495195,39.672387681565844,93.70000258437148,133.3723915718697,42.463559915353585,128.1398713395402,260.2451842711852,452.3939965050499,883.2426004495707
MY_0p5_3.2500_101.2500,101.25,3.25,2001-08-01,2001,8,173.54756842719186,113.42246561013306,110.94236764277002,12.230792279373347,27.40302387935178,39.63381776921016,42.1649160273808,127.54475987653323,260.6781818078186,459.40166179493707,889.7895099328186
MY_0p5_3.2500_101.7500,101.75,3.25,2001-08-01,2001,8,181.47982603828862,105.8626269200805,94.55195148735291,12.20187029261498,53.53456129693682,65.73643103678515,41.7698176803103,126.09571838378909,256.339649176142,445.7147612359114,869.9199467555733
MY_0p5_3.2500_102.2500,102.25,3.25,2001-08-01,2001,8,201.5458795456659,107.47157755049447,107.37047429160465,13.803161820911225,31.4119504050603,45.21511265588185,42.15292565482004,127.37498953683036,259.66799374534975,455.01854839022195,884.214442468068
MY_0p5_3.2500_102.7500,102.75,3.25,2001-08-01,2001,8,212.0266059199466,107.81820277926288,108.52205969412115,23.632677494725094,44.54186575925802,68.17454348938374,42.45405099361758,128.32976512667497,261.9931025444707,461.4495362873318,894.2264651527887
MY_0p5_3.2500_103.2500,103.25,3.25,2001-08-01,2001,8,208.59288387733486,109.24281368193488,100.9951511594294,27.833779300851237,40.52128521549586,68.35506416842681,40.657852570474724,121.74137560319436,248.25923425133925,436.1711972513107,846.8296612171087
MY_0p5_3.2500_112.2500,112.25,3.25,2001-08-01,2001,8,194.55591803656685,121.41935238308376,118.88568064371745,25.611420101589626,65.42121751573352,91.03263871934679,42.62262751261394,128.93631591796876,263.6237067328559,465.85910101996535,901.0417385525175
MY_0p5_3.2500_112.7500,112.75,3.25,2001-08-01,2001,8,213.32207599762947,121.95580144082345,124.35695160412398,32.54521391821689,76.566306755191,109.11152167398423,42.644320034589924,128.9933678048556,263.6457349433274,465.4706168252914,900.754041327805
MY_0p5_3.2500_113.2500,113.25,3.25,2001-08-01,2001,8,222.6074421818095,122.6814899014351,131.20118210532448,36.4397861885302,46.30647098656857,82.74625885125363,42.4629043376807,128.41957554672703,262.2868298617276,461.9270339734626,895.0963467684659
MY_0p5_3.2500_113.7500,113.75,3.25,2001-08-01,2001,8,231.25653168209013,122.20513143388051,134.66371135408914,38.55575715322343,44.48364049517919,83.03939611041356,42.33952900720021,127.92737572079612,260.65759277343744,456.4756803966704,887.4001645042782
MY_0p5_3.2500_114.2500,114.25,3.25,2001-08-01,2001,8,242.11768938781347,120.74544792418267,133.01207956690695,33.29253191249386,52.25446762400828,85.54699772634324,42.10293999447184,127.03695712727347,257.8051414246772,446.6246333031138,873.5696749353106
MY_0p5_3.2500_114.7500,114.75,3.25,2001-08-01,2001,8,253.713486252317,122.37468811812674,137.43945125409752,38.199098161831024,55.79195380970172,93.99105169211225,42.211655234075664,127.36424269949556,258.5277750780628,448.56862246762415,876.672286501356
MY_0p5_3.2500_115.2500,115.25,3.25,2001-08-01,2001,8,267.30523343629477,116.55319315270532,126.04339985907832,25.498635473130623,79.35206488114368,104.85069615327858,42.22109792202334,127.35922854459739,258.3479595908636,447.3403914246378,875.2686705770373
MY_0p5_3.2500_115.7500,115.75,3.25,2001-08-01,2001,8,282.06380471218836,113.0296399405833,121.64803074183091,36.896772277489134,109.0087027389012,145.9054788310876,42.64852429507823,128.70069628083303,261.5122793819128,455.65489453947947,888.5164013123244
MY_0p5_3.7500_100.7500,100.75,3.75,2001-08-01,2001,8,171.21124267578125,112.75731658935547,116.32476043701172,10.373528480529785,7.969737529754639,18.343265533447266,41.96753692626953,126.8355941772461,258.6404724121094,453.18182373046875,880.6254272460938
MY_0p5_3.7500_101.2500,101.25,3.75,2001-08-01,2001,8,168.4334040757252,109.99873023665837,116.28300685944295,14.569445684118177,40.09221159215884,54.661657549416745,42.24177724103712,127.65593783677976,260.3327487587543,456.64335578004903,886.8737968765803
MY_0p5_3.7500_101.7500,101.75,3.75,2001-08-01,2001,8,184.39007035423728,103.4669952149604,107.83455368819511,11.136697848131703,44.59904421666626,55.73573994484678,41.865096426313855,126.28664198954395,256.30002015715195,443.9850943012603,868.4368618521722
MY_0p5_3.7500_102.2500,102.25,3.75,2001-08-01,2001,8,212.61891881549167,103.87219952780102,110.70271894666884,14.491323894924587,45.980440860324435,60.471765887548045,42.22605076138935,127.49572385757689,259.4656001015315,453.0911358545696,882.2785229879711
MY_0p5_3.7500_102.7500,102.75,3.75,2001-08-01,2001,8,226.4824469187903,106.66361936538938,108.42073243156311,20.94617904784187,53.22895171150328,74.17512831914992,42.47142396957155,128.30785217285157,261.57448623899427,459.29534369574645,891.6491267128596
MY_0p5_3.7500_103.2500,103.25,3.75,2001-08-01,2001,8,222.55884603675142,107.6433359275301,102.70896594477635,29.348607740215225,58.69236121084176,88.04096482220818,42.03118000404508,126.63374220904183,258.0056632247626,452.6269500134038,879.297531786152
MY_0p5_3.7500_113.2500,113.25,3.75,2001-08-01,2001,8,224.78636503219604,124.0757316350937,133.71872023285414,30.27031739031682,32.11052778900647,62.38084599229157,42.42190751873079,128.29182959384607,262.08772552990524,461.8934906506148,894.6949282786885
MY_0p5_3.7500_113.7500,113.75,3.75,2001-08-01,2001,8,230.451308998596,125.31477905757843,132.304831298038,33.47564986145612,35.69564502061764,69.17129185747561,42.43876934360147,128.27597490329188,261.7479793215261,460.3259334625935,892.788629328163
MY_0p5_3.7500_114.2500,114.25,3.75,2001-08-01,2001,8,236.50186711645586,126.40815916515533,132.2214694552951,28.938032816326807,27.217463889954583,56.155496760777076,42.17981848338294,127.3710396176293,259.15314553881444,452.2968139648437,881.0008161272322
MY_0p5_3.7500_114.7500,114.75,3.75,2001-08-01,2001,8,241.39005151173424,126.63054925827751,138.3568644447932,23.2873852260529,22.356758169143923,45.644142780606714,41.87128720964705,126.33400530133929,256.4222221737816,444.51506008572045,869.1425738622272
MY_0p5_3.7500_115.2500,115.25,3.75,2001-08-01,2001,8,247.48069458007814,117.57213205004494,126.5138205876426,21.392158066280302,69.98620414128379,91.37836199563647,42.004603419228204,126.73166443355498,257.11133190336676,444.78632541232645,870.6339059012275
MY_0p5_3.7500_115.7500,115.75,3.75,2001-08-01,2001,8,263.7500127339535,111.49629650527625,123.36678204433524,37.39627698171052,106.87596574961711,144.27224138657823,42.5043868744116,128.27081650109602,260.5405486401894,452.92888108946437,884.2446368100832
MY_0p5_4.2500_100.7500,100.75,4.25,2001-08-01,2001,8,194.71089334487914,112.3484735864354,118.98650378791655,14.366300030143897,22.33492353011151,36.70122350575973,42.11627094502352,127.29666517608023,259.723618363361,456.058460095464,885.1950354751276
MY_0p5_4.2500_101.2500,101.25,4.25,2001-08-01,2001,8,195.66104711488236,105.23576269939447,114.52364456273946,18.8966466302325,62.22659635391965,81.12323986952472,42.16347847470813,127.20388563119684,258.3003539067165,448.51068154110277,876.1783884619452
MY_0p5_4.2500_101.7500,101.75,4.25,2001-08-01,2001,8,215.19450042829484,104.32547996447873,120.17080929789681,17.3399056443772,48.49826086367281,65.83816776945949,42.325394968636125,127.77657188927405,260.02357731535795,454.4798001907886,884.6053451196836
MY_0p5_4.2500_102.2500,102.25,4.25,2001-08-01,2001,8,247.9740319297718,107.29539565308791,116.33991131767297,20.504189591819106,66.14514119937398,86.64933052916116,42.58424825942555,128.6098310086674,262.05781891551646,459.99164929862224,893.2435390484601
MY_0p5_4.2500_102.7500,102.75,4.25,2001-08-01,2001,8,260.6878082372581,106.80758015820933,105.56215225511298,23.703987674348678,75.90995697458837,99.61394515310882,42.51421097433491,128.2760744520054,260.6658987057437,454.3726252659111,885.8287888059191
MY_0p5_4.2500_103.2500,103.25,4.25,2001-08-01,2001,8,249.538093416116,109.40479929854232,101.61346666821204,32.41874771915662,74.53240366015285,106.95115491488255,42.554023516718104,128.47794153299895,261.62760558444035,458.4554985657802,891.1150529708596
MY_0p5_4.2500_113.7500,113.75,4.25,2001-08-01,2001,8,222.10967932807074,127.8037231329716,128.9076427243791,22.73312354537676,15.869287418869307,38.60240943476839,42.06574781885688,127.13270899934591,259.2001584610849,454.03384025141884,882.4324421432784
MY_0p5_4.2500_114.2500,114.25,4.25,2001-08-01,2001,8,220.2111145402597,128.93424375084837,127.91454866033725,21.295991787118805,7.889978791756059,29.1859708292604,41.86389177830523,126.47264702992092,257.49017121893104,449.19294273347015,875.019632346842
MY_0p5_4.2500_114.7500,114.75,4.25,2001-08-01,2001,8,221.93874064127607,128.61923619588217,135.5564075724284,26.928772366841635,15.99603553771973,42.9248090616862,41.915093968709314,126.56349614461264,257.3556420898438,447.9457092285157,873.7799361165365
MY_0p5_4.2500_115.2500,115.25,4.25,2001-08-01,2001,8,223.94759808646307,121.86224672529433,129.68101196818878,16.142602824502525,38.14028271039327,54.28288711441889,41.44726484351688,124.92046096589831,252.5872989230686,433.12062697940405,852.0756522284613
MY_0p5_4.2500_115.7500,115.75,4.25,2001-08-01,2001,8,233.92092864472994,113.31915849588688,120.83766810530327,29.086099663427326,78.35853061999306,107.44463312181377,42.16693936364126,127.21395623158604,258.0487330549854,446.50387511172545,873.9335091283766
MY_0p5_4.2500_116.2500,116.25,4.25,2001-08-01,2001,8,251.26626763692718,124.76649582095263,113.34613600009823,51.03690751005965,123.53857077621832,174.57548020525678,42.64112158519467,128.70821152663814,261.5611308028059,455.43275172535976,888.3432174310452
MY_0p5_4.2500_116.7500,116.75,4.25,2001-08-01,2001,8,250.7123001186834,129.5864028930664,104.2825303711643,52.74191237874114,146.37184442950124,199.11376613550797,42.836741717564585,129.36914856309835,263.3439652106666,460.8180120390964,896.3678285455429
MY_0p5_4.2500_117.2500,117.25,4.25,2001-08-01,2001,8,236.6535824125847,132.31010896125727,99.80449028352722,44.550670033007606,136.93139226457714,181.4820643737253,42.88856479340949,129.61879487164254,264.408783364085,465.2606419926197,902.1767732063228
MY_0p5_4.2500_117.7500,117.75,4.25,2001-08-01,2001,8,207.82293968526727,131.2457846291045,96.10364294459679,38.17371339064378,85.64687456636346,123.8205862941905,41.218557455600845,123.66249707213834,252.18923193776712,443.2365083612947,860.3068106887688
MY_0p5_4.2500_118.2500,118.25,4.25,2001-08-01,2001,8,157.0782320792215,129.36981491178102,91.23378870289795,23.867010994321983,28.801986900864136,52.668997904297655,38.09236662554893,112.44033366403761,228.7872593387677,399.3250944295507,778.6450576296279
MY_0p5_4.2500_118.7500,118.75,4.25,2001-08-01,2001,8,127.99382951524522,129.00966898600262,88.7779541015625,14.076043128967285,6.723546028137207,20.799589157104492,36.2938117980957,105.97010040283203,215.33067321777344,374.2134094238281,731.8079833984375
MY_0p5_4.7500_100.2500,100.25,4.75,2001-08-01,2001,8,215.84020148383246,114.43851725260419,,,,,,,,,
MY_0p5_4.7500_100.7500,100.75,4.75,2001-08-01,2001,8,214.67735973340737,110.34679217930257,120.60247014983884,15.154601333587149,47.998280238329876,63.15288095551777,42.12772276343369,127.22509610556004,258.96105622082223,451.9739615587684,880.2878537061738
MY_0p5_4.7500_101.2500,101.25,4.75,2001-08-01,2001,8,215.90975528005828,102.35757053920202,112.0248035733662,22.584495838104733,93.48417225186785,116.0686645628914,42.30576506115142,127.63443521166604,259.11503547789556,449.59516582186257,878.6504349965899
MY_0p5_4.7500_101.7500,101.75,4.75,2001-08-01,2001,8,233.11497784268326,105.57347293429905,120.4920365590898,24.69647101144942,79.24326983255054,103.93973860967729,42.55422863430448,128.48106483580577,261.486319405692,457.36573215060776,889.8873655288938
MY_0p5_4.7500_102.2500,102.25,4.75,2001-08-01,2001,8,261.39880283900675,109.62133011590866,111.88913239978609,31.290616353352863,106.5458719162714,137.83648681640625,42.76213193620954,129.06148347400483,262.4909813290551,458.91626441592274,893.2308407738096
MY_0p5_4.7500_102.7500,102.75,4.75,2001-08-01,2001,8,270.4896524028413,109.81086252297564,103.79216326573848,36.77642189317448,110.61470857851063,147.39113184449016,42.80804190666052,129.2163921769257,262.8796275922447,460.0286404555009,894.9327137941006
MY_0p5_4.7500_103.2500,103.25,4.75,2001-08-01,2001,8,257.86587039893277,112.9097938252919,95.99447491072202,41.17529878229233,95.44139023108679,136.61668424148846,41.21172594584223,123.43140194600801,250.89828570038637,438.0725972643638,853.6140019603322
MY_0p5_4.7500_103.7500,103.75,4.75,2001-08-01,2001,8,250.0317840576172,114.3311767578125,84.86459796459643,30.193801632175195,44.19949241737267,74.39329191926238,37.17764435805283,108.91641651500355,221.36678443016942,385.96147453010855,753.4223038314225
MY_0p5_4.7500_113.7500,113.75,4.75,2001-08-01,2001,8,208.9126739501953,128.3675079345703,,,,,,,,,
MY_0p5_4.7500_114.2500,114.25,4.75,2001-08-01,2001,8,208.9126739501953,129.69423893519811,129.1055908203125,15.65288257598877,3.8865444660186768,19.539426803588867,41.62880325317383,125.84495544433594,256.50372314453125,447.66278076171875,871.6402587890625
MY_0p5_4.7500_114.7500,114.75,4.75,2001-08-01,2001,8,210.49048737556708,132.8425015685379,136.39900027039232,32.149139906770436,25.9246345873802,58.073774460823316,42.12610642628003,127.3459210959814,259.7215789466776,455.23629399781595,884.4298955445649
MY_0p5_4.7500_115.2500,115.25,4.75,2001-08-01,2001,8,214.32741912206012,130.80675069491068,139.9575376907984,32.10201343894004,55.13304869333902,87.23506218194959,41.88529596726099,126.33326538403826,256.0030225118001,441.78079795837397,866.0023972193397
MY_0p5_4.7500_115.7500,115.75,4.75,2001-08-01,2001,8,217.27178218781,122.67285071478949,125.72658284505209,21.443083681379047,48.22708326067243,69.6701667664543,41.68230986822219,125.63861536903984,254.1860832093254,437.10759287031874,858.6146187918528
MY_0p5_4.7500_116.2500,116.25,4.75,2001-08-01,2001,8,220.575438968719,124.45090000213136,121.13614216153582,29.139892559959765,75.38667139931329,104.5265642680819,42.315673670693045,127.68569507901627,259.27926674494654,450.4149106949094,879.6955568343872
MY_0p5_4.7500_116.7500,116.75,4.75,2001-08-01,2001,8,221.02489838419083,125.950575357751,107.82386311398277,29.50204920466942,89.60195551039298,119.10400446155404,42.456464513947694,128.17564918421493,260.64292463471617,454.3145638960827,885.5896117777764
MY_0p5_4.7500_117.2500,117.25,4.75,2001-08-01,2001,8,218.1142852783203,126.33115059988837,96.2203867594401,24.77666893610878,84.57005666097005,109.34672294495597,42.396239677308095,128.02388586619543,260.477246578156,454.41530442010793,885.3126966688368
MY_0p5_4.7500_117.7500,117.75,4.75,2001-08-01,2001,8,188.49576191962518,126.99043933047524,92.37336950664277,12.512304553502723,49.1766032086143,61.68890761121918,41.97821544695503,126.73101224778574,257.6597227265563,448.19242501560643,874.5613996288444
MY_0p5_4.7500_118.2500,118.25,4.75,2001-08-01,2001,8,143.40015710418547,127.72730630845881,96.19256906173938,7.027648247666097,21.24457347333132,28.272221963010246,41.60272523506203,125.51475256531685,254.73207721039282,440.96397576260216,862.8135517062856
MY_0p5_4.7500_118.7500,118.75,4.75,2001-08-01,2001,8,115.34623621687103,126.93631879589225,104.84156702741791,5.189434495153306,8.542203043080583,13.731637827957734,41.01647954047481,123.6209596078607,250.13108226920986,429.69339259666737,844.4619248788567
MY_0p5_5.2500_100.2500,100.25,5.25,2001-08-01,2001,8,218.24732221482114,114.44881059944285,67.44666290283203,14.493526458740234,31.11690330505371,45.61042785644531,28.178220748901367,76.38095092773438,155.71234130859375,273.0135192871094,533.2850341796875
MY_0p5_5.2500_100.7500,100.75,5.25,2001-08-01,2001,8,219.2099380493164,111.06972042518328,119.43577040749037,20.147156200189702,63.457158209263596,83.60431609756645,41.35861352942457,124.28975493332436,252.38637428722163,438.2844543457032,856.3192180765086
MY_0p5_5.2500_101.2500,101.25,5.25,2001-08-01,2001,8,220.95639101058717,106.23114418150885,117.34950869121248,31.027920762319415,107.9112725030808,138.93920079791354,42.469982958596844,128.14903421553353,260.27120913550965,452.3764888702877,883.2667106507315
MY_0p5_5.2500_101.7500,101.75,5.25,2001-08-01,2001,8,231.20944860178957,108.23069058557985,123.04477662493471,32.14869225860402,96.87651263680429,129.0252018825264,42.658879978641586,128.83234993515504,262.373655963096,459.69741481124976,893.5623345830638
MY_0p5_5.2500_102.2500,102.25,5.25,2001-08-01,2001,8,247.25686757276014,118.40105462529856,114.45501191449011,33.49896486245902,93.60580687310285,127.10477573856427,42.49740587222348,128.22333453719023,261.33697305667175,459.12230823298165,891.1800344673691
MY_0p5_5.2500_102.7500,102.75,5.25,2001-08-01,2001,8,251.42855854842094,117.16842187286183,103.20561039811473,44.55226501852779,103.25338169679804,147.80565276065116,41.7243282382771,125.31142316915219,254.96391110177765,446.29112269514695,868.2907882431806
MY_0p5_5.2500_103.2500,103.25,5.25,2001-08-01,2001,8,244.04178907606334,119.0704143463619,104.8359420082786,68.21211440841873,128.39300259676847,196.6051243373326,42.80389089708205,129.1489367794681,262.7676700740666,460.2139113785384,894.9343860180348
MY_0p5_5.2500_115.2500,115.25,5.25,2001-08-01,2001,8,219.27669549757434,135.82731210031815,138.7659869584881,31.378633843093624,40.685308362616865,72.06394320628682,41.30706161749168,124.55196230528786,252.21346795754357,435.1629913830367,853.2354966460681
MY_0p5_5.2500_115.7500,115.75,5.25,2001-08-01,2001,8,217.98099183557824,133.71965345551698,129.4786568334547,16.814821863982637,31.07550729008044,47.890330802788164,40.97637101512844,123.46102962170616,249.4784106755661,428.1724422131554,842.0882613877118
MY_0p5_5.2500_116.2500,116.25,5.25,2001-08-01,2001,8,212.11062902136692,127.67704862280739,121.79079480714434,20.62872837163225,67.09812161892275,87.72685198240643,42.15577542027341,127.27899382386029,258.804555289353,450.774467661411,879.0137976151477
MY_0p5_5.2500_116.7500,116.75,5.25,2001-08-01,2001,8,215.25591751291782,127.21780702132212,113.14644347565084,27.158557801307,99.20198447794853,126.36054241808154,42.50908063333245,128.3755443911009,261.2480427222916,456.19486545611034,888.3275438139709
MY_0p5_5.2500_117.2500,117.25,5.25,2001-08-01,2001,8,229.52425096299916,129.17874751015313,103.28840990823412,24.383739659142872,82.32574787442647,106.70948580787295,42.350813644651375,127.91492164248511,260.3732411218068,454.55551447792664,885.1944789341518
MY_0p5_5.2500_117.7500,117.75,5.25,2001-08-01,2001,8,202.1774968707372,128.12605857243614,95.49444785950674,12.808805417257641,43.33560290866428,56.144407750689794,41.94592476496621,126.6927713545542,257.85954522026907,449.403286016555,875.9015392485118
MY_0p5_5.2500_118.2500,118.25,5.25,2001-08-01,2001,8,140.6671339321486,126.70886293642081,94.93857073935733,6.233399637185844,16.552011512647006,22.78541128802451,41.54325185156172,125.4089485217052,254.88099116428646,442.4165043921987,864.2497072645052
MY_0p5_5.2500_118.7500,118.75,5.25,2001-08-01,2001,8,106.40985946655275,125.0935587807307,106.26637776692708,3.7082144154442678,5.394839664300284,9.10305420557658,40.653984175788025,122.50305260552301,247.6453306410048,424.15093358357746,834.9533030192056
MY_0p5_5.2500_119.2500,119.25,5.25,2001-08-01,2001,8,100.39910690098591,124.95085093180339,111.72235107421875,2.8979074954986572,2.353161096572876,5.251068592071533,40.25408172607422,121.19625091552734,244.3834686279297,415.89190673828125,821.7257080078125
MY_0p5_5.7500_100.2500,100.25,5.75,2001-08-01,2001,8,212.6302563778989,117.86409580814944,111.26919142696836,20.597960340867353,38.41792230868558,59.015882089597376,35.50744128445967,103.24032620771217,210.99638338701442,371.84264576763195,721.586796471832
MY_0p5_5.7500_100.7500,100.75,5.75,2001-08-01,2001,8,212.95965576171875,116.55927538190569,114.39721407572429,21.61610054016113,80.76259249369303,102.37869539896647,40.4963556543986,121.24351643880208,247.0471849568685,432.20570353190107,840.9927652994791
MY_0p5_5.7500_101.2500,101.25,5.75,2001-08-01,2001,8,217.1657304538517,114.60564038133998,118.88092888058642,32.36705552499126,110.37752394788849,142.74458216869928,42.427938055804404,128.14283533171408,260.801641268993,455.1434693824588,886.5158881240005
MY_0p5_5.7500_101.7500,101.75,5.75,2001-08-01,2001,8,223.11310424804694,116.9881941795349,129.38009033203127,36.503104424476625,101.46304772694906,137.966148853302,42.58081920941672,128.63756717046104,262.0854646046957,459.22266438802086,892.5265388488772
MY_0p5_5.7500_102.2500,102.25,5.75,2001-08-01,2001,8,224.03473448142026,127.3867185054681,122.39387072938861,30.212247976951723,46.96281196774055,77.17505744651513,41.55454065342142,125.00098134050465,254.55948528456767,445.72017980504916,866.8351882266677
MY_0p5_5.7500_102.7500,102.75,5.75,2001-08-01,2001,8,234.0605144391741,123.22876724687593,93.24805450439453,30.749799728393555,38.57126998901367,69.3210678100586,36.09829330444336,105.00548553466797,213.2735137939453,371.5724792480469,725.9497680664062
MY_0p5_5.7500_103.2500,103.25,5.75,2001-08-01,2001,8,233.8583526611328,123.34648895263672,,,,,,,,,
MY_0p5_5.7500_115.2500,115.25,5.75,2001-08-01,2001,8,217.36714986165364,137.99758961995445,142.7019500732422,32.97819519042969,48.190345764160156,81.16854095458984,42.232025146484375,127.8568344116211,261.67816162109375,462.0354919433594,893.8025512695312
MY_0p5_5.7500_115.7500,115.75,5.75,2001-08-01,2001,8,208.46941015325442,133.27611518344997,129.81014607747397,20.664472543625607,44.87212818690709,65.53660118466333,41.680157143729076,125.96260797409785,256.50534566243493,446.9277721586681,871.0758934384301
MY_0p5_5.7500_116.2500,116.25,5.75,2001-08-01,2001,8,193.47730703202504,123.1308400956411,119.42708522251674,16.908757615467856,50.613946315220424,67.52270377022879,41.51920845395043,125.34872494652157,254.5614223419674,440.5516896081349,861.9810517810639
MY_0p5_5.7500_116.7500,116.75,5.75,2001-08-01,2001,8,196.25843016609315,119.24623306516617,111.7847184680757,27.320769426557753,78.23931817554292,105.5600871494838,42.023998405819846,126.85876317099918,257.72631206209695,447.3748898460752,873.9839692615328
MY_0p5_5.7500_117.2500,117.25,5.75,2001-08-01,2001,8,220.24870521713882,127.26367300617207,112.29790390929213,33.77087780203353,85.36238632442824,119.13326674981825,42.576899615748076,128.68139482371814,262.4574663902307,461.03004604784843,894.7457985862949
MY_0p5_5.7500_117.7500,117.75,5.75,2001-08-01,2001,8,203.20586974128847,128.2109377906436,107.74385442029711,21.676669853645688,51.833616154305886,73.5102882001224,42.50944375671797,128.5869732543126,262.9023374007052,464.444824628382,898.4435775039981
MY_0p5_5.7500_118.2500,118.25,5.75,2001-08-01,2001,8,147.77165659156762,126.95094865163168,104.10783460828993,10.022723579406739,16.11808337741428,26.140807410346138,41.85652774386936,126.44587978786892,257.5799483235677,450.2394156901042,876.1217711046006
MY_0p5_5.7500_118.7500,118.75,5.75,2001-08-01,2001,8,107.13506926023044,125.81399426093468,102.73020935058594,6.610090732574463,4.053439617156982,10.663530349731445,41.538475036621094,125.38057708740234,254.8221893310547,442.5777282714844,864.3189697265625
MY_0p5_6.2500_99.7500,99.75,6.25,2001-08-01,2001,8,205.92155396704584,123.73765459247664,154.11632413642351,46.60218518279319,46.28206794206486,92.88425622984421,41.73355696922125,126.27705117159111,257.82170140466025,451.34410556527075,877.1764100540516
MY_0p5_6.2500_100.2500,100.25,6.25,2001-08-01,2001,8,196.65041339397433,123.09089887142183,136.92319317253268,25.57746454355668,42.21653015759526,67.79399454545,40.11146079861388,120.22512565145685,245.7667085608657,432.4906004613759,838.5938942422671
MY_0p5_6.2500_100.7500,100.75,6.25,2001-08-01,2001,8,195.21031183073418,123.75489412403476,122.11799332902238,19.815867545521858,81.2898402416568,101.105710710798,41.46593792005856,124.92497783646161,254.4850234101638,446.75034724055115,867.6263078962054
MY_0p5_6.2500_101.2500,101.25,6.25,2001-08-01,2001,8,195.1139141376202,123.97575049767127,118.12454540546125,23.339093457735505,96.85495793269232,120.19405095027044,42.092856832650995,127.14724696232723,258.6466501089243,453.1857482910156,881.072519155649
MY_0p5_6.2500_101.7500,101.75,6.25,2001-08-01,2001,8,200.80135628836493,130.71074087960378,127.27818821498326,26.388392911638526,47.595452335902614,73.98384475708006,42.11887392316546,127.29391217912945,259.4696524483816,454.2192435128348,883.1016584123882
MY_0p5_6.2500_102.2500,102.25,6.25,2001-08-01,2001,8,201.99707253774005,133.34265015764933,127.52213287353516,17.769866943359375,9.761394500732422,27.531261444091797,41.867061614990234,126.45673370361328,257.3240661621094,448.60052490234375,874.2483520507812
MY_0p5_6.2500_115.7500,115.75,6.25,2001-08-01,2001,8,178.82404362071645,131.8290349786932,143.39613342285156,16.02492904663086,32.14451217651367,48.16944122314453,41.5737190246582,125.66426086425781,255.9429168701172,445.53692626953125,868.7178344726562
MY_0p5_6.2500_116.2500,116.25,6.25,2001-08-01,2001,8,165.90833068312259,126.26885547972562,130.5127962423316,11.23384328560682,25.048186540603638,36.28202944179988,40.91289984077084,123.49898811373941,250.52449116307733,431.94116654585105,846.8775492260635
MY_0p5_6.2500_116.7500,116.75,6.25,2001-08-01,2001,8,160.88856414310513,122.04718843490357,115.18217216370597,11.821039380724468,31.262875203480792,43.08391517760262,40.74326595730251,122.8357154482887,248.42642773825023,425.78322250124006,837.7886276971727
MY_0p5_6.2500_117.2500,117.25,6.25,2001-08-01,2001,8,185.2619438050285,126.41670062352739,113.3541553073459,21.40751415282961,50.884509465051075,72.29202580527654,41.279777199881416,124.26025780571833,252.52787737165175,439.06347007145956,857.1313782707092
MY_0p5_6.2500_117.7500,117.75,6.25,2001-08-01,2001,8,191.0353223482768,127.73085927963258,112.78623775013706,21.453913381922316,48.139994608728514,69.59390984920033,41.52840726975113,125.07062882986683,255.04475679453358,447.49146828456236,869.1352556909037
MY_0p5_6.2500_118.2500,118.25,6.25,2001-08-01,2001,8,184.51846858433314,127.35048430306571,113.45328140258788,18.50268108504159,40.507070247616085,59.00975292069571,42.36761597224644,128.13955143519811,261.84166172572543,461.75452968052457,894.1033543178013
MY_0p5_6.7500_100.2500,100.25,6.75,2001-08-01,2001,8,190.51117066776052,125.15457776013542,144.8422674291274,28.272897846558514,44.743792730219226,73.01669014201445,41.748659526600555,126.33127375210034,258.1278803208295,453.00014720243564,879.2079606897692
MY_0p5_6.7500_100.7500,100.75,6.75,2001-08-01,2001,8,182.920891655816,128.31738846390337,128.3213144938151,15.58366033766005,56.98082690768773,72.56448646827981,41.4695492497197,125.2756409821687,254.55249136465565,447.8986601652923,869.1963523582176
MY_0p5_6.7500_116.2500,116.25,6.75,2001-08-01,2001,8,130.8636764000202,130.12565630535747,122.46990780714083,3.3591618247148474,1.6349578485256289,4.994119690685738,38.97670262034347,117.20741309189215,234.9031245534013,394.4047345417302,785.4919671779727
MY_0p5_6.7500_116.7500,116.75,6.75,2001-08-01,2001,8,139.65418964786753,128.848075568676,114.15444110975908,3.8015409420601465,3.4602980293304078,7.261839116514908,38.07999861947161,113.71070460745469,228.13364841627038,383.65597992546475,763.5803251605731
MY_0p5_6.7500_117.2500,117.25,6.75,2001-08-01,2001,8,157.66145429040634,128.19473957811664,108.37430160657493,6.245968614004355,5.7413375472600485,11.987306155989655,37.84851104601295,112.40605447144634,226.34807363864596,384.1886858644739,760.7913202606471
MY_0p5_6.7500_117.7500,117.75,6.75,2001-08-01,2001,8,174.73189078436957,127.90891710917153,111.71479153633118,10.217074483633041,6.555280175060034,16.772354274988174,39.36586844921112,117.43384432792665,238.15599918365476,411.44344711303717,806.3991546630859
MY_0p5_7.2500_116.7500,116.75,7.25,2001-08-01,2001,8,131.50578320120263,130.27029770139666,116.8630287502123,3.0212648101474926,0.09875899656959203,3.120023889126985,36.45096226567807,108.09491517440131,215.02396359650984,355.4931523862092,715.0629750127378
MY_0p5_7.2500_117.2500,117.25,7.25,2001-08-01,2001,8,134.14833563727302,129.08238563881264,116.45666937577097,2.9926980671129733,0.07315000130941993,3.065848147241693,35.893875322843854,106.08673192074423,211.02053704512747,348.5340219598067,701.5351414730674
MY_0p5_0.7500_110.2500,110.25,0.75,2001-09-01,2001,9,325.536225773738,96.2478952261118,104.47366556020884,36.49522493802584,76.66583028940055,113.16105487530048,42.3791257418119,127.73381148118241,258.7464078463041,448.01308452899644,876.8724346454328
MY_0p5_0.7500_110.7500,110.75,0.75,2001-09-01,2001,9,349.93100193568637,96.56955915178571,111.92767290387835,68.2219139099121,113.2180320739746,181.4399453299386,42.803379276820586,129.15465131487164,262.42095467703683,458.22011587960384,892.5991324288505
MY_0p5_0.7500_111.7500,111.75,0.75,2001-09-01,2001,9,380.1114351787264,93.78034052773127,112.79561978294737,77.27742210267083,175.4148210797991,252.69223555307542,43.126284584166505,130.1852545359778,264.8592718215216,463.96393355112224,902.134765625
MY_0p5_1.2500_103.2500,103.25,1.25,2001-09-01,2001,9,155.33984212042057,106.71004404605014,103.59573485634544,12.951777588237418,24.06541286815297,37.01719206029719,38.66190866990524,114.9073824449019,235.00905747847122,413.7850667780096,802.3634227405895
MY_0p5_1.2500_103.7500,103.75,1.25,2001-09-01,2001,9,156.47425397854408,105.81050628365823,93.97375784568416,16.178452186214113,33.838236429158925,50.016689522752486,39.922400465289364,119.65344008658697,244.81739496027382,431.70984360778215,836.1030753422709
MY_0p5_1.2500_104.2500,104.25,1.25,2001-09-01,2001,9,158.37945382254463,106.34414138793944,83.13378143310547,19.946041107177734,46.155277252197266,66.101318359375,41.59292984008789,125.92176818847656,257.76434326171875,455.3228454589844,880.6018676757812
MY_0p5_1.2500_109.7500,109.75,1.25,2001-09-01,2001,9,300.117279420416,99.56087631777109,105.22056386556969,33.367816419486545,96.80042165733246,130.16824166171523,42.77320728531804,129.19371722117964,263.2553052787321,462.54429644848926,897.766522878624
MY_0p5_1.2500_110.2500,110.25,1.25,2001-09-01,2001,9,325.027990274908,97.38279582726912,106.00111453965826,38.218782785776504,88.08230128343503,126.30108551261048,42.52501623971122,128.2377347909346,260.145358523807,452.1551135442433,883.0632206390263
MY_0p5_1.2500_110.7500,110.75,1.25,2001-09-01,2001,9,348.7519700792101,97.0188034784226,113.40544104197667,66.06542009626116,118.84126247829859,184.90668669201077,42.8549564664326,129.33301968044702,262.9239034016927,459.7409694126673,894.8528707837303
MY_0p5_1.2500_111.2500,111.25,1.25,2001-09-01,2001,9,363.2457182765388,95.35139950395774,113.39134918310394,72.36069693275915,151.141503916,223.5022001906325,43.019687981651245,129.8300560899436,263.94929821270347,461.68999571388906,898.489060861996
MY_0p5_1.2500_111.7500,111.75,1.25,2001-09-01,2001,9,380.4915146600633,93.4374264913892,112.09093814426,80.04012371244885,175.8022664388021,255.84238639710435,43.12327321370442,130.14337061321922,264.62685721261164,463.05768936399426,900.9512067522322
MY_0p5_1.2500_112.2500,112.25,1.25,2001-09-01,2001,9,398.0799233683474,92.16823391986982,113.77961758066554,83.28691120438164,175.38262559919792,258.669531342947,43.12610732722403,130.13888828645503,264.5715336678597,462.8092542929092,900.6458105096962
MY_0p5_1.2500_112.7500,112.75,1.25,2001-09-01,2001,9,433.2460625966389,92.09792709350587,118.97277832031249,96.18177127838135,203.41954072316486,299.60132026672363,43.21722960472107,130.3296085993449,264.5623429616292,461.29150390624994,899.4006779988607
MY_0p5_1.2500_113.2500,113.25,1.25,2001-09-01,2001,9,470.5377714737602,93.05314005976138,129.68703772503397,105.54206025496772,214.18670946204142,319.72877038043475,43.29035813704781,130.48091404127038,264.56150035028867,460.30047474736756,898.6332636294158
MY_0p5_1.2500_113.7500,113.75,1.25,2001-09-01,2001,9,456.35216383500534,93.21278075015906,135.443740382339,100.62382900353634,197.01904412471887,297.6428653832637,43.21523781978722,130.2573853695031,264.09995223536635,459.30808905399203,896.8806799686316
MY_0p5_1.2500_114.2500,114.25,1.25,2001-09-01,2001,9,409.64852986293556,92.20870472055623,135.49055116366497,89.81693841714775,168.15861200653347,257.9755547447542,43.075907850687486,129.8794313954041,263.5172070528554,458.783023260336,895.2555752644497
MY_0p5_1.2500_114.7500,114.75,1.25,2001-09-01,2001,9,342.59532903855853,90.21923877346902,125.37655491982738,60.34159186578566,135.4506368329448,195.79222599152595,42.8103375588694,129.1171628890499,262.0090765183972,455.4563647854713,889.3929463048136
MY_0p5_1.7500_102.7500,102.75,1.75,2001-09-01,2001,9,149.162411515884,106.12882177869261,111.92060399055482,4.833221688866615,27.493697285652157,32.32691878080368,40.76293861865997,122.49201917648317,250.45408582687375,441.21691131591797,854.9259452819824
MY_0p5_1.7500_103.2500,103.25,1.75,2001-09-01,2001,9,150.7391706783339,104.79522348646952,109.77477951049806,9.36326988697052,27.438649435043335,36.801919021606444,40.629597587585444,122.04861068725586,249.58380432128905,439.5841998291015,851.8462127685548
MY_0p5_1.7500_103.7500,103.75,1.75,2001-09-01,2001,9,153.41449114642566,105.08829341357267,100.5944641692729,13.978652872616731,31.10769717300994,45.086350428907174,40.64891609964491,122.26646589931053,250.0645076896571,440.41778767259814,853.3976873083959
MY_0p5_1.7500_104.2500,104.25,1.75,2001-09-01,2001,9,156.26879653930663,106.0958001613617,95.11119369388551,16.573985580326053,37.376439442006195,53.95042502233225,41.69562716816747,126.21142921152041,258.20244225790333,455.0780301352804,881.1875250764595
MY_0p5_1.7500_109.7500,109.75,1.75,2001-09-01,2001,9,302.4469762402912,99.80370228789573,105.44580841064453,34.12228012084961,99.31715393066406,133.43943786621094,42.80714797973633,129.30799865722656,263.5583190917969,463.41064453125,899.0841064453125
MY_0p5_1.7500_110.2500,110.25,1.75,2001-09-01,2001,9,321.919144019652,99.30284881591798,108.516646604487,42.4978933691341,108.46460026215743,150.9624975683855,42.79046508462672,129.1632940118963,262.75535297903787,459.98362005713153,894.6927180162726
MY_0p5_1.7500_110.7500,110.75,1.75,2001-09-01,2001,9,345.16680630770594,97.59416476162997,116.12951049804687,63.342610931396486,132.20495300292967,195.54757690429688,42.975494384765625,129.7448013305664,264.0688049316406,463.17052459716797,899.9596252441405
MY_0p5_1.7500_111.2500,111.25,1.75,2001-09-01,2001,9,351.0000808958023,95.24535173688616,114.51058892538381,67.75708547192951,144.2348137434139,211.99190113156342,43.01100201274074,129.8291794178098,264.11735328851745,462.7464256109193,899.7039567814319
MY_0p5_1.7500_111.7500,111.75,1.75,2001-09-01,2001,9,368.87700247462783,92.71932070768331,109.69544461407236,76.49611708484116,164.77907006951824,241.27519129499598,43.07997008215022,130.0249518382398,264.4876881852934,463.28839652145956,900.8809992150412
MY_0p5_1.7500_112.2500,112.25,1.75,2001-09-01,2001,9,392.55990406823537,91.87513914562406,110.27776234944663,84.99038190084791,185.17893860832092,270.1693159799727,43.15042083982437,130.20681908017113,264.70264902266246,463.05666765485495,901.1165606786335
MY_0p5_1.7500_112.7500,112.75,1.75,2001-09-01,2001,9,421.90908300006197,92.63048597063336,115.95282224624874,93.6237550765749,201.85603424556672,295.4797897096664,43.22280704558841,130.4075988285125,265.026331438337,463.33460712735615,901.991339595734
MY_0p5_1.7500_113.2500,113.25,1.75,2001-09-01,2001,9,457.2356597415984,94.07934848845952,125.55439927842882,105.09911898658389,213.90539952838233,319.0045215425037,43.29386722625248,130.57860843718996,265.2031311035156,463.1677847726005,902.2433998713417
MY_0p5_1.7500_113.7500,113.75,1.75,2001-09-01,2001,9,444.99103645445814,94.6136497860863,132.3171254475911,102.77889668298145,212.81241803850446,315.5913087875124,43.2687150864374,130.46319851345484,264.75347009083583,461.39189608134916,899.8772924029637
MY_0p5_1.7500_114.2500,114.25,1.75,2001-09-01,2001,9,395.0814019097222,93.72362210712734,134.7646499391586,86.88976370190817,181.60321689181856,268.49298303997705,43.1359518747481,130.0785950675843,264.0136540488591,460.0736815437438,897.3018831767733
MY_0p5_1.7500_114.7500,114.75,1.75,2001-09-01,2001,9,330.3186375118908,92.94197058801207,129.6664616085705,60.523768943826155,147.11827617111604,207.64204224897793,42.93763570834936,129.52720483967678,263.0328266361217,458.3818898571588,893.8795580295701
MY_0p5_2.2500_101.7500,101.75,2.25,2001-09-01,2001,9,162.29462980019926,103.57440401327732,116.05973839037348,6.801730165577898,25.64324912639579,32.44497919564296,41.586432254675664,125.52909303915622,256.5051143145321,451.32428595032354,874.944936424795
MY_0p5_2.2500_102.2500,102.25,2.25,2001-09-01,2001,9,148.7334492514578,102.51982412383886,111.82266910680744,5.581063288820988,31.742557534760834,37.32362179550828,41.30311551618804,124.510729155472,254.149456553482,445.79106162039284,865.7543516022166
MY_0p5_2.2500_102.7500,102.75,2.25,2001-09-01,2001,9,142.71536897103996,103.57324486744552,112.01435547840744,5.57647854919675,28.119608372072626,33.69608668435978,41.44642423074457,124.99624283706083,255.60571593272536,450.43468909927566,872.4830637098868
MY_0p5_2.2500_103.2500,103.25,2.25,2001-09-01,2001,9,142.47520761641246,102.9199935186477,110.39392329624721,7.774614885118273,31.453589067004973,39.22820308624752,41.702207765125095,125.93012193952288,257.2863291906932,452.29409538147945,877.2127404591394
MY_0p5_2.2500_103.7500,103.75,2.25,2001-09-01,2001,9,146.25961536472127,104.98819075762216,109.48519687975866,9.7457686634387,25.70646688816911,35.45223537380412,41.41364747386867,124.98129445738711,255.3069808701337,448.1131276276152,869.8150496143405
MY_0p5_2.2500_104.2500,104.25,2.25,2001-09-01,2001,9,150.6225000396977,106.56483806827205,112.77233287716702,10.68705238783655,19.669066799573667,30.35611873027707,41.856403855252864,126.67728304271856,259.0002131186241,455.3199402359892,882.8538318980825
MY_0p5_2.2500_104.7500,104.75,2.25,2001-09-01,2001,9,157.6731414794922,108.31477355957031,,,,,,,,,
MY_0p5_2.2500_109.7500,109.75,2.25,2001-09-01,2001,9,311.8153263215096,99.92820641302293,,,,,,,,,
MY_0p5_2.2500_111.2500,111.25,2.25,2001-09-01,2001,9,323.51471018791204,94.55627804994582,110.10220022762522,49.149185292861034,134.7361436731675,183.88532885383154,42.979456901550286,129.87050404268152,264.9330736048081,466.8556774363798,904.6387032901539
MY_0p5_2.2500_111.7500,111.75,2.25,2001-09-01,2001,9,334.6767600407676,92.97838425409228,110.07123681931267,54.4028318859282,142.29015265570746,196.69298265245226,43.01181683010526,129.9598651219928,265.0800247434586,467.02680150592136,905.0784970238095
MY_0p5_2.2500_112.2500,112.25,2.25,2001-09-01,2001,9,361.95994785853793,92.56173841688367,110.33900093199715,70.44469358656141,170.10870685880147,240.55339554075206,43.1214354984344,130.24396338084387,265.44098685128347,466.95959530784967,905.7659656343006
MY_0p5_2.2500_112.7500,112.75,2.25,2001-09-01,2001,9,390.8989310128348,93.47685537186881,113.38909299335779,87.3739494444832,187.00814431811133,274.3820941258991,43.1859260801285,130.40589531792534,265.5954363141741,466.59813406808036,905.7853864397321
MY_0p5_2.2500_113.2500,113.25,2.25,2001-09-01,2001,9,421.4332901243179,95.27561887710814,121.03302336193268,98.82138969784694,190.14480120946493,288.9661923363096,43.207496521964906,130.43210720486113,265.475192406064,465.8128081790985,904.9276045541916
MY_0p5_2.2500_113.7500,113.75,2.25,2001-09-01,2001,9,409.98792431022554,95.67518632623214,126.68146770815306,98.28644281701197,190.7684074112132,289.05484462689753,43.126844889001006,130.07627453381502,264.1292344105395,460.7082005754302,898.0405567024328
MY_0p5_2.2500_114.2500,114.25,2.25,2001-09-01,2001,9,365.3814549037388,95.28875509595113,131.9752163357205,81.30484718443856,174.26239774189298,255.56725008525544,43.043763272724455,129.83428097679501,263.61900692894346,459.47544400654147,895.9724944583952
MY_0p5_2.2500_114.7500,114.75,2.25,2001-09-01,2001,9,308.5713390227287,94.26526174237652,130.1684274981099,61.205716606878475,137.63891429285852,198.8446314903998,42.864008331298834,129.3551700715096,262.9083311019406,458.83758249590477,893.9650817871094
MY_0p5_2.2500_115.2500,115.25,2.25,2001-09-01,2001,9,241.50514221191406,94.53357696533203,119.3763427734375,29.690101623535156,73.01678466796875,102.7068862915039,42.2774658203125,127.600341796875,259.29730224609375,451.0886535644531,880.2637939453125
MY_0p5_2.7500_101.2500,101.25,2.75,2001-09-01,2001,9,185.700927734375,101.00557708740234,114.61298370361328,10.291653633117676,43.30229187011719,53.59394836425781,42.3281364440918,128.11923217773438,262.27703857421875,464.3981018066406,897.1224975585938
MY_0p5_2.7500_101.7500,101.75,2.75,2001-09-01,2001,9,166.68135726604055,99.70700825084339,102.62400637539949,8.669989941336892,46.24238813920454,54.91237690318714,41.78958935824307,126.28625019420276,257.4594257701527,450.9817771218039,876.5170521129261
MY_0p5_2.7500_102.2500,102.25,2.75,2001-09-01,2001,9,146.4997617879491,99.66989254799617,112.26616999146287,5.623476875815422,27.901582341285266,33.52505905613018,41.65289524102666,125.84177068236525,256.269299015118,446.6627370263361,870.4267053300409
MY_0p5_2.7500_102.7500,102.75,2.75,2001-09-01,2001,9,134.4568564499481,101.6675523444067,109.87962792794914,6.730722861953927,20.728671248955063,27.45939379704149,41.947764626032196,126.93113404286056,259.5393667100351,456.84769024426424,885.2659751795516
MY_0p5_2.7500_103.2500,103.25,2.75,2001-09-01,2001,9,132.97047871389208,103.84434271162483,103.49862279709737,7.9420697643498706,22.642391885162162,30.58446156447101,40.97540690185158,123.37533600922602,252.04665481664577,442.55831442668944,858.9557149121715
MY_0p5_2.7500_103.7500,103.75,2.75,2001-09-01,2001,9,137.31001772673233,106.45524530825406,101.5850078037807,9.136054645485594,17.377684694281374,26.513739361741028,40.10072500694732,120.22129368232692,245.6183094077396,431.11881294777874,837.0591264715943
MY_0p5_2.7500_104.2500,104.25,2.75,2001-09-01,2001,9,148.6595443276798,107.62269917656394,112.69125366210938,9.716312408447266,14.555270195007324,24.271581649780273,41.86585998535156,126.71739959716797,259.162109375,455.9764709472656,883.7218017578125
MY_0p5_2.7500_111.2500,111.25,2.75,2001-09-01,2001,9,306.26624187601027,94.93042728818696,113.42034328685087,46.106915530036474,131.4456495397231,177.55255889892578,42.957462198594044,129.816162109375,264.8817784926471,466.9511117374196,904.6065171185661
MY_0p5_2.7500_111.7500,111.75,2.75,2001-09-01,2001,9,317.3334431882764,94.02998808563733,113.5424848424977,46.74679295770053,131.8629450633608,178.609736146598,42.957951775912576,129.82417356556857,264.9384876119679,467.19702319441166,904.9176443691911
MY_0p5_2.7500_112.2500,112.25,2.75,2001-09-01,2001,9,338.2840146414841,94.16826612738114,115.75813123067219,58.91465455373129,139.5011413574219,198.41580230712893,42.98834341684977,129.9040051269531,265.05915028889973,467.2970795694987,905.2485772705078
MY_0p5_2.7500_112.7500,112.75,2.75,2001-09-01,2001,9,364.1397986110253,95.46339206454121,119.15520448322538,84.97268821619733,160.07017275653305,245.0428723685349,43.09186774869508,130.1654316383072,265.3554305064527,467.1136031331895,905.7263343907609
MY_0p5_2.7500_113.2500,113.25,2.75,2001-09-01,2001,9,392.65999416775173,97.54948270283047,124.86029999748108,94.78941802978515,175.12943749806237,269.91886344788566,43.1681532723563,130.33886413574217,265.4505134703621,466.4795594230531,905.4370892237102
MY_0p5_2.7500_113.7500,113.75,2.75,2001-09-01,2001,9,382.43914688013166,98.60892661513796,129.19168977676682,82.3268634771845,176.11485586956047,258.44171890939117,43.08422270853808,129.9686015426733,264.07438951237185,461.4366443415356,898.5638536586883
MY_0p5_2.7500_114.2500,114.25,2.75,2001-09-01,2001,9,341.83695626560643,97.62212953688224,130.91963224773164,65.66010296495655,157.18250293973125,222.84261032297644,42.94688793375522,129.53782175764255,263.03013118309315,458.497058530397,894.0118941294998
MY_0p5_2.7500_114.7500,114.75,2.75,2001-09-01,2001,9,291.20327588707016,98.7187056085866,131.24603844903837,55.87054947531146,124.92132026526578,180.79187553551546,42.803086809291955,129.2002129038428,262.7711071816219,459.2872258083076,894.0616270417621
MY_0p5_2.7500_115.2500,115.25,2.75,2001-09-01,2001,9,238.2491332732879,96.91800146704321,119.61435128976632,31.834320515125718,75.22869914286845,107.06301494976421,42.206659815332905,127.35263150876705,258.5453062315245,448.4592741545256,876.5638955605995
MY_0p5_3.2500_101.2500,101.25,3.25,2001-09-01,2001,9,186.43401082356772,100.2996001484793,120.72544813341666,16.217763128911475,58.902796941972426,75.1205570206104,42.469994422526675,128.50909400079038,262.8553052375289,464.5928120297681,898.4272073827366
MY_0p5_3.2500_101.7500,101.75,3.25,2001-09-01,2001,9,172.0356216142762,95.7927780637316,104.28244876254136,10.805393348074265,59.5986302855668,70.40402239902765,41.89532751338498,126.48629204330933,257.19520573707143,447.6230739909373,873.1999054926977
MY_0p5_3.2500_102.2500,102.25,3.25,2001-09-01,2001,9,144.31061224558997,99.315501839774,113.8353541540721,6.390934694380988,22.33818241906544,28.729116536700534,41.870781707763676,126.57088225833952,258.19356796022447,452.1855646042597,878.8208215138267
MY_0p5_3.2500_102.7500,102.75,3.25,2001-09-01,2001,9,126.77340072921561,101.34858503220956,109.18264270734181,7.862723483314996,19.255327212659616,27.118050840836535,41.85348404510112,126.60447535937344,258.65642499320114,454.2965930987008,881.4110070723522
MY_0p5_3.2500_103.2500,103.25,3.25,2001-09-01,2001,9,123.16473502988536,104.29959732701802,97.18457359289114,9.007897112967527,17.413989352869287,26.421886586987622,40.07367920021281,120.13865780908044,245.4732201293548,430.9114055819931,836.5969713440935
MY_0p5_3.2500_112.2500,112.25,3.25,2001-09-01,2001,9,331.8705763075087,95.27454884847005,118.16807691786026,53.306682501898884,130.97710537380644,184.2838009304471,42.94850184122721,129.80008443196616,264.92372368706594,467.29348890516496,904.9658148871529
MY_0p5_3.2500_112.7500,112.75,3.25,2001-09-01,2001,9,353.7381316154234,97.6961338904596,125.45921794703749,87.14530963585025,141.22431357962185,228.36963353391553,43.02154766145299,129.97920752353357,265.0948041071657,467.0576934814453,905.1532577764792
MY_0p5_3.2500_113.2500,113.25,3.25,2001-09-01,2001,9,374.33637644832294,101.16468498402071,133.26760326732287,86.34722995758057,138.18413925170898,224.53137033635917,43.01125212871667,129.93577084396824,264.9342238686301,466.4915118361964,904.3727553396513
MY_0p5_3.2500_113.7500,113.75,3.25,2001-09-01,2001,9,361.60209815615696,103.11980024065289,134.93780885726684,63.03831611512199,152.97753073071675,216.01584855336992,43.046173979744076,129.97342660086497,264.70687565879217,464.9854247078063,902.7118973989335
MY_0p5_3.2500_114.2500,114.25,3.25,2001-09-01,2001,9,323.36546500625127,103.90511917308636,133.97157156391506,42.33647313695045,138.10151764693532,180.43798672621415,42.877841062606514,129.34802265531695,262.7899494535604,458.65122529048057,893.6670380610568
MY_0p5_3.2500_114.7500,114.75,3.25,2001-09-01,2001,9,279.7320641195699,105.78481040031289,135.88766994597808,40.5425297743196,104.06232203343873,144.60485089053014,42.68409693772626,128.82101416132255,261.9365198900745,457.5406141341872,890.9822803667398
MY_0p5_3.2500_115.2500,115.25,3.25,2001-09-01,2001,9,234.5544861902164,101.65208930003492,119.85402085509482,25.996856309190576,63.57458304151703,89.57143612149395,41.96124449862709,126.56139125099664,256.58108052120934,443.1484440670738,868.2521615330177
MY_0p5_3.2500_115.7500,115.75,3.25,2001-09-01,2001,9,207.81718804863058,99.50288185376799,115.14148154955231,20.41096183691132,70.80367793393938,91.21463724200646,42.117682681994495,127.09901771116792,258.1313781738281,447.9471823017249,875.2952839712078
MY_0p5_3.7500_100.7500,100.75,3.75,2001-09-01,2001,9,192.77243041992188,99.68195343017578,124.59957885742188,12.361543655395508,51.12957763671875,63.49112319946289,42.49195861816406,128.55767822265625,262.8878173828125,464.4759521484375,898.4134521484375
MY_0p5_3.7500_101.2500,101.25,3.75,2001-09-01,2001,9,196.8587929764136,97.82225982270967,123.80878831190584,19.198820015373354,79.59796754904936,98.7967923729165,42.5614039843908,128.6768737595444,262.64440187127076,462.05537330602755,895.9380811178955
MY_0p5_3.7500_101.7500,101.75,3.75,2001-09-01,2001,9,185.4969129001393,94.39226675337288,111.7909474221005,12.109486191136064,54.502219242654796,66.61170247557818,41.99986746964182,126.79195246119411,257.6843406531462,447.59583938501453,874.0720197349599
MY_0p5_3.7500_102.2500,102.25,3.75,2001-09-01,2001,9,156.00983053540426,96.47287224663629,112.4023445492699,8.880638392009432,41.2153984130375,50.096035827152306,42.00476768130348,126.9222159976051,258.60460621667283,451.79057878766736,879.32219218905
MY_0p5_3.7500_102.7500,102.75,3.75,2001-09-01,2001,9,133.38534388466485,100.78839719257657,107.32145598880827,7.918745828053308,30.1963635399228,38.11510853843083,41.92178039550781,126.73814612494574,258.5726584782676,452.93887290349073,880.1714775933159
MY_0p5_3.7500_103.2500,103.25,3.75,2001-09-01,2001,9,122.39589095400623,103.31593389625094,98.11796800202015,9.73137581769158,30.501820115482108,40.233196565216666,41.38602553722906,124.83662145278032,254.73858534869026,446.0866584329044,867.0479056564031
MY_0p5_3.7500_113.2500,113.25,3.75,2001-09-01,2001,9,366.44093465805054,105.12738001346588,136.61649410060195,65.7242799352427,107.45664440217566,173.1809234619141,42.89138575069241,129.6393527671939,264.6086911060771,466.7947933009413,903.9342111055969
MY_0p5_3.7500_113.7500,113.75,3.75,2001-09-01,2001,9,346.079617073239,108.15538022480312,135.66447315401243,38.686659025914466,107.70198878809857,146.38865024603686,42.88175873000259,129.5986634782217,264.5169381447209,466.5889938008824,903.5863453886656
MY_0p5_3.7500_114.2500,114.25,3.75,2001-09-01,2001,9,306.3728001830662,110.28805508083768,135.83125479561943,28.107131497822113,102.39254768008277,130.49967866927858,42.82438458639478,129.37204410613526,263.8327366420201,464.45239906916544,900.4815799773686
MY_0p5_3.7500_114.7500,114.75,3.75,2001-09-01,2001,9,271.5127651638455,111.06252366323318,137.75064450218565,30.94319390190972,75.82064193241179,106.76383923727369,42.59422340998574,128.6231713673425,261.9752188061911,459.44995340014265,892.6425957573784
MY_0p5_3.7500_115.2500,115.25,3.75,2001-09-01,2001,9,237.5869417705233,104.66741851322236,119.26340789794921,20.58158688015408,51.764737992059615,72.34632292247953,41.77803189716642,125.96696438259549,255.1493701268756,439.64755171518476,862.541887749566
MY_0p5_3.7500_115.7500,115.75,3.75,2001-09-01,2001,9,214.2883768424713,100.21237577808846,115.97958406956076,18.38418403460825,61.12902343530449,79.51320494507713,41.853872532467186,126.25273209167041,256.06446234613867,442.5274269597993,866.6985232126798
MY_0p5_4.2500_100.7500,100.75,4.25,2001-09-01,2001,9,217.57071895599364,100.19389965027337,121.32692157978916,18.844416458752693,51.850977979387565,70.69539287333588,42.458709093989164,128.4848397391183,262.82331542968757,464.4748459173709,898.2417278679052
MY_0p5_4.2500_101.2500,101.25,4.25,2001-09-01,2001,9,219.2401711515678,94.83544552553991,115.50853957643936,22.388083142080127,89.04812114253926,111.43620617374495,42.41186185703157,128.0652412365956,260.50353722056013,454.1522189583749,885.1328607061108
MY_0p5_4.2500_101.7500,101.75,4.25,2001-09-01,2001,9,205.83278983728997,95.99913626966388,118.4947455409236,17.78289552694693,65.5066276160292,83.28952443180756,42.42836966225134,128.23650138294357,261.56819021206695,459.1871492916023,891.4202165207545
MY_0p5_4.2500_102.2500,102.25,4.25,2001-09-01,2001,9,179.17072927456698,100.2085093294089,113.57230318697115,12.198459421102994,51.229517037876114,63.42797541999208,42.286163354453194,127.81822126589647,260.7685599525135,457.71028931834064,888.5832439581047
MY_0p5_4.2500_102.7500,102.75,4.25,2001-09-01,2001,9,151.72236446210533,101.97990269266117,102.83032625040431,12.198770690116152,57.27647942342576,69.47524783869459,42.01400963364134,126.87397564444574,258.1147820539536,449.3924318544424,876.3951900020526
MY_0p5_4.2500_103.2500,103.25,4.25,2001-09-01,2001,9,125.92935518408012,105.93905783198021,96.98177295113275,12.153341928010207,42.06678690893725,54.220126494298015,41.93513288065947,126.72254079891832,258.339081023213,451.67409842354914,878.6708576056184
MY_0p5_4.2500_113.7500,113.75,4.25,2001-09-01,2001,9,310.9733477395678,112.96777557604243,131.95902684049787,22.642629623413086,60.169618786505936,82.81225053319392,42.52690718308935,128.52777632227486,262.26199513561323,461.6434467243698,894.9600968270933
MY_0p5_4.2500_114.2500,114.25,4.25,2001-09-01,2001,9,287.17511943992713,114.47511989637692,130.0124392122836,17.44548416874124,43.85167885563088,61.2971661541913,42.417643027876345,128.21168736049108,261.68968265489264,460.6717204090251,892.9907071028898
MY_0p5_4.2500_114.7500,114.75,4.25,2001-09-01,2001,9,266.55406962076825,114.77994501749676,133.00550455729166,24.244555765787762,58.39537218729655,82.63993179321291,42.46912292480469,128.3234903971354,261.6931349690756,459.89598571777344,892.381748860677
MY_0p5_4.2500_115.2500,115.25,4.25,2001-09-01,2001,9,243.46487384372287,110.48747595151266,119.56647356351218,19.60098321239154,37.868224051263596,57.469207021925186,41.452107071876526,124.90892553329466,252.5060584280226,432.9031262927585,851.7702259487577
MY_0p5_4.2500_115.7500,115.75,4.25,2001-09-01,2001,9,224.66041797702604,104.7468135510461,114.3239933595819,12.349481989973684,46.62139795594297,58.97087893728483,41.586608033261065,125.40646817482126,254.06776645466434,437.5902183403404,858.6510284941077
MY_0p5_4.2500_116.2500,116.25,4.25,2001-09-01,2001,9,205.69246868970922,112.71732497796782,116.30103529953375,12.632896231441963,41.606823897943265,54.23972111213499,41.49198827510927,125.10496530300236,253.44034632240857,436.53620798994854,856.5735157292064
MY_0p5_4.2500_116.7500,116.75,4.25,2001-09-01,2001,9,194.95949629414287,118.24495308936677,114.73367697655124,13.513964178934264,31.890232516161976,45.404198530781485,41.45777690203894,125.0885397409428,253.83247384308387,438.73325308209905,859.1120668973539
MY_0p5_4.2500_117.2500,117.25,4.25,2001-09-01,2001,9,187.484724331746,123.85955321050324,113.61762575132659,10.287694787557149,16.902063205178862,27.18975836829802,41.38807318695879,125.03236564703748,254.4673114202719,442.3811935829906,863.268948175211
MY_0p5_4.2500_117.7500,117.75,4.25,2001-09-01,2001,9,165.5285831679646,125.07729796059111,107.01402057745518,5.195792130934887,8.155476019932673,13.351268409663797,39.64884370005029,118.90632489196257,242.08955481113534,420.5291705009265,821.1738834218082
MY_0p5_4.2500_118.2500,118.25,4.25,2001-09-01,2001,9,123.98767049689044,124.95662421510931,95.78984871639568,2.602112770080567,4.252785737347452,6.854898853666464,36.518438157002635,107.69055540242772,218.88922158016518,378.3647482319243,741.462963711684
MY_0p5_4.2500_118.7500,118.75,4.25,2001-09-01,2001,9,99.04545310691552,125.51218809904876,89.54109191894531,2.2597298622131348,2.318209409713745,4.577939510345459,34.73060989379883,101.25434112548828,205.57081604003906,354.34710693359375,695.9028930664062
MY_0p5_4.7500_100.2500,100.25,4.75,2001-09-01,2001,9,250.47682359483508,105.44703674316406,,,,,,,,,
MY_0p5_4.7500_100.7500,100.75,4.75,2001-09-01,2001,9,242.85141966658642,101.03184428528277,117.43036716740306,18.202707368183912,59.572357301789566,77.77506466997347,42.28257824347271,127.78399586871387,260.47680155436194,456.1228590554338,886.6662466157742
MY_0p5_4.7500_101.2500,101.25,4.75,2001-09-01,2001,9,238.5412041615632,94.85698738703653,106.45708894275484,25.426646496000743,98.44566115121992,123.87230764722067,42.35902719649057,127.86365598648312,259.7850749666729,451.2574988955543,881.2652729337178
MY_0p5_4.7500_101.7500,101.75,4.75,2001-09-01,2001,9,221.1501816670606,98.65238458542598,113.84024762350417,24.70917000543504,86.04773932562935,110.75691436283174,42.54355066693018,128.5440161568778,262.00514468238475,459.3981300959512,892.4908348446802
MY_0p5_4.7500_102.2500,102.25,4.75,2001-09-01,2001,9,192.84964236304873,103.56916838146391,106.55296936035157,21.148809996105374,89.80102241152808,110.94983738490514,42.49487439110165,128.3333728608631,261.2557265508743,456.66090407598597,888.7448497953869
MY_0p5_4.7500_102.7500,102.75,4.75,2001-09-01,2001,9,160.2767525448161,105.56711199329156,99.79783997262358,14.94962270700248,78.90640749597243,93.85603274205685,42.34230765567463,127.88089569966502,260.3345871457628,454.6663457785441,885.224147918118
MY_0p5_4.7500_103.2500,103.25,4.75,2001-09-01,2001,9,126.96412351346127,109.68859481811523,92.0479908059884,12.956800624453276,57.09137556913595,70.04817945754836,40.5810717480649,121.65041120465834,247.64402793518298,431.693912069736,841.5694584582567
MY_0p5_4.7500_103.7500,103.75,4.75,2001-09-01,2001,9,104.10832896985505,111.4922866821289,81.29584780606356,7.202242163868694,23.80578925392844,31.008030482700892,36.63100497753589,107.42529366233131,218.89464281750963,381.7910152286678,744.7419861632509
MY_0p5_4.7500_113.7500,113.75,4.75,2001-09-01,2001,9,273.6526184082031,116.21688079833984,,,,,,,,,
MY_0p5_4.7500_114.2500,114.25,4.75,2001-09-01,2001,9,273.6526184082031,117.47209085736958,126.68404388427734,31.91637420654297,33.394046783447266,65.3104248046875,42.332000732421875,127.88720703125,260.735107421875,457.985107421875,888.9393920898438
MY_0p5_4.7500_114.7500,114.75,4.75,2001-09-01,2001,9,268.6648562851773,120.92454135033394,130.04903428272536,32.26495100862237,58.84113004130702,91.10608336746053,42.51471135949576,128.4720691968036,262.085935531124,461.10490696404565,894.1775913033433
MY_0p5_4.7500_115.2500,115.25,4.75,2001-09-01,2001,9,260.3757986227671,120.96811421712239,127.053232272466,32.73187681535879,64.91795903444289,97.64983824888861,41.99128659566242,126.6154526074727,256.57691399256385,443.29436365763337,868.4780000050862
MY_0p5_4.7500_115.7500,115.75,4.75,2001-09-01,2001,9,247.6860703241257,115.02674492730034,118.49976905943855,15.32436814081101,43.15410712105887,58.47847488645524,41.57300855848524,125.28535689096603,253.48149477035275,435.93801414853044,856.2778519887772
MY_0p5_4.7500_116.2500,116.25,4.75,2001-09-01,2001,9,230.21170605856267,115.18199826195125,121.90260017031711,15.880676245310948,50.3562910170782,66.23696766202411,41.85411367265004,126.25354154072107,256.13019530281184,443.16132047138495,867.3991705031622
MY_0p5_4.7500_116.7500,116.75,4.75,2001-09-01,2001,9,222.19423496874072,117.90421452099764,118.3277302995513,15.7263875943196,51.77123853224742,67.49762653399118,41.80768553818328,126.14518168002746,256.0590476506873,443.4382082782214,867.4501145761225
MY_0p5_4.7500_117.2500,117.25,4.75,2001-09-01,2001,9,225.4622960650732,120.9795445275685,114.55631968180339,11.678948084513346,42.42839354257734,54.10734202067058,41.58152500939748,125.49309842548674,254.82083197699654,441.1308159722223,863.0262652684772
MY_0p5_4.7500_117.7500,117.75,4.75,2001-09-01,2001,9,194.17292602152762,123.66100593760045,114.07672394378277,7.073170865638346,22.799770533284054,29.87294114994097,41.07954766478719,123.9349635160422,251.43417290796205,434.08767989919147,850.5363593765451
MY_0p5_4.7500_118.2500,118.25,4.75,2001-09-01,2001,9,143.92446899414065,126.11190213150715,114.30777851660649,4.9110289554500115,9.77431003532218,14.685339117769022,40.34014436348,121.62149216541695,246.31858587983868,423.3270337282114,831.6072399963688
MY_0p5_4.7500_118.7500,118.75,4.75,2001-09-01,2001,9,115.33311307882961,127.24177242230765,113.74547016771534,4.588023451310169,3.3478897983514813,7.935913085937501,39.1319795922388,117.77405074880093,237.39333237273783,404.36020283759393,798.6595520792127
MY_0p5_5.2500_100.2500,100.25,5.25,2001-09-01,2001,9,257.9845252946622,106.68485008636651,62.847896575927734,17.719144821166992,59.059104919433594,76.77825164794922,28.341167449951172,76.84378051757812,156.47686767578125,273.923828125,535.5856323242188
MY_0p5_5.2500_100.7500,100.75,5.25,2001-09-01,2001,9,254.46435516955808,103.65029994143718,116.10249569772304,21.311389155771543,84.23379963841933,105.5451889038086,41.6151922379417,125.16704866255839,254.72422913299215,444.73029266006654,866.2367764176993
MY_0p5_5.2500_101.2500,101.25,5.25,2001-09-01,2001,9,248.61197747124567,100.29423726399739,111.24890720427983,28.854589559161468,115.49091796875,144.3455086359902,42.55955037919301,128.47610410660033,261.1930351136223,454.89662223694813,887.125356329055
MY_0p5_5.2500_101.7500,101.75,5.25,2001-09-01,2001,9,227.38591372738983,103.00905285974977,114.00618583533415,28.48117802249398,96.0684374062119,124.54961650386741,42.633160171994746,128.8176394420065,262.60112446584526,460.7805208825762,894.8324602455093
MY_0p5_5.2500_102.2500,102.25,5.25,2001-09-01,2001,9,193.33499762662655,112.9720898767945,106.91400746631017,23.123277551808933,75.55615129896029,98.67943176949859,42.29021292279481,127.68231866921587,260.5440175244762,458.031692018934,888.5482329350368
MY_0p5_5.2500_102.7500,102.75,5.25,2001-09-01,2001,9,156.25094654195084,113.19549968743782,97.05593701378774,17.156667108050847,65.99562591294111,83.15229254253839,41.24108216883773,123.96197662353514,252.60288582494704,441.9755235575013,859.7814560712393
MY_0p5_5.2500_103.2500,103.25,5.25,2001-09-01,2001,9,128.99182021529586,115.77203377214057,99.44022671588056,15.10465622257877,55.9872649056571,71.09192018385058,41.99782946202663,126.85063419094335,258.5491526219752,452.14970695198355,879.5473307820112
MY_0p5_5.2500_115.2500,115.25,5.25,2001-09-01,2001,9,282.0522677513861,125.9681968688965,124.1474069063781,26.518953917456457,51.50950422443328,78.02845814188974,41.46191643886878,124.86748442102652,252.43882726450434,435.19585881467725,853.9640833119878
MY_0p5_5.2500_115.7500,115.75,5.25,2001-09-01,2001,9,276.60034536916675,124.64213226414934,118.05081453485002,17.18069033218642,38.575214166156314,55.7559035608324,41.098408935029624,123.66693916967358,249.42930023710602,427.551718915519,841.746365201271
MY_0p5_5.2500_116.2500,116.25,5.25,2001-09-01,2001,9,256.4517937189416,120.29013223285916,117.19194844402844,20.679819595964645,66.79861645758908,87.47843252254437,42.165390847604485,127.22021076347254,258.3740156149563,449.13866308671015,876.8982880024971
MY_0p5_5.2500_116.7500,116.75,5.25,2001-09-01,2001,9,253.7727955685386,121.26885153372076,118.54131261608268,28.77140300485152,94.80478458163104,123.57618442969985,42.448357195793825,128.1017302742487,260.32889981813065,453.358627802209,884.2376094769828
MY_0p5_5.2500_117.2500,117.25,5.25,2001-09-01,2001,9,272.37253902374755,124.6926278250558,120.19548199366011,29.191382992456827,86.22269689166356,115.41407913934619,42.375416649712456,127.89241400824653,259.9455973307292,452.7647662450397,882.978177703373
MY_0p5_5.2500_117.7500,117.75,5.25,2001-09-01,2001,9,241.8116921076699,126.06072370741103,119.84972577776227,21.41434670705644,48.25240881783621,69.66675550672743,41.9196536593967,126.48863244435142,256.8826914953807,446.0944934663318,871.3854571630084
MY_0p5_5.2500_118.2500,118.25,5.25,2001-09-01,2001,9,171.58606756301157,126.88909467466317,120.13840465181191,13.292342201160016,14.408871562617598,27.701213727331464,41.08828593211569,123.84653893246012,250.78712623741978,432.09795753819174,847.8198901133932
MY_0p5_5.2500_118.7500,118.75,5.25,2001-09-01,2001,9,124.07693370819094,127.34861992730035,115.77933576371933,7.68199552430047,2.9579328166113963,10.63992812898424,38.93288008371989,117.02634546491835,235.1137178209093,398.6701473659939,789.7430877685547
MY_0p5_5.2500_119.2500,119.25,5.25,2001-09-01,2001,9,96.46109113301316,127.81953299386163,113.43062591552734,5.7341437339782715,0.3987359404563904,6.132879257202148,37.96287536621094,113.96106719970703,228.08224487304688,383.8197326660156,763.825927734375
MY_0p5_5.7500_100.2500,100.25,5.75,2001-09-01,2001,9,258.25441315796996,110.19271290409671,92.71465182523116,24.29960394343105,82.79300563707265,107.09260986048147,35.91935114029351,104.3965092930225,212.99712042852278,374.9139591881989,728.2269477494266
MY_0p5_5.7500_100.7500,100.75,5.75,2001-09-01,2001,9,252.38858380998886,109.24625956217449,109.16667676289876,21.81334385553996,93.48135129292805,115.29469484965007,40.822522404988604,122.17101425170898,248.7778364054362,435.55790171305347,847.3292771402995
MY_0p5_5.7500_101.2500,101.25,5.75,2001-09-01,2001,9,247.19187122254866,108.11985754779006,114.7813632995125,27.83518401468833,110.18544006347659,138.02062865129608,42.66060151828557,128.7839879614162,261.92792240653455,457.1569756935902,890.5295083353839
MY_0p5_5.7500_101.7500,101.75,5.75,2001-09-01,2001,9,224.090010770162,111.21046374638875,118.56239426930745,28.75062402089437,83.0026847044627,111.75331163406373,42.51505448023479,128.44490871429443,261.73207588195805,458.57334912618006,891.2653963724774
MY_0p5_5.7500_102.2500,102.25,5.75,2001-09-01,2001,9,186.80025198520758,121.35403496179823,109.91946999392525,26.608922550573897,41.67769935235431,68.28661990567088,41.345710163566004,124.48578559027776,254.04292631309843,446.05721151949183,865.9316315827547
MY_0p5_5.7500_102.7500,102.75,5.75,2001-09-01,2001,9,155.84152073451452,119.20333503056497,84.85111999511719,25.996904373168945,38.975948333740234,64.97285461425781,35.91358184814453,104.65006256103516,213.4617919921875,374.2638854980469,728.289306640625
MY_0p5_5.7500_103.2500,103.25,5.75,2001-09-01,2001,9,127.63529968261719,120.3675765991211,,,,,,,,,
MY_0p5_5.7500_115.2500,115.25,5.75,2001-09-01,2001,9,298.47125752766925,127.96312739054362,122.644775390625,45.30938720703125,86.79594421386719,132.10533142089844,42.716651916503906,128.98228454589844,262.6474914550781,460.7509765625,895.097412109375
MY_0p5_5.7500_115.7500,115.75,5.75,2001-09-01,2001,9,286.61025776307275,125.58511268288079,111.09068232945036,31.08598429361979,70.69169682094028,101.77768111456008,42.176704079764235,127.16526314871652,257.8443583170573,447.1856384277343,874.3719848632813
MY_0p5_5.7500_116.2500,116.25,5.75,2001-09-01,2001,9,265.0406833224826,119.94477689228361,103.9050774710519,25.318308700077118,72.21230035206628,97.53060699947297,42.016776832701666,126.59771786644346,256.19467308407735,442.0210461813305,866.8302298409598
MY_0p5_5.7500_116.7500,116.75,5.75,2001-09-01,2001,9,259.82317834278894,117.85794750395276,104.15912296355717,31.851347469148187,105.39210391574433,137.24344541761613,42.4175286187066,127.8877708798363,259.2933399503193,449.56955111064605,879.1681832449776
MY_0p5_5.7500_117.2500,117.25,5.75,2001-09-01,2001,9,281.9966727175547,125.02307810016234,112.48969201409854,45.775619536920296,115.17096053162584,160.94657527309863,42.7601034723998,129.13538425577931,263.0203683173243,461.1867611280376,896.1026037559149
MY_0p5_5.7500_117.7500,117.75,5.75,2001-09-01,2001,9,259.98653472415987,128.1766821725028,115.08544432876894,44.77611979542163,72.73970451611001,117.51582280101395,42.49990331406561,128.44653601934448,262.103926383409,461.0567367860935,894.1070726637872
MY_0p5_5.7500_118.2500,118.25,5.75,2001-09-01,2001,9,196.60841455593913,128.3567846298218,116.24324032253689,30.60238311767578,26.05346649169922,56.65585021972657,41.68095660739474,125.81954610188804,255.84316582573786,445.40221883138025,868.7458740234374
MY_0p5_5.7500_118.7500,118.75,5.75,2001-09-01,2001,9,138.95902178837702,128.34918711735654,116.93403625488281,24.656707763671875,10.745593070983887,35.40230178833008,41.314125061035156,124.62073516845703,252.8812713623047,437.7456359863281,856.561767578125
MY_0p5_6.2500_99.7500,99.75,6.25,2001-09-01,2001,9,260.5642305261948,115.62445651783663,116.10366732575173,40.94661774746208,69.23223530968953,110.1788523474405,42.41368724024573,128.15765309888263,261.055497280387,456.8515809524891,888.4784034906431
MY_0p5_6.2500_100.2500,100.25,6.25,2001-09-01,2001,9,246.03841120004657,114.3660518527031,108.86520220698142,26.81201582928093,69.82869563200035,96.64071203737842,40.60177154541015,121.53629847935267,247.739592509367,434.67657420878504,844.5542298608896
MY_0p5_6.2500_100.7500,100.75,6.25,2001-09-01,2001,9,235.8588003504691,115.31583059892691,107.88430909852724,20.552362839687746,73.21795624839754,93.77031807917885,41.59244010071037,125.16332742698405,254.54642265643852,445.9845354823993,867.2867113503712
MY_0p5_6.2500_101.2500,101.25,6.25,2001-09-01,2001,9,228.03499122032756,115.97342071533204,108.8201181265024,20.714744567871097,69.39376784104569,90.10851311316857,42.062703998272234,126.90464066725511,257.72448777418873,450.4132704514724,877.1050846980169
MY_0p5_6.2500_101.7500,101.75,6.25,2001-09-01,2001,9,197.09479588099887,123.2450511387416,115.05089154924666,17.97834845951625,26.97437114715576,44.95271993364606,41.84642050606863,126.40239933558871,257.32248099190844,448.8018624441964,874.3731724330356
MY_0p5_6.2500_102.2500,102.25,6.25,2001-09-01,2001,9,178.40129884084064,126.1430862705882,113.23998260498047,15.161364555358887,8.770339012145996,23.931703567504883,41.559288024902344,125.5477066040039,255.59405517578125,445.497314453125,868.1983642578125
MY_0p5_6.2500_115.7500,115.75,6.25,2001-09-01,2001,9,267.0781021118164,126.21968546780674,114.0082015991211,27.488021850585938,48.446205139160156,75.9342269897461,42.03316116333008,126.74311828613281,256.9353942871094,444.9179992675781,870.6296997070312
MY_0p5_6.2500_116.2500,116.25,6.25,2001-09-01,2001,9,249.00540509140276,123.13881653233577,106.46614175536033,20.0577801145646,35.52854759525097,55.586326964626224,41.287232722479864,124.25006026213389,250.59301488935162,429.2433373539458,845.3736658306373
MY_0p5_6.2500_116.7500,116.75,6.25,2001-09-01,2001,9,233.53671138702876,121.02350776309058,101.02244303869823,15.594872686598034,36.94297099226997,52.53784229641869,40.90687416924371,122.98244423033698,247.40768834674165,421.49225502619663,832.7892616877481
MY_0p5_6.2500_117.2500,117.25,6.25,2001-09-01,2001,9,244.86991024925592,125.03756696912977,105.8243879530165,27.194779545920237,54.848898023272326,82.04367824736094,41.23446664961558,123.96523095993768,251.28222835480219,435.2016332232763,851.683541627914
MY_0p5_6.2500_117.7500,117.75,6.25,2001-09-01,2001,9,244.39320611953744,127.85273520151773,108.05581000255563,35.84189634713513,52.410272895244134,88.25217062966867,41.412941759789895,124.60493719089799,253.54129831414474,442.7222555952462,862.2814156158627
MY_0p5_6.2500_118.2500,118.25,6.25,2001-09-01,2001,9,236.48323604038785,128.9948823111398,111.20628384181431,41.86248711177281,52.047060476882116,93.90954739706856,42.21993923187256,127.58269337245396,260.1395138331822,456.16816275460377,886.1102927071709
MY_0p5_6.7500_100.2500,100.25,6.75,2001-09-01,2001,9,241.57085082110237,116.02058405034683,113.02929233102238,27.011851941837985,48.33667915007648,75.3485325084013,42.21545494303984,127.51189501145308,259.5623317045324,453.42496535357304,882.7146184584674
MY_0p5_6.7500_100.7500,100.75,6.75,2001-09-01,2001,9,225.61598149052378,118.48506221064814,106.12966579861113,14.474592491432473,36.45457288953993,50.92916559290003,41.36754297327113,124.70336857548469,252.78152465820315,443.2134941948785,862.0659157081888
MY_0p5_6.7500_116.2500,116.25,6.75,2001-09-01,2001,9,201.74949172447467,126.11564627359078,98.70594955072171,5.5852386195485195,1.0060760247998124,6.591314711221836,38.56200306590011,115.50864745349419,229.61479782476658,382.4850099144913,766.1704816120429
MY_0p5_6.7500_116.7500,116.75,6.75,2001-09-01,2001,9,203.4903901690175,125.40127611160278,95.60899202248798,5.701120009064204,2.2666174783537043,7.967737514510927,37.69327195359784,112.14089154631725,223.370115317846,373.10079437376487,746.3050877265781
MY_0p5_6.7500_117.2500,117.25,6.75,2001-09-01,2001,9,210.1390687991411,125.6387102502024,95.21272790959452,8.244122532616675,4.323795721462343,12.567918241551492,37.49619661179264,111.08036591521406,222.5957792839118,375.8510064319172,747.0233491880705
MY_0p5_6.7500_117.7500,117.75,6.75,2001-09-01,2001,9,223.10844379001193,126.70197592841254,101.988774061203,14.039708107709885,5.570610959082842,19.610318899154663,39.20332860946655,116.79525661468506,236.17418384552002,405.8207540512085,797.9935150146484
MY_0p5_7.2500_116.7500,116.75,7.25,2001-09-01,2001,9,168.94826645738496,126.03366506667365,89.19012603759766,3.9648668351380727,0.041832776108513714,4.00669964707416,35.44798905745797,104.95260885487433,207.89659954568612,343.71100410793133,692.0082089631454
MY_0p5_7.2500_117.2500,117.25,7.25,2001-09-01,2001,9,165.58259912439294,125.46447747032921,87.68995329204357,4.125260604055304,0.031028007225770694,4.1562886639645225,34.79498287000155,102.70200934159128,203.59777237741568,336.7248586554276,677.8196154142681
MY_0p5_0.7500_110.2500,110.25,0.75,2001-10-01,2001,10,390.5519521859976,104.54889714167669,121.45301055908205,97.36372516338643,180.77234990046577,278.1360811673678,43.00585655799279,129.78431020883414,263.87842735877405,461.18983952448923,897.8584585336539
MY_0p5_0.7500_110.7500,110.75,0.75,2001-10-01,2001,10,385.43643493652337,105.96229771205357,129.42521340506417,98.36069052559988,166.70349099295478,265.06419241768975,43.04282117571149,129.9869166782924,264.8341055733817,465.3521340506417,903.216001674107
MY_0p5_0.7500_111.7500,111.75,0.75,2001-10-01,2001,10,362.56936403304815,104.1917957124256,135.70287189786396,96.18954758417038,129.72952524820963,225.91907561771453,42.87550456940182,129.50740777878534,263.9710528661334,464.02005779932415,900.374040876116
MY_0p5_1.2500_103.2500,103.25,1.25,2001-10-01,2001,10,269.0164122350008,108.23166197249034,107.777100649747,27.431585702029142,69.3869651447643,96.81854802911933,39.14381417361173,116.23222195018423,237.31164897571912,418.0065189708363,810.6941944469106
MY_0p5_1.2500_103.7500,103.75,1.25,2001-10-01,2001,10,272.2822861162204,107.87282362262023,98.78379369939415,28.267088806744923,81.60450329826872,109.87158980878812,40.41741139680437,121.00574263785649,247.1289995804574,435.76644393772756,844.3185851458209
MY_0p5_1.2500_104.2500,104.25,1.25,2001-10-01,2001,10,274.9197483607701,108.66289095197405,88.4461441040039,29.999025344848633,97.49993133544922,127.49895477294922,42.107872009277344,127.31978607177734,260.11248779296875,459.2345886230469,888.7747192382812
MY_0p5_1.2500_109.7500,109.75,1.25,2001-10-01,2001,10,364.74132234504424,105.12100541448018,117.07206303240304,101.6416915525873,189.9929394090032,291.6346376717809,43.12627976199231,130.27295675622415,265.5476688247129,467.0890267613423,906.0359247046781
MY_0p5_1.2500_110.2500,110.25,1.25,2001-10-01,2001,10,379.6933883608079,105.00525915668739,121.0021724627285,98.9236030725899,187.5118371087152,286.435445012273,43.05627226369262,129.95772579001644,264.3605742583404,462.6754214018008,900.050005938556
MY_0p5_1.2500_110.7500,110.75,1.25,2001-10-01,2001,10,373.3643919929625,106.02376553974453,129.4210487002418,93.57707475934708,162.70553099617123,256.28261214967756,43.03851570250497,129.992732117668,264.93995564778646,465.91903570265987,903.8902547200521
MY_0p5_1.2500_111.2500,111.25,1.25,2001-10-01,2001,10,355.5426817092652,105.2018200322843,133.1576379648032,94.93118427508176,143.78629902605053,238.71747806049382,42.944014223238916,129.70940567357852,264.3637975138216,464.7478017593726,901.7650390235001
MY_0p5_1.2500_111.7500,111.75,1.25,2001-10-01,2001,10,353.39905947730654,103.37678975907583,134.56851317390561,90.5478783259316,125.00700560070221,215.5548851376488,42.83703988695901,129.39664737761967,263.7372562468998,463.4191734677269,899.3901250930058
MY_0p5_1.2500_112.2500,112.25,1.25,2001-10-01,2001,10,359.76813874995037,101.6913207775445,136.15762491758704,100.25738219440285,131.46653120166758,231.72390731579154,42.862356040683494,129.45876502022526,263.7644064656369,463.0596081109216,899.145138193508
MY_0p5_1.2500_112.7500,112.75,1.25,2001-10-01,2001,10,365.5907999674479,100.85954427719116,136.51073582967123,115.18422810236613,143.62926244735718,258.8134905497233,42.879939238230385,129.45018768310547,263.39864794413245,460.91752560933435,896.6463267008464
MY_0p5_1.2500_113.2500,113.25,1.25,2001-10-01,2001,10,398.65546874999995,101.61051887843918,137.23235141920006,93.57591619076936,159.53822711447012,253.1141393246858,42.95223906143852,129.6441448709239,263.6799494204314,461.06581102454146,897.342139733356
MY_0p5_1.2500_113.7500,113.75,1.25,2001-10-01,2001,10,412.0752212062026,101.94175962968305,135.7819094802394,67.10778756575151,155.8682633602258,222.97604844064423,42.95151066057609,129.61859489209724,263.5264198996804,460.48936855431754,896.5858931107955
MY_0p5_1.2500_114.2500,114.25,1.25,2001-10-01,2001,10,415.03706400373346,101.29801481803962,133.4272425828782,66.8929693846576,169.69073607858303,236.58369891411434,43.032359334219876,129.84476396678824,263.9260667108856,461.19179028536365,897.9949810737002
MY_0p5_1.2500_114.7500,114.75,1.25,2001-10-01,2001,10,399.0506325998614,99.83875348491054,126.25533220844883,83.20798000212639,226.09448931294102,309.302468576739,43.23293808967836,130.40377266176284,264.83416551159274,462.0228035219254,900.4936897523942
MY_0p5_1.7500_102.7500,102.75,1.75,2001-10-01,2001,10,266.73137095751684,107.83406939427499,121.274071931839,19.066500663757324,77.11670708656311,96.1832058429718,41.27820456027985,123.9329936504364,253.01153564453128,445.89512157440186,864.1178588867188
MY_0p5_1.7500_103.2500,103.25,1.75,2001-10-01,2001,10,274.00810530379016,106.67280802487407,118.93952827453614,27.488332014083866,87.55429874420166,115.04263118743896,41.20211849212646,123.62911933898924,252.29717224121097,444.2360183715821,861.3644128417968
MY_0p5_1.7500_103.7500,103.75,1.75,2001-10-01,2001,10,277.4683695925942,107.06468854976605,108.42511754096309,32.43583752837362,95.7812490583975,128.2170862608318,41.30997998201394,124.1086432541473,253.34578598601905,446.4665535069719,865.2309471806394
MY_0p5_1.7500_104.2500,104.25,1.75,2001-10-01,2001,10,277.8696685791016,108.15676321983338,102.70129471416621,36.0506060252818,106.1197563585385,142.17035970761793,42.42222707585771,128.2415094301682,261.847932091055,461.86281355037244,894.3744592001271
MY_0p5_1.7500_109.7500,109.75,1.75,2001-10-01,2001,10,361.03765301371726,104.9561701486277,116.94921875,102.10221099853516,191.1690216064453,293.271240234375,43.136329650878906,130.3076171875,265.6455383300781,467.39642333984375,906.4859008789062
MY_0p5_1.7500_110.2500,110.25,1.75,2001-10-01,2001,10,361.55083714174424,105.65465214276557,120.44334631935162,102.70537546739223,199.3625947676878,302.06797080626467,43.153497726522026,130.29505463462462,265.3119358327937,465.6592831535136,904.419760311351
MY_0p5_1.7500_110.7500,110.75,1.75,2001-10-01,2001,10,348.11936534534794,105.72933092984285,129.54290466308592,85.43761062622069,157.34716033935547,242.78476562499998,43.05353507995605,130.07353744506835,265.2927215576172,467.39354858398434,905.8133422851562
MY_0p5_1.7500_111.2500,111.25,1.75,2001-10-01,2001,10,326.4802663651723,103.4717064993722,132.04295299441316,78.06607456650845,128.03719943734103,206.10327922022623,42.90452691011651,129.64383225551873,264.48062687363733,465.898364541697,902.9273636219115
MY_0p5_1.7500_111.7500,111.75,1.75,2001-10-01,2001,10,326.6431713828557,100.79223135453233,129.33927323546587,74.7234165336512,111.51603346233125,186.23944854736322,42.77677261980273,129.27845194369928,263.744051969504,464.14916731436034,899.9484386202653
MY_0p5_1.7500_112.2500,112.25,1.75,2001-10-01,2001,10,342.00151774088545,99.82554532005673,132.6161401657831,87.70937633211649,123.18208717467292,210.89146350678942,42.80335502019005,129.29857492598276,263.46603248232884,462.39418567475815,897.9621489025297
MY_0p5_1.7500_112.7500,112.75,1.75,2001-10-01,2001,10,362.300093781002,100.59721190437436,135.72851174975196,106.05441114637587,136.9870123484778,243.04142644973024,42.88827308775887,129.52441614544583,263.80795820932536,462.75982598198783,898.9804937453498
MY_0p5_1.7500_113.2500,113.25,1.75,2001-10-01,2001,10,387.81734115358375,101.83049054827009,137.83764522491938,94.77019854348802,147.4421377515036,242.2123315235925,42.94932476225353,129.68799782404824,264.06799548921134,463.0969377790179,899.8022458999877
MY_0p5_1.7500_113.7500,113.75,1.75,2001-10-01,2001,10,400.5668045286148,102.58420880030071,136.7504177032955,75.18836035350012,154.04396168542286,229.23231995597718,42.96596054803757,129.6819070967417,263.77261623806424,461.475178842696,897.8956562344989
MY_0p5_1.7500_114.2500,114.25,1.75,2001-10-01,2001,10,403.2091658334883,102.42603653196304,134.406687757704,71.77292134118457,172.89666496155755,244.66957998124377,43.07086926414853,129.96746249728733,264.2367389012897,462.1326565212673,899.407717750186
MY_0p5_1.7500_114.7500,114.75,1.75,2001-10-01,2001,10,387.0585981774207,102.04131012753501,127.92236185815051,72.07380193996924,200.29028668181266,272.36408775211,43.173761041670886,130.2563278119181,264.71409093036556,462.62621390387187,900.7704025031372
MY_0p5_2.2500_101.7500,101.75,2.25,2001-10-01,2001,10,288.8149176703559,106.08440946328518,123.23719356035946,25.744417152019462,90.68592873004953,116.43034401325264,42.21163154370857,127.32502114652385,259.88782909663036,457.8202773585464,887.2447824189156
MY_0p5_2.2500_102.2500,102.25,2.25,2001-10-01,2001,10,270.08563232421875,105.28525722083863,121.33791168796958,22.200749748631527,85.50666458640941,107.70741812236,41.999951869106745,126.50693190725227,257.8913412869832,453.0274377850254,879.42566210003
MY_0p5_2.2500_102.7500,102.75,2.25,2001-10-01,2001,10,267.3311050994487,105.62233502351785,122.82791953750801,21.719424803045733,89.5683756478225,111.28780159769178,42.04565168936041,126.67842046520379,258.6104188750062,455.9169264201877,883.2514152043982
MY_0p5_2.2500_103.2500,103.25,2.25,2001-10-01,2001,10,284.09915848989334,104.54102613661024,122.91654030936105,31.278387360345747,107.32835281614273,138.6067440214611,42.42960681007022,127.99041820707774,261.03948393322173,459.2653987823971,890.724911450583
MY_0p5_2.2500_103.7500,103.75,2.25,2001-10-01,2001,10,291.51649645789195,106.0744013123593,121.8177398423017,38.27829437255859,112.92013655840339,151.19843124131026,42.34422326815331,127.65088283732784,260.37215203753965,458.27430575096,888.6415537688691
MY_0p5_2.2500_104.2500,104.25,2.25,2001-10-01,2001,10,290.34752698448625,107.43602684455189,124.24762650166662,39.88842158672239,107.46513820679719,147.35355597882233,42.83529584269879,129.4886407773357,264.3643753430075,466.2684111792194,902.9566942955837
MY_0p5_2.2500_104.7500,104.75,2.25,2001-10-01,2001,10,292.21026611328125,108.69385528564453,,,,,,,,,
MY_0p5_2.2500_109.7500,109.75,2.25,2001-10-01,2001,10,349.4620597593246,103.80096386324975,,,,,,,,,
MY_0p5_2.2500_111.2500,111.25,2.25,2001-10-01,2001,10,303.8666691780091,100.80355393886568,121.93018610337201,66.94041308234719,104.05875946493708,170.9991764741785,42.8048079995548,129.44738051470586,264.53582225126377,467.4464981976677,904.2345168169805
MY_0p5_2.2500_111.7500,111.75,2.25,2001-10-01,2001,10,311.5309928772941,98.76794087243458,123.7875262548053,70.08511311364552,111.1937744382828,181.27889142717635,42.84106844947451,129.54018821110802,264.6490325443328,467.4383227151537,904.4686244419643
MY_0p5_2.2500_112.2500,112.25,2.25,2001-10-01,2001,10,335.43368074931794,98.40516708616227,129.28182469928075,82.91725052122085,133.89308011493983,216.8103376600477,42.94162359086294,129.78017384362602,264.8332428462922,466.7848337324838,904.3398937406994
MY_0p5_2.2500_112.7500,112.75,2.25,2001-10-01,2001,10,353.1391675192212,99.29533395918588,133.4642323327443,92.11057203989179,139.98225211491658,232.0928295801556,42.96960552155025,129.82635493202815,264.7516385517423,466.0572810097346,903.6049054827009
MY_0p5_2.2500_113.2500,113.25,2.25,2001-10-01,2001,10,364.1597502208892,101.30186505998886,136.8184231228299,83.5070750645229,131.35422251867868,214.86129281180249,42.934060499403216,129.7145472450862,264.51438705202133,465.5900272429936,902.7530159117684
MY_0p5_2.2500_113.7500,113.75,2.25,2001-10-01,2001,10,369.9752060129673,102.494051486631,136.53049990497058,74.49211424815505,141.94010765944856,216.4322198312494,42.901586423946334,129.52372563036184,263.62395757361304,461.754733314997,897.8039931285232
MY_0p5_2.2500_114.2500,114.25,2.25,2001-10-01,2001,10,371.794623093378,103.12111344110397,134.12296292743983,71.175072152274,162.96550840347533,234.1405774313306,43.01993026733398,129.83622315421937,264.0718512641059,462.1137886168465,899.0417867993551
MY_0p5_2.2500_114.7500,114.75,2.25,2001-10-01,2001,10,369.64708340552545,102.58042371196133,127.18115943170368,61.134008542953005,176.5937023532006,237.7277124220325,43.09252666350334,130.04532633135395,264.4606799710182,462.8213885891823,900.4199216781125
MY_0p5_2.2500_115.2500,115.25,2.25,2001-10-01,2001,10,364.1838073730469,102.38027954101562,124.54502868652344,50.61378479003906,169.47630310058594,220.090087890625,43.10218811035156,130.1412353515625,264.9543151855469,464.8827819824219,903.08056640625
MY_0p5_2.7500_101.2500,101.25,2.75,2001-10-01,2001,10,302.6367492675781,103.70679473876953,119.61701202392578,25.958782196044922,119.9781723022461,145.93695068359375,42.63784408569336,128.9295196533203,263.42218017578125,464.98406982421875,899.9735717773438
MY_0p5_2.7500_101.7500,101.75,2.75,2001-10-01,2001,10,290.8578900276346,102.4957940673828,109.37391895640978,33.725693116621535,132.10864371559836,165.83434087579897,42.54796877774324,128.51615034623578,261.86545587713067,459.73781238902694,892.6673692737925
MY_0p5_2.7500_102.2500,102.25,2.75,2001-10-01,2001,10,277.34064644005645,101.9541357489908,123.22727703896298,27.26252087514112,100.62554486997568,127.88806822952951,42.67939989126412,128.8642987779751,262.3112180673393,459.27990664342406,893.1348033346187
MY_0p5_2.7500_102.7500,102.75,2.75,2001-10-01,2001,10,278.27332788781274,102.9020837952819,124.07247719583633,27.24206043798712,120.52718828901459,147.7692499764358,42.91012301626084,129.67552735533894,264.62221894083143,466.5453796386718,903.7532416235042
MY_0p5_2.7500_103.2500,103.25,2.75,2001-10-01,2001,10,296.7567314585303,103.70562037085271,118.751843543569,36.50627890058384,130.49121329435118,166.99749644091176,42.00797342191077,126.32497097428437,257.53839432054264,453.10667419433594,878.978024816817
MY_0p5_2.7500_103.7500,103.75,2.75,2001-10-01,2001,10,304.1261931046195,106.01441733318826,115.34944507932883,37.73287735336937,114.3709979782456,152.10387262441046,41.087425864786596,123.05189320788406,250.9655557799449,441.71732636201216,856.8222012146277
MY_0p5_2.7500_104.2500,104.25,2.75,2001-10-01,2001,10,299.50705539478975,107.40419342938591,124.72310638427734,34.32358932495117,95.06218719482422,129.38577270507812,42.778358459472656,129.3607635498047,264.3064270019531,466.8265075683594,903.2720336914062
MY_0p5_2.7500_111.2500,111.25,2.75,2001-10-01,2001,10,286.57101019497577,99.28623288910967,119.1756753360524,57.85884733761058,85.36104583740234,143.21989844827092,42.71741956823013,129.215919045841,264.2196125703699,467.28879322725186,903.4417455336626
MY_0p5_2.7500_111.7500,111.75,2.75,2001-10-01,2001,10,301.9810211932073,97.93742733314389,121.89186868996454,64.39629086132706,107.18630211928794,171.5825968117549,42.82918328252331,129.50995169014766,264.6186644455482,467.48832005467904,904.4461296344624
MY_0p5_2.7500_112.2500,112.25,2.75,2001-10-01,2001,10,331.1020078055466,97.83589918402176,126.85576334635417,77.6425576019287,142.19200749715168,219.83456700642898,42.99592688242594,129.94101064046222,265.16531158447265,467.55131317138665,905.6535709635416
MY_0p5_2.7500_112.7500,112.75,2.75,2001-10-01,2001,10,352.4185041596618,99.28135072732273,130.8418380157857,91.15229502810706,159.44694610788852,250.5992401219621,43.07219057445285,130.128815228426,265.3481287895878,467.2689115306999,905.8180567101587
MY_0p5_2.7500_113.2500,113.25,2.75,2001-10-01,2001,10,360.6245297386532,102.01486053466797,134.17396869962175,91.65229407416449,149.33778788248694,240.99007544139073,43.02305440751333,129.99349854484436,265.1172708178323,466.91323455326136,905.0470551990328
MY_0p5_2.7500_113.7500,113.75,2.75,2001-10-01,2001,10,364.4045408212455,104.2562989398932,134.80070179738817,73.18383840087112,138.25946982802859,211.44330956525863,42.91690057402204,129.6190595201626,264.06545116643235,463.57591315591407,900.1773252061977
MY_0p5_2.7500_114.2500,114.25,2.75,2001-10-01,2001,10,364.6119779755797,104.40498308592205,131.49304822125012,67.53194526479214,155.70887152756316,223.24081758909588,42.97780828838107,129.7262935396991,263.90805787678005,461.8925923214682,898.5047634462768
MY_0p5_2.7500_114.7500,114.75,2.75,2001-10-01,2001,10,360.46265931342055,106.07980538629421,128.02891710609384,67.34297502116793,177.3486552147349,244.69162745384656,43.1144772426338,130.13183812426914,264.751629580358,463.8772545103815,901.8752116792522
MY_0p5_2.7500_115.2500,115.25,2.75,2001-10-01,2001,10,352.1840905541772,103.97107455966709,123.09107091405369,41.700821163418055,152.80551243687532,194.50633569665857,42.933659321552994,129.57863252656955,263.47393441415045,460.39429535736906,896.380544851492
MY_0p5_3.2500_101.2500,101.25,3.25,2001-10-01,2001,10,297.0530327690973,102.15129881981281,124.0899665624715,36.24123014457495,124.81111165799983,161.05234061512036,42.77485480104439,129.32981688503165,264.16497529619863,466.14518506239364,902.4148478823413
MY_0p5_3.2500_101.7500,101.75,3.25,2001-10-01,2001,10,290.63663537367336,97.51792621005114,109.73155465095668,41.857850913029566,144.69134548211557,186.54920332598843,42.64787372662004,128.72026363299912,261.75919706502543,457.3376260745298,890.4649586282719
MY_0p5_3.2500_102.2500,102.25,3.25,2001-10-01,2001,10,290.9835394965277,99.98450506301154,123.46462986052981,28.42678268069313,105.52995474679129,133.9567384265718,42.77015533447266,129.2154600597563,263.4424990699405,463.08060758076016,898.5087245396205
MY_0p5_3.2500_102.7500,102.75,3.25,2001-10-01,2001,10,297.3405177442333,100.79558201077619,122.99028396606444,30.599151243137406,127.15802694875981,157.75718095030967,42.9622308875941,129.80802661557743,264.7631826280038,466.4027618215054,903.9362014577358
MY_0p5_3.2500_103.2500,103.25,3.25,2001-10-01,2001,10,310.39074468457346,102.14129864820052,112.20220929869612,39.71741745293335,139.77577850640014,179.49319885452718,41.248539393421886,123.48578345581453,251.6764292266548,442.7232431417956,859.1339988087209
MY_0p5_3.2500_112.2500,112.25,3.25,2001-10-01,2001,10,330.223782687717,98.16016133626302,125.72442355685764,73.70535295274523,138.49994744194882,212.20529819064672,42.980767991807724,129.90929870605467,265.15443318684896,467.6910834418403,905.7355834960939
MY_0p5_3.2500_112.7500,112.75,3.25,2001-10-01,2001,10,358.4696357480941,100.80249066506663,131.05810884569513,90.31575843936106,160.1833188416528,250.49907234066822,43.07464286929271,130.14799724641395,265.433663039911,467.5816117583728,906.237913538198
MY_0p5_3.2500_113.2500,113.25,3.25,2001-10-01,2001,10,376.19811357770647,104.67747004229324,133.28927317532626,93.27883622140595,153.47943583401766,246.7582725756096,43.04654804865519,130.07197859792998,265.3153977827592,467.462338996656,905.8962656656901
MY_0p5_3.2500_113.7500,113.75,3.25,2001-10-01,2001,10,380.90256221710683,107.52153555249411,132.12289448087176,76.26232328869048,151.33975234258745,227.6020781017485,43.027460140652124,129.98773280552456,265.0147371806795,466.3735806904141,904.403499155196
MY_0p5_3.2500_114.2500,114.25,3.25,2001-10-01,2001,10,378.9850938153115,109.33782720869515,130.73114324679037,75.9634327250681,173.45901980065995,249.42245740951248,43.08995898058459,130.0730734175178,264.664114302131,463.66378016380753,901.4909458038913
MY_0p5_3.2500_114.7500,114.75,3.25,2001-10-01,2001,10,361.42557666559895,112.28643808547098,133.17507242093424,77.77599189539625,193.2889872508444,271.0649823231302,43.21541533500526,130.4335115760755,265.3778397869912,465.3027269885798,904.3295132582355
MY_0p5_3.2500_115.2500,115.25,3.25,2001-10-01,2001,10,333.800993327853,107.6368984512136,120.33831007269362,30.872802052316786,132.52603248403042,163.39883166928834,42.752025447314296,128.99215128451965,262.03574545172194,456.398161296603,890.1781110159957
MY_0p5_3.2500_115.7500,115.75,3.25,2001-10-01,2001,10,335.9017292837079,104.46853320518237,117.83869419740827,37.948307337385884,154.20466408033047,192.15297038903398,42.93199046274249,129.61782991216424,263.74380321716995,461.50633668363764,897.799940473578
MY_0p5_3.7500_100.7500,100.75,3.75,2001-10-01,2001,10,332.4098205566406,100.49019622802734,127.45841217041016,39.62346267700195,133.92445373535156,173.5479278564453,42.90668487548828,129.70462036132812,264.83575439453125,467.261962890625,904.7090454101562
MY_0p5_3.7500_101.2500,101.25,3.75,2001-10-01,2001,10,316.9894197061992,98.55098699674637,125.79520865628636,47.23179249933237,144.04301146473313,191.27480511217829,42.915285524041145,129.66444935227676,264.40023754329746,465.0224052355128,902.0023953829769
MY_0p5_3.7500_101.7500,101.75,3.75,2001-10-01,2001,10,312.30707303215473,94.11671948281065,117.57042499712318,33.42434736725632,122.7720959657317,156.19644398294437,42.707628626732316,128.90209251452407,262.128205900739,457.7816085329481,891.519532416277
MY_0p5_3.7500_102.2500,102.25,3.75,2001-10-01,2001,10,314.04893391927084,95.51836414639911,122.10030650789776,35.18282739548456,126.77722129216268,161.96005592951695,42.87079375736297,129.45024525475878,263.59892326233876,462.2970438639323,898.2170090448288
MY_0p5_3.7500_102.7500,102.75,3.75,2001-10-01,2001,10,315.0672171456473,98.79296865311879,119.4132556733631,37.0512930491614,145.9156327989366,182.9669234987289,43.037478334941554,129.97953360421315,264.86559351360984,465.77144659133177,903.6540533156623
MY_0p5_3.7500_103.2500,103.25,3.75,2001-10-01,2001,10,316.2454128797311,100.07089722773944,110.19574929031673,44.54530669567632,159.87858659332875,204.42389041676242,42.59564925549077,128.33715192009421,261.49523135914524,459.76191490023746,892.1899476294424
MY_0p5_3.7500_113.2500,113.25,3.75,2001-10-01,2001,10,384.932044506073,107.80796325206757,132.30825355404713,99.5123372312452,163.4350143182473,262.94735242499684,43.09334439136943,130.1938211409772,265.4926167472464,467.61562760149855,906.3954157594775
MY_0p5_3.7500_113.7500,113.75,3.75,2001-10-01,2001,10,404.34980707136475,111.43251698811848,128.72288816877938,88.50688181262957,174.974270471863,263.4811526795421,43.162230556451,130.36857604980472,265.7122351390259,467.6787511337923,906.9217620158272
MY_0p5_3.7500_114.2500,114.25,3.75,2001-10-01,2001,10,424.6322184375628,114.78421194893974,129.5535417344835,79.20665680416046,192.78533455984933,271.9920028444321,43.23234200856042,130.5353511265346,265.8437124100942,467.19117557586185,906.8025861467634
MY_0p5_3.7500_114.7500,114.75,3.75,2001-10-01,2001,10,405.4472965301029,116.49447619725788,132.4390954638284,84.3981655484154,203.92708723280163,288.3252605135479,43.272887747628346,130.63187701512896,265.90984477694076,466.8579142252604,906.6725531684027
MY_0p5_3.7500_115.2500,115.25,3.75,2001-10-01,2001,10,355.32920725988964,109.05497390504867,114.97267005557106,29.317796804034522,129.78563394697883,159.10342712402343,42.72436036609468,128.92999679323228,261.9664771670387,456.318420313275,889.939278545077
MY_0p5_3.7500_115.7500,115.75,3.75,2001-10-01,2001,10,341.6284574879159,103.76783406648704,115.00916065243507,37.13571408498201,143.56504646136605,180.70076054634808,42.82308932517072,129.2391766884344,262.6757373398156,458.1069357892592,892.8449575300697
MY_0p5_4.2500_100.7500,100.75,4.25,2001-10-01,2001,10,376.89763221740725,100.35175638874684,123.7449223109654,52.38138742252272,167.75483323700576,220.13621440031093,43.06055511163206,130.0981119584064,265.322532684949,467.23939358458233,905.7206059669963
MY_0p5_4.2500_101.2500,101.25,4.25,2001-10-01,2001,10,366.7155605582304,94.79761449242854,117.94771486027227,59.677674299592425,186.55815625038878,246.23582959023256,43.06693677234042,129.96529364130302,264.21718116322904,461.7110677342506,898.9604847901945
MY_0p5_4.2500_101.7500,101.75,4.25,2001-10-01,2001,10,354.4902722335764,95.14304746682652,124.38831712034185,27.422964772477318,121.12643627617689,148.54940479022628,42.85068633838203,129.46667763219475,264.02347903510633,464.5511001733164,900.8919531484
MY_0p5_4.2500_102.2500,102.25,4.25,2001-10-01,2001,10,344.66291638456596,98.29925961235462,120.4946565963209,28.04175946659174,123.45083320788302,151.4925880797755,42.88463282966004,129.5616494078225,264.21448992159424,465.03475562147446,901.6955468906001
MY_0p5_4.2500_102.7500,102.75,4.25,2001-10-01,2001,10,331.2908991916924,98.65303331119999,109.76261253113961,42.81074762040643,155.51560940104687,198.32636421349397,42.98122234708945,129.74488339758224,264.01033097771324,462.4281329501207,899.1646026805709
MY_0p5_4.2500_103.2500,103.25,4.25,2001-10-01,2001,10,315.4291881214489,101.09795249380717,102.21945639686717,44.89709157644664,163.4907467938466,208.38783567209276,43.04206276604523,129.96994821369026,264.8254480661,465.56017672974053,903.3976283056811
MY_0p5_4.2500_113.7500,113.75,4.25,2001-10-01,2001,10,475.9071432446677,116.18712055321897,125.13908854070701,97.29663129122753,186.07637124691368,283.3729967801076,43.20879194871435,130.4971794272369,265.914340900925,467.88069066461526,907.500989230174
MY_0p5_4.2500_114.2500,114.25,4.25,2001-10-01,2001,10,507.66176716952145,118.12818973497077,124.06360994434726,83.06245778794455,193.54661159441739,276.609058748341,43.24006134386689,130.57828501108534,266.0268429789304,467.9363626016153,907.7815613028627
MY_0p5_4.2500_114.7500,114.75,4.25,2001-10-01,2001,10,480.7573232014974,118.88392018636068,127.1243419392904,94.81693969726564,234.20797953287757,329.02492736816413,43.37535502115886,130.91466654459634,266.35496907552084,467.2365897623699,907.881610921224
MY_0p5_4.2500_115.2500,115.25,4.25,2001-10-01,2001,10,412.6464342541165,113.60483993424312,112.52536235915291,38.43908879492019,138.30971826447384,176.74880382749768,42.74024478594462,128.9936199188232,262.0955533981323,456.4135130776299,890.2429570092095
MY_0p5_4.2500_115.7500,115.75,4.25,2001-10-01,2001,10,373.09616409560385,106.21287774554754,107.26871024956138,34.32755790322514,140.28526813054492,174.61282602083887,42.75017497175831,129.02853781490006,262.22579997434457,456.9238027798928,890.9283136917373
MY_0p5_4.2500_116.2500,116.25,4.25,2001-10-01,2001,10,364.0827778141673,113.3287069739365,112.91532930513706,62.393070058124835,190.28934962575033,252.682419939739,43.15230457957198,130.20929820363114,264.6217089397151,462.2994611786633,900.2827658304354
MY_0p5_4.2500_116.7500,116.75,4.25,2001-10-01,2001,10,363.72547868497116,117.70278348536851,113.03387265949581,73.42811421300635,206.9199590958612,280.34807344116916,43.25645162328819,130.52370122126763,265.3187107681539,464.1165139964551,903.2153690757091
MY_0p5_4.2500_117.2500,117.25,4.25,2001-10-01,2001,10,372.2822195407564,121.89685075472943,113.59389975218647,57.20198470934303,175.78854491647365,232.99052955829993,43.11462350018257,130.1348165326414,264.7163297940144,463.6930231415065,901.6587697256983
MY_0p5_4.2500_117.7500,117.75,4.25,2001-10-01,2001,10,346.0293148725461,122.4380594889323,107.4263021028959,29.5718720020392,95.74980760231999,125.32167959620811,41.234286756597015,123.52679880256328,251.0049218071832,438.0789607121395,853.844969659789
MY_0p5_4.2500_118.2500,118.25,4.25,2001-10-01,2001,10,281.455493146216,121.9285972996762,96.4578521631326,14.634826125612685,27.24847494720654,41.88330104852179,38.01190822139667,111.98741077010041,226.73469630927798,391.6519359418541,768.3859517285779
MY_0p5_4.2500_118.7500,118.75,4.25,2001-10-01,2001,10,244.67384620949076,122.25667543764467,90.69771575927734,12.351720809936523,5.408220291137695,17.75994110107422,36.20330047607422,105.4649429321289,213.01133728027344,365.40594482421875,720.0855102539062
MY_0p5_4.7500_100.2500,100.25,4.75,2001-10-01,2001,10,421.91892157660595,104.05534108479819,,,,,,,,,
MY_0p5_4.7500_100.7500,100.75,4.75,2001-10-01,2001,10,411.12593224930436,99.938107845557,115.57967165815151,62.28336399357493,198.72805327128592,261.0113999901748,43.1644741616598,130.31311481754955,265.19926266553927,464.8303429828427,903.5072172831714
MY_0p5_4.7500_101.2500,101.25,4.75,2001-10-01,2001,10,397.3060119628907,93.93902064732143,108.0274133591425,61.1029283796038,197.74193643236916,258.8448487296937,43.10789449782599,130.06649271647134,264.24051387726314,460.9580325172061,898.3729432121156
MY_0p5_4.7500_101.7500,101.75,4.75,2001-10-01,2001,10,375.89272371522947,97.212128339495,120.38849535745288,47.23082397703141,161.00567898220487,208.2364923386347,43.005475398472385,129.87539784264945,264.522430419922,464.26451183500745,901.6678181966147
MY_0p5_4.7500_102.2500,102.25,4.75,2001-10-01,2001,10,351.53606334867936,100.524830191476,111.73374110630581,51.61358093988328,183.26238606770835,234.87596072242368,43.08271371750605,130.06362159365702,264.67650844029015,463.6552068801153,901.4780668712799
MY_0p5_4.7500_102.7500,102.75,4.75,2001-10-01,2001,10,325.68876609073317,100.83705758744742,101.24159952637494,49.331902534339065,178.56092333945497,227.892831936004,43.07702237025946,130.07469279295316,264.8278941743692,464.44590380237355,902.4255388587902
MY_0p5_4.7500_103.2500,103.25,4.75,2001-10-01,2001,10,301.0545715042765,103.695024348017,92.49797286142723,48.6099254143634,170.65320364751503,219.26312689411688,41.607435683922574,124.69600457898808,253.84702574107044,445.23537926480344,865.3858570507095
MY_0p5_4.7500_103.7500,103.75,4.75,2001-10-01,2001,10,285.6935505114104,105.20558166503906,82.13269954532771,31.17885995840097,109.0470658339463,140.22592044186283,37.67838198178774,110.53707638034572,225.2654315898945,395.95663372882,769.4375301212459
MY_0p5_4.7500_113.7500,113.75,4.75,2001-10-01,2001,10,593.2445068359375,119.28311920166016,,,,,,,,,
MY_0p5_4.7500_114.2500,114.25,4.75,2001-10-01,2001,10,593.2445068359375,120.38291440691268,122.68313598632812,117.53052520751953,241.9303436279297,359.46087646484375,43.39456558227539,130.99908447265625,266.6217346191406,467.9971923828125,909.0125732421875
MY_0p5_4.7500_114.7500,114.75,4.75,2001-10-01,2001,10,557.0661693285872,123.42714330201508,125.85389323901104,141.64889468941638,291.433832476216,433.0827167469968,43.56947277438256,131.4421960974252,267.12309117471017,467.5230844149026,909.6578441332746
MY_0p5_4.7500_115.2500,115.25,4.75,2001-10-01,2001,10,492.68191019694,121.85054814815521,118.16268829504646,91.56452920039493,221.52930442492166,313.09383447964984,43.19369739294051,130.33213758468625,264.80001672108966,462.1228092511495,900.4486592610677
MY_0p5_4.7500_115.7500,115.75,4.75,2001-10-01,2001,10,430.5285456581722,114.60703192816842,108.99568556528243,42.32071929205032,164.6107136559865,206.93143286326574,42.93793471805633,129.56466553703186,263.26644955589654,459.21210540287075,894.9811426556299
MY_0p5_4.7500_116.2500,116.25,4.75,2001-10-01,2001,10,366.484242078993,114.2570153614831,111.31632901146294,43.788355376228445,173.05580526684955,216.8441699315631,43.049886903308675,129.9579138861762,264.3968652149986,462.8081466432601,900.2128131200394
MY_0p5_4.7500_116.7500,116.75,4.75,2001-10-01,2001,10,340.1930964023252,115.82601247859905,110.51403019096279,51.92018797427794,182.85019799727428,234.77038912229904,43.07257689705378,130.04313717612737,264.62030801893786,463.32180805447734,901.0578143928624
MY_0p5_4.7500_117.2500,117.25,4.75,2001-10-01,2001,10,359.39118022615946,117.58408355712889,109.20935930524554,50.41677636040582,162.2469268798828,212.6636987110925,42.97807557847764,129.7476597377232,263.96188180106026,461.8368015834264,898.5244163876487
MY_0p5_4.7500_117.7500,117.75,4.75,2001-10-01,2001,10,332.910496289217,119.37112822713729,108.99906028071536,37.06993072244185,105.35985345478298,142.42978310886818,42.634748072563845,128.6488617522807,261.3622661542289,455.61236408088774,888.2582212037678
MY_0p5_4.7500_118.2500,118.25,4.75,2001-10-01,2001,10,277.9956315390429,120.74067891183212,110.93512959695943,23.809938986696796,58.954747645699214,82.764686776166,42.221541284915794,127.24227767254244,257.5838017295953,445.1869402554767,872.2345360223974
MY_0p5_4.7500_118.7500,118.75,4.75,2001-10-01,2001,10,249.5541250494462,120.49398446384863,111.92386916921106,19.821755517887162,23.305237564859514,43.12699204456957,41.74948414669761,125.62327797805206,252.97945220560965,431.01721345925625,851.3694102613231
MY_0p5_5.2500_100.2500,100.25,5.25,2001-10-01,2001,10,421.7475150224101,105.2169428919092,59.538856506347656,29.13788414001465,115.47545623779297,144.61334228515625,28.558155059814453,77.38605499267578,157.14187622070312,273.85479736328125,536.94091796875
MY_0p5_5.2500_100.7500,100.75,5.25,2001-10-01,2001,10,414.1647520376966,101.66726501078546,110.65164017951352,57.0888430496742,187.37605364569305,244.46489005253233,42.27863228458098,127.08066260677647,258.368294200678,451.7433569897181,879.4709416531969
MY_0p5_5.2500_101.2500,101.25,5.25,2001-10-01,2001,10,399.53698294503346,98.12620730929905,109.41951519194104,64.10415628826807,194.0278048076327,258.13196551610554,43.09683645339239,130.0291015140594,264.1779211619543,460.9533176967076,898.2571643647692
MY_0p5_5.2500_101.7500,101.75,5.25,2001-10-01,2001,10,370.7572170184676,99.81508284161805,118.51918221734893,59.01252310443078,174.20873814479563,233.2212613342674,43.06751475971976,130.02836876158506,264.68977929376496,464.14824798000865,901.9338962044685
MY_0p5_5.2500_102.2500,102.25,5.25,2001-10-01,2001,10,332.5983535863791,107.53828274672198,110.67560016121831,51.47016804689055,166.758196788229,218.22836775081169,42.81394211349973,129.16471687851435,263.17217920388384,462.43829365141073,897.5891338761443
MY_0p5_5.2500_102.7500,102.75,5.25,2001-10-01,2001,10,299.0767812325046,106.505765441117,98.77334649037506,56.00697796708446,163.74876383118706,219.75573347705904,41.97210377838651,126.12218633102158,256.88550792629434,450.833437851728,875.8132355253575
MY_0p5_5.2500_103.2500,103.25,5.25,2001-10-01,2001,10,279.41639426902486,108.36042769497665,100.07381944532519,70.69837295234977,179.6511408818233,250.3495064277154,43.00452831813267,129.82021326832958,264.42966411640117,464.29772255637425,901.5521315537491
MY_0p5_5.2500_115.2500,115.25,5.25,2001-10-01,2001,10,551.059048560358,124.84759398429625,119.12476724093077,95.86767703197042,215.53591168513066,311.403591468686,43.11565249083473,129.9699426869877,263.45928955078125,457.81868256115524,894.3635724177127
MY_0p5_5.2500_115.7500,115.75,5.25,2001-10-01,2001,10,510.30569121191735,122.3181867961642,112.57999378786248,63.85303764989819,169.49150788905254,233.34454500877249,42.88700577040849,129.28573727365264,262.0575503591764,454.9856110136388,889.2158999685512
MY_0p5_5.2500_116.2500,116.25,5.25,2001-10-01,2001,10,402.35077474087103,117.17796767512453,107.86110375802728,47.7686566582209,179.26423012455808,227.0328881951827,43.02446181864678,129.92275194578534,264.53507715539087,463.8083730770063,901.2906451647794
MY_0p5_5.2500_116.7500,116.75,5.25,2001-10-01,2001,10,352.67487412464766,116.89158043680311,110.86104074309144,57.991570448573626,211.2737517055077,269.2653183755995,43.129837301713,130.2341091783741,265.0902023315429,464.4027890555466,902.8569162103195
MY_0p5_5.2500_117.2500,117.25,5.25,2001-10-01,2001,10,374.7130114358569,118.65346519833518,112.23169691297743,69.7050046890501,220.19463888501363,289.89963737366696,43.20371104649135,130.44857729957218,265.50810740637405,465.29217238653274,904.4525783962673
MY_0p5_5.2500_117.7500,117.75,5.25,2001-10-01,2001,10,350.61821259998135,118.94237620035807,111.82510608491445,63.18880901033916,195.72647152855282,258.9152794247581,43.17314456758045,130.33393506246898,265.2365500798301,464.9526259649367,903.6962722051711
MY_0p5_5.2500_118.2500,118.25,5.25,2001-10-01,2001,10,289.15281470441994,118.9382237719882,113.98937475605373,45.62842130964728,144.90281893493264,190.5312411557337,42.97818428088146,129.71693434988617,263.81092222177296,461.6834343588276,898.1894776168143
MY_0p5_5.2500_118.7500,118.75,5.25,2001-10-01,2001,10,255.41223472595217,118.69577866811602,112.52622085147435,30.019039260016545,49.71238485972086,79.73142411973741,41.94995917214288,126.27582507663304,254.47972785101996,434.0912907918294,856.7967876858182
MY_0p5_5.2500_119.2500,119.25,5.25,2001-10-01,2001,10,245.75319682082082,118.18142198835099,111.41194915771484,24.798906326293945,9.321260452270508,34.12016677856445,41.467323303222656,124.65357971191406,250.04013061523438,420.827880859375,836.9888916015625
MY_0p5_5.7500_100.2500,100.25,5.75,2001-10-01,2001,10,402.8929538211307,107.43679754583682,87.50082264471492,35.94952053105066,143.3253702986131,179.27489436438324,36.16644262611319,105.04309683983479,213.92424641180475,375.48861190375936,730.6223844475702
MY_0p5_5.7500_100.7500,100.75,5.75,2001-10-01,2001,10,398.92829008556544,106.06993219284783,104.16228197733562,53.049103418986,199.6012557474772,252.65035003662112,41.34911842346191,123.66983830769857,251.54396789550782,440.5355618286133,857.0984824625651
MY_0p5_5.7500_101.2500,101.25,5.75,2001-10-01,2001,10,393.50124208945925,104.85553017563709,110.57637882983592,52.80998201445333,188.9265559038778,241.73653574064963,43.095062225822396,130.0357376459077,264.339241208054,462.0669578492173,899.5370012418493
MY_0p5_5.7500_101.7500,101.75,5.75,2001-10-01,2001,10,361.22757008870445,105.93471816380818,119.01581678390502,52.5829158782959,158.3367802619934,210.91970647176112,43.00240322748821,129.84443639119468,264.381899770101,463.8114496866863,901.0401781717936
MY_0p5_5.7500_102.2500,102.25,5.75,2001-10-01,2001,10,310.82184864924506,113.41731098370674,112.38208655155066,38.34457265166722,112.94797044490724,151.2925506232162,41.97079200616188,126.32573440500381,257.72460346671465,453.83290793678975,879.8540600092725
MY_0p5_5.7500_102.7500,102.75,5.75,2001-10-01,2001,10,281.42450282505575,111.0134742514601,87.47309112548828,30.602216720581055,90.54994201660156,121.15216064453125,36.372169494628906,105.99311828613281,216.10935974121094,379.8017883300781,738.2764282226562
MY_0p5_5.7500_103.2500,103.25,5.75,2001-10-01,2001,10,265.64593505859375,111.88554382324219,,,,,,,,,
MY_0p5_5.7500_115.2500,115.25,5.75,2001-10-01,2001,10,580.0914001464844,124.73031412760416,119.66048431396484,176.87330627441406,300.87408447265625,477.74737548828125,43.58673858642578,131.5072021484375,267.29998779296875,467.96661376953125,910.3605346679688
MY_0p5_5.7500_115.7500,115.75,5.75,2001-10-01,2001,10,521.1286754023079,121.48015079615305,111.173116120838,129.1523659115746,254.83644336518788,383.9888029552642,43.29636492047991,130.65721377418154,265.61463535853795,464.5622814360119,904.1304827008929
MY_0p5_5.7500_116.2500,116.25,5.75,2001-10-01,2001,10,415.17197023422,114.53715406145366,105.22916049049014,90.75132957337394,221.37813560849148,312.1294609917535,43.10291440449064,130.09512580992683,264.50549655490454,462.200274561322,899.9038054935515
MY_0p5_5.7500_116.7500,116.75,5.75,2001-10-01,2001,10,351.76715330093623,111.80070243714347,104.24772658575148,61.59548773387122,205.76122644818017,267.3567149813213,43.04282564435686,129.95808856298052,264.3993977864584,462.33324236188616,899.7335650731646
MY_0p5_5.7500_117.2500,117.25,5.75,2001-10-01,2001,10,362.8679336884797,117.52062901638284,108.5814725472724,65.93596483104237,206.74277301391217,272.6787369303899,43.133947727432,130.29902283099923,265.4817199707031,466.158642597379,905.0733459665196
MY_0p5_5.7500_117.7500,117.75,5.75,2001-10-01,2001,10,344.47077588278154,118.91351315937347,108.63171320153563,59.68685041338006,189.92637342414602,249.61321540166873,43.13234326663433,130.3218043794568,265.7224886081363,467.5700345647416,906.746686077758
MY_0p5_5.7500_118.2500,118.25,5.75,2001-10-01,2001,10,300.33155872900164,118.42778882980348,110.44562649197049,60.15042000664605,183.40364400227867,243.55406209309896,43.143962927924264,130.33657809787326,265.6870670572917,467.3983611382378,906.5659844292535
MY_0p5_5.7500_118.7500,118.75,5.75,2001-10-01,2001,10,265.2333799508902,118.48675346374513,111.50672149658203,62.661468505859375,183.80067443847656,246.46214294433594,43.159881591796875,130.3692169189453,265.68975830078125,467.2254638671875,906.4443359375
MY_0p5_6.2500_99.7500,99.75,6.25,2001-10-01,2001,10,365.1974864286535,110.96723085291245,114.7138442993164,55.01525736964026,195.4001326450082,250.41539143407067,43.12545341669127,130.23639590241189,265.2855572367823,465.85882000590476,904.5062440384265
MY_0p5_6.2500_100.2500,100.25,6.25,2001-10-01,2001,10,363.09292352199554,109.55956304073335,103.28298293133169,38.67297232491629,164.71592164331548,203.38889876385122,41.161344800676616,123.16968315280214,251.00932156309787,441.3287612603635,856.6690925442441
MY_0p5_6.2500_100.7500,100.75,6.25,2001-10-01,2001,10,366.61000974205933,110.03050608984752,103.45077441005634,44.410885843991316,194.4219064012918,238.83279578013776,42.47233702317168,127.75339016122707,259.6535683414651,455.31573121059824,885.1950113303874
MY_0p5_6.2500_101.2500,101.25,6.25,2001-10-01,2001,10,367.0789226825421,110.37275601900542,104.68705808199368,47.878991757906405,191.6218696007362,239.50086106520436,43.07157451923078,129.9087653526893,263.81051682692305,462.06394747220554,898.8547879732571
MY_0p5_6.2500_101.7500,101.75,6.25,2001-10-01,2001,10,329.64264003208706,115.04733363560267,114.55111214773994,32.9315869467599,102.73383756365094,135.66542685372485,42.75230309622628,129.18812255859373,263.51461704799107,463.7935450962611,899.2486083984375
MY_0p5_6.2500_102.2500,102.25,6.25,2001-10-01,2001,10,296.7953923543294,116.53897657627012,115.1224594116211,22.26561164855957,62.59103775024414,84.85665130615234,42.525516510009766,128.55618286132812,262.4433288574219,462.3956604003906,895.9207153320312
MY_0p5_6.2500_115.7500,115.75,6.25,2001-10-01,2001,10,439.1218948364258,119.5393180847168,120.10742950439453,109.89916229248047,235.20921325683594,345.1083679199219,43.28026580810547,130.68328857421875,266.0055236816406,466.42596435546875,906.39501953125
MY_0p5_6.2500_116.2500,116.25,6.25,2001-10-01,2001,10,392.0870599579392,115.89242172241212,113.34842974288873,80.53571055744187,183.6674220887575,264.20312577302235,42.97994462403957,129.715974076729,263.61308725499896,459.89132300557543,896.2003085098604
MY_0p5_6.2500_116.7500,116.75,6.25,2001-10-01,2001,10,333.87505318777903,113.10442827012803,106.09124598427424,46.788777475508425,133.99431411500962,180.78308882940382,42.71585141136533,128.91896088615297,261.90778072296627,455.9920446002294,889.5346235971604
MY_0p5_6.2500_117.2500,117.25,6.25,2001-10-01,2001,10,317.27871297200517,116.40647687155102,104.92110881502667,46.44404389517648,137.49254327198815,183.93658575633216,42.305318463037885,127.47413577125185,259.84923928881443,456.2459080287388,885.8745973617313
MY_0p5_6.2500_117.7500,117.75,6.25,2001-10-01,2001,10,310.3657140731812,118.09920899073283,104.42055587322393,43.66004537838941,134.11819386621667,177.77823919998974,42.22215094761542,127.20820733678272,259.6885334929528,457.62684443959023,886.7457418162919
MY_0p5_6.2500_118.2500,118.25,6.25,2001-10-01,2001,10,308.54255240304127,118.45211655753,106.41321645464215,38.28320646286011,141.06834656851632,179.351560320173,42.91480118887765,129.76379884992326,265.01867021833147,467.54390498570035,905.241191319057
MY_0p5_6.7500_100.2500,100.25,6.75,2001-10-01,2001,10,347.4829097074621,110.32315327139462,107.93805874095243,39.37229397717644,175.32793493831858,214.70023458144243,43.07031101339003,130.07692258498247,265.05119503245635,465.8805907754337,904.0790149464326
MY_0p5_6.7500_100.7500,100.75,6.75,2001-10-01,2001,10,343.76737354419856,111.40687334979023,101.79913979989512,37.49407648157191,160.48196015534577,197.97603974518955,42.81669729727286,129.04944525824655,261.5509180139613,458.3507113986546,891.7677589699076
MY_0p5_6.7500_116.2500,116.25,6.75,2001-10-01,2001,10,328.6983807443202,117.04907945145008,109.78889893322457,35.48216331295851,47.70861946664206,83.19077970923448,42.32503323438691,127.48705924429545,257.4908030440168,442.10138609351185,869.4042804997142
MY_0p5_6.7500_116.7500,116.75,6.75,2001-10-01,2001,10,311.92313144550246,116.27705550193787,103.07208173548281,29.059007373251934,48.23099433386279,77.28999970929897,40.90317309232569,122.43672783289973,247.62198949519828,426.15272166135287,837.1146172685585
MY_0p5_6.7500_117.2500,117.25,6.75,2001-10-01,2001,10,289.1906212700738,116.25577316936263,98.20575700607975,26.84205056080776,58.65132485448786,85.49337346574902,39.91934163591503,118.91386319050747,241.38740222221983,419.0334320068359,819.2540377726598
MY_0p5_6.7500_117.7500,117.75,6.75,2001-10-01,2001,10,277.1185133192274,117.02222315470378,101.40231227874754,33.560671508312225,91.01231575012208,124.57298493385314,40.731876373291016,121.82406854629517,248.70470666885373,438.0122442245483,849.2728805541992
MY_0p5_7.2500_116.7500,116.75,7.25,2001-10-01,2001,10,285.4567311204325,116.01242350018214,99.127377916419,19.013634872436526,7.3710380554199215,26.384672496629797,39.50025435737942,117.47252515709917,235.82663653829826,397.73267928413725,790.532083262568
MY_0p5_7.2500_117.2500,117.25,7.25,2001-10-01,2001,10,268.75214832752675,115.24668849910701,96.70786189029091,14.547688845584265,3.803109014661688,18.350798014590612,38.67359900223582,114.60804355019016,229.8837967722039,386.2502325760691,769.4156686883223
MY_0p5_0.7500_110.2500,110.25,0.75,2001-11-01,2001,11,341.0370647723858,97.54156365027796,115.33653763991137,48.522506185678346,177.31071613018332,225.83322800856374,43.045892686110285,130.00269892765928,264.7725412222056,464.4485868013823,902.2697594275842
MY_0p5_0.7500_110.7500,110.75,0.75,2001-11-01,2001,11,334.99228559221535,99.8912738255092,121.0695941380092,53.43829427446638,166.14971313476562,219.5880161830357,43.07964177812848,130.14875488281248,265.33082842145643,466.7851475306919,905.3443725585937
MY_0p5_0.7500_111.7500,111.75,0.75,2001-11-01,2001,11,343.68418763175845,97.1345208788675,122.99529532780724,62.6719227139912,138.3816935221354,201.0536162361266,42.988559177943635,129.90958586193267,264.99144199916293,466.7162490118117,904.6058669317337
MY_0p5_1.2500_103.2500,103.25,1.25,2001-11-01,2001,11,235.548027112646,91.87263925793101,98.14230346679688,28.686703638596974,102.74046169627798,131.42716494473547,39.317287705161355,116.79177318919791,238.59169526533648,420.826264814897,815.5270052823155
MY_0p5_1.2500_103.7500,103.75,1.25,2001-11-01,2001,11,241.18102434769418,93.0411682869624,90.24181365966797,28.360833566165667,122.37798116739515,150.7388108633097,40.60570585380481,121.60359065972484,248.4267055178152,438.28813601003117,848.9241421893962
MY_0p5_1.2500_104.2500,104.25,1.25,2001-11-01,2001,11,244.34686279296875,94.33124247959682,81.62169647216797,28.111778259277344,145.95095825195312,174.06272888183594,42.307743072509766,127.94647216796875,261.4019775390625,461.3556213378906,893.0118408203125
MY_0p5_1.2500_109.7500,109.75,1.25,2001-11-01,2001,11,330.6860903084996,98.63167792630483,113.33457220606057,45.98874521829996,149.5548829228045,195.5436386659921,42.95716816545969,129.85241496993834,265.00458131353537,466.8255663032992,904.6396991775696
MY_0p5_1.2500_110.2500,110.25,1.25,2001-11-01,2001,11,330.464197225092,98.5674432290567,115.5717709515546,45.39893765247006,170.29967027465352,215.69861040152182,43.01816099306792,129.9481421511146,264.79357485973696,464.94454567220686,902.7044453860251
MY_0p5_1.2500_110.7500,110.75,1.25,2001-11-01,2001,11,324.7709839835999,100.25255921378967,121.61686590285527,47.85463433644128,152.80578874860493,200.6604304722377,43.02709356641013,130.01523025754898,265.1830500527033,466.9344756595673,905.1598595997643
MY_0p5_1.2500_111.2500,111.25,1.25,2001-11-01,2001,11,327.1099776490428,99.04756649614524,123.28004991817781,53.42568239693444,148.73520733525578,202.16089227938429,43.0141561709273,129.9756256201016,265.0874372488394,466.71370367958144,904.7909721398888
MY_0p5_1.2500_111.7500,111.75,1.25,2001-11-01,2001,11,337.2522234235491,96.53118230426124,122.37137325226314,61.48688731117854,135.51192970881385,196.99881853376115,42.96794818696521,129.84086342463416,264.8294382246714,466.3077939956907,903.946071079799
MY_0p5_1.2500_112.2500,112.25,1.25,2001-11-01,2001,11,350.80787883313167,94.25443658973964,121.81760050197543,69.72086771853684,137.13924318884835,206.8601130761471,42.93886360904287,129.7373364443706,264.53190372680046,465.32012598647674,902.5282521514117
MY_0p5_1.2500_112.7500,112.75,1.25,2001-11-01,2001,11,357.9522832234701,92.3826208114624,119.00318352381389,80.0746504465739,149.71538956960043,229.79004001617432,42.82081596056621,129.3231757481893,263.32275899251306,461.17101287841797,896.6377919514973
MY_0p5_1.2500_113.2500,113.25,1.25,2001-11-01,2001,11,355.32330454950744,91.99764755912449,119.25395268979278,76.89426634415337,149.84703249724015,226.74130010190217,42.822047656515366,129.303484178626,263.14841361667794,460.3017227836277,895.5756740404211
MY_0p5_1.2500_113.7500,113.75,1.25,2001-11-01,2001,11,364.3429528438683,91.31363793575402,120.42571038910836,81.8889071146647,159.20026571100405,241.0891709761186,42.91436568173495,129.55924583203864,263.562668540261,460.8316518610174,896.8679439660274
MY_0p5_1.2500_114.2500,114.25,1.25,2001-11-01,2001,11,380.73795041784774,90.29624540615926,120.59650022793662,85.61019890709261,158.75986527974626,244.37006074348383,42.95153646553512,129.66234028233893,263.7490820420527,461.2343455626901,897.5972986812085
MY_0p5_1.2500_114.7500,114.75,1.25,2001-11-01,2001,11,386.8593395602319,89.09163419661984,116.15299815516317,102.73582310830393,180.39038036715604,283.1261896933279,43.063500927340606,129.96990326912172,264.24206247637346,461.7337400374874,899.0091887443297
MY_0p5_1.7500_102.7500,102.75,1.75,2001-11-01,2001,11,223.04943392421663,89.8805246511217,95.08302426338196,12.925255447626114,95.41091632843016,108.33616971969604,41.310019731521606,124.12574410438538,253.77178621292114,448.1976699829101,867.4052314758301
MY_0p5_1.7500_103.2500,103.25,1.75,2001-11-01,2001,11,232.43688953060902,90.57769318805238,100.53996864318849,22.54808650970459,101.97937873840331,124.5274645614624,41.22984451293945,123.81131828308106,253.07969284057614,446.7988078308105,864.9196704101563
MY_0p5_1.7500_103.7500,103.75,1.75,2001-11-01,2001,11,238.2209127884877,92.43984886362583,98.14848853968365,26.189128845552855,116.54436026947407,142.73348745515077,41.34244964696184,124.28997445408302,254.01741954948326,448.31452063065535,867.9643778740606
MY_0p5_1.7500_104.2500,104.25,1.75,2001-11-01,2001,11,240.8618864059448,93.88427681922913,95.9534894958023,27.554885982543,131.80125439074612,159.3561381258706,42.45634404263755,128.42950297510902,262.50054032673205,463.4298902408097,896.8163012127544
MY_0p5_1.7500_109.7500,109.75,1.75,2001-11-01,2001,11,328.8641032729038,98.54616701880168,113.38189697265625,45.8526496887207,148.88819885253906,194.74085998535156,42.956851959228516,129.85604858398438,265.032958984375,466.959716796875,904.8055419921875
MY_0p5_1.7500_110.2500,110.25,1.75,2001-11-01,2001,11,316.1282538939059,100.06068520594125,115.80933498443767,41.44036918272947,158.26235627363073,199.70271954051952,42.97697921997723,129.87852592264267,264.89977227685284,466.0259071390897,903.7811680758064
MY_0p5_1.7500_110.7500,110.75,1.75,2001-11-01,2001,11,306.6676288951527,100.38065719604491,122.391157913208,38.12880363464355,127.84737091064451,165.9761734008789,42.937808418273924,129.79706802368162,264.9864166259765,467.43725433349607,905.1585754394531
MY_0p5_1.7500_111.2500,111.25,1.75,2001-11-01,2001,11,306.7612263028584,97.87063484797402,123.19694196124412,47.1578916327898,122.6678421730219,169.82572979594386,42.91823217702466,129.73171400912972,264.8178669774255,466.9985990302508,904.4664496843205
MY_0p5_1.7500_111.7500,111.75,1.75,2001-11-01,2001,11,318.85807124270667,94.80634698988514,119.49348722530316,58.298421606232836,119.50025536742388,177.79868200760848,42.88083311877672,129.59967238993582,264.47402799582176,466.0405626900588,902.9951009629647
MY_0p5_1.7500_112.2500,112.25,1.75,2001-11-01,2001,11,343.9354180230035,92.75696089002821,120.18705388629246,68.9740242125496,139.59723239474826,208.5712610153925,42.92194958641416,129.66873692103792,264.32519986591643,464.62079787481395,901.5367067367312
MY_0p5_1.7500_112.7500,112.75,1.75,2001-11-01,2001,11,355.91714981321303,92.44415891132657,120.48255036369201,76.22225213429284,138.91968153696212,215.14193367125495,42.851589990040615,129.4492236425006,263.7962749178448,463.10634048704117,899.2034532335068
MY_0p5_1.7500_113.2500,113.25,1.75,2001-11-01,2001,11,354.0455360049293,92.62313852461558,121.74620140923393,73.845654054672,134.66478915744358,208.51044514973958,42.80385646517314,129.30629650297618,263.4692475818452,462.19655296688984,897.7759678431919
MY_0p5_1.7500_113.7500,113.75,1.75,2001-11-01,2001,11,361.0781429230221,92.1405999562097,122.46450858948721,78.70603848411922,145.91959679013206,224.6256361219618,42.82167721702939,129.32129327683222,263.24742538209944,460.66963442847845,896.0600494869171
MY_0p5_1.7500_114.2500,114.25,1.75,2001-11-01,2001,11,375.1580485026042,91.4387931460426,122.81250312441871,77.01193266369047,149.06016685849144,226.0720995221819,42.89373229496062,129.51385115366134,263.55219309973336,461.13788045247395,897.0976471431671
MY_0p5_1.7500_114.7500,114.75,1.75,2001-11-01,2001,11,375.5538981541451,91.28161372051338,120.46258390752763,79.30692421710553,161.7944755751852,241.1013953648701,42.97087502356021,129.72045455695434,263.8619677291633,461.4087284068369,897.9620250642608
MY_0p5_2.2500_101.7500,101.75,2.25,2001-11-01,2001,11,266.65515691583806,85.50512125034525,95.9736723466353,31.300643631906222,122.7266837996666,154.02733049489032,42.33777125194819,127.7882853806621,261.1352070509786,460.93574508512864,892.1970005228061
MY_0p5_2.2500_102.2500,102.25,2.25,2001-11-01,2001,11,229.06848648290318,85.90053689765017,94.9581743450256,17.586614919051026,116.76213223398015,134.34874542820396,42.09475240753028,126.93419902746756,259.34915518874755,457.4159785366515,885.7940679668808
MY_0p5_2.2500_102.7500,102.75,2.25,2001-11-01,2001,11,215.4150598260421,87.4947189862215,97.71429288839992,15.296798733216297,98.96043528786188,114.2572310725345,42.013157180592984,126.68629023395007,259.0365457172635,457.6426342348509,885.3786227069324
MY_0p5_2.2500_103.2500,103.25,2.25,2001-11-01,2001,11,226.0245344373915,88.18993925064328,103.910983421689,22.261139339870873,110.22525358654204,132.48639061337425,42.345794568743024,127.86972946893603,261.34296332465277,461.1929732065352,892.7514768570187
MY_0p5_2.2500_103.7500,103.75,2.25,2001-11-01,2001,11,231.53287348343156,91.18923342429984,113.09697136313224,26.296772947149762,113.50095297603283,139.7977269318144,42.18997485920534,127.3328293105303,260.2906443450411,459.2881251448291,889.1015914658368
MY_0p5_2.2500_104.2500,104.25,2.25,2001-11-01,2001,11,230.96330385285668,92.9858943039809,120.56761989120609,28.857056184248496,113.25726728202883,142.11432918832324,42.67563260291234,129.14576948181656,264.1355671527958,466.5027642368285,902.4597470622418
MY_0p5_2.2500_104.7500,104.75,2.25,2001-11-01,2001,11,224.71853637695312,93.52031707763672,,,,,,,,,
MY_0p5_2.2500_109.7500,109.75,2.25,2001-11-01,2001,11,327.04074195123485,97.4552996235509,,,,,,,,,
MY_0p5_2.2500_111.2500,111.25,2.25,2001-11-01,2001,11,299.4579162597656,95.6704773902893,116.0428362453685,48.825916682972625,99.28585860308478,148.11177713730757,42.782700033748846,129.3836061814252,264.4090257532456,467.1093758975758,903.6846735337201
MY_0p5_2.2500_111.7500,111.75,2.25,2001-11-01,2001,11,309.11401677207346,93.6891351851206,117.04463748023622,52.046329110766216,104.72149946424695,156.76783166310145,42.81107876490033,129.45565451970177,264.49075782412575,467.06962464347714,903.827093408978
MY_0p5_2.2500_112.2500,112.25,2.25,2001-11-01,2001,11,335.3221754286024,92.42640826512897,119.77080782935731,62.990233176095145,120.79445396302239,183.7846904451885,42.874789016965835,129.6050499810113,264.5792076474145,466.5102042061941,903.5692594013516
MY_0p5_2.2500_112.7500,112.75,2.25,2001-11-01,2001,11,350.43231017097594,92.11159437875898,122.57264687674385,71.57835293724423,125.2907497103252,196.86910468207464,42.88992086743552,129.62870459178137,264.51795683361235,466.0276035853794,903.0641969711061
MY_0p5_2.2500_113.2500,113.25,2.25,2001-11-01,2001,11,353.6306523398748,92.69972536601719,126.13463812934029,71.47709425668869,121.67624782986113,193.15334588913692,42.842808980790394,129.49085160512774,264.2223593091208,465.28389446924615,901.8399156358508
MY_0p5_2.2500_113.7500,113.75,2.25,2001-11-01,2001,11,356.0926701992374,92.45664739005174,126.02780728400508,71.51156471349017,129.14124713366547,200.65281286118906,42.70487493201147,129.0179631197,262.8299033249481,460.39978365354904,894.9525270099881
MY_0p5_2.2500_114.2500,114.25,2.25,2001-11-01,2001,11,357.97779792906744,92.49760361928789,124.79567607092478,60.80691510155087,132.70447232685393,193.5113858177548,42.745225585453085,129.0981941828652,262.8182301354787,459.8534085712735,894.5150578574528
MY_0p5_2.2500_114.7500,114.75,2.25,2001-11-01,2001,11,360.46660303915706,92.24043948265816,121.48414094986454,64.06399833925309,147.6196008497669,211.68359911518715,42.88582555709347,129.49422001992505,263.5361387191281,461.1845322147493,897.1007196241812
MY_0p5_2.2500_115.2500,115.25,2.25,2001-11-01,2001,11,358.80596923828125,92.88673400878906,116.66887664794922,55.44582748413086,133.86172485351562,189.30755615234375,42.89555358886719,129.5068359375,263.58514404296875,461.6708679199219,897.6583862304688
MY_0p5_2.7500_101.2500,101.25,2.75,2001-11-01,2001,11,306.7518005371094,83.66446685791016,98.95565032958984,46.177547454833984,176.32664489746094,222.5041961669922,42.931251525878906,129.7692413330078,264.7890319824219,466.3901062011719,903.879638671875
MY_0p5_2.7500_101.7500,101.75,2.75,2001-11-01,2001,11,283.0217552672041,82.91779527143999,87.25902277166192,38.06495676214045,161.59670865145594,199.66167142001063,42.672045218727796,128.98489113547586,263.2385764382102,463.5899431818181,898.4854543235084
MY_0p5_2.7500_102.2500,102.25,2.75,2001-11-01,2001,11,244.3337664270097,83.56935423346842,99.95418293460918,32.325807000421406,139.094555848723,171.4203634565803,42.79175101116204,129.38094407585777,264.1709998063981,465.2378785929103,901.5815540483803
MY_0p5_2.7500_102.7500,102.75,2.75,2001-11-01,2001,11,229.77428494224063,85.3199843636042,104.0430092630507,30.8598850467537,107.86546260495727,138.7253445009642,42.700192487692526,129.17296914209294,264.1136872496786,466.58378832853293,902.5706346729135
MY_0p5_2.7500_103.2500,103.25,2.75,2001-11-01,2001,11,244.6730668863673,87.23886130266129,107.23243455826098,39.888768426931584,119.40075136901467,159.2895162302977,41.79992218989475,125.84193274625547,257.1224612582261,453.4699685649507,878.2342914168241
MY_0p5_2.7500_103.7500,103.75,2.75,2001-11-01,2001,11,246.12521408744476,90.4187687749448,111.90302603585381,41.267859349053026,120.33052467311035,161.59838051510297,40.958796277024234,122.78027709398401,250.84963982226117,442.2600948491954,856.8488212620608
MY_0p5_2.7500_104.2500,104.25,2.75,2001-11-01,2001,11,233.83611679077146,92.24015157362994,124.25209045410156,31.167200088500977,115.87335205078125,147.04055786132812,42.67481231689453,129.14686584472656,264.14459228515625,466.5042419433594,902.4705200195312
MY_0p5_2.7500_111.2500,111.25,2.75,2001-11-01,2001,11,293.89282437028555,94.24464121851427,117.63098503561581,44.56123935475069,100.70433762494255,145.26557697969324,42.77070393281824,129.35990412095015,264.37813343721274,466.9948299632353,903.5035795323989
MY_0p5_2.7500_111.7500,111.75,2.75,2001-11-01,2001,11,302.0237077806816,93.18959770827998,117.84154184933365,43.25933632357367,97.2636045916327,140.52294155647013,42.76498260169193,129.33852991564518,264.3380714942669,466.9857935412176,903.4273626393284
MY_0p5_2.7500_112.2500,112.25,2.75,2001-11-01,2001,11,319.7414905210084,92.75989443139184,119.59163589477538,50.28459122975667,101.31760228474934,151.6021944173177,42.78501795450846,129.37690826416014,264.3330395507813,466.7710434977213,903.2659989420573
MY_0p5_2.7500_112.7500,112.75,2.75,2001-11-01,2001,11,336.13692928265925,92.9962145648425,122.78558076786089,70.11287920988059,117.97688802888123,188.08977122246463,42.873639420617984,129.59772317620772,264.57301649262627,466.6352148901057,903.679591311684
MY_0p5_2.7500_113.2500,113.25,2.75,2001-11-01,2001,11,348.8038036528087,93.8238062298487,126.97715793185765,77.06275474911644,123.22951921735492,200.29227391803073,42.888985891190785,129.63084125821553,264.5560285295759,466.2769851926773,903.3528508262028
MY_0p5_2.7500_113.7500,113.75,2.75,2001-11-01,2001,11,353.18623915751266,94.27349192625398,127.4939787554893,76.77180772526249,133.1242166992965,209.89601975945152,42.77513652242673,129.2399025692302,263.4154756388087,462.3083407651087,897.7388523369077
MY_0p5_2.7500_114.2500,114.25,2.75,2001-11-01,2001,11,351.03640640838233,93.895505373991,124.47027563746971,72.56033093416238,148.96687828739985,221.52720333051076,42.80291999140872,129.2607847286176,263.1306711510767,460.455000768734,895.6493889531002
MY_0p5_2.7500_114.7500,114.75,2.75,2001-11-01,2001,11,350.6626708401236,95.51253769504036,122.81118120813066,76.31957255806893,163.73984323489438,240.0594237503732,42.97930097883675,129.78159905694852,264.1945384809166,462.88065673439365,899.8361056382488
MY_0p5_2.7500_115.2500,115.25,2.75,2001-11-01,2001,11,352.11532675253375,94.25953633076435,113.8855144053966,46.55882960826427,130.6226504901508,177.18147910178246,42.75471032632363,129.03962033933345,262.345196698163,457.80774393167576,891.9472744228602
MY_0p5_3.2500_101.2500,101.25,3.25,2001-11-01,2001,11,312.8763393825955,84.12985140433108,105.31058825778591,49.319157181083,177.19658806351836,226.51575431378433,43.01000838520926,130.00568268178503,265.2785398728189,467.1720997851183,905.4663252181115
MY_0p5_3.2500_101.7500,101.75,3.25,2001-11-01,2001,11,300.0798360572671,80.63368351444318,92.13335562056038,60.22284020587898,199.6757304197664,259.8985824584961,42.852380764712194,129.45797355311691,263.79614520224794,462.8055590003919,898.9120539768487
MY_0p5_3.2500_102.2500,102.25,3.25,2001-11-01,2001,11,271.06647116040426,83.69693073091052,105.70274486238993,54.64027643355112,147.384521726578,202.02479514470176,42.83268186781142,129.50126245892238,264.41540624224945,465.7443347749256,902.4936802455356
MY_0p5_3.2500_102.7500,102.75,3.25,2001-11-01,2001,11,264.349968584278,84.5368190475657,110.30053904086728,55.69291126878955,125.40196899220912,181.09487364563762,42.66677302348463,129.06844334662716,263.8241379170478,465.3839855918401,900.9433419915692
MY_0p5_3.2500_103.2500,103.25,3.25,2001-11-01,2001,11,284.8116158848866,86.16604713663605,109.45385009069786,66.32005071484694,125.89829820763406,192.2183480526803,40.893319891019445,122.59697569309695,250.5231299384797,441.45765631361974,855.4710768907776
MY_0p5_3.2500_112.2500,112.25,3.25,2001-11-01,2001,11,312.2229532877604,93.29671936035157,119.91662665473092,44.508220079210076,92.14582926432291,136.654049343533,42.75491994222005,129.2947018093533,264.23990749782985,466.9155178493924,903.2050252278647
MY_0p5_3.2500_112.7500,112.75,3.25,2001-11-01,2001,11,326.4964762041646,94.5952667728547,125.64980547545386,68.68280635896276,109.71379477078797,178.39660607009637,42.86209081430904,129.57035539971025,264.58707115298415,467.02621685090617,904.0457308409643
MY_0p5_3.2500_113.2500,113.25,3.25,2001-11-01,2001,11,343.6703213569813,96.94493911857892,131.51952564355096,70.30489421613288,126.33725140311499,196.64214180455062,42.951329997091584,129.8123419790557,264.9358858050722,467.2495558767607,904.9491334394975
MY_0p5_3.2500_113.7500,113.75,3.25,2001-11-01,2001,11,352.13426271468876,98.08778531513516,130.93978348989336,71.77638174390036,148.80818987649582,220.5845679389106,43.00672236851283,129.92816641671317,264.90259738498264,466.1459789457775,903.9834668356275
MY_0p5_3.2500_114.2500,114.25,3.25,2001-11-01,2001,11,353.22838383571354,98.48701698157437,127.88720652100385,77.55553081536748,174.60386239798964,252.15939554591085,43.010665079590616,129.86499762079518,264.3429778275216,463.1194991579481,900.3381367094197
MY_0p5_3.2500_114.7500,114.75,3.25,2001-11-01,2001,11,348.89322842154536,100.8298476638308,126.52750909404394,74.76042568911414,163.44195799614977,238.2023878644227,42.98943008131283,129.8169668890109,264.32174935310513,463.38396575344603,900.5120865159732
MY_0p5_3.2500_115.2500,115.25,3.25,2001-11-01,2001,11,342.41406636298456,97.4706617186341,111.20963724353645,39.304832325705995,129.80418528786186,169.10901622530778,42.69837214071539,128.84202527396286,261.78887186171136,455.98529786701437,889.3145384969589
MY_0p5_3.2500_115.7500,115.75,3.25,2001-11-01,2001,11,347.04076462649226,95.16875594921328,106.52329614189235,51.79334344756738,146.22711833139485,198.0204562069325,42.924529386370374,129.54795734534102,263.47686527552224,460.74160732312146,896.6909296271506
MY_0p5_3.7500_100.7500,100.75,3.75,2001-11-01,2001,11,301.0072326660156,86.45001220703125,114.55221557617188,30.59104347229004,138.03851318359375,168.62954711914062,42.975406646728516,129.91075134277344,265.22998046875,467.8868713378906,906.0029907226562
MY_0p5_3.7500_101.2500,101.25,3.75,2001-11-01,2001,11,310.6799085129538,83.81942418169436,111.36923178268482,56.683305826773534,176.69707995170916,233.38039232766357,42.98995972914218,129.92482340297266,264.9948408503363,465.9092202788418,903.8188320517926
MY_0p5_3.7500_101.7500,101.75,3.75,2001-11-01,2001,11,313.0693206787109,80.63459165536675,103.3505740560544,71.0197952051831,190.86834901457382,261.8881463700799,42.95001247430304,129.77130355349016,264.47207651320537,463.86992990287246,901.0633441900752
MY_0p5_3.7500_102.2500,102.25,3.75,2001-11-01,2001,11,309.6460750519283,82.0404777647957,109.60802559020028,65.5806404719277,162.41295790899366,227.99359348842074,42.813931577167814,129.41288524809335,264.00686025468127,463.7985796247209,900.0322670588417
MY_0p5_3.7500_102.7500,102.75,3.75,2001-11-01,2001,11,317.23080793108255,83.99791034516832,113.07662447974795,70.35607411218068,141.2884999108693,211.6445751856244,42.65690701197063,129.02272285582526,263.56786353701636,463.9455346485925,899.1930328853547
MY_0p5_3.7500_103.2500,103.25,3.75,2001-11-01,2001,11,332.960953184333,84.60569960757556,114.91934889251111,87.2347214044309,147.38173331466376,234.616449991862,42.167811105765544,127.24485138537838,259.9398374071308,457.44114750880817,886.7936324774049
MY_0p5_3.7500_113.2500,113.25,3.75,2001-11-01,2001,11,342.50505781173706,100.4121562242508,132.28238315269596,68.00185619416784,128.47244562868212,196.47430094734568,42.97160001660957,129.87880444135823,265.0843916095671,467.57778730548796,905.5125772444928
MY_0p5_3.7500_113.7500,113.75,3.75,2001-11-01,2001,11,350.5089128796099,102.91660844106522,128.3304173244242,65.31389537675483,148.29620756377682,213.61010485405293,43.06912027747886,130.13205760968154,265.4164810921382,467.64910572632226,906.2667625451936
MY_0p5_3.7500_114.2500,114.25,3.75,2001-11-01,2001,11,351.621360459895,104.22510032048301,126.91803327287947,63.07315524873278,154.01359364343068,217.08675832597035,43.05466152372814,130.0693606906467,265.1821635897197,466.6666229732453,904.9728054470487
MY_0p5_3.7500_114.7500,114.75,3.75,2001-11-01,2001,11,343.11084836929564,105.13342520093161,126.73155159117681,64.4799971202063,146.8525062197731,211.3325067913721,42.98665569244869,129.86426822722905,264.7318749806238,465.5062243264819,903.0890014648436
MY_0p5_3.7500_115.2500,115.25,3.75,2001-11-01,2001,11,328.2306204659598,98.64076375809925,109.19752250550283,48.48881049988761,146.74551599896145,195.2343240404886,42.847297753228084,129.29265834263393,262.77139815073167,458.3131689646887,893.2245262509301
MY_0p5_3.7500_115.7500,115.75,3.75,2001-11-01,2001,11,330.69013241555194,93.94480187944372,105.72970169396707,53.05395024800472,156.82990907079025,209.88385942857042,42.95495789342647,129.6139872159889,263.45718691160346,460.0018644264276,896.0279879124043
MY_0p5_4.2500_100.7500,100.75,4.25,2001-11-01,2001,11,287.456425189972,88.76297760009767,116.38630651357225,32.46339464771505,126.65070205999882,159.11409937021685,42.89097039358957,129.68365958077567,264.8761602907765,467.47680240553257,904.9275806660556
MY_0p5_4.2500_101.2500,101.25,4.25,2001-11-01,2001,11,294.96191394421487,82.87718985490739,109.90240565986392,57.71074814401614,180.82398690387703,238.53474504021324,42.92454621138846,129.66022972544286,264.07986848673244,462.5023419811468,899.1669813022493
MY_0p5_4.2500_101.7500,101.75,4.25,2001-11-01,2001,11,320.43409723760345,83.81194922109002,113.4792588937778,69.96659272166487,164.79570470450406,234.76230414149865,42.9159528104642,129.72779836441381,264.7044589984151,465.6908716561315,903.039082780052
MY_0p5_4.2500_102.2500,102.25,4.25,2001-11-01,2001,11,357.6003944470099,85.84896577585239,113.21639783085345,80.24317125314342,162.05624950274876,242.2994260940308,42.78685184027821,129.36375051870135,264.0417905569838,464.2825408058046,900.4749235208043
MY_0p5_4.2500_102.7500,102.75,4.25,2001-11-01,2001,11,384.5412304143237,84.12132277762055,110.41608710805322,101.59710034898892,192.03309631347656,293.6301969297372,42.74589962564456,129.2171111380219,263.52176846060786,461.88647606722117,897.3712786048841
MY_0p5_4.2500_103.2500,103.25,4.25,2001-11-01,2001,11,397.18164870673024,85.37480860055531,113.57172874955766,140.63779154388746,198.88775352983112,339.52554916754,42.75034037201247,129.2546211269259,263.7979565131956,463.1425245331555,898.9454788048507
MY_0p5_4.2500_113.7500,113.75,4.25,2001-11-01,2001,11,347.4144446963355,107.23291206359865,123.94516437458543,50.95641258527648,138.35261722780623,189.3090304968492,43.007649799562856,129.9753081123784,265.21721692355175,467.56418652804393,905.7643461407356
MY_0p5_4.2500_114.2500,114.25,4.25,2001-11-01,2001,11,345.7718427969322,108.17017667910306,121.5149901106551,43.57560780057576,125.47637692013302,169.05198062616887,42.92543370014913,129.7568352305291,264.89745469259026,467.2606361418618,904.8403537116917
MY_0p5_4.2500_114.7500,114.75,4.25,2001-11-01,2001,11,334.93729512532553,107.74103134155274,123.24755289713542,57.170364303588876,144.5045394897461,201.67490336100263,42.980644149780275,129.8778385416667,264.9063057454427,466.3639322916667,904.1286983235678
MY_0p5_4.2500_115.2500,115.25,4.25,2001-11-01,2001,11,312.2780668470595,102.73636115921867,110.08821482128569,44.66815984249115,136.20985094706217,180.8780041800605,42.706807255744934,128.89838118023343,262.0086834165785,456.60166295369464,890.2155373891195
MY_0p5_4.2500_115.7500,115.75,4.25,2001-11-01,2001,11,300.0635919086004,95.1440194081452,101.78292006153174,44.18582990614035,147.92043557894436,192.1062657760362,42.87758271815414,129.39364996441344,262.99955992617856,458.8303392313295,894.1011495299259
MY_0p5_4.2500_116.2500,116.25,4.25,2001-11-01,2001,11,294.89421490925116,103.22598471292636,101.10976796033906,58.1131082395228,179.9747202338242,238.08783219500287,43.10058879852295,130.08975154597587,264.6204634875786,463.14724266238335,900.9580454012244
MY_0p5_4.2500_116.7500,116.75,4.25,2001-11-01,2001,11,293.9859213415598,107.3542444306302,95.95273594497947,52.398924932314486,177.48492731524345,229.88385644813496,43.12013346060163,130.1849724212823,265.0389317859805,464.9607506900855,903.3047993389856
MY_0p5_4.2500_117.2500,117.25,4.25,2001-11-01,2001,11,295.4522601102306,110.7979261010094,92.23279706566736,37.893969510508846,142.2529235772327,180.1468929864664,42.99234905074128,129.89093382168662,264.9160788206928,466.5096041248963,904.3089729241565
MY_0p5_4.2500_117.7500,117.75,4.25,2001-11-01,2001,11,284.15480550130206,111.16720851669965,87.17638403737648,20.68366399178138,94.68283514691214,115.36649684416942,41.327278691479286,124.02077744964862,253.1918384519398,446.2956222142929,864.8355279906183
MY_0p5_4.2500_118.2500,118.25,4.25,2001-11-01,2001,11,258.3177757040102,110.56205927977088,80.42830900933333,12.078774488655625,58.278109702335044,70.35688597077777,38.483987042858345,113.73676411817031,232.19744037215122,408.9895622107633,793.4077743238705
MY_0p5_4.2500_118.7500,118.75,4.25,2001-11-01,2001,11,243.0049037226924,110.89834453441479,77.00453186035156,12.115606307983398,45.103424072265625,57.219032287597656,36.874000549316406,107.8675308227539,220.19276428222656,387.7608642578125,752.6951904296875
MY_0p5_4.7500_100.2500,100.25,4.75,2001-11-01,2001,11,232.13767835828997,98.94152069091798,,,,,,,,,
MY_0p5_4.7500_100.7500,100.75,4.75,2001-11-01,2001,11,256.64098710012223,92.19825920049293,116.33930671505811,36.73936541487531,126.61786940039657,163.35723436557183,42.76600411267785,129.28470270420476,263.8696713331269,464.35874442744057,900.2791167468558
MY_0p5_4.7500_101.2500,101.25,4.75,2001-11-01,2001,11,271.5073999954482,84.7978263976082,106.00446329268199,59.645534103635754,174.26668214343843,233.91221739753843,42.785183897472564,129.23999997093563,263.1430030459449,459.93998635912703,895.1081808423239
MY_0p5_4.7500_101.7500,101.75,4.75,2001-11-01,2001,11,316.4150588892069,86.28503338041762,115.62878008645681,73.84187486436632,176.60977633037265,250.45163879394536,42.854059746151876,129.51722300695994,264.11947622147824,463.70563354492197,900.1963981507319
MY_0p5_4.7500_102.2500,102.25,4.75,2001-11-01,2001,11,381.48904506138393,87.38339465913319,110.70805271693638,81.13484504336402,194.98491254534042,276.11976202101937,42.79042481921968,129.3068644205729,263.5324041457403,461.49638642810635,897.1261032831102
MY_0p5_4.7500_102.7500,102.75,4.75,2001-11-01,2001,11,420.8535818112123,85.75656944323495,107.34483065271073,110.76820409981306,206.976702258845,317.7449064801452,42.75970245166947,129.24600384949116,263.51417716445434,461.53823823382135,897.0581295718052
MY_0p5_4.7500_103.2500,103.25,4.75,2001-11-01,2001,11,428.1429786139755,87.44695219353065,105.54774489174031,140.99180011819652,215.60353015181767,356.59534119328015,41.305940494326215,123.93002795117371,252.64628336438392,442.2045248672092,860.0867886138581
MY_0p5_4.7500_103.7500,103.75,4.75,2001-11-01,2001,11,433.7211496453536,88.84564971923828,98.82142024845271,120.47988733068689,171.35714404613938,291.8370313768263,37.51559908978351,110.15842398110922,224.68653096781145,393.74008139077716,766.1006707525872
MY_0p5_4.7500_113.7500,113.75,4.75,2001-11-01,2001,11,350.24493408203125,110.08312225341797,,,,,,,,,
MY_0p5_4.7500_114.2500,114.25,4.75,2001-11-01,2001,11,350.24493408203125,110.77790369306292,120.34294891357422,47.333553314208984,117.56182098388672,164.8953857421875,42.879425048828125,129.65628051757812,264.8313293457031,467.5062255859375,904.873291015625
MY_0p5_4.7500_114.7500,114.75,4.75,2001-11-01,2001,11,340.8612113050235,112.77494861233619,122.47846886419482,55.86165225121283,150.20497172365907,206.06663431147095,42.99055394818706,129.92176621960056,265.03723899267055,466.6865382040702,904.6361090547296
MY_0p5_4.7500_115.2500,115.25,4.75,2001-11-01,2001,11,325.34573539098096,110.33794228235878,116.48145588239032,56.16875399152437,142.13562011718747,198.30437552928922,42.69982262452442,128.92827963829038,262.2593935330708,457.6770917574565,891.5645707448322
MY_0p5_4.7500_115.7500,115.75,4.75,2001-11-01,2001,11,305.70903058733256,102.20936654711527,105.75552627321274,28.903128869192937,114.62217593722873,143.52531016516306,42.54916083926246,128.45991860041542,261.2438245985243,455.42856251550097,887.6814499627975
MY_0p5_4.7500_116.2500,116.25,4.75,2001-11-01,2001,11,282.06900140671496,102.42832111176988,104.16928073943603,27.427642658778588,113.63617967878065,141.06382644895518,42.67361888582743,128.85084664481022,262.23467649429557,458.49840494791664,892.257560221354
MY_0p5_4.7500_116.7500,116.75,4.75,2001-11-01,2001,11,271.6433175968219,104.24986725819261,96.44926264316223,26.875489880767045,114.48031116437309,141.35580878921704,42.71111636825755,128.95652384697635,262.45975648904147,459.1053178038778,893.2327212563044
MY_0p5_4.7500_117.2500,117.25,4.75,2001-11-01,2001,11,277.03866935608875,105.62983933706131,89.49938029940165,25.057118715558733,108.4371383666992,133.49425983731712,42.67511484055292,128.87499157133558,262.41376759362595,459.3772919185578,893.3411779978919
MY_0p5_4.7500_117.7500,117.75,4.75,2001-11-01,2001,11,271.3048443371736,106.79380272008196,87.06100896038585,18.580642703213268,86.13512198532683,104.71576393706889,42.53245417679412,128.50481496883341,261.93886797941184,459.38032367561436,892.3564605712891
MY_0p5_4.7500_118.2500,118.25,4.75,2001-11-01,2001,11,259.7590572798073,107.7395534802921,88.4301452636719,17.60603997216153,75.90777419200495,93.51381188780819,42.52798483000329,128.51355218168482,262.0965660516941,460.3786705438816,893.5167659586997
MY_0p5_4.7500_118.7500,118.75,4.75,2001-11-01,2001,11,256.06490412844886,106.82438833502273,91.6402816772461,20.450024906593033,63.37759085546566,83.82761518261103,42.511134570157985,128.4335087643394,261.843392673927,459.8967064966129,892.6847232866891
MY_0p5_5.2500_100.2500,100.25,5.25,2001-11-01,2001,11,205.0340415645886,101.64766357951082,66.21484375,7.50137186050415,27.27167510986328,34.773048400878906,28.085439682006836,76.1601333618164,155.43597412109375,272.6501159667969,532.3316650390625
MY_0p5_5.2500_100.7500,100.75,5.25,2001-11-01,2001,11,220.6355527990005,96.32575317575962,115.41957372906565,33.8447949694491,131.58392097210063,165.42871558529208,41.76497025325381,125.75176379324378,256.4923699039153,449.77415343536734,873.7832662648169
MY_0p5_5.2500_101.2500,101.25,5.25,2001-11-01,2001,11,246.1361581469339,90.35014258490669,108.55386592320033,53.40090847923642,175.16988694932724,228.5708032517206,42.66985828460208,128.92916380867123,262.62320682586187,459.00319824218747,893.2254090324279
MY_0p5_5.2500_101.7500,101.75,5.25,2001-11-01,2001,11,302.0332927825345,88.3115258672435,113.77755815056481,62.875138957029705,173.38504305311073,236.2601798962636,42.685063076626726,129.0456165386613,263.2146696831771,461.55770631049086,896.5030783878012
MY_0p5_5.2500_102.2500,102.25,5.25,2001-11-01,2001,11,376.8021587201744,92.4326834951996,111.85482540252102,74.29221803215657,188.13965805928416,262.43187883705093,42.51478899816039,128.382087901899,261.90792166351514,459.56723741665,892.3720407668194
MY_0p5_5.2500_102.7500,102.75,5.25,2001-11-01,2001,11,419.16732658858405,89.78989147988094,107.44508535094178,106.89910580909857,222.2818586446471,329.180973893505,41.77300867630263,125.59013133938028,255.9654976537672,448.0638532218287,871.3924986758474
MY_0p5_5.2500_103.2500,103.25,5.25,2001-11-01,2001,11,421.30012342664935,90.76241694051751,113.88166368162479,138.18668732085786,241.06377648687987,379.2504787692776,42.7447319526177,129.12486054061296,263.2375274261871,460.93177993576245,896.0388655229049
MY_0p5_5.2500_115.2500,115.25,5.25,2001-11-01,2001,11,358.0982666015626,112.33477192540325,116.48522649045852,46.51353854820377,130.00884984751218,176.52238739513962,42.631644076988344,128.73237409748015,261.9750356205175,457.89269319127817,891.2317414830942
MY_0p5_5.2500_115.7500,115.75,5.25,2001-11-01,2001,11,346.7535201362941,109.31622589690774,110.09617234569485,29.024487246497202,107.04248814986923,136.0669733855684,42.44837837865797,128.16647276797536,260.7227294921875,454.911826337394,886.2494057865465
MY_0p5_5.2500_116.2500,116.25,5.25,2001-11-01,2001,11,309.85855353633065,103.79870999010303,103.58241795889938,26.75440098967733,101.01653016971636,127.7709313404711,42.60827955414977,128.67137812360934,261.959770395786,458.3729960767528,891.6124053182481
MY_0p5_5.2500_116.7500,116.75,5.25,2001-11-01,2001,11,293.0849414294279,103.5599557659294,100.16666632060763,28.548289492160457,107.96807564361185,136.51637128033215,42.686259523222716,128.84278792369216,262.03833210619183,457.67463375043263,891.2419999520989
MY_0p5_5.2500_117.2500,117.25,5.25,2001-11-01,2001,11,300.8763830760169,105.12647477407303,95.73510279579769,28.613879963708303,112.78566540914869,141.39954906645278,42.74767384604802,129.07300613645523,262.7510071769593,460.01560358925474,894.5872820172991
MY_0p5_5.2500_117.7500,117.75,5.25,2001-11-01,2001,11,296.15744154188366,104.67489376976377,90.7335964626736,27.99234852866521,119.60298626612102,147.59533478267608,42.8251463632735,129.37805553617932,263.74326995365203,463.4119657001799,899.3584400964162
MY_0p5_5.2500_118.2500,118.25,5.25,2001-11-01,2001,11,281.6701248783769,104.29910701095679,88.85734239809071,24.268703946642056,112.52972244457075,136.79842665848457,42.8236624237838,129.42914965198295,264.14535289205566,465.36405274215025,901.762220054675
MY_0p5_5.2500_118.7500,118.75,5.25,2001-11-01,2001,11,269.9805787658692,103.68146720765128,91.91746520996092,22.63852834701538,70.19721571604411,92.83574687110053,42.57201565636529,128.6049842834473,262.16708713107636,460.61335966322156,893.957423739963
MY_0p5_5.2500_119.2500,119.25,5.25,2001-11-01,2001,11,256.98395945927865,103.47662818545388,93.52108764648438,22.565582275390625,50.982357025146484,73.54794311523438,42.4522590637207,128.2051544189453,261.16973876953125,458.0939636230469,889.9210815429688
MY_0p5_5.7500_100.2500,100.25,5.75,2001-11-01,2001,11,173.30601363998275,104.97920828467015,104.91311260538362,8.543273269583326,36.94277793114338,45.48605115698019,35.191559327851735,102.45017235432196,210.00301256092317,371.0415478627616,718.6862966554975
MY_0p5_5.7500_100.7500,100.75,5.75,2001-11-01,2001,11,193.06985027979292,100.98610256134516,110.89553550720214,28.280860919952392,118.32366419474283,146.60453257242838,40.479365310668946,121.34827585856121,247.86226033528646,434.9763416544596,844.666250406901
MY_0p5_5.7500_101.2500,101.25,5.75,2001-11-01,2001,11,226.7843040406235,96.4926184406431,109.69657597579356,54.83209634014941,165.77151002658636,220.60360771840013,42.443598604577744,128.3557615505429,261.8402487687239,458.24151731476076,890.8811424435594
MY_0p5_5.7500_101.7500,101.75,5.75,2001-11-01,2001,11,292.6814338048299,93.04382508595786,115.8654554684957,75.1211635907491,183.28955262502038,258.41073036193853,42.59307961463929,128.83111896514896,262.9334490458171,461.04202384948735,895.3996777852376
MY_0p5_5.7500_102.2500,102.25,5.75,2001-11-01,2001,11,368.5534635690542,96.00248735378949,119.02205835207543,90.9868479256678,183.64242759216512,274.62928314722745,41.85326454856179,126.10407290474734,257.5274419816656,452.4296693127565,877.9144589202572
MY_0p5_5.7500_102.7500,102.75,5.75,2001-11-01,2001,11,415.8271843610491,92.91821489056338,96.23186492919922,85.74762725830078,173.10841369628906,258.8560485839844,36.34393310546875,105.96453857421875,216.05032348632812,378.1849060058594,736.543701171875
MY_0p5_5.7500_103.2500,103.25,5.75,2001-11-01,2001,11,418.0441589355469,93.26414489746094,,,,,,,,,
MY_0p5_5.7500_115.2500,115.25,5.75,2001-11-01,2001,11,381.33367919921875,111.05512288411457,111.73153686523438,64.79765319824219,158.46897888183594,223.26663208007812,43.02839660644531,130.0437774658203,265.3182373046875,467.30047607421875,905.69091796875
MY_0p5_5.7500_115.7500,115.75,5.75,2001-11-01,2001,11,361.0715652184984,106.87216270774421,104.29070427304222,52.811182730538505,144.60284729003908,197.41402471633185,42.803717513311476,129.28184669131323,263.31004318963915,461.48872884114587,896.8843430292039
MY_0p5_5.7500_116.2500,116.25,5.75,2001-11-01,2001,11,323.6156805129279,98.40588388594371,97.90427752298022,41.39449642120845,127.1636739095052,168.55816655234688,42.624759819394065,128.66717335534472,261.65365406823537,456.56463429284474,889.5102134099083
MY_0p5_5.7500_116.7500,116.75,5.75,2001-11-01,2001,11,301.7728209480406,95.17182370140439,93.25230807349794,30.095658789740668,103.70743899875217,133.8031008039202,42.53796998281327,128.36018449086993,260.8071793813554,454.03391587999135,885.7392401801214
MY_0p5_5.7500_117.2500,117.25,5.75,2001-11-01,2001,11,312.0914828423822,100.57800865775026,95.3284984311847,35.4798527004591,112.171404721233,147.6512597261543,42.797793981028654,129.259004947891,263.343549469668,462.1735289179564,897.57388430815
MY_0p5_5.7500_117.7500,117.75,5.75,2001-11-01,2001,11,310.18551936073914,101.53933631049263,95.29294217512913,40.94294658123246,132.37379685984365,173.31674793422624,42.99857748914885,129.92434108657326,265.08483692143585,467.401029753205,905.4087903323589
MY_0p5_5.7500_118.2500,118.25,5.75,2001-11-01,2001,11,296.67643501389193,101.62978868484497,94.63709330240886,44.52258629692926,149.2155283610026,193.73811896430124,43.06243830362956,130.11297743055556,265.4321628146701,467.8962990993924,906.5038585069445
MY_0p5_5.7500_118.7500,118.75,5.75,2001-11-01,2001,11,281.40508094200726,102.16724725869987,94.00859832763672,46.084224700927734,155.09234619140625,201.17657470703125,43.07905578613281,130.16212463378906,265.5114440917969,467.9213562011719,906.6739501953125
MY_0p5_6.2500_99.7500,99.75,6.25,2001-11-01,2001,11,142.14596527697992,111.369280946021,135.61366626828215,16.801223887953647,64.35132882761401,81.15255151793014,41.50714040357013,125.99620694892351,258.5986477164335,455.4755866472111,881.5776168468386
MY_0p5_6.2500_100.2500,100.25,6.25,2001-11-01,2001,11,153.76590090990067,107.33647990226747,126.87227577676578,12.026624002262036,51.31991412104392,63.346538528130964,39.89124329236089,119.79429402254063,245.75402919224328,434.18966076909277,839.6292495416135
MY_0p5_6.2500_100.7500,100.75,6.25,2001-11-01,2001,11,177.25929242579636,104.49003115031711,119.26902393944937,29.13984076673,102.76811724924212,131.90795957351745,41.50257936867968,125.24526730099241,256.0979518816738,450.0861737461164,872.9319752579031
MY_0p5_6.2500_101.2500,101.25,6.25,2001-11-01,2001,11,198.67008174015928,102.11788377028248,116.24937685452976,41.832011883075424,131.1905745286208,173.0225867638221,42.272152651273295,127.90087421123798,261.1771024263822,457.7702463003306,889.120367901142
MY_0p5_6.2500_101.7500,101.75,6.25,2001-11-01,2001,11,303.83904462541847,99.33055310930523,125.50091487339563,84.59892163957868,170.5156777518136,255.11461007254465,42.5677619934082,128.81196943010602,263.1840087890625,462.6102765764509,897.1740042550223
MY_0p5_6.2500_102.2500,102.25,6.25,2001-11-01,2001,11,357.44745953877765,98.40394973754883,129.1534423828125,98.01888275146484,183.132568359375,281.1514587402344,42.685123443603516,129.16836547851562,263.9439392089844,464.32177734375,900.1192016601562
MY_0p5_6.2500_115.7500,115.75,6.25,2001-11-01,2001,11,337.1560696688565,102.701754136519,113.5173110961914,47.692527770996094,129.4329071044922,177.12542724609375,42.86912155151367,129.53668212890625,264.1722717285156,464.56884765625,901.1469116210938
MY_0p5_6.2500_116.2500,116.25,6.25,2001-11-01,2001,11,314.4101482190584,98.04569568968654,105.75091095642895,37.209106226849656,108.58303133926727,145.79213603687705,42.61053977663821,128.69465650650898,262.0833717379801,458.81879845169664,892.2073689599393
MY_0p5_6.2500_116.7500,116.75,6.25,2001-11-01,2001,11,294.7109898158482,94.02653459821428,96.83492039271762,27.0344006492978,89.70220576695033,116.73660828121126,42.44786793542286,128.14081643725197,260.6295788961744,454.6928810725136,885.911158001612
MY_0p5_6.2500_117.2500,117.25,6.25,2001-11-01,2001,11,307.63907829163566,96.8546886383541,97.6728496006557,30.499592239137684,104.25738992842416,134.7569809202164,42.235499911838104,127.2086666046627,259.2449891105531,455.3449622744606,884.0341207837301
MY_0p5_6.2500_117.7500,117.75,6.25,2001-11-01,2001,11,311.4078385035197,98.43555692831677,99.74184712192469,33.65914912530554,117.0061536197774,150.66530319124638,42.27412026388603,127.29599454110128,259.76520292940194,458.1317358184279,887.4670577913697
MY_0p5_6.2500_118.2500,118.25,6.25,2001-11-01,2001,11,309.3366601126534,99.01013319832938,102.35602596827917,37.88309587751117,128.09921727861678,165.98231451851981,42.99087946755545,129.90639550345284,265.11302076067244,467.77340262276783,905.7837132045202
MY_0p5_6.7500_100.2500,100.25,6.75,2001-11-01,2001,11,145.8995963825899,107.56737781973446,133.04716985365926,15.421137690544127,63.08923928877887,78.51037861319149,41.69933372385361,126.44721076067755,259.29763255399814,457.1621618831859,884.6063761991613
MY_0p5_6.7500_100.7500,100.75,6.75,2001-11-01,2001,11,163.81580946180557,105.57804220694084,127.29083986635561,31.194737716957377,95.61424933539497,126.80898595739296,42.04219747472693,127.31124764901622,260.46295052987557,458.02448527018237,887.8409016927084
MY_0p5_6.7500_116.2500,116.25,6.75,2001-11-01,2001,11,295.32742590191714,96.35189473351768,106.4865666831412,40.26768772776534,100.4827972039944,140.7504880951672,42.678005125464466,128.9656528379859,263.0327915098609,462.3708801269532,897.0473513719514
MY_0p5_6.7500_116.7500,116.75,6.75,2001-11-01,2001,11,299.2382735315464,95.24460378289223,101.66925088030547,36.531483751983046,92.19150947299399,128.72299429550472,41.306741435537226,123.93146415378737,252.52251256407484,443.11208551580256,860.87280804178
MY_0p5_6.7500_117.2500,117.25,6.75,2001-11-01,2001,11,307.7638544588008,94.95385305290547,99.0006223695468,33.39368349260989,93.68902962608675,127.08271195403242,40.30919707981886,120.18826989368,244.90397961371767,430.1840301783739,835.585470283981
MY_0p5_6.7500_117.7500,117.75,6.75,2001-11-01,2001,11,312.0687645806207,96.03871133592395,101.99104762077333,30.998251914978027,104.71233010292053,135.71058320999146,40.89890742301941,122.24705410003662,249.44121313095093,439.7752332687378,852.362419128418
MY_0p5_7.2500_116.7500,116.75,7.25,2001-11-01,2001,11,314.59084674504794,93.60685633099268,108.09316359810207,36.568968532396404,74.74243429432744,111.31140176524286,40.391001394520636,120.60362071161683,245.30381682022755,429.16237421450404,835.4608021611751
MY_0p5_7.2500_117.2500,117.25,7.25,2001-11-01,2001,11,317.2050734511367,92.70710994961024,109.01433844315379,31.513046023720186,55.88415270353618,87.39719872725637,39.633920007002985,117.87374492444488,239.35203343441611,417.1424897846423,814.0021754214638
MY_0p5_0.7500_110.2500,110.25,0.75,2001-12-01,2001,12,177.10346844012923,104.13531106802135,115.86298957237832,52.009561274601865,75.31208185049204,127.32163661076471,42.21636352539063,127.49623272235578,259.3828571026142,451.9991680438702,881.0945753831131
MY_0p5_0.7500_110.7500,110.75,0.75,2001-12-01,2001,12,196.48841901506697,107.1544085911342,126.08744310651507,36.28264933994838,53.65634863717216,89.93899481637136,42.23409892490932,127.63273402622767,260.2300388881138,456.11136213030136,886.2082380022321
MY_0p5_0.7500_111.7500,111.75,0.75,2001-12-01,2001,12,248.54088628859748,106.16285354372054,135.23743959457155,69.88989500015501,87.6784164186508,157.5683114188058,42.53480390518431,128.55713496132503,262.2286454458085,460.63567873031377,893.9562484499008
MY_0p5_1.2500_103.2500,103.25,1.25,2001-12-01,2001,12,320.7345006257585,91.31152773366391,102.30559158325195,90.23043580488726,80.35861613533714,170.58905254710805,39.15416284040971,116.35818932273172,237.85300064086914,419.59007818048656,812.9554498845881
MY_0p5_1.2500_103.7500,103.75,1.25,2001-12-01,2001,12,356.263946236916,91.23045778737485,95.39223458003072,112.8906777391156,98.43201013213222,211.32268464912488,40.46116534483085,121.21972078490026,247.77146793106232,437.311764022679,846.7641174908981
MY_0p5_1.2500_104.2500,104.25,1.25,2001-12-01,2001,12,365.21476832798544,91.8711672101702,87.68560791015625,138.32325744628906,117.89913177490234,256.2223815917969,42.16539764404297,127.5645751953125,260.7389831542969,460.47637939453125,890.9453125
MY_0p5_1.2500_109.7500,109.75,1.25,2001-12-01,2001,12,176.78631187347045,103.9211695108069,112.11671300681242,43.14631781520614,44.1880278070289,87.33434562223503,42.04279685882201,127.14946452680842,259.5307547327984,455.1807442171028,883.9037791792169
MY_0p5_1.2500_110.2500,110.25,1.25,2001-12-01,2001,12,179.35586465371622,104.6402549890938,116.57170246374655,52.878582516232065,73.66986571499741,126.54844359173279,42.18942534693421,127.44317889121511,259.4108622782939,452.5028681810299,881.5463047101232
MY_0p5_1.2500_110.7500,110.75,1.25,2001-12-01,2001,12,197.09736962696863,107.09484877813428,126.85839315747455,37.40594574459015,50.55684191991412,87.96278487916975,42.20446980794271,127.55783507331968,260.1496533590649,456.1816187298487,886.0935758076016
MY_0p5_1.2500_111.2500,111.25,1.25,2001-12-01,2001,12,220.6440926938773,106.89490974596897,131.95918761427032,44.55401739297203,63.117041139937825,107.67105607102856,42.346688718460626,127.97949308937733,260.9983891983764,457.95374734409324,889.2783015924523
MY_0p5_1.2500_111.7500,111.75,1.25,2001-12-01,2001,12,249.18928285629028,105.42786928207155,133.97330559624567,68.31917051285032,89.50879838731554,157.82797120109436,42.519401610843715,128.49380396282862,261.99024890718,459.71891808888273,892.7223607623388
MY_0p5_1.2500_112.2500,112.25,1.25,2001-12-01,2001,12,279.19462546721326,104.41446561861761,133.7655614088029,82.05433728368148,97.82303301816059,179.87737247060394,42.56205914105256,128.60357278736714,262.09475382693523,459.46905920348195,892.7294522203165
MY_0p5_1.2500_112.7500,112.75,1.25,2001-12-01,2001,12,319.9082285563151,103.86292870839438,132.32873503367105,113.74758942921956,137.72998714447021,251.4775686264038,42.720096826553345,128.98828538258869,262.3577359517415,457.94272232055664,892.0088386535645
MY_0p5_1.2500_113.2500,113.25,1.25,2001-12-01,2001,12,342.6685175356657,103.18219047214673,131.46262233568274,121.32136721403701,146.8850742505944,268.2064327074134,42.77927790102751,129.1526498545771,262.615893023947,458.16262737771734,892.7104407269021
MY_0p5_1.2500_113.7500,113.75,1.25,2001-12-01,2001,12,337.4627449729226,101.7058707150546,131.41772293322015,112.58394287571763,145.86448808149856,258.44842540856564,42.802455035122954,129.22340820774883,262.78216229063094,458.6258225874467,893.4338355786873
MY_0p5_1.2500_114.2500,114.25,1.25,2001-12-01,2001,12,310.01033114543003,99.30132212681055,133.1837665254036,96.2694229531077,145.39701019557177,241.6664320684112,42.81354981819086,129.25531383953262,262.8701231289754,458.93451899975804,893.8734795224351
MY_0p5_1.2500_114.7500,114.75,1.25,2001-12-01,2001,12,282.9693701959426,96.54687376945249,127.59202624905494,79.71422699959047,153.15206564626385,232.86629264585434,42.82605927990329,129.25494237099923,262.71788172568046,458.11193847656244,892.9108020413306
MY_0p5_1.7500_102.7500,102.75,1.75,2001-12-01,2001,12,297.37279835063447,90.627306184716,108.49677300453186,47.6397579908371,60.97120654582977,108.61096239089966,41.14901268482209,123.63729739189148,252.6822910308838,445.7225151062011,863.1911201477051
MY_0p5_1.7500_103.2500,103.25,1.75,2001-12-01,2001,12,353.9095768873296,88.68303833596956,111.33908878326417,108.69427364349366,91.86670978546142,200.56098228454593,41.19413427352905,123.6883221435547,252.63080078124997,445.23983184814455,862.7530969238281
MY_0p5_1.7500_103.7500,103.75,1.75,2001-12-01,2001,12,379.72317070297044,89.1653068156182,107.58659297605104,149.28136357174643,107.67970683906651,256.9610728010346,41.30083833766889,124.15139287634742,253.5597524522226,446.85446292539183,865.8664531466326
MY_0p5_1.7500_104.2500,104.25,1.75,2001-12-01,2001,12,375.1510313034058,90.49081106185913,106.16099654796511,175.94718767506208,118.89898297213769,294.8461722440498,42.391219205634535,128.2137337618096,261.8735405973686,461.6704276624576,894.1489106407461
MY_0p5_1.7500_109.7500,109.75,1.75,2001-12-01,2001,12,187.8149352849916,103.72788677659146,112.22957611083984,42.360626220703125,43.1046142578125,85.46524047851562,42.04417037963867,127.16259765625,259.6043701171875,455.49456787109375,884.3057250976562
MY_0p5_1.7500_110.2500,110.25,1.75,2001-12-01,2001,12,186.33933986706683,105.3652704026964,117.32791598722898,54.71179986637545,68.85765124642275,123.5694511127982,42.1335069992963,127.3352707235571,259.4888240385821,453.6592204864013,882.6168271641044
MY_0p5_1.7500_110.7500,110.75,1.75,2001-12-01,2001,12,203.02120070023966,106.75907308405095,127.45550155639647,41.687971305847164,44.93967208862304,86.62764282226561,42.15556755065917,127.45228767395018,260.1420013427734,456.83575744628905,886.5855987548827
MY_0p5_1.7500_111.2500,111.25,1.75,2001-12-01,2001,12,230.3251249283079,105.41658177451481,130.56215891283614,43.13938985425373,67.31336902352267,110.45275768901027,42.33009494515352,127.96077596974929,261.06981697969655,458.342684013899,889.7033603402072
MY_0p5_1.7500_111.7500,111.75,1.75,2001-12-01,2001,12,255.04826731621458,103.52185766002796,128.25543319122698,71.0674526118025,106.20223656183555,177.2696947025347,42.5668173439895,128.65510404562647,262.3316330728651,460.25721508943576,893.8107664856728
MY_0p5_1.7500_112.2500,112.25,1.75,2001-12-01,2001,12,287.03243398515,103.39042130727617,129.65666382804747,95.84978589254712,119.69203123062375,215.54182153126547,42.619968390086335,128.76544804648748,262.28987872411335,459.17559136284723,892.8508891756572
MY_0p5_1.7500_112.7500,112.75,1.75,2001-12-01,2001,12,312.71879572792665,104.175394258045,132.0579784090557,114.62737894209604,139.42896670386904,254.05633927602616,42.73267478337363,129.0776084778801,262.7914997403584,459.69517231290297,894.2969610305059
MY_0p5_1.7500_113.2500,113.25,1.75,2001-12-01,2001,12,331.79265553307914,104.17499254014756,133.2679256863064,116.68189597962395,141.6134556846013,258.29534427703373,42.761985282292436,129.15314427935886,262.88694390190966,459.70026787651915,894.5023412310887
MY_0p5_1.7500_113.7500,113.75,1.75,2001-12-01,2001,12,323.38859407939606,102.79733164953807,132.651947796534,103.4169959174262,136.30612822033112,239.72312186104912,42.72774779304625,129.01540900336371,262.42975754510786,458.1189091758123,892.2918191576761
MY_0p5_1.7500_114.2500,114.25,1.75,2001-12-01,2001,12,293.22790604848706,100.50763072664776,133.12589460100446,81.22642284574962,129.51983511788504,210.74626028878345,42.68050642467681,128.86525670611667,262.10635676308283,457.4355366055927,891.0876398964532
MY_0p5_1.7500_114.7500,114.75,1.75,2001-12-01,2001,12,266.8360832095764,98.96971316164641,126.86023336618058,64.14717169252701,124.49448398728445,188.64165603558635,42.54163000867775,128.45547876703927,261.2515235070738,455.3789296520806,887.6275565191872
MY_0p5_2.2500_101.7500,101.75,2.25,2001-12-01,2001,12,221.82618451359295,95.72994594381312,114.12637244330513,24.236919634269945,49.924301147460945,74.16122197623206,41.85279491694288,126.38749802714646,258.4559350832544,455.9428260880287,882.6390855577257
MY_0p5_2.2500_102.2500,102.25,2.25,2001-12-01,2001,12,264.2708028400914,90.21720678156072,111.46681523665288,36.8996507471258,65.93848010341517,102.83813012958142,41.809875415272685,126.06392815694855,257.4134751461339,453.01725148470206,878.3045420669482
MY_0p5_2.2500_102.7500,102.75,2.25,2001-12-01,2001,12,317.5968609580511,87.3374310988414,112.75342726405663,65.00098605095585,76.7782273473619,141.77921316895305,41.93728445753266,126.42748040790798,258.28378672539435,455.5346631400193,882.183214404915
MY_0p5_2.2500_103.2500,103.25,2.25,2001-12-01,2001,12,405.32171330527655,84.09724186488559,118.99473625062004,147.1632075960674,121.57491178966703,268.73812328520273,42.41026686411055,127.9754878937252,260.9989232623388,458.71844433981266,890.1031187996031
MY_0p5_2.2500_103.7500,103.75,2.25,2001-12-01,2001,12,433.53307815810376,85.28758379402808,128.25560294975668,215.460600668697,130.56671631376622,346.027319956634,42.20338180024745,127.2473825228416,259.3608524645789,454.8795272568524,883.6911571438029
MY_0p5_2.2500_104.2500,104.25,2.25,2001-12-01,2001,12,413.69103780606906,86.84013106183309,136.71383704823896,245.81332422682078,127.7434421255569,373.5567669829062,42.61215569362168,128.80665550547198,262.60441828956294,460.6005233890754,894.6237641641918
MY_0p5_2.2500_104.7500,104.75,2.25,2001-12-01,2001,12,383.1629638671875,86.84307098388672,,,,,,,,,
MY_0p5_2.2500_109.7500,109.75,2.25,2001-12-01,2001,12,234.33746190224926,102.40241586008379,,,,,,,,,
MY_0p5_2.2500_111.2500,111.25,2.25,2001-12-01,2001,12,253.66287314891815,103.52101239562036,121.64958920198328,81.81980985753675,129.479149201337,211.2989551319795,42.66800128712373,129.07092509550205,263.63271242029526,464.1576295740464,899.5292681525734
MY_0p5_2.2500_111.7500,111.75,2.25,2001-12-01,2001,12,266.6603291829427,102.9448274884905,122.59111986917164,85.07290811690072,126.14666980561755,211.21957770453557,42.661406562441876,129.04260050455727,263.54823627774675,463.9436710418217,899.1959162636409
MY_0p5_2.2500_112.2500,112.25,2.25,2001-12-01,2001,12,279.4202942863343,103.64889640202597,125.46225658598402,93.56104995485336,119.99237862238809,213.55343138679623,42.62817799401661,128.9073958139571,263.10865895104786,462.5211757114955,897.1654126364087
MY_0p5_2.2500_112.7500,112.75,2.25,2001-12-01,2001,12,293.07238575768844,104.63201494973804,129.4078845796131,99.95288025386749,128.2629644000341,228.2158428858197,42.65048285590277,128.9368656218998,262.986432562934,461.6289079938616,896.202703954303
MY_0p5_2.2500_113.2500,113.25,2.25,2001-12-01,2001,12,307.61916465153774,105.09708067878846,133.63813670324902,96.74757123674667,122.61571190243676,219.36328560965404,42.63998817564949,128.88042471749444,262.77826344323535,460.96973625062014,895.268418860057
MY_0p5_2.2500_113.7500,113.75,2.25,2001-12-01,2001,12,295.7348765119722,103.49094868913483,132.61168999007987,77.07687575907649,112.2483525095107,189.32523205914077,42.50240546842165,128.379004031797,261.25479647479483,455.85859400109405,887.9948052514959
MY_0p5_2.2500_114.2500,114.25,2.25,2001-12-01,2001,12,262.9863073439825,101.84016539558533,130.75142376612104,60.085540492950926,105.74651741148932,165.83206326923673,42.42499089316716,128.13474067809088,260.6795824807788,454.34843459356404,885.5877342587426
MY_0p5_2.2500_114.7500,114.75,2.25,2001-12-01,2001,12,243.6522625830866,100.08931338402533,125.55962777906848,55.891885622086065,110.21688640963649,166.10877779068488,42.39432393966183,128.0627457895587,260.6108663251323,454.4032227546938,885.471161282447
MY_0p5_2.2500_115.2500,115.25,2.25,2001-12-01,2001,12,230.70095825195312,99.56922912597656,117.2481460571289,47.24361038208008,104.40380096435547,151.6474151611328,42.12086868286133,127.25154876708984,258.9783630371094,451.1041564941406,879.4549560546875
MY_0p5_2.7500_101.2500,101.25,2.75,2001-12-01,2001,12,227.9891357421875,99.29765319824219,116.09371185302734,37.44698715209961,85.27767181396484,122.72465515136719,42.545597076416016,128.7242889404297,263.2676086425781,465.6407775878906,900.1782836914062
MY_0p5_2.7500_101.7500,101.75,2.75,2001-12-01,2001,12,241.7942879534782,93.71612878972833,103.57138816139914,32.220711683793496,81.06507704301313,113.28578721479934,42.21984390258788,127.68748049649325,260.7614620694247,459.07303932883514,889.7418441495029
MY_0p5_2.7500_102.2500,102.25,2.75,2001-12-01,2001,12,305.75114450636937,87.21176057560429,116.51030818671936,45.717396875855265,80.72540739994899,126.44280697281953,42.513684776937886,128.51058231037894,262.0867869383211,460.0497169251655,893.1607772924337
MY_0p5_2.7500_102.7500,102.75,2.75,2001-12-01,2001,12,386.28110813189153,83.98137763783902,119.6417439134815,105.58751234223568,109.63779198368893,215.22530162183543,42.769835979123656,129.30790908427178,263.9381574799743,465.0137998363639,901.0296943761124
MY_0p5_2.7500_103.2500,103.25,2.75,2001-12-01,2001,12,479.8803243454854,82.69687365878158,122.97559713861743,190.7264503430409,144.67690967146757,335.4033672551441,41.90357389267843,126.03927136074964,256.86667341487424,450.8657738752426,875.6752746970791
MY_0p5_2.7500_103.7500,103.75,2.75,2001-12-01,2001,12,500.42092285156247,84.53199549135955,127.37099994712162,231.97792172761558,145.3947983139671,377.37272271362866,40.96110385244343,122.6643297749181,249.88113269718016,437.79040077314943,851.2969633181524
MY_0p5_2.7500_104.2500,104.25,2.75,2001-12-01,2001,12,437.6907923081342,85.34387453864602,140.184326171875,261.187255859375,135.74217224121094,396.9294128417969,42.488922119140625,128.4065704345703,261.5734558105469,457.5178527832031,889.98681640625
MY_0p5_2.7500_111.2500,111.25,2.75,2001-12-01,2001,12,273.8863697972791,102.6915775167531,122.23117087869083,92.95714883243336,137.17737669103286,230.1345273186179,42.652953316183655,129.01979693244485,263.45583119111905,463.40722835765166,898.5357809627758
MY_0p5_2.7500_111.7500,111.75,2.75,2001-12-01,2001,12,277.69751026591314,103.19967926525678,122.03166330271755,88.52264489798709,130.10059807218354,218.62324306882658,42.64794400642658,129.00249369391076,263.4405129531334,463.54219436645513,898.633130040662
MY_0p5_2.7500_112.2500,112.25,2.75,2001-12-01,2001,12,278.4144397204435,104.85477833808221,122.82978670756022,81.52310323079428,117.0802190653483,198.603320719401,42.60830998738606,128.87855239868165,263.18858032226564,463.1344857788086,897.8099200439452
MY_0p5_2.7500_112.7500,112.75,2.75,2001-12-01,2001,12,280.5036348753338,106.31333370450176,125.43412442750567,78.3841599573063,113.36153464981273,191.74569494513017,42.56669421135624,128.75023424172701,262.88158551952506,462.2663334713707,896.4648464540892
MY_0p5_2.7500_113.2500,113.25,2.75,2001-12-01,2001,12,286.06053369915674,106.6899664500403,130.538376726423,77.96924755762494,110.99517793201262,188.96443021259608,42.56802611578078,128.7405048188709,262.8096206907242,461.9662925114707,896.0844273158482
MY_0p5_2.7500_113.7500,113.75,2.75,2001-12-01,2001,12,275.59667764651545,105.54328996208822,132.49724554559987,68.7022716254945,106.57684600732888,175.27911843463872,42.46740388566521,128.36899416006293,261.6483391439839,457.9382651748171,890.4230218389232
MY_0p5_2.7500_114.2500,114.25,2.75,2001-12-01,2001,12,252.6467953452581,103.3004630607895,129.95265535765057,63.68985774849035,114.17328325102599,177.8631422308427,42.406135245214536,128.129832979999,260.8368551519852,454.9164942487885,886.2893182295787
MY_0p5_2.7500_114.7500,114.75,2.75,2001-12-01,2001,12,237.0748279352856,103.67255197512875,127.80167189677051,64.22305951452559,119.8252389992878,184.04830262007985,42.48652611264757,128.37034910651528,261.3966415308084,456.6033512771509,888.8568620621019
MY_0p5_2.7500_115.2500,115.25,2.75,2001-12-01,2001,12,231.4638050526112,100.98966402620881,117.18192641799513,46.00925620826515,96.86601834683806,142.87527273367118,41.955158749142214,126.7199261639569,257.6225874617293,447.22984465178064,873.5274949632249
MY_0p5_3.2500_101.2500,101.25,3.25,2001-12-01,2001,12,250.49885050455728,100.0195302109774,124.56315992778377,44.154406491884465,94.01076896459676,138.1651821507554,42.69447767502603,129.15449470490333,264.00731412538755,466.51693155607825,902.3732295054871
MY_0p5_3.2500_101.7500,101.75,3.25,2001-12-01,2001,12,280.225494615087,89.67940640297665,108.9560473496747,57.31814369881989,123.22273380741194,180.54087725110875,42.51891620903259,128.4783430160231,261.7407269325986,458.42058820785235,891.1585858581933
MY_0p5_3.2500_102.2500,102.25,3.25,2001-12-01,2001,12,378.8882480197483,86.64461255754743,120.66023736378503,75.26877765958271,111.5621843126085,186.83096783350382,42.755901542542475,129.2335470048208,263.586483813089,463.37847997271825,898.9544179765004
MY_0p5_3.2500_102.7500,102.75,3.25,2001-12-01,2001,12,475.7865834296504,83.33385180219818,124.71052174628535,184.7036922792845,137.5915033606034,322.29518788977515,42.85613814486733,129.50314065474498,263.9842936841747,463.7736856967588,900.1172365599041
MY_0p5_3.2500_103.2500,103.25,3.25,2001-12-01,2001,12,564.6421812970787,82.50323135922709,124.89951746937507,304.29387577814856,147.77595246653607,452.06982014311257,41.0753223531021,122.99211627575009,250.52296775793022,439.1994239235545,853.789818779265
MY_0p5_3.2500_112.2500,112.25,3.25,2001-12-01,2001,12,279.89658677842885,105.74613121880427,122.53325229220921,79.10027262369793,120.5642033894857,199.66447279188367,42.63622495863173,128.95724114312065,263.34429999457467,463.50889485677084,898.4466417100695
MY_0p5_3.2500_112.7500,112.75,3.25,2001-12-01,2001,12,275.34103221278036,108.07999537068027,126.39034852825228,71.34095920500206,108.3341576623135,179.67511711745968,42.53545063831767,128.68703473200563,262.8742310570889,462.61632200147284,896.7130412117378
MY_0p5_3.2500_113.2500,113.25,3.25,2001-12-01,2001,12,266.56912896866186,109.06148597889377,130.9166189251524,64.21261820648655,102.43688996632893,166.64950711799392,42.5274747357224,128.66812162688285,262.86360746441466,462.7299693714489,896.7891672307794
MY_0p5_3.2500_113.7500,113.75,3.25,2001-12-01,2001,12,262.17857036287825,108.55863795204766,131.20272710890995,65.23510200863792,115.34105910043867,180.57616431826636,42.596285465785435,128.82364986359127,262.9705282544333,462.2857901436942,896.6762736002605
MY_0p5_3.2500_114.2500,114.25,3.25,2001-12-01,2001,12,259.7539844391452,107.56679940679273,129.3651539018959,66.9805968217789,128.22309625224702,195.20369399732846,42.57465279937549,128.64682405313866,262.01514381360096,458.0411536344297,891.2777859633136
MY_0p5_3.2500_114.7500,114.75,3.25,2001-12-01,2001,12,249.3305920157463,109.05146075206198,131.27383471446433,70.55028691868874,129.3598744337726,199.91016149824594,42.63171530073616,128.819951513011,262.4340528743283,459.35389379027555,893.2396084730794
MY_0p5_3.2500_115.2500,115.25,3.25,2001-12-01,2001,12,233.13013424450838,104.48414025125624,117.70067659209045,49.033053373988665,102.15569684475282,151.18875368335577,42.12659905832025,127.2210655453839,258.5490960229801,448.71816108800186,876.6149129746834
MY_0p5_3.2500_115.7500,115.75,3.25,2001-12-01,2001,12,235.50608551368285,101.05830366156076,113.25737942470593,69.12048416994931,119.88871773709073,189.00920087835763,42.40524094828059,128.13365859128115,260.82084330012293,454.7718598440792,886.131576709533
MY_0p5_3.7500_100.7500,100.75,3.75,2001-12-01,2001,12,309.632568359375,107.33582305908203,127.98482513427734,32.217987060546875,62.738040924072266,94.95602416992188,42.5848274230957,128.89488220214844,263.7655944824219,466.861572265625,902.1068725585938
MY_0p5_3.7500_101.2500,101.25,3.75,2001-12-01,2001,12,268.7467511780059,99.98369953933272,129.34509832882188,51.48712689050964,94.28709602973223,145.7742216733667,42.65954860205789,128.98703985615455,263.23912892758267,463.09051829711524,897.9762316459977
MY_0p5_3.7500_101.7500,101.75,3.75,2001-12-01,2001,12,345.37923049926763,87.06871919571215,118.97918382875481,81.33040146311377,119.95518491222602,201.28558646038084,42.65885074882751,128.87662292286092,262.3612978989911,458.57133804612863,892.4680846390452
MY_0p5_3.7500_102.2500,102.25,3.75,2001-12-01,2001,12,541.4416021437872,83.38929298037574,121.96283126104444,137.3444586859809,137.2868980286613,274.6313556005084,42.78947259812128,129.25166684105284,263.125837828621,460.41324559771823,895.5802389477926
MY_0p5_3.7500_102.7500,102.75,3.75,2001-12-01,2001,12,679.9306599934896,83.12350490509517,127.14433031839036,348.0383157397073,175.23204340859067,523.2703522212921,42.92836355784583,129.6562749469091,263.8946505107577,461.8796670580667,898.3589770120286
MY_0p5_3.7500_103.2500,103.25,3.75,2001-12-01,2001,12,728.6214285922716,82.29522805384906,132.89265938553157,518.5824527516085,218.86361101935893,737.4460772346048,42.600416699577785,128.3176161223767,260.9601767147289,456.1443295946309,888.0225571576287
MY_0p5_3.7500_113.2500,113.25,3.75,2001-12-01,2001,12,256.3708271980286,111.33579826354982,131.2206958708216,60.65787743740395,115.6994445050349,176.3573208167905,42.61328375144083,128.91360498647222,263.3247015280802,463.6241600161694,898.4757560354766
MY_0p5_3.7500_113.7500,113.75,3.75,2001-12-01,2001,12,265.3203129110112,112.05128491114056,127.39275281097511,65.61519247505657,134.25905359755828,199.87424229495346,42.75073670569361,129.28735914508118,263.9728827121574,464.7437267118288,900.7547151139638
MY_0p5_3.7500_114.2500,114.25,3.75,2001-12-01,2001,12,285.5530637882147,112.5742945110987,127.28903510684057,69.15735972570994,137.05130867125496,206.2086675734747,42.7767931862483,129.3267828562903,263.89324069552947,464.07748044937375,900.0742774600075
MY_0p5_3.7500_114.7500,114.75,3.75,2001-12-01,2001,12,278.1043247767857,112.9985334366087,131.01872219509548,75.74720875573537,137.9475168137323,213.694725593688,42.80432373531281,129.392065308586,263.9384752061632,463.9290284171937,900.0638983832465
MY_0p5_3.7500_115.2500,115.25,3.75,2001-12-01,2001,12,248.11077609592013,105.75139102027529,117.03176959809802,64.4832769242544,132.09465007479227,196.5779290577722,42.49780835348462,128.3742404271686,261.1277780684214,454.75862533327137,886.7584466843377
MY_0p5_3.7500_115.7500,115.75,3.75,2001-12-01,2001,12,239.75255831711584,100.29384475817783,113.74326450704669,73.73114644880775,130.09460553505434,203.82575714330875,42.498431473327194,128.39688758026782,261.2516180902934,455.21783469220713,887.3647592668053
MY_0p5_4.2500_100.7500,100.75,4.25,2001-12-01,2001,12,241.6495783805847,108.07105468389555,129.08246933294802,48.261378728127,73.68533979143416,121.94671827043807,42.54090409570811,128.72903330277427,263.19944769411677,464.70706699916303,899.1764484016263
MY_0p5_4.2500_101.2500,101.25,4.25,2001-12-01,2001,12,234.5898840852486,95.39081366958133,122.95350634823942,65.41392875477008,105.6369367830313,171.05086531912445,42.454141373846944,128.27340625349885,261.0710198469223,455.37362427924097,887.1721570446235
MY_0p5_4.2500_101.7500,101.75,4.25,2001-12-01,2001,12,427.6051492592724,88.64400840491153,124.66071202579779,95.47247465578513,101.60006938117763,197.07254413446302,42.62054472609451,128.85163801394333,262.7763618249863,461.16975709957813,895.4183008358503
MY_0p5_4.2500_102.2500,102.25,4.25,2001-12-01,2001,12,776.8618907014402,87.55667141070381,125.5024463300126,201.69641196156465,160.8246514073576,362.52105790890835,42.890172062590494,129.55868076897278,263.78632098798175,461.93051810462634,898.1656962141824
MY_0p5_4.2500_102.7500,102.75,4.25,2001-12-01,2001,12,977.5442133618009,83.48523874951017,125.93810272216798,477.24441343659805,241.29717648257116,718.5415771873134,43.08548497242533,130.01775442718701,263.9864069458785,459.36623309676065,896.455890436841
MY_0p5_4.2500_103.2500,103.25,4.25,2001-12-01,2001,12,991.0697228955657,84.50251623811623,135.04261519269244,761.9540868885426,266.7193094180436,1028.673417254192,43.165566979385,130.25785949919697,264.61755775159247,461.3067601433199,899.3477355744365
MY_0p5_4.2500_113.7500,113.75,4.25,2001-12-01,2001,12,309.6299440898593,115.64182223695698,125.5497022664772,61.710475633729175,129.4845807057507,191.19506072998047,42.76131262869205,129.34843286478295,264.22842666338073,465.73995021604145,902.0781215451798
MY_0p5_4.2500_114.2500,114.25,4.25,2001-12-01,2001,12,332.88785415713255,116.08684554523484,125.70012505726464,61.7818400261485,129.88797924969649,191.66981518130507,42.80505988220451,129.48808082374367,264.56571247586874,466.70019307375884,903.5590320719717
MY_0p5_4.2500_114.7500,114.75,4.25,2001-12-01,2001,12,317.381039428711,115.48705373128256,128.83901677449546,80.70014424641927,149.72766540527346,230.42780822753906,42.848058497111005,129.58992970784507,264.59487467447923,465.9690002441407,903.0018538411459
MY_0p5_4.2500_115.2500,115.25,4.25,2001-12-01,2001,12,273.93193080690173,109.86254270871481,118.9761663807763,63.81930222776201,137.67605132526822,201.49535157945422,42.42833646138509,128.22504684660169,260.9716578589546,454.5804003609551,886.2054511176216
MY_0p5_4.2500_115.7500,115.75,4.25,2001-12-01,2001,12,253.06475142139502,102.10013409630729,110.48463406320349,71.36029148425087,128.70045908265197,200.0607547048795,42.33064951492569,127.92990319203525,260.3798340878244,453.4088343733448,884.0492065429689
MY_0p5_4.2500_116.2500,116.25,4.25,2001-12-01,2001,12,258.5283776260004,109.22809577569728,113.86348589455213,93.63507231270395,142.67709922790527,236.31216412055784,42.40097222677092,128.12752998165968,260.8195597951006,454.6077936684214,885.9558581840703
MY_0p5_4.2500_116.7500,116.75,4.25,2001-12-01,2001,12,266.63393644652615,112.69358075974306,113.32229036540657,97.78467764881997,160.47767065853054,258.2623447131559,42.537389369369244,128.56243111494652,261.8924505862198,457.5548168028022,890.5471106733204
MY_0p5_4.2500_117.2500,117.25,4.25,2001-12-01,2001,12,279.90264500980885,115.26553918619074,113.02771283040006,77.59584653061049,159.11145620430463,236.70729807625833,42.6936189094476,129.07592543880497,263.2649050012099,461.8445612814574,896.8790050945452
MY_0p5_4.2500_117.7500,117.75,4.25,2001-12-01,2001,12,280.2049513596755,115.0176741771209,107.03531017466489,44.69143203996186,113.96852385692108,158.6599515605177,41.082611654558754,123.34505237677158,251.79191354604873,442.2327691754724,858.4523458888389
MY_0p5_4.2500_118.2500,118.25,4.25,2001-12-01,2001,12,269.57661964461124,113.81396868075544,97.45941434240646,36.50208813369654,83.41069783982198,119.91278309427251,38.27704987252594,113.17675329317714,231.10036745496618,405.7906587442775,788.344845522741
MY_0p5_4.2500_118.7500,118.75,4.25,2001-12-01,2001,12,263.4756820113571,113.9188091136791,92.4253158569336,42.906314849853516,79.27025604248047,122.17656707763672,36.72431945800781,107.47895812988281,219.46421813964844,385.3563537597656,749.0238647460938
MY_0p5_4.7500_100.2500,100.25,4.75,2001-12-01,2001,12,159.69109768337677,118.5604985555013,,,,,,,,,
MY_0p5_4.7500_100.7500,100.75,4.75,2001-12-01,2001,12,192.10189450059303,108.6573939636676,129.57109764533314,47.79821620724065,67.23812055200095,115.03634057393889,42.12322717371995,127.39237020849212,259.85645697368835,454.9633016198631,884.335361139561
MY_0p5_4.7500_101.2500,101.25,4.75,2001-12-01,2001,12,229.88505962824416,93.14615287175255,114.86022145104788,68.02273294358027,87.88131592765686,155.9040552532862,42.04478304423983,127.01474510071769,258.18062492249504,447.7203505743117,874.9604860336061
MY_0p5_4.7500_101.7500,101.75,4.75,2001-12-01,2001,12,471.00023898956886,89.98755643329923,125.11041184682696,137.88169591994514,108.24853171696742,246.13023192390565,42.41775689503503,128.16927017938525,260.91554313538563,455.2706543937562,886.7731962658111
MY_0p5_4.7500_102.2500,102.25,4.75,2001-12-01,2001,12,856.4904296875,89.44598606654576,122.65200267973401,328.2892479306176,184.74525844029017,513.034490094866,42.751635197230755,129.04810108003164,262.12724376860115,455.8335925874256,889.7605555943081
MY_0p5_4.7500_102.7500,102.75,4.75,2001-12-01,2001,12,1054.0113470964368,86.05387798236433,124.36360703000594,691.5175940641171,268.6925207247399,960.2100956424782,43.125125338317474,130.1250518993207,264.08781481700333,458.95094347911254,896.2889345983031
MY_0p5_4.7500_103.2500,103.25,4.75,2001-12-01,2001,12,1026.7547569817277,87.9981275245325,125.18579816642284,839.65546577707,254.12388678406438,1093.7793567840465,41.57952216454539,124.56154871866714,252.85700059728876,439.4604492187501,858.4585159132844
MY_0p5_4.7500_103.7500,103.75,4.75,2001-12-01,2001,12,1022.4593184621712,90.16541290283203,118.22416548295456,678.4238962941356,186.494743446251,864.9186409293831,37.64959384868671,110.4191821209796,224.4078773399452,390.895436472707,763.3721170796977
MY_0p5_4.7500_113.7500,113.75,4.75,2001-12-01,2001,12,361.9826354980469,118.25780487060547,,,,,,,,,
MY_0p5_4.7500_114.2500,114.25,4.75,2001-12-01,2001,12,361.9826354980469,118.83621379307338,129.69862365722656,78.6783447265625,126.78064727783203,205.458984375,42.702842712402344,129.26817321777344,264.3752136230469,466.7226257324219,903.06884765625
MY_0p5_4.7500_114.7500,114.75,4.75,2001-12-01,2001,12,337.9996501963626,120.58092318298998,133.7426007998887,97.91742977019278,160.00057204051686,257.91799418131507,42.84097839683616,129.59589164487778,264.6563021752142,466.03370190692203,903.1268704322079
MY_0p5_4.7500_115.2500,115.25,4.75,2001-12-01,2001,12,292.4286158879597,118.41511762142179,127.23911690711972,82.5949373046557,138.85510090986887,221.45003318786615,42.29522093137105,127.90210036436716,260.55018059412635,454.2198306719462,884.9673544565834
MY_0p5_4.7500_115.7500,115.75,4.75,2001-12-01,2001,12,263.85277695428755,109.90161735897972,115.4156489538768,54.23721604120164,108.45242689829026,162.6896462092324,42.013670942518445,127.01292608351933,258.6112766810826,450.004548766121,877.6424151708208
MY_0p5_4.7500_116.2500,116.25,4.75,2001-12-01,2001,12,245.81994362482942,109.13137098039897,118.08202512226406,58.71147194514199,113.9870397900778,172.69851287357386,42.25320157247875,127.70063650948659,260.05613267686624,453.5918178013391,883.6018037341888
MY_0p5_4.7500_116.7500,116.75,4.75,2001-12-01,2001,12,246.81438373613958,109.89418828940092,114.55706173860577,70.07499017594735,131.4008910746514,201.47588020034985,42.402733380281475,128.16868996921974,261.10849713675583,456.0922874740408,887.7722212393072
MY_0p5_4.7500_117.2500,117.25,4.75,2001-12-01,2001,12,270.98458581349206,110.05248807876829,109.47052462138828,71.32772296723864,133.42601168193514,204.75372876364088,42.44750071934291,128.32170652359252,261.52492472330727,457.2961212642609,889.5902618892609
MY_0p5_4.7500_117.7500,117.75,4.75,2001-12-01,2001,12,283.5347970890093,110.46717235710045,106.08697768102718,55.93602785279478,112.98571519006656,168.92174336880066,42.365017733996424,128.10695645778992,261.2925432422493,457.63471820686436,889.3992522034464
MY_0p5_4.7500_118.2500,118.25,4.75,2001-12-01,2001,12,288.8198573433574,111.05415739126542,106.90713175097902,59.46159372377637,117.81784674869711,177.2794390347735,42.424868214669544,128.31072442136218,261.85934785622453,459.3654516785589,891.9603835829541
MY_0p5_4.7500_118.7500,118.75,4.75,2001-12-01,2001,12,298.52403471741496,109.551443558705,110.98117297208762,71.8625150752973,126.85016052632392,198.7126700485809,42.51076628286627,128.6168981624555,262.70790892009495,461.80859297740307,895.6441287270076
MY_0p5_5.2500_100.2500,100.25,5.25,2001-12-01,2001,12,148.5134069189171,120.97844863626997,72.96952056884766,4.787164211273193,1.2970882654190063,6.08425235748291,27.37067985534668,73.95594787597656,150.4456787109375,260.5026550292969,512.2749633789062
MY_0p5_5.2500_100.7500,100.75,5.25,2001-12-01,2001,12,188.59409925672745,110.81043798712236,129.66846167904208,40.60702496561511,52.114949523717506,92.72197886719103,40.929987830677256,123.1443583170573,250.38987468851022,434.4418387577452,848.9060725069595
MY_0p5_5.2500_101.2500,101.25,5.25,2001-12-01,2001,12,260.18912542433964,96.94396304175967,120.4990279909164,97.50339968242342,85.61870498657224,183.1221052139524,41.977618347652374,126.76950046599856,257.4804982987661,445.69960530598956,871.9272272987969
MY_0p5_5.2500_101.7500,101.75,5.25,2001-12-01,2001,12,465.50513511706316,91.23653603814971,126.83168267900022,224.35136865506507,110.3301673937755,334.68153041183575,42.23113010187818,127.56195124243479,259.3589109189951,450.778083655485,879.9300756758187
MY_0p5_5.2500_102.2500,102.25,5.25,2001-12-01,2001,12,757.539531732061,96.21013699671265,123.96461234123083,411.71599680906644,151.0966380416967,562.8126299426814,42.21053055441303,127.38291493798518,259.1780224453871,451.5179951661711,880.2894578678594
MY_0p5_5.2500_102.7500,102.75,5.25,2001-12-01,2001,12,885.8831606190834,92.09520527056067,120.26943850759731,666.735464839612,193.04350844561043,859.7789750438626,41.599798907263796,125.02447083036779,254.24070543192198,442.51230717028596,863.377287473517
MY_0p5_5.2500_103.2500,103.25,5.25,2001-12-01,2001,12,832.8014657479746,94.04576684053612,130.04630854222683,862.9472493753805,211.73000910375026,1074.6773039582488,42.679607490440475,128.89662120868633,262.2506018304206,457.22405688793623,891.0508545714539
MY_0p5_5.2500_115.2500,115.25,5.25,2001-12-01,2001,12,290.40681457519537,121.39293953680225,128.95762721827774,68.30622438524591,112.11896039618823,180.42518740794696,42.0948513218614,127.33043107830112,259.6298537957864,453.5571359102844,882.6122706679047
MY_0p5_5.2500_115.7500,115.75,5.25,2001-12-01,2001,12,273.5454558815845,118.09060562713236,122.49725209898867,49.19314096741757,97.06243787862486,146.25558394092624,41.932340615482644,126.81453528969972,258.45551323324946,450.7649239232984,877.967310191009
MY_0p5_5.2500_116.2500,116.25,5.25,2001-12-01,2001,12,240.04985978331746,111.5105133298077,116.13765199878549,64.00144854678383,115.99626912949962,179.99771601037136,42.22917058196249,127.72804938690571,260.5642872098126,456.09899120089375,886.6204924764513
MY_0p5_5.2500_116.7500,116.75,5.25,2001-12-01,2001,12,240.8974685186072,109.80524925038786,112.66661511191838,94.68352213992348,148.48442449448982,243.16794808303254,42.3373944608471,128.02740968631792,261.0192807354504,456.2736419484585,887.6577235354653
MY_0p5_5.2500_117.2500,117.25,5.25,2001-12-01,2001,12,284.1373750232515,109.83666791159011,108.54462362622458,113.5687233576699,153.88297206333704,267.4516887362041,42.47335609557137,128.43048473539804,261.86031949482265,458.19821496388266,890.9623938182044
MY_0p5_5.2500_117.7500,117.75,5.25,2001-12-01,2001,12,312.6489260718936,108.51512250143384,104.10824887714689,126.59537891206287,154.3350587875124,280.93043435717385,42.6497059413365,128.9689481220548,263.08285900297614,461.40467732747396,896.1061998155383
MY_0p5_5.2500_118.2500,118.25,5.25,2001-12-01,2001,12,329.52650065998455,107.51882793645191,104.10087456672814,132.88292366076428,162.2091456127774,295.0920681315622,42.76752002983336,129.3303576426901,263.9223689182549,463.7020785580775,899.7223123927024
MY_0p5_5.2500_118.7500,118.75,5.25,2001-12-01,2001,12,329.35809692382816,105.9974562387618,110.5202513800727,103.91254562801785,142.90367168850366,246.8162112765842,42.64968660142687,129.0505027770996,263.66364161173504,464.043283674452,899.4070790608724
MY_0p5_5.2500_119.2500,119.25,5.25,2001-12-01,2001,12,306.66905525939103,105.53765811011905,113.52506256103516,89.85669708251953,132.59683227539062,222.45352172851562,42.578765869140625,128.87403869628906,263.44989013671875,463.9783935546875,898.8810424804688
MY_0p5_5.7500_100.2500,100.25,5.75,2001-12-01,2001,12,138.97155204979148,123.22245833250852,115.47115416920514,5.462934612134181,0.9427904295265127,6.4057250241620824,33.52559266396619,97.25326090121487,198.21278101369873,345.35604466429544,674.3476864876004
MY_0p5_5.7500_100.7500,100.75,5.75,2001-12-01,2001,12,192.91326676626056,113.81404009622241,127.27398223876953,67.91924454053243,46.74533701260884,114.66458779652913,39.736268564860026,118.87786921183269,241.48614323933919,418.26761220296225,818.3678944905599
MY_0p5_5.7500_101.2500,101.25,5.75,2001-12-01,2001,12,279.3019023504783,102.95032387080157,127.61853967501425,188.80242715670371,107.83869450486553,296.6411236139733,42.09320937930131,127.06976627740335,257.9192937415416,446.2598547747755,873.3421441025622
MY_0p5_5.7500_101.7500,101.75,5.75,2001-12-01,2001,12,453.47169011433925,96.81780563990274,132.59016002019249,389.64659398396816,134.15634457270306,523.8029361724854,42.18360301653544,127.41758724848431,258.96124254862474,449.396080271403,877.9584871927898
MY_0p5_5.7500_102.2500,102.25,5.75,2001-12-01,2001,12,631.2067286173502,101.50611948355649,131.96265213577837,408.84592049852364,101.94883052427761,510.7947398998119,41.09983391553063,123.79159222227153,252.25523129858152,439.56191985775723,856.7085928868765
MY_0p5_5.7500_102.7500,102.75,5.75,2001-12-01,2001,12,757.1863309151786,97.22744673201181,105.96794128417969,380.9849548339844,89.72357177734375,470.7085266113281,35.74103927612305,104.17095184326172,212.20445251464844,369.658935546875,721.775390625
MY_0p5_5.7500_103.2500,103.25,5.75,2001-12-01,2001,12,725.4637451171875,98.15135192871094,,,,,,,,,
MY_0p5_5.7500_115.2500,115.25,5.75,2001-12-01,2001,12,279.9768870035807,120.40852076212566,125.9079360961914,75.79232788085938,120.62267303466797,196.41500854492188,42.33335494995117,128.19004821777344,262.12261962890625,461.13726806640625,893.7833251953125
MY_0p5_5.7500_115.7500,115.75,5.75,2001-12-01,2001,12,259.0476400925338,116.30797104162671,112.8650355747768,66.94540935698011,121.00529458182199,187.95069914318265,41.93559334164574,127.0151357014974,259.5694876534598,454.7277555919829,883.2479817708332
MY_0p5_5.7500_116.2500,116.25,5.75,2001-12-01,2001,12,225.36014835418214,107.39808727446055,102.43144904242621,67.87145167759486,130.60473611014228,198.47618141779822,41.78699097406297,126.54292462061322,258.4120171440972,451.3800602019779,878.121982731895
MY_0p5_5.7500_116.7500,116.75,5.75,2001-12-01,2001,12,233.80642273918028,102.3858173673115,95.25925644163101,93.25269260709248,161.63578118218317,254.88848116435702,42.07142084515284,127.29763895670574,259.6573241218688,453.17069140237476,882.197064112103
MY_0p5_5.7500_117.2500,117.25,5.75,2001-12-01,2001,12,290.7842751873028,106.617327596863,101.2445422873512,128.44547452234696,165.12561049596744,293.57108381493987,42.57691311761032,128.80212587663428,262.91289050947603,461.3480460470784,895.6399830718898
MY_0p5_5.7500_117.7500,117.75,5.75,2001-12-01,2001,12,327.56768052842887,106.77918042379713,106.4661351658354,176.70651111986817,167.25181118753935,343.9583235363033,42.82708595583103,129.5604581896891,264.613868252543,465.81124335167397,902.8126532023387
MY_0p5_5.7500_118.2500,118.25,5.75,2001-12-01,2001,12,349.09095269861353,105.81956265767415,109.74874067518446,226.0143983968099,202.2979413519965,428.31235324435767,42.9992350769043,130.02785251193578,265.3573719618056,466.688910047743,905.0733574761285
MY_0p5_5.7500_118.7500,118.75,5.75,2001-12-01,2001,12,349.28454971313477,105.41410798292894,110.29662322998047,241.45423889160156,218.00650024414062,459.46075439453125,43.07475280761719,130.22860717773438,265.6567687988281,466.9689025878906,905.9290161132812
MY_0p5_6.2500_99.7500,99.75,6.25,2001-12-01,2001,12,100.56768993302889,126.72375622917625,136.30664310898894,4.933803757955862,2.370600406513658,7.304404014764831,39.087684720061546,118.66357492846113,241.74038625317948,415.5932517827943,815.0849055800327
MY_0p5_6.2500_100.2500,100.25,6.25,2001-12-01,2001,12,136.30513569712642,122.26088669896126,135.8808701495735,7.730622167003397,2.7615915639059887,10.492213354305346,38.01056878226144,113.88186564542808,231.97508918606502,402.6598827128507,786.527415746572
MY_0p5_6.2500_100.7500,100.75,6.25,2001-12-01,2001,12,197.63588864830933,115.39791345780422,132.2132557165669,78.18147803641655,48.340598062198595,126.52207946777345,40.66279024691195,122.4735779338822,249.05758549163704,432.1562807532351,844.3502315094112
MY_0p5_6.2500_101.2500,101.25,6.25,2001-12-01,2001,12,255.74658203125003,109.66375122070313,129.0294958261343,148.87084820087142,82.6563231248122,231.52717613807096,41.800454770601725,126.2529062124399,256.52888840895434,444.4268291766827,869.0090660682092
MY_0p5_6.2500_101.7500,101.75,6.25,2001-12-01,2001,12,445.5763994489397,105.89503282819474,137.57573656354631,283.2221997942243,93.89059709821429,377.11278686523434,41.82184143066406,126.47357003348213,257.63692801339283,448.6068193708147,874.5391898018972
MY_0p5_6.2500_102.2500,102.25,6.25,2001-12-01,2001,12,525.0206718444824,105.3387934987138,140.24789428710938,242.8211212158203,71.71819305419922,314.539306640625,41.63772964477539,126.02654266357422,257.1878356933594,448.9348449707031,873.7869873046875
MY_0p5_6.2500_115.7500,115.75,6.25,2001-12-01,2001,12,211.97610473632812,112.96760142933239,115.94862365722656,71.04864501953125,111.53243255615234,182.58106994628906,41.66299057006836,126.39410400390625,258.93365478515625,454.5950622558594,881.5858154296875
MY_0p5_6.2500_116.2500,116.25,6.25,2001-12-01,2001,12,206.60076837372358,107.85899553800884,107.46517450273825,66.80509335354036,121.42736564333742,188.23245595520288,41.75197260180233,126.54220749103025,258.8052702916351,453.1593290488625,880.2587691655767
MY_0p5_6.2500_116.7500,116.75,6.25,2001-12-01,2001,12,225.77927405947733,102.63763994489398,98.31855875651041,91.27485678536551,150.41134071955605,241.6862054249597,42.075880553230405,127.35696401444692,259.9615044487847,454.3643263075087,883.7586635044644
MY_0p5_6.2500_117.2500,117.25,6.25,2001-12-01,2001,12,289.5632099454365,104.2970467703683,104.77338724287729,140.31046796526226,162.6995405893477,303.010007343595,41.98845360165551,126.71756063794335,258.8234826466394,454.38542499845,881.9149185422867
MY_0p5_6.2500_117.7500,117.75,6.25,2001-12-01,2001,12,322.02811257044476,105.14177334308626,112.72395043624074,167.4814263059382,157.92913889745523,325.4105542277732,42.039897628694945,126.80453241359423,259.1582818282278,456.1991268403348,884.2018318399353
MY_0p5_6.2500_118.2500,118.25,6.25,2001-12-01,2001,12,329.978394644601,105.10668781825474,118.71850286211286,201.53817531040735,165.94812066214425,367.4862932477679,42.765458379473,129.43585641043526,264.52796827043807,465.85415322440014,902.5834394182477
MY_0p5_6.7500_100.2500,100.25,6.75,2001-12-01,2001,12,133.918132389293,120.13458459517534,138.71944764081172,9.611370346125435,4.79816665894845,14.409536235472734,39.954548976000616,120.93666474959431,246.0922413994284,424.86466867783486,831.8481324139764
MY_0p5_6.7500_100.7500,100.75,6.75,2001-12-01,2001,12,192.37750696252894,114.5234657570168,134.9599637632017,57.3191163804796,29.793756096451375,87.11286982783565,40.890482584635414,123.59642565691914,251.39650358977144,435.60826619466144,851.4916901765047
MY_0p5_6.7500_116.2500,116.25,6.75,2001-12-01,2001,12,219.75134137033046,106.94384712396665,111.33958174542684,103.81668649068693,154.76440355254385,258.5810900432308,42.4147242104135,128.41915670255338,262.474399473609,461.13050730635484,894.4387862042685
MY_0p5_6.7500_116.7500,116.75,6.75,2001-12-01,2001,12,245.9516083832381,105.51215535402298,106.7169440047072,125.73421004826844,151.33077146507534,277.064985433586,41.086294181733265,123.55334551061095,252.48141974045825,443.36075251281494,860.4818129709117
MY_0p5_6.7500_117.2500,117.25,6.75,2001-12-01,2001,12,291.1596292349008,104.33836208245691,107.23762539213737,155.5794450202874,147.34113176734047,302.9205759774267,40.10477180818541,119.86251702772832,244.96592874442578,430.54099982607676,835.4742164274232
MY_0p5_6.7500_117.7500,117.75,6.75,2001-12-01,2001,12,319.3294067382813,104.2015806833903,115.16564583778381,171.85351276397702,143.02864170074463,314.8821392059326,40.62468218803406,121.68088340759277,248.81702136993408,438.06192684173584,849.184507369995
MY_0p5_7.2500_116.7500,116.75,7.25,2001-12-01,2001,12,291.77826792799584,105.32696393936399,118.04275698454484,129.06053586213486,143.78347738514776,272.8440111243207,40.483347652269444,121.2729509436566,247.95049730383835,436.43920500382137,846.1460114852242
MY_0p5_7.2500_117.2500,117.25,7.25,2001-12-01,2001,12,310.30826108090514,104.52470624769055,119.59534301757812,123.74060717130963,133.94365411055713,257.68425871196547,39.8263482344778,118.9337063438014,243.21029534590872,428.0482421875,830.0186060855264
