grid_id,longitude,latitude,date,year,month,precipitation_mm,PET_mm,actual_evapotranspiration_mm,surface_runoff_mm,subsurface_runoff_mm,total_runoff_mm,soil_moisture_0_10cm_mm,soil_moisture_10_40cm_mm,soil_moisture_40_100cm_mm,soil_moisture_100_200cm_mm,soil_moisture_total_mm
MY_0p5_0.7500_110.2500,110.25,0.75,1988-01-01,1988,1,447.85200148362384,87.7634494488056,121.7829789381761,107.06664487398588,225.63781151404748,332.70447059044477,43.29010901817909,130.66812227689303,265.8202815129207,465.677432016226,905.4559908353366
MY_0p5_0.7500_110.7500,110.75,0.75,1988-01-01,1988,1,428.56404898507253,89.05841958182198,125.74054609026228,93.57312218802315,198.3296652657645,291.902787562779,43.23540731157575,130.5687656947545,265.98329903738835,467.5712336948939,907.3587280273437
MY_0p5_0.7500_111.7500,111.75,0.75,1988-01-01,1988,1,347.2201601058718,88.72157105945406,116.37315429203093,61.81536326332698,112.13028729151165,173.94564795115636,42.80308363172743,129.3909926641555,264.09582955496654,465.24796307276165,901.5378640795511
MY_0p5_1.2500_103.2500,103.25,1.25,1988-01-01,1988,1,297.1517079177412,105.29034890480412,131.51112244345924,58.964262528852984,5.148689931089228,64.11295049840754,37.26894161917947,110.81002963672987,226.0122531544079,391.45844268798834,765.5496534867722
MY_0p5_1.2500_103.7500,103.75,1.25,1988-01-01,1988,1,329.1718376678171,103.79485269194667,120.86346805905833,81.25008807136018,29.56003541390873,110.81012248067023,38.75128510854777,116.24100361055541,237.49060458581422,414.0652806550554,806.5481798486803
MY_0p5_1.2500_104.2500,104.25,1.25,1988-01-01,1988,1,328.2910570417132,103.20351104736328,109.1565170288086,108.0781478881836,58.584571838378906,166.6627197265625,40.6495361328125,123.21661376953125,252.18814086914062,442.69378662109375,858.7481079101562
MY_0p5_1.2500_109.7500,109.75,1.25,1988-01-01,1988,1,469.5277110639825,90.38743076554265,126.46170099097563,189.1632572771555,257.450657304511,446.61390116128575,43.41799122454172,131.06297357398344,266.69249458772595,467.7531756665333,908.9265989740211
MY_0p5_1.2500_110.2500,110.25,1.25,1988-01-01,1988,1,458.0854483939505,88.53136028746381,124.08240314616201,146.36839742181846,244.80687740134456,391.1752788293316,43.36229679299137,130.87892869632677,266.2087050036575,466.29764442002,906.7476125591971
MY_0p5_1.2500_110.7500,110.75,1.25,1988-01-01,1988,1,433.2368916829427,89.41879178001766,128.30336291600784,107.34559190538194,210.055230906653,317.4008272685702,43.27735311114599,130.6849883064391,266.1613690088666,467.6910725911457,907.8148075164308
MY_0p5_1.2500_111.2500,111.25,1.25,1988-01-01,1988,1,379.7270024211262,89.22905706826111,125.302388273489,89.10105191556791,170.11257705444726,259.2136311881458,43.100451277467776,130.20810453274763,265.43747416243383,467.039015992381,905.7850603097546
MY_0p5_1.2500_111.7500,111.75,1.25,1988-01-01,1988,1,350.9068288651724,88.53514704628596,117.79539344424293,62.9644522288489,125.29339115203372,188.25784277537514,42.862806289915056,129.55227104065912,264.33292788550966,465.39985971602187,902.1478688073537
MY_0p5_1.2500_112.2500,112.25,1.25,1988-01-01,1988,1,354.63000255913903,87.73446295104051,117.0577819359484,70.06065140157786,133.21445805893333,203.27510837613022,42.86677729417829,129.54116023494507,264.1769107102137,464.48284710724334,901.06769976156
MY_0p5_1.2500_112.7500,112.75,1.25,1988-01-01,1988,1,359.8427899678548,87.09264564514162,117.37648375829062,67.66129080454508,154.83113288879395,222.492431640625,42.93444649378459,129.6560494105021,263.9300371805827,462.11729621887207,898.6378402709962
MY_0p5_1.2500_113.2500,113.25,1.25,1988-01-01,1988,1,351.1074558423913,86.1167560743249,119.5491610319718,50.366441710098925,153.25764816947606,203.6240900454314,42.91261908489725,129.55584119713825,263.5922453507133,461.0045951511549,897.0653054942254
MY_0p5_1.2500_113.7500,113.75,1.25,1988-01-01,1988,1,325.0967273134174,85.10364578709458,121.99422686027759,34.00454684459802,143.29933796506938,177.30388803193063,42.80101284836278,129.225390809955,262.94073301373106,459.6167045362067,894.5838484330609
MY_0p5_1.2500_114.2500,114.25,1.25,1988-01-01,1988,1,284.6899851571142,83.45503255118311,125.95969330104053,33.724383649572864,133.3832844421927,167.10766790609443,42.72823678075739,129.0197882188105,262.5888563848175,459.09490561696276,893.4317724177267
MY_0p5_1.2500_114.7500,114.75,1.25,1988-01-01,1988,1,244.5157214749244,81.38466029013355,125.54871811405305,30.47520508304719,119.81366409793976,150.28887053458922,42.55097247708228,128.46393708259828,261.2891146752142,455.6140963646673,887.9181321667086
MY_0p5_1.7500_102.7500,102.75,1.75,1988-01-01,1988,1,234.82679976152457,106.80908864901214,131.85532760620117,8.401830315589905,1.2201774325221777,9.622007876634596,37.72739052772522,113.16118454933167,229.25329303741455,392.1737298965454,772.3156089782716
MY_0p5_1.7500_103.2500,103.25,1.75,1988-01-01,1988,1,289.17362593131634,103.12286874778482,138.78907745361332,39.754307193756105,6.026395773887635,45.780702686309816,38.852294807434085,116.71715335845948,237.72872772216797,410.9392729187012,804.237445678711
MY_0p5_1.7500_103.7500,103.75,1.75,1988-01-01,1988,1,320.1826240442976,101.96862602233887,130.60914244832873,78.28234969513325,27.99635865114912,106.2787081078638,39.55732306951209,119.15143109575104,243.67948899088026,425.4998972446103,827.8881420666659
MY_0p5_1.7500_104.2500,104.25,1.75,1988-01-01,1988,1,323.0186689376831,102.33074960708618,125.50614509286807,103.34249493502833,48.55622219115264,151.89871712618094,40.81969268562258,123.79590813688529,253.575731144395,444.9632705570191,863.1546115135963
MY_0p5_1.7500_109.7500,109.75,1.75,1988-01-01,1988,1,464.73993523176324,90.57737035529559,126.79454803466797,195.2504119873047,261.1398620605469,456.3902587890625,43.43260955810547,131.1044158935547,266.7646484375,467.85662841796875,909.1582641601562
MY_0p5_1.7500_110.2500,110.25,1.75,1988-01-01,1988,1,469.83130997218444,89.95721574263139,127.82096711837035,212.07475101246553,273.85798669498877,485.93272277505645,43.47400169576553,131.2111293364336,266.856009906626,467.49404613474474,909.0352012919872
MY_0p5_1.7500_110.7500,110.75,1.75,1988-01-01,1988,1,438.1926186301491,90.30572544444689,133.12640151977538,136.76219825744627,234.73696899414062,371.49917907714837,43.36418209075927,130.9240005493164,266.5210250854492,467.90373382568356,908.7129638671875
MY_0p5_1.7500_111.2500,111.25,1.75,1988-01-01,1988,1,399.55835871620775,90.46323748391771,128.73376266124637,93.90691496383312,179.08984389194222,272.99675307162977,43.125339614513315,130.2959817575854,265.6436652604924,467.43844505132637,906.5034554414971
MY_0p5_1.7500_111.7500,111.75,1.75,1988-01-01,1988,1,379.1002839486809,88.8706496274924,122.65167120438585,76.9408375462399,164.36857295941698,241.30940768084946,43.046956665908226,130.067610921739,265.2067854676065,466.5851267561127,904.9065097857124
MY_0p5_1.7500_112.2500,112.25,1.75,1988-01-01,1988,1,380.94355032784597,87.95171782478454,121.21655673072452,72.5145495217944,165.66348688034785,238.17803330194383,43.01204293871683,129.92703949459016,264.7257713681176,464.77930927579365,902.4441724020337
MY_0p5_1.7500_112.7500,112.75,1.75,1988-01-01,1988,1,376.9558327326699,87.61552385602677,121.74879901219927,71.60516744946676,163.37610638330852,234.9812785799541,43.000782364133805,129.8808637830946,264.56452006990946,464.18500598725814,901.6311618381076
MY_0p5_1.7500_113.2500,113.25,1.75,1988-01-01,1988,1,366.8587630983382,86.92949775816902,123.86516970679872,64.22457398914156,164.4442178877573,228.66879049634179,43.0009897504534,129.85689503503227,264.4298660520523,463.67136898949025,900.9591116768972
MY_0p5_1.7500_113.7500,113.75,1.75,1988-01-01,1988,1,332.7028400723896,85.73684413849361,124.31419571165054,48.337297893705816,160.26040150475882,208.59770173572358,42.90679553803943,129.5663831922743,263.75689387245785,461.76152818467887,897.9916075691344
MY_0p5_1.7500_114.2500,114.25,1.75,1988-01-01,1988,1,279.4959441654265,84.22143113878037,127.17828439379493,44.35969854687887,144.33824835883246,188.6979435027592,42.78864881727431,129.2399719238281,263.19199209061884,460.8159326946924,896.0365259564113
MY_0p5_1.7500_114.7500,114.75,1.75,1988-01-01,1988,1,237.67040564976827,83.01370705718203,127.33693521133975,35.316034366429776,120.94313709476454,156.25917140189847,42.50792504345197,128.43118325663355,261.5540183269916,457.0153511324078,889.5084883141394
MY_0p5_2.2500_101.7500,101.75,2.25,1988-01-01,1988,1,175.5399556786123,109.58713007454921,143.248194684886,7.134263033818717,2.440024062840626,9.574287539780741,39.040192343971945,117.71584597500889,238.7808486476089,410.81338870886594,806.3502838443023
MY_0p5_2.2500_102.2500,102.25,2.25,1988-01-01,1988,1,186.0178121904437,107.04675508344003,133.61538860558323,4.776436950601459,2.6503496335453964,7.426786532242333,38.05555303473221,114.64890227249364,232.46310862856046,399.32827101712024,784.4958385120738
MY_0p5_2.2500_102.7500,102.75,2.25,1988-01-01,1988,1,214.46343192571325,104.6359056641784,137.58358919167821,14.001947671552246,3.0453851315416864,17.047333412532563,38.620881382423114,116.30100600327118,235.82460446900959,404.8882441460332,795.6347341416757
MY_0p5_2.2500_103.2500,103.25,2.25,1988-01-01,1988,1,266.11301269531253,99.7623057774135,144.30256875658793,35.30647199116055,11.50216702052525,46.80864045884874,40.04714478992281,121.00451677110459,246.5072275797526,426.8214986165364,834.3803908575148
MY_0p5_2.2500_103.7500,103.75,2.25,1988-01-01,1988,1,298.96541499768273,99.28811880855237,145.52521481271518,66.7992044222557,20.838226334523345,87.63743154234804,40.46333641440181,122.42909359689486,250.6945481639797,438.28547715009273,851.8724543167373
MY_0p5_2.2500_104.2500,104.25,2.25,1988-01-01,1988,1,304.5675746018325,99.77325228559293,151.2807880748402,91.56265517305737,25.444066512683207,117.00672168574059,41.12681844411803,124.84766551876857,256.1428015842911,449.79460711518595,871.91186977418
MY_0p5_2.2500_104.7500,104.75,2.25,1988-01-01,1988,1,309.6411437988281,97.50254821777344,,,,,,,,,
MY_0p5_2.2500_109.7500,109.75,2.25,1988-01-01,1988,1,432.3410329511089,90.73672239242062,,,,,,,,,
MY_0p5_2.2500_111.2500,111.25,2.25,1988-01-01,1988,1,427.52375888824463,91.45691221952438,125.05187876084271,123.10715260225182,211.54930877685544,334.65644612031826,43.23937146803912,130.6100003859576,266.1477351469152,467.9118589513442,907.9090037626378
MY_0p5_2.2500_111.7500,111.75,2.25,1988-01-01,1988,1,432.6021919371589,90.75457020108662,125.46083691309369,120.30372975667318,212.00273292178198,332.30644860646083,43.242149704221696,130.6142832438151,266.14454994807164,467.87408408513147,907.8751026940724
MY_0p5_2.2500_112.2500,112.25,2.25,1988-01-01,1988,1,433.98176037016367,89.78339405362568,126.11102464463976,108.14416603209479,210.4228768000527,318.5670345245846,43.223513806055465,130.55494738382006,266.0153027731275,467.5436744326637,907.3374476841518
MY_0p5_2.2500_112.7500,112.75,2.25,1988-01-01,1988,1,423.3738589332217,88.6036649915907,126.26376890152218,91.92581937275236,187.55350148034475,279.47931494334387,43.11610693553137,130.2579596141028,265.53848043774804,466.99938528878346,905.9119187127976
MY_0p5_2.2500_113.2500,113.25,2.25,1988-01-01,1988,1,400.0923738994296,87.87140786307201,126.82208276173426,82.32683815123545,170.70544142950152,253.0322719029018,43.026068551199785,130.0040023077102,265.09017169286335,466.29226442367315,904.4124972873266
MY_0p5_2.2500_113.7500,113.75,2.25,1988-01-01,1988,1,348.8437690251991,86.29515587529052,124.74917829489407,63.308157377605205,173.14407763903657,236.45223289200027,42.95186407354814,129.75405231910418,264.3378595279742,463.51956524426436,900.5633436758309
MY_0p5_2.2500_114.2500,114.25,2.25,1988-01-01,1988,1,275.30170791868176,84.93045826261005,125.7405790298704,49.41535860091921,148.27245357452875,197.68781064956906,42.76604700239877,129.22135363382006,263.29884653242806,461.2957179478237,896.5819603329612
MY_0p5_2.2500_114.7500,114.75,2.25,1988-01-01,1988,1,225.8001678959016,83.23280585504348,126.49954649402252,39.14288521428262,123.21408861221806,162.35697558003088,42.47269482766429,128.38814278879474,261.66204578030494,457.6844052222467,890.2072966544861
MY_0p5_2.2500_115.2500,115.25,2.25,1988-01-01,1988,1,199.6858673095703,81.87297058105469,125.85094451904297,30.983461380004883,87.24979400634766,118.23326110839844,41.58926010131836,125.76722717285156,256.2070007324219,445.60296630859375,869.1664428710938
MY_0p5_2.7500_101.2500,101.25,2.75,1988-01-01,1988,1,209.73873901367188,110.43486022949219,156.82289123535156,52.134735107421875,31.75516700744629,83.88990020751953,41.753517150878906,126.42170715332031,258.45562744140625,454.276123046875,880.906982421875
MY_0p5_2.7500_101.7500,101.75,2.75,1988-01-01,1988,1,192.75855362263133,106.58434900457208,131.99634221857244,22.313419231068004,25.109581854560155,47.42300001664595,39.90504437533291,120.58663657448507,244.80542952104045,422.6206093528054,827.917724831321
MY_0p5_2.7500_102.2500,102.25,2.75,1988-01-01,1988,1,187.23773703605505,102.75275622811287,138.9809847303257,9.924723300204914,2.5766136820908567,12.501336984573657,38.609713973513074,116.65106983549276,235.89937460346587,402.26955992097305,793.4297112142964
MY_0p5_2.7500_102.7500,102.75,2.75,1988-01-01,1988,1,203.84861166265947,101.31536080565633,141.82365345049507,18.704994799215584,3.2672809317142155,21.97227635564683,39.47172459469566,119.34165913545633,242.14820982534675,416.17823926708365,817.1398272936856
MY_0p5_2.7500_103.2500,103.25,2.75,1988-01-01,1988,1,245.624764800831,99.22032845855519,141.28490865913926,28.289012064599685,9.024403631307518,37.313416608579594,39.63092213527412,119.47037797672733,243.70822964807988,422.7357284643088,825.5452628166053
MY_0p5_2.7500_103.7500,103.75,2.75,1988-01-01,1988,1,275.8850830078125,99.88031652699345,138.9846429780881,42.53621028425507,11.493830395184355,54.03004112771029,39.23490548902943,117.9246831797235,241.4692139515679,422.04858693768904,820.6773839150705
MY_0p5_2.7500_104.2500,104.25,2.75,1988-01-01,1988,1,292.4730520809398,98.6744197396671,152.98028564453125,86.38423919677734,16.46929931640625,102.8535385131836,41.186737060546875,125.05834197998047,256.6993408203125,451.39215087890625,874.3365478515625
MY_0p5_2.7500_111.2500,111.25,2.75,1988-01-01,1988,1,462.75799181707976,92.30380091173896,127.0308146757238,153.01437871596391,247.75153934254365,400.76591222426464,43.33504205591538,130.87114177030674,266.50823077033544,467.82923530129824,908.5436365464154
MY_0p5_2.7500_111.7500,111.75,2.75,1988-01-01,1988,1,477.05279228335525,91.73057715619196,126.50487021742194,149.69934187264275,251.28157964246026,400.9809094133048,43.356690932964455,130.92365823943038,266.57092574547073,467.8285293579101,908.6798077287344
MY_0p5_2.7500_112.2500,112.25,2.75,1988-01-01,1988,1,479.93407971345925,90.99315382559088,124.84421137491861,136.09072138468423,245.81703033447266,381.9077419026692,43.323985939025874,130.83325373331704,266.4335154215495,467.664958597819,908.2557202148437
MY_0p5_2.7500_112.7500,112.75,2.75,1988-01-01,1988,1,463.57208667223966,89.9542526534841,122.34709196452853,117.10088529466074,215.09038099457945,332.1912617743769,43.2020606632474,130.5018223629722,265.935383857051,467.29917869085,906.9384543503386
MY_0p5_2.7500_113.2500,113.25,2.75,1988-01-01,1988,1,432.18978445870533,89.02340971931578,122.32435184054903,99.94427017938521,187.4907988048735,287.43506779746406,43.06788061232794,130.15220700218563,265.42735808841763,466.8797170487661,905.5271569630455
MY_0p5_2.7500_113.7500,113.75,2.75,1988-01-01,1988,1,369.53118915922323,87.81612131398195,122.10863400113053,69.53042100797033,174.70638095345467,244.23679794019952,42.943802232195615,129.78475072581296,264.62788498021996,464.80245495449964,902.1588846194517
MY_0p5_2.7500_114.2500,114.25,2.75,1988-01-01,1988,1,282.3562858678118,85.65184296233745,121.96960420246364,52.80278600620317,157.17851865744288,209.98130484472347,42.724571010734465,129.10847299310225,263.0473672408092,460.4407774526861,895.3211772290966
MY_0p5_2.7500_114.7500,114.75,2.75,1988-01-01,1988,1,222.01786833356138,85.47076430594086,124.32044292863007,51.797258395298265,134.42961091448547,186.22687088304264,42.51384939205874,128.5027964403675,261.86454248124625,458.04849145974316,890.9296805023388
MY_0p5_2.7500_115.2500,115.25,2.75,1988-01-01,1988,1,192.96639203595686,83.09865941228094,122.32582119778469,24.168227084048155,75.3290734505868,99.49730469299864,41.36571038735879,125.04660377846108,254.47670917682817,441.14048395930104,862.0295157217763
MY_0p5_3.2500_101.2500,101.25,3.25,1988-01-01,1988,1,224.18855794270834,110.69989123511408,169.83051777999225,65.3170943204531,25.79644751641537,91.11354124314126,41.84768541684875,126.66496357008641,258.7591895908697,454.0760112124195,881.347854792376
MY_0p5_3.2500_101.7500,101.75,3.25,1988-01-01,1988,1,224.05685200241376,101.36701408920776,140.03606108647244,32.909638632634646,25.9017614931058,58.81139841504917,40.24365649861136,121.53443072859649,246.2004295883665,422.298066643393,830.2765942227309
MY_0p5_3.2500_102.2500,102.25,3.25,1988-01-01,1988,1,195.88424120706227,100.30176469106523,142.588179960705,22.44133309258355,2.0308284097247653,24.47216196817065,38.929690709189764,117.57697208949499,237.43992246597531,403.3057382734995,797.2523203047496
MY_0p5_3.2500_102.7500,102.75,3.25,1988-01-01,1988,1,193.5248990602131,99.12102112589002,141.89782164368447,16.925934761385374,2.5264549726926826,19.45239083978194,39.224148484724985,118.67948264109936,240.79134822797167,412.94545929341376,811.6404359069052
MY_0p5_3.2500_103.2500,103.25,3.25,1988-01-01,1988,1,224.83481998008702,98.7505094546837,139.78193157581242,20.962232940748383,3.9804047318933837,24.942637254050194,38.709744121042064,116.16636816764111,236.86606346900766,410.1719227147801,801.91410265994
MY_0p5_3.2500_112.2500,112.25,3.25,1988-01-01,1988,1,494.10679321289064,91.50477244059245,124.30960066053603,142.28118828667536,251.55711737738716,393.8382968478733,43.3298452589247,130.85566236707902,266.4844217936198,467.7066894531251,908.3766072591146
MY_0p5_3.2500_112.7500,112.75,3.25,1988-01-01,1988,1,480.23274157124183,91.00160875628072,122.14473868198083,131.03081024670212,215.421811713547,346.45261795794374,43.19262079332695,130.49774207443488,265.9983613061123,467.56963135766205,907.2583518106429
MY_0p5_3.2500_113.2500,113.25,3.25,1988-01-01,1988,1,457.9436993132856,90.93008382696854,124.56483577959465,124.79424780065361,201.29806570573285,326.09230515451145,43.12709882042625,130.3341984604344,265.7828566811301,467.48720330903024,906.7313581524473
MY_0p5_3.2500_113.7500,113.75,3.25,1988-01-01,1988,1,394.555181109716,90.33665790860614,122.45378296867247,92.24114488874163,184.5266134110708,276.76775435190353,43.009831891741065,130.0030051095145,265.1721571180555,466.3091078985305,904.4940910218254
MY_0p5_3.2500_114.2500,114.25,3.25,1988-01-01,1988,1,298.69901193023486,88.68279465596386,122.0671920776367,62.074833620885386,173.1005120247033,235.17534302146566,42.82901058075534,129.41593311091137,263.66507657773934,461.7676922257538,897.677697831658
MY_0p5_3.2500_114.7500,114.75,3.25,1988-01-01,1988,1,226.5047457749677,89.78138922430148,125.98226607984799,67.40344582697391,148.18964279077616,215.59308850233722,42.636307673849124,128.85431836365134,262.5743657008858,459.66782520075515,893.732806551988
MY_0p5_3.2500_115.2500,115.25,3.25,1988-01-01,1988,1,182.96746077718612,86.41758501077,121.4541879967798,19.9080757370478,69.16262658034698,89.07070481022701,41.40243993831586,125.0974277061752,254.31498578228522,440.022090090981,860.8369569416287
MY_0p5_3.2500_115.7500,115.75,3.25,1988-01-01,1988,1,165.2690030215831,83.03048731771747,119.80751963411825,19.85520052106193,63.57277529427175,83.42797911568974,41.28811859816647,124.78699021928765,253.84374297067023,439.6787435124429,859.5976130453388
MY_0p5_3.7500_100.7500,100.75,3.75,1988-01-01,1988,1,180.88076782226562,113.51469421386719,172.3931884765625,48.48984146118164,26.001441955566406,74.49127960205078,42.1668586730957,127.6334228515625,261.0372314453125,460.1672668457031,891.0047607421875
MY_0p5_3.7500_101.2500,101.25,3.75,1988-01-01,1988,1,218.21512251370694,108.88793772478321,176.8607137241796,57.39811396675974,28.03975039238297,85.43786258141971,41.834840928852365,126.47682303518152,257.6933840655972,449.66562857519847,875.6706641731139
MY_0p5_3.7500_101.7500,101.75,3.75,1988-01-01,1988,1,225.77343721950757,96.67853383349767,156.27944241663454,53.931513105987754,24.47225287309878,78.40376560551347,40.77398944052921,123.02282437852995,248.85990696803785,425.7683010222807,838.4250188936853
MY_0p5_3.7500_102.2500,102.25,3.75,1988-01-01,1988,1,198.33301488482763,94.45406583755735,143.07213570731025,22.86077284585862,3.493510722357129,26.354283432733443,39.03366935366675,117.84637882293218,237.92519109816777,403.65584280831473,798.461088828435
MY_0p5_3.7500_102.7500,102.75,3.75,1988-01-01,1988,1,193.468602546813,96.05175543891059,141.31054154653398,10.263572777642143,4.666113430356222,14.929686749170697,39.381016443646146,119.21539977542936,242.17275221082897,415.361870078435,816.1310515873016
MY_0p5_3.7500_103.2500,103.25,3.75,1988-01-01,1988,1,213.7339006401153,96.48671856154483,142.68701088101255,15.31094665153354,7.35356637543323,22.664512888590494,39.65898533241422,119.87160297468597,244.40417624080882,422.55539467007503,826.4901584999235
MY_0p5_3.7500_113.2500,113.25,3.75,1988-01-01,1988,1,469.22964239120483,93.41219711303712,126.62111013443744,121.00980564805329,204.77666460881468,325.7864670049949,43.13228056860753,130.36251831054688,265.85595052750386,467.59640803102593,906.9471435546875
MY_0p5_3.7500_113.7500,113.75,3.75,1988-01-01,1988,1,402.1497664018112,94.24088049994573,121.20805099635447,93.06313274593417,170.99319295049872,264.05633110367364,42.98375119206204,129.96602786165997,265.28026296868677,467.19858755957347,905.4286224463997
MY_0p5_3.7500_114.2500,114.25,3.75,1988-01-01,1988,1,310.23958997327793,93.843779621427,121.67107185484872,81.32577708410838,155.23348679315475,236.55926436166916,42.90512929038396,129.73056475926958,264.80224851578,466.2215740869916,903.6595071459574
MY_0p5_3.7500_114.7500,114.75,3.75,1988-01-01,1988,1,243.10132422068762,94.09795880998884,125.66008899022663,81.78952776590982,129.30472378200955,211.09425719730433,42.64334377712674,128.9443597218347,263.1285386827257,462.294834875682,897.0110655769467
MY_0p5_3.7500_115.2500,115.25,3.75,1988-01-01,1988,1,189.41556076776413,88.5034648834713,119.63933819967599,19.660803676786877,61.84748182750884,81.50828859843905,41.35839089287652,124.9368435572064,253.90177404010106,439.06068948412695,859.2577090308779
MY_0p5_3.7500_115.7500,115.75,3.75,1988-01-01,1988,1,165.97785905796846,83.40799416741022,121.31023083144814,17.909874511279646,59.84134907345119,77.75122481970479,41.26319989540594,124.67422650014754,253.42419576301847,438.2224347231199,857.5840849293221
MY_0p5_4.2500_100.7500,100.75,4.25,1988-01-01,1988,1,174.3032774925232,113.34921492929534,170.67767234335142,33.170835720762916,16.343222446830907,49.51405871644312,41.84387336263852,126.60879606908684,258.60570865553257,453.9953849948184,881.0537722217795
MY_0p5_4.2500_101.2500,101.25,4.25,1988-01-01,1988,1,187.69759700095008,102.11846306673283,163.97630849461646,34.18296274561791,27.06270850843685,61.24567269975213,41.06190091029854,123.96576068659498,251.4307216960154,433.1544090319592,849.6127949125449
MY_0p5_4.2500_101.7500,101.75,4.25,1988-01-01,1988,1,195.62805610997574,95.4769353409545,156.15486032894248,41.98057383698778,8.340161563489385,50.320736181240875,40.106627089527855,120.95790887412174,244.27520810453274,415.6898367884822,821.0295811857279
MY_0p5_4.2500_102.2500,102.25,4.25,1988-01-01,1988,1,195.30371747001672,95.86097329721666,147.35571269562448,21.29314267825776,3.4614498226787336,24.754592292225016,39.48338945528951,119.09877701536915,240.37308441259617,408.1094556327065,807.0647206656851
MY_0p5_4.2500_102.7500,102.75,4.25,1988-01-01,1988,1,201.95224825136222,92.67753413983972,138.61797918331854,11.59894871408013,8.511715433400147,20.11066418544502,39.423678440652836,119.23760405619433,241.80066753800506,413.0914614732099,813.5534251996667
MY_0p5_4.2500_103.2500,103.25,4.25,1988-01-01,1988,1,216.0038054093071,94.8271753929218,139.7011998140023,20.08713964801217,6.94819969001132,27.035339827321547,39.68428333295763,120.1554625242014,244.3852778843471,419.62975414953996,823.8547952366209
MY_0p5_4.2500_113.7500,113.75,4.25,1988-01-01,1988,1,357.38876948280944,98.65816399545382,119.70614005034824,57.30506681046396,126.5596690627764,183.86473486558447,42.790753094655166,129.47625530890699,264.6639173975531,467.19380994112987,904.1247570109817
MY_0p5_4.2500_114.2500,114.25,4.25,1988-01-01,1988,1,317.13330473959695,99.24940611496856,121.74231964464815,53.4617738907862,119.33275185956919,172.79452791545384,42.77641328789554,129.42266992988735,264.5461112357475,467.04621692790033,903.7914110574023
MY_0p5_4.2500_114.7500,114.75,4.25,1988-01-01,1988,1,268.35592976888023,98.67812927246095,126.94920766194663,81.35056935628256,123.67346028645832,205.02403106689454,42.64172019958497,128.9715188598633,263.3424918619792,463.360897623698,898.3166121419271
MY_0p5_4.2500_115.2500,115.25,4.25,1988-01-01,1988,1,208.9074895117018,94.1427444352044,123.90807586246068,25.48775653044383,65.22251951694487,90.71027459038628,41.30110134018793,124.80264027913415,253.7191611395942,438.8615050845676,858.6844223870171
MY_0p5_4.2500_115.7500,115.75,4.25,1988-01-01,1988,1,176.40599727307338,87.67729846501756,120.9636904700328,18.207726714570644,56.178432787879046,74.38615862312965,41.141606954800885,124.32054078700183,252.70718559653073,436.7760649083025,854.9454163632151
MY_0p5_4.2500_116.2500,116.25,4.25,1988-01-01,1988,1,170.91858654487424,94.9973684636558,130.48023535565633,34.925908286397046,73.82391980799233,108.74982894339215,41.66586317667147,125.86704161108992,255.907966241604,443.7562531261909,867.1971387165348
MY_0p5_4.2500_116.7500,116.75,4.25,1988-01-01,1988,1,182.31253642705136,99.80229138501119,131.57470138638007,54.73544223322345,79.98567049765174,134.72111652352217,42.03368646698881,127.03274884527131,258.7015043931201,451.0465126699106,878.8144654731531
MY_0p5_4.2500_117.2500,117.25,4.25,1988-01-01,1988,1,209.43865305132573,104.06074267362074,131.29803925910883,51.813347537960624,61.011908910970774,112.8252594196691,42.16525665215687,127.54580779624197,260.42860993241845,457.1240758305103,887.2637709896122
MY_0p5_4.2500_117.7500,117.75,4.25,1988-01-01,1988,1,199.68345159546945,104.60028989090881,123.09680459438226,23.885152767866085,32.44891799209464,56.334070841471366,40.37949265374078,121.27793359348918,247.723383063944,434.30094948793067,843.6817668686565
MY_0p5_4.2500_118.2500,118.25,4.25,1988-01-01,1988,1,155.1302855196055,104.0787435609695,111.90094489808297,9.75378221159528,18.64003620026218,28.393818509047207,37.53309949644053,110.9492769666538,226.4952312882539,395.9937456458997,770.9713465210739
MY_0p5_4.2500_118.7500,118.75,4.25,1988-01-01,1988,1,126.67721048990886,104.60169304741753,106.60093688964844,9.351800918579102,16.60432243347168,25.95612335205078,36.05088424682617,105.45988464355469,215.28053283691406,376.4154357910156,733.2067260742188
MY_0p5_4.7500_100.2500,100.25,4.75,1988-01-01,1988,1,122.83377753363716,123.45744747585721,,,,,,,,,
MY_0p5_4.7500_100.7500,100.75,4.75,1988-01-01,1988,1,144.6648997128282,113.00665962609061,167.4877525267562,17.332388695662583,24.458493845249578,41.79088265333718,41.21743858151319,124.52008394691032,253.18747072297384,439.0151822470068,857.9401929901867
MY_0p5_4.7500_101.2500,101.25,4.75,1988-01-01,1988,1,151.15751316911084,98.14415452745226,153.62819707961307,23.938274147396996,24.687056889609682,48.6253312489343,40.893268500434026,123.28466031513517,249.14658513144843,425.68888656374,839.0133796812995
MY_0p5_4.7500_101.7500,101.75,4.75,1988-01-01,1988,1,167.1798189005275,94.01818167065818,151.91884644523498,25.045120154486767,5.742006221650138,30.787126038566473,39.88520902603391,120.21326303633433,242.18642471555683,410.0230491032676,812.3079274011037
MY_0p5_4.7500_102.2500,102.25,4.75,1988-01-01,1988,1,190.03113359723773,94.36110411144438,137.78246212913876,25.238511385236468,3.467855448949905,28.706366638910204,38.992024121965684,117.68833196730841,237.24006173270087,400.499742780413,794.4201788039435
MY_0p5_4.7500_102.7500,102.75,4.75,1988-01-01,1988,1,202.09881159302532,91.50160603614368,128.91632864885267,25.973226322489932,4.533174027303221,30.506400904078383,38.60628723338909,116.92525727581824,236.9709577135219,402.560720164305,795.0632190096908
MY_0p5_4.7500_103.2500,103.25,4.75,1988-01-01,1988,1,201.27044930842249,94.80582120525304,120.99776931706391,29.470315123836063,3.8299404758808806,33.30025627868202,36.99240351603041,111.38127733068714,226.48257153500495,385.97309441935977,760.8293414239076
MY_0p5_4.7500_103.7500,103.75,4.75,1988-01-01,1988,1,202.9355597245066,98.245361328125,110.87459197601713,33.0292219186758,1.7911849927592585,34.82040866009601,34.04489294275061,99.98211957262707,203.094352821251,346.0935320172991,683.2149095411424
MY_0p5_4.7500_113.7500,113.75,4.75,1988-01-01,1988,1,301.9764404296875,101.49156188964844,,,,,,,,,
MY_0p5_4.7500_114.2500,114.25,4.75,1988-01-01,1988,1,301.9764404296875,103.12968226841518,127.15796661376953,36.49329376220703,102.42535400390625,138.9186553955078,42.63614273071289,129.07032775878906,264.0624694824219,466.5693054199219,902.3382568359375
MY_0p5_4.7500_114.7500,114.75,4.75,1988-01-01,1988,1,273.00755047541793,107.09661528884726,135.08099045292025,62.731153426631806,130.8671590333344,193.59830745573967,42.66928843016266,129.06926669869372,263.5873547625798,463.98085300896764,899.3067613827287
MY_0p5_4.7500_115.2500,115.25,4.75,1988-01-01,1988,1,216.7518161932627,105.99813775221506,134.36557857195535,39.197534312804535,91.60316538810729,130.80069828033444,41.55877957741419,125.63159092267351,255.6205434004465,443.4787247975666,866.2896432876585
MY_0p5_4.7500_115.7500,115.75,4.75,1988-01-01,1988,1,183.95392717633928,98.90048346141026,123.76157088506791,15.186684163411458,48.844034540085566,64.03071916368272,40.88087241763161,123.57368021162729,251.2456468370226,434.102885703435,849.8031029110863
MY_0p5_4.7500_116.2500,116.25,4.75,1988-01-01,1988,1,166.49234783838662,98.65892593141584,128.4946309165349,21.15884114825536,55.51468275766523,76.67352144756012,41.20703288487025,124.55443568153986,253.40244489397315,439.139460875496,858.3033637152777
MY_0p5_4.7500_116.7500,116.75,4.75,1988-01-01,1988,1,177.06721795963335,100.34630903413024,128.1491006295892,29.225295229803162,73.02401525763015,102.24930908106549,41.590332658985,125.70715013335021,255.866126193276,444.6071776378004,867.7707861405385
MY_0p5_4.7500_117.2500,117.25,4.75,1988-01-01,1988,1,221.7558134048704,101.50714566669765,126.68286922394282,32.496606433202345,73.54305841355097,106.03966689336866,41.8331325712658,126.43303525410002,257.4341823032924,448.2299257308717,873.9302631680927
MY_0p5_4.7500_117.7500,117.75,4.75,1988-01-01,1988,1,207.7324764879444,102.75121811975404,126.81390624710278,30.922262372849858,56.73705585093438,87.65932264207284,41.81647183623495,126.41084890727754,257.5606384277344,449.15653933754453,874.9445022389859
MY_0p5_4.7500_118.2500,118.25,4.75,1988-01-01,1988,1,153.13582377218123,104.74602631228655,127.61215742868397,26.34552191729522,42.36209441908641,68.70761997855489,41.62488176355411,125.90506008282381,256.81056727117027,448.4194849675624,872.7600122192998
MY_0p5_4.7500_118.7500,118.75,4.75,1988-01-01,1988,1,112.71120491510703,105.6868816327445,124.8605128421059,14.799909633926198,24.526197566261775,39.3261093308654,40.289472748961636,122.39517173284217,249.63833676108834,433.1261542597903,845.4491561696499
MY_0p5_5.2500_100.2500,100.25,5.25,1988-01-01,1988,1,90.52548780055405,127.6113147184339,75.86211395263672,0.5055030584335327,0.04341569542884827,0.5489187836647034,25.033510208129883,67.20877075195312,136.41677856445312,231.7755889892578,460.43463134765625
MY_0p5_5.2500_100.7500,100.75,5.25,1988-01-01,1988,1,101.51587541118946,116.96970369846008,159.26492897121386,11.555113747202117,13.703399836674503,25.25851428714292,38.96879641215007,117.0909432597544,236.7947324555496,405.3423351419383,798.196787867053
MY_0p5_5.2500_101.2500,101.25,5.25,1988-01-01,1988,1,118.13750462607732,102.03946944948225,150.6967822846912,18.230728791252012,13.542608683449876,31.773338784111864,39.87966526576451,120.19428209577288,242.3849361359127,411.50970856197296,813.9685994466145
MY_0p5_5.2500_101.7500,101.75,5.25,1988-01-01,1988,1,147.29088891387747,94.08513194284623,142.98848904166255,21.979387960616194,3.3248808583256544,25.304269432262252,38.89036303720657,117.42753047092705,236.78700338958944,399.88951266343435,792.9943956508758
MY_0p5_5.2500_102.2500,102.25,5.25,1988-01-01,1988,1,182.0007400512695,98.56743123728758,131.8759047392827,34.1791761118895,2.170127855744331,36.34930389550082,38.26729825499711,115.69947401885014,234.08926746344113,395.9770785775154,784.033112544163
MY_0p5_5.2500_102.7500,102.75,5.25,1988-01-01,1988,1,191.39609291499136,95.12136903993643,122.08355643062266,50.31532622515145,3.5690161971722616,53.88434203842939,37.25560377735202,112.53589136155983,228.69109341896186,388.9671337063029,767.4497384798728
MY_0p5_5.2500_103.2500,103.25,5.25,1988-01-01,1988,1,176.36541250723377,98.24019021331947,120.17197656012203,56.16085902127354,2.8996303472426033,59.060491487577366,37.33746132293305,114.02697025645864,233.22634560721264,399.15873123763447,783.7494903168121
MY_0p5_5.2500_115.2500,115.25,5.25,1988-01-01,1988,1,203.42373903336068,113.28851970549553,134.44318227298925,28.32606862802975,58.06427245843606,86.39034358790663,40.98722414110528,123.97273567074636,252.36946105957034,437.58253403960686,854.9119662925846
MY_0p5_5.2500_115.7500,115.75,5.25,1988-01-01,1988,1,188.783508351814,111.37877135940745,128.68765465687895,18.153725614386087,41.78767331656763,59.941398452500174,40.626529848777636,122.86290360790188,249.90894289178362,431.9923050185381,845.3906812764831
MY_0p5_5.2500_116.2500,116.25,5.25,1988-01-01,1988,1,169.88051629368263,106.21696790864196,125.8566341641583,19.364679348619678,45.72786653494533,65.09254397621639,41.01950041855438,124.06930225710326,252.69179201729688,438.49721160116076,856.2777916630613
MY_0p5_5.2500_116.7500,116.75,5.25,1988-01-01,1988,1,191.76722432390045,104.90189699583415,126.63739960103095,32.39485622357718,60.686867013762274,93.08172346670415,41.32677696324602,124.93489052977743,254.23119465308852,440.8641688672801,861.3570427230641
MY_0p5_5.2500_117.2500,117.25,5.25,1988-01-01,1988,1,263.6998261466859,104.92764979771206,128.2102049570235,58.91733802916511,71.8967038109189,130.81404159788102,41.75664457290891,126.22319987463574,256.9750790550595,446.95465475415426,871.9095803881447
MY_0p5_5.2500_117.7500,117.75,5.25,1988-01-01,1988,1,247.2299759153336,103.4640367053804,126.9954650152297,55.2730714586046,66.49471505785745,121.76778491792226,41.88344534011114,126.66121574280754,258.24178941514754,450.9179118807354,877.7043602353051
MY_0p5_5.2500_118.2500,118.25,5.25,1988-01-01,1988,1,157.48087352710766,104.18054325565411,127.41734100147416,39.88770699349178,51.928083832856196,91.81579253324277,41.79806959553129,126.52435317312836,258.45113377662216,452.7231134305334,879.4966557010724
MY_0p5_5.2500_118.7500,118.75,5.25,1988-01-01,1988,1,96.81778202056886,105.29332631429037,121.56670739915634,15.284880611631603,21.851231627994114,37.13611279593574,39.51013877656724,120.41525332132977,245.60634697808158,424.4138819376627,829.9456244574653
MY_0p5_5.2500_119.2500,119.25,5.25,1988-01-01,1988,1,71.36677404952376,106.22680925641741,118.43411254882812,3.9833130836486816,8.20444393157959,12.187756538391113,38.37628936767578,117.37471771240234,239.15049743652344,410.0281066894531,804.9296264648438
MY_0p5_5.7500_100.2500,100.25,5.75,1988-01-01,1988,1,55.11236651308902,130.64116661827842,114.14439518079845,0.2788224765740403,0.08942782940394288,0.3682503188968798,27.36362021559969,81.85470602053022,170.8428236935117,317.5652720600093,597.6264346061497
MY_0p5_5.7500_100.7500,100.75,5.75,1988-01-01,1988,1,69.40802327716162,120.56595383901445,143.66677388509115,2.8940623828768737,1.498285693277915,4.392348174055417,35.31429298400879,105.80747032165527,213.9206235249837,366.7285684204101,721.7709560139974
MY_0p5_5.7500_101.2500,101.25,5.75,1988-01-01,1988,1,93.94922664972742,107.89780546173337,143.6999809084915,7.203209540975377,2.4964257713377944,9.69963492370966,37.93811987328717,114.4622185474306,230.49306938591906,388.8980937567283,771.7915195254831
MY_0p5_5.7500_101.7500,101.75,5.75,1988-01-01,1988,1,129.97772862116497,99.10158119201662,132.40399595896406,9.050565650065742,1.5665029481053354,10.61706886490186,37.20583415031434,112.97460600535076,229.12743701934815,389.0407932281495,768.3486597696941
MY_0p5_5.7500_102.2500,102.25,5.75,1988-01-01,1988,1,159.0139990097437,103.72772387969188,126.19692803071405,19.163590069973104,0.7275131676684726,19.891103185788545,36.956780468976056,111.85022694494587,227.53044991541393,387.46857172391225,763.8060134219801
MY_0p5_5.7500_102.7500,102.75,5.75,1988-01-01,1988,1,178.53555140904015,100.19552053062661,103.00269317626953,35.80233383178711,1.0409929752349854,36.843326568603516,32.51527404785156,94.85467529296875,192.86581420898438,329.61102294921875,649.8468017578125
MY_0p5_5.7500_103.2500,103.25,5.75,1988-01-01,1988,1,162.701416015625,102.13299560546875,,,,,,,,,
MY_0p5_5.7500_115.2500,115.25,5.75,1988-01-01,1988,1,194.3437759399414,116.87290674845377,137.67474365234375,17.814960479736328,45.53017807006836,63.34513854980469,41.28407287597656,125.08126068115234,255.81642150878906,447.9986877441406,870.1804809570312
MY_0p5_5.7500_115.7500,115.75,5.75,1988-01-01,1988,1,190.44555401948332,114.67138119563003,131.2990767706008,21.97716696602958,49.91207511538551,71.88924117315383,40.98846537272136,124.0846218290783,253.12942170642674,440.4786391485305,858.6811686197917
MY_0p5_5.7500_116.2500,116.25,5.75,1988-01-01,1988,1,188.13222108871216,108.47074439639138,125.35633995419455,26.725063772050163,55.19478911142501,81.91985199943421,40.97577798025948,123.94410252646794,252.34871259416852,437.29699464828246,854.5655986483135
MY_0p5_5.7500_116.7500,116.75,5.75,1988-01-01,1988,1,221.61348552401105,103.71964571513826,121.01038149879093,54.22120837257022,71.95055050320096,126.17175883944071,41.48395188346741,125.41894945417133,255.24523092602928,442.66450456891744,864.8126395089286
MY_0p5_5.7500_117.2500,117.25,5.75,1988-01-01,1988,1,295.65841164573885,107.97544304880809,126.28601338961147,116.538943004909,88.32522797208479,204.8641709769938,42.04564765424758,127.25152905581503,259.8015391834151,454.7488449529895,883.8475686443342
MY_0p5_5.7500_117.7500,117.75,5.75,1988-01-01,1988,1,281.2273294115824,107.97716701447018,129.41682139659088,102.45752933681412,74.24050671622258,176.69803429930005,42.14407237264134,127.64863082066478,261.1663138370386,459.61825295262685,890.5772700981806
MY_0p5_5.7500_118.2500,118.25,5.75,1988-01-01,1988,1,180.8241193171398,106.12354962031047,130.50908799913196,42.49688235812717,48.654926571316196,91.15180677625868,41.76156392415365,126.53034067789714,258.92567070855034,454.8958738878039,882.113456217448
MY_0p5_5.7500_118.7500,118.75,5.75,1988-01-01,1988,1,99.23732288067158,106.22102077190694,130.5597381591797,21.34755516052246,38.37449645996094,59.722049713134766,41.562015533447266,125.9347915649414,257.6741943359375,452.06475830078125,877.2357788085938
MY_0p5_6.2500_99.7500,99.75,6.25,1988-01-01,1988,1,22.27008546567431,135.14588718788295,127.73072069744731,0.07896735623132352,0.2720013607380002,0.3509687095187431,30.710837785587753,104.95306502941042,217.49613597781158,374.3902623376181,727.5503185183503
MY_0p5_6.2500_100.2500,100.25,6.25,1988-01-01,1988,1,36.48011013120413,130.48433721065524,134.97028148417567,0.18987988923885382,0.25993025838112344,0.44981016613999186,30.253087756098534,95.8486448326889,200.30766881825969,366.78985085000795,693.1992526307397
MY_0p5_6.2500_100.7500,100.75,6.25,1988-01-01,1988,1,53.87816748747955,122.21116493843697,147.49284510078576,2.909035788367154,1.2999722478932856,4.209008194304801,35.52151053292411,108.0585201661099,220.0250919886998,381.95779053677006,745.5629239468963
MY_0p5_6.2500_101.2500,101.25,6.25,1988-01-01,1988,1,68.09425541804386,114.47772334172176,146.52018690842849,4.938368144402137,1.918827478702252,6.857195487389198,37.59275712233323,113.69896251971905,229.73655958909256,389.9884028508114,771.0166926457331
MY_0p5_6.2500_101.7500,101.75,6.25,1988-01-01,1988,1,114.57371019635882,108.0091583251953,130.2235410417829,4.935411643981933,0.7869568771549633,5.722368444715227,36.73312911987304,112.24103807721818,229.21721235002786,393.625647844587,771.8170200892856
MY_0p5_6.2500_102.2500,102.25,6.25,1988-01-01,1988,1,131.68078581492105,108.38159207599918,127.9289321899414,4.3146586418151855,0.08392948657274246,4.398588180541992,37.091461181640625,113.19319915771484,231.32101440429688,396.65106201171875,778.2567138671875
MY_0p5_6.2500_115.7500,115.75,6.25,1988-01-01,1988,1,201.54584260420367,117.92228126525879,147.62632751464844,39.73190689086914,56.1230354309082,95.85494232177734,41.4561767578125,125.42859649658203,255.7328643798828,445.5432434082031,868.160888671875
MY_0p5_6.2500_116.2500,116.25,6.25,1988-01-01,1988,1,224.73617506863775,113.77647018432617,140.0198947721641,52.851969311415885,69.12817310551715,121.9801434420279,41.59818602238457,125.79977201890316,256.2443704479066,445.7033757281198,869.3456945209249
MY_0p5_6.2500_116.7500,116.75,6.25,1988-01-01,1988,1,268.9858554416233,109.41878327869235,130.40898873465403,78.6546176970951,89.7211189148918,168.37573644244483,41.86415744357639,126.609183078342,257.96037897987975,449.18957819862976,875.623279389881
MY_0p5_6.2500_117.2500,117.25,6.25,1988-01-01,1988,1,314.02721916077627,110.98697810097345,128.47195502387152,100.78504534524583,80.76234639485675,181.54739113459507,41.43390469021267,125.14295060899522,255.84481549944195,448.7166100880456,871.1382822188119
MY_0p5_6.2500_117.7500,117.75,6.25,1988-01-01,1988,1,314.5779414176941,111.42948122819264,130.3484380175496,112.0524481165479,75.03414626985962,187.08659523411802,41.36826219614486,124.93646784553749,255.77629812140216,450.06972267195493,872.1507364908855
MY_0p5_6.2500_118.2500,118.25,6.25,1988-01-01,1988,1,291.2201788766044,110.68505505153111,135.31284768240792,120.38691656930106,90.82759652818952,211.2145124162946,42.181805610656745,127.81299563816616,261.6170163835798,460.626227242606,892.2379913330079
MY_0p5_6.7500_100.2500,100.25,6.75,1988-01-01,1988,1,28.617094965542062,128.73146152496335,139.74557427799002,0.19523330958669677,0.4190715880078428,0.6143049288760213,32.18981007968679,104.01456182143268,215.94148635864258,380.55511945836685,732.7009533152861
MY_0p5_6.7500_100.7500,100.75,6.75,1988-01-01,1988,1,41.27876260545519,121.25977212411387,147.88886854383682,1.9033500281748947,0.7863316911238212,2.6896815962261624,35.22252033374928,108.65062967936198,222.36746611418548,386.88280797887734,753.1234108253763
MY_0p5_6.7500_116.2500,116.25,6.75,1988-01-01,1988,1,261.4847480510843,116.57901604231014,141.44038949361664,66.96499987346371,74.59099429991188,141.55599268471323,41.99788442472133,127.13312139743712,259.73364629978084,455.31183531226185,884.1764868759528
MY_0p5_6.7500_116.7500,116.75,6.75,1988-01-01,1988,1,272.78034563472767,115.3239357471466,132.64260707448125,62.72890442256401,66.92274818872747,129.65165071148178,40.58432395844592,122.05904702047114,249.4650777583066,437.3068353102613,849.4152762070004
MY_0p5_6.7500_117.2500,117.25,6.75,1988-01-01,1988,1,297.1865576067541,114.07957761715619,125.05215180658661,57.285191257443046,50.004196791522276,107.28938772826068,39.35455945107789,117.74034743182425,241.0199915117922,423.2834980382329,821.3983978001418
MY_0p5_6.7500_117.7500,117.75,6.75,1988-01-01,1988,1,327.59182315402563,113.34831449720596,126.75253415107727,68.67928266525269,41.54909586906433,110.22838115692139,39.72123718261719,119.18764472007751,244.34996461868286,430.13720703125006,833.3960666656495
MY_0p5_7.2500_116.7500,116.75,7.25,1988-01-01,1988,1,227.5577260415385,116.96138103424556,131.34059129797893,37.11387677400009,28.260197233117147,65.3740737915039,39.31750067005987,117.82006630275562,240.6437952456267,420.17358716881796,817.9549693231997
MY_0p5_7.2500_117.2500,117.25,7.25,1988-01-01,1988,1,225.4534501084336,116.59065617741766,128.45549155787415,36.359856013247835,20.84668926439787,57.206546361822824,38.52050769203588,115.02714594790811,234.65110891241778,408.0451807925575,796.2439530222039
MY_0p5_0.7500_110.2500,110.25,0.75,1988-02-01,1988,2,300.23012061485883,83.88044750507062,124.54270735520583,113.21247306236856,235.7841996413011,348.9966789832482,43.220415555513824,130.49066467285155,265.5514432466947,464.9399141751804,904.2023925781251
MY_0p5_0.7500_110.7500,110.75,0.75,1988-02-01,1988,2,330.71959446498323,86.47144949776785,127.04151371547155,74.3603148324149,180.9051284790039,255.26544363839284,43.04844327654157,130.08197937011718,265.24407435825896,466.33906293596544,904.7135524204799
MY_0p5_0.7500_111.7500,111.75,0.75,1988-02-01,1988,2,338.8894488622272,89.68879251631479,128.5774880061074,57.71460960024879,165.3888629731678,223.10347396608384,43.11785337660047,130.2596127949064,265.5430002363901,467.20833236452137,906.1288258386037
MY_0p5_1.2500_103.2500,103.25,1.25,1988-02-01,1988,2,145.24648144175706,106.41895501590469,120.4175252047452,58.077580538663,32.87947676398538,90.95705379139294,38.742455742575906,115.264537117698,235.94612607088956,415.8380563909358,805.7911779230292
MY_0p5_1.2500_103.7500,103.75,1.25,1988-02-01,1988,2,132.17676766404827,105.06987155062481,110.04723550740957,71.14767996778767,45.873755945742715,117.02143222845874,39.95831513636321,119.872606221912,245.4455646403785,433.0460842095532,838.3225613195921
MY_0p5_1.2500_104.2500,104.25,1.25,1988-02-01,1988,2,115.29960283551897,104.8272933959961,98.18651580810547,86.6073226928711,60.604671478271484,147.2119903564453,41.5538330078125,125.91646575927734,257.90972900390625,455.5458984375,880.9259033203125
MY_0p5_1.2500_109.7500,109.75,1.25,1988-02-01,1988,2,258.4428003150297,85.06051700086479,123.87485237581184,112.05922404829279,202.34669733621988,314.4059209249106,43.2268037451319,130.56524088296547,266.0378969491247,467.5461297092668,907.3760670121894
MY_0p5_1.2500_110.2500,110.25,1.25,1988-02-01,1988,2,302.37637205381657,84.13917597472438,124.48733806241896,131.45926592616962,248.9017600276756,380.3610354979526,43.32229950069001,130.77881407277462,266.0683783453864,465.87336265534515,906.0428141590252
MY_0p5_1.2500_110.7500,110.75,1.25,1988-02-01,1988,2,331.2153532482329,86.45205630347841,126.90906878274585,77.02411083645289,178.62151242210746,255.64562571692088,43.07163751995753,130.151616656591,265.3945123581659,466.76621568467885,905.3839789496524
MY_0p5_1.2500_111.2500,111.25,1.25,1988-02-01,1988,2,331.48537184255196,88.22498409283429,127.2438774962014,60.826863968334266,167.83809678927778,228.6649640848081,43.05301849072734,130.09773746770793,265.310324574431,466.79681298984127,905.2579002502248
MY_0p5_1.2500_111.7500,111.75,1.25,1988-02-01,1988,2,341.0162842765687,89.1876223125155,128.01537867954798,62.25382729182167,172.76500326489645,235.01883152553012,43.150056324307876,130.34346952892486,265.64905511765255,467.2043147011408,906.346910264757
MY_0p5_1.2500_112.2500,112.25,1.25,1988-02-01,1988,2,360.6631672660711,89.35316440175632,128.8009783749653,66.19304283258272,184.30390442204353,250.49694220063645,43.20404410967366,130.48264541238697,265.8195701637849,467.1462815957626,906.6525383189244
MY_0p5_1.2500_112.7500,112.75,1.25,1988-02-01,1988,2,387.28066062927246,90.12140305836996,128.25298404693604,70.71270449956259,208.2580232620239,278.97071647644043,43.288959900538124,130.6593859990438,265.82106844584143,465.8717301686605,905.6411361694336
MY_0p5_1.2500_113.2500,113.25,1.25,1988-02-01,1988,2,394.2174154530401,91.64529505190642,127.51369522758151,75.55396191140879,195.0482379415761,270.602202705715,43.215845987071155,130.42725418754245,265.2678888735564,464.3897506050441,903.3007414444633
MY_0p5_1.2500_113.7500,113.75,1.25,1988-02-01,1988,2,380.26160292191935,92.8832986427076,126.31489383813106,69.28760788657448,175.57164463852394,244.8592510801373,43.12341140978264,130.1418402700713,264.6323584354285,462.914638634884,900.8122692686138
MY_0p5_1.2500_114.2500,114.25,1.25,1988-02-01,1988,2,349.6636730632951,91.86939394790515,128.4031659016567,62.69471848749482,172.16149956357165,234.8562169707982,43.08743664226701,130.03837842012928,264.40102933360413,462.3270579650338,899.8539347690819
MY_0p5_1.2500_114.7500,114.75,1.25,1988-02-01,1988,2,321.7701563681326,90.02655619959677,126.95265542307207,48.49860652800529,154.11727019279235,202.6158663841986,42.93658422654675,129.5777794622606,263.35448824974793,459.58804518176663,895.4569111485634
MY_0p5_1.7500_102.7500,102.75,1.75,1988-02-01,1988,2,142.7221513611177,107.01641672882587,124.39753127098082,19.419303953647614,6.519532933831215,25.938835740089417,39.839611768722534,119.47727274894716,242.2265305519104,416.43878936767584,817.9822120666504
MY_0p5_1.7500_103.2500,103.25,1.75,1988-02-01,1988,2,136.87476932127964,104.56959080051733,130.2352347564697,44.17488327026368,24.150456681251526,68.32533744812012,40.3171035194397,121.13619060516358,247.30857498168945,432.6557983398438,841.4176708984376
MY_0p5_1.7500_103.7500,103.75,1.75,1988-02-01,1988,2,125.35230733171295,103.88384188881403,120.16554723812055,64.6574982389619,36.39536033702802,101.05285668674904,40.4291698842109,121.74694602097138,249.1135587571542,437.8399609915818,849.1296270829213
MY_0p5_1.7500_104.2500,104.25,1.75,1988-02-01,1988,2,114.78600587844848,104.3159059524536,113.6831160552742,76.66320250755133,43.41074131810388,120.07394231751907,41.39998999307322,125.49577361114265,256.93844533521076,452.01781942678053,875.8520100911459
MY_0p5_1.7500_109.7500,109.75,1.75,1988-02-01,1988,2,249.6448174410088,85.17077525826389,123.86800384521484,114.11940002441406,204.1006317138672,318.22003173828125,43.24118423461914,130.60733032226562,266.1219177246094,467.7294006347656,907.6998291015625
MY_0p5_1.7500_110.2500,110.25,1.75,1988-02-01,1988,2,296.44878944654147,84.81748696529505,124.17391992252777,155.79843678193936,260.74059569006937,416.53904634363516,43.462372193361986,131.18348857043262,266.84658095415904,467.5501080681296,909.0425219204336
MY_0p5_1.7500_110.7500,110.75,1.75,1988-02-01,1988,2,329.2964103005149,86.78275888616388,125.91662673950194,78.03648395538329,167.92619400024412,245.96268615722656,43.1073314666748,130.26420288085936,265.67496948242183,467.74845581054683,906.7949645996093
MY_0p5_1.7500_111.2500,111.25,1.75,1988-02-01,1988,2,326.6020822676401,88.30054839603484,126.14108510571857,63.37695814620617,161.61189646166426,224.98886243243552,43.07332932228266,130.1602424089299,265.46730843477474,467.36934005382454,906.0702205214391
MY_0p5_1.7500_111.7500,111.75,1.75,1988-02-01,1988,2,344.04756251467927,88.38721405705319,125.34244419049611,77.93007068392596,185.27599455435058,263.2060662281663,43.19719041751909,130.47963830489144,265.872637205486,467.40120465242404,906.950650758381
MY_0p5_1.7500_112.2500,112.25,1.75,1988-02-01,1988,2,368.91006944444445,88.94565998864552,127.38551156180246,81.4374047173394,196.1919639950707,277.6293653700087,43.252468654087615,130.60692516508556,265.95253867497513,466.97442723834325,906.7863500201513
MY_0p5_1.7500_112.7500,112.75,1.75,1988-02-01,1988,2,383.09969899011037,90.33200320289248,129.12116224500866,72.70529339502728,189.84547128828743,262.55075489831347,43.23304777599517,130.5319024948847,265.7548326280382,466.4896529909164,906.0094497922867
MY_0p5_1.7500_113.2500,113.25,1.75,1988-02-01,1988,2,386.0029836503286,91.70265166267515,129.4665102761889,76.57871469164651,180.899851820204,257.4785645500062,43.18944036090185,130.3949552505735,265.448445250496,465.7623570033482,904.7952055431547
MY_0p5_1.7500_113.7500,113.75,1.75,1988-02-01,1988,2,370.204340374659,92.89327155219185,128.05708693246993,76.71701437329489,179.14962700737846,255.8666384742373,43.15562399001349,130.25065089634487,264.9155423603361,463.74677947513635,902.0686133975074
MY_0p5_1.7500_114.2500,114.25,1.75,1988-02-01,1988,2,339.6011706155444,92.09383578830293,130.0007601298983,63.66051904587519,173.57994452582463,237.24045894562252,43.124388849167595,130.14274882967507,264.6096906389509,462.87398400685146,900.7508457728795
MY_0p5_1.7500_114.7500,114.75,1.75,1988-02-01,1988,2,314.4064781702862,91.30949903893348,128.1242332656149,59.57904418391885,157.38153882594926,216.96058370165258,43.01177897478015,129.78341508776413,263.7567975138136,460.63444368826913,897.1864630348324
MY_0p5_2.2500_101.7500,101.75,2.25,1988-02-01,1988,2,171.09681131382183,107.35919251104798,132.41793622874252,16.567559906930637,7.976484915222785,24.544044822153417,40.98983105746183,123.37417117032138,249.71808200412326,429.70258277353616,843.7846765999842
MY_0p5_2.2500_102.2500,102.25,2.25,1988-02-01,1988,2,146.67894744873047,105.07961156379663,127.72321932851982,18.263898078334385,6.084581710505143,24.348479658793035,40.42230830580424,121.46172712408185,245.07648785604812,417.69987130051027,824.6604182047137
MY_0p5_2.2500_102.7500,102.75,2.25,1988-02-01,1988,2,131.9895340400406,104.0505462115324,130.62249000163018,24.11146392701547,10.427324738683579,34.53878792629966,40.65293780459633,122.45667196829108,248.88429859016514,430.6019083336938,842.5958265473571
MY_0p5_2.2500_103.2500,103.25,2.25,1988-02-01,1988,2,119.94971168154763,101.1252697414822,135.15977749294706,36.35505130101764,25.714462816147577,62.069513254317016,41.02541988312252,124.01843276250928,253.22664194258434,442.1212971036396,860.3917817615327
MY_0p5_2.2500_103.7500,103.75,2.25,1988-02-01,1988,2,107.84343972933492,101.86518425375728,135.31122539972853,52.40394102193541,27.52731078842939,79.93125230174954,40.76911156864489,123.33225405418267,252.34037992833026,441.4010544599113,857.8427887480137
MY_0p5_2.2500_104.2500,104.25,2.25,1988-02-01,1988,2,100.43312699232644,103.27745006530267,139.10494566357826,62.44043801047586,27.06490970643099,89.50534870998918,41.23347640234577,125.15033469712439,256.46338886859985,449.8036935349141,872.6508930300878
MY_0p5_2.2500_104.7500,104.75,2.25,1988-02-01,1988,2,81.5550308227539,103.86186218261719,,,,,,,,,
MY_0p5_2.2500_109.7500,109.75,2.25,1988-02-01,1988,2,206.54706991872482,85.3331035490959,,,,,,,,,
MY_0p5_2.2500_111.2500,111.25,2.25,1988-02-01,1988,2,311.6737003326416,88.45345270633699,120.85762540031881,86.92875312356387,169.61734704410327,256.54610016766713,43.09629962023566,130.24770422542792,265.6734574261833,467.7308053409351,906.748238058651
MY_0p5_2.2500_111.7500,111.75,2.25,1988-02-01,1988,2,338.68485679020955,89.05169619605654,122.27157197982548,97.9703619820731,176.02377764989458,273.9941408187624,43.12690736074296,130.32637871636285,265.76708790612594,467.69493369450646,906.9152870783729
MY_0p5_2.2500_112.2500,112.25,2.25,1988-02-01,1988,2,363.4587327745226,89.74339720710876,126.38653610471695,106.4687273782397,180.9474160330636,287.41614239405067,43.16833837599982,130.41895950559584,265.81971435546876,467.43349541558155,906.840506998698
MY_0p5_2.2500_112.7500,112.75,2.25,1988-02-01,1988,2,371.69907352508056,90.45993126763237,129.40362950885105,83.860862925696,160.8357459658668,244.6966032966735,43.101317560105095,130.2250567723834,265.49539882114954,467.14705771794394,905.9688441685269
MY_0p5_2.2500_113.2500,113.25,2.25,1988-02-01,1988,2,362.31348363482766,91.57235490102617,132.2123142302983,80.75742567758712,154.24650224958148,235.0039217509921,43.08461486574204,130.15835774739585,265.3128582666791,466.71108136858254,905.266923014323
MY_0p5_2.2500_113.7500,113.75,2.25,1988-02-01,1988,2,345.67473100106935,92.15431563461884,131.29785590835766,77.89222724528253,166.3899091406714,244.28213148479225,43.09594786921634,130.09176008007196,264.6838975737367,463.5770957077606,901.448713471618
MY_0p5_2.2500_114.2500,114.25,2.25,1988-02-01,1988,2,323.3829025026352,91.77767551967075,130.3764913891989,62.8039054507301,162.79971841479104,225.603616914295,43.10060426015702,130.06976066468255,264.4740973578559,462.7113082643539,900.3557936895461
MY_0p5_2.2500_114.7500,114.75,2.25,1988-02-01,1988,2,302.7155354161417,91.03592150288245,126.4398493366857,57.57584420481037,137.96597619825795,195.5418216336158,42.90264144405242,129.46602118707474,263.17553130119086,459.7100558373237,895.2542702951741
MY_0p5_2.2500_115.2500,115.25,2.25,1988-02-01,1988,2,278.5220947265625,89.33163452148438,125.14521026611328,48.54771041870117,80.95355224609375,129.5012664794922,42.31394577026367,127.65292358398438,259.1268615722656,450.0513610839844,879.1450805664062
MY_0p5_2.7500_101.2500,101.25,2.75,1988-02-01,1988,2,218.3032989501953,107.09532928466797,133.5469970703125,45.88167190551758,82.58935546875,128.4710235595703,42.5124626159668,128.62669372558594,262.9856262207031,464.6617126464844,898.7864990234375
MY_0p5_2.7500_101.7500,101.75,2.75,1988-02-01,1988,2,191.59454534003072,104.32575489390979,123.44164806019177,36.502985167069866,63.7468478601629,100.24983058582652,41.81364894520152,126.14790965687146,255.80115461869673,443.0676670143821,866.8303992808948
MY_0p5_2.7500_102.2500,102.25,2.75,1988-02-01,1988,2,156.9349373009554,101.08873279838804,135.6282139674873,20.22445075527118,10.472788358190256,30.697239080052466,41.31388386039976,124.503552527944,251.3173943294841,428.9952866864052,846.1301255924686
MY_0p5_2.7500_102.7500,102.75,2.75,1988-02-01,1988,2,131.54954731615283,100.32050523878652,140.91448404819153,36.63718005071713,16.512608383275285,53.14978896515278,41.75642194627206,126.29018971889832,257.41443382939207,449.11197179480445,874.5730096358286
MY_0p5_2.7500_103.2500,103.25,2.75,1988-02-01,1988,2,117.37362816683044,99.91450012109841,135.77031863267254,53.99763260373644,29.62738405215512,83.62501763993767,40.524788352334575,122.21364357820742,249.92862050244761,437.80333831203967,850.4703858976911
MY_0p5_2.7500_103.7500,103.75,2.75,1988-02-01,1988,2,104.60744041774583,102.05906093431555,130.9281015703755,61.514993078697664,29.645734532088177,91.16072676698185,39.51104861140801,118.76602633427915,243.2558836343651,426.3757062639509,827.9086545601418
MY_0p5_2.7500_104.2500,104.25,2.75,1988-02-01,1988,2,93.25969067741843,102.91066966337316,141.79324340820312,62.98591232299805,36.96504592895508,99.95095825195312,41.300052642822266,125.45176696777344,257.5096130371094,453.0733337402344,877.3347778320312
MY_0p5_2.7500_111.2500,111.25,2.75,1988-02-01,1988,2,318.52437428441544,88.88757692534348,122.0190721399644,106.19038009643555,193.64566982493682,299.83604520909927,43.19171490388757,130.5069580078125,266.0274002972771,467.805617388557,907.5316898121553
MY_0p5_2.7500_111.7500,111.75,2.75,1988-02-01,1988,2,346.94568784119645,89.41213329502794,122.33367979115452,120.62700909581677,190.09779377641348,310.7248012937348,43.171436638667664,130.45222354757374,265.94530473906417,467.7138703444908,907.282835335567
MY_0p5_2.7500_112.2500,112.25,2.75,1988-02-01,1988,2,363.1138528751421,90.17435199399537,123.4831926981608,120.22840975443522,180.20239807128905,300.43080444335936,43.122268676757805,130.3135595703125,265.7157027180989,467.4402008056641,906.5917390950519
MY_0p5_2.7500_112.7500,112.75,2.75,1988-02-01,1988,2,362.6846989498863,90.86646118646935,124.57816160177882,85.56372145157825,148.12055930608437,233.68427223495294,42.98508199860778,129.938643829732,265.14831050438215,467.0184612998479,905.090487516379
MY_0p5_2.7500_113.2500,113.25,2.75,1988-02-01,1988,2,346.35004437158983,91.6462393866645,129.91140122186567,84.7790538242885,149.76953125,234.5485826280382,43.04997470189654,130.08300539047,265.27148408435636,466.94868774414056,905.3531377883185
MY_0p5_2.7500_113.7500,113.75,2.75,1988-02-01,1988,2,328.78315666830457,92.56129618359219,132.50458400264668,71.58645012727968,156.06906463234287,227.65550965716128,43.075362539595105,130.06394297605868,264.8056648400179,464.5736488293691,902.5186273854249
MY_0p5_2.7500_114.2500,114.25,2.75,1988-02-01,1988,2,310.36819216571274,92.10304677939114,128.42626112925856,57.223804642882534,150.8270316787913,208.05083185509793,43.007767411726945,129.80173579348792,263.9844221284118,461.7872838853281,898.581214228763
MY_0p5_2.7500_114.7500,114.75,2.75,1988-02-01,1988,2,291.3996396398848,93.34856188828778,125.52330952541082,51.856646057906424,123.07828980950035,174.934936329058,42.7861332377051,129.13935521605669,262.6541495353553,459.1390701585515,893.7187154004529
MY_0p5_2.7500_115.2500,115.25,2.75,1988-02-01,1988,2,272.99906110333967,90.23439452025268,124.07576937288852,38.79969942247545,71.7369401948946,110.53663820833772,42.176232346543316,127.14918263753255,257.6001028799796,445.23505710911104,872.1605796470299
MY_0p5_3.2500_101.2500,101.25,3.25,1988-02-01,1988,2,232.21426222059463,107.75063196323262,144.35295205914093,47.36732257293821,105.65715207942264,153.02447871939216,42.73041605671092,129.2442219062538,264.04619161999176,465.9425671054232,901.9634031303198
MY_0p5_3.2500_101.7500,101.75,3.25,1988-02-01,1988,2,219.8855657613502,99.83830312255084,129.60061694102686,42.33898066259494,93.4516717764982,135.79064907389844,42.21471864250816,127.4235439907973,258.7954939824001,449.6307793878446,878.0645641156824
MY_0p5_3.2500_102.2500,102.25,3.25,1988-02-01,1988,2,177.56588037884424,99.27118011959016,142.10523376464843,33.76106175013951,28.30934893744333,62.07041074964735,41.90456911117311,126.51819583953372,256.8707566034226,444.92936052594865,870.2228936089409
MY_0p5_3.2500_102.7500,102.75,3.25,1988-02-01,1988,2,145.7872032938124,99.29161170766322,144.64628325836566,30.634622791145425,10.536482097227362,41.17110525203656,41.459915535359436,125.28994417794144,254.70329825485808,441.3719182074824,862.8250657093675
MY_0p5_3.2500_103.2500,103.25,3.25,1988-02-01,1988,2,129.620432055346,100.0115320907742,133.99380373877113,44.94496672937847,19.79591835593556,64.7408861042234,39.36378809528164,118.12474219107861,241.10618824912203,420.0078520635052,818.6025678901797
MY_0p5_3.2500_112.2500,112.25,3.25,1988-02-01,1988,2,364.3916836208768,90.48495212131077,122.26288011338976,121.70267656114366,181.4625990125868,303.1652723524306,43.11959974500869,130.30985073513455,265.7236287434896,467.4903313530817,906.6434258355034
MY_0p5_3.2500_112.7500,112.75,3.25,1988-02-01,1988,2,356.21085776052166,91.59042327634751,122.67394350395828,82.47490510784213,139.94253702632716,222.41743156558178,42.933638338182796,129.8049472746302,264.9779728123399,467.0018463134765,904.7184022997246
MY_0p5_3.2500_113.2500,113.25,3.25,1988-02-01,1988,2,335.6374109024392,92.48799087409688,125.61897714210278,94.9149173967766,139.74908909653172,234.66400932543206,42.9651837493434,129.87589142539284,265.0539061806419,467.0825446157744,904.977510394472
MY_0p5_3.2500_113.7500,113.75,3.25,1988-02-01,1988,2,318.705134219215,93.64203886001829,127.5687029641772,75.71385825020927,140.69162214975506,216.40547693646144,42.99882829454209,129.9128174796937,264.8852575877356,466.0959134540861,903.8928183903768
MY_0p5_3.2500_114.2500,114.25,3.25,1988-02-01,1988,2,300.01118634460835,94.24280757053643,125.75459262823603,55.86752344848243,146.2427025084283,202.11022827731574,42.9593196674517,129.6852513210029,263.8871877876816,462.0238708690473,898.5556360718551
MY_0p5_3.2500_114.7500,114.75,3.25,1988-02-01,1988,2,282.0595141368307,96.92948716764998,127.16332614194056,52.75460390224579,123.27825157505694,176.03286164885117,42.765862398086846,129.09335696469446,262.6224976557835,459.2404503306007,893.7221889617339
MY_0p5_3.2500_115.2500,115.25,3.25,1988-02-01,1988,2,265.6220515770248,92.23941858508917,121.67864022073864,38.709603768360765,75.68240902091884,114.39201183560527,42.154872580419614,127.07387033293519,257.3411716509469,444.13397004332717,870.7038695902764
MY_0p5_3.2500_115.7500,115.75,3.25,1988-02-01,1988,2,258.34154793385704,86.77800202101804,120.32046937406733,46.2495990710312,84.11544088299355,130.36503995402475,42.322944855422115,127.65414420138586,258.91706762421,448.6655005980073,877.5596224324087
MY_0p5_3.7500_100.7500,100.75,3.75,1988-02-01,1988,2,246.19447326660156,110.50751495361328,146.5418701171875,65.92647552490234,148.31764221191406,214.24411010742188,43.044490814208984,130.07131958007812,265.2935791015625,467.2442321777344,905.6536254882812
MY_0p5_3.7500_101.2500,101.25,3.75,1988-02-01,1988,2,255.65473062147478,106.82720322593516,151.13285526411434,69.88731164531029,129.94622086707056,199.8335330308834,42.815721493322876,129.37107409628464,263.6924404897351,462.917036136763,898.7962794627958
MY_0p5_3.7500_101.7500,101.75,3.75,1988-02-01,1988,2,244.11599529490752,96.59527361924482,141.6047841454767,54.105483559286526,98.57601151193026,152.6814913901554,42.420007073955176,128.10652396329652,260.5183322201869,453.67092302650406,884.7157824085019
MY_0p5_3.7500_102.2500,102.25,3.75,1988-02-01,1988,2,204.38590829031807,95.63775700160434,143.70322178431917,38.431080833313956,37.03217618730333,75.46325449262348,41.83549563695514,126.25225222148589,255.95797710115943,441.7146838960193,865.7604327489458
MY_0p5_3.7500_102.7500,102.75,3.75,1988-02-01,1988,2,172.26154286218068,98.3522033691406,143.13646618071056,23.272199921380903,5.692320355914887,28.9645204029386,40.687542397635326,122.73580322265624,248.04046127077132,423.7521574474516,835.2159733847965
MY_0p5_3.7500_103.2500,103.25,3.75,1988-02-01,1988,2,152.39663726685058,98.73998524943195,137.5441571403952,25.50094302308326,9.041424680223653,34.54236804737765,39.74485814711627,119.89114215327245,243.43645402496935,418.63450712316177,821.7069587258732
MY_0p5_3.7500_113.2500,113.25,3.75,1988-02-01,1988,2,330.1192765235901,94.02699637413025,120.61378954277664,85.69833511602683,111.60735608710618,197.3056920786373,42.796428055059714,129.4338569015753,264.4608779657082,466.80516977779206,903.4963508981174
MY_0p5_3.7500_113.7500,113.75,3.75,1988-02-01,1988,2,310.1145639130564,95.27921098981584,118.68824834731019,63.55639397827938,113.88856844608837,177.44495947384138,42.833202929944285,129.51573689778644,264.53978721840866,466.8017477387363,903.6904952657261
MY_0p5_3.7500_114.2500,114.25,3.75,1988-02-01,1988,2,287.8751571998718,96.50462871733166,120.82399451846169,51.05123822651212,128.77604127914185,179.82728247264075,42.91725509885758,129.69739932105654,264.6014279320126,465.9649746365017,903.1810461619543
MY_0p5_3.7500_114.7500,114.75,3.75,1988-02-01,1988,2,270.5242026677207,98.62338147844586,125.20870763385106,49.137326449439634,122.96280914791045,172.10013979957216,42.84120662628658,129.4332991342696,263.8624445839534,463.69590502542155,899.8328312949527
MY_0p5_3.7500_115.2500,115.25,3.75,1988-02-01,1988,2,254.8998885866195,93.01878933376734,118.93965926397414,48.30636444091797,94.31569707961309,142.62205694289432,42.36747643607003,127.7786334083194,259.0645166790674,448.3908215719556,877.6014452737476
MY_0p5_3.7500_115.7500,115.75,3.75,1988-02-01,1988,2,250.35222115276528,85.83920469215448,119.6048463231368,48.9028197912861,87.58435569049644,136.4871806412292,42.27993222792371,127.51962077188833,258.51260617482575,447.10634080626124,875.4184991850269
MY_0p5_4.2500_100.7500,100.75,4.25,1988-02-01,1988,2,279.9684463500977,111.61965584942675,148.70081774653224,79.37656720219826,131.45050322863523,210.82707675233183,42.95868262466121,129.79816676548552,264.65554273955684,465.7205428142937,903.1329076650192
MY_0p5_4.2500_101.2500,101.25,4.25,1988-02-01,1988,2,277.6034991242165,101.82381237540277,145.40163256408303,71.06078399366635,99.63321326188982,170.69400408313533,42.36696837358414,127.83017375970346,259.3756558363605,449.68115496787294,879.2539626200487
MY_0p5_4.2500_101.7500,101.75,4.25,1988-02-01,1988,2,261.39458321378,96.75964923407705,148.75217118430825,39.58641435543951,41.053428924121796,80.63983992799021,42.08955670926518,127.10944385955129,258.4625629266611,449.7779964166709,877.4395689552967
MY_0p5_4.2500_102.2500,102.25,4.25,1988-02-01,1988,2,235.9007367996362,98.28237361725147,148.0596284713989,27.22117881653027,19.34094815970229,46.562126671544284,41.54819536056763,125.33099389609438,253.81922771222298,436.84360608963163,857.542008957543
MY_0p5_4.2500_102.7500,102.75,4.25,1988-02-01,1988,2,208.11809457183645,96.87624130734972,142.68851548699058,26.7387303030415,13.449150481801125,40.18788080762147,40.86255049249929,123.14511441273295,248.36208946082243,422.3424306492898,834.7122093249278
MY_0p5_4.2500_103.2500,103.25,4.25,1988-02-01,1988,2,179.5364807490775,98.2246310403538,141.0863233293806,52.14885439191546,21.456236975533624,73.60509304884005,41.02296043688413,123.96543921493904,251.85541340366055,434.5578800427374,851.4016832092499
MY_0p5_4.2500_113.7500,113.75,4.25,1988-02-01,1988,2,285.48777553013394,98.3002016472094,113.71496092598395,43.25070158040749,104.35566106832253,147.60636484398032,42.74489046492667,129.28505721182196,264.2137428139741,466.47193476838896,902.7156458440818
MY_0p5_4.2500_114.2500,114.25,4.25,1988-02-01,1988,2,271.22251004654,98.74418286651259,114.40774827758318,29.825234210629265,97.24589196871607,127.07112321890457,42.72065338664994,129.23183567827735,264.1884368542999,466.720874918934,902.8618263038429
MY_0p5_4.2500_114.7500,114.75,4.25,1988-02-01,1988,2,257.84736094156904,99.83948776245118,121.40764709472654,44.319716186523436,123.69549387613934,168.01520263671878,42.83103037516276,129.4922866821289,264.3341162109375,465.64320882161456,902.300644124349
MY_0p5_4.2500_115.2500,115.25,4.25,1988-02-01,1988,2,241.27922211753,97.25138666894702,121.20120726691351,51.003464844491745,93.68155341678198,144.68501562542386,42.32321002748278,127.73624285062155,259.2112175623576,448.8258516523573,878.0965143839519
MY_0p5_4.2500_115.7500,115.75,4.25,1988-02-01,1988,2,237.35437839314088,88.78919571698724,118.93843644998843,51.92378542625299,83.95407840276171,135.87786878165556,42.20361745802023,127.33284340551346,258.1617394398835,446.0323795641884,873.7305726132153
MY_0p5_4.2500_116.2500,116.25,4.25,1988-02-01,1988,2,247.4074601894472,93.45510613046042,126.89600009453007,55.127619068797046,127.62828824578263,182.7559111525373,42.60668056767161,128.64940210668053,261.54100185487334,455.38634695657873,888.1834329744667
MY_0p5_4.2500_116.7500,116.75,4.25,1988-02-01,1988,2,261.45189397734714,96.60699048345491,125.41405711973336,61.86105556157284,151.73882011457675,213.5998847388119,42.83364724837287,129.41621460666548,263.6588372908576,461.88609005261026,897.7947923957956
MY_0p5_4.2500_117.2500,117.25,4.25,1988-02-01,1988,2,281.3843805093681,99.11129095702046,122.70412519336801,53.03614147152522,138.58194597632487,191.61808351499843,42.83286514957395,129.5024110237054,264.31401804696145,465.0904607182056,901.7397620277067
MY_0p5_4.2500_117.7500,117.75,4.25,1988-02-01,1988,2,288.2266755715395,98.4763539958204,116.29774706587831,33.54848118317433,89.57840451623639,123.12687865689269,41.17860481066581,123.61449432373048,252.31224503476398,443.548338409163,860.6536985218015
MY_0p5_4.2500_118.2500,118.25,4.25,1988-02-01,1988,2,286.17560813859194,97.22648932919864,106.80709352918493,31.40873399965323,61.48063523602335,92.88936755915357,38.39072644179035,113.46420744877712,231.51049367333678,406.48157379733533,789.8470070225419
MY_0p5_4.2500_118.7500,118.75,4.25,1988-02-01,1988,2,277.66640613697194,97.22597334120007,101.82343292236328,38.06117248535156,63.21599578857422,101.27716827392578,36.8692741394043,107.85774230957031,220.09425354003906,386.7340393066406,751.5552978515625
MY_0p5_4.7500_100.2500,100.25,4.75,1988-02-01,1988,2,245.4481336805556,118.07456207275392,,,,,,,,,
MY_0p5_4.7500_100.7500,100.75,4.75,1988-02-01,1988,2,268.6454866313499,111.01374905996948,148.22520967809163,51.658447265625,51.88666089375814,103.54511152438032,42.17962748829911,127.22943403662704,257.9906743367513,447.00220619759904,874.401937345179
MY_0p5_4.7500_101.2500,101.25,4.75,1988-02-01,1988,2,265.11691247972396,98.49822937496124,139.28646433996775,53.628053683326364,60.33773883637928,113.9657929193406,41.96092799353221,126.51306057884578,256.06229708232576,440.46311509874135,864.9994146437872
MY_0p5_4.7500_101.7500,101.75,4.75,1988-02-01,1988,2,255.06723037039407,96.63834010532926,151.59523223392551,46.595328061542816,32.13838313874745,78.73370790027438,41.9199953109499,126.4209373595223,256.0798015291729,441.5031276157925,865.9238393632193
MY_0p5_4.7500_102.2500,102.25,4.75,1988-02-01,1988,2,242.2034775506882,97.86839454287575,145.10281996954058,47.015689886183964,28.468603697277253,75.48429100399926,41.541036987304686,125.24955284481958,253.26587626139323,433.99553048270093,854.0519996279762
MY_0p5_4.7500_102.7500,102.75,4.75,1988-02-01,1988,2,222.69263730383219,96.5150714801375,142.30176310934075,57.77648066866928,38.80378251774295,96.58026451062243,41.61393640603228,125.56243760418738,254.29601584270495,436.9456761840042,858.4180309514329
MY_0p5_4.7500_103.2500,103.25,4.75,1988-02-01,1988,2,198.11371898199144,98.72253862067835,133.47202841558143,57.998267156171636,31.156939010338597,89.15521006566573,39.958161005674704,119.77464221236453,243.05294788543597,418.58520136196245,821.3709491574898
MY_0p5_4.7500_103.7500,103.75,4.75,1988-02-01,1988,2,180.62060868112667,101.10765075683594,118.16744648326528,51.22093398849685,18.720136518602246,69.94107234013545,36.22073820039824,106.28086625136338,216.13664404138345,373.6561929281655,732.2944423130581
MY_0p5_4.7500_113.7500,113.75,4.75,1988-02-01,1988,2,237.64523315429688,101.08185577392578,,,,,,,,,
MY_0p5_4.7500_114.2500,114.25,4.75,1988-02-01,1988,2,237.64523315429688,101.63457652500698,114.1207275390625,24.345304489135742,76.2288818359375,100.57418823242188,42.59119415283203,128.91404724121094,263.83203125,466.8079528808594,902.1452026367188
MY_0p5_4.7500_114.7500,114.75,4.75,1988-02-01,1988,2,234.93363460417714,104.42424544467723,123.0200171521915,40.73849641123125,105.95971687891151,146.6982125723234,42.69372644732076,129.14245974633002,263.8478295110887,465.1867698751471,900.8707642914148
MY_0p5_4.7500_115.2500,115.25,4.75,1988-02-01,1988,2,229.56104691823322,104.78136575222014,130.60793991883594,43.30061108867327,80.1404391725858,123.44104246298471,42.133634587128945,127.23790784676868,258.41793958346045,447.6735429763793,875.4630161921181
MY_0p5_4.7500_115.7500,115.75,4.75,1988-02-01,1988,2,230.18135734437004,96.84680798242962,124.77750072176492,33.68554144965278,52.40105376470656,86.08659583197701,41.852871134924506,126.21248931884766,255.46310337611607,439.25776880657867,862.786214967758
MY_0p5_4.7500_116.2500,116.25,4.75,1988-02-01,1988,2,235.06155686151408,94.79846314929779,127.428208293612,40.70432778010292,72.23868588644359,112.94301363021606,42.185383448525066,127.29267846970329,258.2370260571676,447.0401515415736,874.7552327473957
MY_0p5_4.7500_116.7500,116.75,4.75,1988-02-01,1988,2,257.8290128587167,95.2370635165444,123.90337400798558,49.8471092030972,107.11382412005077,156.96092914629585,42.55001528051835,128.49449761306184,261.3057854567902,455.26965090594706,887.6199738707724
MY_0p5_4.7500_117.2500,117.25,4.75,1988-02-01,1988,2,302.61061537000865,95.39204430958581,120.09794246128627,51.95965300060455,130.45668131510416,182.41633208744108,42.7340093703497,129.09767911396327,262.8536734444755,459.62331891741076,894.308696831597
MY_0p5_4.7500_117.7500,117.75,4.75,1988-02-01,1988,2,321.0992865260643,95.72646923306621,118.70709255073643,47.41141277023508,119.4337061869947,166.8451193314564,42.675781841519516,128.99088741254204,262.98835686792296,461.12926628016214,895.7842780004572
MY_0p5_4.7500_118.2500,118.25,4.75,1988-02-01,1988,2,321.6030403788965,96.65180697033755,119.18278001181446,54.32895282764531,102.0870880050276,156.41604154193823,42.536294294961145,128.57122388676783,262.1131194608296,459.2715182663809,892.492124624588
MY_0p5_4.7500_118.7500,118.75,4.75,1988-02-01,1988,2,310.8824868504005,96.31542080263549,120.29194534881205,51.316486310355266,69.88871900341178,121.2052049274686,41.96591592136817,126.59928865070584,256.5932520612886,444.06330813637265,869.2217430404471
MY_0p5_5.2500_100.2500,100.25,5.25,1988-02-01,1988,2,196.8488620471403,118.985649858596,62.83110427856445,1.2028290033340454,0.002026255475357175,1.20485520362854,24.785863876342773,65.74276733398438,129.57772827148438,213.8959197998047,434.0022888183594
MY_0p5_5.2500_100.7500,100.75,5.25,1988-02-01,1988,2,207.48713898502925,112.22395119485978,147.49460685116122,43.085141632748744,30.515551775782214,73.60069344235563,40.046754398565184,119.81039148089529,239.87076296751528,405.40503613702185,805.1329426381781
MY_0p5_5.2500_101.2500,101.25,5.25,1988-02-01,1988,2,221.22049570234995,102.16691795228019,146.1765976194351,45.265133788093685,36.51288768677484,81.77802166408961,41.35420064774771,124.45197262234159,250.5535923549107,425.7634769500248,842.1232336619543
MY_0p5_5.2500_101.7500,101.75,5.25,1988-02-01,1988,2,226.05698132363096,97.24556166047505,150.20537275569455,47.29216597490251,20.275721199952876,67.56788717865184,41.21812899401234,124.17292464918393,250.42519830594398,426.41737385160616,842.2336303322179
MY_0p5_5.2500_102.2500,102.25,5.25,1988-02-01,1988,2,220.69656833721572,102.50206540344625,143.96745927166785,54.7250105499462,22.13041211389432,76.85542360536613,40.83723495872157,123.04812277046739,248.88913508129724,426.11859480742436,838.8931083922173
MY_0p5_5.2500_102.7500,102.75,5.25,1988-02-01,1988,2,211.18020242200222,99.63019566627065,137.53296697584247,73.05956193956277,46.32335444789822,119.38291918221165,40.43344928288864,121.5052823341499,246.81288617667502,426.81575855319784,835.5673360533633
MY_0p5_5.2500_103.2500,103.25,5.25,1988-02-01,1988,2,201.4624055085359,101.65109927061373,142.83119246247526,81.1316650192459,46.28912648287687,127.4208027232777,41.57191108109115,125.58788606717988,255.46400521018288,443.0685458492924,865.6923075093853
MY_0p5_5.2500_115.2500,115.25,5.25,1988-02-01,1988,2,225.3509639616936,108.3193824521957,137.3683436659516,26.28861927595295,49.09313731897073,75.3817554536413,41.892112857005635,126.43760556080302,256.4736838418929,443.4572003474002,868.2605860975923
MY_0p5_5.2500_115.7500,115.75,5.25,1988-02-01,1988,2,225.6665372816615,105.83904903749878,132.8152958239539,23.723265030424468,44.493287348343145,68.2165512602208,41.77374543012199,125.97868044578422,254.99743181648896,438.7512727381819,861.5011172537075
MY_0p5_5.2500_116.2500,116.25,5.25,1988-02-01,1988,2,223.07644885099387,99.74497350861755,126.13365709328953,35.41585331928881,65.0198616800429,100.43571583228774,42.12568167191518,127.16490986980969,258.202896890761,447.6993846651874,875.1928508130811
MY_0p5_5.2500_116.7500,116.75,5.25,1988-02-01,1988,2,261.2294739348979,97.8044835585582,123.80601202083537,58.689185552959195,109.89679329304755,168.5859759849838,42.535657544679275,128.46567016311838,261.2654963626137,455.14112216611454,887.4079027779494
MY_0p5_5.2500_117.2500,117.25,5.25,1988-02-01,1988,2,349.4320504324777,96.80337524414062,122.29833344959079,99.49732440766834,159.12816166953434,258.62547898065475,42.894712793259394,129.59451192220052,263.9104896182106,461.8858565073165,898.285544937376
MY_0p5_5.2500_117.7500,117.75,5.25,1988-02-01,1988,2,385.34590793185765,95.25839046902125,120.19044886997767,120.60256139361667,178.95893360925098,299.56148449125743,43.02950640481615,129.99595801943823,264.7847469269283,464.09311349051336,901.9033092680431
MY_0p5_5.2500_118.2500,118.25,5.25,1988-02-01,1988,2,378.3549030010517,95.30266216302373,118.54132923199113,129.6775136813996,157.15335010115507,286.83085170672956,42.88833901229178,129.6215804276193,264.26104435039935,463.84384330214965,900.6148007143835
MY_0p5_5.2500_118.7500,118.75,5.25,1988-02-01,1988,2,328.57237579345707,94.85619475349546,119.16846476660832,75.39766756693521,72.85964181688097,148.2573028140598,41.742821004655625,125.76600986056856,253.93907462226016,436.197573767768,857.6454781426323
MY_0p5_5.2500_119.2500,119.25,5.25,1988-02-01,1988,2,238.90332971860283,94.66553577241442,119.64615631103516,47.22445297241211,35.50006103515625,82.7245101928711,41.201560974121094,123.9240493774414,248.91513061523438,422.5379943847656,836.5787353515625
MY_0p5_5.7500_100.2500,100.25,5.75,1988-02-01,1988,2,134.0681397034241,119.52788399361273,82.21333599965506,1.0019185985993901,0.02083834990380554,1.0227569811934725,26.143365107545065,74.02548728732889,144.07065561277057,303.1124698743908,547.3520065447607
MY_0p5_5.7500_100.7500,100.75,5.75,1988-02-01,1988,2,152.5699413965619,114.34306311228917,134.07317042032878,11.3137946220239,0.4711531063790122,11.784947827657065,36.07989130655925,106.6600295003255,209.33255925496417,349.6225257364909,701.6950197347005
MY_0p5_5.7500_101.2500,101.25,5.75,1988-02-01,1988,2,183.8547366284949,107.59025255338413,145.39393928107313,25.209095853520193,3.5528471188282413,28.761943636916754,39.61198495879887,118.86788676104209,236.784061041404,392.04814868836894,787.3120609794078
MY_0p5_5.7500_101.7500,101.75,5.75,1988-02-01,1988,2,198.71260992685953,101.02039410273235,141.68872044881186,31.034160761038468,2.541100368089974,33.57526064713795,39.23581682840984,118.10676752726239,236.10129082997645,391.7548815409343,785.1987571716309
MY_0p5_5.7500_102.2500,102.25,5.75,1988-02-01,1988,2,187.45980502397586,105.32673838199713,133.14552124742707,24.402822083495682,2.592313696263415,26.995134902722906,38.19733789874247,114.8928266069303,230.91567119765364,387.0925917705702,771.0984571052319
MY_0p5_5.7500_102.7500,102.75,5.75,1988-02-01,1988,2,195.47541913713727,103.02642477831793,111.03504180908203,21.25682258605957,3.4678244590759277,24.724647521972656,33.98131561279297,98.64543151855469,199.22378540039062,339.8496398925781,671.7001953125
MY_0p5_5.7500_103.2500,103.25,5.75,1988-02-01,1988,2,197.52764892578125,104.74134826660156,,,,,,,,,
MY_0p5_5.7500_115.2500,115.25,5.75,1988-02-01,1988,2,211.55906219482418,109.46242904663086,138.08993530273438,11.86027717590332,9.375048637390137,21.23532485961914,41.64445495605469,125.76971435546875,255.61676025390625,443.65704345703125,866.68798828125
MY_0p5_5.7500_115.7500,115.75,5.75,1988-02-01,1988,2,206.2734576266236,106.8826073020514,126.46441359747024,11.663137717474074,23.427442859468005,35.0905818939209,41.41407917567661,125.04655274890719,253.75015665690103,437.9532136462984,858.1639997209821
MY_0p5_5.7500_116.2500,116.25,5.75,1988-02-01,1988,2,203.47122880239334,100.5137679084899,118.08741038488965,18.356129894559345,47.200795346214655,65.5569276295011,41.56129672338092,125.4855699085054,254.588230968657,439.09040382021954,860.7254956442212
MY_0p5_5.7500_116.7500,116.75,5.75,1988-02-01,1988,2,264.91712292867993,95.72841031513516,114.19595288473462,75.23059639098153,137.67711070227244,212.90770626976376,42.500565568227614,128.37342710949125,261.0438584100632,454.19978317987346,886.1176314096602
MY_0p5_5.7500_117.2500,117.25,5.75,1988-02-01,1988,2,388.127112451788,98.13207495174949,119.77377401165406,211.60865035192447,242.31618203725722,453.9248241340324,43.23203360620734,130.60617070243185,265.9612687649411,465.91891229190287,905.7183864846215
MY_0p5_5.7500_117.7500,117.75,5.75,1988-02-01,1988,2,437.1360707116505,97.83448127867685,122.87486282451043,266.7411154932624,263.04339845388535,529.7844932607356,43.3843921430959,131.0152671353129,266.6739990439191,467.3457268836514,908.4193760404651
MY_0p5_5.7500_118.2500,118.25,5.75,1988-02-01,1988,2,418.1192923532406,96.28959353764851,123.4813355170356,242.58466701931425,234.23880520290797,476.823462999132,43.311926235622835,130.7919757080078,266.23276828342017,466.71867919921885,907.0553689236112
MY_0p5_5.7500_118.7500,118.75,5.75,1988-02-01,1988,2,355.3196138235239,95.63121054722713,123.20620727539062,232.66757202148438,221.69500732421875,454.3625793457031,43.271671295166016,130.6728973388672,265.99896240234375,466.3117980957031,906.25537109375
MY_0p5_6.2500_99.7500,99.75,6.25,1988-02-01,1988,2,51.60015121160769,124.53712313782934,91.42797887048056,0.20817923927029897,0.008466998288451238,0.21664623742879824,27.605497404586433,95.08106533316679,194.11232207542244,331.36407399732013,648.1629539312319
MY_0p5_6.2500_100.2500,100.25,6.25,1988-02-01,1988,2,84.64158362150192,119.69297361373901,95.91292874083227,0.8082368001037714,0.03344750884084069,0.8416843397276741,27.827484582394966,85.77346147809708,168.77847034687898,341.33026160415335,623.7096921336893
MY_0p5_6.2500_100.7500,100.75,6.25,1988-02-01,1988,2,113.13187169844579,116.25255107511424,129.3474985660273,7.521489131864895,0.3160819365682519,7.8375711397314625,34.75739655071244,104.36983814018575,205.98346760282186,359.70122230559247,704.8119172203035
MY_0p5_6.2500_101.2500,101.25,6.25,1988-02-01,1988,2,131.96646212064306,112.63307659442609,140.64288236177887,11.619708207937386,0.7265043460405791,12.346212387084961,37.63450065025916,113.18309009258563,224.92752333420975,372.6208904559796,748.365996844952
MY_0p5_6.2500_101.7500,101.75,6.25,1988-02-01,1988,2,160.72345406668526,107.72526179722375,133.30453055245533,11.44840782710484,0.23126665247338155,11.67967450278146,37.15701773507254,112.46417454310824,224.29882463727674,371.98226056780135,745.9022931780133
MY_0p5_6.2500_102.2500,102.25,6.25,1988-02-01,1988,2,157.25690746307373,107.95522345566167,128.85939025878906,9.986980438232422,0.009253345429897308,9.996233940124512,37.07415008544922,112.43418884277344,224.73876953125,370.6654052734375,744.9125366210938
MY_0p5_6.2500_115.7500,115.75,6.25,1988-02-01,1988,2,170.45961830832744,107.57626949657093,131.79812622070312,7.924212455749512,20.482887268066406,28.4070987701416,41.248958587646484,124.7650375366211,254.01589965820312,440.3008728027344,860.330810546875
MY_0p5_6.2500_116.2500,116.25,6.25,1988-02-01,1988,2,189.42617523461055,103.93405204906799,125.98095810675936,29.977469973627162,64.37223308411988,94.3497010369658,41.73379603986698,126.18806242417658,256.9187550817817,446.4251816535311,871.265819398317
MY_0p5_6.2500_116.7500,116.75,6.25,1988-02-01,1988,2,268.33461550757994,99.66851523263114,120.02384202745223,110.12172045026509,159.08195306687128,269.20367451016864,42.6328253730895,128.8356905013796,262.33646598694816,458.03885643368676,891.843841843378
MY_0p5_6.2500_117.2500,117.25,6.25,1988-02-01,1988,2,415.23353000217014,100.09144386412605,123.46906718905011,228.85287562779018,229.90519326830668,458.75808134533116,42.65289283631339,128.4718708341084,261.4916775173611,457.7034723191034,890.3199205186631
MY_0p5_6.2500_117.7500,117.75,6.25,1988-02-01,1988,2,471.83191951115924,100.61104194323222,126.77656952261229,267.21903625845215,236.6580514294362,503.8770941126416,42.59573770266527,128.2087941309165,260.9751940275493,457.17715347022346,888.9568816960208
MY_0p5_6.2500_118.2500,118.25,6.25,1988-02-01,1988,2,467.3210438319615,100.66556303841728,129.05218614850727,261.5862977164132,227.1861948285784,488.77247728620256,43.19353934696742,130.50371878487724,265.90413665771484,466.65269470214844,906.2540762765067
MY_0p5_6.7500_100.2500,100.25,6.75,1988-02-01,1988,2,63.71362809573903,119.9233470804551,101.6806993484497,0.6910527316743836,0.03827099733547691,0.7293237202307756,29.017301896039175,94.43820274577422,188.23880779041963,342.28088356466856,653.9751865162569
MY_0p5_6.7500_100.7500,100.75,6.75,1988-02-01,1988,2,82.92604290997541,116.95618890832974,123.92003857647931,4.633606579568651,0.08674380307396252,4.720350572356472,33.05192156191226,101.79561728018302,201.5726250542535,354.7008260091146,691.1209784613716
MY_0p5_6.7500_116.2500,116.25,6.75,1988-02-01,1988,2,206.51555712469695,106.19331484062725,128.24156412264196,66.35711688530155,107.11672527034109,173.4738375035728,42.377327802704606,128.1597081626334,261.43453681759723,458.0678182462367,890.0393989376906
MY_0p5_6.7500_116.7500,116.75,6.75,1988-02-01,1988,2,268.56621364489604,104.5179131925106,123.2600674836532,101.64232349018806,126.06053607925597,227.70286095660666,41.175142205279805,123.62281636475575,251.93227075870803,440.8545104015486,857.5847358552836
MY_0p5_6.7500_117.2500,117.25,6.75,1988-02-01,1988,2,384.1349226470686,102.72766615386702,121.84598102400788,156.90093264959555,153.11226194938726,310.01319925763966,40.33288857789166,120.27946256114319,244.7955719264208,427.8577617543989,833.2656803637478
MY_0p5_6.7500_117.7500,117.75,6.75,1988-02-01,1988,2,483.9225082397461,101.91922971937392,128.84197378158572,204.53046464920044,187.57728958129883,392.1077518463135,41.10443568229675,122.80755090713501,249.8811502456665,437.3312273025513,851.1243667602539
MY_0p5_7.2500_116.7500,116.75,7.25,1988-02-01,1988,2,254.54791211706447,105.91508956182571,123.23258222497029,49.338993636421534,45.60801895805027,94.94701232910155,39.57978124203889,118.29123077392578,240.58422055451766,418.0284078846807,816.4836553158968
MY_0p5_7.2500_117.2500,117.25,7.25,1988-02-01,1988,2,281.98565371401673,105.26913390288482,123.28759749563118,49.17380182366622,39.904309353075526,89.07811094585217,38.83328708849455,115.63812167519019,234.96958072060033,407.23265509354434,796.6736508018092
MY_0p5_0.7500_110.2500,110.25,0.75,1988-03-01,1988,3,400.426690204327,101.82342541034407,134.02101041353666,152.44456493671126,229.7913548396184,382.2359060434195,43.22577702448919,130.46834975022537,265.3040090707633,464.00401658278247,903.0021324744592
MY_0p5_0.7500_110.7500,110.75,0.75,1988-03-01,1988,3,446.56619655064173,101.93597477504186,139.6471755981445,131.83156291416714,200.26934378487724,332.1009068080357,43.16321689060756,130.32644827706474,265.32988455636155,465.4730272565569,904.2925894601004
MY_0p5_0.7500_111.7500,111.75,0.75,1988-03-01,1988,3,483.48040480840774,101.08783528161428,139.2462417360336,90.48548489525206,187.0633101690383,277.54878985692585,43.093396262517054,130.1619684128534,265.1899128262959,465.7763366699219,904.2216157459078
MY_0p5_1.2500_103.2500,103.25,1.25,1988-03-01,1988,3,352.9586827546648,109.64173792866828,144.72350380637428,78.75443788008256,50.33511924743653,129.0895571275191,38.76004877957431,115.1746080571955,235.25028575550428,413.10701335560196,802.291953346946
MY_0p5_1.2500_103.7500,103.75,1.25,1988-03-01,1988,3,370.662529806489,107.26277945805523,131.02149637463026,93.08093402455154,60.98254424159967,154.0634782661512,39.94425045865254,119.70977064706747,244.64305603619917,430.13813233607027,834.4352079224818
MY_0p5_1.2500_104.2500,104.25,1.25,1988-03-01,1988,3,386.4855887276786,106.52331859043665,115.50334167480469,110.7337875366211,73.57010650634766,184.30389404296875,41.512672424316406,125.69316864013672,257.0171813964844,452.4769287109375,876.699951171875
MY_0p5_1.2500_109.7500,109.75,1.25,1988-03-01,1988,3,331.91514421945595,104.49223281676512,134.98805347120907,106.54400781838291,136.59862674575254,243.142627394343,42.844091254544544,129.52523160268024,264.3789694912462,465.6757334513837,902.4240296145521
MY_0p5_1.2500_110.2500,110.25,1.25,1988-03-01,1988,3,391.7434903295804,102.46835766059554,135.333884927757,154.5089914623835,218.4442588776695,372.9532409432312,43.1496716797582,130.28376339945558,265.12183006021513,464.2204330621079,902.7756936798686
MY_0p5_1.2500_110.7500,110.75,1.25,1988-03-01,1988,3,439.6075765942769,102.22474575950986,141.77633269779264,131.039259023515,186.60576050773497,317.6450216626364,43.09526424105204,130.15533849322605,265.13793393089657,465.5972202845981,903.9857695079984
MY_0p5_1.2500_111.2500,111.25,1.25,1988-03-01,1988,3,469.7610600383138,101.5073059374532,141.54515075683597,124.77385887170372,185.0805983375818,309.85445650240877,43.08856193859357,130.1316983158977,265.0718587564584,465.3851919935916,903.6773225339458
MY_0p5_1.2500_111.7500,111.75,1.25,1988-03-01,1988,3,486.1944565545945,100.86189887637184,139.640140109592,101.80906798347594,201.66301618303572,303.4720798068576,43.14088651869032,130.2827397906591,265.33768814329113,465.6993563213046,904.460679796007
MY_0p5_1.2500_112.2500,112.25,1.25,1988-03-01,1988,3,491.67827873423613,100.02056935111884,140.51257897391537,95.52941824821046,193.2141307695263,288.7435437507435,43.1197740390216,130.20165504416838,265.12900152061195,465.2249574612845,903.6753831272803
MY_0p5_1.2500_112.7500,112.75,1.25,1988-03-01,1988,3,514.846840540568,99.26192967096966,142.08433882395425,101.35821882883708,207.05568917592365,308.4138927459716,43.122267802556365,130.16604328155518,264.79390652974445,463.4220167795817,901.5042317708334
MY_0p5_1.2500_113.2500,113.25,1.25,1988-03-01,1988,3,520.0189933445142,98.91767644467559,148.26071445630944,132.9292436019234,211.09165357506794,344.0208936608356,43.19598723701809,130.35543809973674,265.012181024966,463.3949712338655,901.958543860394
MY_0p5_1.2500_113.7500,113.75,1.25,1988-03-01,1988,3,524.9869909575492,98.24104650092846,153.69876352945963,149.56619164437956,207.26739212960908,356.83359296394116,43.25782359730113,130.50503262606532,265.16983379017216,463.4365349971887,902.3692243171461
MY_0p5_1.2500_114.2500,114.25,1.25,1988-03-01,1988,3,534.8355264579301,96.54498108720358,158.646319499058,144.86049726368051,183.00382293431107,327.8643115558455,43.1328685051572,130.09368639920663,264.14366244425815,460.69021633452024,898.0604361475041
MY_0p5_1.2500_114.7500,114.75,1.25,1988-03-01,1988,3,510.8028564453125,94.61427528627456,157.83626088788435,153.64349759009576,176.24853367959298,329.8920297930318,43.03431074080929,129.72142471805697,262.9759058798513,456.8201047835812,892.5517223727319
MY_0p5_1.7500_102.7500,102.75,1.75,1988-03-01,1988,3,337.29121828869563,112.98774293509636,150.53235721588135,47.601500272750854,17.03540986776352,64.6369104385376,40.065589904785156,119.98786401748657,242.96666097640994,418.94335651397705,821.963457107544
MY_0p5_1.7500_103.2500,103.25,1.75,1988-03-01,1988,3,361.1550348348139,109.00909468013809,156.2858684539795,81.12427654266357,42.90670900344849,124.03098403930665,40.54370170593262,121.61399654388427,247.62162292480468,432.14452056884767,841.9238433837891
MY_0p5_1.7500_103.7500,103.75,1.75,1988-03-01,1988,3,376.2270309834541,106.89184159870388,143.7255165969269,106.50200631346885,54.95771585536908,161.459722929363,40.62570794021027,122.13997884339923,249.18905040885832,436.2925472018085,848.2472877985313
MY_0p5_1.7500_104.2500,104.25,1.75,1988-03-01,1988,3,383.14218635559087,106.61678624153136,135.87808192053507,123.48970108623654,61.43493315230968,184.92463577625364,41.63152798201687,125.99985515978909,257.22293895159584,450.81897256540697,875.6733038850533
MY_0p5_1.7500_109.7500,109.75,1.75,1988-03-01,1988,3,326.66681334029795,104.69870939920112,135.12991333007812,105.7471694946289,133.26937866210938,239.01654052734375,42.8316764831543,129.4961700439453,264.3607177734375,465.7885437011719,902.4771118164062
MY_0p5_1.7500_110.2500,110.25,1.75,1988-03-01,1988,3,371.34882243295743,103.68064182936544,137.345425529276,152.709042635831,193.07634755506874,345.7853896197151,42.997544905718634,129.91367140173273,264.759565710384,464.71246582684034,902.3832723852149
MY_0p5_1.7500_110.7500,110.75,1.75,1988-03-01,1988,3,427.8707067316228,102.8809110468084,145.64008712768552,127.1953296661377,155.0851104736328,282.2804443359375,42.94212188720703,129.77278518676758,264.7248901367188,465.96597595214837,903.4057830810547
MY_0p5_1.7500_111.2500,111.25,1.75,1988-03-01,1988,3,454.15802069769956,102.27655007498603,145.8043249795603,138.50184617153434,175.92184391465298,314.4236796534339,43.03432180715162,130.00809638444767,264.99132392351015,465.7503612429597,903.7841263172239
MY_0p5_1.7500_111.7500,111.75,1.75,1988-03-01,1988,3,485.70219933232164,100.90207336522353,141.99421209021457,139.09388332125502,218.48544905457308,357.57933092720896,43.21353002137775,130.48937461949598,265.7090493697154,466.2801838162578,905.6921508402763
MY_0p5_1.7500_112.2500,112.25,1.75,1988-03-01,1988,3,505.02656143430687,100.04216327969989,141.61409631153896,137.70364752875432,218.833210875496,356.5368519616505,43.22087709941562,130.47459324428013,265.51381361219615,465.35834515283983,904.567625015501
MY_0p5_1.7500_112.7500,112.75,1.75,1988-03-01,1988,3,521.1234912690662,99.84046068948413,144.52477615598647,138.83612729027158,218.19714093889507,357.03326241629463,43.21458442324683,130.44522162543402,265.3845075334822,464.8429521833147,903.8872676788816
MY_0p5_1.7500_113.2500,113.25,1.75,1988-03-01,1988,3,533.7878652421255,99.87938983251178,150.8077418251643,156.35255393376423,223.26551286001052,379.6180696033296,43.26848593817817,130.58603026374936,265.5648404560392,464.9102066282242,904.3295423719616
MY_0p5_1.7500_113.7500,113.75,1.75,1988-03-01,1988,3,534.6144659133184,99.30764012412418,156.48472696940104,168.46306869264632,224.57444114079547,393.03751811678444,43.31459707835364,130.67627849276104,265.5133061484685,464.0705750480531,903.5747601221478
MY_0p5_1.7500_114.2500,114.25,1.75,1988-03-01,1988,3,526.059875875806,97.85730292910621,162.03530036078556,149.79391586061507,186.64200618683344,336.4359160892547,43.112875911167684,130.04031943669395,264.0602574908544,460.5385004921565,897.7519620380704
MY_0p5_1.7500_114.7500,114.75,1.75,1988-03-01,1988,3,482.32928672355695,96.91330296017347,161.94109783271435,149.36670293462092,154.08241896555214,303.44912087237896,42.8995980178754,129.3436397097889,262.31591449006237,455.8360349032545,890.3951687985752
MY_0p5_2.2500_101.7500,101.75,2.25,1988-03-01,1988,3,290.13190344608194,114.63160274004696,157.55424776944247,46.76838056005612,31.980067204947424,78.74844514480745,41.118841807047524,123.84560217038549,251.5088231250493,436.5548419374408,853.0281187115294
MY_0p5_2.2500_102.2500,102.25,2.25,1988-03-01,1988,3,307.79597918496745,113.81151296077161,154.5914459958601,43.47847562543513,23.662987074783544,67.14146341205213,40.74057713193756,122.46218937778016,247.91214952970805,427.4036660810406,838.5185882714376
MY_0p5_2.2500_102.7500,102.75,2.25,1988-03-01,1988,3,334.77496753161466,112.3331548956376,157.69642619845231,54.771732161316685,20.647039896325218,75.41877316824997,40.827505992937695,122.77372763428508,248.99515861800953,430.94174329540397,843.5381249536441
MY_0p5_2.2500_103.2500,103.25,2.25,1988-03-01,1988,3,373.14085683671254,107.73601253448969,163.54159105088976,81.58831753200954,34.98125683012463,116.5695745558966,41.37237367175874,124.71751197936042,253.40736093672498,439.9700898670015,859.4673324342758
MY_0p5_2.2500_103.7500,103.75,2.25,1988-03-01,1988,3,387.9585411976959,106.77085829912606,164.03970523123013,123.90436688439318,41.5882717326536,165.49264066017278,41.25839080810546,124.42490668862553,253.15962441654528,439.89979330806403,858.7427142644333
MY_0p5_2.2500_104.2500,104.25,2.25,1988-03-01,1988,3,381.40776868370494,107.48812010230088,168.73849285535573,151.83185192770213,40.487500435064646,192.31935434893143,41.780428610557365,126.41481995385541,257.60978534793065,448.96313955764145,874.7681945296358
MY_0p5_2.2500_104.7500,104.75,2.25,1988-03-01,1988,3,362.3314208984375,108.79349517822266,,,,,,,,,
MY_0p5_2.2500_109.7500,109.75,2.25,1988-03-01,1988,3,307.19641014837447,104.99760117069367,,,,,,,,,
MY_0p5_2.2500_111.2500,111.25,2.25,1988-03-01,1988,3,428.46014821529394,103.0528826415539,143.14965595918542,147.65639608046587,160.0946931278004,307.7510892082663,43.00934180091409,130.00283476885625,265.27271225873153,467.35418431899126,905.6390712962431
MY_0p5_2.2500_111.7500,111.75,2.25,1988-03-01,1988,3,467.0296895345052,102.2775896587069,143.35305873325893,158.24409799727184,172.2901319231306,330.534232390873,43.05835551912822,130.1261012001643,265.4179557679191,467.2858329651848,905.8882442413815
MY_0p5_2.2500_112.2500,112.25,2.25,1988-03-01,1988,3,507.53501984126984,101.60205392988901,143.7009257483104,183.64066404312376,204.07559649755083,387.7162618001302,43.19151564098539,130.45069124736483,265.7364548456101,466.77760368226063,906.1562672448537
MY_0p5_2.2500_112.7500,112.75,2.25,1988-03-01,1988,3,538.0721524677579,100.91585485064793,147.1612383645678,197.08046797495038,224.37983335464716,421.4603015718006,43.29916163853236,130.7126692514571,266.0095249720982,466.5687742203001,906.5901388501363
MY_0p5_2.2500_113.2500,113.25,2.25,1988-03-01,1988,3,557.7858820839533,100.97024165562222,154.61003325931614,199.3584107414125,226.96555694095673,426.32398003472235,43.32347469027081,130.76429041302396,266.03075048053074,466.3967372349331,906.5152529761905
MY_0p5_2.2500_113.7500,113.75,2.25,1988-03-01,1988,3,540.173681911034,100.32614843151237,159.57196344303182,179.60556276538705,219.35502638997914,398.96059330807464,43.25242778922939,130.49741455271277,265.1664054001434,463.33510502682464,902.2513421939899
MY_0p5_2.2500_114.2500,114.25,2.25,1988-03-01,1988,3,492.88042060004335,99.52785409594338,164.6195549374535,153.4041049049014,174.87679961673797,328.28090452163934,43.00415362403506,129.73697548518106,263.5188446529328,459.54114525204614,895.8011104523189
MY_0p5_2.2500_114.7500,114.75,2.25,1988-03-01,1988,3,440.65801194713964,98.05161967123709,163.44881985572079,136.25348336004444,126.09658976524108,262.35007309452186,42.72733125994283,128.85023919382402,261.38326012396044,454.1764594293411,887.137275745023
MY_0p5_2.2500_115.2500,115.25,2.25,1988-03-01,1988,3,372.40496826171875,97.17256164550781,153.81204223632812,56.31189727783203,19.158395767211914,75.47029113769531,40.92821502685547,123.07366180419922,247.51025390625,419.9498291015625,831.4619750976562
MY_0p5_2.7500_101.2500,101.25,2.75,1988-03-01,1988,3,288.1492614746094,114.1678466796875,155.30003356933594,83.47467803955078,74.36385345458984,157.83853149414062,42.17510986328125,127.65345001220703,261.07769775390625,460.33843994140625,891.2446899414062
MY_0p5_2.7500_101.7500,101.75,2.75,1988-03-01,1988,3,300.63958168841424,112.36144334272902,143.03080039284447,69.83511746493252,62.070165918523614,131.90528736461292,41.64482123635032,125.82307378595527,256.2045342462713,447.13525257457377,870.8076975319601
MY_0p5_2.7500_102.2500,102.25,2.75,1988-03-01,1988,3,319.37293121921033,111.11590921195446,163.4675748788627,52.97287529137484,34.17383560860992,87.1467137913795,41.59685863810739,125.51126582151765,254.57539153858355,440.2618787243108,861.9454042471139
MY_0p5_2.7500_102.7500,102.75,2.75,1988-03-01,1988,3,351.5924252860154,110.60995126072365,168.95521439178077,80.81420275531237,38.72372043585476,119.53792593750774,41.85996200464949,126.47364966477018,257.5007465217687,449.45282600499405,875.2872067222112
MY_0p5_2.7500_103.2500,103.25,2.75,1988-03-01,1988,3,397.47619531716515,108.05759063040374,167.13000706958164,108.56996113479518,49.794940602247884,158.36490259352763,40.896205622679105,122.95879281402392,250.02258592350466,434.61896723850515,848.4965645370968
MY_0p5_2.7500_103.7500,103.75,2.75,1988-03-01,1988,3,410.90184909986414,108.18070433243462,162.2612061390679,130.66242991504583,43.184495266681445,173.84693135204404,40.00192204488588,119.8241438623947,243.7860361969416,423.60537325951356,827.2174676991829
MY_0p5_2.7500_104.2500,104.25,2.75,1988-03-01,1988,3,388.1457223331227,108.0364875793457,171.6605224609375,162.10040283203125,37.25273132324219,199.35313415527344,41.75099563598633,126.37227630615234,257.69903564453125,449.614013671875,875.4363403320312
MY_0p5_2.7500_111.2500,111.25,2.75,1988-03-01,1988,3,424.8444497996363,103.85472975106076,144.73468960032744,173.4447905596565,153.18087230009192,326.6256534352022,42.93799411549288,129.82363981359146,265.00922618192783,466.9582241282743,904.7290936638327
MY_0p5_2.7500_111.7500,111.75,2.75,1988-03-01,1988,3,463.77006017966346,103.13950563649662,143.700950359476,174.1152940947434,155.2558214911099,329.37111098190826,42.95901622443363,129.87172179386533,265.0591097864611,466.95238139711574,904.8422322766534
MY_0p5_2.7500_112.2500,112.25,2.75,1988-03-01,1988,3,500.97329885748366,102.6240305598778,143.6469077046712,175.63723571777342,175.9621124267578,351.59934010823565,43.05653717041015,130.10102076212564,265.2651466878255,466.58062113444004,905.0033371988932
MY_0p5_2.7500_112.7500,112.75,2.75,1988-03-01,1988,3,530.712305962285,102.31613564793068,146.08346977716758,170.63106812102885,186.29504384873786,356.92610467838335,43.12289592887782,130.24498883983756,265.344158896917,466.1682220652133,904.880269690405
MY_0p5_2.7500_113.2500,113.25,2.75,1988-03-01,1988,3,550.3644285171752,102.35439915732732,153.43384040953617,187.33126666356642,187.85253814212857,375.1838085356213,43.146684471009266,130.30397319490947,265.42313474624876,466.2505022321428,905.1242733909969
MY_0p5_2.7500_113.7500,113.75,2.75,1988-03-01,1988,3,525.3719266660653,102.17966757610345,159.28153564064365,172.50805868160953,174.9774847820306,347.4855382639891,43.04161465395787,129.9426353114426,264.401073091349,462.97855294585986,900.3638838263834
MY_0p5_2.7500_114.2500,114.25,2.75,1988-03-01,1988,3,465.4584887540793,100.77391940732547,164.77820461611205,151.63474602035328,154.99436945854862,306.6291138854208,42.92019194590894,129.50225477580784,263.09445441523684,458.84322946282884,894.3601466311684
MY_0p5_2.7500_114.7500,114.75,2.75,1988-03-01,1988,3,408.4337848250274,101.52567699456671,166.65847088273162,116.5614796049276,110.36854292632668,226.93002251303116,42.68179594635205,128.7299659631814,261.2335192443459,454.3568453454667,887.0021096004801
MY_0p5_2.7500_115.2500,115.25,2.75,1988-03-01,1988,3,361.1780106828019,98.48829101012632,155.02289876851947,48.064205478977506,21.68150755736205,69.74571248647328,41.108590787595446,123.63320077432168,248.71509407662055,422.35007318720085,835.8069870407516
MY_0p5_3.2500_101.2500,101.25,3.25,1988-03-01,1988,3,292.22620646158856,115.00347805394273,167.30017552950966,84.12169439412276,71.74669394882736,155.8683830884644,42.360750844042585,128.17121127236214,262.0004905374133,461.8729809712807,894.4054522681328
MY_0p5_3.2500_101.7500,101.75,3.25,1988-03-01,1988,3,322.6065817778965,109.05935676234546,149.16782320836546,64.36795916223222,60.80031594197461,125.16827441172995,41.62693040689846,125.74364303783248,255.7313159529571,444.2818451899632,867.3837519360196
MY_0p5_3.2500_102.2500,102.25,3.25,1988-03-01,1988,3,346.49064737955734,110.4715591430664,168.53941253177703,61.674962167891245,31.16911365569584,92.84407438247923,41.8058459448436,126.34728969997829,257.33112686399426,448.70416569785465,874.1884529234871
MY_0p5_3.2500_102.7500,102.75,3.25,1988-03-01,1988,3,381.5979120761533,109.9289512634277,173.5209333202507,85.48886373978625,38.69305932974513,124.1819236127636,41.813702124583564,126.38391777231723,257.44323981562746,449.13638865796827,874.7772583780409
MY_0p5_3.2500_103.2500,103.25,3.25,1988-03-01,1988,3,429.45970755213636,108.99293938055877,165.76910778132637,123.01371571295425,46.5558172095482,169.5695391726416,39.94062818844078,119.60742923102862,243.21335052589646,422.119486060127,824.8808891967377
MY_0p5_3.2500_112.2500,112.25,3.25,1988-03-01,1988,3,496.0277316623264,103.09597574869792,144.03182339138456,174.07035047743057,165.18856845431858,339.2589036729601,43.00427305433486,129.96707153320312,265.0908386230469,466.54027845594624,904.6024685329862
MY_0p5_3.2500_112.7500,112.75,3.25,1988-03-01,1988,3,515.1160489974483,103.44964925704464,148.37673587486393,158.7108299380443,162.03315397168768,320.7439825339395,43.02175643795826,129.97154561027153,264.9344970202837,465.8868080514376,903.8146027111616
MY_0p5_3.2500_113.2500,113.25,3.25,1988-03-01,1988,3,517.9800596308888,103.98800828403098,155.8939062754313,180.35156221100775,164.40649552778763,344.7580677379262,43.027756893273555,129.97596966136587,264.8925129283558,465.66543544422495,903.5616818052349
MY_0p5_3.2500_113.7500,113.75,3.25,1988-03-01,1988,3,492.8866403731088,104.10437963576544,159.0784486316499,193.73435349237351,163.2790243481833,357.0133854941716,42.99763257465665,129.86059686569942,264.50888400607636,464.2927824474516,901.6599165659103
MY_0p5_3.2500_114.2500,114.25,3.25,1988-03-01,1988,3,442.75997953961604,103.89572478859287,167.0162249522604,168.77911245746975,159.38378400863357,328.1628975837853,42.96012725344129,129.63331895573123,263.45478577826435,460.0158475645028,896.0640933285852
MY_0p5_3.2500_114.7500,114.75,3.25,1988-03-01,1988,3,392.32007691207207,106.3037860894659,173.5508681862218,112.4844820544978,112.43806288652361,224.92253994789854,42.72937893715634,128.8999074219139,261.775589669586,456.24433500447844,889.6491996619354
MY_0p5_3.2500_115.2500,115.25,3.25,1988-03-01,1988,3,346.9033973790422,102.03971022593822,153.4629911591735,63.545795633823055,31.122644581372224,94.66843858549866,41.176124681400346,123.9091688711432,249.57563941086394,424.69697870182085,839.3579059069671
MY_0p5_3.2500_115.7500,115.75,3.25,1988-03-01,1988,3,328.55323054281513,97.58925422925627,150.48258937878555,72.87484106856786,41.11942737022143,113.9942750395014,41.48130476876591,124.88899479555279,251.91261205780373,430.34983294197684,848.6327377490782
MY_0p5_3.7500_100.7500,100.75,3.75,1988-03-01,1988,3,257.2705078125,116.83868408203125,169.56808471679688,64.39196014404297,82.68158721923828,147.07354736328125,42.60704040527344,128.90272521972656,263.5081481933594,465.26434326171875,900.2822265625
MY_0p5_3.7500_101.2500,101.25,3.75,1988-03-01,1988,3,280.00333585867435,115.027011710849,174.52369151686386,70.49622078312254,67.35433078506618,137.85055028427766,42.28432958411553,127.84453871643659,260.7997708120007,457.38208442367016,888.3107060799707
MY_0p5_3.7500_101.7500,101.75,3.75,1988-03-01,1988,3,307.4131360895493,107.76505216367686,164.295942415857,47.79510648690972,46.12158029398341,93.9166860641188,41.598384784285436,125.58757016613227,255.05285790315864,441.3159323528315,863.5547322072803
MY_0p5_3.7500_102.2500,102.25,3.75,1988-03-01,1988,3,328.8856692359561,107.09635019453746,169.37908862885973,56.080969746907556,30.417209528362935,86.49817800370472,41.60175558423239,125.62355165027436,255.2343146914527,442.33649185422865,864.7961253332712
MY_0p5_3.7500_102.7500,102.75,3.75,1988-03-01,1988,3,358.7492401607453,109.36317594013516,170.86012888106086,79.22026645720949,25.957162372649663,105.17742692251052,41.31632090977259,124.8307886517237,253.60863100082153,438.8149251302083,858.5706482902405
MY_0p5_3.7500_103.2500,103.25,3.75,1988-03-01,1988,3,395.20753947102213,108.9657023456467,166.4301966050092,119.89930898628984,33.114001427444755,153.01331278483073,40.58905570834291,122.4297498516008,248.68733963311888,429.2700809254366,840.9762276443781
MY_0p5_3.7500_113.2500,113.25,3.75,1988-03-01,1988,3,501.7265839576721,105.68564677238466,156.18862414750896,172.4740187848201,144.5048137727331,316.9788398117316,42.94013995811588,129.7227505543193,264.43673005651254,465.012463178791,902.1120955670467
MY_0p5_3.7500_113.7500,113.75,3.75,1988-03-01,1988,3,461.049611512258,106.79789932493179,154.67245898200468,164.23551160695098,131.17710775233397,295.4126176062525,42.87298338312933,129.5258725854571,264.05873962204817,464.32623932971154,900.7838284884457
MY_0p5_3.7500_114.2500,114.25,3.75,1988-03-01,1988,3,399.2486601703803,108.04962451268754,163.77486000666545,136.6861810108972,122.07200067913722,258.75818626767114,42.843563830663285,129.39430982801647,263.623286171565,462.98425854879713,898.8454031808036
MY_0p5_3.7500_114.7500,114.75,3.75,1988-03-01,1988,3,353.00878906249994,110.59854939778646,172.75248442150297,114.16361287434896,112.86560553898887,227.02921765039835,42.77570643349299,129.12313593304344,262.75985853407116,460.27137141152025,894.9300880068823
MY_0p5_3.7500_115.2500,115.25,3.75,1988-03-01,1988,3,316.0798663426959,104.42230173746745,151.66538880363345,77.60173279293,46.54990832616413,124.15164337158203,41.62656541854616,125.34744788275825,253.0200498066251,432.9895993187314,852.9836958627851
MY_0p5_3.7500_115.7500,115.75,3.75,1988-03-01,1988,3,307.73972743192166,97.44894206095083,152.32686291152623,68.81537458021863,42.59684440557905,111.41222145574554,41.555034033686134,125.07869105716402,252.22488557005957,430.8551631351169,849.7137675113814
MY_0p5_4.2500_100.7500,100.75,4.25,1988-03-01,1988,3,278.5433507919311,119.23293124221442,173.83767712651468,83.02347334258411,86.61765712815888,169.6411304084622,42.5734997496313,128.7607334059112,263.0438852738361,463.7862500249123,898.1643597038426
MY_0p5_4.2500_101.2500,101.25,4.25,1988-03-01,1988,3,258.74601568177684,112.58997276937889,171.1823343167639,68.79583650333866,76.29139828530087,145.08724086299824,42.06492244210213,127.0053252930854,258.12317992775303,448.3894106142081,875.5828112948473
MY_0p5_4.2500_101.7500,101.75,4.25,1988-03-01,1988,3,254.79445121214567,110.52210259970765,173.6471497167033,36.850324636831076,22.930452445825452,59.780777239570995,41.42808661902674,125.01485372427555,253.64370381413178,438.2978950476114,858.3845263593876
MY_0p5_4.2500_102.2500,102.25,4.25,1988-03-01,1988,3,273.5519365304575,111.9880371825002,172.0308206089008,29.00943552571745,9.937101126478884,38.94653727376043,40.77330792216829,122.91935510604908,248.48095264373876,425.2769614515214,837.4505997435353
MY_0p5_4.2500_102.7500,102.75,4.25,1988-03-01,1988,3,291.8544909240334,110.31289271943888,164.72961999200714,79.1013625442602,27.522948210406454,106.62431179945636,40.814217366990015,123.2223449512652,249.66026544267206,428.12741798352295,841.8242568483779
MY_0p5_4.2500_103.2500,103.25,4.25,1988-03-01,1988,3,308.91209930299306,111.19424241760466,160.40328123511338,128.9797006268119,36.38457761492048,165.36427817527425,40.82312915549461,123.49118911264667,251.29379017261684,434.2072130794724,849.8153101691802
MY_0p5_4.2500_113.7500,113.75,4.25,1988-03-01,1988,3,374.5511972336542,111.58918889363608,149.6844518409585,102.32451010650061,77.09388034748581,179.4183862074366,42.52638910401543,128.54441372853404,262.28300821556235,461.1983688642394,894.5521769973468
MY_0p5_4.2500_114.2500,114.25,4.25,1988-03-01,1988,3,326.62573574177895,112.4886220983557,155.28990780156553,91.22721600624587,77.32744823735655,168.55466405213113,42.56611883686317,128.67957674122226,262.64667372537855,462.3273673628288,896.2197616753891
MY_0p5_4.2500_114.7500,114.75,4.25,1988-03-01,1988,3,297.48033325195314,113.34235809326174,164.8019138590495,92.72552622477215,91.18718536376956,183.9127162679037,42.60094301859539,128.69580403645836,262.2752128092448,460.3626239013672,893.9345996093751
MY_0p5_4.2500_115.2500,115.25,4.25,1988-03-01,1988,3,270.4751736323039,110.45993367830914,153.4791488647461,62.53012446562449,45.23205640580919,107.76218120257062,41.455002665519714,124.84799355930753,251.97593911488852,430.817010667589,849.0959313710531
MY_0p5_4.2500_115.7500,115.75,4.25,1988-03-01,1988,3,266.60445598020397,101.45808720992785,149.70357883259405,51.87600873526881,34.45719650397867,86.33320527157541,41.21261229434256,124.03999739824717,249.95509752176582,425.81732332908507,841.0250281382417
MY_0p5_4.2500_116.2500,116.25,4.25,1988-03-01,1988,3,282.3885801361829,106.4127285189745,160.9594788900236,54.35674295192812,51.54642966898477,105.90317456315202,41.84343126343518,126.03328732746404,254.67959055086465,437.3651627331246,859.9214678508481
MY_0p5_4.2500_116.7500,116.75,4.25,1988-03-01,1988,3,286.5942105861069,108.86841988976981,161.91485260538974,51.68014863736368,43.766999636082296,95.44715012566891,41.889172989509014,126.27819056869242,255.7494371888266,441.41902998554923,865.3358027287303
MY_0p5_4.2500_117.2500,117.25,4.25,1988-03-01,1988,3,282.07304233787335,109.8853428258305,160.66552552079736,35.19404770842696,16.351031341383944,51.54507849701738,41.488503278884224,125.17348493727964,253.9562874177916,439.31640638503353,859.9346524128873
MY_0p5_4.2500_117.7500,117.75,4.25,1988-03-01,1988,3,262.1829316880968,108.2320808345436,152.5411547147311,20.510605999547195,6.117489529471111,26.628095382299183,39.669246314937226,118.81642610598836,241.07060274303473,416.3131043523805,815.869386330629
MY_0p5_4.2500_118.2500,118.25,4.25,1988-03-01,1988,3,222.84453239217842,107.0551487437466,140.90951878250024,13.94655151731649,4.274811823656604,18.22136383299615,36.88762599191848,108.72886244658451,220.53309436968178,380.20625781405505,746.3558621740644
MY_0p5_4.2500_118.7500,118.75,4.25,1988-03-01,1988,3,198.33382896140768,107.46898425066912,135.1097869873047,13.228399276733398,3.432584285736084,16.66098403930664,35.372257232666016,103.16036987304688,209.24513244628906,360.71466064453125,708.492431640625
MY_0p5_4.7500_100.2500,100.25,4.75,1988-03-01,1988,3,255.43372090657556,126.64098103841148,,,,,,,,,
MY_0p5_4.7500_100.7500,100.75,4.75,1988-03-01,1988,3,254.80180331016786,121.47302725019246,172.204743300027,44.55685646553349,47.091542887493844,91.64839598803016,41.82020964273592,126.34257519729738,257.14676647651487,448.0014137330094,873.3109964510289
MY_0p5_4.7500_101.2500,101.25,4.75,1988-03-01,1988,3,213.53684102721135,112.47147529238745,161.6182796417721,25.776817382328094,38.542117454892114,64.31893443758527,41.24303986080109,124.38600427536737,251.91411801292782,433.0015398297991,850.544729468936
MY_0p5_4.7500_101.7500,101.75,4.75,1988-03-01,1988,3,200.63328445337382,113.40943092467293,171.07223447769408,23.731924989488395,15.730248952290367,39.46217387365917,40.840100836375406,123.16479269360741,249.3236458430215,427.8444684709821,841.1730160667784
MY_0p5_4.7500_102.2500,102.25,4.75,1988-03-01,1988,3,224.9336372012184,115.09026155017672,167.89362676711312,38.11519826253256,20.6419548761277,58.75715288434711,40.89955357142857,123.33429470970518,249.5387721470424,427.56758248465405,841.3402012416294
MY_0p5_4.7500_102.7500,102.75,4.75,1988-03-01,1988,3,240.35649672587198,113.56162990885933,159.30324729384884,80.5816812454515,28.54945553336173,109.13113609848507,40.699553155595325,123.00534776821253,249.93807069814883,430.7396964297931,844.3826727411548
MY_0p5_4.7500_103.2500,103.25,4.75,1988-03-01,1988,3,243.85295712439373,115.11144276519322,146.59034945780064,109.45841470415743,25.233932118574195,134.69234686144168,39.050683151751876,117.2292071127804,238.56160237780364,411.59951917359757,806.4410398138406
MY_0p5_4.7500_103.7500,103.75,4.75,1988-03-01,1988,3,247.89866236636513,116.21520233154297,129.9036253891982,88.56257847377232,8.604900719283464,97.16748274766005,35.465100276005735,104.0565449107777,211.6514266373275,364.7922157188514,715.9653217266132
MY_0p5_4.7500_113.7500,113.75,4.75,1988-03-01,1988,3,232.8422393798828,115.7071762084961,,,,,,,,,
MY_0p5_4.7500_114.2500,114.25,4.75,1988-03-01,1988,3,232.8422393798828,116.30334581647601,155.77947998046875,84.06812286376953,78.71686553955078,162.7849884033203,42.56865310668945,128.74644470214844,263.006591796875,463.658203125,897.9799194335938
MY_0p5_4.7500_114.7500,114.75,4.75,1988-03-01,1988,3,230.60714590421293,119.59517768121536,160.1841525826403,63.94808197021485,47.409279705375766,111.35735891198601,42.123886436544446,127.31199965938444,259.49308908113875,454.4990746282763,883.4280224871893
MY_0p5_4.7500_115.2500,115.25,4.75,1988-03-01,1988,3,224.0661250750223,120.67213638623555,157.8364470005035,38.384074161450066,16.24227505425612,54.62635075052577,40.46219146251678,121.89631338914232,245.76253684361768,417.9679210980732,826.0889441172279
MY_0p5_4.7500_115.7500,115.75,4.75,1988-03-01,1988,3,230.7344078427269,112.42376103476872,156.51732526506694,33.21106160481771,18.122236748347202,51.3333001030816,40.73843880305214,122.55353274875216,246.529440695142,418.2795763772632,828.100974624876
MY_0p5_4.7500_116.2500,116.25,4.75,1988-03-01,1988,3,245.2841171022445,110.40223500085253,162.28496355329236,41.24457901243178,25.404315191601945,66.64889635358537,41.12381046840122,123.77042306566993,249.458259945824,425.4544091603112,839.8069025917657
MY_0p5_4.7500_116.7500,116.75,4.75,1988-03-01,1988,3,264.9802570584454,110.57896478870245,160.22903340979465,42.13317608531517,29.170023854774765,71.30320177198966,41.35998684846903,124.54754764218873,251.44559478759766,430.49334195293955,847.8464697342885
MY_0p5_4.7500_117.2500,117.25,4.75,1988-03-01,1988,3,291.24371531653026,109.32066538977243,157.7867568727524,36.118783981081044,24.571028585282583,60.68981323242188,41.34097722371419,124.53947954934738,251.7102821471199,431.8130735367063,849.403788829985
MY_0p5_4.7500_117.7500,117.75,4.75,1988-03-01,1988,3,271.23542703556103,108.26304643365401,159.89501856550388,27.077416220797765,20.025190323213987,47.10260728039319,41.24497909787334,124.30670419523986,251.5506936568248,432.54329942147945,849.6456584688982
MY_0p5_4.7500_118.2500,118.25,4.75,1988-03-01,1988,3,219.93270229933853,108.63376245546583,163.18016366623158,27.951779954996542,13.169493545838938,41.12127407591547,40.96063034977746,123.4509037343701,249.78647862726723,429.1621092216453,843.3601114090962
MY_0p5_4.7500_118.7500,118.75,4.75,1988-03-01,1988,3,178.56159876569916,108.48760822151282,164.16761103762857,29.141887688938574,7.151362793355049,36.2932513273215,40.17443210263795,121.21615523326247,245.3956250540818,421.1216820825504,827.907886360265
MY_0p5_5.2500_100.2500,100.25,5.25,1988-03-01,1988,3,204.09546718707662,129.3072794655155,76.81871032714844,3.2175848484039307,9.329260210506618E-4,3.218517780303955,24.947612762451172,66.59651184082031,130.91883850097656,208.93621826171875,431.399169921875
MY_0p5_5.2500_100.7500,100.75,5.25,1988-03-01,1988,3,188.72244123072406,125.08116859725762,165.68502404223915,17.296532951552294,24.5214945554095,41.81802750729967,39.006022617734715,117.11264669484106,236.2861214122553,403.9195739044541,796.32435625449
MY_0p5_5.2500_101.2500,101.25,5.25,1988-03-01,1988,3,155.04275696769594,118.80288945758151,160.82015724787635,14.219011309790233,16.34443983653235,30.563451146322578,39.544349585639104,119.1997564648825,240.48007730150977,409.56318436879957,808.7873637850322
MY_0p5_5.2500_101.7500,101.75,5.25,1988-03-01,1988,3,156.09952627777295,116.88261039393724,163.98998707570846,17.246898523561516,6.68172796288873,23.928625984556362,39.27444455578069,118.55273534689739,239.51538445539538,407.55129839660265,804.8938929077927
MY_0p5_5.2500_102.2500,102.25,5.25,1988-03-01,1988,3,191.83352209200524,123.35284683810677,161.35739509922684,32.69044719380179,11.96942344592635,44.65986889638718,39.58529104244936,119.61326006263684,242.81675360612806,416.7742875214594,818.7896046243656
MY_0p5_5.2500_102.7500,102.75,5.25,1988-03-01,1988,3,214.515818493374,120.06649532439602,153.24903823076667,78.49709139678437,32.60593271578773,111.10301904193423,39.26076477826651,118.23115741277144,241.0027094954151,417.60056907524495,816.0952158782441
MY_0p5_5.2500_103.2500,103.25,5.25,1988-03-01,1988,3,217.81745243778937,121.4742231823149,156.34411507148246,128.91453096464082,40.26137476462823,169.1758944523799,40.28414884790198,122.01850440285425,249.2852997222504,433.3294148630911,844.917357209441
MY_0p5_5.2500_115.2500,115.25,5.25,1988-03-01,1988,3,197.07789414928808,127.17700539865803,165.5478318011175,21.78048335528765,5.832697174588188,27.613180613908614,39.807194006247606,119.85068862164607,241.29555273837732,409.4356634421427,810.3891071257044
MY_0p5_5.2500_115.7500,115.75,5.25,1988-03-01,1988,3,203.59298001802884,125.28064826772182,162.55964670989474,20.808392741316453,6.681525036440057,27.489918214183742,39.750042970301735,119.60568366616458,240.50152484441205,407.2764324640824,807.1336924407442
MY_0p5_5.2500_116.2500,116.25,5.25,1988-03-01,1988,3,218.7033179077921,118.47302468215365,159.44814218448684,24.921385010586512,9.031768484960628,33.953152680698835,40.048621769192856,120.53579736057715,242.69223032118396,412.21850943263576,815.495167792598
MY_0p5_5.2500_116.7500,116.75,5.25,1988-03-01,1988,3,250.37077761299997,116.70325218876705,164.0704837750785,37.665708982491786,17.45371949220005,55.119427874118465,40.77996611293358,122.74105883248242,247.36383481568924,421.3697284746773,832.2545896119708
MY_0p5_5.2500_117.2500,117.25,5.25,1988-03-01,1988,3,302.47460588727677,114.98327464754621,167.36166105724516,62.465917762877446,32.92156557355609,95.38748108394563,41.42898928929889,124.84176175556487,252.49208068847656,433.8363425602988,852.5991683717758
MY_0p5_5.2500_117.7500,117.75,5.25,1988-03-01,1988,3,285.8537012493799,111.93688187372115,168.21350344703308,71.32017161051432,39.853671954926995,111.17384464324468,41.750955551389666,125.94778122674849,255.53609066917787,442.4684055873325,865.703238157242
MY_0p5_5.2500_118.2500,118.25,5.25,1988-03-01,1988,3,212.2165200369699,110.23009750949348,168.56466937216982,53.30096337142264,21.41926239250572,74.72022554677004,41.44017213469098,125.01412290828242,253.6142396866136,438.7711061125348,858.839640234686
MY_0p5_5.2500_118.7500,118.75,5.25,1988-03-01,1988,3,155.03447441101073,108.72857946971106,164.52120547824435,35.691506491767036,8.000858578417036,43.692364851633705,39.94451856613159,120.66095415751138,244.63327429029678,420.79003270467126,826.0287729899088
MY_0p5_5.2500_119.2500,119.25,5.25,1988-03-01,1988,3,123.33543072008104,108.16535186767578,162.43429565429688,29.430208206176758,4.245484828948975,33.67569351196289,39.255645751953125,118.66748809814453,240.55386352539062,412.71697998046875,811.1939697265625
MY_0p5_5.7500_100.2500,100.25,5.75,1988-03-01,1988,3,141.91511460037918,133.89234443183418,88.41934134107116,1.6874758770706455,0.019612774543395828,1.7070886213845071,25.402981031925307,69.99356576062124,129.555841078452,299.1541059301534,524.1064598713447
MY_0p5_5.7500_100.7500,100.75,5.75,1988-03-01,1988,3,131.21424625941685,131.20416497124566,143.89952901204427,1.9032148655255634,0.2085345709510148,2.1117494579156237,33.04736723581949,98.5516633605957,195.53008438110353,335.6381512451172,662.7672727457682
MY_0p5_5.7500_101.2500,101.25,5.75,1988-03-01,1988,3,113.7717804495744,127.56936681552197,151.86916729784386,2.816996186737001,1.1704954023905627,3.987491599687442,35.917480018195214,108.76863329429328,218.75165786142426,368.9149150698204,732.3526753102702
MY_0p5_5.7500_101.7500,101.75,5.75,1988-03-01,1988,3,121.90395530064903,124.54872407913207,150.6190326690674,6.197556893030803,1.3914457061560825,7.5890024299422905,36.406832965215045,110.73264010747275,223.99399204254158,379.74522221883143,750.8786699930827
MY_0p5_5.7500_102.2500,102.25,5.75,1988-03-01,1988,3,147.71052062205777,129.86668982872592,142.26928926718358,9.172119176749026,2.5658753965126806,11.737994598619865,35.91773370299676,109.43060179431028,222.23666875049318,376.5586075188736,744.1436029813104
MY_0p5_5.7500_102.7500,102.75,5.75,1988-03-01,1988,3,185.98706115722658,125.4431907876024,124.86224365234375,24.941186904907227,6.118528842926025,31.059715270996094,33.1016731262207,96.56828308105469,196.7773895263672,341.7702331542969,668.2175903320312
MY_0p5_5.7500_103.2500,103.25,5.75,1988-03-01,1988,3,200.89720153808594,126.348388671875,,,,,,,,,
MY_0p5_5.7500_115.2500,115.25,5.75,1988-03-01,1988,3,176.8457834879557,130.99584503173827,165.9542999267578,11.77674388885498,1.5464855432510376,13.323229789733887,38.83491897583008,117.20160675048828,237.00119018554688,404.6347961425781,797.6725463867188
MY_0p5_5.7500_115.7500,115.75,5.75,1988-03-01,1988,3,177.61531469427007,128.1390516597069,156.0718021937779,14.854739979335239,4.225636126881554,19.08037596203032,38.33473325456892,115.7312951224191,233.76707400367374,397.9965227399554,785.829638671875
MY_0p5_5.7500_116.2500,116.25,5.75,1988-03-01,1988,3,181.82271370055184,121.178265671503,152.55982176765562,19.60532697344583,7.613493290780082,27.218819972446987,38.639547475179036,116.59027441115606,235.3365783207,400.23959534660224,790.8059946211558
MY_0p5_5.7500_116.7500,116.75,5.75,1988-03-01,1988,3,216.90874788798982,116.48830750480529,159.7777594672309,38.95375455977425,17.841084822397384,56.794838726709756,40.28915709238204,121.46325809539309,245.47256581139948,419.33740098741316,826.5623827737475
MY_0p5_5.7500_117.2500,117.25,5.75,1988-03-01,1988,3,277.6761665705251,119.3820418348824,170.85120293168993,88.15868505243247,29.769850005862843,117.92853372856645,41.336818213718544,124.82543882737023,253.52090155664678,438.5230918908345,858.2062649410981
MY_0p5_5.7500_117.7500,117.75,5.75,1988-03-01,1988,3,273.88975873674667,117.68738238622272,174.32055658942102,94.99445066516031,25.772802877746177,120.76725469499628,41.488162751165824,125.449333114112,255.6555310959784,445.88650389805736,868.4795423674104
MY_0p5_5.7500_118.2500,118.25,5.75,1988-03-01,1988,3,213.81124261847125,114.18697846730551,171.9684507921007,59.44853542751736,8.867324697706435,68.31586069742839,41.15181379530164,124.43424631754557,253.48364569769964,441.093476969401,860.1632088216146
MY_0p5_5.7500_118.7500,118.75,5.75,1988-03-01,1988,3,152.14212681696964,111.7826257118812,170.5837860107422,48.79112243652344,2.8530468940734863,51.644168853759766,41.057796478271484,124.12846374511719,252.7430877685547,439.1376953125,857.0670776367188
MY_0p5_6.2500_99.7500,99.75,6.25,1988-03-01,1988,3,92.2424139883004,145.30281874712776,110.58663993658023,1.445845698201379,9.338663712273851E-4,1.4467796198157377,28.891563060671782,91.90086559916651,179.45058139534882,303.3092296511628,603.5522574491279
MY_0p5_6.2500_100.2500,100.25,6.25,1988-03-01,1988,3,100.50669157505035,140.00288563966754,104.20044490269251,1.2722284540838122,0.02941386736691834,1.3016423045372474,27.098751317238317,79.78768095678213,149.05895809251433,327.94077970543685,583.8861552335777
MY_0p5_6.2500_100.7500,100.75,6.25,1988-03-01,1988,3,97.92849074551499,137.52926170319665,132.5989114768717,1.2072300699226648,0.06692680099468433,1.2741569160954833,30.528251242913797,92.91598266248079,183.43126445755536,334.71721481264325,641.5926987342393
MY_0p5_6.2500_101.2500,101.25,6.25,1988-03-01,1988,3,88.97882936917819,135.58873737041768,139.99521014873798,1.2266564259162316,0.1469183582525987,1.3735748456074641,31.94550933837891,99.23589606651893,200.66095205453726,340.8954514723558,672.7378004807692
MY_0p5_6.2500_101.7500,101.75,6.25,1988-03-01,1988,3,96.4622822352818,134.43849966866628,133.71800798688616,3.148485394886561,0.07669539372436701,3.225180792808532,32.82507062639509,102.22182835170199,206.38059953962053,349.87286551339287,691.3003435407365
MY_0p5_6.2500_102.2500,102.25,6.25,1988-03-01,1988,3,109.93632284800212,134.16185323203482,132.1313934326172,3.9101264476776123,0.0030445547308772802,3.91317081451416,33.79289627075195,104.98239135742188,211.87448120117188,349.80865478515625,700.4584350585938
MY_0p5_6.2500_115.7500,115.75,6.25,1988-03-01,1988,3,145.0971483750777,130.03682153875178,161.1468963623047,7.976484298706055,1.6349583864212036,9.611442565917969,37.00876998901367,112.16487884521484,227.2533721923828,387.635498046875,764.0625
MY_0p5_6.2500_116.2500,116.25,6.25,1988-03-01,1988,3,143.44458536516157,126.65333891751473,159.2218966042943,7.691609840561115,4.552617695363082,12.244227438771249,37.69673874304683,114.11297835967613,231.29553646138058,395.1324469612558,778.2376778892484
MY_0p5_6.2500_116.7500,116.75,6.25,1988-03-01,1988,3,159.84650455051,123.42526569669208,161.9101339673239,19.29231876040262,11.497202210199266,30.789520929730127,39.22509761991955,118.56232156904916,240.49538065592446,412.26849297417533,810.5512879386782
MY_0p5_6.2500_117.2500,117.25,6.25,1988-03-01,1988,3,207.99033372667103,124.06898159450954,168.7421894860646,43.68653912014432,13.205703989664713,56.89224435109941,39.67258119128999,119.6581321110801,243.28152562701513,419.52295541914685,822.1352006215898
MY_0p5_6.2500_117.7500,117.75,6.25,1988-03-01,1988,3,229.75254273414618,123.1106661160787,170.80391028331732,46.576454987999995,8.307414315945922,54.88387064348186,39.43707114771794,118.9601464076349,242.20071107741686,418.700952897992,819.29888130768
MY_0p5_6.2500_118.2500,118.25,6.25,1988-03-01,1988,3,229.88184084211076,121.93664251055037,173.96091788155692,37.051633494240896,3.6272340299827714,40.67886699948992,39.81858335222517,120.52857616969519,245.25363704136439,423.35930197579523,828.9601135253906
MY_0p5_6.7500_100.2500,100.25,6.75,1988-03-01,1988,3,83.81861299626968,142.25902523713953,115.63059027054732,1.4991437617470236,0.031261574267238544,1.5304053408258103,28.719746659783755,88.61476875753964,170.09941202051502,318.73919071870694,606.1731302597943
MY_0p5_6.7500_100.7500,100.75,6.75,1988-03-01,1988,3,75.79835142912688,140.62335035536026,122.26539103190106,1.103268102363304,0.028771576644093903,1.132039683836478,28.51922063474302,89.43713407163267,176.51555661801942,326.0756236888745,620.5475509078415
MY_0p5_6.7500_116.2500,116.25,6.75,1988-03-01,1988,3,103.14198434763942,132.77338427166606,164.9586695229135,6.216024201090743,4.2726290167831795,10.488653601669684,37.93968284420851,115.11104137141531,234.72702212449985,404.3816252917779,792.1593657702936
MY_0p5_6.7500_116.7500,116.75,6.75,1988-03-01,1988,3,117.4656671902549,131.6282516717911,159.22144911694434,9.338704195889562,4.763744961131703,14.102449311569275,37.178919705477625,111.89829884404722,227.936613784006,392.2479800499475,769.261812112077
MY_0p5_6.7500_117.2500,117.25,6.75,1988-03-01,1988,3,148.54881397475546,129.60974887293628,156.43489803888102,15.341986668848357,3.769527124092642,19.111513838303825,36.60206889262242,109.4490526925146,222.9272252310694,383.6804365309994,752.6587826889173
MY_0p5_6.7500_117.7500,117.75,6.75,1988-03-01,1988,3,181.82762993706595,127.14330122205946,162.3266625404358,21.12188881635666,1.6127495514228942,22.734638452529907,37.097692012786865,111.22988367080688,226.7033953666687,390.6814098358155,765.7123641967773
MY_0p5_7.2500_116.7500,116.75,7.25,1988-03-01,1988,3,86.74711098257951,135.8030976795015,154.0436886994735,3.4548158832218334,1.1744325192078302,4.629248432491136,35.522855576224956,107.01487605882727,218.85493854025134,377.4557065217391,738.8484019403872
MY_0p5_7.2500_117.2500,117.25,7.25,1988-03-01,1988,3,86.9555125193553,135.59203950349274,150.68419334010073,3.1759211038288315,0.7812444034375643,3.957165482169703,34.875786309493215,104.84279865465665,214.5385897987767,369.92423834549754,724.1814350328947
MY_0p5_0.7500_110.2500,110.25,0.75,1988-04-01,1988,4,318.2606980543871,106.30498492901143,129.1737466665415,62.836030519925636,130.6081039428711,193.44414813701928,42.973622835599464,129.6766024076022,263.7467942457933,461.83664644681494,898.2336782602164
MY_0p5_0.7500_110.7500,110.75,0.75,1988-04-01,1988,4,351.9826995849609,107.93106951032365,132.40365883963446,84.97011642456054,134.09456209455217,219.0646785191127,43.05473360334124,130.00365469796316,264.8656821114676,465.9281332833426,903.8521981375557
MY_0p5_0.7500_111.7500,111.75,0.75,1988-04-01,1988,4,382.3467353941902,107.51420024084665,126.83229270813956,74.58130803183904,162.93176850818452,237.5130649142795,43.10400178697374,130.13599092998203,265.02496434771825,465.6134658086867,903.8784431578621
MY_0p5_1.2500_103.2500,103.25,1.25,1988-04-01,1988,4,293.173191996454,104.56193949875325,120.07015956531872,26.44943787834861,63.17603354020553,89.62547623027456,39.19619308818471,116.41097155484286,237.84113485162914,419.8168536099521,813.2651589133524
MY_0p5_1.2500_103.7500,103.75,1.25,1988-04-01,1988,4,270.7304992675781,102.68741541001404,108.9883418407255,27.310577170362752,71.26032664474933,98.57090740759398,40.438900956829784,121.1139573773134,247.57414512263924,437.4943160270024,846.6213124099287
MY_0p5_1.2500_104.2500,104.25,1.25,1988-04-01,1988,4,247.91088082449778,102.76652406964982,96.08355712890625,28.279035568237305,79.6309585571289,107.90999603271484,42.07520294189453,127.29435729980469,260.3651123046875,460.6937561035156,890.4284057617188
MY_0p5_1.2500_109.7500,109.75,1.25,1988-04-01,1988,4,266.59064860516287,109.08227244917168,134.87133090467339,50.72018290140544,83.62298243878836,134.3431727397873,42.78950624580843,129.26222265772074,263.653765942677,464.51613644519483,900.2216399778804
MY_0p5_1.2500_110.2500,110.25,1.25,1988-04-01,1988,4,309.80984438156077,107.27974609610659,130.53444014737045,63.54356372494496,121.21571049635014,184.7592862398008,42.94319817090127,129.61240384017182,263.76065487659116,462.4390297672464,898.7552980400882
MY_0p5_1.2500_110.7500,110.75,1.25,1988-04-01,1988,4,343.0253758990575,108.25323278033544,133.93754940941218,79.63881188044472,115.17193756103515,194.8107481456938,42.963617984832275,129.75767647879462,264.5096792069692,465.72431427486356,902.9552844819566
MY_0p5_1.2500_111.2500,111.25,1.25,1988-04-01,1988,4,365.8037779201715,107.66192746390932,133.29969875347882,70.4421019142809,120.90723611752449,191.349334375546,42.95698427925477,129.7264544209733,264.3737951894157,465.09062648200376,902.1478456734851
MY_0p5_1.2500_111.7500,111.75,1.25,1988-04-01,1988,4,375.1893126472594,107.15608845059833,126.91594805036272,71.79442947629897,162.24691045851935,234.04133266872827,43.1028819008479,130.12450857011098,264.9517802889385,465.28536841982884,903.4645560128348
MY_0p5_1.2500_112.2500,112.25,1.25,1988-04-01,1988,4,368.3763370417096,106.53397237709935,125.17379946636065,60.879142354587614,161.61878153999444,222.49791822094602,43.06339380099688,130.0170535169882,264.72657210451695,464.5848136166025,902.391838577193
MY_0p5_1.2500_112.7500,112.75,1.25,1988-04-01,1988,4,361.59107780456543,107.29882637659709,126.3152723312378,70.83923467000325,174.80591074625653,245.64513778686523,43.11445554097494,130.08934116363525,264.44051424662274,462.3501103719076,899.9944203694661
MY_0p5_1.2500_113.2500,113.25,1.25,1988-04-01,1988,4,359.0866508152174,109.46036496369736,128.86959387737772,67.14352987538213,158.47710876464845,225.62063227114473,43.0069426495096,129.7403098728346,263.60022025730296,460.1483117145041,896.4957859205163
MY_0p5_1.2500_113.7500,113.75,1.25,1988-04-01,1988,4,348.3465916026722,110.28211483810885,130.94572656804866,65.2012750452215,136.6873351010409,201.88860459761185,42.8570351745143,129.29087598396066,262.6437727032286,457.9426803588867,892.7343726880622
MY_0p5_1.2500_114.2500,114.25,1.25,1988-04-01,1988,4,330.0314663237175,109.05851144706254,138.08526260240941,60.140310034287715,112.99033085645827,173.13064251114835,42.74004188470081,128.94241130457516,261.9303921049675,456.48660764441024,890.0994748816025
MY_0p5_1.2500_114.7500,114.75,1.25,1988-04-01,1988,4,298.25547839749237,106.57732539023122,142.431394515499,52.029236455117505,120.94217411164314,172.97141782699092,42.760205914897305,128.99285987115675,261.96034093056954,456.18629898563506,889.8997251449093
MY_0p5_1.7500_102.7500,102.75,1.75,1988-04-01,1988,4,310.66556966370644,108.50656515722119,139.31398010253906,40.179121255874634,123.24690890312193,163.42603397369385,41.59260439872742,124.79186129570006,254.34513187408447,447.47414493560785,868.2037487030029
MY_0p5_1.7500_103.2500,103.25,1.75,1988-04-01,1988,4,292.32826509807103,104.53672710993116,136.78730216979983,41.02515260696411,104.89332489013673,145.9184810638428,41.369418373107905,124.11400047302246,253.2306936645508,446.1453999328614,864.8595074462891
MY_0p5_1.7500_103.7500,103.75,1.75,1988-04-01,1988,4,269.5141852173624,102.91710764245141,122.58781944950923,37.641145404381085,82.71399413483051,120.35514411443395,41.25538176524488,123.99397108826456,253.30048418648633,446.8971866655953,865.4470118269136
MY_0p5_1.7500_104.2500,104.25,1.75,1988-04-01,1988,4,252.02071113586422,103.04455695152284,114.84165020136871,39.81417472602785,80.72437002492505,120.5385505025701,42.24816888616991,127.80595256006994,261.255309585453,461.2904234893562,892.5998208689135
MY_0p5_1.7500_109.7500,109.75,1.75,1988-04-01,1988,4,264.7191103558208,109.35212006679801,135.0744171142578,50.583457946777344,81.72903442382812,132.3125,42.78435134887695,129.2530517578125,263.66961669921875,464.6844482421875,900.3914794921875
MY_0p5_1.7500_110.2500,110.25,1.75,1988-04-01,1988,4,293.50952079858683,109.05612298214076,132.72322466029203,63.23007573418438,102.10424653731566,165.33432977849787,42.87579586416642,129.46716504428477,263.768078809116,463.63666718018885,899.7477149351396
MY_0p5_1.7500_110.7500,110.75,1.75,1988-04-01,1988,4,325.00467057661575,108.81921837546608,136.13720397949217,63.61653270721435,69.30502700805664,132.92155532836912,42.735478973388666,129.1380905151367,263.5887954711914,465.0509536743164,900.5133270263672
MY_0p5_1.7500_111.2500,111.25,1.75,1988-04-01,1988,4,329.9645558190724,107.8873791407025,134.98162600495095,63.75019559638445,97.83737462953081,161.58756642896077,42.8330286070358,129.37945017260176,263.80648477243824,464.4320941304052,900.4510390170786
MY_0p5_1.7500_111.7500,111.75,1.75,1988-04-01,1988,4,341.21314645115325,106.88771209233923,126.82530062711689,59.53721577608131,138.37355022188981,197.9107666498498,42.98877443241167,129.814169533645,264.48077363605734,464.89257638665686,902.1762952200972
MY_0p5_1.7500_112.2500,112.25,1.75,1988-04-01,1988,4,348.34301767500625,106.52835882277715,124.17051454574342,62.410814630417605,148.1899483816964,210.60075669061567,42.9766113765656,129.74100196475072,264.09063420371405,463.01161140563,899.8198565770708
MY_0p5_1.7500_112.7500,112.75,1.75,1988-04-01,1988,4,352.2363007076203,108.21487480042472,126.16073671371217,61.076671503460595,147.3973475622752,208.4740153479198,42.979679870605466,129.7250772143167,263.94478217230903,462.3248188321552,898.9743510897197
MY_0p5_1.7500_113.2500,113.25,1.75,1988-04-01,1988,4,352.646455891927,111.17020307268415,129.31074364071802,58.68026677691747,144.51843634711372,203.19869530087425,42.963080463712174,129.65862509106833,263.7331812298487,461.631111750527,897.9860043480282
MY_0p5_1.7500_113.7500,113.75,1.75,1988-04-01,1988,4,342.129257734995,112.36613331143818,131.45555066305494,58.79729949708969,133.9624197339255,192.759714132642,42.852232082306394,129.28789566282242,262.72842581612724,458.5056963239397,893.3742629278273
MY_0p5_1.7500_114.2500,114.25,1.75,1988-04-01,1988,4,322.9577624124194,110.98374190557568,140.7579593718998,55.367292846195284,112.78398946126302,168.15128367590523,42.75342579190693,128.99044654482887,262.09310729011656,457.1105648949032,890.947570219494
MY_0p5_1.7500_114.7500,114.75,1.75,1988-04-01,1988,4,292.8661456330453,109.86043766001964,146.70385591971444,51.21700688100232,112.15372775379241,163.37073710545357,42.67003671122338,128.73889816363243,261.54314173565007,455.69500574299707,888.6470684782828
MY_0p5_2.2500_101.7500,101.75,2.25,1988-04-01,1988,4,283.8204302546954,113.56826920942828,143.6570878462358,51.77584222350457,77.28897410691387,129.06482226439198,42.23746093595871,127.39067925347223,259.9725619229404,458.2301962496055,887.8308808297822
MY_0p5_2.2500_102.2500,102.25,2.25,1988-04-01,1988,4,307.60620204797766,111.54555496872895,141.90891718522212,37.298460189235264,89.4210885517905,126.7195505023573,42.10023872704027,126.79887525202552,258.4340321664034,454.2413426449424,881.5744877135354
MY_0p5_2.2500_102.7500,102.75,2.25,1988-04-01,1988,4,312.12009130550337,109.18790677227551,143.3764978722681,40.05248973943011,104.40938401524026,144.46187951293172,42.173479212990294,127.01287849039973,259.0436860096606,456.17991203597825,884.4099603966822
MY_0p5_2.2500_103.2500,103.25,2.25,1988-04-01,1988,4,289.9732872372582,104.95930715893942,144.542873031374,47.75245948670402,102.8338916354709,150.58635539705793,42.4041649349152,127.9000940716456,260.7457976810516,458.3060540093316,889.356105453249
MY_0p5_2.2500_103.7500,103.75,2.25,1988-04-01,1988,4,264.8146918862553,104.36197142520192,141.76689706576073,44.625967911542475,71.28463248559984,115.91060403080309,41.96681894851943,126.58183542025292,258.33566025556144,454.0777440992452,880.9620547537074
MY_0p5_2.2500_104.2500,104.25,2.25,1988-04-01,1988,4,248.82525597549068,105.04363219718624,143.4315494505827,44.51366941593896,55.61932303688744,100.13299749705419,42.29049767738531,127.95440459448444,261.4916679445377,460.37084153861053,892.1073895919423
MY_0p5_2.2500_104.7500,104.75,2.25,1988-04-01,1988,4,216.6383819580078,106.915283203125,,,,,,,,,
MY_0p5_2.2500_109.7500,109.75,2.25,1988-04-01,1988,4,261.31445607831404,109.7773196312689,,,,,,,,,
MY_0p5_2.2500_111.2500,111.25,2.25,1988-04-01,1988,4,290.25755417346954,108.11216673254968,125.30862662371469,39.926077618318445,74.07969878701603,114.00577444188734,42.60770764070398,128.7846044652602,262.94495212330537,463.58588813332943,897.9231531479778
MY_0p5_2.2500_111.7500,111.75,2.25,1988-04-01,1988,4,293.71535896422375,108.21163862924729,124.91449676998079,42.7972062489343,79.29017736041357,122.0873811025468,42.63963928222656,128.8719215029762,263.0853052532862,463.7556337386843,898.3525041852679
MY_0p5_2.2500_112.2500,112.25,2.25,1988-04-01,1988,4,312.2618942018539,108.41769118536087,123.88592202322822,50.66785015530056,96.21232251364087,146.88016967773436,42.71637110634456,129.05301596020894,263.2030070955791,463.1010483514695,898.0734566824776
MY_0p5_2.2500_112.7500,112.75,2.25,1988-04-01,1988,4,326.9096202063182,110.0324483962286,125.85074288504465,50.452842046344095,109.5554910811167,160.00833217075893,42.762067982507126,129.1391125875806,263.1222285195002,462.0357982817151,897.0592099144345
MY_0p5_2.2500_113.2500,113.25,2.25,1988-04-01,1988,4,337.292813546317,113.29597906687904,131.83703913612973,52.19894169398718,127.71571902320498,179.91465599423364,42.851434362502324,129.3798572843037,263.4755267430866,462.2756040542846,897.9824416387652
MY_0p5_2.2500_113.7500,113.75,2.25,1988-04-01,1988,4,330.3020177913618,114.12129013447823,136.45102088059053,56.81351119657107,136.84541156623936,193.65892492366743,42.86983133871344,129.35996217365508,262.9934266488764,459.5026018166845,894.7258329753635
MY_0p5_2.2500_114.2500,114.25,2.25,1988-04-01,1988,4,309.56422458224824,113.2361800420852,144.4778870113312,53.66696988060361,118.98838292681981,172.65535055493552,42.77978039696103,129.07647579132566,262.3211886935764,457.74798089890254,891.925444878472
MY_0p5_2.2500_114.7500,114.75,2.25,1988-04-01,1988,4,283.1303379674112,111.4391318044355,148.73406756001134,53.798949383151154,102.60910174462104,156.4080527520949,42.53255041799238,128.33653441398377,260.76948286487215,454.28890833700854,885.927469167402
MY_0p5_2.2500_115.2500,115.25,2.25,1988-04-01,1988,4,254.0179901123047,109.65027618408203,151.18548583984375,78.0286636352539,109.17538452148438,187.2040557861328,41.77265930175781,126.05947875976562,255.9939422607422,443.7938537597656,867.6199340820312
MY_0p5_2.7500_101.2500,101.25,2.75,1988-04-01,1988,4,268.5085754394531,114.37028503417969,139.65855407714844,55.47647476196289,90.61481475830078,146.09129333496094,42.66169738769531,128.9900665283203,263.50213623046875,465.5917053222656,900.74560546875
MY_0p5_2.7500_101.7500,101.75,2.75,1988-04-01,1988,4,286.40906657766783,112.27048375909978,132.03141196511007,68.17635980779474,119.81441972212355,187.99077661687676,42.57813547307794,128.61806851473722,262.12777965198865,460.76138960404825,894.0853904030539
MY_0p5_2.7500_102.2500,102.25,2.75,1988-04-01,1988,4,299.5164664687624,109.97574651924667,147.24240850946708,39.07223695402692,82.91280768327651,121.98504368970349,42.60735855588487,128.6980474678574,262.1673958164871,459.6968524714185,893.1696629615345
MY_0p5_2.7500_102.7500,102.75,2.75,1988-04-01,1988,4,297.5254088776021,109.48355607141421,148.76317586778083,42.74168288556835,81.00868751429303,123.7503743714924,42.65089049520371,128.93892548959468,263.250524593305,464.05753500250324,898.8978821959677
MY_0p5_2.7500_103.2500,103.25,2.75,1988-04-01,1988,4,276.199629862597,107.26883629476949,142.21177877438294,44.99766805369383,66.13731358765038,111.13498350009796,41.53727102583381,124.99453740211048,255.0749715817202,448.4724208564516,870.0792020566904
MY_0p5_2.7500_103.7500,103.75,2.75,1988-04-01,1988,4,257.72336332901665,107.03519887509553,136.02712400937412,37.30677083450528,37.71984682214974,75.02661994195753,40.45255775275868,121.25096453829295,247.6021008469542,435.2060854863461,844.5117218439481
MY_0p5_2.7500_104.2500,104.25,2.75,1988-04-01,1988,4,240.37902652516084,106.28762604208553,144.31517028808594,31.064924240112305,26.591381072998047,57.65630340576172,42.05827331542969,127.29279327392578,260.31658935546875,458.41229248046875,888.0799560546875
MY_0p5_2.7500_111.2500,111.25,2.75,1988-04-01,1988,4,253.17083887560617,108.85401074639682,122.01622704898611,20.982013842638803,22.968798637390137,43.95081161050236,42.100990519804114,127.26097308888156,259.7365148207721,456.30136287913604,885.3998538746553
MY_0p5_2.7500_111.7500,111.75,2.75,1988-04-01,1988,4,258.98261636202454,109.39991191176117,122.9128298923887,27.958825695103606,39.56604122293406,67.52486523266495,42.32673102411731,127.96096933299097,261.3154071939402,460.2208525558998,891.8239685584758
MY_0p5_2.7500_112.2500,112.25,2.75,1988-04-01,1988,4,283.00029088273834,110.39154651496983,124.38845944722493,42.10639784495036,70.16044901529948,112.26684661865232,42.600605964660645,128.77054529825847,262.9425796508789,463.66404551188145,897.9777775065103
MY_0p5_2.7500_112.7500,112.75,2.75,1988-04-01,1988,4,308.7039807476575,112.3613658373869,128.5847679331333,56.466037774387786,114.91262566288815,171.37866428230382,42.83111578301538,129.38882286940947,263.85204575937007,464.3718976370896,900.4438878312897
MY_0p5_2.7500_113.2500,113.25,2.75,1988-04-01,1988,4,329.02233993288064,115.34439743284196,135.39937531001985,64.59063761877636,134.60897861056856,199.1996165442088,42.899417356460816,129.55929177904883,264.0163760230655,463.9936282203311,900.4687372116815
MY_0p5_2.7500_113.7500,113.75,2.75,1988-04-01,1988,4,328.82863495456184,116.60097472075445,140.73822833018698,66.95581786040287,127.30949450450339,194.26531112573707,42.8439374668583,129.33754054755923,263.23222370512167,461.0661217756333,896.4798311853106
MY_0p5_2.7500_114.2500,114.25,2.75,1988-04-01,1988,4,312.45839710477026,114.87777265717713,144.54359025593047,62.57004052174241,121.87896064565152,184.44899841501743,42.78759696815587,129.09875898723362,262.3549274492867,457.80094513712055,892.042222807679
MY_0p5_2.7500_114.7500,114.75,2.75,1988-04-01,1988,4,283.9078151921558,115.43097995344999,149.59800851420994,68.47904012157659,111.32011447590628,179.79916017374416,42.620321613967796,128.60374785988193,261.3581532763828,455.8422156655865,888.4244499449517
MY_0p5_2.7500_115.2500,115.25,2.75,1988-04-01,1988,4,247.34536083324537,110.68961554175024,148.99389414744334,56.18008051691828,96.70768291026623,152.88777105657906,41.52975347020604,125.29149510838963,254.25993732074355,439.852581402203,860.9338032490497
MY_0p5_3.2500_101.2500,101.25,3.25,1988-04-01,1988,4,277.5805867513021,114.70746012884355,149.36146640406508,61.7223006667794,94.63182706127834,156.35413416999788,42.77705699460516,129.33073585599314,264.14389809931293,466.51382553159965,902.765513854268
MY_0p5_3.2500_101.7500,101.75,3.25,1988-04-01,1988,4,297.6170710725604,109.12314955595953,137.81190466425227,70.34530156129486,118.63388387109063,188.97918368297022,42.544773539160474,128.44575762900578,261.25115782136373,456.4352974861291,888.6770060350941
MY_0p5_3.2500_102.2500,102.25,3.25,1988-04-01,1988,4,287.62554408482146,110.48219657776849,153.34184202163937,39.99009642222571,66.6028832087441,106.59298090859065,42.4743424188523,128.36338416205513,261.77531166682166,459.7155731685578,892.3286006866938
MY_0p5_3.2500_102.7500,102.75,3.25,1988-04-01,1988,4,272.9790562496909,110.28527713727347,152.16272639021088,36.99105247666564,61.95489197743089,98.94594395311572,42.35609624355654,128.03912172438223,261.2327186487898,458.89493386956707,890.5228916602797
MY_0p5_3.2500_103.2500,103.25,3.25,1988-04-01,1988,4,254.4169981518475,109.71246693266333,136.9244940444002,43.18623226550969,43.75860537302222,86.94483689298848,40.312511779586345,120.79078376099031,246.3801270028279,431.61260360071634,839.0960238080849
MY_0p5_3.2500_112.2500,112.25,3.25,1988-04-01,1988,4,274.646669514974,111.36630096435547,125.0656765407986,37.67181888156467,62.92453867594402,100.59635806613498,42.577204132080084,128.7160132514106,262.92255927191843,463.9878987630209,898.2036661783854
MY_0p5_3.2500_112.7500,112.75,3.25,1988-04-01,1988,4,305.3521440567509,114.59085298353624,132.68037377029168,59.92406251000576,108.56727206120725,168.4913393864866,42.84905324216749,129.47963039210586,264.2218132644403,465.83874236560257,902.3892326980341
MY_0p5_3.2500_113.2500,113.25,3.25,1988-04-01,1988,4,330.66080859191436,118.17745509900544,139.08020614855215,64.13353537068221,106.29208943338105,170.42562825752026,42.825036670222424,129.42465701247707,264.1480846983014,465.6849669254187,902.082759510387
MY_0p5_3.2500_113.7500,113.75,3.25,1988-04-01,1988,4,336.5218067956349,119.66995091513981,140.70496317545573,67.66596717228964,106.31475398956783,173.98072030203681,42.791517772371805,129.2817626953125,263.63928416418645,463.8396333240327,899.5522249736482
MY_0p5_3.2500_114.2500,114.25,3.25,1988-04-01,1988,4,329.65304876436846,119.43193958063793,143.4834544187898,71.28731838153425,126.57066814155334,197.8579816393032,42.80173368514723,129.1563080222743,262.55816708704464,458.5720024351861,893.0882261239799
MY_0p5_3.2500_114.7500,114.75,3.25,1988-04-01,1988,4,294.7993166978193,121.14206044385388,152.70698639693535,82.87533733343624,129.8215116270029,212.69685072200318,42.81921375784905,129.19169942284847,262.5733219316811,458.6047596536624,893.1890058578201
MY_0p5_3.2500_115.2500,115.25,3.25,1988-04-01,1988,4,236.70909157282193,113.6031787486016,147.43191634552386,38.97982731348351,95.94323264496235,134.92306378521496,41.66911242279826,125.68969750706151,254.94205803207205,440.80737266057645,863.1082692206661
MY_0p5_3.2500_115.7500,115.75,3.25,1988-04-01,1988,4,208.31563936726434,107.85491866208194,141.54801392287348,44.75167220897889,102.52885779905854,147.28052443600774,41.484198623828675,125.21971010358145,254.3010797393456,440.42817396528267,861.433147987623
MY_0p5_3.7500_100.7500,100.75,3.75,1988-04-01,1988,4,260.77642822265625,115.90988159179688,145.49520874023438,42.18150329589844,73.20101928710938,115.38252258300781,42.74609375,129.27369689941406,264.20196533203125,467.18865966796875,903.410400390625
MY_0p5_3.7500_101.2500,101.25,3.75,1988-04-01,1988,4,285.2044072856817,113.31878020153847,153.8660116349995,59.073127474985455,98.74115538365632,157.81427856247788,42.7838275502029,129.25534842778177,263.4546400150435,463.03314149726947,898.526966477675
MY_0p5_3.7500_101.7500,101.75,3.75,1988-04-01,1988,4,290.6914525873521,107.01025239980906,148.95898000146175,37.129650650510364,69.04954500866545,106.17919537975533,42.1682350134394,127.26565836037801,258.5037976890613,449.17561904032516,877.1132888307998
MY_0p5_3.7500_102.2500,102.25,3.75,1988-04-01,1988,4,262.5010075644841,107.48075692313057,155.43160555400544,28.232028192187105,54.051465588524216,82.28349175831627,42.16214094616118,127.33532942514572,259.1269830612909,452.13126017252597,880.7556923518105
MY_0p5_3.7500_102.7500,102.75,3.75,1988-04-01,1988,4,238.67904357910155,110.27743232363746,150.95127970377604,25.05158860342843,29.563876748463457,54.61546509757874,41.78043851095532,126.17578037806919,256.6196568080357,446.6094849601624,871.1853651258681
MY_0p5_3.7500_103.2500,103.25,3.75,1988-04-01,1988,4,224.26747678475553,110.48211922208625,137.61676294663374,26.53596689560834,19.037637080398262,45.573603738523,40.78648971856809,122.86102633008771,249.67434016209026,432.6453938802083,845.9672444661458
MY_0p5_3.7500_113.2500,113.25,3.75,1988-04-01,1988,4,332.8808436393738,120.91654217243195,136.56521831574986,59.38185044585682,78.386052616307,137.76790556360464,42.69024758260758,129.08554852595097,263.72580006083507,465.64524866323006,901.1468405801743
MY_0p5_3.7500_113.7500,113.75,3.75,1988-04-01,1988,4,336.2629176695339,122.97181549072265,133.0067894204149,64.23219812880828,66.79305243877916,131.0252484565414,42.57072590701403,128.7170200779986,262.91576506481977,463.68169879604693,897.8852296107024
MY_0p5_3.7500_114.2500,114.25,3.75,1988-04-01,1988,4,328.66309800715305,123.96504804823132,138.80762566460504,75.03229147290426,90.14048539419022,165.1727751716735,42.68704783121745,128.9622287326389,262.95955064561633,462.36637234157985,896.9752131386409
MY_0p5_3.7500_114.7500,114.75,3.75,1988-04-01,1988,4,292.3235172332279,124.1454808795263,149.548593188089,84.4887568519229,119.85726710728237,204.34601827954486,42.79144767882332,129.2003186907087,263.05057542588975,461.1755112420945,896.2178763253347
MY_0p5_3.7500_115.2500,115.25,3.75,1988-04-01,1988,4,229.95627315460686,114.34773150247241,145.84170319087923,39.14043187943716,105.82960180857825,144.97003454783604,41.92914460197328,126.48789919898626,256.5924859909784,444.01484384688115,869.024404955667
MY_0p5_3.7500_115.7500,115.75,3.75,1988-04-01,1988,4,200.5039540023255,106.1970505199844,143.32921847336584,39.266143030399896,100.62494028214927,139.89108342232464,41.569808054313384,125.44419114366708,254.57516578290102,440.3510426034173,861.9402039891523
MY_0p5_4.2500_100.7500,100.75,4.25,1988-04-01,1988,4,303.2347135543823,115.68454976720135,145.35914182079082,53.98303932657048,100.62177908761161,154.6048184141821,42.86959382660535,129.5885660599689,264.5488877899793,466.9123792998646,903.9194154077647
MY_0p5_4.2500_101.2500,101.25,4.25,1988-04-01,1988,4,293.8302029158718,109.2697400135599,145.86187165861676,46.983661748801076,96.20084553615304,143.18450976329243,42.46570310167447,128.1402439190324,260.2346369263473,452.722885909354,883.5634787006743
MY_0p5_4.2500_101.7500,101.75,4.25,1988-04-01,1988,4,265.1538243768961,108.68948754258811,158.78814200014355,25.719932714590254,39.20677724661538,64.92671009222158,42.118712464841416,127.11004499734021,258.26957702636724,449.50071145932134,876.9990242175021
MY_0p5_4.2500_102.2500,102.25,4.25,1988-04-01,1988,4,226.39049044965557,111.2895362049627,157.5156758951303,16.360517836988166,16.50515904289465,32.865677489259376,41.539956296975625,125.2023743699534,253.4531004299371,436.8629468241439,857.058374179438
MY_0p5_4.2500_102.7500,102.75,4.25,1988-04-01,1988,4,196.48425448472332,110.47281634579798,143.50647827925954,14.070793051628552,16.185194805169562,30.255988473345525,40.86802526340364,123.12501705679927,248.7254504064086,425.52568851155087,838.2441896086286
MY_0p5_4.2500_103.2500,103.25,4.25,1988-04-01,1988,4,178.90059242700872,112.66712619369454,131.5317639606755,10.795676922548939,5.515230771141185,16.310907573234743,40.00710695379703,120.52556554282587,243.3577855339449,414.8943990780502,818.7848419295786
MY_0p5_4.2500_113.7500,113.75,4.25,1988-04-01,1988,4,317.88032870822485,125.9157412557891,125.61211092966907,50.691623471817884,33.72883875864857,84.42045866768315,42.10777441060768,127.31858523386832,259.9021692815817,456.50384492694207,885.8324066737913
MY_0p5_4.2500_114.2500,114.25,4.25,1988-04-01,1988,4,308.5934814708503,126.52117339616578,128.85423143305835,58.45398662081097,39.81319471675918,98.26718054222786,42.16695256767125,127.47074218514345,260.1457261486864,456.91681992225216,886.700214636372
MY_0p5_4.2500_114.7500,114.75,4.25,1988-04-01,1988,4,279.3447229003907,126.0211120605469,141.96437184651694,81.41450210571288,86.91305252075198,168.32755310058593,42.48775418599447,128.35263682047528,261.58394205729167,458.86401672363286,891.2883553059897
MY_0p5_4.2500_115.2500,115.25,4.25,1988-04-01,1988,4,225.46697118547232,119.24242628945244,147.77919552061294,41.10273804929521,91.07184195518495,132.17457413673398,41.85341950257619,126.30842802259659,256.3474997414483,443.6306504143609,868.1400108337403
MY_0p5_4.2500_115.7500,115.75,4.25,1988-04-01,1988,4,189.23566863496427,109.1462604070114,142.9066951945677,28.206004158925204,80.36007858534992,108.56608211711304,41.36247340056856,124.86173887091167,253.52208789890096,438.57762006339385,858.3238918498412
MY_0p5_4.2500_116.2500,116.25,4.25,1988-04-01,1988,4,162.8183963124345,115.22282088675152,148.0558912695908,22.981203660732366,75.42419917409013,98.40540095073422,41.31255905802657,124.68080483413326,253.08692383184672,437.8264919374047,856.9067777308023
MY_0p5_4.2500_116.7500,116.75,4.25,1988-04-01,1988,4,141.9176471688155,117.9267712631667,146.0619453915282,12.574183695578162,55.508123188349565,68.0823054451474,41.04566234522473,123.99749385414788,252.20197644536898,437.5275580786556,854.7727128398213
MY_0p5_4.2500_117.2500,117.25,4.25,1988-04-01,1988,4,120.19966476575465,119.11370316226927,144.75934371273075,6.568123024121849,23.43911535971988,30.007237316232867,40.554078211826564,122.65154553303678,249.94632666933853,434.27894592285156,847.4309203561429
MY_0p5_4.2500_117.7500,117.75,4.25,1988-04-01,1988,4,101.50449338733641,118.39799522334694,134.47925854544354,3.1085982159671626,6.875192418057695,9.98379058511848,38.34467511299329,115.0404768071623,233.97031415629593,403.4260380410741,790.7815144856771
MY_0p5_4.2500_118.2500,118.25,4.25,1988-04-01,1988,4,79.45517516554449,117.88183798985176,119.4323873337667,1.4278697694183158,1.355639593616413,2.7835093744241513,35.22530143883578,103.81778751057426,210.4756240358778,360.0560623460515,709.5747812842109
MY_0p5_4.2500_118.7500,118.75,4.25,1988-04-01,1988,4,68.01698854234483,118.08724975585938,112.31414794921875,1.4909193515777588,0.737895131111145,2.2288146018981934,33.683719635009766,98.12049865722656,198.69503784179688,339.40142822265625,669.9006958007812
MY_0p5_4.7500_100.2500,100.25,4.75,1988-04-01,1988,4,338.0920749240452,117.85171339246963,,,,,,,,,
MY_0p5_4.7500_100.7500,100.75,4.75,1988-04-01,1988,4,323.12018142769875,114.65389248924534,140.45510020682482,44.24689401456011,71.17078691187912,115.41768137613933,42.48768395524684,128.27380842503493,260.8669431112646,455.56115784683846,887.1895960365854
MY_0p5_4.7500_101.2500,101.25,4.75,1988-04-01,1988,4,288.1736918821174,108.10174616253565,136.03819144112722,29.944025657290503,53.40197736346532,83.34600306919643,41.84945383223276,126.12450726221479,255.1680495973617,439.04946850973465,862.1914794921875
MY_0p5_4.7500_101.7500,101.75,4.75,1988-04-01,1988,4,240.27159944765125,110.95634155273439,151.9867862277561,17.671350137014237,19.022462656384427,36.6938143563649,41.34169220697313,124.55129370310952,251.70766979399184,431.85367518833704,849.4543209015377
MY_0p5_4.7500_102.2500,102.25,4.75,1988-04-01,1988,4,193.3975603376116,114.10555877685546,149.5765142531622,15.351527150472004,26.49506271453131,41.846589805966325,41.32977207728795,124.56337055024646,251.99419686453683,433.05643949962797,850.9438092912947
MY_0p5_4.7500_102.7500,102.75,4.75,1988-04-01,1988,4,161.22136926347278,113.81541156161362,140.77337058486447,12.559164025980952,12.323662084379013,24.882826130860924,40.67681513014872,122.45529877000551,246.9220151961988,420.93949929012604,830.9936255193818
MY_0p5_4.7500_103.2500,103.25,4.75,1988-04-01,1988,4,148.06442470460144,116.54817305038227,125.33091980768747,8.566251033346592,5.913426656344721,14.479677573341288,38.4211908600867,114.72636641611474,230.9889619834309,391.79842036060745,775.9349189561234
MY_0p5_4.7500_103.7500,103.75,4.75,1988-04-01,1988,4,139.6645821019223,117.9859848022461,108.16085944237648,5.435906589805306,1.148780973700734,6.584687332054237,34.60181848104898,100.96265589726436,203.275811926111,344.37210201907465,683.212369844511
MY_0p5_4.7500_113.7500,113.75,4.75,1988-04-01,1988,4,262.8758850097656,128.33248901367188,,,,,,,,,
MY_0p5_4.7500_114.2500,114.25,4.75,1988-04-01,1988,4,262.8758850097656,128.6263656616211,124.8496322631836,46.365177154541016,15.399506568908691,61.76468276977539,41.86016845703125,126.6202392578125,258.58050537109375,453.796142578125,880.8570556640625
MY_0p5_4.7500_114.7500,114.75,4.75,1988-04-01,1988,4,246.01438444404195,130.27806025679394,138.8402817428753,67.99384320166804,44.11901248398648,112.11285810573128,42.06220085390153,127.12327641312794,259.1648507066953,453.8587466004074,882.2090650989164
MY_0p5_4.7500_115.2500,115.25,4.75,1988-04-01,1988,4,209.6089665095011,127.88840512434639,153.40019170443216,31.3711521923542,45.560426364342355,76.93157530824342,41.41729325056075,124.92860531806943,253.04076941808057,435.4946233431497,854.8812888463337
MY_0p5_4.7500_115.7500,115.75,4.75,1988-04-01,1988,4,178.68594583178321,119.37071320064483,150.43552144368488,23.16449463253929,50.79708477201916,73.96157769097222,41.18984637790256,124.23416985405815,251.68277859157985,433.4109527103484,850.5177548363095
MY_0p5_4.7500_116.2500,116.25,4.75,1988-04-01,1988,4,139.0389503115699,118.01704871768041,155.66691385904943,21.580524583846795,58.652655198838964,80.23317805698939,41.30442302643306,124.61347569056916,252.77526361374626,436.8923776777963,855.5855255611358
MY_0p5_4.7500_116.7500,116.75,4.75,1988-04-01,1988,4,108.38821367674234,118.13781257822544,150.0518165781528,13.460500122625616,55.416914613941046,68.87741486030289,40.886549804784075,123.4753745115256,250.92306368864035,434.4443028124073,849.7292826205869
MY_0p5_4.7500_117.2500,117.25,4.75,1988-04-01,1988,4,88.54567708817738,117.67449415903242,146.3279370504712,8.791089654347251,47.17827884734623,55.96937025766523,40.73448001922123,123.0832759070018,250.4079797653925,434.0254560198103,848.2511935763889
MY_0p5_4.7500_117.7500,117.75,4.75,1988-04-01,1988,4,74.7933545172969,117.88192128531541,145.1575874618337,5.54948343808138,27.081482027150404,32.63096653660641,40.43096848982799,122.1502398478834,248.39050167421743,429.6668517680107,840.6385793565195
MY_0p5_4.7500_118.2500,118.25,4.75,1988-04-01,1988,4,67.34915276148811,118.43646876656234,144.38433623194098,3.7763346164070786,12.818462424541838,16.59479723024608,39.854520826483494,120.41204293409187,244.70755050889218,421.9944499413572,826.9685760958112
MY_0p5_4.7500_118.7500,118.75,4.75,1988-04-01,1988,4,64.92533806909489,118.3266102271744,145.16207885742188,3.3743581802030147,5.330902768086784,8.705260904529426,38.933908969541136,117.60864083978194,238.21521536911592,407.3320834002917,802.0898507033722
MY_0p5_5.2500_100.2500,100.25,5.25,1988-04-01,1988,4,320.5777803101291,119.33002432233336,67.314453125,11.82828140258789,0.07200866937637329,11.900289535522461,27.185806274414062,72.37967681884766,141.7571563720703,228.50982666015625,469.83245849609375
MY_0p5_5.2500_100.7500,100.75,5.25,1988-04-01,1988,4,302.8893689922258,116.30074846291845,137.53453046426006,29.232829236436167,40.935539001706005,70.1683708717083,40.609765765310705,121.40521775168935,242.88516603667162,410.96954906945945,815.8697166004401
MY_0p5_5.2500_101.2500,101.25,5.25,1988-04-01,1988,4,268.3288015214224,112.67864261203343,139.11915874178447,16.212839783562558,26.940523223555278,43.15336339284503,40.800209445045105,122.66150345575241,246.07043287489148,415.2604872930618,824.7926449730282
MY_0p5_5.2500_101.7500,101.75,5.25,1988-04-01,1988,4,220.31957346922277,113.63857964193748,144.61385306583088,8.977922500318785,4.761691606016296,13.739614451766776,39.55654812466567,118.92173677189336,238.2005113735321,399.62869340447105,796.3074838431778
MY_0p5_5.2500_102.2500,102.25,5.25,1988-04-01,1988,4,168.7699537337965,121.6970223833801,139.52441775571006,8.145945603680458,2.9011693915743737,11.047114581818793,38.86810713361024,116.91369597319584,234.8157385078964,396.62729280313863,787.2248410753383
MY_0p5_5.2500_102.7500,102.75,5.25,1988-04-01,1988,4,138.69895502643396,120.46174436921527,131.2259874246888,7.795835233946976,3.27499587889445,11.070831221241063,38.072333099882485,114.03915188029661,229.18314555539922,389.6775140277409,770.9721330028468
MY_0p5_5.2500_103.2500,103.25,5.25,1988-04-01,1988,4,135.11389962655528,122.93757540586763,132.26406141999482,7.788104744700642,1.585876171078001,9.373980330182361,38.479069449684836,115.73720347416867,232.56061682763038,392.9918965921774,779.768775048194
MY_0p5_5.2500_115.2500,115.25,5.25,1988-04-01,1988,4,184.1028572820848,132.64783674670807,158.5073344746574,13.936915569618101,13.218166133419412,27.155080756203073,40.47204195866819,121.9311034405818,246.01968834048412,419.5514426309554,827.9742661773183
MY_0p5_5.2500_115.7500,115.75,5.25,1988-04-01,1988,4,166.56119560318248,130.6556875494462,156.28986056053031,10.623550848233496,15.529929584567826,26.15348023883367,40.27871096336234,121.30350918527375,244.5640895520226,416.38911929373006,822.5354043217028
MY_0p5_5.2500_116.2500,116.25,5.25,1988-04-01,1988,4,120.10495509377007,124.81950665727445,152.94119842143,10.029347125487991,21.596162856379642,31.62550984153265,40.25691796556304,121.37700457512578,245.4796050349368,420.4713376202161,827.584855478021
MY_0p5_5.2500_116.7500,116.75,5.25,1988-04-01,1988,4,87.80441793610777,122.63689864436282,151.96854651728762,10.437157810488834,39.672458576250676,50.10961619509926,40.293911426882204,121.68126898174043,247.0890813417072,426.29144480258594,835.3556974386867
MY_0p5_5.2500_117.2500,117.25,5.25,1988-04-01,1988,4,73.6091097877139,122.328885590084,151.76610354468937,10.220379955049545,49.60322883242653,59.82360951257131,40.54779502020942,122.55186142694383,249.43182828388518,432.4606481158544,844.9921200706843
MY_0p5_5.2500_117.7500,117.75,5.25,1988-04-01,1988,4,66.5087651328435,121.2541957794674,149.6909668453156,6.541777833302815,39.137691752115884,45.67947109161861,40.61719717600988,122.81121259416851,250.22790788922984,434.78046971881196,848.4367840479291
MY_0p5_5.2500_118.2500,118.25,5.25,1988-04-01,1988,4,65.50712174635669,120.29026150551572,151.20520413149694,4.055160047142369,19.799167364266268,23.85432669159713,40.403176678214095,122.14940222964924,248.75521748536713,431.55402651258333,842.8618296240545
MY_0p5_5.2500_118.7500,118.75,5.25,1988-04-01,1988,4,66.29925437927247,118.67842341831752,148.9272869957818,3.423518690798018,6.205449640750885,9.628968000411987,38.84187364578248,117.33298354678683,237.34517415364587,405.020989312066,798.541029188368
MY_0p5_5.2500_119.2500,119.25,5.25,1988-04-01,1988,4,67.62616228077509,118.0713600521996,147.3558349609375,3.261608839035034,1.6516104936599731,4.913219451904297,38.08656311035156,115.00507354736328,231.82785034179688,392.19232177734375,777.11181640625
MY_0p5_5.7500_100.2500,100.25,5.75,1988-04-01,1988,4,290.61533527546095,122.98739187567082,97.27823652914905,7.9772101411032015,0.038768411007359484,8.015978485072424,31.36730236088464,84.99325232549545,143.84451237949756,304.35712369866326,564.5621993038633
MY_0p5_5.7500_100.7500,100.75,5.75,1988-04-01,1988,4,272.03261878603985,121.29951152498761,130.90465977986653,8.648144162495932,0.2602547306350122,8.908398553530374,36.858598454793295,107.74554651896158,204.9957269795736,332.3801331583659,681.9800177001953
MY_0p5_5.7500_101.2500,101.25,5.75,1988-04-01,1988,4,244.41047926775116,120.07178004707878,137.73216043307087,6.699664754191723,0.37309051649718306,7.0727553724303975,38.00501231696662,113.52810197364629,222.07402495136415,355.5170075424075,729.1241834745633
MY_0p5_5.7500_101.7500,101.75,5.75,1988-04-01,1988,4,197.20271066029872,120.48082192738852,134.76369740168255,4.405634798606238,0.11288328908752496,4.518518307805061,36.26707402070364,108.88013900121054,214.20070241292322,348.56989974975585,707.9178100585938
MY_0p5_5.7500_102.2500,102.25,5.75,1988-04-01,1988,4,143.15829206124332,128.33469385978503,115.72004769065164,2.628907428044663,0.12442378789237041,2.7533311221736043,33.58392317929252,102.05324582700375,203.65515080204713,339.58332963423294,678.8756300800978
MY_0p5_5.7500_102.7500,102.75,5.75,1988-04-01,1988,4,122.63382668631418,125.45332125321175,96.4117431640625,2.9919798374176025,0.314937561750412,3.306917190551758,30.475738525390625,88.69869995117188,178.30186462402344,314.61065673828125,612.0869750976562
MY_0p5_5.7500_103.2500,103.25,5.75,1988-04-01,1988,4,126.04898071289062,126.70752716064453,,,,,,,,,
MY_0p5_5.7500_115.2500,115.25,5.75,1988-04-01,1988,4,165.85865580240886,135.05523071289065,152.8789825439453,3.975564956665039,0.52957683801651,4.505141735076904,38.45132827758789,115.97025299072266,233.46173095703125,393.92608642578125,781.8093872070312
MY_0p5_5.7500_115.7500,115.75,5.75,1988-04-01,1988,4,143.54252736846362,132.32720469843392,145.95167512439545,4.999838486171904,6.632923252809615,11.632761759985062,38.50124740600587,116.2661148071289,234.13100135439916,394.4635564894904,783.3619245256696
MY_0p5_5.7500_116.2500,116.25,5.75,1988-04-01,1988,4,103.04597821916852,125.60850389268663,141.93403954884363,5.08685361847045,12.81739064227967,17.90424465149168,38.68700422256712,116.8593036227756,235.67590675959508,398.2974461146763,789.5196765718005
MY_0p5_5.7500_116.7500,116.75,5.75,1988-04-01,1988,4,74.36542719280908,121.70222301180401,143.86325480143228,5.282048051319425,25.384660789701673,30.66670880241999,39.34829667106507,118.88237900506881,241.0792171902127,413.10124182322664,812.411140562996
MY_0p5_5.7500_117.2500,117.25,5.75,1988-04-01,1988,4,63.399298321937536,126.50192265555684,150.65722328932128,6.272977996699817,25.563221516293307,31.83619863829026,39.841834227745466,120.57100111904205,245.77999512103833,426.11368568011255,832.3065035365734
MY_0p5_5.7500_117.7500,117.75,5.75,1988-04-01,1988,4,60.03744828965929,126.24638533819291,151.24709248382774,4.5627961814803575,13.048854475853426,17.61165054372493,39.84608482514452,120.61602427335394,246.02555626990812,427.3657910647808,833.8534386141988
MY_0p5_5.7500_118.2500,118.25,5.75,1988-04-01,1988,4,63.82968383215963,123.46860275268556,151.63274034288193,5.501202636294895,4.891862445407444,10.393064804077149,39.67252107408312,119.94109676784937,243.8953436279297,421.1663123914931,824.675250922309
MY_0p5_5.7500_118.7500,118.75,5.75,1988-04-01,1988,4,67.01915990389311,120.89848136901857,152.1754913330078,6.640302658081055,2.6645150184631348,9.304817199707031,39.66929626464844,119.85607147216797,243.39353942871094,419.28961181640625,822.20849609375
MY_0p5_6.2500_99.7500,99.75,6.25,1988-04-01,1988,4,249.57328646790748,129.18915512982537,121.31469318478607,6.855834683706594,8.442247635684909E-4,6.856678740922795,37.19293851630632,108.71257515840752,202.0516364518986,299.3571543139081,647.3143196993096
MY_0p5_6.2500_100.2500,100.25,6.25,1988-04-01,1988,4,256.9819993972779,127.82724413275719,120.03268410818916,7.2947745478883075,0.026990707217934257,7.321765272957938,35.03186801209741,98.5125798439493,168.22946005062178,326.3596718301578,628.1335837850764
MY_0p5_6.2500_100.7500,100.75,6.25,1988-04-01,1988,4,239.18476897132902,127.25266039049305,126.26965066917154,5.3023461301354375,0.01804251719309326,5.320388823402435,35.346042029185654,102.59265605086985,188.50380144156088,318.60460223930687,645.0471141918288
MY_0p5_6.2500_101.2500,101.25,6.25,1988-04-01,1988,4,215.47928396371697,126.94545933650092,126.32535376915565,4.7590559592613815,0.018904834097394577,4.777960703923152,35.22938408484826,104.29663085937501,198.95631690392128,316.5641545222356,655.0464806189905
MY_0p5_6.2500_101.7500,101.75,6.25,1988-04-01,1988,4,152.36158752441403,131.02118203299386,112.03140476771763,2.284547618457249,0.007953586480081347,2.292501173700605,31.84827314104352,97.44517844063894,189.56792079380577,318.23977486746645,637.1011492047991
MY_0p5_6.2500_102.2500,102.25,6.25,1988-04-01,1988,4,127.5010151863098,132.87129881323838,105.01824188232422,1.653790831565857,1.7886291607283056E-4,1.653969645500183,31.16339683532715,97.23774719238281,192.15013122558594,315.3652038574219,635.9164428710938
MY_0p5_6.2500_115.7500,115.75,6.25,1988-04-01,1988,4,103.48878635059704,133.85376080599698,148.57212829589844,3.3924224376678467,0.6734634041786194,4.0658860206604,36.8232536315918,111.61800384521484,223.9756317138672,371.1055603027344,743.5224609375
MY_0p5_6.2500_116.2500,116.25,6.25,1988-04-01,1988,4,89.58787550005995,130.47068575808876,144.67395053140916,3.224751634219669,1.3802849228949274,4.605036746037689,36.90051935002667,111.65992323417494,224.17651360465567,372.73538678543156,745.4723516119734
MY_0p5_6.2500_116.7500,116.75,6.25,1988-04-01,1988,4,69.79579787481399,128.02317073761472,143.85648639012896,4.013436628523326,7.825574000014199,11.839010421813478,37.619256470695376,113.71905817909847,229.48072572738405,387.1866266159784,768.0056716192336
MY_0p5_6.2500_117.2500,117.25,6.25,1988-04-01,1988,4,59.02683100624691,130.25860697428385,146.46146162729414,3.550042869931175,10.617400037296235,14.16744248072306,37.680636318146234,113.86517438131665,231.31965656583273,395.9521882556733,778.8176627991692
MY_0p5_6.2500_117.7500,117.75,6.25,1988-04-01,1988,4,55.582326213518776,130.0185468196869,146.31109610217356,2.1006188448409593,6.60611561929796,8.706734425840322,37.34752713030542,112.86746751216418,229.4587647733633,393.06696145576353,772.7407212285273
MY_0p5_6.2500_118.2500,118.25,6.25,1988-04-01,1988,4,56.77601105826242,129.08907318115234,149.46030589512418,2.12583960379873,6.131342293827662,8.257182112761907,37.934120723179404,114.9550952911377,233.5664525713239,399.6383340018136,786.09398324149
MY_0p5_6.7500_100.2500,100.25,6.75,1988-04-01,1988,4,243.07092621747182,129.5897902320413,130.47233172023996,8.258436662309311,0.028893494634865097,8.287330066456516,37.05456369063434,107.19104323667639,192.90281800662768,316.43344004013954,653.5818575690773
MY_0p5_6.7500_100.7500,100.75,6.75,1988-04-01,1988,4,219.70348555953416,130.77428125452113,119.13353418420863,4.859033867164896,0.020652977680718464,4.879686744124802,33.7660553543656,97.60164077193649,178.9763177942347,308.840806749132,619.1847986291957
MY_0p5_6.7500_116.2500,116.25,6.75,1988-04-01,1988,4,63.871990949258034,135.0896881458371,140.08468106897868,1.4448133619820203,0.16832157242588883,1.613135023814876,35.08088628257194,106.86770071634433,215.39248098978183,358.193235071694,715.5342972918255
MY_0p5_6.7500_116.7500,116.75,6.75,1988-04-01,1988,4,59.82423852111579,134.7331203818321,134.52895442676166,1.3765606842493352,0.6817044774475306,2.058265273278881,34.31327031252413,103.71850703544769,209.5645212165923,350.55316150047094,698.1494673777946
MY_0p5_6.7500_117.2500,117.25,6.75,1988-04-01,1988,4,53.36492373800685,133.96400862473706,130.73704744862243,1.218377541651768,0.7776657747253115,1.996043364031125,33.649115435845026,101.09618657880125,204.80365699160416,344.86952371512893,684.4184937603706
MY_0p5_6.7500_117.7500,117.75,6.75,1988-04-01,1988,4,51.125063472323944,132.63134045071072,135.74632120132446,1.2966082133352754,0.17753529676701874,1.4741434641182423,34.28205478191376,103.13995599746704,208.9143948554993,352.4923648834228,698.8287677764893
MY_0p5_7.2500_116.7500,116.75,7.25,1988-04-01,1988,4,44.90675354003906,136.90401931036084,123.59885539179263,0.5609001377354497,0.015889717193077437,0.5767898528472236,31.66132411127505,96.43573356296704,194.86256541376528,325.38410432235054,648.3437165633492
MY_0p5_7.2500_117.2500,117.25,7.25,1988-04-01,1988,4,41.47030663705087,136.67602731515694,120.08526049162212,0.5549691454360359,0.010368091392477876,0.5653372350491975,30.93389703850997,94.02996617367393,190.0469130666632,317.8130146227385,632.823783151727
MY_0p5_0.7500_110.2500,110.25,0.75,1988-05-01,1988,5,271.7634732759916,112.21188507080079,126.18717933067911,49.288070150522096,145.2299026489258,194.51796945425184,42.73596267700196,129.06380122258116,262.7216698279748,459.45500065730175,893.976455453726
MY_0p5_0.7500_110.7500,110.75,0.75,1988-05-01,1988,5,293.76451285226005,114.31595622471401,133.6456059047154,63.34107371738978,152.6409203665597,215.98198634556363,42.9284595489502,129.6914790562221,264.34280351911275,464.41046447753905,901.3731828962053
MY_0p5_0.7500_111.7500,111.75,0.75,1988-05-01,1988,5,313.5318114265563,110.96158515082465,122.94642396957157,80.49462660532149,194.9905007983011,275.48510693746897,43.13759037804982,130.29210965595547,265.40275065104163,465.94562687949536,904.778078109499
MY_0p5_1.2500_103.2500,103.25,1.25,1988-05-01,1988,5,210.67939121283374,111.15097394035858,104.87048287825151,22.598233829845082,70.71166107871315,93.3098975094882,38.96255952661688,115.80895788019355,236.93572685935283,418.17559467662466,809.8828499533913
MY_0p5_1.2500_103.7500,103.75,1.25,1988-05-01,1988,5,223.96459916494425,109.56886054474174,95.99907321374394,23.5734288298968,92.58470294544998,116.15813594188505,40.27572650353885,120.69434364096634,246.9252397852037,436.0584156814131,843.9537460179005
MY_0p5_1.2500_104.2500,104.25,1.25,1988-05-01,1988,5,237.55007912772044,109.32072285243441,85.92536163330078,25.69333839416504,119.06600952148438,144.7593536376953,42.006744384765625,127.12313842773438,260.0783996582031,459.5963134765625,888.8046264648438
MY_0p5_1.2500_109.7500,109.75,1.25,1988-05-01,1988,5,229.053377082549,117.23510392889919,132.66427943218187,30.033954850162367,102.96659345511931,133.000537550593,42.768226853336195,129.28194013848363,263.90163449206983,465.07563726586034,901.0274224338762
MY_0p5_1.2500_110.2500,110.25,1.25,1988-05-01,1988,5,258.16094275515053,113.95907990444582,128.8531465272646,42.726248221968135,128.88954389417495,171.61579064328703,42.714391804109674,129.03207232501055,262.84476674201414,460.50583074267774,895.0970762981872
MY_0p5_1.2500_110.7500,110.75,1.25,1988-05-01,1988,5,277.38612922789554,115.06075657435825,135.81275935097344,54.827326238723025,134.04183981759206,188.86916014656185,42.86344100709945,129.52573038736978,264.1625028095548,464.6453879704551,901.1970460921998
MY_0p5_1.2500_111.2500,111.25,1.25,1988-05-01,1988,5,290.26504672601965,113.50206512841174,132.73101372764518,67.29981513221425,172.08857641738064,239.38838005675296,43.01051024659374,129.93182421797002,264.7810954621044,465.03543295570836,902.7588616026857
MY_0p5_1.2500_111.7500,111.75,1.25,1988-05-01,1988,5,299.21950809539305,110.55032954140316,122.31291634695872,73.162414126926,184.68072703528023,257.84312729608445,43.07875666542659,130.11807856484066,265.06183539496527,465.2680484832278,903.5267198350695
MY_0p5_1.2500_112.2500,112.25,1.25,1988-05-01,1988,5,295.15487546969183,107.67492873293493,119.46606983630184,69.28494634483066,172.03094040923915,241.31587784665487,43.017825402584165,129.94117488957903,264.7186556588575,464.6165557706416,902.2941885236555
MY_0p5_1.2500_112.7500,112.75,1.25,1988-05-01,1988,5,285.30209668477374,104.38005240758261,114.96475887298584,59.519501288731895,174.94614601135257,234.46564133961994,42.94773586591086,129.6935806274414,263.9675877888997,461.965150197347,898.574052174886
MY_0p5_1.2500_113.2500,113.25,1.25,1988-05-01,1988,5,298.8326803456182,102.78857926078464,114.89656670611838,55.2222357376762,185.66271402110226,240.88494408648947,42.894056137748386,129.505822488536,263.4684636655061,460.4408744480299,896.3091982634171
MY_0p5_1.2500_113.7500,113.75,1.25,1988-05-01,1988,5,308.1039699207652,101.1120082392837,115.69191106160481,59.03037857286858,181.3728542905865,240.40323049371892,42.80373732248942,129.2209532766631,262.80630863074094,458.66982223048353,893.5008133396957
MY_0p5_1.2500_114.2500,114.25,1.25,1988-05-01,1988,5,315.4737573134161,98.50000897972984,119.46988083830978,56.72575759887695,165.33235060430206,222.05810438848175,42.82842052088375,129.30910714748688,263.067725527603,459.6320560421564,894.8373256447042
MY_0p5_1.2500_114.7500,114.75,1.25,1988-05-01,1988,5,314.05570934664814,95.19291687011719,119.06089192052042,52.24552117624591,143.98795047883064,196.2334747314453,42.7552609597483,129.07257080078125,262.4615232406124,457.8609117077243,892.1502823368195
MY_0p5_1.7500_102.7500,102.75,1.75,1988-05-01,1988,5,203.94823578049466,113.62525526858168,120.69033312797546,22.60399749875069,72.43477129936218,95.03876852989197,41.06485342979431,123.37513756752014,252.15057039260864,444.4921989440918,861.0827560424805
MY_0p5_1.7500_103.2500,103.25,1.75,1988-05-01,1988,5,211.40235506153473,110.28281543982075,116.53895908355713,17.80933572292328,80.99095455169677,98.8002903366089,41.010643882751474,123.16320602416992,251.78991683959958,444.134104309082,860.0978686523438
MY_0p5_1.7500_103.7500,103.75,1.75,1988-05-01,1988,5,223.5004553975938,109.00668740574315,104.62766461432734,23.087176594553114,91.60310334797146,114.69028236292586,41.071843062775045,123.52636873269383,252.6538776445992,445.9196476996699,863.1717506118969
MY_0p5_1.7500_104.2500,104.25,1.75,1988-05-01,1988,5,233.49242219924926,109.21595759391785,98.57024655600851,26.92673198197239,104.61796889194221,131.5447050582531,42.15737512869428,127.58986338534096,261.03078182723175,460.96638618883236,891.744427821433
MY_0p5_1.7500_109.7500,109.75,1.75,1988-05-01,1988,5,223.1307286107263,117.5967841037484,133.12464904785156,29.747394561767578,102.17195892333984,131.91934204101562,42.77995681762695,129.3228759765625,264.01959228515625,465.4731140136719,901.5955200195312
MY_0p5_1.7500_110.2500,110.25,1.75,1988-05-01,1988,5,235.2145280302241,116.97722618025965,133.27591684922814,32.54237282084909,101.18118816518528,133.7235634543679,42.68804109542765,129.0142822265625,263.16135867521723,462.66377805006056,897.5274619036179
MY_0p5_1.7500_110.7500,110.75,1.75,1988-05-01,1988,5,247.18094981800422,116.20334659923206,139.45067901611327,39.62704582214355,98.82997093200683,138.4570167541504,42.74803504943848,129.2414924621582,263.91376037597655,465.40335235595705,901.3066406249999
MY_0p5_1.7500_111.2500,111.25,1.75,1988-05-01,1988,5,248.42672351655503,114.20245501805864,133.85509388058688,47.689868483432505,132.62955041929735,180.31941961244095,42.84340484973997,129.476550434911,264.10080708348477,464.5698513297147,900.9906093863553
MY_0p5_1.7500_111.7500,111.75,1.75,1988-05-01,1988,5,259.071850450733,110.07850110983546,123.01184135147282,48.204352547850775,148.94815358029132,197.15250546419165,42.93591744386696,129.7333278414569,264.515108905261,465.0403098577184,902.2246740799914
MY_0p5_1.7500_112.2500,112.25,1.75,1988-05-01,1988,5,270.82432425362725,106.60054728190103,119.3011897495815,50.12935531858414,161.38948838975693,211.5188397119916,42.96021321614583,129.77391866048174,264.4037265353732,464.02903888036326,901.1668815491693
MY_0p5_1.7500_112.7500,112.75,1.75,1988-05-01,1988,5,282.4168885246156,104.94749903603206,118.48476896740142,53.53708004421658,164.23900432283915,217.77608080667162,42.91548596336728,129.6326161702474,264.0426262749566,462.8869739350818,899.4776987227183
MY_0p5_1.7500_113.2500,113.25,1.75,1988-05-01,1988,5,293.82337694924973,104.03170304071335,120.13884015764509,53.40857170952691,169.68948189871654,223.0980501689608,42.85553126259455,129.44139118497333,263.6048125736297,461.743475438678,897.6452041868179
MY_0p5_1.7500_113.7500,113.75,1.75,1988-05-01,1988,5,305.85600256541414,102.09537816123355,120.84484015570746,60.4806156461201,178.6746384878007,239.1552498469277,42.78293145800394,129.1958056737506,262.9242543054005,459.4700083899119,894.3730044410341
MY_0p5_1.7500_114.2500,114.25,1.75,1988-05-01,1988,5,318.38623608785963,99.27027021135602,124.26492837572854,55.1685683598594,163.17423396034846,218.34280080643907,42.742231084430024,129.08416873992434,262.7541134788877,459.40220918201265,893.9827282133556
MY_0p5_1.7500_114.7500,114.75,1.75,1988-05-01,1988,5,321.3734061285622,96.89051320762833,127.27496029552401,60.470230735027734,147.62493430023983,208.09516606306167,42.74859611234517,129.06927403267184,262.56954244504936,458.60773479876747,892.9951728465027
MY_0p5_2.2500_101.7500,101.75,2.25,1988-05-01,1988,5,203.8520288949061,116.3728150647096,126.1455448805684,32.34439645632349,69.6975449070786,102.04193993770717,41.88680841465189,126.47476805099335,258.59011131826077,455.99691094292535,882.9485806551849
MY_0p5_2.2500_102.2500,102.25,2.25,1988-05-01,1988,5,206.33369336287942,113.90250765421743,122.548539668179,31.700977626599766,70.82334032925692,102.52431769120066,41.67442496997889,125.66897918847187,256.69819334477324,451.6302972090872,875.6718971946023
MY_0p5_2.2500_102.7500,102.75,2.25,1988-05-01,1988,5,206.6422354299811,112.41938243334805,122.68809103663965,27.100018374527554,75.75771875019316,102.85773740840862,41.82024750528456,126.08704199972033,257.70535167259504,454.5957364432419,880.2083693878561
MY_0p5_2.2500_103.2500,103.25,2.25,1988-05-01,1988,5,210.66815858871215,108.86672682989213,120.54911905924479,28.134494330391057,89.57081800188337,117.70531369163875,42.19952467661055,127.40917421371218,260.2718103802394,458.59156901041666,888.4720658559646
MY_0p5_2.2500_103.7500,103.75,2.25,1988-05-01,1988,5,220.22305044400485,108.73169796183959,116.58474946102852,32.5603157043457,77.15009098376258,109.71040615793002,41.95497250314486,126.64157388978084,258.89075244968217,456.3787436275159,883.8660464529263
MY_0p5_2.2500_104.2500,104.25,2.25,1988-05-01,1988,5,228.77103678385419,109.47906984158651,117.94630419518337,31.79622122078888,62.176953654643924,93.97317586851514,42.35201276038304,128.21429973003293,262.401104887655,463.4223514273147,896.3897800918454
MY_0p5_2.2500_104.7500,104.75,2.25,1988-05-01,1988,5,243.24002075195312,110.0081787109375,,,,,,,,,
MY_0p5_2.2500_109.7500,109.75,2.25,1988-05-01,1988,5,201.9495549355784,117.8149411601405,,,,,,,,,
MY_0p5_2.2500_111.2500,111.25,2.25,1988-05-01,1988,5,227.76225531101227,113.86896950006485,128.28591896505915,29.398369200089395,107.76077270507811,137.15913895999682,42.83398387011359,129.52032829733454,264.5672414443072,467.0859837251551,904.0075539981617
MY_0p5_2.2500_111.7500,111.75,2.25,1988-05-01,1988,5,239.88303450327075,111.24078742133247,127.63650335887122,31.519594834342833,114.57594367133247,146.0955335102384,42.86604799543108,129.60548197428383,264.68671051509796,467.1409229096912,904.299171859499
MY_0p5_2.2500_112.2500,112.25,2.25,1988-05-01,1988,5,259.13592742435515,108.16330944242932,125.34958798847501,37.97088561285109,134.870564633324,172.84144553532676,42.92646366906544,129.7511012001643,264.78418462844127,466.53370826357883,903.9954522026909
MY_0p5_2.2500_112.7500,112.75,2.25,1988-05-01,1988,5,274.51076727973094,106.20387115478516,126.22179868183437,44.09172682989212,139.74896748860678,183.8406972733755,42.88378516303169,129.61472221253408,264.424560546875,465.3220781598772,902.2451400514634
MY_0p5_2.2500_113.2500,113.25,2.25,1988-05-01,1988,5,285.6599074590774,105.21146547832188,130.81479879712302,54.09782494439019,145.3248512389168,199.4226799858941,42.8247324383448,129.4254103403243,263.9700953892299,464.0467816065229,900.267027452257
MY_0p5_2.2500_113.7500,113.75,2.25,1988-05-01,1988,5,303.1982224862787,102.2927603902696,131.89175154287605,59.18417891973182,167.18838259540027,226.37255980093272,42.73345541652246,129.09440704538852,262.9467331125767,460.35698680636256,895.1315929557703
MY_0p5_2.2500_114.2500,114.25,2.25,1988-05-01,1988,5,325.83648865714906,99.39519590347531,134.96972152467757,59.55059517754449,173.63998209635417,233.1905782063802,42.709709337022566,129.00003976973275,262.6290022592696,459.2282167464967,893.5669485909599
MY_0p5_2.2500_114.7500,114.75,2.25,1988-05-01,1988,5,330.91607360839845,96.69250549808626,135.91049908053492,71.39219647069132,151.10059527735558,222.49279541507846,42.80431925865912,129.24545494817917,262.9744084512034,459.71011893979966,894.7343249905496
MY_0p5_2.2500_115.2500,115.25,2.25,1988-05-01,1988,5,324.282470703125,94.84526824951172,135.06011962890625,41.55161666870117,48.12874984741211,89.68036651611328,42.17333984375,127.01600646972656,256.6700439453125,441.5228271484375,867.3822631835938
MY_0p5_2.7500_101.2500,101.25,2.75,1988-05-01,1988,5,173.05625915527344,117.3818359375,120.8113784790039,18.810264587402344,60.03061294555664,78.84087371826172,42.10092544555664,127.47560119628906,261.0081481933594,461.19329833984375,891.7779541015625
MY_0p5_2.7500_101.7500,101.75,2.75,1988-05-01,1988,5,197.70025926955202,114.16530892112037,112.00232294256035,39.69322595769709,111.18407727328213,150.87729506059125,42.226604836203826,127.70832583340733,260.82153409090904,458.9860321599786,889.742480690696
MY_0p5_2.7500_102.2500,102.25,2.75,1988-05-01,1988,5,211.5437067116901,110.95444005006438,124.42960462144985,42.13859109817797,97.64927248134732,139.78785963119216,42.484226919283536,128.4487775085838,262.1311038071942,460.4661870093862,893.5302990955911
MY_0p5_2.7500_102.7500,102.75,2.75,1988-05-01,1988,5,217.42594982098925,110.4032445738587,122.40124166464503,38.648690585848655,86.45389404779746,125.10258561146408,42.6259003651293,128.9283285503146,263.507978511762,465.2264228531077,900.2886089856112
MY_0p5_2.7500_103.2500,103.25,2.75,1988-05-01,1988,5,214.51625687908975,109.51401835642044,113.92515719468426,44.127159118652344,88.34587728901273,132.47303786551117,41.67547591628542,125.46510084115776,256.3121125531045,451.85928422478355,875.3119534049065
MY_0p5_2.7500_103.7500,103.75,2.75,1988-05-01,1988,5,218.30698009988535,110.25998505302097,109.32145486998668,47.8392087874874,63.8634282828476,111.70263369511899,40.68591721706127,122.01033761863884,249.4383618754725,439.95765200847865,852.092272217922
MY_0p5_2.7500_104.2500,104.25,2.75,1988-05-01,1988,5,230.99133861766143,109.83346355662627,118.65440368652344,35.10167694091797,39.315773010253906,74.41744995117188,42.32115173339844,128.14187622070312,262.35772705078125,463.8863830566406,896.7071533203125
MY_0p5_2.7500_111.2500,111.25,2.75,1988-05-01,1988,5,211.2249368601832,113.71631132980875,130.25958386589497,23.92157212425681,71.68451466279872,95.6060822430779,42.66571718103745,129.05914890064912,263.83841839958643,466.36291773179,901.9261833639706
MY_0p5_2.7500_111.7500,111.75,2.75,1988-05-01,1988,5,221.41995595713132,111.99478752886664,129.24500442373338,23.829441004786,79.24221017442899,103.07164803866681,42.71155128807857,129.19465597744644,264.11043061881225,466.90704937638907,902.9236797464303
MY_0p5_2.7500_112.2500,112.25,2.75,1988-05-01,1988,5,234.57099991810475,110.1520451412925,128.0311767832438,26.478189118703206,84.13105339050293,110.60924413045247,42.72918618520101,129.24834442138672,264.2219149780273,467.10783833821614,903.3072755940753
MY_0p5_2.7500_112.7500,112.75,2.75,1988-05-01,1988,5,251.00055800812154,108.59076997298229,129.90404469453836,33.67922795573367,97.75699786898457,131.43623035768917,42.74910394451286,129.2864606833156,264.159719056721,466.3287713738936,902.5240461132194
MY_0p5_2.7500_113.2500,113.25,2.75,1988-05-01,1988,5,267.1526091076079,106.96719202919611,135.5462181454613,46.69576261005704,120.21502026754709,166.91078297448536,42.82455066499256,129.47380182175408,264.33141770135785,465.87173675052696,902.5014997209821
MY_0p5_2.7500_113.7500,113.75,2.75,1988-05-01,1988,5,300.97465311038263,103.51066793453921,140.13825969331586,59.61297136051639,165.64903803539883,225.2620121658228,42.88780439583359,129.57250981421984,264.0363831732683,463.26736459914287,899.7640664653412
MY_0p5_2.7500_114.2500,114.25,2.75,1988-05-01,1988,5,348.65634444997283,99.58306756804262,143.47710302811635,73.62204324746433,199.63947943192494,273.26152347612987,42.96566302866876,129.73719435100315,264.00100003013125,461.73645714868474,898.4403166952013
MY_0p5_2.7500_114.7500,114.75,2.75,1988-05-01,1988,5,361.11887889303216,98.48260707004815,145.4268166608871,96.28146062231367,183.26162548429645,279.54309721053784,43.015735832748895,129.87269956746678,264.231793446146,462.3396437335166,899.4598930990621
MY_0p5_2.7500_115.2500,115.25,2.75,1988-05-01,1988,5,341.4571654173705,95.45577817349819,134.8793328087609,42.37277658136041,52.25426053571271,94.62703732327297,42.0248649872101,126.47528412964967,255.02218064316756,436.46940021686726,859.9917641029701
MY_0p5_3.2500_101.2500,101.25,3.25,1988-05-01,1988,5,158.44935099283853,117.22357608186597,127.49520517787118,26.571840167509443,72.68344873213118,99.25528639856479,42.274838414173644,127.96442600354148,261.8460705233919,462.2307650198732,894.316080887494
MY_0p5_3.2500_101.7500,101.75,3.25,1988-05-01,1988,5,188.15815775169514,110.39586816775574,112.44349728723999,47.38641386578797,137.36205324549587,184.7484690429299,42.38883296699281,128.09137652937775,261.0333353030454,457.07090234452767,888.5844248388984
MY_0p5_3.2500_102.2500,102.25,3.25,1988-05-01,1988,5,219.07293415372334,110.01380016992962,122.84485984681143,45.37553781176371,103.8085185944088,149.1840568421379,42.63901324801975,128.90741678873698,263.09480958968874,462.81410193064846,897.4553364102803
MY_0p5_3.2500_102.7500,102.75,3.25,1988-05-01,1988,5,231.3941705438155,110.2249651800228,118.30732743951339,50.352974227712124,95.23679006552395,145.58976537970048,42.66755160802527,128.99901836733272,263.37610742110235,464.0395665229121,899.082255109956
MY_0p5_3.2500_103.2500,103.25,3.25,1988-05-01,1988,5,221.60971521632288,111.08827818333133,105.81942813637203,53.071225442793164,81.07470514253997,134.14593115691642,40.823690520047364,122.3641339777347,249.93047653347352,440.4358372393183,853.5541381835938
MY_0p5_3.2500_112.2500,112.25,3.25,1988-05-01,1988,5,222.21487291124134,111.14688432481553,128.70283847384985,19.886925718519425,60.89109463161893,80.7780249701606,42.62601453993056,128.97723626030816,263.86914672851566,467.1079657660591,902.5803548177083
MY_0p5_3.2500_112.7500,112.75,3.25,1988-05-01,1988,5,232.17133897350678,110.10090606443343,133.3118770161613,26.743768473140527,71.4330473102507,98.17681753439982,42.61282254828781,128.91762230044506,263.62177539262615,465.96172320256466,901.1139376280737
MY_0p5_3.2500_113.2500,113.25,3.25,1988-05-01,1988,5,243.85614667619976,108.9661983117125,141.05543564305162,36.03850250533133,93.52346934694233,129.56196877450657,42.71524089755434,129.19033073656485,263.9997669566761,466.1077675096916,902.0131005951852
MY_0p5_3.2500_113.7500,113.75,3.25,1988-05-01,1988,5,298.9323632618738,106.06412268744573,144.00878940158418,61.00257611955915,152.09460526723709,213.0971779959542,42.89869818308997,129.64870721726192,264.44026857406374,465.10027223617305,902.087942359561
MY_0p5_3.2500_114.2500,114.25,3.25,1988-05-01,1988,5,385.42258905301424,102.70726273166146,146.03243318788566,96.27467956057018,213.32309718040904,309.59777618213815,43.081388680038934,130.08753184907752,264.7275705519755,463.2590345637813,901.155537599211
MY_0p5_3.2500_114.7500,114.75,3.25,1988-05-01,1988,5,407.48132032649534,102.14298119514613,151.35047392632552,119.66601318310781,219.61856895495373,339.28458112971805,43.19793770419565,130.41516531197132,265.31347578498213,464.4422445115011,903.3688206763785
MY_0p5_3.2500_115.2500,115.25,3.25,1988-05-01,1988,5,365.0262141167363,97.63276971744585,135.97685444505908,56.547151782844644,94.4592914702017,151.00644068174722,42.422779819633384,127.78640203838106,258.30649204495586,444.78713680219045,873.3028141456315
MY_0p5_3.2500_115.7500,115.75,3.25,1988-05-01,1988,5,348.2523100777958,94.99756930919175,133.46684985214404,54.58439751957239,80.71130122495501,135.29569595851254,42.430480571275346,127.78065747893257,258.21744048729374,444.57393689102,873.0024750098754
MY_0p5_3.7500_100.7500,100.75,3.75,1988-05-01,1988,5,127.65691375732422,119.9021987915039,127.01961517333984,19.73322868347168,56.140625,75.87385559082031,42.26250076293945,127.96289825439453,262.0029602050781,462.93267822265625,895.1610717773438
MY_0p5_3.7500_101.2500,101.25,3.75,1988-05-01,1988,5,153.732201033109,115.43415163404347,128.30282521170707,39.187246137452355,105.974653324263,145.1619021221272,42.492032430704356,128.50904335096044,262.4338873705817,461.5469954901142,894.9819365566217
MY_0p5_3.7500_101.7500,101.75,3.75,1988-05-01,1988,5,202.64302831537586,107.33017264202144,117.54014125751084,46.28929148510004,105.78038476834632,152.06967763232578,42.43213820001881,128.17260581824434,260.9126469314478,455.49427737096323,887.0116689888534
MY_0p5_3.7500_102.2500,102.25,3.75,1988-05-01,1988,5,249.93299037388394,106.70974247039308,117.6173610384502,46.16456705729166,111.33990219358412,157.50447097051713,42.643754553416414,128.80790758889816,262.3493732755146,459.4764594184028,893.2774910094246
MY_0p5_3.7500_102.7500,102.75,3.75,1988-05-01,1988,5,262.1325287834046,109.34691845121836,113.18623993888734,53.72634553455171,115.84056711348275,169.56691729833207,42.78181158398825,129.23034575931607,263.32235465882314,462.20479503813243,897.5392915271576
MY_0p5_3.7500_103.2500,103.25,3.75,1988-05-01,1988,5,236.82720071860993,110.64034854843322,105.01058576995251,58.65066570207185,96.73433001649146,155.38499534457335,42.211093812830306,127.23927797803691,259.3362764246324,455.1786606732537,883.9653059417126
MY_0p5_3.7500_113.2500,113.25,3.75,1988-05-01,1988,5,233.65143823623657,110.35044264793396,142.48791754050336,33.67812141043241,88.52210047987641,122.20021807561156,42.69788560710969,129.1538160980725,264.00808865906765,466.4287634677575,902.2885432008837
MY_0p5_3.7500_113.7500,113.75,3.75,1988-05-01,1988,5,295.8478170581137,109.25986914256264,140.6403334534284,46.23484051651939,131.07917938726234,177.31401787915274,42.809057291271614,129.42659223735527,264.2442061044638,465.631072010423,902.110925964553
MY_0p5_3.7500_114.2500,114.25,3.75,1988-05-01,1988,5,382.43334254421217,106.98053152901784,143.09229813833085,70.27306690518817,181.5669242737785,251.83999609568764,42.99305365426199,129.8974324059865,264.7675893632192,465.03442760649176,902.6925132145957
MY_0p5_3.7500_114.7500,114.75,3.75,1988-05-01,1988,5,400.83972817072794,104.98387179904513,149.50957283141122,110.79805395943778,239.10353517078212,349.9015880766369,43.265356239439946,130.6298357282366,265.82487560453865,465.67540302579374,905.3954603407118
MY_0p5_3.7500_115.2500,115.25,3.75,1988-05-01,1988,5,365.07609001038566,98.17992309085906,134.63272816491508,69.2765127757239,136.21056101965524,205.48706728011842,42.81835615370009,129.15894954620845,262.06831723167784,455.2443792433965,889.289998953683
MY_0p5_3.7500_115.7500,115.75,3.75,1988-05-01,1988,5,347.5774103617496,94.27463224122849,134.68801561533976,61.57219385929245,109.63880047695243,171.2109905215476,42.69297255371972,128.6772533389304,260.5430093669205,450.44661575427153,882.3598400088523
MY_0p5_4.2500_100.7500,100.75,4.25,1988-05-01,1988,5,163.81982917785643,118.59623646172952,124.82381118463012,25.355414775926246,83.9284450608857,109.28385489327567,42.526877702985495,128.68695965202488,263.20852947624365,464.8660746671716,899.2884718291615
MY_0p5_4.2500_101.2500,101.25,4.25,1988-05-01,1988,5,187.89835993448895,110.42827919638083,118.62775591224622,54.84219985403074,146.38324810441134,201.2254415135475,42.708512846831304,128.99995609453532,262.5920005846935,458.7720353436319,893.0725120981788
MY_0p5_4.2500_101.7500,101.75,4.25,1988-05-01,1988,5,239.82561374939596,106.91721694995042,122.61337319273538,44.286712902422536,106.39078994604728,150.6775057369147,42.77288781796782,129.26602611602686,263.65151334037415,463.54910522070935,899.2395569432657
MY_0p5_4.2500_102.2500,102.25,4.25,1988-05-01,1988,5,300.0158097142229,108.47298036520476,117.37953371285633,50.15569568670597,107.17269076021336,157.32838654441957,42.79664795848128,129.26907646008576,263.33551493391826,461.986513667975,897.3877738977012
MY_0p5_4.2500_102.7500,102.75,4.25,1988-05-01,1988,5,306.42899886210256,107.22640242849948,107.02164191956732,50.40722599151029,116.79970562685826,167.2069328939839,42.72818993003505,128.91291162770267,261.7837296018175,455.78669563828004,889.2115319124453
MY_0p5_4.2500_103.2500,103.25,4.25,1988-05-01,1988,5,252.1221453399055,110.38918599517503,100.54789579703832,38.55537112830824,55.39636710296525,93.95174006551815,42.3540328022495,127.76710909002749,259.371791826308,450.7219307397716,880.2148596999538
MY_0p5_4.2500_113.7500,113.75,4.25,1988-05-01,1988,5,312.67622932555184,112.0382345950965,135.04736443285674,31.10613786949302,117.0749536910147,148.18108555056014,42.69812400386019,129.1138446735886,263.72015150538033,464.8931562315744,900.4252906655365
MY_0p5_4.2500_114.2500,114.25,4.25,1988-05-01,1988,5,340.9783741460186,111.03189661327937,134.77106431644398,40.04615468500204,142.2685454379638,182.31469661756836,42.78520911080496,129.35635682330633,264.0706281625166,464.9680830907638,901.180276878092
MY_0p5_4.2500_114.7500,114.75,4.25,1988-05-01,1988,5,353.27323120117194,108.03348785400391,141.27642812093097,78.7098883565267,219.86317250569664,298.5730512491862,43.056751581827804,130.06917805989585,264.9548215738933,464.51956502278654,902.6003002929687
MY_0p5_4.2500_115.2500,115.25,4.25,1988-05-01,1988,5,343.1896087858412,102.62645504209732,136.1289964252048,61.62787546051874,133.05492231580948,194.68280336591934,42.683250188827515,128.82687033547296,261.6685955259535,454.9096552530925,888.0883854760064
MY_0p5_4.2500_115.7500,115.75,4.25,1988-05-01,1988,5,334.5580785719015,97.70388669806013,134.36767117775094,56.98744213298215,94.68632798275705,151.6737732968088,42.56959519467112,128.3459384206998,259.9464686506886,448.97032574152547,879.8323409775555
MY_0p5_4.2500_116.2500,116.25,4.25,1988-05-01,1988,5,320.95325153629955,105.3475998669136,140.30988265246884,45.662220722291536,77.03402193581185,122.69624449567098,42.40010891891107,127.80513791340155,258.735192554753,446.3705879769674,875.3110403665682
MY_0p5_4.2500_116.7500,116.75,4.25,1988-05-01,1988,5,310.59033150204345,109.88906648668942,136.88731798822482,45.92158561221438,54.43279639007039,100.35438202433505,42.136034971027705,126.89595433053256,256.354657476348,440.49543965069546,865.8821023048006
MY_0p5_4.2500_117.2500,117.25,4.25,1988-05-01,1988,5,299.74275599116777,113.16096493206194,133.2436153445624,35.893535943157914,18.922870545260675,54.81640790416076,41.521993181346794,124.82945362867508,251.14445529363852,427.84160188658046,845.3375092903069
MY_0p5_4.2500_117.7500,117.75,4.25,1988-05-01,1988,5,276.5893750965086,112.52810766758064,122.11400193434494,18.22301122062227,2.825848196306799,21.04886068034376,39.257529511410965,116.82566109681741,233.37891146668005,391.76363014155993,781.2257247011886
MY_0p5_4.2500_118.2500,118.25,4.25,1988-05-01,1988,5,235.37004847833288,110.8929519207157,109.0690785304756,13.991152684400037,0.6090270121386098,14.600180407238616,36.43454518895241,106.53895651458934,211.69377320890973,350.9061174331957,705.5733899159037
MY_0p5_4.2500_118.7500,118.75,4.25,1988-05-01,1988,5,211.86317161277486,110.11845171893084,103.6601333618164,16.866790771484375,0.4617871940135956,17.32857894897461,35.12530517578125,101.65927124023438,201.85414123535156,333.563232421875,672.2019653320312
MY_0p5_4.7500_100.2500,100.25,4.75,1988-05-01,1988,5,186.68764750162765,118.83785756429037,,,,,,,,,
MY_0p5_4.7500_100.7500,100.75,4.75,1988-05-01,1988,5,194.64499653855412,115.03436774929072,117.93308983779535,20.254522711280888,93.20796467230572,113.46249119828386,42.43942049848355,128.29704079976895,261.7093368158108,459.0636952718099,891.5094951846734
MY_0p5_4.7500_101.2500,101.25,4.75,1988-05-01,1988,5,212.4504434359276,105.90651402549136,108.69627007378473,38.64882777380565,130.68647657121932,169.3353014264788,42.66767960805742,128.77189301990327,261.6001100570437,454.8861033606151,887.925770205543
MY_0p5_4.7500_101.7500,101.75,4.75,1988-05-01,1988,5,258.3793086641154,106.3244312589131,117.18997759137835,41.371704125782806,93.46457793220641,134.8362759544736,42.73838378664047,128.98389296758745,262.1593042767237,457.46545613606776,891.3470317537823
MY_0p5_4.7500_102.2500,102.25,4.75,1988-05-01,1988,5,316.80991007486983,108.42116205124627,110.49558795747305,66.73556249709357,134.05865740094865,200.7942176455543,42.97498299734933,129.64216933477493,263.27140183221724,459.01082298642115,894.8993803478422
MY_0p5_4.7500_102.7500,102.75,4.75,1988-05-01,1988,5,319.06670044334066,108.06877976921712,104.33346584344363,72.38035600504297,135.85739908400612,208.237742624465,43.02994960128881,129.7568125633677,263.26092704238397,458.38020441334714,894.4279149535353
MY_0p5_4.7500_103.2500,103.25,4.75,1988-05-01,1988,5,260.8670291267865,111.71768621188492,94.67841758587265,54.64112226197641,83.86652753273941,138.50764462516756,41.11974424805589,123.01907458428529,249.09069593366223,430.86788839079804,844.0973839566278
MY_0p5_4.7500_103.7500,103.75,4.75,1988-05-01,1988,5,220.45212113229854,114.0361099243164,82.66041624391232,17.61890986058619,12.590114209559054,30.209025098131846,36.69655950967367,107.29548654927834,216.58520725795202,370.75002655425624,731.3272427645596
MY_0p5_4.7500_113.7500,113.75,4.75,1988-05-01,1988,5,314.57427978515625,113.79156494140625,,,,,,,,,
MY_0p5_4.7500_114.2500,114.25,4.75,1988-05-01,1988,5,314.57427978515625,114.00628008161273,130.7698211669922,33.75935745239258,125.37338256835938,159.1327362060547,42.711299896240234,129.19679260253906,264.00164794921875,465.5820007324219,901.4917602539062
MY_0p5_4.7500_114.7500,114.75,4.75,1988-05-01,1988,5,324.9399791430402,113.48492439844277,137.1688924809938,53.171627906061,186.2056581230574,239.37728192729332,42.892104815411315,129.63630348123533,264.3539599346858,464.1775440503193,901.0599194598456
MY_0p5_4.7500_115.2500,115.25,4.75,1988-05-01,1988,5,345.57560412089026,111.14915657043454,144.7710649172465,61.42890657981235,140.99871420860288,202.42761508623752,42.68219413359959,128.79997964700058,261.50137360890704,454.24870856602985,887.232238769531
MY_0p5_4.7500_115.7500,115.75,4.75,1988-05-01,1988,5,343.613656374008,106.39906780908977,140.43753385997957,43.15466614980546,69.16089071849035,112.31555495489211,42.24019284929548,127.30138297913567,257.50648290240576,443.103047688802,870.1510794503348
MY_0p5_4.7500_116.2500,116.25,4.75,1988-05-01,1988,5,320.30770457434267,106.9081089564732,147.1354819161551,38.815884556846,48.1780418880402,86.9939263722253,42.07886087326776,126.69728737482949,255.75165521530874,438.4790285140748,863.0068175300718
MY_0p5_4.7500_116.7500,116.75,4.75,1988-05-01,1988,5,303.44639123844195,108.27866716022734,142.42262113547022,36.2404931587509,35.86445427544509,72.10494785067401,41.71305483805983,125.41217156905162,252.23500708085075,429.18969601015505,848.5499290756034
MY_0p5_4.7500_117.2500,117.25,4.75,1988-05-01,1988,5,294.1814803834945,109.8501978798518,134.9546210879371,28.013736228337365,20.644649802313907,48.65838523743645,41.3112688700358,124.15157620868983,249.3858910454644,422.75318865094863,837.6019221230158
MY_0p5_4.7500_117.7500,117.75,4.75,1988-05-01,1988,5,262.8045840203007,110.9197762887689,131.5585545889939,21.680509132674974,10.738814347906958,32.419321422335464,41.12012843844257,123.57659091225153,248.24801621255992,420.63753770272945,833.5822705618942
MY_0p5_4.7500_118.2500,118.25,4.75,1988-05-01,1988,5,218.59770839058578,111.31359491396191,132.13970134485908,22.042155347277774,5.482404381785561,27.524558973072764,40.90264005038008,122.79122637264692,245.85528579788595,413.6486554169775,823.1978226091395
MY_0p5_4.7500_118.7500,118.75,4.75,1988-05-01,1988,5,185.72329171096223,110.82817232156101,133.50512637367729,18.262078261073633,2.18733254867264,20.44941060754317,40.00160912622379,119.88618140884591,238.43479784229132,394.6366758708713,792.9592740988429
MY_0p5_5.2500_100.2500,100.25,5.25,1988-05-01,1988,5,194.32849844342712,118.00316853605943,60.12158203125,7.942224025726318,17.249004364013672,25.19122886657715,28.18975830078125,76.32015991210938,155.08262634277344,270.094482421875,529.68701171875
MY_0p5_5.2500_100.7500,100.75,5.25,1988-05-01,1988,5,202.30702254351448,113.30937119978894,111.15741703428071,14.72592011265371,70.11662112707378,84.84254427065794,41.37519889042296,124.310476719648,252.12465080173538,436.4782960387482,854.2886359554599
MY_0p5_5.2500_101.2500,101.25,5.25,1988-05-01,1988,5,217.95910097152466,106.44394536094057,107.80792434934585,25.143548420497346,88.48425699869792,113.62780353606692,42.37421497163318,127.60719926622177,257.7416209387401,442.80122545030383,870.5242611839658
MY_0p5_5.2500_101.7500,101.75,5.25,1988-05-01,1988,5,251.77900749255141,106.2209023639655,112.15577474217507,27.614405252371622,45.498219969925614,73.11262540756518,42.11543126926301,126.61542285020187,254.6187013759735,433.99871272190364,857.3482413322305
MY_0p5_5.2500_102.2500,102.25,5.25,1988-05-01,1988,5,294.11875653115044,113.0666199702366,106.78283288068832,41.52833278923277,61.82440390860199,103.35273791270652,41.98626863273086,126.13958463243618,254.0056955130996,435.35532092440667,857.4868727762989
MY_0p5_5.2500_102.7500,102.75,5.25,1988-05-01,1988,5,294.8039850986742,112.51747913725055,100.04070563882082,63.85695099911447,90.74550314757784,154.60244794296005,41.50915495015807,124.23892385191836,250.40824978068719,432.0985683635129,848.2548997782044
MY_0p5_5.2500_103.2500,103.25,5.25,1988-05-01,1988,5,261.5921212655527,115.42410544743613,101.07654660707945,77.47243556728611,68.42310082447993,145.8955289667303,42.41916205666283,127.71628228720134,258.0325532393022,443.75695860231076,871.9249671836952
MY_0p5_5.2500_115.2500,115.25,5.25,1988-05-01,1988,5,373.1196121708039,117.10601215977823,151.57877712562438,59.32144383915136,117.70469177746382,177.0261401817447,42.6139398168345,128.34692908115073,259.4159043108831,447.2719161236873,877.6486976498463
MY_0p5_5.2500_115.7500,115.75,5.25,1988-05-01,1988,5,369.36614735070674,115.89720018604133,149.21924453993975,46.567889714645126,77.13522693181442,123.70312194824218,42.27063524925103,127.1763594287937,256.2618872691009,438.4704030182402,864.1792925301244
MY_0p5_5.2500_116.2500,116.25,5.25,1988-05-01,1988,5,338.1914323251459,112.00767968576164,148.84399790703498,36.42138012753258,32.21778989743583,68.63916952398759,41.79813050620164,125.57905863508392,252.09760525860364,427.75284267377253,847.2276223098174
MY_0p5_5.2500_116.7500,116.75,5.25,1988-05-01,1988,5,316.60862944397746,111.47766468192957,148.8966011337087,37.459125880953636,27.914564030079898,65.37368813043908,41.62093301362629,124.92571277859844,250.18686415273933,422.3007093019123,839.0342181241965
MY_0p5_5.2500_117.2500,117.25,5.25,1988-05-01,1988,5,307.06572701590403,112.98028198726594,145.82271820552768,29.874126942952476,21.713451683710492,51.58757758973136,41.44778334602477,124.4737042623853,249.64427059113032,422.35987267872645,837.9256467788938
MY_0p5_5.2500_117.7500,117.75,5.25,1988-05-01,1988,5,267.3038146972656,112.69392237587581,139.3789544968378,21.66429233853779,10.819739774673705,32.48403144715324,41.085976288810606,123.44401022290427,247.82422272212918,419.57459280831466,831.9288078187005
MY_0p5_5.2500_118.2500,118.25,5.25,1988-05-01,1988,5,202.72093921703296,111.81814023643544,138.2084451177317,15.801392123957346,4.365495082821436,20.166886757893167,40.66092493579646,122.11854660131371,244.85112602088097,413.16041166463475,820.7910253439738
MY_0p5_5.2500_118.7500,118.75,5.25,1988-05-01,1988,5,162.62177284240724,110.36146400088356,136.32293870713977,10.761195871565079,1.2718090971724854,12.033004562060038,39.36745553546482,117.95089138878716,234.14734395345053,385.36487113104926,776.83056640625
MY_0p5_5.2500_119.2500,119.25,5.25,1988-05-01,1988,5,153.17618759364296,110.07782280331567,135.17156982421875,9.04708194732666,0.3430638313293457,9.390145301818848,38.7703971862793,116.02701568603516,229.17774963378906,372.33526611328125,756.3104248046875
MY_0p5_5.7500_100.2500,100.25,5.75,1988-05-01,1988,5,204.8054182035429,116.71843138686171,87.18425708735755,8.22647584250214,5.604951736440352,13.831427652901468,34.41704758810341,98.87545720371631,196.04914016023687,330.5643909699326,659.9060164985307
MY_0p5_5.7500_100.7500,100.75,5.75,1988-05-01,1988,5,207.2312040298704,113.47978987920851,100.7095508066813,11.972638489405316,15.352616542677088,27.32525554339091,39.50833357493082,117.19958562215169,232.8226397705078,385.43952382405604,774.9700887044271
MY_0p5_5.7500_101.2500,101.25,5.75,1988-05-01,1988,5,216.84095740130567,109.63713722529373,105.9598133657861,16.926687173017367,17.06961368951272,33.99630236813403,41.39139256514903,123.82377318134458,245.44967344989934,404.2606855978178,814.9255524883122
MY_0p5_5.7500_101.7500,101.75,5.75,1988-05-01,1988,5,239.66925779978436,110.07693080902101,109.2642693837484,16.335326623916625,6.981050844671944,23.316377381483715,40.673204565048216,121.31427125930787,237.99373073577885,386.4625169118246,786.4437479654948
MY_0p5_5.7500_102.2500,102.25,5.75,1988-05-01,1988,5,256.63681915478827,117.59351101899757,99.03592604820173,11.84810447692871,2.435451203427353,14.283555220273207,38.90608496617789,115.22422952362983,224.3273618550413,357.6688044384273,736.1264952585752
MY_0p5_5.7500_102.7500,102.75,5.75,1988-05-01,1988,5,271.8277785818918,115.93294358484953,79.66255187988281,15.089317321777344,6.950116157531738,22.0394344329834,34.63565444946289,99.46141815185547,195.56185913085938,332.0293273925781,661.688232421875
MY_0p5_5.7500_103.2500,103.25,5.75,1988-05-01,1988,5,253.12265014648438,116.85579681396484,,,,,,,,,
MY_0p5_5.7500_115.2500,115.25,5.75,1988-05-01,1988,5,378.2244374593099,120.63060557047527,154.17271423339844,54.61774826049805,36.40642547607422,91.02417755126953,42.07291793823242,126.21992492675781,252.4844207763672,426.5867614746094,847.364013671875
MY_0p5_5.7500_115.7500,115.75,5.75,1988-05-01,1988,5,359.4990193185631,118.76859601728756,146.45843491327196,45.0889623006185,38.64062450045631,83.7295881725493,41.569852592831566,124.57472708565848,248.3173836844308,416.0931974865141,830.5551612490701
MY_0p5_5.7500_116.2500,116.25,5.75,1988-05-01,1988,5,326.01906127929686,113.78699900309245,141.34046655079675,37.17300059000651,33.01748718685573,70.19048808264355,41.22748094588991,123.41938403901601,245.3075634184338,408.3257890973772,818.2802263532366
MY_0p5_5.7500_116.7500,116.75,5.75,1988-05-01,1988,5,304.7044444250682,110.82689623151505,141.12410312228732,32.493280562143475,19.23396386948843,51.7272458757673,40.99050421336341,122.6552437191918,243.61840810624375,404.5491924951947,811.8133434477306
MY_0p5_5.7500_117.2500,117.25,5.75,1988-05-01,1988,5,290.39571811423315,115.7968290551604,144.28084330754328,27.12008165786695,9.918046795607365,37.038129653088305,40.64684290840798,121.78653387316395,242.6436277082666,404.9690596041995,810.0460549724593
MY_0p5_5.7500_117.7500,117.75,5.75,1988-05-01,1988,5,254.96205701071125,116.74872196742467,138.68891681440724,16.805536225338113,2.0920155649417205,18.897551210134623,40.03140203744773,120.04084864878816,239.47190129836937,400.47522638308124,800.0193817343488
MY_0p5_5.7500_118.2500,118.25,5.75,1988-05-01,1988,5,199.73793731832728,114.53995189666747,134.2638218858507,10.251451047261558,0.5735423124333222,10.824992864396837,39.625750630696615,118.81711663140192,236.88568277994793,394.7572648111979,790.0858409288195
MY_0p5_5.7500_118.7500,118.75,5.75,1988-05-01,1988,5,155.21574489886947,112.22513213524452,133.56942749023438,8.169475555419922,0.22929705679416656,8.398772239685059,39.60317611694336,118.74835968017578,236.7678680419922,394.046142578125,789.1655883789062
MY_0p5_6.2500_99.7500,99.75,6.25,1988-05-01,1988,5,235.6515203737745,118.57839068244485,113.78802206349927,15.811439336732375,3.4065861313842065,19.218026050301482,41.13091171619504,123.01185838566269,242.89224207678504,389.31584273937136,796.350859885992
MY_0p5_6.2500_100.2500,100.25,6.25,1988-05-01,1988,5,215.12463730573657,116.90330240130424,105.15093446069834,9.50624702609315,1.9414507593427384,11.44769775234923,38.75913605981943,114.55248017603036,225.20922695860568,369.3273586973852,747.848182148836
MY_0p5_6.2500_100.7500,100.75,6.25,1988-05-01,1988,5,206.82466702847867,115.46988713327062,99.2561021605974,7.196033521968886,1.2241842543066241,8.420217602409451,39.09936019720719,115.284113143862,222.79515417386207,355.04249236942724,732.2211223587567
MY_0p5_6.2500_101.2500,101.25,6.25,1988-05-01,1988,5,205.1969489464393,114.08250697209286,98.2065407386193,7.47057606623723,1.8975387944624975,9.36811477954571,39.43079299926758,116.2703846858098,223.2236795278696,350.6644963191106,729.5893657977765
MY_0p5_6.2500_101.7500,101.75,6.25,1988-05-01,1988,5,214.53926783970425,118.36275569370814,100.6353552682059,7.995872170584542,0.42964310059739674,8.425514902387347,38.42103707449776,113.26867588588168,213.0111611502511,331.2994968959263,696.0003731863837
MY_0p5_6.2500_102.2500,102.25,6.25,1988-05-01,1988,5,220.8458464940389,121.0908630650218,97.79497528076172,6.186675071716309,3.6724828532896936E-4,6.187042236328125,37.92304992675781,112.03048706054688,213.0739288330078,319.22320556640625,682.2506713867188
MY_0p5_6.2500_115.7500,115.75,6.25,1988-05-01,1988,5,299.2023842551491,121.14325159246272,150.5191192626953,25.499977111816406,7.409667015075684,32.909645080566406,40.525264739990234,120.88424682617188,237.50466918945312,386.4298400878906,785.3440551757812
MY_0p5_6.2500_116.2500,116.25,6.25,1988-05-01,1988,5,286.2825016891747,118.1380159813061,144.12967214710386,19.30106058204752,6.1029213948856365,25.403982754845973,39.985320977702536,119.08283983138165,232.98908720982757,376.6719072652809,768.7291845918227
MY_0p5_6.2500_116.7500,116.75,6.25,1988-05-01,1988,5,261.3189041864304,115.73428923591736,137.2810768732949,11.981540284837996,3.388680463106859,15.370221298459978,39.295008959089,116.96671721443296,228.55193704272077,369.19730980282736,754.0109762524801
MY_0p5_6.2500_117.2500,117.25,6.25,1988-05-01,1988,5,236.90766092936198,118.6327404688275,134.40689135354663,9.885589209057036,1.0720714353852803,10.95766098839896,38.302026560949905,113.92916443839906,223.51724713037885,364.14892849392356,739.8973446800595
MY_0p5_6.2500_117.7500,117.75,6.25,1988-05-01,1988,5,224.35209504763287,119.61492713292441,131.54788761250455,6.780385756353189,0.2979274776815954,7.07831337019714,37.59474469904314,111.83736522295322,219.42653821086327,357.29821206254564,726.1568382218568
MY_0p5_6.2500_118.2500,118.25,6.25,1988-05-01,1988,5,219.50241688319613,119.02252469744002,131.74388831002372,3.6881576010159085,0.01988467406564658,3.708042289529528,37.70825481414795,112.68165043422155,221.3349173409598,360.0626460484096,731.7874450683593
MY_0p5_6.7500_100.2500,100.25,6.75,1988-05-01,1988,5,220.1604934019201,117.21736756493064,112.06225720573875,10.98082838338964,3.3143803862964405,14.295208776698393,40.604598942924945,121.18373287425322,238.03576772353227,384.0122893838321,783.8363719267003
MY_0p5_6.7500_100.7500,100.75,6.75,1988-05-01,1988,5,207.75811711064094,117.24073706732857,99.83917236328126,5.669760315506547,1.447864842635614,7.117625059904876,38.455748381438084,112.10131920708552,211.83463259096501,339.75030630606193,702.1420197663484
MY_0p5_6.7500_116.2500,116.25,6.75,1988-05-01,1988,5,231.66472160953214,121.80847558309867,133.9182530845084,5.064105673534114,0.03899033440322411,5.103096078081829,37.20999675843774,110.05859505257955,210.5698279404059,330.91060731469133,688.7490323694742
MY_0p5_6.7500_116.7500,116.75,6.75,1988-05-01,1988,5,217.79576098965296,121.34359616041185,124.2776399996912,5.010531711955316,0.06985052561906457,5.080382296219175,35.59593963623047,104.70489622575964,200.87967781398606,319.78287165344,660.9633827661808
MY_0p5_6.7500_117.2500,117.25,6.75,1988-05-01,1988,5,198.09076860215927,121.35927470932658,117.1872244978373,4.759376819154857,0.06267390977972459,4.822050811970128,34.305819671765896,100.39499373984548,193.02759288686568,309.7985938418228,637.5269821302026
MY_0p5_6.7500_117.7500,117.75,6.75,1988-05-01,1988,5,191.6935717264811,121.3597607082791,122.58029341697693,4.552940882742405,0.011417072662879947,4.564358055591584,35.08287334442139,103.03634524345397,198.67205047607422,316.94171619415283,653.7329521179199
MY_0p5_7.2500_116.7500,116.75,7.25,1988-05-01,1988,5,174.60870193121,123.39373633975075,111.73491018544073,3.1417091058648148,5.316165561848522E-4,3.142240866370823,32.96461742235267,96.24548844047214,181.3838629681131,289.1418894892153,599.7358589504076
MY_0p5_7.2500_117.2500,117.25,7.25,1988-05-01,1988,5,158.90657222163568,123.16608676394902,106.17777966951067,2.679348823898717,2.4632799445259337E-4,2.6795953060451305,31.862436635870683,92.70097471538341,174.1711037083676,280.498875989412,579.2333900853207
MY_0p5_0.7500_110.2500,110.25,0.75,1988-06-01,1988,6,167.37240295410157,108.86170806884766,127.66700768103968,9.432570853600136,39.2381089430589,48.67067976731521,41.6758534358098,125.75125744159406,255.4143892728366,443.1577918419472,865.9993041992188
MY_0p5_0.7500_110.7500,110.75,0.75,1988-06-01,1988,6,179.67711704799106,112.81366827828542,135.85142735072543,12.39718874522618,23.62703184400286,36.02421989440918,41.849320547921316,126.38722632271903,257.4058580671038,449.7810477120535,875.4234226771763
MY_0p5_0.7500_111.7500,111.75,0.75,1988-06-01,1988,6,185.39341130332343,111.42759304954892,133.4066128200955,18.069040056258913,27.57024619692848,45.63928495134626,41.66444021558005,125.8356695023794,256.22342863537017,447.09250604538687,870.8160284133185
MY_0p5_1.2500_103.2500,103.25,1.25,1988-06-01,1988,6,221.18566627872804,103.02450524487543,105.16739012978294,35.50092307004062,29.951770392331213,65.45269185846503,38.92496655204079,115.5862395546653,235.98104476928714,415.1755808049983,805.6678591641514
MY_0p5_1.2500_103.7500,103.75,1.25,1988-06-01,1988,6,216.17865405036406,102.63566070852927,97.38294790323499,43.589871378778255,40.73593311865353,84.32580359005233,40.1710925796657,120.28145806766251,245.6690180509993,432.8115696582979,838.933162355886
MY_0p5_1.2500_104.2500,104.25,1.25,1988-06-01,1988,6,209.78378099714007,103.48974336896623,88.52901458740234,53.161563873291016,53.5402946472168,106.70185852050781,41.814823150634766,126.4627456665039,258.4270935058594,455.9989929199219,882.7036743164062
MY_0p5_1.2500_109.7500,109.75,1.25,1988-06-01,1988,6,152.0930359622082,111.0596419185041,128.5061099500541,9.562382789979498,30.813451560146838,40.37583339645202,42.181359164686086,127.57861227012543,260.79746751900177,459.8270274702325,890.3844905991152
MY_0p5_1.2500_110.2500,110.25,1.25,1988-06-01,1988,6,170.59808166975222,110.15755356600846,129.6828513127036,11.5108723511567,40.82963869102214,52.340510983264586,41.87565818992822,126.40888747285231,257.0856242529674,447.75011370449,873.1202802621261
MY_0p5_1.2500_110.7500,110.75,1.25,1988-06-01,1988,6,182.5958323160807,113.28303246876548,138.30354778955854,14.20584368327307,22.270011695982912,36.47585482521663,42.00033516051277,126.87781694200304,258.6266277010479,453.1725185818142,880.6772815522693
MY_0p5_1.2500_111.2500,111.25,1.25,1988-06-01,1988,6,182.5793888957356,113.28393866688299,137.44162674681448,13.175386041878895,21.83917721391867,35.014563191813025,41.77188060382685,126.14680834395438,256.85455829266925,448.4586907042482,873.2319585538139
MY_0p5_1.2500_111.7500,111.75,1.25,1988-06-01,1988,6,186.73159014989457,110.92404041593036,133.28340802873882,16.36582211085728,30.006449078756667,46.37227019052657,41.70184677366226,125.92233445909287,256.2784554617745,446.77893744574646,870.6815602136036
MY_0p5_1.2500_112.2500,112.25,1.25,1988-06-01,1988,6,195.1727039317794,108.33924896704968,133.13817670018537,18.33725413211106,35.62533106537639,53.96258492639222,41.84081268310547,126.32895823057532,257.0331687346328,447.9727335508705,873.1756805574831
MY_0p5_1.2500_112.7500,112.75,1.25,1988-06-01,1988,6,207.38348865509033,106.43124818801881,131.20866870880127,28.97147782643636,47.562863747278854,76.5343435605367,41.95494135220846,126.52810875574748,256.7213897705078,444.81465466817224,870.0190849304199
MY_0p5_1.2500_113.2500,113.25,1.25,1988-06-01,1988,6,213.83570450492527,105.50307139521061,132.54968420940898,31.918041693645975,44.95901986827021,76.87706212582793,41.93133773803711,126.3876846976902,255.99854789402173,441.8773116402004,866.1948884383492
MY_0p5_1.2500_113.7500,113.75,1.25,1988-06-01,1988,6,212.01250284368342,103.89948758212002,132.32159169514972,33.048934531934336,43.73557443329782,76.78450590191466,41.87811727234811,126.18845737341677,255.34499983354044,439.7329871437766,863.1445492831143
MY_0p5_1.2500_114.2500,114.25,1.25,1988-06-01,1988,6,204.8851176574167,101.12625675707793,128.97410975093337,27.48769361782918,40.33588058336646,67.823573087169,41.65264143142025,125.50202941894533,253.92607157209278,436.9247663379771,858.005508287818
MY_0p5_1.2500_114.7500,114.75,1.25,1988-06-01,1988,6,195.24987005418345,97.91533882387223,120.68806728239983,36.92631013931767,54.287755781604396,91.21406936645508,41.92955226282919,126.37677838725428,255.92000210669732,441.34460744550154,865.5709405714466
MY_0p5_1.7500_102.7500,102.75,1.75,1988-06-01,1988,6,207.7716142854638,103.18981604813214,107.53066515922546,16.13762080669403,37.98825764656067,54.12588119506836,41.05696594715119,123.25277876853943,251.52575254440308,442.60969448089594,858.4452114105225
MY_0p5_1.7500_103.2500,103.25,1.75,1988-06-01,1988,6,210.88715153403268,101.8583182257575,108.87105571746827,26.53058934211731,35.41519081115723,61.94577899932862,40.91014179229737,122.7715113067627,250.61265670776368,441.0259733581543,855.3203033447267
MY_0p5_1.7500_103.7500,103.75,1.75,1988-06-01,1988,6,207.65957347048985,102.25887631766405,101.75708389282227,39.129960005796406,32.657894134521484,71.78785316853583,40.79016010670722,122.56628840482686,250.1756842890872,439.6437183814713,853.1758714506897
MY_0p5_1.7500_104.2500,104.25,1.75,1988-06-01,1988,6,204.1047055244446,103.34039025306701,96.96470222177432,45.66539856075316,36.662153465803286,82.32755202655645,41.744400763696476,126.2233307712762,257.6470083783763,452.55681639678716,878.1715707705004
MY_0p5_1.7500_109.7500,109.75,1.75,1988-06-01,1988,6,150.68032100588775,111.2644477223241,128.69851684570312,9.811793327331543,31.003999710083008,40.815792083740234,42.22404861450195,127.72065734863281,261.16485595703125,460.8579406738281,891.967529296875
MY_0p5_1.7500_110.2500,110.25,1.75,1988-06-01,1988,6,172.07647225026335,112.24329788516268,133.0017551687312,14.928599230108412,41.583444483139935,56.51204363165054,42.210973688625394,127.53483642741323,260.0495435745321,456.1495070839948,885.944828788227
MY_0p5_1.7500_110.7500,110.75,1.75,1988-06-01,1988,6,185.91552803733128,113.83728304776277,142.92346954345703,18.081079244613647,18.905697822570797,36.986777210235594,42.32027530670165,127.9309558868408,261.30315399169916,460.7299530029297,892.2843566894531
MY_0p5_1.7500_111.2500,111.25,1.75,1988-06-01,1988,6,181.071775890532,112.70404142349483,140.13302548430687,12.332449496069621,17.9788456584132,30.311295682330467,41.94329078142033,126.71399560972702,258.3209977970567,452.5492245696312,879.5275123773619
MY_0p5_1.7500_111.7500,111.75,1.75,1988-06-01,1988,6,184.98611952383303,109.8612942031667,132.65043630479252,15.165581093558778,25.743877419942535,40.909458069861685,41.9349805493898,126.6585408705699,258.01343845415715,451.1631493870215,877.7701008470751
MY_0p5_1.7500_112.2500,112.25,1.75,1988-06-01,1988,6,195.29766506618924,107.59070761544365,130.55653609018478,19.969366721501423,35.89764663454086,55.867012702094186,41.91575767880394,126.5217257787311,257.27918827117435,447.9560181632874,873.6726984902033
MY_0p5_1.7500_112.7500,112.75,1.75,1988-06-01,1988,6,204.75812058221726,106.88735545324901,130.7843493264819,30.013019434611,40.91560349842859,70.9286233447847,41.992960866292314,126.68087720114087,257.24368954613095,446.68950466579855,872.6070258246527
MY_0p5_1.7500_113.2500,113.25,1.75,1988-06-01,1988,6,213.3110388377356,106.4965377081008,131.5011940123543,34.60112585642981,36.788221086774556,71.38934750027127,41.94093526204426,126.44582761734252,256.34116404699904,443.5340455070374,868.261980329241
MY_0p5_1.7500_113.7500,113.75,1.75,1988-06-01,1988,6,212.22707819862967,104.75735958038813,129.90425616067554,32.809812848530115,35.04570549858941,67.85551726326109,41.75091727120535,125.77300628177703,254.38885318816654,437.6811237637958,859.5938873775422
MY_0p5_1.7500_114.2500,114.25,1.75,1988-06-01,1988,6,203.5114276219928,101.89637528676835,127.4123989286877,24.92553123595222,32.62030867319258,57.5458390129937,41.57053407941545,125.2086440797836,253.12747749449713,434.8902834937686,854.7969445607018
MY_0p5_1.7500_114.7500,114.75,1.75,1988-06-01,1988,6,196.92238976671288,99.79256743594156,122.18993527901607,30.267531251660284,54.90128246366669,85.16881586974148,41.90140792372313,126.32498311255262,255.9571492881973,442.01005087738827,866.1936016181592
MY_0p5_2.2500_101.7500,101.75,2.25,1988-06-01,1988,6,203.51924117887864,102.70711501921066,113.20318064063488,14.040793601912682,27.308714144157648,41.34950703322286,41.75204984106198,125.87556958439376,256.6082554056187,450.1606192540641,874.3964769767992
MY_0p5_2.2500_102.2500,102.25,2.25,1988-06-01,1988,6,190.68582824999064,100.94124442652652,107.92492869253935,11.42196880687367,31.78006453263132,43.20203385056491,41.51432416998028,125.03368735427489,254.77536777332068,446.14146664268094,867.4648490066163
MY_0p5_2.2500_102.7500,102.75,2.25,1988-06-01,1988,6,189.39389714108236,101.40343542944026,107.55636012403271,14.007523524610303,33.818198783488214,47.82572364807129,41.64732155618788,125.49257995508896,256.2105488354647,450.96159816693654,874.3120598129079
MY_0p5_2.2500_103.2500,103.25,2.25,1988-06-01,1988,6,189.2842373318142,100.51869591606989,107.33776620531839,18.274515981522818,34.244249458918496,52.518765077136806,41.85345162285699,126.28400011819505,257.63023691328743,452.29426531110494,878.061963859437
MY_0p5_2.2500_103.7500,103.75,2.25,1988-06-01,1988,6,184.92800349865925,102.51074327371887,106.84513973947298,26.99632443573515,21.137010089421675,48.133333639371195,41.39458784976247,124.84482287390757,254.6662616277145,445.9108303264036,866.8165169408766
MY_0p5_2.2500_104.2500,104.25,2.25,1988-06-01,1988,6,178.72937756049924,104.11920463748095,109.08363922371352,30.140350215691182,10.954299044017949,41.09464834544285,41.64464707808062,125.95816929084211,257.0548070481986,449.8001666108439,874.4578141141529
MY_0p5_2.2500_104.7500,104.75,2.25,1988-06-01,1988,6,155.63720703125,106.07765197753906,,,,,,,,,
MY_0p5_2.2500_109.7500,109.75,2.25,1988-06-01,1988,6,142.66238107988912,111.0734403056483,,,,,,,,,
MY_0p5_2.2500_111.2500,111.25,2.25,1988-06-01,1988,6,168.63450974225998,110.90366867184639,129.54099307340732,14.236417293548584,5.58387505306917,19.82029188380522,41.948668704313384,126.83783250696519,259.1154614616842,455.8872712079216,883.7892249612246
MY_0p5_2.2500_111.7500,111.75,2.25,1988-06-01,1988,6,171.71982659233942,109.52675364660837,129.86924571688212,14.929760127597385,7.894472541506328,22.82423227098253,41.97119944738963,126.90390680706689,259.22629995194694,455.9908287411645,884.0922351655505
MY_0p5_2.2500_112.2500,112.25,2.25,1988-06-01,1988,6,184.31898295084636,108.41808866470578,130.4640858968099,20.210910897027876,19.702597752828446,39.91350811549595,42.00587956262014,126.9359670487661,258.8779317220052,453.772383141896,881.5921661861358
MY_0p5_2.2500_112.7500,112.75,2.25,1988-06-01,1988,6,197.59790504092263,107.5817870609344,131.03496355329244,30.799431719098774,28.342437810746446,59.141868591308594,42.01414775545635,126.84311419290209,258.096105375744,450.2562175447979,877.2095745752727
MY_0p5_2.2500_113.2500,113.25,2.25,1988-06-01,1988,6,211.51031440855965,107.28214113750155,132.07478521437872,38.677285972474124,24.880605824788415,63.55789205157568,41.932610793340785,126.50449279300753,256.9489468044705,446.517173452226,871.903216262091
MY_0p5_2.2500_113.7500,113.75,2.25,1988-06-01,1988,6,211.9194226808186,104.96696059311493,130.12222727039193,36.94011787824993,29.579197980180574,66.51931821847265,41.71933425227298,125.69054656692698,254.33631090574627,438.0327589783488,859.7789312435103
MY_0p5_2.2500_114.2500,114.25,2.25,1988-06-01,1988,6,201.61430305602056,102.36098262241907,128.5488071986607,31.798431360153927,38.107439949398945,69.90587262350415,41.80911245194692,125.94396037752665,254.74744010804193,438.53509502108125,861.0356102353051
MY_0p5_2.2500_114.7500,114.75,2.25,1988-06-01,1988,6,198.80452674127397,100.18467737013296,124.74628677368167,31.010305453884996,57.93731090176491,88.94761716781125,42.056975629252776,126.82969904253561,257.2040155226185,445.37281425229975,871.463517121346
MY_0p5_2.2500_115.2500,115.25,2.25,1988-06-01,1988,6,209.76206970214844,98.40108489990234,119.06568145751953,44.14543914794922,100.910400390625,145.0558319091797,42.6820068359375,128.83392333984375,261.96771240234375,457.2637939453125,890.7474365234375
MY_0p5_2.7500_101.2500,101.25,2.75,1988-06-01,1988,6,207.2911376953125,102.43608093261719,112.9232177734375,20.549022674560547,28.288793563842773,48.83781433105469,41.9134407043457,126.58246612548828,257.7572937011719,450.80517578125,877.0584106445312
MY_0p5_2.7500_101.7500,101.75,2.75,1988-06-01,1988,6,204.9086193977518,99.59414317737924,99.97982241543856,17.941141121604225,48.80754287026145,66.74868601018731,41.89411872170188,126.4968153520064,257.4577023037997,449.9198870294744,875.7685107421875
MY_0p5_2.7500_102.2500,102.25,2.75,1988-06-01,1988,6,183.40954745347332,98.40209594046233,109.27966527270664,11.164055168249044,37.86354676021892,49.02760097479365,42.047676596671906,127.00250125083195,258.6190713287159,451.7249394313545,879.3941669828572
MY_0p5_2.7500_102.7500,102.75,2.75,1988-06-01,1988,6,170.64943612979937,99.78847370872015,107.83401088473164,14.608545550817176,38.351989202861546,52.960535085653945,42.306854598129846,127.97680396067943,261.64525111717506,461.64463052870354,893.5735288209553
MY_0p5_2.7500_103.2500,103.25,2.75,1988-06-01,1988,6,168.88457197444453,101.61611569155554,101.94208521751841,15.200183722623597,25.72272799425064,40.92291265839983,41.108734762592675,123.72322694814888,252.58573612286028,443.4425548383385,860.8602535952427
MY_0p5_2.7500_103.7500,103.75,2.75,1988-06-01,1988,6,166.51157405687414,104.19518100904382,100.42954609251241,18.66353011241157,14.743174961635047,33.406704986150366,40.09838654478574,120.17047277353876,245.33280361193115,430.1752277145738,835.7769091909383
MY_0p5_2.7500_104.2500,104.25,2.75,1988-06-01,1988,6,161.85570211971506,105.00725488101735,108.67916870117188,25.33393096923828,10.177419662475586,35.511348724365234,41.64956283569336,126.05522918701172,257.666259765625,452.34234619140625,877.7134399414062
MY_0p5_2.7500_111.2500,111.25,2.75,1988-06-01,1988,6,154.25140833361394,109.86189175309808,126.61525210212258,9.213855154374066,2.6918778910356407,11.905732603634105,41.62148565404556,125.80156730203066,256.6872944551356,449.6574671128217,873.767833036535
MY_0p5_2.7500_111.7500,111.75,2.75,1988-06-01,1988,6,155.1350395953069,109.19893471139375,127.50267633898504,9.330998696129896,3.4557733787544844,12.786771815398641,41.6191250044724,125.81149282126589,256.7881660461426,450.0565022435681,874.2752869704673
MY_0p5_2.7500_112.2500,112.25,2.75,1988-06-01,1988,6,161.39138460762894,108.92235924925986,129.83857325236002,12.346311457951861,7.120830588340759,19.467141895294187,41.56954358418783,125.62565948486326,256.2542269897461,448.53320180257157,871.9826147460938
MY_0p5_2.7500_112.7500,112.75,2.75,1988-06-01,1988,6,174.46583803394174,108.63572603539576,132.03050999701776,20.339154641839524,13.74084250534637,34.07999775681314,41.63487355920333,125.75011680699602,256.1186563033092,447.03435159031346,870.5379924532733
MY_0p5_2.7500_113.2500,113.25,2.75,1988-06-01,1988,6,191.54804324195496,107.9690971737816,134.1605774894593,30.39533937242296,17.55830996679881,47.95364987812345,41.839483606247676,126.35232149154422,257.2502926781064,448.98217608739463,874.4242731972346
MY_0p5_2.7500_113.7500,113.75,2.75,1988-06-01,1988,6,197.01991962019804,105.77982869725318,134.3737832816543,33.043142124346105,31.136450366609413,64.17959361471188,41.859713718390005,126.27933504627009,256.39329956443447,444.83188672885774,869.3642169928094
MY_0p5_2.7500_114.2500,114.25,2.75,1988-06-01,1988,6,193.46712682216983,102.39697396000729,132.08766034283215,36.9417685858811,51.22234005264089,88.1641081918644,42.01268248014812,126.67684077009369,256.86300572262536,444.53457931325414,870.0870863516118
MY_0p5_2.7500_114.7500,114.75,2.75,1988-06-01,1988,6,201.16109257594798,101.8764288349516,130.00831812961846,42.56233929676615,63.93988738090369,106.50222661692627,42.285781593079776,127.56897354125977,259.05333393850145,450.36563712927955,879.2737228490744
MY_0p5_2.7500_115.2500,115.25,2.75,1988-06-01,1988,6,221.93491342905403,98.99375290054458,119.37274740408132,40.44696790678007,105.93067079836183,146.3776396330412,42.668684572786894,128.7283352688626,261.38655983864726,454.7107010575027,887.4942951374226
MY_0p5_3.2500_101.2500,101.25,3.25,1988-06-01,1988,6,205.08614095052087,102.4385663043664,119.82267280311436,26.919214374824257,46.44072058414206,73.35993699248199,42.35238993307032,127.95875780870013,260.90222951688656,458.34252537827547,889.5559317147222
MY_0p5_3.2500_101.7500,101.75,3.25,1988-06-01,1988,6,206.55471571436468,96.36908940600742,102.69592015454724,23.014207931081202,70.03491950186957,93.0491284291456,42.088669175555,127.01577253402421,258.11890571740025,449.3110982323908,876.5344580389133
MY_0p5_3.2500_102.2500,102.25,3.25,1988-06-01,1988,6,177.64344526018414,98.00619543166388,111.62247985355438,12.364034013899545,32.956602066282244,45.320635756235276,42.16058899410187,127.44650748116628,260.0574425106957,456.4819939507378,886.1464992947048
MY_0p5_3.2500_102.7500,102.75,3.25,1988-06-01,1988,6,158.38468334342858,99.66570166092885,108.97453979299038,15.987514251395117,27.794925086105923,43.78243998032581,42.18246894546702,127.55169701878027,260.49751339683047,458.29429471945457,888.5259681411936
MY_0p5_3.2500_103.2500,103.25,3.25,1988-06-01,1988,6,151.81220546063847,102.7872406651997,98.81041531143438,16.447419766106126,18.699093130590082,35.14651365621859,40.30202070354251,120.78325533789224,246.64362780045997,433.30401442338285,841.0329090826675
MY_0p5_3.2500_112.2500,112.25,3.25,1988-06-01,1988,6,149.8826809353299,109.39346347384985,129.40277506510418,8.116586473253038,2.0992314497629803,10.21581785413954,41.30433027479384,124.81158413357204,254.51652289496528,444.6705050998264,865.3029215494793
MY_0p5_3.2500_112.7500,112.75,3.25,1988-06-01,1988,6,154.522639982162,109.50932791925246,133.6778675767242,12.573618779416945,6.060815279601051,18.634434918888278,41.31406055512975,124.76219965199955,253.96664979027918,442.2704307681224,862.3133424852715
MY_0p5_3.2500_113.2500,113.25,3.25,1988-06-01,1988,6,159.1941190447126,108.91876989378964,137.069316517223,17.89968521667249,8.797307997038871,26.696992801897455,41.53013758225874,125.43299042094837,255.38591408007068,445.2055439804539,867.5546042702414
MY_0p5_3.2500_113.7500,113.75,3.25,1988-06-01,1988,6,169.2682587638734,107.05422595796132,135.78610922192772,21.958298674083892,18.13564571198963,40.0939441257053,41.648411983913846,125.76744338747055,255.93570217556424,445.8302552238343,869.1818128797744
MY_0p5_3.2500_114.2500,114.25,3.25,1988-06-01,1988,6,179.70719132150052,104.81374057842667,132.41399743146957,25.917066209635156,41.61126470869514,67.52832887734577,41.698253813822554,125.81422912694843,255.4298840176527,442.46604355733103,865.4084041133807
MY_0p5_3.2500_114.7500,114.75,3.25,1988-06-01,1988,6,203.02100216810874,104.95501743000786,134.80115509033203,28.825666251455907,53.26056296962083,82.08622662732556,41.99992958603392,126.74789659536569,257.5523133490496,447.74314190323946,874.0432661506022
MY_0p5_3.2500_115.2500,115.25,3.25,1988-06-01,1988,6,240.66868658910823,100.52432011954392,119.39308719393573,39.3980758401412,110.65874626063092,150.0568234890322,42.55099994321413,128.35937309265137,260.52638650242284,452.45099630235114,883.8877729584898
MY_0p5_3.2500_115.7500,115.75,3.25,1988-06-01,1988,6,279.22345725070227,97.74418280097875,113.38053774030021,74.37925634491309,176.7499139335718,251.1291718215085,43.126279895225274,130.16372234901684,264.6808735708172,462.93989442975334,900.9108111778003
MY_0p5_3.7500_100.7500,100.75,3.75,1988-06-01,1988,6,189.53489685058594,105.00152587890625,122.84556579589844,26.740222930908203,56.888023376464844,83.62825012207031,42.65735626220703,128.9139862060547,263.1147155761719,463.9154052734375,898.6015014648438
MY_0p5_3.7500_101.2500,101.25,3.75,1988-06-01,1988,6,217.42068775673084,101.21552165503641,121.00851163895,35.420734874638924,73.45625352087916,108.87698942017786,42.658405365681574,128.82605558228724,262.44055047390145,460.6054183811818,894.5304213835584
MY_0p5_3.7500_101.7500,101.75,3.75,1988-06-01,1988,6,221.42599919263057,94.88765799164015,111.6841220005303,25.026197214794774,72.26776516665319,97.29396647556574,42.372699628210384,127.83489827441564,259.6500170276423,451.7494210407234,881.6070568303394
MY_0p5_3.7500_102.2500,102.25,3.75,1988-06-01,1988,6,184.9642557295542,95.24767707945809,112.69169943673269,20.99150744846889,60.92066712152391,81.91217275952535,42.42676447308252,128.1330342368474,260.9144494435144,456.5243943956163,887.9986132424975
MY_0p5_3.7500_102.7500,102.75,3.75,1988-06-01,1988,6,158.49367118714346,99.23011288113064,108.42144794766864,17.987273570469444,41.8089484199645,59.79621988932291,42.264044916062126,127.6969217936198,260.2887514144655,456.2042620946491,886.4539891803075
MY_0p5_3.7500_103.2500,103.25,3.75,1988-06-01,1988,6,147.41643946674242,102.32896186251088,100.866377138624,20.889069732965208,32.26331896875419,53.15238865871056,41.61334292841892,125.4165750241747,255.5147355621936,446.9177005543429,869.4623566272212
MY_0p5_3.7500_113.2500,113.25,3.75,1988-06-01,1988,6,143.8043353557587,110.3768973350525,138.30925012807376,14.288748428469798,5.127789020538331,19.416537253583066,41.45641476990747,125.26336494821017,255.2560669945889,445.5014183169506,867.4772609022798
MY_0p5_3.7500_113.7500,113.75,3.75,1988-06-01,1988,6,156.60445519649625,109.61923847501241,136.4639136552039,12.18841347493786,6.325343564104494,18.51375698966116,41.41828811052934,125.12352486027098,254.81875881948133,444.0915184638261,865.4520702176882
MY_0p5_3.7500_114.2500,114.25,3.75,1988-06-01,1988,6,172.83347239601648,108.03460223485553,134.5286180768694,11.99927587660532,12.105524883573018,24.104800469534737,41.328109668550034,124.80562039329892,253.90565873403398,441.25528390066967,861.2946849035839
MY_0p5_3.7500_114.7500,114.75,3.75,1988-06-01,1988,6,199.65343346974205,106.97923484681144,137.58473186190164,14.5187445201571,25.061350359235487,39.58009435865615,41.66389753553602,125.85075966971262,256.26550864567827,446.8639883858817,870.6441693018353
MY_0p5_3.7500_115.2500,115.25,3.75,1988-06-01,1988,6,241.03300325908356,100.7823018876333,119.5024910578652,28.680406061808267,92.89891846671937,121.57932899111793,42.243799397302055,127.47517579093812,258.87489720904637,449.36950373573916,877.9633849128845
MY_0p5_3.7500_115.7500,115.75,3.75,1988-06-01,1988,6,277.197798694638,96.89142164051961,114.39379619351392,62.09301247356606,150.84522121072672,212.9382362640161,42.8717166434089,129.3728916524983,262.8962285981761,458.4312245760032,893.5720956925865
MY_0p5_4.2500_100.7500,100.75,4.25,1988-06-01,1988,6,238.21430912017826,105.67381253580409,121.36938707001356,37.69810968515825,88.42913329455318,126.12724329111529,42.789194068130186,129.30822411362007,263.89850301937184,465.37670126155933,901.3726457868304
MY_0p5_4.2500_101.2500,101.25,4.25,1988-06-01,1988,6,259.67523305730305,98.48168780089945,113.78448930971184,51.97562932056986,125.11728121520609,177.09291066941185,42.85133130990776,129.26958669674625,262.5990876604797,458.0009535285319,892.7209392960664
MY_0p5_4.2500_101.7500,101.75,4.25,1988-06-01,1988,6,248.38165104921742,96.57704316160549,117.38291358338378,31.744700660339944,78.47224841864346,110.21694648913304,42.695548389666385,128.958744524386,262.8411726784021,461.8653390902682,896.3608369187425
MY_0p5_4.2500_102.2500,102.25,4.25,1988-06-01,1988,6,202.81062477769945,98.74288089740011,113.04947725728678,26.50866326889672,64.76613792443808,91.27480204036824,42.581537874361956,128.63681152148752,262.2450256347657,460.73328289970425,894.1966509834267
MY_0p5_4.2500_102.7500,102.75,4.25,1988-06-01,1988,6,168.36488905985644,99.56791733176846,103.67245216126655,26.868893514013592,69.97699716896008,96.84588819856098,42.389229246005904,127.91423593508969,259.9164999214707,452.5763264066855,882.796296915431
MY_0p5_4.2500_103.2500,103.25,4.25,1988-06-01,1988,6,149.52804493055987,104.06664807788172,99.02834261585197,25.358287372655568,40.55599570855862,65.91428073524182,42.06553740285415,126.96881778730331,258.18905979914115,449.76059566059183,876.9840155943762
MY_0p5_4.2500_113.7500,113.75,4.25,1988-06-01,1988,6,164.69631970117962,112.30255410165499,135.89219694317512,9.225772911647582,4.409658342037561,13.635431253685143,41.261104259850846,124.58043879383015,253.32185234213776,439.92443818866093,859.0878359236808
MY_0p5_4.2500_114.2500,114.25,4.25,1988-06-01,1988,6,172.11491892028553,111.235917993494,134.87656158093782,7.721087967567003,3.6133866549458746,11.334474788209187,41.17824582427625,124.31838535618138,252.727802055683,438.5586637401213,856.7831197024312
MY_0p5_4.2500_114.7500,114.75,4.25,1988-06-01,1988,6,192.54540618896485,109.47266764322919,137.77912322998048,9.856288089752198,11.692353197733564,21.548641408284507,41.36418238321941,124.85518773396811,253.7293513997396,440.32591084798173,860.2746354166667
MY_0p5_4.2500_115.2500,115.25,4.25,1988-06-01,1988,6,226.9896011352539,104.78411536746556,127.48776284853618,22.569344295395744,71.65471556451585,94.22406127717761,42.02807239691417,126.80326663123238,257.3250090281169,445.46038235558404,871.6167263454862
MY_0p5_4.2500_115.7500,115.75,4.25,1988-06-01,1988,6,256.4124959654727,99.26470949851864,114.70111407263805,40.57888724116957,113.72856957387118,154.3074544615665,42.533512012029114,128.37473335912674,260.84427045401884,453.74301768157443,885.4955113297804
MY_0p5_4.2500_116.2500,116.25,4.25,1988-06-01,1988,6,282.874780236221,103.77483656348254,109.85677063174364,67.31851140464224,141.30883584371426,208.62735115609522,42.78706320320688,129.17411794895082,262.70126752155585,458.50555401313596,893.1680085717178
MY_0p5_4.2500_116.7500,116.75,4.25,1988-06-01,1988,6,289.9417826922643,106.61386205419639,105.32091037110789,68.56092508128613,135.59355891233236,204.1544836849147,42.787694545150494,129.26760387971913,263.35998076510566,461.5273890853619,896.9426664672146
MY_0p5_4.2500_117.2500,117.25,4.25,1988-06-01,1988,6,284.44697584304134,109.23943541535235,102.22790770404107,60.13993779747887,94.52280706219969,154.66273957649165,42.635428926586044,128.8967429642129,263.01218110481193,462.3473409467039,896.8916782615458
MY_0p5_4.2500_117.7500,117.75,4.25,1988-06-01,1988,6,265.47312809870795,109.18937487479968,96.97203272632045,41.42801742879753,46.940544910919975,88.36856066059863,40.86484568343204,122.47613880776953,248.94531054374502,433.59484145987744,845.8811455098993
MY_0p5_4.2500_118.2500,118.25,4.25,1988-06-01,1988,6,228.904917845252,108.6314517015602,89.78085025860246,21.269786008604015,21.966710315388482,43.236496773495034,37.97303429378827,111.97387126752527,227.09064848104106,393.18162935099025,770.21921962082
MY_0p5_4.2500_118.7500,118.75,4.25,1988-06-01,1988,6,209.36784984447337,108.74878862169055,86.04446411132812,14.614672660827637,17.793041229248047,32.40771484375,36.39849090576172,106.287841796875,215.82351684570312,374.52545166015625,733.0353393554688
MY_0p5_4.7500_100.2500,100.25,4.75,1988-06-01,1988,6,256.82208930121527,110.08212958441841,,,,,,,,,
MY_0p5_4.7500_100.7500,100.75,4.75,1988-06-01,1988,6,266.52787341810256,105.24985309238852,119.81334118726777,30.27820418132999,80.08879511143134,110.36699884306124,42.48426446682069,128.21483329834976,260.71341488225676,455.26441868727767,886.6769064306243
MY_0p5_4.7500_101.2500,101.25,4.75,1988-06-01,1988,6,276.67509765625005,97.23974965413412,110.06491500612289,46.256334068661644,131.2381894308423,177.49452858576697,42.784941294836614,129.0078352186415,261.69800046890504,454.65081312391493,888.1415994311137
MY_0p5_4.7500_101.7500,101.75,4.75,1988-06-01,1988,6,253.21768766755514,98.55657828194757,114.07622004917691,28.626002611432764,94.91541063823398,123.54141029479013,42.644873943026106,128.73904108925473,261.9797221834698,458.33642587813125,891.7000860305059
MY_0p5_4.7500_102.2500,102.25,4.75,1988-06-01,1988,6,200.05489269438246,101.6598436628069,103.8114278884161,23.546222795758926,84.84762347993397,108.39384126209076,42.462689935593374,128.2001524425688,260.8219273158482,455.3795657203311,886.8643618629093
MY_0p5_4.7500_102.7500,102.75,4.75,1988-06-01,1988,6,162.08259504767736,102.67626800051158,97.02168614089867,24.737819866010334,83.29335342698793,108.03117062028045,42.42987694709923,128.12981118366216,260.79589143983867,455.6567206899071,887.0123075254402
MY_0p5_4.7500_103.2500,103.25,4.75,1988-06-01,1988,6,144.74324209204218,107.21342115259884,91.28734841997775,26.290206719148646,71.54240418888106,97.83261106990801,40.88177241082561,122.5381105430012,249.3701184825264,435.3925985075891,848.1826149352804
MY_0p5_4.7500_103.7500,103.75,4.75,1988-06-01,1988,6,133.5672647576583,109.80558013916016,82.01148342776608,11.236045143821022,19.862199312680726,31.09824445650175,36.79838864215009,107.90216995833755,219.5186527797154,382.41503391018153,746.6342527711546
MY_0p5_4.7500_113.7500,113.75,4.75,1988-06-01,1988,6,186.81802368164062,114.04936981201172,,,,,,,,,
MY_0p5_4.7500_114.2500,114.25,4.75,1988-06-01,1988,6,186.81802368164062,114.00092996869769,135.21792602539062,9.155266761779785,2.3032102584838867,11.458477020263672,41.32323455810547,124.83893585205078,254.16244506835938,442.39495849609375,862.7196044921875
MY_0p5_4.7500_114.7500,114.75,4.75,1988-06-01,1988,6,202.86731252362654,114.10177185714886,139.1275053947203,13.794653502843715,10.52557962171493,24.320232432375672,41.42137609502321,125.01636505126956,253.9833674277029,440.56742481518825,860.9885503297211
MY_0p5_4.7500_115.2500,115.25,4.75,1988-06-01,1988,6,236.62539927164713,112.88098657131195,139.07715519269306,32.700866709152855,72.49373789628345,105.19460197289781,42.22134532531102,127.36817773183185,258.5068116188049,448.36752748489374,876.4638636906941
MY_0p5_4.7500_115.7500,115.75,4.75,1988-06-01,1988,6,253.12915029374375,106.98209550645615,124.62859644814144,30.79402305966332,78.96787990993923,109.76190456814237,42.2721557496086,127.5359910268632,258.8901521228609,449.1636494954426,877.8619285946801
MY_0p5_4.7500_116.2500,116.25,4.75,1988-06-01,1988,6,261.00635569738955,105.92221914624409,118.67258414616656,47.91756264822823,104.75039077032177,152.6679587712363,42.56301215035573,128.5129302978515,261.4146283830915,456.1685848175532,888.6591678679933
MY_0p5_4.7500_116.7500,116.75,4.75,1988-06-01,1988,6,270.42777213567416,106.77426743809181,111.07540915283974,51.26410324965851,134.02149985108196,185.28560213499432,42.79355264011817,129.24494499496265,263.1343721800213,460.5247531359709,895.6976250757144
MY_0p5_4.7500_117.2500,117.25,4.75,1988-06-01,1988,6,281.7644316173735,107.4922362554641,101.24590529184492,40.13760441371374,103.26597924610924,143.40358029320123,42.54947245764354,128.51976773701017,261.6054275754899,456.97944219680056,889.6540839301214
MY_0p5_4.7500_117.7500,117.75,4.75,1988-06-01,1988,6,263.5761887755575,108.37269437765771,96.9266701710375,25.741582967058008,56.0557142571558,81.79729630675497,42.14854623094389,127.29813802694972,258.9926894948452,451.170980332773,879.6103592884691
MY_0p5_4.7500_118.2500,118.25,4.75,1988-06-01,1988,6,227.02228925695374,109.06733140034892,99.61947505318342,20.836593666268357,39.50030849207586,60.336901449078894,42.06992282579892,127.0365367103462,258.35827468028623,449.73374256536596,877.1985044239755
MY_0p5_4.7500_118.7500,118.75,4.75,1988-06-01,1988,6,205.59976370123368,108.60826902751681,105.34999808782263,22.967266300056554,24.57843578314479,47.54570123213756,41.54256487496292,125.12711720526973,252.80493028858038,433.5353088378906,853.0099440948873
MY_0p5_5.2500_100.2500,100.25,5.25,1988-06-01,1988,6,250.36634711998735,110.82807538688527,66.73956298828125,19.356660842895508,14.949822425842285,34.30648422241211,28.058317184448242,75.98628234863281,154.76222229003906,270.6344909667969,529.4413452148438
MY_0p5_5.2500_100.7500,100.75,5.25,1988-06-01,1988,6,254.6971922232435,106.58585461483727,119.38103283410784,32.91544817781997,61.93391450246176,94.84935992887651,41.357917676026794,124.18698961981413,251.82562974951733,436.46314002727644,853.8336665712554
MY_0p5_5.2500_101.2500,101.25,5.25,1988-06-01,1988,6,261.83961205860925,101.02874518500434,114.43896031455385,37.89405770074753,91.65335984002976,129.5474123031374,42.40179846627371,127.8168222578745,259.0620125906808,448.5836226205977,877.8642488994295
MY_0p5_5.2500_101.7500,101.75,5.25,1988-06-01,1988,6,233.77078752456964,101.56145013213917,114.17401482648913,22.67511616542841,70.3234493231318,92.99856761154857,42.296585107305255,127.6204138105842,259.2534246262472,451.2786969227397,880.4491135907023
MY_0p5_5.2500_102.2500,102.25,5.25,1988-06-01,1988,6,176.14176731960026,108.94262418321742,102.68600342380013,15.260965256174655,53.84031131768681,69.10127501275129,41.77100936014941,125.9432975380284,256.04353410271324,446.1080451527978,869.8658958483655
MY_0p5_5.2500_102.7500,102.75,5.25,1988-06-01,1988,6,139.51980923829717,109.32312415056168,92.88295538950774,18.6453104019165,70.06306721315545,88.70837595018288,41.100734077065674,123.47529969296211,251.26771736791576,438.7117761644266,854.5555548199152
MY_0p5_5.2500_103.2500,103.25,5.25,1988-06-01,1988,6,131.40691663953993,112.4957928935056,96.52487460049717,24.592949966331584,79.62064594417424,104.21359778069831,42.36904775941527,127.9895265257204,261.07640343207817,458.41835140872314,889.8533666040992
MY_0p5_5.2500_115.2500,115.25,5.25,1988-06-01,1988,6,270.06014276319934,117.04231176068708,140.89388787941857,36.37305663061924,61.68870707027248,98.06176382596377,42.230437169309525,127.470166565942,259.1345344918673,451.471453557249,880.3065955990651
MY_0p5_5.2500_115.7500,115.75,5.25,1988-06-01,1988,6,275.9653933726027,115.57912457140186,133.8629526946504,32.35083168805655,67.53444270764365,99.88527529441703,42.19877867617849,127.34704532946569,258.72558024778203,449.9977642511917,878.2691762115996
MY_0p5_5.2500_116.2500,116.25,5.25,1988-06-01,1988,6,275.15975865231286,110.42537892015675,124.29211546499518,43.563655358326585,94.95562162278574,138.51928266694276,42.565054821062695,128.54468666752683,261.68366231797614,457.75581639929663,890.5492028345036
MY_0p5_5.2500_116.7500,116.75,5.25,1988-06-01,1988,6,288.71659126764615,109.76005950155135,118.13441240334814,55.247548030901555,136.86411524422562,192.11166710189627,42.84126415735558,129.37015837657302,263.3269995194447,460.85860559004766,896.3970356228984
MY_0p5_5.2500_117.2500,117.25,5.25,1988-06-01,1988,6,319.6674706837487,110.95872078547401,112.09738742888919,69.36596083868118,142.9075476752387,212.2735085139199,42.93530776008727,129.65045248364646,263.89916866241936,462.161560639881,898.6464925130209
MY_0p5_5.2500_117.7500,117.75,5.25,1988-06-01,1988,6,299.76796661861357,110.74794648185609,105.23050173804873,57.02329772464812,98.34095735095798,155.3642575218564,42.67247473096091,128.8609093075707,262.25295797681054,458.625579155816,892.4119177439854
MY_0p5_5.2500_118.2500,118.25,5.25,1988-06-01,1988,6,238.0579386281443,109.64012184871989,103.3629056845501,29.536852295990965,45.203173916810634,74.74002749449127,42.1986040734941,127.34491596100436,258.6474408192239,449.644321028594,877.8352933264082
MY_0p5_5.2500_118.7500,118.75,5.25,1988-06-01,1988,6,203.47237312316898,108.01958455888051,108.03384420606825,24.81217469109429,15.685051838556925,40.49722697999743,41.14376242955526,123.661331070794,248.45460171169708,420.62210803561743,833.8818138970269
MY_0p5_5.2500_119.2500,119.25,5.25,1988-06-01,1988,6,198.09700911012413,107.7232146490188,110.37881469726562,25.651214599609375,7.30635404586792,32.95756912231445,40.67823028564453,122.01998901367188,243.8450469970703,407.3458251953125,813.8890991210938
MY_0p5_5.7500_100.2500,100.25,5.75,1988-06-01,1988,6,237.94671067246446,113.38766029289177,108.22919219130769,17.86662179614426,8.54052393698911,26.40714682132826,34.77697067960687,100.60380204226992,203.68071865816728,352.834604245807,691.8960767273509
MY_0p5_5.7500_100.7500,100.75,5.75,1988-06-01,1988,6,239.37386537582157,110.95883125426276,119.29239715576173,27.319908479054767,50.05463414112727,77.37454278310139,40.15423056284587,119.8536934661865,242.54672932942708,418.6982309977214,821.2528818766275
MY_0p5_5.7500_101.2500,101.25,5.75,1988-06-01,1988,6,245.65145531601794,107.78073219239243,120.60121076688992,31.121344754076382,70.31301752225622,101.43436389832985,42.18808845459945,127.12583782166008,257.3700362077849,444.4334917443944,871.1174237108607
MY_0p5_5.7500_101.7500,101.75,5.75,1988-06-01,1988,6,214.8656172434489,108.65031468073529,117.2550999005636,17.672896651426953,30.76520206321342,48.43809734980265,41.15234241485596,123.81005309422812,249.29357891082768,425.90431480407716,840.1602892557783
MY_0p5_5.7500_102.2500,102.25,5.75,1988-06-01,1988,6,153.9474399273212,116.75494453234549,101.11841709124118,6.905699798153707,7.383402341235154,14.289102777487502,38.73163207853683,115.72631257953066,230.95427685875683,384.52821766246444,769.9404280434554
MY_0p5_5.7500_102.7500,102.75,5.75,1988-06-01,1988,6,124.30021994454519,114.54396016389421,77.58870697021484,10.216326713562012,18.499359130859375,28.715686798095703,34.72291564941406,100.70806884765625,203.43145751953125,350.3534851074219,689.2159423828125
MY_0p5_5.7500_103.2500,103.25,5.75,1988-06-01,1988,6,122.11370086669922,115.7166976928711,,,,,,,,,
MY_0p5_5.7500_115.2500,115.25,5.75,1988-06-01,1988,6,283.28130493164065,119.67704900105792,143.51922607421875,72.6962890625,82.01599884033203,154.71229553222656,42.7247428894043,129.16929626464844,263.73223876953125,465.1280517578125,900.7543334960938
MY_0p5_5.7500_115.7500,115.75,5.75,1988-06-01,1988,6,277.10732779473614,117.54510741438601,132.01745125906808,60.368191201346264,83.76821953909739,144.13641124906994,42.336788540794736,127.81927424839564,259.8862596784319,453.1321492513021,883.174471609933
MY_0p5_5.7500_116.2500,116.25,5.75,1988-06-01,1988,6,267.5536414252387,112.25836748395646,122.55334535629031,53.81723241654653,94.2933720785474,148.1106036473834,42.248687126522974,127.47220049661304,258.6833549862816,448.6632688492063,877.0675097268726
MY_0p5_5.7500_116.7500,116.75,5.75,1988-06-01,1988,6,281.9220714750744,109.20239415244453,114.87022923060826,71.1923201909141,134.45188524760897,205.64420689174108,42.63940119667658,128.68041628882997,261.3593603224981,454.6982095385355,887.3773914155506
MY_0p5_5.7500_117.2500,117.25,5.75,1988-06-01,1988,6,320.2218393030979,113.53929155030836,116.59752089443266,101.32490999239852,129.80611035801257,231.13102101226713,42.87986205428932,129.41934420708978,263.0609842294398,459.41582693587344,894.7760094483192
MY_0p5_5.7500_117.7500,117.75,5.75,1988-06-01,1988,6,308.3832793705047,114.21896534268821,114.51504068566649,75.0902027667769,68.84236730025118,143.93257274243655,42.54740480768601,128.31083223483708,260.1720158109729,451.7190637780516,882.7493167339557
MY_0p5_5.7500_118.2500,118.25,5.75,1988-06-01,1988,6,251.183339723399,112.27449487050373,110.78984859890409,42.254895189073345,26.448593605889215,68.70349127875434,42.06574674818251,126.71304890950519,256.1217719184028,441.1300073242188,866.0305856662325
MY_0p5_5.7500_118.7500,118.75,5.75,1988-06-01,1988,6,206.49622388986444,109.86218569828915,109.3178482055664,34.50129318237305,16.333585739135742,50.83488082885742,41.916595458984375,126.2335433959961,255.01681518554688,438.6450500488281,861.81201171875
MY_0p5_6.2500_99.7500,99.75,6.25,1988-06-01,1988,6,226.99437908097812,117.1455903894761,143.79256776321765,24.617217130439222,22.228136195692905,46.84535403584325,41.34600661521734,124.7235002739485,252.72720301428504,435.64707698378453,854.4437852016715
MY_0p5_6.2500_100.2500,100.25,6.25,1988-06-01,1988,6,222.87467640638351,116.2165174484253,134.04632829938615,16.964789713645462,10.070686931999361,27.035477151676098,39.20479890473034,116.85358422727,235.89939581423388,405.45657473194353,797.4143310546874
MY_0p5_6.2500_100.7500,100.75,6.25,1988-06-01,1988,6,221.60232060848514,115.93676009601607,122.83766963767269,17.119835367534154,17.696498892942454,34.81633441144435,39.763431549072266,118.53360818988108,235.82479510804404,400.3795894195674,794.5014363292561
MY_0p5_6.2500_101.2500,101.25,6.25,1988-06-01,1988,6,220.73411912184494,115.35634659987231,117.89224665715145,20.304842171302212,25.551193384023815,45.85603637695313,40.20867679302509,120.00818622295675,237.52631929837744,400.81000835712143,798.5532095102163
MY_0p5_6.2500_101.7500,101.75,6.25,1988-06-01,1988,6,178.17831595284596,119.73298165457587,107.96071406773157,8.405027205603462,5.259578541652965,13.664606298719134,38.13746621268136,113.7350867135184,222.29471522739954,362.03222133091515,736.1994750976561
MY_0p5_6.2500_102.2500,102.25,6.25,1988-06-01,1988,6,143.30391836166382,121.94379648348179,99.86312103271484,2.7541377544403076,0.002187666017562151,2.7563252449035645,37.05449676513672,110.45079040527344,215.3745880126953,338.1301574707031,701.010009765625
MY_0p5_6.2500_115.7500,115.75,6.25,1988-06-01,1988,6,246.08986490423027,119.0670275254683,137.11517333984375,51.81386947631836,42.56705093383789,94.38092041015625,41.82435989379883,126.06998443603516,255.12730407714844,439.7379150390625,862.7595825195312
MY_0p5_6.2500_116.2500,116.25,6.25,1988-06-01,1988,6,239.41284608004386,116.01303251166091,126.299933278088,37.23898145280745,38.17436003002302,75.41334145919866,41.28561434976855,124.22798482752054,250.02292407871866,425.27789535186366,840.81442381737
MY_0p5_6.2500_116.7500,116.75,6.25,1988-06-01,1988,6,243.5859329465836,113.50098021976528,113.36536317855594,31.949164305792912,42.725066428335886,74.67423088134281,41.05607288905552,123.37615501767115,247.21048506479414,415.8767287481399,827.5194347563244
MY_0p5_6.2500_117.2500,117.25,6.25,1988-06-01,1988,6,274.07728000217014,115.47888634091332,112.27457449776786,54.8299041445293,42.806732456267824,97.63663761804973,41.03425755576482,123.01783263191345,246.81900276305183,416.9346465580047,827.8057446676588
MY_0p5_6.2500_117.7500,117.75,6.25,1988-06-01,1988,6,284.5764716466268,116.00481537977856,113.33603944834213,56.67330113907307,24.858289268978854,81.53159222965353,40.90256283854881,122.40718819244563,244.97098581414477,411.6773701271816,819.9581238149901
MY_0p5_6.2500_118.2500,118.25,6.25,1988-06-01,1988,6,280.4313245500837,115.74348967415945,115.98016357421875,46.32318203789847,10.04266611805984,56.365850516727996,41.49424893515451,124.44941329956055,248.35901859828405,414.5557861328125,828.8584943498885
MY_0p5_6.7500_100.2500,100.25,6.75,1988-06-01,1988,6,216.8278461905087,116.77453119614545,142.81352570477654,17.20689032358282,15.755330078742082,32.9622204023249,40.93378089455997,123.20657213996438,248.49971412209902,425.25114014569454,837.8912034876207
MY_0p5_6.7500_100.7500,100.75,6.75,1988-06-01,1988,6,209.46477254231775,118.72598153573496,124.77509675202549,9.494993739657932,6.572701736732767,16.067695547033242,38.55786090426975,114.07404383906614,221.73114748354308,375.9473130967882,750.3103728117767
MY_0p5_6.7500_116.2500,116.25,6.75,1988-06-01,1988,6,202.87470727679374,119.6903338764989,115.44630655428259,7.432134093307868,0.4686224329762343,7.900756487032264,38.755418823986524,115.56155842106516,225.89317582293256,356.93980444931407,737.1499827315168
MY_0p5_6.7500_116.7500,116.75,6.75,1988-06-01,1988,6,212.4867912322167,118.70214328169823,108.06801807267865,8.998042932140969,1.7147500536518667,10.712793229596889,37.774507002397016,111.84440256955595,218.38043417949453,344.5782915801399,712.577644921103
MY_0p5_6.7500_117.2500,117.25,6.75,1988-06-01,1988,6,233.06604642949554,117.6958107255463,103.10611056437534,14.049143293262583,2.407019053583767,16.456162115113926,37.23998674038237,109.64625245490961,214.3803958048863,339.23972867442444,700.506365210609
MY_0p5_6.7500_117.7500,117.75,6.75,1988-06-01,1988,6,256.1176359388564,116.75272517734103,107.23797154426575,20.98264336585999,1.585241662338376,22.567883729934692,38.211877942085266,112.94712853431702,222.30235719680786,357.01673698425293,730.4781150817871
MY_0p5_7.2500_116.7500,116.75,7.25,1988-06-01,1988,6,186.90041621651235,119.72583189464751,104.12722864565642,5.287305666052776,0.003006182950111511,5.290311858965003,35.62305331022843,104.43064216945484,199.73032014266303,297.30008571458904,637.0841000764266
MY_0p5_7.2500_117.2500,117.25,7.25,1988-06-01,1988,6,187.45080030286636,118.82416369463947,101.89721302233244,5.686451349760357,7.977159773489754E-4,5.687249063190661,34.87529971474095,101.76660718415911,193.64295108192846,284.8240083393298,615.1088597347862
MY_0p5_0.7500_110.2500,110.25,0.75,1988-07-01,1988,7,242.3085174560547,107.84880511944111,121.50599283071666,33.8689328120305,77.00675465510442,110.87569063626805,42.35560326209435,127.73192925086389,259.21670860877407,450.2427579439604,879.5469998873198
MY_0p5_0.7500_110.7500,110.75,0.75,1988-07-01,1988,7,252.9153056553432,111.66428189958845,129.28478458949496,47.70114915030343,101.71982857840402,149.42097625732424,42.67071211678641,128.84018794468471,262.2686139787947,459.19970354352677,892.9791861397879
MY_0p5_0.7500_111.7500,111.75,0.75,1988-07-01,1988,7,241.2902192615327,110.12392401316811,126.40844133165147,46.690394265311106,76.85788896348741,123.54828583248077,42.211245097811265,127.5533466641865,259.9185791015625,454.4628509037079,884.1460009378101
MY_0p5_1.2500_103.2500,103.25,1.25,1988-07-01,1988,7,209.62893380470646,107.10486839812936,119.24055619673298,39.269478277726606,68.90212891318582,108.17160398309882,38.83996295928956,115.46774552085184,236.1005609685725,415.4914710304954,805.8997344970703
MY_0p5_1.2500_103.7500,103.75,1.25,1988-07-01,1988,7,222.16034172576607,107.07802811409664,109.71946442242965,43.586817028453055,79.39924851204584,122.98606198505291,40.11030967490187,120.23962387529393,245.96225894076153,433.554539652704,839.8667282548923
MY_0p5_1.2500_104.2500,104.25,1.25,1988-07-01,1988,7,234.5366051810128,108.09564917428152,99.22139739990234,48.96413040161133,91.61465454101562,140.5787811279297,41.77928924560547,126.50092315673828,258.8961181640625,457.15557861328125,884.3319091796875
MY_0p5_1.2500_109.7500,109.75,1.25,1988-07-01,1988,7,218.34297492705193,111.10034253223833,123.06308810682184,33.87979544214455,56.45482529789568,90.33462074004024,42.53960239456361,128.5202218480857,262.06335706595917,460.67589008377263,893.7990774131683
MY_0p5_1.2500_110.2500,110.25,1.25,1988-07-01,1988,7,243.75457404294997,109.70496677707982,122.62646260500875,37.76891048534497,85.48477766412566,123.25368794327079,42.45056812183278,128.07765730927812,260.23026148969143,453.3711468906477,884.1296344300497
MY_0p5_1.2500_110.7500,110.75,1.25,1988-07-01,1988,7,253.7247984871032,112.50447305346292,130.4757662818545,46.346546766493056,107.94315187968905,154.289699929858,42.71611800420852,129.0092353457496,262.7936735607328,460.92693898034474,895.4459523034473
MY_0p5_1.2500_111.2500,111.25,1.25,1988-07-01,1988,7,242.92023343704759,112.01894897850939,129.0426289860052,51.36527358228787,105.55236102216922,156.9176301803833,42.55532745507579,128.53609390990042,261.7987465172911,458.38261476949384,891.2727731332992
MY_0p5_1.2500_111.7500,111.75,1.25,1988-07-01,1988,7,243.53897312709265,109.73972659640842,126.02459317161923,47.0709361121768,80.23806883796813,127.3090079171317,42.28876198662652,127.76325213719927,260.2555382138207,454.9479457310267,885.2554805695064
MY_0p5_1.2500_112.2500,112.25,1.25,1988-07-01,1988,7,256.96641037064757,107.29517678197871,128.67684595717995,48.262787639792194,84.13228731106985,132.39507448612736,42.41534663941049,128.12512137321045,260.94426653711923,456.33848641487543,887.8232214293504
MY_0p5_1.2500_112.7500,112.75,1.25,1988-07-01,1988,7,277.01302210489905,105.0963462193807,129.74223168691,54.903602997461945,112.5705598195394,167.4741611480713,42.571519454320274,128.51102193196616,261.3412233988444,455.8510271708171,888.2748044331869
MY_0p5_1.2500_113.2500,113.25,1.25,1988-07-01,1988,7,290.42760779339335,103.9499175361965,132.71585746433422,60.838418512759006,116.33138892132301,177.16980935801632,42.68278533272121,128.80288961659306,261.7876743482507,456.5322029445482,889.8055345618207
MY_0p5_1.2500_113.7500,113.75,1.25,1988-07-01,1988,7,297.18422005393285,102.54032672535288,133.00228280732122,58.859633214545966,110.76689743273185,169.62652876882842,42.621509580901176,128.58459958163172,261.1973428437204,454.87521501020944,887.2786879106001
MY_0p5_1.2500_114.2500,114.25,1.25,1988-07-01,1988,7,299.1189429359099,100.20102900952365,131.75932541568721,58.49062519579862,97.5750430621932,156.06567099242085,42.499822700973105,128.19572273186878,260.2527171447214,452.3348261740355,883.2831075212597
MY_0p5_1.2500_114.7500,114.75,1.25,1988-07-01,1988,7,289.55032742408014,97.15895080566406,126.50247979933215,56.834116904966294,108.62610700053553,165.46021393806703,42.52777554911952,128.30443351499497,260.52759478169105,452.84526209677415,884.205091907132
MY_0p5_1.7500_102.7500,102.75,1.75,1988-07-01,1988,7,197.1253435335107,106.96801332083858,113.32969546318054,24.057551205158237,63.19300532341003,87.25055432319641,41.08798372745514,123.46815299987792,252.43206548690796,445.44957637786865,862.4377632141113
MY_0p5_1.7500_103.2500,103.25,1.75,1988-07-01,1988,7,211.0656255773596,105.44771773290452,117.03572937011721,32.33415846824646,75.33702327728271,107.67118019104004,40.893519783020025,122.8518098449707,251.16713912963866,442.48621887207037,857.3986840820313
MY_0p5_1.7500_103.7500,103.75,1.75,1988-07-01,1988,7,225.97316534307936,106.05516986605487,112.7954108805596,44.61408779289149,85.26079998740667,129.87488548665107,40.9555267985863,123.20285613627374,251.91930650155757,443.7821272837965,859.859810937809
MY_0p5_1.7500_104.2500,104.25,1.75,1988-07-01,1988,7,235.16579446792605,107.42775826454161,108.6721964399944,53.2904640907465,95.38442117853683,148.67488453000092,42.03522526940634,127.24517662580622,260.2436050296754,458.76355311667277,888.2875569661459
MY_0p5_1.7500_109.7500,109.75,1.75,1988-07-01,1988,7,220.5947451924169,111.28447887509368,123.13471984863281,34.67604064941406,57.57270050048828,92.24874114990234,42.56818389892578,128.62547302246094,262.3779602050781,461.6504211425781,895.2220458984375
MY_0p5_1.7500_110.2500,110.25,1.75,1988-07-01,1988,7,242.73503018497078,112.6589383597326,124.77475481492313,44.011784191437584,94.90947111405154,138.9212484920726,42.59675796019202,128.62752945027887,261.91548785041357,458.79995874415107,891.9397315367021
MY_0p5_1.7500_110.7500,110.75,1.75,1988-07-01,1988,7,253.59074818004254,113.77716896750708,132.5984809875488,43.11391620635986,114.7643756866455,157.8782989501953,42.78947601318359,129.30944747924804,263.8408935546875,464.6428939819335,900.5827392578125
MY_0p5_1.7500_111.2500,111.25,1.75,1988-07-01,1988,7,245.26147877526662,112.57828962537977,130.6750051808912,48.909167817581526,112.69767289272576,161.60684353140897,42.6611428903979,128.86661440827126,262.5926296500273,460.63268290674966,894.753075604106
MY_0p5_1.7500_111.7500,111.75,1.75,1988-07-01,1988,7,250.62512767164006,109.33485410183289,126.44758461095107,50.388564278807806,106.11052621768998,156.4990917157523,42.62801976747149,128.75367118738873,262.2539650639401,459.44696817518775,893.082610890835
MY_0p5_1.7500_112.2500,112.25,1.75,1988-07-01,1988,7,268.1001499720982,106.82632935539122,127.72080572219122,53.56610446506076,112.71593567378937,166.28204084123882,42.62178592984638,128.7050251309834,261.9825647747706,458.15643407428075,891.4658098493304
MY_0p5_1.7500_112.7500,112.75,1.75,1988-07-01,1988,7,283.8224670410156,105.796750628759,130.83075847322976,58.91500905354818,126.2970695616707,185.21207750108508,42.6945570203993,128.91383434477305,262.36541951497395,458.8134294782366,892.7872422960069
MY_0p5_1.7500_113.2500,113.25,1.75,1988-07-01,1988,7,297.7098172626798,105.03932204473585,133.46007196335566,63.32463811238607,134.0026162768167,197.32725549122642,42.76291881742931,129.1027880956256,262.6939677889385,459.38403407505575,893.9437046595982
MY_0p5_1.7500_113.7500,113.75,1.75,1988-07-01,1988,7,303.68631049262154,103.29209253220331,132.65570281498017,65.68505332583472,130.2177016485305,195.90275394500247,42.70727232675704,128.87872479151164,261.9459848555307,456.79428381541413,890.3263020833334
MY_0p5_1.7500_114.2500,114.25,1.75,1988-07-01,1988,7,303.39625466967385,100.6893303280785,131.58655618334572,68.87336683727445,106.8602058531746,175.7335741799975,42.595482490176245,128.48849681067088,260.8705666193886,453.7098681253099,885.6644397553943
MY_0p5_1.7500_114.7500,114.75,1.75,1988-07-01,1988,7,297.6757505742997,98.52565310779633,126.11460149102878,71.72333793442485,99.64061606609759,171.36394639089315,42.54133133567059,128.30338639175335,260.36409953221136,452.2071771967597,883.4160045564482
MY_0p5_2.2500_101.7500,101.75,2.25,1988-07-01,1988,7,152.37079751371132,109.04073133372297,117.41862534031723,20.390468886404328,54.998951883027054,75.38942148227885,41.76628008755772,126.1159666427458,257.923301003196,454.87423459447996,880.6797830600932
MY_0p5_2.2500_102.2500,102.25,2.25,1988-07-01,1988,7,173.2091414164128,105.06343732039895,112.16211831854861,19.371795088480535,56.73469317130495,76.1064895921917,41.659899478894104,125.59909583278821,256.48375858872697,451.16166446083463,874.9044081400456
MY_0p5_2.2500_102.7500,102.75,2.25,1988-07-01,1988,7,192.6620363645916,104.7240948254549,113.01008405564704,21.977495115014573,59.012419700622566,80.9899147130266,41.768849916095974,125.96809836278987,257.6206001088589,454.94901043855685,880.3065585365779
MY_0p5_2.2500_103.2500,103.25,2.25,1988-07-01,1988,7,209.7703406924293,103.40618339417472,113.03961295476034,25.793221942962163,71.26715569874597,97.06037808372861,42.01441310095408,126.9009813096788,259.35168805803573,456.766754828559,885.0338382781498
MY_0p5_2.2500_103.7500,103.75,2.25,1988-07-01,1988,7,231.04176428843348,105.14929310426874,116.24888887567035,38.16396462391999,79.30983335850601,117.47379794363246,41.87226292238397,126.38457072629765,258.1833586094743,453.9673213635461,880.4075033931409
MY_0p5_2.2500_104.2500,104.25,2.25,1988-07-01,1988,7,245.9125451809023,106.44014287188772,121.90291835059806,47.25445931805067,80.82433848735717,128.07879979157252,42.37376397503309,128.2268683063097,262.01745025382553,460.955361106179,893.5734323548876
MY_0p5_2.2500_104.7500,104.75,2.25,1988-07-01,1988,7,281.721435546875,107.7689208984375,,,,,,,,,
MY_0p5_2.2500_109.7500,109.75,2.25,1988-07-01,1988,7,229.44557091497606,110.76826772382184,,,,,,,,,
MY_0p5_2.2500_111.2500,111.25,2.25,1988-07-01,1988,7,242.35293477773664,111.73063084483148,126.22004295797908,40.99553615906658,97.99695104711195,138.99248437320483,42.65729298311121,128.9140432021197,262.9862590116613,462.5428175084731,897.100413602941
MY_0p5_2.2500_111.7500,111.75,2.25,1988-07-01,1988,7,255.6094771127852,110.21434207492405,127.03755207364522,43.899929440210734,100.6996058146159,144.5995339287652,42.68555705963619,128.98840811593192,263.10264388795883,462.71895548502613,897.4955678788443
MY_0p5_2.2500_112.2500,112.25,2.25,1988-07-01,1988,7,279.6838331434462,108.63018031044611,129.6776586139013,53.57805313836961,118.33842039562406,171.91647704593717,42.775815218970884,129.22129962255084,263.3934290325831,462.6973646375867,898.0879076760913
MY_0p5_2.2500_112.7500,112.75,2.25,1988-07-01,1988,7,302.2057572622148,107.1494118342324,132.98993321978855,62.46943744477771,138.8504624139695,201.3199006095765,42.85974037533715,129.45476272825212,263.73974367171996,462.8564768957712,898.9107104104662
MY_0p5_2.2500_113.2500,113.25,2.25,1988-07-01,1988,7,322.9237698993986,106.02860531277128,136.7637451656281,66.87736428881449,151.16863417852494,218.045997062562,42.90392697046674,129.5782156808036,263.93564714704246,463.00928092835454,899.4270769391742
MY_0p5_2.2500_113.7500,113.75,2.25,1988-07-01,1988,7,327.0353211994413,103.2486810080613,135.2127671543556,74.49042503743235,145.15021118936662,219.6406390516064,42.81113087376462,129.20551000667527,262.6408363052562,458.27724408499813,892.9347435673583
MY_0p5_2.2500_114.2500,114.25,2.25,1988-07-01,1988,7,317.87297779870414,100.44714217413039,133.25403485979353,79.90012386261469,127.43453981914217,207.33466433570499,42.78662300715371,129.0726293170263,262.1053267221602,456.44982290116565,890.4144234793528
MY_0p5_2.2500_114.7500,114.75,2.25,1988-07-01,1988,7,307.9624513687627,98.20500448903731,126.3737266294418,75.87749500889932,98.98507710118447,174.862565120574,42.58096635880009,128.43103982248616,260.69035309822334,453.23660071588336,884.9389752787929
MY_0p5_2.2500_115.2500,115.25,2.25,1988-07-01,1988,7,308.43768310546875,96.83546447753906,117.15390014648438,60.47804260253906,115.91682434082031,176.39486694335938,42.717899322509766,128.9223175048828,262.1600341796875,457.8990478515625,891.6992797851562
MY_0p5_2.7500_101.2500,101.25,2.75,1988-07-01,1988,7,155.77183532714844,110.1767578125,120.9207534790039,19.440643310546875,55.41162872314453,74.8522720336914,42.142581939697266,127.58648681640625,261.22210693359375,461.8448791503906,892.7960815429688
MY_0p5_2.7500_101.7500,101.75,2.75,1988-07-01,1988,7,155.0179855671335,105.5055606911399,102.67098729913883,19.12322002064098,67.13090178056197,86.25412536621093,41.892208224209874,126.72476470947264,258.9207489568537,455.4254495516689,882.9631900301846
MY_0p5_2.7500_102.2500,102.25,2.75,1988-07-01,1988,7,171.308384646276,101.74829638535809,111.88048852325245,16.72649097442627,53.563282170872775,70.2897729326965,42.10651418357897,127.29606096304146,259.690063282183,455.1238725990247,884.2165066664386
MY_0p5_2.7500_102.7500,102.75,2.75,1988-07-01,1988,7,187.2752468736866,102.39822457711907,112.4805428710165,20.056782776796364,48.825539613071875,68.88232313228559,42.41811953918843,128.34267391735995,262.5072021484375,463.7862276487713,897.0542361102526
MY_0p5_2.7500_103.2500,103.25,2.75,1988-07-01,1988,7,202.4010649274109,104.14956011438065,108.57244868187388,25.68402230208087,53.18083471553341,78.86485747319118,41.46893020192529,124.86155139412851,255.1432362939142,449.61190446015377,871.0856134694093
MY_0p5_2.7500_103.7500,103.75,2.75,1988-07-01,1988,7,222.9363540649414,106.44293989098591,108.78767356345182,31.159448825818608,53.5576679212157,84.71711674703432,40.602426801409045,121.73211694532827,248.68186634257094,437.68730086225514,848.7036956927743
MY_0p5_2.7500_104.2500,104.25,2.75,1988-07-01,1988,7,250.30264080272002,106.59256284377153,121.07334899902344,33.739540100097656,58.945701599121094,92.68524169921875,42.329833984375,128.0961151123047,261.7768859863281,460.74981689453125,892.95263671875
MY_0p5_2.7500_111.2500,111.25,2.75,1988-07-01,1988,7,237.31210779650456,111.19531002702384,124.31337513643153,30.3522642920999,40.40552913441377,70.75779151916504,42.35585728813621,128.0369229036219,261.28337276683135,459.3223517922794,890.9985046386718
MY_0p5_2.7500_111.7500,111.75,2.75,1988-07-01,1988,7,250.89899106885568,110.45760792591533,125.93681374911603,32.73096993873859,48.84305662122265,81.57402661751054,42.440518247670134,128.26518111393366,261.64811364535626,459.8777978831324,892.231628944134
MY_0p5_2.7500_112.2500,112.25,2.75,1988-07-01,1988,7,271.74691250958017,109.80508929868289,129.50095138549804,41.61539197285969,60.5209703318278,102.13636344909668,42.56648026784261,128.59161631266275,262.08531453450524,460.2276101684571,893.4710302734375
MY_0p5_2.7500_112.7500,112.75,2.75,1988-07-01,1988,7,298.47285191016863,108.76578980457933,132.94543210765983,60.304232404201855,92.35077445114715,152.65500645697873,42.72801201252998,129.03866891015934,262.81863297088233,461.0680196255068,895.6533334466474
MY_0p5_2.7500_113.2500,113.25,2.75,1988-07-01,1988,7,327.2890714130705,107.22120683458115,137.2721964033823,69.9249285501147,122.64716796874998,192.5720965188647,42.89230114164806,129.52780708434088,263.821334015377,463.14431084526905,899.385748969184
MY_0p5_2.7500_113.7500,113.75,2.75,1988-07-01,1988,7,334.34745681665504,104.12856909879454,138.06065081942614,72.29841339208518,121.62617560708597,193.924587760002,42.83027625843218,129.2695911188794,262.8763994350555,459.5748010137279,894.5510706810434
MY_0p5_2.7500_114.2500,114.25,2.75,1988-07-01,1988,7,324.26836540125595,100.1711307718784,134.43671470352365,74.66608115087581,120.37698475318619,195.04306947732275,42.77237684515458,129.04209233537503,262.07296598410306,456.5075035578088,890.3949328072464
MY_0p5_2.7500_114.7500,114.75,2.75,1988-07-01,1988,7,316.19843870515274,99.25405645674202,130.3566210801434,71.31442518294998,106.22359381511713,177.53801654402616,42.69703478722056,128.83784334219183,261.81600680017164,456.67272424394156,890.0236377108629
MY_0p5_2.7500_115.2500,115.25,2.75,1988-07-01,1988,7,313.24852855785474,96.95314458898595,117.30778826464403,55.692095060606256,114.54720629442919,170.23929905247041,42.60394228686083,128.52647248689118,261.01117438239015,454.16209205421245,886.3036641988668
MY_0p5_3.2500_101.2500,101.25,3.25,1988-07-01,1988,7,161.04844326443143,109.58828168342086,127.81970933253665,22.01830353347244,59.49410140931838,81.51240625641225,42.297352816808086,128.02126398346306,261.9511142834615,462.70331499270424,894.9730359979177
MY_0p5_3.2500_101.7500,101.75,3.25,1988-07-01,1988,7,163.1440927757407,101.12517834317153,103.93147306988953,21.953785835557685,80.00834605951978,101.96213337114663,41.9809924812074,126.87979385959117,258.5339737424426,451.68683434747584,879.0816185823674
MY_0p5_3.2500_102.2500,102.25,3.25,1988-07-01,1988,7,171.1176486060733,101.30122726682633,112.32414994012741,15.673450539604065,40.52281979757642,56.19627001323396,42.11778201148624,127.39657149541947,260.2215337844122,457.3224443708147,887.0583232576886
MY_0p5_3.2500_102.7500,102.75,3.25,1988-07-01,1988,7,179.323916133446,101.48792537254623,111.20062750804273,17.707807731024822,42.04336278649824,59.75117100341409,42.286656584920756,127.94886405558525,261.6323724094825,461.4602523031114,893.3281394861921
MY_0p5_3.2500_103.2500,103.25,3.25,1988-07-01,1988,7,188.82488521613206,104.16141251554707,103.17644446059236,23.452748363880072,44.93677944469142,68.38952780857149,40.594450810833166,121.71171602131102,248.76830512925935,438.4932393126845,849.567712044483
MY_0p5_3.2500_112.2500,112.25,3.25,1988-07-01,1988,7,263.3724819607205,110.3664740668403,129.25592108832467,37.89410510592991,30.633699459499788,68.5278040568034,42.457678222656256,128.25533142089844,261.34845716688375,458.7209913465712,890.7824747721354
MY_0p5_3.2500_112.7500,112.75,3.25,1988-07-01,1988,7,289.6208067863218,109.60164199336883,135.26828378145814,65.68298799483503,62.95411732157723,128.63710497246413,42.63767317474866,128.72929457367442,262.0130717793449,459.0608162801774,892.4408619364754
MY_0p5_3.2500_113.2500,113.25,3.25,1988-07-01,1988,7,318.18375115645557,108.36234759567375,139.82050421743682,71.65409810615309,76.3545426455411,148.0086412140817,42.66955382896192,128.8172176245487,262.162796829686,459.2932941552364,892.9428519046667
MY_0p5_3.2500_113.7500,113.75,3.25,1988-07-01,1988,7,327.53789527529756,105.9606214250837,138.42151416596914,75.22503659687345,84.15696231902591,159.38200126526849,42.66847650437128,128.77139437236482,261.8623355926029,457.9238663930741,891.2260802253845
MY_0p5_3.2500_114.2500,114.25,3.25,1988-07-01,1988,7,323.3909484474522,102.5198712197079,134.83147041660965,76.53345856393219,101.22175668607092,177.7552221504746,42.67204658848465,128.66563284321194,260.99418105593145,453.60220035625866,885.9340505417745
MY_0p5_3.2500_114.7500,114.75,3.25,1988-07-01,1988,7,319.91929665340746,101.6869220369181,135.35065958302494,60.98362041886446,82.72780227661134,143.7114256354654,42.55641315241528,128.34063779016972,260.43426474795984,452.9025039186903,884.2338369576037
MY_0p5_3.2500_115.2500,115.25,3.25,1988-07-01,1988,7,319.4000661342959,97.67521201507954,118.17511459543734,57.73198428335069,123.19092960599103,180.9229138048389,42.590160345729394,128.43542113485216,260.55016133755066,452.25339865382716,883.8291307280334
MY_0p5_3.2500_115.7500,115.75,3.25,1988-07-01,1988,7,321.4315981061271,95.25108054514682,111.73987939384546,66.79741102925847,157.2663622223929,224.06378036670472,42.8500424074323,129.31482550803196,262.8936935596252,458.9701274057452,894.0286947528969
MY_0p5_3.7500_100.7500,100.75,3.75,1988-07-01,1988,7,181.6221923828125,113.00399780273438,135.5730743408203,23.709001541137695,60.72401428222656,84.43301391601562,42.4268913269043,128.3863525390625,262.6040954589844,463.7860412597656,897.203369140625
MY_0p5_3.7500_101.2500,101.25,3.75,1988-07-01,1988,7,176.48046081269268,107.61381214722076,129.61998874701342,24.717421516245626,75.62891059554512,100.34633224141636,42.422597508600234,128.28950456045206,261.95185303919527,460.6924484894885,893.3563923758597
MY_0p5_3.7500_101.7500,101.75,3.75,1988-07-01,1988,7,174.85878534878003,99.72476988385439,113.7226925989625,18.083706782881627,81.49270770807935,99.57641577265066,42.2060800175758,127.51385643831486,259.63604648857364,452.9974063946184,882.3534157139482
MY_0p5_3.7500_102.2500,102.25,3.75,1988-07-01,1988,7,174.41734793526783,98.46982378278459,112.47386179121715,16.666248024834527,70.16244436597066,86.82869114951481,42.32459653824094,127.94581206790983,261.03258308531747,457.9833914620536,889.286381797185
MY_0p5_3.7500_102.7500,102.75,3.75,1988-07-01,1988,7,174.42292596726188,100.58316531711154,108.18429592072017,17.792186198158866,57.89928940061539,75.69147484188987,42.33266341194274,128.05444214836,261.670717172774,460.798886156839,892.8567154172866
MY_0p5_3.7500_103.2500,103.25,3.75,1988-07-01,1988,7,176.42006260845292,102.71312458296697,102.86570195216758,19.505184427897138,59.207641257491765,78.71282332177255,41.84399113374598,126.28660308239508,258.07838984470743,454.42176178576904,880.6307329963236
MY_0p5_3.7500_113.2500,113.25,3.75,1988-07-01,1988,7,314.806170463562,109.11839199066162,141.21427867451655,57.72954296674885,47.40863843824043,105.13818009173283,42.4334783085057,128.1064097920402,260.7376008580943,456.48080944624104,887.7583007812501
MY_0p5_3.7500_113.7500,113.75,3.75,1988-07-01,1988,7,321.13356485591595,108.00392814515128,136.98562083815295,45.857520168267406,39.08579231311589,84.94331157400384,42.34131853171537,127.79116887953676,259.9477656589743,454.4665539195237,884.5467955950395
MY_0p5_3.7500_114.2500,114.25,3.75,1988-07-01,1988,7,316.5452624747224,105.70664924742684,136.22339797247025,52.53918463086325,43.78037532019236,96.31956108940972,42.44189420427595,128.0100331624349,260.0044416155134,453.46640363420755,883.9227393740699
MY_0p5_3.7500_114.7500,114.75,3.75,1988-07-01,1988,7,310.81670047820563,103.3784170241583,138.00413622174943,45.00812551104833,43.04232337588355,88.05044972253224,42.353573499407084,127.7333295791868,259.3256518167163,451.5727586534288,880.9853238544767
MY_0p5_3.7500_115.2500,115.25,3.75,1988-07-01,1988,7,305.31976609002976,96.73738471137152,117.82243160671658,50.86561609903971,107.88844437372116,158.75406251937625,42.425829920693054,127.86402348109651,259.00367741660466,448.0840406629774,877.377542937748
MY_0p5_3.7500_115.7500,115.75,3.75,1988-07-01,1988,7,305.89794351042605,93.45815858909552,111.6709875202865,62.295066613945174,148.10577326712848,210.40083719157485,42.735761656177985,128.9169309327928,261.77399010967,455.5328463547521,888.9595148100269
MY_0p5_4.2500_100.7500,100.75,4.25,1988-07-01,1988,7,196.28650188446045,112.82228821281373,132.16305504623728,25.20812679212921,64.91624005376076,90.12436850411552,42.414816112907566,128.34293922891425,262.47240550761325,463.3696854571907,896.5998281050704
MY_0p5_4.2500_101.2500,101.25,4.25,1988-07-01,1988,7,194.54422919694767,103.93117277789268,120.31147775832257,29.262259847798926,103.45974194472004,132.72200046223443,42.32183975171132,127.85389072879866,260.3018564600854,454.29585373021996,884.7734382775179
MY_0p5_4.2500_101.7500,101.75,4.25,1988-07-01,1988,7,188.97057942918082,101.1993989792114,118.56839040445443,16.581292685609277,67.68282075583365,84.26411367300601,42.341339074765536,128.0304226860071,261.34101297299327,459.10888369624234,890.8216609284519
MY_0p5_4.2500_102.2500,102.25,4.25,1988-07-01,1988,7,180.6718295648837,101.76252965957593,111.181504295276,15.843099435678306,66.4040512474962,82.24715289521143,42.41209383589772,128.25768643217728,261.92781929771746,460.88075836474155,893.4783553345899
MY_0p5_4.2500_102.7500,102.75,4.25,1988-07-01,1988,7,172.15402318869428,100.77904639274452,101.12307180416812,19.178112418788256,87.10799653363077,106.28611301009065,42.33961134503601,127.96122092957707,260.85243108469973,456.644099630368,887.7973522016197
MY_0p5_4.2500_103.2500,103.25,4.25,1988-07-01,1988,7,164.63862495271584,104.14988822804095,99.89762195228285,19.083807676095997,66.95397008171479,86.03777921988988,42.324337298031054,127.98443568957394,261.39798143765654,459.7322441925156,891.4390154582698
MY_0p5_4.2500_113.7500,113.75,4.25,1988-07-01,1988,7,309.87292286706344,109.54423453591089,136.63256159368555,29.848818509083877,22.788662406633488,52.637480321920144,42.22209919623609,127.44436012124116,259.2540545193654,452.96603652666204,881.8865523428287
MY_0p5_4.2500_114.2500,114.25,4.25,1988-07-01,1988,7,303.4016053267602,108.28564809556175,135.55812921119016,26.829173658805466,21.630578692815483,48.45975358882006,42.121659886422776,127.13703361717431,258.56418518302064,451.25073100793327,879.0735937877051
MY_0p5_4.2500_114.7500,114.75,4.25,1988-07-01,1988,7,293.54040181477865,105.39206756591798,138.3069922892253,37.24851575215658,42.16579671223959,79.41431035359702,42.323659642537436,127.71561279296874,259.6238515218099,453.1268912760418,882.7900036621095
MY_0p5_4.2500_115.2500,115.25,4.25,1988-07-01,1988,7,274.67013592190216,99.80448420842488,123.15300377209981,33.26394138071272,85.74880928463406,119.01275078455608,42.207301153077026,127.22938789261711,257.7696344587538,445.574236339993,872.780536863539
MY_0p5_4.2500_115.7500,115.75,4.25,1988-07-01,1988,7,262.4805478888043,94.57198333740236,110.98661299883311,42.57212376352085,114.06927878169692,156.64140115511623,42.44988166679771,128.0441349611444,259.8643788483184,451.08041847358317,881.4388239456437
MY_0p5_4.2500_116.2500,116.25,4.25,1988-07-01,1988,7,253.91279341534877,100.80303066532788,109.62578978189607,39.11300296318241,98.7949506713123,137.9079537275361,42.371904001003365,127.82517535512042,259.5115051269531,450.76309576267147,880.4716733606849
MY_0p5_4.2500_116.7500,116.75,4.25,1988-07-01,1988,7,260.43494013968234,105.31773680758614,109.16140910242338,44.815182316509976,84.8557888758665,129.67096926297756,42.300453362437345,127.66257635568607,259.449012535845,451.68072703808036,881.0927677926303
MY_0p5_4.2500_117.2500,117.25,4.25,1988-07-01,1988,7,277.9605681832913,110.00856159851614,110.94843400263154,52.70012701929144,64.98606923196168,117.68619338179059,42.30936826857845,127.81676749845523,260.4161087981368,455.9953032637065,886.537563357733
MY_0p5_4.2500_117.7500,117.75,4.25,1988-07-01,1988,7,262.54448876014123,111.04130560720068,108.89535574627739,53.56976654183151,52.80477768335587,106.3745442251874,40.91096411810981,122.71710446349576,250.1117371127137,438.44600775302985,852.1858431824252
MY_0p5_4.2500_118.2500,118.25,4.25,1988-07-01,1988,7,213.84092997946937,111.01289907533526,102.5463860870167,55.89533811921527,50.67581580095231,106.57115586396236,38.29028028743282,113.09928660787597,230.40247738589147,403.6356556886321,785.4277145482932
MY_0p5_4.2500_118.7500,118.75,4.25,1988-07-01,1988,7,185.66721767849396,111.46584517867475,98.456298828125,59.138484954833984,50.48224639892578,109.62073516845703,36.75639343261719,107.48646545410156,219.0013427734375,383.82305908203125,747.0672607421875
MY_0p5_4.7500_100.2500,100.25,4.75,1988-07-01,1988,7,228.15390692816842,116.94211493598091,,,,,,,,,
MY_0p5_4.7500_100.7500,100.75,4.75,1988-07-01,1988,7,216.5045069864352,111.5700473924623,127.0136263157294,27.210584214063193,92.67820448216384,119.88879329402273,42.28710109431569,127.8577734474244,260.8670249876937,457.4594984597307,888.4713995708682
MY_0p5_4.7500_101.2500,101.25,4.75,1988-07-01,1988,7,210.10712673381224,101.61559409489708,112.63574242970301,31.20867702544682,126.80327155703588,158.01194833422463,42.338373577783976,127.87064814491877,260.126703171503,452.9330219571553,883.2687701512897
MY_0p5_4.7500_101.7500,101.75,4.75,1988-07-01,1988,7,198.47361327736246,102.14335651700459,113.0371097625248,16.6001072929019,76.31490028018044,92.91500607445127,42.276281883603055,127.77740735250806,260.51491389198907,456.1660573807974,886.7346514989462
MY_0p5_4.7500_102.2500,102.25,4.75,1988-07-01,1988,7,183.47128165108816,103.91445356096538,101.29620303199404,18.335457538423086,79.56686161586217,97.9023171561105,42.297920299711684,127.80179726736884,260.3324061802455,454.8710760207403,885.3031802222844
MY_0p5_4.7500_102.7500,102.75,4.75,1988-07-01,1988,7,169.4754422424705,103.30515865155843,94.63861169025394,19.56344164708617,86.75668660546563,106.32012475372117,42.34039251971396,127.95088395039744,260.7488754175271,456.07518967549504,887.1153438106463
MY_0p5_4.7500_103.2500,103.25,4.75,1988-07-01,1988,7,158.15083508242924,106.69598035670039,90.31080331837562,17.181335055080293,74.43611337162032,91.61744623782451,40.81208331118651,122.44874941554899,249.66796824325058,437.02792639925923,849.9567226958891
MY_0p5_4.7500_103.7500,103.75,4.75,1988-07-01,1988,7,150.28145398591695,108.53324890136719,83.62880498712713,12.8694182556945,33.74671423280393,46.61613439584707,37.01231686480634,108.68717877276531,221.79986076850398,389.03340168742386,756.5327830128856
MY_0p5_4.7500_113.7500,113.75,4.75,1988-07-01,1988,7,314.31842041015625,110.38312530517578,,,,,,,,,
MY_0p5_4.7500_114.2500,114.25,4.75,1988-07-01,1988,7,314.31842041015625,110.31945037841797,139.64805603027344,32.10866165161133,46.805274963378906,78.91393280029297,42.39647674560547,128.05613708496094,260.9115905761719,457.52978515625,888.8939819335938
MY_0p5_4.7500_114.7500,114.75,4.75,1988-07-01,1988,7,299.2742880544355,109.66040793798304,141.53880047541793,47.68412288542717,62.573428738501775,110.25755047541794,42.476286488194624,128.27011321693337,261.18907346007643,457.49565173733623,889.431123466902
MY_0p5_4.7500_115.2500,115.25,4.75,1988-07-01,1988,7,272.7576092878977,107.35571702321367,135.75590300559995,46.24926978349685,105.95791814724603,152.20718284447983,42.46057850122452,128.1376781463623,260.30568750699354,452.7761023839314,883.6800654729208
MY_0p5_4.7500_115.7500,115.75,4.75,1988-07-01,1988,7,252.9726296076699,101.55499822222997,120.56232767256478,27.733986488221188,90.30956663101439,118.04355243501207,42.22423842899383,127.40354306660001,258.7079068622892,449.15001898871526,877.4857078915551
MY_0p5_4.7500_116.2500,116.25,4.75,1988-07-01,1988,7,241.8720489986359,101.59085627964562,116.63699721079021,27.862568719046454,86.67604137602304,114.53861207507904,42.29424081227135,127.65126635839064,259.45894097222214,451.60184674944185,881.0063102601064
MY_0p5_4.7500_116.7500,116.75,4.75,1988-07-01,1988,7,244.036658516413,103.78904883469208,111.47690992717503,32.8677653602407,87.46595942823193,120.33372932144357,42.28251633463026,127.60853697378425,259.33236945429934,451.2587441553043,880.4821821768072
MY_0p5_4.7500_117.2500,117.25,4.75,1988-07-01,1988,7,262.2167694576203,106.3967808799138,107.62017027839782,43.954461185515875,84.46134113130115,128.41580558655752,42.23208708990188,127.43791750953311,258.89263034396697,450.1535339355468,878.7161834232389
MY_0p5_4.7500_117.7500,117.75,4.75,1988-07-01,1988,7,243.87854245342788,108.74660991716988,109.00735321527794,45.6276246686525,74.2884301535691,119.91605408584014,42.210171240794494,127.36523444743095,258.7562753218639,450.24747215947014,878.5791452142256
MY_0p5_4.7500_118.2500,118.25,4.75,1988-07-01,1988,7,201.5355795088725,110.8271315301483,112.14905126370377,43.69313448038533,55.91284750933624,99.60598164467358,42.14284408032595,127.22306179640883,258.7538366269826,451.18990046055484,879.3096451495761
MY_0p5_4.7500_118.7500,118.75,4.75,1988-07-01,1988,7,172.48013769222212,111.30210750917846,115.71718413920343,33.13808666905271,31.74814778340014,64.88623445245284,41.50640222090709,125.220173026942,254.07454072976418,439.93202537826346,860.7331519790844
MY_0p5_5.2500_100.2500,100.25,5.25,1988-07-01,1988,7,239.93267054916117,115.7980250099491,65.47737884521484,27.221229553222656,67.65645599365234,94.877685546875,28.350908279418945,76.8626708984375,156.45529174804688,273.6189880371094,535.287841796875
MY_0p5_5.2500_100.7500,100.75,5.25,1988-07-01,1988,7,232.33969360551026,111.11598430102386,121.20689804252538,25.428913598773125,105.97522612823839,131.4041369207974,41.576179964789034,125.09327083894576,254.70583966134612,444.78372052072115,866.1590463923312
MY_0p5_5.2500_101.2500,101.25,5.25,1988-07-01,1988,7,219.5284721737816,104.28263823494079,114.82073497469463,30.773804346720375,132.92639789884052,163.700197007921,42.459398530021545,128.22245766775947,260.84525902157736,454.5281333317832,886.0552703373016
MY_0p5_5.2500_101.7500,101.75,5.25,1988-07-01,1988,7,201.67046638051417,103.6282080875081,113.4672318962729,20.530602224313533,89.83265206768256,110.36325093895009,42.428311232548616,128.19976765334985,261.23373767828485,457.33856045668296,889.2003675327181
MY_0p5_5.2500_102.2500,102.25,5.25,1988-07-01,1988,7,181.90146112138297,110.38359835193417,102.56956324000267,18.91136129342826,62.12526212072675,81.03662379076526,42.039723572457675,126.85937436826669,258.4117031218899,452.1390849313918,879.449887804165
MY_0p5_5.2500_102.7500,102.75,5.25,1988-07-01,1988,7,166.23207017730815,108.69605194383365,92.26388081696074,21.680618205312953,72.78491320852505,94.46553066706254,41.21973760572529,123.88142133809752,252.26928198862885,440.9408507266287,858.3112635725635
MY_0p5_5.2500_103.2500,103.25,5.25,1988-07-01,1988,7,158.9709644458912,110.57928503127326,95.64084684693968,27.77513172100117,81.49701107322396,109.27213909099628,42.301946689556175,127.82840827842811,260.8246877100561,457.829185783089,888.784175724178
MY_0p5_5.2500_115.2500,115.25,5.25,1988-07-01,1988,7,287.28629869030374,112.00419579782795,137.52837884621545,36.157590584676775,71.19196994969103,107.34956334848873,42.09545460685355,127.04763894002944,258.1676305551998,449.2656935394788,876.5764120133197
MY_0p5_5.2500_115.7500,115.75,5.25,1988-07-01,1988,7,274.2280125442556,110.44397624534899,129.95679393703654,23.58315493696827,61.52459314637265,85.10774999068956,41.90665764242916,126.43538652840306,256.66558770648504,445.27741378525553,870.2850490764035
MY_0p5_5.2500_116.2500,116.25,5.25,1988-07-01,1988,7,256.82048391994044,105.72608136527145,122.56627459465703,28.46669327458249,85.21908231324787,113.68577730202978,42.4036561507213,128.02054132389117,260.4421042913123,454.6841460602193,885.5504366717761
MY_0p5_5.2500_116.7500,116.75,5.25,1988-07-01,1988,7,254.8466021380847,106.41850246960603,118.43517933616155,35.465703879730604,106.61299727234659,142.0787050754209,42.5481156216392,128.41120123561424,261.0464255417449,455.224747573273,887.2304927005041
MY_0p5_5.2500_117.2500,117.25,5.25,1988-07-01,1988,7,271.71558857266865,109.85816262865822,115.9467035444956,48.98484845842634,114.01380678207154,162.9986555311415,42.621227288624596,128.63854234483503,261.5760940793961,456.64185820079985,889.4777326311382
MY_0p5_5.2500_117.7500,117.75,5.25,1988-07-01,1988,7,250.62439739893352,110.93467465355282,112.49045439220609,47.92753796047634,90.4214866032676,138.34901883564297,42.44599126180013,128.12917092943948,260.6142262292287,455.02012513175845,886.2095086960566
MY_0p5_5.2500_118.2500,118.25,5.25,1988-07-01,1988,7,198.41826051146123,111.24275744492839,111.32122452851313,32.66201958382965,45.02827219143035,77.690290657578,42.028418984382775,126.8804013197589,258.0623894952665,449.79209530581335,876.7632988607809
MY_0p5_5.2500_118.7500,118.75,5.25,1988-07-01,1988,7,161.42026618957522,110.85531284392825,115.25050438774957,18.029442257351345,15.52554612689548,33.55498864915636,40.98025910059611,123.51785755157469,249.9095492892795,429.3749101426866,843.7825656467014
MY_0p5_5.2500_119.2500,119.25,5.25,1988-07-01,1988,7,143.82664782380405,110.85828842889694,117.18729400634766,12.639294624328613,6.255616188049316,18.89491081237793,40.50940704345703,121.99614715576172,246.1613311767578,419.84844970703125,828.5153198242188
MY_0p5_5.7500_100.2500,100.25,5.75,1988-07-01,1988,7,242.85042496414874,116.20096876814559,101.34153264596922,28.616212337388905,65.18964910944668,93.80586088688001,35.788657477142614,103.99604433392166,212.18027629327338,373.47573908534616,725.4407264639477
MY_0p5_5.7500_100.7500,100.75,5.75,1988-07-01,1988,7,234.05031428261407,113.1215105087038,111.25815478006999,30.071027234395345,100.61718195597331,130.68820818583168,40.684175936381024,121.78256744384765,247.9957166544596,433.64197733561195,844.104443766276
MY_0p5_5.7500_101.2500,101.25,5.75,1988-07-01,1988,7,222.7930088794138,109.74403507503,114.3674655523826,29.39590408295159,107.31932704655206,136.71523236852934,42.4051005746436,128.0749939145066,260.5999218798059,454.2848806306134,885.3649039681503
MY_0p5_5.7500_101.7500,101.75,5.75,1988-07-01,1988,7,201.85052471160893,109.42702604929607,117.14903802871706,24.77748497724533,66.69492147409667,91.47240961392721,42.00861345926921,126.71023400624594,256.79212341308596,444.74827206929524,870.2592336018881
MY_0p5_5.7500_102.2500,102.25,5.75,1988-07-01,1988,7,178.1789942521315,116.24993434319128,106.44550367156262,14.574775430891247,17.856895772727697,32.43167241574939,40.058032552802594,119.89370858548867,240.28413488728427,405.0472667963818,805.2831490770332
MY_0p5_5.7500_102.7500,102.75,5.75,1988-07-01,1988,7,163.74885271344866,112.67249772155168,81.05388641357422,13.147551536560059,24.60739517211914,37.754947662353516,35.365455627441406,102.70658111572266,207.73219299316406,358.25335693359375,704.0576171875
MY_0p5_5.7500_103.2500,103.25,5.75,1988-07-01,1988,7,158.06080627441406,112.97810363769531,,,,,,,,,
MY_0p5_5.7500_115.2500,115.25,5.75,1988-07-01,1988,7,290.886962890625,115.01812438964845,145.77035522460938,45.353824615478516,110.09453582763672,155.4483642578125,42.88654327392578,129.56887817382812,264.2637939453125,465.5371398925781,902.25634765625
MY_0p5_5.7500_115.7500,115.75,5.75,1988-07-01,1988,7,277.0384552376402,112.32047430869261,132.93881123860677,34.42125480288551,90.19092839558921,124.61218261718751,42.439221482049845,128.09598316010977,260.47220720563615,454.61426100957965,885.6216564360119
MY_0p5_5.7500_116.2500,116.25,5.75,1988-07-01,1988,7,253.75784539116756,106.2915054079086,122.88773246644035,28.228061748686283,84.546839650472,112.77489972795757,42.21845264737568,127.35384327721972,258.4864997016059,448.6663726322235,876.7251646980407
MY_0p5_5.7500_116.7500,116.75,5.75,1988-07-01,1988,7,245.5601865738157,104.33601066952659,115.80101701040115,29.68597033061679,98.5829726809547,128.2689413403708,42.35002660599965,127.74691421266586,259.29837026444693,450.31850227477054,879.7138348291788
MY_0p5_5.7500_117.2500,117.25,5.75,1988-07-01,1988,7,261.3195253005163,111.47271492654217,118.64336407297417,39.131369641902694,107.78907443747535,146.9204402646808,42.67992499799758,128.87566936504953,262.4015683917217,459.730949329653,893.6881192083991
MY_0p5_5.7500_117.7500,117.75,5.75,1988-07-01,1988,7,246.35483069041422,113.79333411322702,118.17920892190615,44.80730602085191,90.50425763738237,135.31156107243277,42.60847839253062,128.70204316209626,262.29453282708295,460.61477056925736,894.219815042995
MY_0p5_5.7500_118.2500,118.25,5.75,1988-07-01,1988,7,203.07916825701935,113.12764698664348,117.38669077555339,38.5207942199707,52.13640197753906,90.65719814724392,42.1960504659017,127.41243225097656,259.35547403971356,453.52689032660595,882.490838216146
MY_0p5_5.7500_118.7500,118.75,5.75,1988-07-01,1988,7,161.63273635277383,112.3473561360286,117.35554504394531,34.63468933105469,37.66037368774414,72.2950668334961,42.031307220458984,126.9025650024414,258.2106018066406,450.78070068359375,877.9251708984375
MY_0p5_6.2500_99.7500,99.75,6.25,1988-07-01,1988,7,262.6951078527114,117.65345390170228,137.1415742386219,42.58012647406999,95.67370640954307,138.25383456917697,42.6490961119186,128.86204422351923,262.67677484556685,461.1479399925055,895.3358608511992
MY_0p5_6.2500_100.2500,100.25,6.25,1988-07-01,1988,7,230.4698206782341,117.18140971660613,123.59435605418923,27.205434246452487,62.54972151152941,89.75515535315688,40.53492166947345,121.31624855508608,247.30556939572702,434.25734103455835,843.414097377232
MY_0p5_6.2500_100.7500,100.75,6.25,1988-07-01,1988,7,220.2611416849851,116.35833159929076,114.11604515281884,25.957179912729156,67.06441846869627,93.02159607640564,41.167512562284145,123.48880588133824,248.2857706077311,434.0446256541838,846.9867058831293
MY_0p5_6.2500_101.2500,101.25,6.25,1988-07-01,1988,7,215.955125779372,115.26164985069862,111.58378319373497,25.279931875375603,69.9753386277419,95.25526921198919,41.54215780404898,124.82352729210488,249.71901667668268,435.0912766676683,851.175971867488
MY_0p5_6.2500_101.7500,101.75,6.25,1988-07-01,1988,7,191.73222220284597,118.61481083461216,111.04752262660433,10.368968514033725,15.852234161379078,26.221202155521937,39.65607343401227,118.59654650006972,233.6346518380301,383.81194719587046,775.6992152622767
MY_0p5_6.2500_102.2500,102.25,6.25,1988-07-01,1988,7,175.0956350962321,120.03017979133419,107.37887573242188,4.86047887802124,0.02078641764819622,4.881265163421631,38.683311462402344,115.35883331298828,225.10675048828125,355.8235778808594,734.9724731445312
MY_0p5_6.2500_115.7500,115.75,6.25,1988-07-01,1988,7,248.446982643821,113.70772569829768,137.12908935546875,31.935333251953125,53.11012649536133,85.04545593261719,42.191001892089844,127.3382568359375,258.7875671386719,450.5414733886719,878.8582763671875
MY_0p5_6.2500_116.2500,116.25,6.25,1988-07-01,1988,7,227.9573926423725,110.4494808933191,125.17319391057353,22.09184650177472,39.5474096090258,61.639254124679226,41.400185874905354,124.68851575137234,251.8890887020968,432.6234661892122,850.6012441492289
MY_0p5_6.2500_116.7500,116.75,6.25,1988-07-01,1988,7,211.07269669790114,108.41307140531994,111.39103330581905,16.15521880104428,36.4742607321058,52.629478796701584,40.90658602033343,123.00620449005612,247.3929247174944,420.6567637610056,831.9624885680183
MY_0p5_6.2500_117.2500,117.25,6.25,1988-07-01,1988,7,226.16845310756136,112.73149634467232,110.51891322060237,24.0363372288053,50.57706775968036,74.6134030781095,41.059865182543554,123.3126747494652,249.19355027940543,428.9446110801091,842.5107218424479
MY_0p5_6.2500_117.7500,117.75,6.25,1988-07-01,1988,7,230.16604050000512,114.81131434440616,111.80104189867166,27.74695641813223,47.366535478865195,75.1134916829784,41.144551394278544,123.55998221057203,250.15786564698695,432.76407163742687,847.6264787640488
MY_0p5_6.2500_118.2500,118.25,6.25,1988-07-01,1988,7,226.27192470005582,114.9849134172712,115.48859133039201,33.06404737063817,43.86038903466292,76.92443963459559,41.921563284737715,126.37582915169853,256.1789234706334,444.2973512922014,868.773653302874
MY_0p5_6.7500_100.2500,100.25,6.75,1988-07-01,1988,7,227.04911411509792,117.0291301502901,131.23316316043628,25.967150533900544,62.07335918089923,88.04050928003647,42.26928674473483,127.6416041430305,259.8257948931526,454.43485686358287,884.1715568093692
MY_0p5_6.7500_100.7500,100.75,6.75,1988-07-01,1988,7,211.34640785499857,117.7628515738028,115.43176043475117,14.081540213690865,26.732736799452045,40.814276236074946,40.27917438083225,120.2232773392289,235.0891294126158,411.78450294777207,807.3761008933739
MY_0p5_6.7500_116.2500,116.25,6.75,1988-07-01,1988,7,176.38037600462465,114.68340904768124,110.65476431497714,5.259358068791832,1.143392928126382,6.402751155015899,38.38296034277939,114.58298306348848,225.43585763326504,366.91494006645394,745.3167203577553
MY_0p5_6.7500_116.7500,116.75,6.75,1988-07-01,1988,7,183.09357229744876,114.17085951566696,103.64145642306964,6.4747892424994316,3.693986161740814,10.168775762022719,37.557741715502836,111.38566628557892,219.51768578088334,357.18947145967144,725.6505607032024
MY_0p5_6.7500_117.2500,117.25,6.75,1988-07-01,1988,7,196.1935522617438,114.39293670654295,98.95770348067832,8.843384084448351,6.377423768521047,15.22080834987944,37.23943362615805,109.91877733078677,217.70574215239125,357.78468106700257,722.6486478822421
MY_0p5_6.7500_117.7500,117.75,6.75,1988-07-01,1988,7,211.25775061713327,114.91479979621042,104.44433784484863,12.326072692871092,6.460151484236122,18.7862246632576,38.6407173871994,114.60798215866089,228.97775554656982,384.580246925354,766.8067169189453
MY_0p5_7.2500_116.7500,116.75,7.25,1988-07-01,1988,7,161.8153028112697,115.75464993431456,96.74935262928838,3.5737143392148227,0.004113914293196538,3.577828365823497,35.078180893607765,102.85569530984631,198.32585051163383,306.0203239109205,642.2800425653872
MY_0p5_7.2500_117.2500,117.25,7.25,1988-07-01,1988,7,164.74591463106174,115.34576629088805,94.45066223144532,3.9042514650445233,0.0021656091655849626,3.9064172092236964,34.52880839297646,100.7763208489669,193.68158649645355,294.78427252518503,623.7709826017681
MY_0p5_0.7500_110.2500,110.25,0.75,1988-08-01,1988,8,451.66213942307695,98.2231158916767,105.6306590153621,83.50439881544848,166.5465806227464,250.050973041241,42.93719423734225,129.5313957801232,263.01496957632213,458.11643019456136,893.6000178410458
MY_0p5_0.7500_110.7500,110.75,0.75,1988-08-01,1988,8,528.2347403390067,100.53242296491351,112.31372920445034,127.5549247741699,191.66769866943358,319.22261875697546,43.13148978097097,130.2078922816685,264.92160775320866,464.0522687639509,902.3132603236606
MY_0p5_0.7500_111.7500,111.75,0.75,1988-08-01,1988,8,640.7095850384425,99.43607511974517,122.34725043887184,158.84193178207155,285.80499267578125,444.6469348725819,43.31789204430959,130.53861151801217,264.4092102050781,458.8710002596417,897.1366984049479
MY_0p5_1.2500_103.2500,103.25,1.25,1988-08-01,1988,8,194.47822615243857,102.77156289109907,115.18129470131615,13.660091530192984,9.186761661009356,22.846852389248937,38.533518877896405,114.47150871970437,233.8865089416504,410.83540136163884,797.7269536798652
MY_0p5_1.2500_103.7500,103.75,1.25,1988-08-01,1988,8,189.4725076619861,101.44914297455725,103.76107225140322,18.758135453011224,25.742515925064826,44.50065005404278,39.86128434857119,119.41294786768051,244.0692471994937,429.4996536403026,832.8431289820995
MY_0p5_1.2500_104.2500,104.25,1.25,1988-08-01,1988,8,197.7702974591936,101.41931806291852,90.99231719970703,25.078641891479492,45.522098541259766,70.60073852539062,41.60212707519531,125.87876892089844,257.3622741699219,453.697509765625,878.5406494140625
MY_0p5_1.2500_109.7500,109.75,1.25,1988-08-01,1988,8,371.29838359786805,99.37387930628766,105.64933455134012,100.19865376116283,173.05442129847515,273.2530896290239,43.065111045377805,130.08694586696396,265.08685964561374,465.90853624458776,904.1474418180535
MY_0p5_1.2500_110.2500,110.25,1.25,1988-08-01,1988,8,450.61250747032614,99.18330595392058,105.27610021760569,93.23745787926163,173.6102888188307,266.8477450926792,42.98321238631908,129.69175543472116,263.47008275801613,459.5491613439612,895.6942223508386
MY_0p5_1.2500_110.7500,110.75,1.25,1988-08-01,1988,8,528.1572292751737,100.85704188271174,111.98681863451759,130.0009796142578,194.9448105100601,324.94578663659473,43.14884270562066,130.27177264501177,265.1232070196242,464.74247242761027,903.2863031296503
MY_0p5_1.2500_111.2500,111.25,1.25,1988-08-01,1988,8,588.4236847996332,100.57879294983496,116.1658136288579,149.34338071780468,232.36248993797426,381.705881234556,43.242264025508405,130.44009199538553,264.87565598167936,462.17623998867447,900.7342628747131
MY_0p5_1.2500_111.7500,111.75,1.25,1988-08-01,1988,8,636.0176081581722,98.99047766791449,120.39070311046783,155.20154825846353,292.89915054563494,448.1007046169705,43.35419821360754,130.6481165810237,264.658444843595,459.4295663984995,898.0903087797618
MY_0p5_1.2500_112.2500,112.25,1.25,1988-08-01,1988,8,656.1848469845535,97.20938230408025,123.20175798290272,163.54777193795607,320.8814677127122,484.4292384113757,43.44615940152086,130.93187330216924,265.2875431273794,460.6993319903533,900.3649068919534
MY_0p5_1.2500_112.7500,112.75,1.25,1988-08-01,1988,8,664.9584986368815,96.57316859563193,126.34953848520914,167.38007609049478,362.1075668334961,529.4876581827799,43.60497601826985,131.35925102233887,265.9279479980469,461.0611693064372,901.9533449808757
MY_0p5_1.2500_113.2500,113.25,1.25,1988-08-01,1988,8,667.5563322647758,97.83976334281589,130.8650427776834,150.63866298509683,293.4229489533798,444.0616141941236,43.415953860075575,130.88609486455502,265.39206065302307,461.4544178838315,901.1485372792118
MY_0p5_1.2500_113.7500,113.75,1.25,1988-08-01,1988,8,569.0363087509618,98.14282648491135,131.4629975521203,128.66748393665662,221.09720426617244,349.76469005237925,43.17678494886918,130.23860156897342,264.3631143280954,460.3514737215909,898.1299715909091
MY_0p5_1.2500_114.2500,114.25,1.25,1988-08-01,1988,8,389.17907903890693,96.68258498200274,132.10231828267595,86.39266886753319,156.28206884333517,242.67473338979536,42.91017984710963,129.4338018366721,262.69115670803376,457.0310631135924,892.0662085609099
MY_0p5_1.2500_114.7500,114.75,1.25,1988-08-01,1988,8,251.53299934633316,94.1162828014743,123.0446280202558,38.84888064476752,95.724609867219,134.573486328125,42.38992691040039,127.89835431498867,259.55774811775456,450.11640093403474,879.962414157006
MY_0p5_1.7500_102.7500,102.75,1.75,1988-08-01,1988,8,209.72786851745946,102.85602021612516,127.94755673408508,22.99401426315308,49.369017481803894,72.36302900314331,41.09736156463623,123.41648364067078,252.08071708679202,444.3550825119018,860.9496402740479
MY_0p5_1.7500_103.2500,103.25,1.75,1988-08-01,1988,8,193.06761888187364,100.90032746893098,121.07956256866456,16.856960277557373,31.78952283859253,48.64648277282715,40.758329772949224,122.37559833526612,250.03501876831055,440.18530883789066,853.3542706298828
MY_0p5_1.7500_103.7500,103.75,1.75,1988-08-01,1988,8,189.19768079926695,100.68145592605012,108.25337974934638,19.972917309290246,30.36689889280102,50.33981535706339,40.72402897363976,122.44976862171028,250.2776668886595,440.5911990781374,854.042668016651
MY_0p5_1.7500_104.2500,104.25,1.75,1988-08-01,1988,8,195.77471361160278,101.17958011627198,100.47300619672436,25.591375055239183,38.9491950633914,64.54056898013566,41.80680977281674,126.4982558849246,258.59726236032884,455.5190779811652,882.4214046980984
MY_0p5_1.7500_109.7500,109.75,1.75,1988-08-01,1988,8,369.467256945233,99.39014847334042,105.59173583984375,102.73440551757812,175.46510314941406,278.19952392578125,43.07809066772461,130.13209533691406,265.2113952636719,466.279052734375,904.7006225585938
MY_0p5_1.7500_110.2500,110.25,1.75,1988-08-01,1988,8,439.81345376004003,100.61947570184266,104.99733073188659,108.34296058205999,182.23954830067683,290.58251708331596,43.055950837976795,129.96488528328146,264.3376136820584,462.52814308207303,899.8865715475644
MY_0p5_1.7500_110.7500,110.75,1.75,1988-08-01,1988,8,523.644209428267,101.23001514781605,111.00282516479491,130.2942855834961,198.1451934814453,328.4394790649414,43.16333065032959,130.3487609863281,265.47242584228513,466.1749526977539,905.1595001220702
MY_0p5_1.7500_111.2500,111.25,1.75,1988-08-01,1988,8,548.3618450830852,100.26583796909877,113.10503788437956,130.83285430198492,238.54351458882178,369.37636591002,43.25176162719727,130.48529343715936,265.09550653502004,463.0408380552781,901.873418479742
MY_0p5_1.7500_111.7500,111.75,1.75,1988-08-01,1988,8,589.5050325031522,98.22864711133738,111.91338828847377,128.3325319893752,272.8067025293277,401.13922630986065,43.36216498024855,130.76931188076358,265.4690133589732,463.0335540771484,902.6340500071077
MY_0p5_1.7500_112.2500,112.25,1.75,1988-08-01,1988,8,620.9014809260292,96.83211943611266,115.54642028808593,145.03876313709077,306.34841841440357,451.3871793232267,43.45852283296131,131.00163884238592,265.6492595369853,462.27636805943087,902.3857923719618
MY_0p5_1.7500_112.7500,112.75,1.75,1988-08-01,1988,8,642.9100210038442,96.94562821161179,123.07467021639386,175.74171350872703,336.25233202737473,511.99404839409726,43.57609658619714,131.3335183279855,266.21877693297375,462.9997466556609,904.1281432136657
MY_0p5_1.7500_113.2500,113.25,1.75,1988-08-01,1988,8,654.879958767361,98.25850243946863,129.54681042867992,154.4782319568452,280.8979570661272,435.3761900886656,43.395130532885354,130.8366511269221,265.4081510997954,462.131543453156,901.7714890252975
MY_0p5_1.7500_113.7500,113.75,1.75,1988-08-01,1988,8,553.2009107801648,98.52821364629835,131.260936773391,115.88275957864427,200.0112333267454,315.89399394686257,43.08808280097114,129.96660621279761,263.7963729616195,459.3102402460007,896.1613027421255
MY_0p5_1.7500_114.2500,114.25,1.75,1988-08-01,1988,8,361.53443225678944,97.11741546146453,133.12897343711248,76.28878166562035,143.46895020500062,219.75773092602924,42.84342344980391,129.265481179858,262.49650326683405,457.09973658001616,891.7051381913442
MY_0p5_1.7500_114.7500,114.75,1.75,1988-08-01,1988,8,245.59714464573048,95.50232641190446,128.7634405422705,42.40415636368984,96.83862130753117,139.24277413323753,42.4327829983568,128.07353360665277,260.16290631071894,452.2077037435739,882.8769180218791
MY_0p5_2.2500_101.7500,101.75,2.25,1988-08-01,1988,8,231.70163164235123,105.40208450471512,135.10038695672546,23.939310362844758,34.36609218096493,58.30540489427971,41.66870452418472,125.61479826647827,255.95311451921557,448.38292963817867,871.6195506086253
MY_0p5_2.2500_102.2500,102.25,2.25,1988-08-01,1988,8,225.0025995427912,101.40597136283034,129.6918381321373,22.91283369292483,53.42423795855216,76.33707190700694,41.657956994891734,125.51502056213086,255.97063588411612,449.3275536350086,872.4711403002578
MY_0p5_2.2500_102.7500,102.75,2.25,1988-08-01,1988,8,213.48769774618026,100.6720354587217,127.90438647209842,24.20551105692417,51.69780657563029,75.90331601492967,41.79075379914875,125.96815889092942,257.41564555107794,454.1903854563267,879.364942912814
MY_0p5_2.2500_103.2500,103.25,2.25,1988-08-01,1988,8,194.33507884192088,98.98753114730592,120.28215685647629,21.010326603480745,43.53267477126349,64.54300040593223,41.881090146019346,126.43556717161145,258.2131077357701,454.13124389648436,880.6610188802082
MY_0p5_2.2500_103.7500,103.75,2.25,1988-08-01,1988,8,189.2504019527112,100.01812048443293,113.56385692014531,21.52867740695759,29.535405336800263,51.06408202607752,41.59073711330607,125.51615075580142,256.4469356213586,450.83402792720466,874.3878641419491
MY_0p5_2.2500_104.2500,104.25,2.25,1988-08-01,1988,8,195.21943689361825,100.69112979299653,114.30972807072412,25.597817744105317,21.53752180367462,47.135339090646795,42.0960830499318,127.40786036972172,260.59205488725144,459.18874062782487,889.2847754108019
MY_0p5_2.2500_104.7500,104.75,2.25,1988-08-01,1988,8,206.54248046875,99.9239273071289,,,,,,,,,
MY_0p5_2.2500_109.7500,109.75,2.25,1988-08-01,1988,8,362.48755867250503,98.67788548623363,,,,,,,,,
MY_0p5_2.2500_111.2500,111.25,2.25,1988-08-01,1988,8,466.31394112110144,98.83798837661743,105.57512216007008,84.1916800106273,192.17739845724665,276.36906343347886,43.144359027638146,130.26740646362305,265.2436415728401,465.5716965619255,904.2271216897402
MY_0p5_2.2500_111.7500,111.75,2.25,1988-08-01,1988,8,492.2585578070746,98.07702256460038,106.36351245698476,91.4309587751116,204.7719520689949,296.2029016888331,43.19102875240266,130.39504036070807,265.44263518802705,465.73228905087433,904.7610095796131
MY_0p5_2.2500_112.2500,112.25,2.25,1988-08-01,1988,8,543.9933025057354,97.57030881851438,110.09679206969246,131.1660152374752,251.4075008331783,382.57350861080107,43.35543350946335,130.82650839184956,266.0110836937314,465.6944941445002,905.8875271267362
MY_0p5_2.2500_112.7500,112.75,2.25,1988-08-01,1988,8,583.0994563027033,97.29506075420078,118.57907610696459,179.98914886959017,297.63160826667905,477.62074633401534,43.51902066185361,131.26339527917287,266.63421311151416,465.9669358995225,907.3835615854414
MY_0p5_2.2500_113.2500,113.25,2.25,1988-08-01,1988,8,608.4898067413816,98.15270276750839,129.3485296340216,160.7034851074219,273.6594747876365,434.36296483599955,43.416687326582654,130.9537061418806,265.97622767857143,464.6097293914311,904.9563497876364
MY_0p5_2.2500_113.7500,113.75,2.25,1988-08-01,1988,8,519.2510759377782,97.44214487679399,134.4784455601173,113.83042697665059,208.7632081719894,322.59362889543365,43.122790867769275,130.0718067990074,264.06714968138107,460.13329894633233,897.3950514008728
MY_0p5_2.2500_114.2500,114.25,2.25,1988-08-01,1988,8,339.1614506797185,96.15307467021638,137.11371769980778,79.15389743381076,158.82894408210876,237.9828394814143,42.88547714475602,129.44115837944878,263.108104984344,459.0601980057974,894.4949141245039
MY_0p5_2.2500_114.7500,114.75,2.25,1988-08-01,1988,8,230.6463671776556,94.71820548272903,132.8135037822108,48.759230607555764,102.401118124685,151.1603487568517,42.42847906543363,128.12424321328442,260.58127185452366,454.0311944776966,885.1652044480849
MY_0p5_2.2500_115.2500,115.25,2.25,1988-08-01,1988,8,201.21971130371094,92.76187133789062,128.9082794189453,21.755096435546875,68.56536865234375,90.32046508789062,42.054710388183594,127.03872680664062,258.4644775390625,449.85693359375,877.4148559570312
MY_0p5_2.7500_101.2500,101.25,2.75,1988-08-01,1988,8,233.97935485839844,107.12678527832031,132.88294982910156,15.303802490234375,17.906787872314453,33.21059036254883,41.67860794067383,125.89419555664062,256.4005432128906,447.9850769042969,871.9584350585938
MY_0p5_2.7500_101.7500,101.75,2.75,1988-08-01,1988,8,226.61260499345497,102.20364859841087,120.34903017911043,22.939788738597525,54.960314927534625,77.90010183160953,41.83098409479314,126.25139099121095,256.682246315696,447.6014660644531,872.3660908647016
MY_0p5_2.7500_102.2500,102.25,2.75,1988-08-01,1988,8,219.70350418576768,98.9793707489208,129.09806041353067,17.637054586106803,40.46695198982384,58.1040070527678,41.971487664872676,126.75703454473215,257.9736300911873,450.0441334718352,876.746274134156
MY_0p5_2.7500_102.7500,102.75,2.75,1988-08-01,1988,8,208.61628085752076,98.52715434303765,125.56429445290865,25.26713126822363,48.490759994410254,73.75789171532739,42.424410457852524,128.3744292198857,262.6446628811993,464.3150934146929,897.7585856763621
MY_0p5_2.7500_103.2500,103.25,2.75,1988-08-01,1988,8,193.51979006627565,99.31873887663436,113.73182991659564,31.660603450362085,45.39264312671248,77.05324637054636,41.340971964939385,124.51988096297926,254.64403018829927,449.0543641497376,869.5592596940934
MY_0p5_2.7500_103.7500,103.75,2.75,1988-08-01,1988,8,188.74372770889946,100.8386209902556,106.82724368187688,31.477658829930743,28.76529656687091,60.24295290054814,40.36200000393775,121.06270124725484,247.61230349211098,436.3332806424611,845.3702867921047
MY_0p5_2.7500_104.2500,104.25,2.75,1988-08-01,1988,8,196.1967378504136,100.59291862039005,114.09032440185547,24.78012466430664,13.196843147277832,37.976966857910156,42.081077575683594,127.39948272705078,260.7724304199219,460.2449035644531,890.4979248046875
MY_0p5_2.7500_111.2500,111.25,2.75,1988-08-01,1988,8,423.01947631835935,98.05448645229997,109.10484224207262,96.08363230088177,188.80445233513325,284.8880722943474,43.0762155196246,130.03572890337776,264.61275706571695,463.687412037569,901.4120770622702
MY_0p5_2.7500_111.7500,111.75,2.75,1988-08-01,1988,8,457.77745131195564,97.73625655252424,109.41877733427901,94.90202663684713,198.8371574138773,293.73917612536195,43.12790722682558,130.19518852233887,264.9670987622491,464.4937980914938,902.7839892157193
MY_0p5_2.7500_112.2500,112.25,2.75,1988-08-01,1988,8,514.0665514016454,97.8696376945399,114.09056465148925,138.03238174438474,247.21014973958333,385.2425278727213,43.31113398234049,130.71685424804687,265.8911435953776,465.7751177978516,905.694262084961
MY_0p5_2.7500_112.7500,112.75,2.75,1988-08-01,1988,8,561.7163962834998,98.23133285136163,122.47118725354159,181.79390383370315,303.8270444266403,485.62094521824315,43.515663762635825,131.2749036957946,266.74910494647446,466.41561406775367,907.9552757166608
MY_0p5_2.7500_113.2500,113.25,2.75,1988-08-01,1988,8,595.8872667100694,98.81027337937125,133.1313323974609,187.78927161807107,317.4208553253658,505.21012360103543,43.57254149421813,131.4326386466859,267.00877801804313,466.70366569397936,908.7176238529265
MY_0p5_2.7500_113.7500,113.75,2.75,1988-08-01,1988,8,516.4505115679115,97.96921310910753,139.972361036167,154.92537246995673,270.687674066823,425.613034485252,43.41519738458524,130.9592879957454,266.00516456555414,464.57165838350915,904.9513108563272
MY_0p5_2.7500_114.2500,114.25,2.75,1988-08-01,1988,8,347.73286785656893,95.62042332902739,142.15998994851415,109.62824408615691,209.27588180348843,318.9041246824627,43.15755730641039,130.2279990956753,264.65404655359964,462.2070382999468,900.2466287733635
MY_0p5_2.7500_114.7500,114.75,2.75,1988-08-01,1988,8,239.20164543200448,96.27945130949567,139.80244387486937,75.81885654911115,133.8084546471857,209.62731277563012,42.683498977855514,128.91883723750993,262.43560003778737,458.88352801086035,892.921477299587
MY_0p5_2.7500_115.2500,115.25,2.75,1988-08-01,1988,8,205.06363767331786,93.33705249133409,129.97333753431164,19.337908615937103,70.70709386602178,90.04500614200626,41.889853262686515,126.52932216884852,257.279904202298,446.6171545080237,872.3162082981419
MY_0p5_3.2500_101.2500,101.25,3.25,1988-08-01,1988,8,226.39514329698352,106.96816286317105,135.95413368314158,17.732540078664105,20.131463566642793,37.86400233168546,41.838575504169384,126.47264612695123,257.9869565258694,452.07247829808335,878.370673153651
MY_0p5_3.2500_101.7500,101.75,3.25,1988-08-01,1988,8,215.31511466548125,98.71931642180039,118.61694003062644,17.995335211419757,55.08570854527177,73.08104398447998,41.73277169731772,125.91441199430237,255.62645211189422,443.3813202487437,866.6549600977806
MY_0p5_3.2500_102.2500,102.25,3.25,1988-08-01,1988,8,207.03959665449838,98.81796281602647,128.31740359351747,16.295573715936566,27.764462794954813,44.06003673492916,42.01288924444289,126.93931996179006,258.6543332054502,452.4480067661831,880.0545326838419
MY_0p5_3.2500_102.7500,102.75,3.25,1988-08-01,1988,8,199.36260112327867,97.8681725369224,122.58526917952524,23.730466015731235,34.97165057628969,58.70211729218688,42.236438992657234,127.77740864814082,261.18115746220457,460.2388922775848,891.433882701246
MY_0p5_3.2500_103.2500,103.25,3.25,1988-08-01,1988,8,192.02885238200136,98.74758983202014,108.21456936516282,30.962971690423327,39.00025440427302,69.9632272130115,40.53560196071961,121.60011969948438,248.8164163396879,439.33251953125,850.2846713485469
MY_0p5_3.2500_112.2500,112.25,3.25,1988-08-01,1988,8,516.8683648003472,98.40811225043403,116.45700853135853,143.90349324544272,247.84287923177084,391.7463745117188,43.290150027804906,130.65659654405383,265.7712551540799,465.49879489474836,905.2168172200522
MY_0p5_3.2500_112.7500,112.75,3.25,1988-08-01,1988,8,573.5287539574408,99.40793092789187,129.15720855212604,177.03701932313012,298.7833342004995,475.82035302334145,43.49309527287718,131.2222797831551,266.7088975750032,466.5564480140562,907.9807233966765
MY_0p5_3.2500_113.2500,113.25,3.25,1988-08-01,1988,8,616.7271037854646,100.39440691381468,140.64128031875146,173.84511519923353,296.03252595843685,469.8776440475926,43.47579044284242,131.1566170201157,266.495555415298,465.8209462021336,906.9489267522638
MY_0p5_3.2500_113.7500,113.75,3.25,1988-08-01,1988,8,541.6203117249504,99.99761163620721,143.37000906808035,151.9175350128658,276.185310000465,428.10284356011283,43.41731814429873,130.99432440863714,266.23868747287327,465.6155449761284,906.265873984685
MY_0p5_3.2500_114.2500,114.25,3.25,1988-08-01,1988,8,382.1230947895414,98.68558344263938,145.94428306628183,123.66170572171546,251.75634182486561,375.4180486399656,43.34188585220628,130.74771958855308,265.60042440815334,463.80521387962773,903.4952495599249
MY_0p5_3.2500_114.7500,114.75,3.25,1988-08-01,1988,8,267.2273406982422,100.07327890092401,149.22309404118047,93.08071044751793,159.90190705220414,252.98262271759623,42.93145098352128,129.62878055936974,263.79530295596766,461.7044134443733,898.0599380784732
MY_0p5_3.2500_115.2500,115.25,3.25,1988-08-01,1988,8,209.92245821409583,95.21964333932611,131.74159752568113,22.49091771282727,75.38922423350661,97.8801466543463,41.860333889345576,126.42154111741463,256.90707957593696,445.17839620083186,870.3673281126385
MY_0p5_3.2500_115.7500,115.75,3.25,1988-08-01,1988,8,193.93473078695575,91.80877136916257,130.0119832928261,27.450754679990617,90.52350127830934,117.97425405095132,42.152046246475045,127.32980869593244,259.05213225289674,450.9008195855644,879.4347822210761
MY_0p5_3.7500_100.7500,100.75,3.75,1988-08-01,1988,8,233.3517303466797,109.99398803710938,134.2220916748047,18.48772621154785,19.63587760925293,38.12360382080078,42.135231018066406,127.42987823486328,260.28887939453125,458.01751708984375,887.8715209960938
MY_0p5_3.7500_101.2500,101.25,3.75,1988-08-01,1988,8,228.46438564420282,105.3421112850646,134.00720249410588,27.87529071326395,53.83673925924457,81.71203383658695,42.27637568106543,127.78773619519083,260.63494636017145,457.22576667267145,887.9248435998812
MY_0p5_3.7500_101.7500,101.75,3.75,1988-08-01,1988,8,218.15527534484866,97.27448241118414,124.13778540738831,21.77911963736176,62.25425252489223,84.03336846904392,42.091944773485714,127.03797317310504,258.1301120830949,448.6480285255772,875.9080590898064
MY_0p5_3.7500_102.2500,102.25,3.75,1988-08-01,1988,8,203.9745738195994,95.81397847977894,125.56985868423702,24.0018855806381,64.96233076065306,88.96421789744544,42.36513222588433,127.99057205442396,260.7936722043961,456.70200795975944,887.8513720315599
MY_0p5_3.7500_102.7500,102.75,3.75,1988-08-01,1988,8,192.26878570072233,96.91174100845578,120.32766491117931,31.38357605707078,68.83979047744992,100.22336951361763,42.47509495568654,128.41617606026784,262.1327467176649,461.10158836728044,894.1255969819566
MY_0p5_3.7500_103.2500,103.25,3.75,1988-08-01,1988,8,185.73126573296656,97.44455995597689,110.09901775285309,40.37092958338121,68.72234588323855,109.09328104654948,41.944812804577396,126.5656670663871,258.53575822418816,455.08916985006897,882.1354023054535
MY_0p5_3.7500_113.2500,113.25,3.75,1988-08-01,1988,8,628.6227846145629,102.04289603233337,144.760317192703,143.03115944784196,256.7972176973937,399.8283816478292,43.34901190585777,130.76419167440446,265.64758150694803,464.15811807601176,903.9188982854125
MY_0p5_3.7500_113.7500,113.75,3.75,1988-08-01,1988,8,549.2280764595829,102.67152366032674,144.2167337658336,139.98588631145392,245.32481665750154,385.31069452477124,43.30368885176082,130.62511787291098,265.36074848854037,463.6294689980911,902.919028865481
MY_0p5_3.7500_114.2500,114.25,3.75,1988-08-01,1988,8,410.530101911048,102.5078882610987,146.17552964952256,122.15838317871093,226.94523281521262,349.10361386253714,43.26259723239475,130.58085743737598,265.6407421293713,465.36031629774305,904.8444996667287
MY_0p5_3.7500_114.7500,114.75,3.75,1988-08-01,1988,8,311.35904802594865,102.41007305326916,152.71649659171936,83.22445657518175,158.2253234621078,241.4497813875713,43.04201413109189,129.97995646643258,264.7005187019469,464.6311746264261,902.3536830357144
MY_0p5_3.7500_115.2500,115.25,3.75,1988-08-01,1988,8,239.40834016345792,95.31070074656651,132.95121038527716,24.87175955999465,77.68443245055182,102.55619465661427,41.982381209116134,126.76737588549418,257.5305134122334,446.2898151700458,872.5701005239334
MY_0p5_3.7500_115.7500,115.75,3.75,1988-08-01,1988,8,209.54270528889387,90.52394685813849,131.2550256303746,32.377617993800754,92.0645975895065,124.44221754554363,42.16307811599841,127.33590517112675,258.8549150425753,449.5783333538247,877.9322154093131
MY_0p5_4.2500_100.7500,100.75,4.25,1988-08-01,1988,8,243.76264715194708,110.32473983163909,130.67140496701612,24.836850442691727,47.724382672991084,72.56123308454241,42.26496937031649,127.74992224245656,260.62319086814415,457.8222742197465,888.4603642677774
MY_0p5_4.2500_101.2500,101.25,4.25,1988-08-01,1988,8,247.76736669022907,101.47531538556338,122.71814504246804,29.106937554231877,86.9862948678861,116.0932282125874,42.30987324076853,127.63786119108748,259.11162921881225,450.0750703264953,879.1344606435983
MY_0p5_4.2500_101.7500,101.75,4.25,1988-08-01,1988,8,235.8675267589871,98.41753358201098,124.11307152696311,26.953421211852056,61.024012008033246,87.9774372234893,42.30809141652654,127.82287483093457,260.45325077532203,456.04961534201533,886.6338298176042
MY_0p5_4.2500_102.2500,102.25,4.25,1988-08-01,1988,8,209.1044829249763,99.350539844257,120.55779936671638,28.099593451990494,64.46034947599466,92.55994142282505,42.41438219113091,128.18453111739967,261.45489696953626,459.05379683522,891.1076047854683
MY_0p5_4.2500_102.7500,102.75,4.25,1988-08-01,1988,8,187.00847402196024,97.85482479508515,110.75326844233616,30.435352774942004,74.72746949894413,105.16282323363481,42.28756665272319,127.71278184538434,259.9290443954954,453.54154103273055,883.4709258838824
MY_0p5_4.2500_103.2500,103.25,4.25,1988-08-01,1988,8,172.36186073514315,100.09676669449757,106.3077818176057,41.50646435009894,70.12580228267231,111.63227179656876,42.3205796750165,127.9549375261579,261.18810099425633,458.71318378514945,890.176809915682
MY_0p5_4.2500_113.7500,113.75,4.25,1988-08-01,1988,8,492.59002273801775,105.21400601936111,142.18714933575325,96.12262106841467,176.0690542257057,272.1916725590544,42.96902786110932,129.64516751271375,263.46968164983787,460.3181302052624,896.4020287855617
MY_0p5_4.2500_114.2500,114.25,4.25,1988-08-01,1988,8,434.4931625302367,105.22594283998704,143.29168424274934,96.41903097381005,165.11545595146976,261.5344974120152,42.87848052094803,129.35306451863764,262.7449882831352,458.3851492745536,893.3616834957168
MY_0p5_4.2500_114.7500,114.75,4.25,1988-08-01,1988,8,365.72629699707034,104.24523050944012,150.43760823567712,90.17983673095705,162.8380798339844,253.01791890462246,42.98043655395508,129.72521657307945,263.84882731119797,461.83497151692717,898.3894494628908
MY_0p5_4.2500_115.2500,115.25,4.25,1988-08-01,1988,8,287.7603003184001,99.49264309141373,138.91053575939603,25.13616534736422,62.65016325314839,87.78633011711969,41.904795487721756,126.42455010943942,256.3032315042284,442.4351159201728,867.067710240682
MY_0p5_4.2500_115.7500,115.75,4.25,1988-08-01,1988,8,253.601479947365,93.30022588180286,132.77090148925782,34.95845881316622,83.39834121445479,118.35680076469811,42.12394094952082,127.17154703948457,258.2587220272776,447.57745009600114,875.1316613148837
MY_0p5_4.2500_116.2500,116.25,4.25,1988-08-01,1988,8,265.9525834990711,101.7080623347585,139.38764432581462,45.76890503487937,100.8889670488311,146.65787585188704,42.44283497042772,128.12089850262896,260.35755734327364,452.88945584180885,883.8107571485567
MY_0p5_4.2500_116.7500,116.75,4.25,1988-08-01,1988,8,265.8134254058662,106.18553867229836,137.8071058857648,45.646132606991465,87.15536992949558,132.80150643938538,42.35812084661054,127.91691404133176,260.2699528512239,453.98733643989345,884.5323246421153
MY_0p5_4.2500_117.2500,117.25,4.25,1988-08-01,1988,8,258.8849314461767,109.71470918908584,136.58716441466746,45.06734849710381,58.53367201205904,103.60102344614214,42.27206522173587,127.77919165012057,260.6577576493795,457.2560462614077,887.9650630444552
MY_0p5_4.2500_117.7500,117.75,4.25,1988-08-01,1988,8,236.873285798945,109.10082218789647,128.4697052393204,33.561471201415756,36.91325375157544,70.47472498967099,40.751075793535286,122.3156198354868,249.64036625267096,438.2781375982823,850.9852000179455
MY_0p5_4.2500_118.2500,118.25,4.25,1988-08-01,1988,8,194.76593035424662,107.4959954155816,115.54057642456834,22.309733147833757,29.38181708269059,51.691551184198666,38.10946604248825,112.63392590565289,229.80439515326435,403.2998645563795,783.847648474821
MY_0p5_4.2500_118.7500,118.75,4.25,1988-08-01,1988,8,170.29078843858508,107.21755444561994,109.00924682617188,20.350133895874023,29.603504180908203,49.95363998413086,36.640403747558594,107.20877838134766,218.76528930664062,384.3357849121094,746.9502563476562
MY_0p5_4.7500_100.2500,100.25,4.75,1988-08-01,1988,8,259.09941609700525,115.37042405870226,,,,,,,,,
MY_0p5_4.7500_100.7500,100.75,4.75,1988-08-01,1988,8,255.63342689270297,109.35208781444244,124.453590610163,23.191441125016873,53.14455888329483,76.33599900036323,41.98149805146504,126.60503775123658,256.815656708508,445.2598519674161,870.6620150930513
MY_0p5_4.7500_101.2500,101.25,4.75,1988-08-01,1988,8,258.59035701428434,99.13223445831784,111.66796107216487,30.274154735746837,90.07026912144251,120.34441927955264,42.21310181390672,127.21765948098803,257.6128772553944,444.88587898375494,871.9295156327504
MY_0p5_4.7500_101.7500,101.75,4.75,1988-08-01,1988,8,241.20772265780505,99.93744644891649,116.9624514867389,25.303158078874862,70.69117429218595,95.99433307950461,42.304041459825314,127.6988267686632,259.663223702567,452.65086214580236,882.3169609917536
MY_0p5_4.7500_102.2500,102.25,4.75,1988-08-01,1988,8,205.56439136323473,101.93197028750465,110.5073516845703,24.97611721583775,90.46045510428293,115.43657539004371,42.47009008498419,128.23312857491632,260.9160670689174,455.57248825799843,887.1917974562872
MY_0p5_4.7500_102.7500,102.75,4.75,1988-08-01,1988,8,175.94478301030048,101.39012942951952,102.08537868329671,28.57323043969026,74.03485515618779,102.60808164754488,42.224470308631844,127.58074647453938,259.8258939123457,453.59490626632777,883.2260182374602
MY_0p5_4.7500_103.2500,103.25,4.75,1988-08-01,1988,8,156.23382521353628,104.45738277150626,94.35591125488284,28.09381774254831,50.25567458036642,78.34949111938478,40.45497236920459,121.41342897872646,247.53534380360284,432.0413389311506,841.4450625036037
MY_0p5_4.7500_103.7500,103.75,4.75,1988-08-01,1988,8,143.72086655466182,105.92516326904297,86.14184025355748,20.128685492973823,24.35122487452123,44.47991036749505,36.77469228769278,108.01743356283608,220.49240805886006,386.11315521636567,751.3976646522423
MY_0p5_4.7500_113.7500,113.75,4.75,1988-08-01,1988,8,436.6976013183594,106.5,,,,,,,,,
MY_0p5_4.7500_114.2500,114.25,4.75,1988-08-01,1988,8,436.6976013183594,107.35272189549038,143.95555114746094,67.66852569580078,140.9978485107422,208.6663818359375,42.76158142089844,129.03123474121094,262.28802490234375,458.23638916015625,892.3172607421875
MY_0p5_4.7500_114.7500,114.75,4.75,1988-08-01,1988,8,397.7997098533056,109.34214479179793,151.71458910870297,95.4207432244414,175.15303753268338,270.5737882224463,42.91263309601815,129.44510232248615,262.91167425340217,458.65284515709004,893.9222451486895
MY_0p5_4.7500_115.2500,115.25,4.75,1988-08-01,1988,8,325.71828826268506,108.14475349585213,151.31710839271543,48.35502049326896,93.71047051747638,142.06549648443854,42.28653979301452,127.56315227349596,258.7571979363759,448.39997768402094,877.0068969726561
MY_0p5_4.7500_115.7500,115.75,4.75,1988-08-01,1988,8,287.27607499379957,102.4571054125589,140.7288819812593,27.95544157482328,64.07726743183437,92.03271377805679,41.952029818580264,126.55357295445035,256.5828072684152,443.48799157521086,868.5763993520586
MY_0p5_4.7500_116.2500,116.25,4.75,1988-08-01,1988,8,274.7023373558407,103.76268615722654,146.28620435926646,34.90570817977663,80.15367201547772,115.05938386462982,42.38611436874147,127.90737118191187,259.7678379603794,451.6249490404885,881.6862428695435
MY_0p5_4.7500_116.7500,116.75,4.75,1988-08-01,1988,8,267.7627848371675,105.74031407320048,142.47313414947897,30.76966390730459,85.11627173121971,115.88593772695036,42.4184940676146,128.04277869115904,260.2852410425114,453.4100169894062,884.1565010939972
MY_0p5_4.7500_117.2500,117.25,4.75,1988-08-01,1988,8,267.63306720067584,107.21725526839967,136.99732709612164,26.119938114711218,72.55275174095517,98.67268981933594,42.265157838851685,127.60561537969679,259.506204562717,452.10903359064986,881.4860029916914
MY_0p5_4.7500_117.7500,117.75,4.75,1988-08-01,1988,8,235.72816911528378,108.19889083089706,134.56953063192248,18.52017034156413,50.05682708643659,68.57699896414069,42.04016885878164,126.96259684502321,258.3839174101624,450.506093471865,877.8927639345579
MY_0p5_4.7500_118.2500,118.25,4.75,1988-08-01,1988,8,184.30013470673686,109.1716041756635,133.53728711305553,15.805622570478736,34.73865459192938,50.54427734451678,41.93402967980161,126.66373355424585,257.9116129659529,450.07493261596073,876.5843131673996
MY_0p5_4.7500_118.7500,118.75,4.75,1988-08-01,1988,8,149.67676708366298,109.24827566026131,133.28318303748026,13.162871481497078,19.506748142121715,32.66961867899834,41.261412222174144,124.44222481643098,252.32725312438197,436.1965517454509,854.227465665793
MY_0p5_5.2500_100.2500,100.25,5.25,1988-08-01,1988,8,268.0442284380081,114.9909679434892,66.9991226196289,20.67957305908203,37.075279235839844,57.754852294921875,28.220657348632812,76.43460083007812,155.51904296875,271.81640625,531.99072265625
MY_0p5_5.2500_100.7500,100.75,5.25,1988-08-01,1988,8,263.5507748672386,109.6416042183019,118.98176004694797,26.47903069682505,67.25772594583445,93.73676203585221,41.33003112091415,124.10528248754042,251.58316355738148,435.6263119050827,852.6447908248024
MY_0p5_5.2500_101.2500,101.25,5.25,1988-08-01,1988,8,256.52814229329425,102.00713491288442,113.83612922789558,36.57020141964867,99.57260768829829,136.14280904134114,42.32315124027313,127.56666581895615,258.4085266113281,446.80468963138634,875.1030424572174
MY_0p5_5.2500_101.7500,101.75,5.25,1988-08-01,1988,8,231.5465497059428,101.971641297553,115.76193016198032,29.55438184434441,67.71092419715445,97.26530938847051,42.23514358860673,127.46214530118714,259.03158919219,450.90098280208144,879.6298235267592
MY_0p5_5.2500_102.2500,102.25,5.25,1988-08-01,1988,8,192.65054248396757,109.54323361633689,108.4512413170687,21.854191190877536,58.29542899891068,80.14961961879851,41.94464453921955,126.5580961871299,257.7184479342904,450.4177386046974,876.6389364254703
MY_0p5_5.2500_102.7500,102.75,5.25,1988-08-01,1988,8,160.1833486153171,108.3069432495506,99.20092527745132,25.348463355888754,62.34663077208955,87.69509542432881,41.04092523607156,123.32728545625329,251.04838132696634,438.0068326271186,853.4234346034161
MY_0p5_5.2500_103.2500,103.25,5.25,1988-08-01,1988,8,143.0492231015806,110.60262266290249,101.25420374684519,36.39451254807509,58.073493511645836,94.46800605972092,41.964975530451,126.84127559909571,258.83717316466493,453.3084811916599,880.95187615729
MY_0p5_5.2500_115.2500,115.25,5.25,1988-08-01,1988,8,331.80665539157013,113.40735958468531,153.52681119324734,46.80101888687885,70.9626199691022,117.76363635454022,41.895194131819935,126.3603250472272,256.2405555600026,444.05125202116426,868.5473262599257
MY_0p5_5.2500_115.7500,115.75,5.25,1988-08-01,1988,8,312.69081518881296,112.26505091220517,146.85933972374866,29.128912663863872,48.74931071653204,77.87822433730302,41.59408789165949,125.4156081636073,254.05853028378246,438.76116943359375,859.8293800483316
MY_0p5_5.2500_116.2500,116.25,5.25,1988-08-01,1988,8,282.03623141518125,108.67093614988688,144.28453498550607,36.462629970115955,78.89688301086426,115.35951551606384,42.34497410738015,127.8719953705993,260.12606492827206,453.79730784742134,884.1403176995772
MY_0p5_5.2500_116.7500,116.75,5.25,1988-08-01,1988,8,272.3550688345221,109.47709356380413,143.14859172965905,40.91726715957063,106.71673750575584,147.63400669339336,42.5954185196116,128.63188422480718,261.7255083880846,457.07310621044303,890.0258999595159
MY_0p5_5.2500_117.2500,117.25,5.25,1988-08-01,1988,8,288.4399756053137,112.56515398782396,140.88318055168028,35.191330827985496,96.68551141648065,131.87684188116162,42.52867400154234,128.44113248794795,261.4379009912885,456.9336639888703,889.3413673037575
MY_0p5_5.2500_117.7500,117.75,5.25,1988-08-01,1988,8,252.40114106677828,112.58136071099175,134.94182671440973,21.108923975626627,54.1196298266214,75.22855234297495,42.12542821490576,127.25265221974206,259.11254146515375,452.4726369706411,880.9632541232638
MY_0p5_5.2500_118.2500,118.25,5.25,1988-08-01,1988,8,173.3045848245586,111.37878342646702,133.64843409835913,14.600719181595334,23.917780800230187,38.51849991500757,41.83766560645619,126.39033863043329,257.39027152091825,449.15060395647765,874.7688847438545
MY_0p5_5.2500_118.7500,118.75,5.25,1988-08-01,1988,8,130.82308979034423,109.59274674672928,133.035824669732,8.996122784084744,8.210830675231085,17.206953552034165,40.71682760450575,122.64979373084175,247.81077321370444,424.7721078660753,835.9495205349393
MY_0p5_5.2500_119.2500,119.25,5.25,1988-08-01,1988,8,128.64084269902474,108.51426994687034,132.56878662109375,6.6721086502075195,3.002283811569214,9.674392700195312,40.180572509765625,120.85376739501953,243.17385864257812,412.8802795410156,817.0885009765625
MY_0p5_5.7500_100.2500,100.25,5.75,1988-08-01,1988,8,273.9189216682503,115.37429541510504,102.52372839691442,36.28034360693135,61.81143202475451,98.0917732168775,35.64436602811201,103.46915883755466,210.76971673527987,369.68924202175316,719.5724834477136
MY_0p5_5.7500_100.7500,100.75,5.75,1988-08-01,1988,8,263.19887787349643,111.80373653835721,114.10297592163086,28.898110078175858,69.04664159138997,97.94475357055664,40.49766304016113,121.02093180338541,245.66634267171221,427.13299702962235,834.317921142578
MY_0p5_5.7500_101.2500,101.25,5.75,1988-08-01,1988,8,251.93636057696006,107.97030928003508,117.39847216268225,33.10171900771734,86.0156547065795,119.11737087580163,42.41327455475575,127.89075046449199,259.43475858433044,450.28779193547774,880.0265635092428
MY_0p5_5.7500_101.7500,101.75,5.75,1988-08-01,1988,8,221.31693496704108,108.65616397857667,120.42688058217368,31.389703377087912,58.215482802192376,89.60518930753075,41.9886593023936,126.61253700256349,256.7269349416097,444.9383074442546,870.2664065043134
MY_0p5_5.7500_102.2500,102.25,5.75,1988-08-01,1988,8,177.60370054000464,116.64493934924785,109.68857710610334,13.74958947371152,15.336279877207497,29.085870641650573,39.87822991830331,119.48487769232854,240.63920613812274,410.43007621379815,810.4324242177636
MY_0p5_5.7500_102.7500,102.75,5.75,1988-08-01,1988,8,149.97797903878347,113.31612736970477,85.05939483642578,13.503805160522461,14.966885566711426,28.470691680908203,35.081443786621094,101.89288330078125,206.42044067382812,356.6102294921875,700.0050048828125
MY_0p5_5.7500_103.2500,103.25,5.75,1988-08-01,1988,8,134.41456604003906,114.02623748779297,,,,,,,,,
MY_0p5_5.7500_115.2500,115.25,5.75,1988-08-01,1988,8,333.21162007649735,115.84342219034832,156.0936737060547,67.88168334960938,80.02166748046875,147.90335083007812,42.61151123046875,128.91030883789062,263.50213623046875,465.2157287597656,900.2396850585938
MY_0p5_5.7500_115.7500,115.75,5.75,1988-08-01,1988,8,311.2210223426117,113.56094931386,144.0366420200893,52.659206681024465,76.75226454961867,129.411473882766,42.19976032802037,127.53342292422339,259.8032412574405,454.0752458844866,883.6116501581101
MY_0p5_5.7500_116.2500,116.25,5.75,1988-08-01,1988,8,273.32336018880204,108.06848851764013,135.16049102298797,45.31973135811942,81.04515947614397,126.36489315941218,42.04473151555137,126.979175410195,258.1366068522135,448.53533276754706,875.695820545015
MY_0p5_5.7500_116.7500,116.75,5.75,1988-08-01,1988,8,258.42442568824407,106.68121061779203,131.55421953958177,52.02354497152661,101.65062653072296,153.67417396666514,42.307577550978884,127.75129980662511,259.69557296510726,451.7042439778646,881.4586848183284
MY_0p5_5.7500_117.2500,117.25,5.75,1988-08-01,1988,8,277.4628497102659,114.99603947780862,136.52290166138852,53.92930148151771,90.79272365870912,144.72202529666552,42.58815743720118,128.73585240698011,262.6168306272489,461.37037432457,895.3112253856959
MY_0p5_5.7500_117.7500,117.75,5.75,1988-08-01,1988,8,249.09444337875127,117.42114034985741,135.58022308349612,36.823492683820284,50.28431461001403,87.10780506006024,42.50469899017539,128.57790297949876,262.8819890374305,464.35992073212697,898.3245241305975
MY_0p5_5.7500_118.2500,118.25,5.75,1988-08-01,1988,8,176.6611589601902,115.26672925949096,133.89058383517795,22.016403562757702,20.98908976236979,43.00549268934462,42.16627929687501,127.53679965549046,260.60700642903646,458.964749077691,889.2748559570311
MY_0p5_5.7500_118.7500,118.75,5.75,1988-08-01,1988,8,126.19380063277026,112.71189000056341,133.32833862304688,16.663177490234375,11.315154075622559,27.978330612182617,42.006038665771484,127.0344009399414,259.44873046875,455.98602294921875,884.4752197265625
MY_0p5_6.2500_99.7500,99.75,6.25,1988-08-01,1988,8,318.2495763442095,120.01046648212508,131.55302003372546,72.26999309451082,108.90524008107738,181.1752393855605,42.53310483001,128.42544839548512,261.4155656681504,457.34853132381,889.7226817996003
MY_0p5_6.2500_100.2500,100.25,6.25,1988-08-01,1988,8,273.4358090162277,117.2625041306019,122.6579875712492,44.167725232182704,70.2795357217594,114.44726170131138,40.37800159065091,120.74487560038664,245.74049371213326,429.84012613101874,836.7034882214604
MY_0p5_6.2500_100.7500,100.75,6.25,1988-08-01,1988,8,253.83787907780828,115.59010562381229,116.47943227171439,32.18410375587729,71.44552644707522,103.6296279494827,41.250931596203664,123.80512037240402,249.3999666781039,437.2252754594369,851.6812847829694
MY_0p5_6.2500_101.2500,101.25,6.25,1988-08-01,1988,8,244.27412484975963,114.50463033822865,114.05678440974309,30.958767641507663,69.57874063345102,100.53750539926384,41.73051188542293,125.52035757211539,251.9441711425781,441.4204791729267,860.6155019906852
MY_0p5_6.2500_101.7500,101.75,6.25,1988-08-01,1988,8,197.23762207031248,119.35827832903178,114.17213745117186,15.605698476518903,20.791970039265493,36.39766825267246,39.922663770403176,119.64099578857422,238.1890446254185,397.22832728794634,794.9810267857141
MY_0p5_6.2500_102.2500,102.25,6.25,1988-08-01,1988,8,168.1561501820882,121.43649803719869,108.97090911865234,5.475281715393066,0.05947336554527283,5.534755229949951,38.418846130371094,114.73018646240234,225.94920349121094,367.180908203125,746.2791748046875
MY_0p5_6.2500_115.7500,115.75,6.25,1988-08-01,1988,8,268.4512755654075,114.6035730188543,150.79647827148438,58.92405319213867,70.46815490722656,129.3922119140625,42.29435348510742,127.84581756591797,260.5772705078125,455.9989013671875,886.71630859375
MY_0p5_6.2500_116.2500,116.25,6.25,1988-08-01,1988,8,245.03158542566132,111.78504990694815,138.63130305622116,40.72561720709444,51.67716556708718,92.40278438954626,41.53626704951215,125.35207413996893,254.20531278769874,439.34876160474596,860.442397869631
MY_0p5_6.2500_116.7500,116.75,6.25,1988-08-01,1988,8,221.1435270279173,110.85057840498666,126.59029473198784,26.962218448093953,43.77777476083665,70.73999332246326,41.10626479860336,123.9337870764354,250.5968052455357,429.8104747953868,845.4473334418402
MY_0p5_6.2500_117.2500,117.25,6.25,1988-08-01,1988,8,226.82351427835133,117.1717563931904,128.96657492016988,38.425614656720846,50.52941485208179,88.95503037467836,41.25219253055633,124.25756051199777,252.73376900809154,439.9305280412946,858.1740542457218
MY_0p5_6.2500_117.7500,117.75,6.25,1988-08-01,1988,8,224.34734106063848,119.98838913440704,131.29917836328696,38.59648460254335,40.81695797290021,79.41344398364687,41.38125933820044,124.69476371898985,254.39588187591374,446.3526634528623,866.8245824624224
MY_0p5_6.2500_118.2500,118.25,6.25,1988-08-01,1988,8,216.48559243338448,119.8456598009382,135.8730408804757,34.74545996529715,39.28273751905986,74.02820083073208,42.31889983585903,128.05799674987793,261.898813520159,462.20279802594865,894.4785374232702
MY_0p5_6.7500_100.2500,100.25,6.75,1988-08-01,1988,8,274.98151150871723,118.09787609997917,128.25340989056755,46.371627779567945,69.63135691250072,116.00298948848949,42.10853562635534,127.0775810129502,258.3347921932445,450.3085520127241,877.8294471291935
MY_0p5_6.7500_100.7500,100.75,6.75,1988-08-01,1988,8,249.05443092628764,118.08272693775321,114.39045602303963,24.246832812273944,35.97119451452185,60.21802888093172,40.502122808385785,121.29374553539138,239.19059922960074,423.25539256908274,824.2418438946759
MY_0p5_6.7500_116.2500,116.25,6.75,1988-08-01,1988,8,188.17991287406832,115.65831268665401,122.87280533953412,8.033518465553843,3.717398788870835,11.75091757425448,38.722343816989806,116.06446615079555,230.04681917516197,377.8194669397866,762.6530880811738
MY_0p5_6.7500_116.7500,116.75,6.75,1988-08-01,1988,8,185.75614976697395,116.0806305706501,117.7992498224432,7.73468478960482,7.867992756395,15.602677232191969,37.86697235408979,112.86574750455473,224.8908740861614,373.0233050561234,748.646886049052
MY_0p5_6.7500_117.2500,117.25,6.75,1988-08-01,1988,8,186.4630452995626,118.20473183525932,116.50187851897383,10.153417135761902,11.65001345999473,21.803430365250172,37.5926963333535,111.60080992437041,224.0512934997018,377.8892988356869,751.1340858662024
MY_0p5_6.7500_117.7500,117.75,6.75,1988-08-01,1988,8,194.9629457261827,120.5371396806505,125.95741605758668,16.418952643871307,11.410373531281948,27.829327166080475,39.257719039916985,117.17684698104858,237.60857439041135,410.5728282928467,804.6159572601317
MY_0p5_7.2500_116.7500,116.75,7.25,1988-08-01,1988,8,151.5230255126953,117.18551623632038,107.92989030920941,2.2561258336772085,0.010186998610911161,2.266312890467437,35.15404610011889,103.85439917522929,203.0670314622962,320.3358910602072,662.4113652768342
MY_0p5_7.2500_117.2500,117.25,7.25,1988-08-01,1988,8,144.06493549518757,117.36731630617435,106.14420029489618,1.7086837266620838,0.009050090373248646,1.7177338575061998,34.53621641460218,101.71945624100533,199.05746074475735,313.42232055664056,648.7354460063733
MY_0p5_0.7500_110.2500,110.25,0.75,1988-09-01,1988,9,315.5286508413462,99.16433704082783,116.9766326904297,43.55141228895922,134.47691638653095,178.0283358060397,42.72773895263673,129.0686945988582,262.8656104454628,460.32298959585336,894.9850388746996
MY_0p5_0.7500_110.7500,110.75,0.75,1988-09-01,1988,9,359.52406747000555,100.59037083217076,121.06764853341238,63.41358609880719,155.58240007672993,218.99597996303012,43.03358110700334,130.0262274605887,265.1304853166853,466.55644226074213,904.7467642647879
MY_0p5_0.7500_111.7500,111.75,0.75,1988-09-01,1988,9,401.75293017190603,99.72965143597315,115.57532646542504,106.57366689046223,238.47218516516304,345.0458596850198,43.36105201357887,130.8889605809772,266.3438759455605,467.0950142996652,907.6888795882936
MY_0p5_1.2500_103.2500,103.25,1.25,1988-09-01,1988,9,305.0324401855469,101.08958664681147,121.70517175847834,60.72776447642934,63.36137078025126,124.08913144198333,39.15058474107222,116.29499053955078,237.5699438615279,418.8797690651633,811.8952872536399
MY_0p5_1.2500_103.7500,103.75,1.25,1988-09-01,1988,9,311.7283123720039,99.96572179701721,111.74395737138768,75.636688899068,89.97004810814718,165.60673493320505,40.48680422144028,121.23015335231152,247.58446717493743,436.59511677269796,845.8965471878793
MY_0p5_1.2500_104.2500,104.25,1.25,1988-09-01,1988,9,313.66047319684714,100.0825329371861,100.62077331542969,93.19574737548828,121.80054473876953,214.9962921142578,42.24365234375,127.71452331542969,260.7640686035156,459.9395446777344,890.6618041992188
MY_0p5_1.2500_109.7500,109.75,1.25,1988-09-01,1988,9,248.62495367211037,100.14737545151308,119.27749431564146,46.86328108913927,109.9454157266272,156.80869357557182,42.83379557046546,129.51239454889873,264.50405148425733,466.75195900790663,903.6022221209055
MY_0p5_1.2500_110.2500,110.25,1.25,1988-09-01,1988,9,310.8034663255611,99.71109954362672,117.97997772923769,50.61056763785226,136.45668780941762,187.06725997630235,42.804519520763264,129.31426972496004,263.4726662654215,462.10180451971223,897.6932646408966
MY_0p5_1.2500_110.7500,110.75,1.25,1988-09-01,1988,9,353.65566842215395,100.57853085956876,121.77780352395676,66.41051848880826,149.77123175726996,216.1817478724888,43.023940155998105,130.00811859615266,265.1541670541915,466.87469588991195,905.060949125744
MY_0p5_1.2500_111.2500,111.25,1.25,1988-09-01,1988,9,372.5597459104496,99.87728603960227,119.15297123723137,75.72064620922932,184.67865555735824,260.3993047647202,43.17279534141858,130.38930041035906,265.64190673828125,466.8978750210601,906.1018384257065
MY_0p5_1.2500_111.7500,111.75,1.25,1988-09-01,1988,9,392.710946219308,98.95102812751891,114.8245377313523,102.10711573040675,235.42739456418965,337.5345163496714,43.351751660543776,130.86091855972532,266.28573656839035,466.98719811817955,907.485576326885
MY_0p5_1.2500_112.2500,112.25,1.25,1988-09-01,1988,9,403.6749275323703,98.08395203721098,116.45322983640098,113.57881911999075,253.11178418464465,366.6906124831456,43.43569772013553,131.07196827225272,266.5351739099183,466.9284864706435,907.9713168846167
MY_0p5_1.2500_112.7500,112.75,1.25,1988-09-01,1988,9,408.1764818827311,98.20072269439699,117.11700359980264,96.51010735829672,250.6489200592041,347.15903472900385,43.42427635192871,131.03110885620117,266.38170051574707,466.26952997843426,907.1066309611003
MY_0p5_1.2500_113.2500,113.25,1.25,1988-09-01,1988,9,424.02425006368884,100.0799644138502,125.34490502398948,99.2345792024032,247.37064952021058,346.60522726307744,43.42116486922554,131.01819272248642,266.32673817510187,466.05155188519024,906.8176524286683
MY_0p5_1.2500_113.7500,113.75,1.25,1988-09-01,1988,9,418.11957619406957,100.94444910685222,132.32485476407138,94.40445830605246,225.2080754366788,319.61252536195695,43.29923256960782,130.6642197117661,265.64817833177966,464.7233368844697,904.3349840568773
MY_0p5_1.2500_114.2500,114.25,1.25,1988-09-01,1988,9,399.62400831374447,100.022221117948,136.84081842203057,81.40427776775529,198.9039813016368,280.30826656375314,43.15985266086275,130.27730648074532,264.98127111924435,463.69624585176985,902.1146629130945
MY_0p5_1.2500_114.7500,114.75,1.25,1988-09-01,1988,9,354.3536436019405,97.82890442878968,132.2111073155557,73.61276343560988,154.22815975066152,227.84092466292842,42.92101017121346,129.4975876346711,263.0601097845262,458.54488643523183,894.0235772901965
MY_0p5_1.7500_102.7500,102.75,1.75,1988-09-01,1988,9,283.7882838802443,100.47907939931966,128.63531136512756,31.254312813282013,78.35133481025696,109.60564899444581,41.33604693412781,124.12663197517395,253.47623395919803,447.1193180084228,866.0582046508789
MY_0p5_1.7500_103.2500,103.25,1.75,1988-09-01,1988,9,296.66644770206176,98.76612971832394,125.95340026855467,45.438028221130374,73.66436515808105,119.10239200592041,41.1817847251892,123.61398902893067,252.4772526550293,445.3263584899902,862.5993807983399
MY_0p5_1.7500_103.7500,103.75,1.75,1988-09-01,1988,9,304.4907770277579,98.62148036232477,116.87146587613262,65.27524980714048,83.82163809522797,149.0968867434731,41.25909099095984,123.9988878467415,253.25500922867013,446.59530591361136,865.1083061121686
MY_0p5_1.7500_104.2500,104.25,1.75,1988-09-01,1988,9,307.2819055557251,99.42375540733337,111.06562332035035,77.45293095315151,97.32944878866506,174.78237974181656,42.36144073249758,128.1011952244958,261.65548374856166,461.5568807439287,893.6750218591025
MY_0p5_1.7500_109.7500,109.75,1.75,1988-09-01,1988,9,247.70603295259696,100.04319913997207,119.39469146728516,47.84908676147461,110.1441421508789,157.99322509765625,42.84868621826172,129.5615692138672,264.63330078125,467.14630126953125,904.1898803710938
MY_0p5_1.7500_110.2500,110.25,1.75,1988-09-01,1988,9,297.4259706990103,100.58598239012439,119.97498068580016,63.91294444691051,142.54304569672772,206.45598989884485,42.9609655900435,129.81178071537119,264.68866374785887,465.6151772565383,903.0765860654453
MY_0p5_1.7500_110.7500,110.75,1.75,1988-09-01,1988,9,340.3294636119495,100.27162586558947,123.38660659790037,75.8550193786621,146.81989517211912,222.67492218017577,43.04819412231445,130.09148559570312,265.3962158203125,467.75508117675776,906.2909881591797
MY_0p5_1.7500_111.2500,111.25,1.75,1988-09-01,1988,9,339.9219018360925,98.218752179827,119.78672506642899,74.70038533765216,176.6512806737146,251.35167122774348,43.153864270587306,130.35384741494823,265.6726928710938,467.3712740166243,906.5516340388808
MY_0p5_1.7500_111.7500,111.75,1.75,1988-09-01,1988,9,353.6513700847383,96.60100613364689,113.15655565865431,77.83316783663591,198.10387507571448,275.93704436096954,43.217614572259436,130.51377154000193,265.84852812561803,467.11960244480565,906.6994978506352
MY_0p5_1.7500_112.2500,112.25,1.75,1988-09-01,1988,9,374.4410213409908,96.66736401754714,113.29912305559431,89.02712634858631,222.77913576156374,311.8062646290612,43.295936221168155,130.69818173363095,265.9676326691158,466.3766286698599,906.3383853004093
MY_0p5_1.7500_112.7500,112.75,1.75,1988-09-01,1988,9,392.25625455341645,98.1430937994094,116.46070297483412,88.58166089739117,229.3660585433718,317.9477193196614,43.316086965893945,130.75130770244294,266.01849684942334,466.2030869256882,906.2889942956348
MY_0p5_1.7500_113.2500,113.25,1.75,1988-09-01,1988,9,406.87826082744294,100.12254411001055,122.88889811682321,87.78066931830513,228.71806398421995,316.49872853112595,43.342006138392854,130.8180421859499,266.1196539984809,466.3899040101066,906.6696089487225
MY_0p5_1.7500_113.7500,113.75,1.75,1988-09-01,1988,9,403.59245043557786,101.10107208736359,128.13471272786455,84.6399407280816,218.14836978004092,302.78830183725506,43.275370255727616,130.59011748783172,265.50947653149797,464.56489994109626,903.9398687453497
MY_0p5_1.7500_114.2500,114.25,1.75,1988-09-01,1988,9,386.12858111669146,100.53324379088386,132.95584169418092,77.26209958999875,185.73331720261345,262.99542275080603,43.11358770945715,130.13270743233815,264.67740943545385,463.120846702939,901.0445388067336
MY_0p5_1.7500_114.7500,114.75,1.75,1988-09-01,1988,9,342.46703358388316,99.4302032549764,129.7084503173828,66.63758079252095,144.9471958931246,211.5847731674274,42.89944981787489,129.47141317258846,263.2109648551348,459.6188316542868,895.200630464702
MY_0p5_2.2500_101.7500,101.75,2.25,1988-09-01,1988,9,301.0942900686553,99.12660047743057,134.33384411744396,52.602873484293625,97.63468609434186,150.23755915478023,42.361331862632674,127.74519502273714,260.65749967941133,459.5067471590909,890.2707642834597
MY_0p5_2.2500_102.2500,102.25,2.25,1988-09-01,1988,9,275.61671615673595,97.36937764729038,131.44924419348317,40.40306060279955,90.05796197042511,130.46102445319508,42.096254759428035,126.8023297250556,258.53707360080557,454.6867176402699,882.1223459928229
MY_0p5_2.2500_102.7500,102.75,2.25,1988-09-01,1988,9,268.287606927413,97.62707215321214,129.93851502334013,34.69144471687607,79.94975386993794,114.64119870149636,42.03913862493974,126.69647253012356,258.7885218270217,456.779455643666,884.303572449503
MY_0p5_2.2500_103.2500,103.25,2.25,1988-09-01,1988,9,276.40946451822913,95.99388158889043,125.98072567894343,39.0611071147616,74.75767795623295,113.81878463502913,42.28871692475818,127.61110573420447,260.46200028676833,458.76621713789683,889.128049045139
MY_0p5_2.2500_103.7500,103.75,2.25,1988-09-01,1988,9,283.33180541992186,97.11312607587394,124.46534868660619,48.184140997417906,70.48754342289294,118.67168623067565,42.11521980156332,127.02416143902276,259.3180929927503,456.7424174680548,885.1999058610302
MY_0p5_2.2500_104.2500,104.25,2.25,1988-09-01,1988,9,285.44254656535827,98.22768352477533,127.67148590087892,57.026189662208246,65.1519863349347,122.17817782567553,42.60197972069102,128.8707585610634,263.39848390689565,465.07084416160905,899.9420877251744
MY_0p5_2.2500_104.7500,104.75,2.25,1988-09-01,1988,9,280.91607666015625,98.89547729492188,,,,,,,,,
MY_0p5_2.2500_109.7500,109.75,2.25,1988-09-01,1988,9,246.88455101751512,99.02607210220829,,,,,,,,,
MY_0p5_2.2500_111.2500,111.25,2.25,1988-09-01,1988,9,301.03083646297455,95.91788414120676,113.1081942389993,45.688469606287335,124.70813998054054,170.39660958682788,42.911181393791644,129.72207103056064,264.85557466394755,467.299414690803,904.7882573744829
MY_0p5_2.2500_111.7500,111.75,2.25,1988-09-01,1988,9,304.175246562655,94.95860842750186,113.16371767558749,49.60884835379464,134.30934898739767,183.91819734119235,42.950085606650696,129.8223890032087,264.9806439112103,467.2713096013145,905.0244458395337
MY_0p5_2.2500_112.2500,112.25,2.25,1988-09-01,1988,9,329.45164785233754,95.66838759164962,113.52811155773342,62.52756121196443,166.59322553362165,229.1207812112475,43.044536663237075,130.04683619907925,265.1251638261098,466.3237465510292,904.5402946351066
MY_0p5_2.2500_112.7500,112.75,2.25,1988-09-01,1988,9,348.9855877588666,97.23415980263363,115.97559589204333,71.99604269360738,180.10433843703495,252.10037686786953,43.033537219819564,129.98922090076266,264.83737143864704,464.89925488668774,902.7593823629712
MY_0p5_2.2500_113.2500,113.25,2.25,1988-09-01,1988,9,362.2894420805432,99.27511628166077,121.40186702183317,65.73821258544922,162.68517877487912,228.42339288620724,42.97164817688958,129.797156100803,264.4475255572607,464.2467058454241,901.4630272274927
MY_0p5_2.2500_113.7500,113.75,2.25,1988-09-01,1988,9,361.9401194898389,99.82976053938083,123.39269865011869,58.50983820082267,158.4512533839745,216.96109163308446,42.90923334677009,129.53153016295616,263.5142047737218,460.900195061406,896.8551471565344
MY_0p5_2.2500_114.2500,114.25,2.25,1988-09-01,1988,9,350.9315282428075,99.84338034977988,126.99334663512214,58.46487777952164,148.6648445734902,207.12972557431175,42.88960056607685,129.45274508037264,263.25138578869047,460.02738182431176,895.621123201885
MY_0p5_2.2500_114.7500,114.75,2.25,1988-09-01,1988,9,322.6908883371661,98.97922483874906,127.23790876327024,56.33473377843057,121.23246831586285,177.5671989194809,42.759520093856324,129.05619309948338,262.37756810342114,457.96206084220654,892.1553238407259
MY_0p5_2.2500_115.2500,115.25,2.25,1988-09-01,1988,9,280.9716796875,98.43317413330078,126.43892669677734,39.927894592285156,57.238121032714844,97.166015625,42.188880920410156,127.24253845214844,258.05633544921875,446.974853515625,874.4625854492188
MY_0p5_2.7500_101.2500,101.25,2.75,1988-09-01,1988,9,326.6703796386719,96.79607391357422,126.7190170288086,79.48638916015625,149.1216583251953,228.60804748535156,42.935272216796875,129.71168518066406,264.4928894042969,465.9176025390625,903.0574951171875
MY_0p5_2.7500_101.7500,101.75,2.75,1988-09-01,1988,9,314.8126079153508,95.17928436279297,119.24473294344816,68.50249030373313,138.5974465110085,207.0999367453835,42.70343139648437,128.97525906649503,262.82346224698153,462.1355912642045,896.6377512428977
MY_0p5_2.7500_102.2500,102.25,2.75,1988-09-01,1988,9,280.37733896826484,94.31382649415617,134.19027841167087,48.19948750392646,101.31312599911051,149.5126132357652,42.7947392190338,129.2315155320866,263.22321343877513,462.0033448820661,897.252793233106
MY_0p5_2.7500_102.7500,102.75,2.75,1988-09-01,1988,9,260.3160637964176,95.10170205031768,132.16687395602844,39.90353282493881,84.89222181296046,124.79575521734695,42.7561817410626,129.2673326806177,264.04108815253534,466.27530438386935,902.3399043988578
MY_0p5_2.7500_103.2500,103.25,2.75,1988-09-01,1988,9,258.5373772299214,96.05711435208654,121.94709768113056,35.839121751724534,57.74516986433868,93.58428984235047,41.616034635313,125.24317849517628,255.7254740721101,450.6171540667297,873.2018372359549
MY_0p5_2.7500_103.7500,103.75,2.75,1988-09-01,1988,9,262.7492109215778,97.78736058110775,117.8879135764689,41.86472761795818,52.138193332654545,94.00292307770198,40.73002907537646,122.05994559433053,249.24451400827155,439.04968782064554,851.0841700118807
MY_0p5_2.7500_104.2500,104.25,2.75,1988-09-01,1988,9,273.33183692483345,98.42083190469181,128.90916442871094,60.159610748291016,69.5604476928711,129.72006225585938,42.67380142211914,129.08473205566406,263.85797119140625,466.286376953125,901.9028930664062
MY_0p5_2.7500_111.2500,111.25,2.75,1988-09-01,1988,9,273.41397031586746,94.67360461004851,114.06552348417394,41.42630880019244,102.53723166970646,143.96354046989887,42.754419551176184,129.3038729499368,264.2022408878102,466.41278704474956,902.6733165067785
MY_0p5_2.7500_111.7500,111.75,2.75,1988-09-01,1988,9,279.44619075587536,94.21140464407497,113.76755990653201,41.3383528446329,110.45058605588716,151.78893990352233,42.79943559909689,129.41283962644377,264.3186996723044,466.356749435951,902.8877171483533
MY_0p5_2.7500_112.2500,112.25,2.75,1988-09-01,1988,9,302.0099593536764,95.07495568673822,114.77761746724447,52.578521194458006,133.85433217366534,186.43285598754883,42.8709420522054,129.5784942626953,264.4136939493815,465.6421603393554,902.5052795410155
MY_0p5_2.7500_112.7500,112.75,2.75,1988-09-01,1988,9,324.02835025063047,96.8456930812401,118.41077377222761,76.99393012855626,155.91307106500938,232.90700424773783,42.93335425702831,129.72656158254117,264.49782195272326,464.94575848156893,902.1035007525095
MY_0p5_2.7500_113.2500,113.25,2.75,1988-09-01,1988,9,342.1626466781374,99.03986612955728,124.1100347609747,76.10792962937127,139.99705701555524,216.10498962402343,42.87134487818158,129.54470917232453,264.1573466951885,464.43237585642976,901.0057667565723
MY_0p5_2.7500_113.7500,113.75,2.75,1988-09-01,1988,9,342.37428623855493,100.29180614204162,127.3331289109151,59.83577776866354,134.27152230329574,194.10729577131332,42.77018934602191,129.16658977338463,263.00600554836785,460.6755890086958,895.6183654396398
MY_0p5_2.7500_114.2500,114.25,2.75,1988-09-01,1988,9,328.4555334743065,99.74199401276022,127.26790145680872,46.203642193275165,133.8919599026064,180.0956014319311,42.72968801667419,128.9815228619153,262.29819218116467,457.9852097909662,891.9946090118793
MY_0p5_2.7500_114.7500,114.75,2.75,1988-09-01,1988,9,306.466055511669,101.161063297539,128.07967153172584,46.36020756375258,103.17386379363431,149.53407132094074,42.65174191468841,128.75088573868865,261.8414151137042,457.2097485779197,890.4538066888313
MY_0p5_2.7500_115.2500,115.25,2.75,1988-09-01,1988,9,280.2891669745917,99.19177527900214,126.1817433125264,35.63296869638803,48.39921239904455,84.03217879286757,41.88899495580175,126.21854386888107,255.31801323418145,439.3425174747501,862.768074654244
MY_0p5_3.2500_101.2500,101.25,3.25,1988-09-01,1988,9,331.12701416015625,95.53656317566156,129.78851419293,91.91241244304969,137.69477024894744,229.6071774375114,42.96295810209638,129.8017680839806,264.6730131750441,466.0498894717443,903.4876483368039
MY_0p5_3.2500_101.7500,101.75,3.25,1988-09-01,1988,9,333.172565273069,90.55645176103921,117.4154565653224,77.15123001633178,139.71663728944816,216.86786243414426,42.726545163780266,128.95689105380114,262.2417573382141,458.4906727007241,892.415880336883
MY_0p5_3.2500_102.2500,102.25,3.25,1988-09-01,1988,9,292.8374640570746,93.126826573932,134.0373366582961,45.53552494351826,90.12238498263888,135.6579109555199,42.77686263795883,129.23008892725383,263.5190155513702,463.7232532319569,899.2492328946553
MY_0p5_3.2500_102.7500,102.75,3.25,1988-09-01,1988,9,261.2661663007132,94.22350926942461,132.57079218610932,41.143843445596815,79.90771440916423,121.05155638199817,42.71037183834027,129.07063515578645,263.39536478549616,464.219997744017,899.3963570896583
MY_0p5_3.2500_103.2500,103.25,3.25,1988-09-01,1988,9,244.03116729438113,96.21639855599172,117.46949440027294,39.4141350538024,53.85262081133815,93.2667551693,40.74479490149681,122.08472139439287,249.27499871766526,439.2072431831484,851.3117566434879
MY_0p5_3.2500_112.2500,112.25,3.25,1988-09-01,1988,9,297.30984971788195,95.32167070176867,115.29614291720921,51.400938585069454,124.56034478081598,175.96128879123265,42.82070287068685,129.44590759277347,264.2239698621962,465.5006551106771,901.9912190755209
MY_0p5_3.2500_112.7500,112.75,3.25,1988-09-01,1988,9,322.2053431849326,97.60354823450888,122.94945901339172,86.34632354486183,148.1613760776207,234.50770431268413,42.94444872121342,129.78167999767865,264.73015757076075,465.9587692510886,903.4150695800782
MY_0p5_3.2500_113.2500,113.25,3.25,1988-09-01,1988,9,347.0294853726724,100.06279674329254,130.39040262048894,87.77848639632715,141.42754514289624,229.20602838920823,42.93881929281986,129.7687897537694,264.7275598699396,466.1238360549464,903.5590205337061
MY_0p5_3.2500_113.7500,113.75,3.25,1988-09-01,1988,9,342.3326257130456,101.99143078516398,131.0823340764121,76.19667029002355,144.359771437872,220.55643785264755,42.89301051790752,129.57315460689483,264.0533675905258,463.75717754061253,900.2767085968501
MY_0p5_3.2500_114.2500,114.25,3.25,1988-09-01,1988,9,317.17419793195785,103.32806466946934,129.3760474138199,54.452668426902434,142.00879241554597,196.46146164426378,42.76848054387766,129.10312424192,262.5700426040941,458.64437059536107,893.0859950363257
MY_0p5_3.2500_114.7500,114.75,3.25,1988-09-01,1988,9,295.5274200439453,105.79024653829586,132.94609060105245,45.319853466787166,107.41331796585375,152.7331763832433,42.69447197883752,128.90468223231616,262.31644794439813,458.8611489071209,892.7767701361591
MY_0p5_3.2500_115.2500,115.25,3.25,1988-09-01,1988,9,280.2057749108423,101.55020182645772,125.74966280973409,32.220382877543,46.96476920646957,79.18515009819706,41.751372373556784,125.75527473642856,254.09367882450925,435.930090892164,857.5304327856137
MY_0p5_3.2500_115.7500,115.75,3.25,1988-09-01,1988,9,272.85376216588395,98.9273434756847,127.4125553945477,43.64788441175825,63.897088811638646,107.5449737377381,42.12211154551988,126.93292742096976,256.89950150050475,443.10443183813203,869.0589702477616
MY_0p5_3.7500_100.7500,100.75,3.75,1988-09-01,1988,9,277.95648193359375,94.88302612304688,130.32823181152344,58.02050018310547,104.05931091308594,162.07981872558594,42.83955383300781,129.53167724609375,264.617919921875,467.42584228515625,904.4149780273438
MY_0p5_3.7500_101.2500,101.25,3.75,1988-09-01,1988,9,323.38566035112456,92.15357892181494,132.7622763130657,98.9833975239479,148.39023790081728,247.37364048633765,43.0195532493221,129.9179933418348,264.650132262591,464.86808643526246,902.4557957325167
MY_0p5_3.7500_101.7500,101.75,3.75,1988-09-01,1988,9,337.21900277979233,88.05762882597129,125.6279186564646,65.51391275976874,120.3034555471627,185.8173645894239,42.794921000292355,129.16892368778304,262.6789197982497,459.02316303617647,893.6659168802249
MY_0p5_3.7500_102.2500,102.25,3.75,1988-09-01,1988,9,304.28438546316966,89.3978046235584,131.61426803346663,45.33041780259874,99.48666401212178,144.8170853872148,42.77662169441344,129.17257196335564,263.07855185856897,461.4981411404079,896.5259002201141
MY_0p5_3.7500_102.7500,102.75,3.75,1988-09-01,1988,9,270.8239839099702,93.08189786880736,129.34910610138422,46.112964472695,86.68340056888638,132.7963667612227,42.703649805462554,129.00463455442397,263.0379681299603,462.5916160946801,897.3378902374751
MY_0p5_3.7500_103.2500,103.25,3.75,1988-09-01,1988,9,242.73359917264534,95.10398630696939,118.7606279859356,66.06857724657246,92.1274305455825,158.19600779215494,42.1643850438735,127.08852652755438,259.1408441281786,455.41667612113207,883.8104504155178
MY_0p5_3.7500_113.2500,113.25,3.75,1988-09-01,1988,9,351.1694173812866,101.79159057140352,132.11335354163998,87.76162231945601,131.533564833344,219.29519027960106,42.90413009143267,129.68470163814357,264.6534874087475,466.3350239738089,903.5773445504611
MY_0p5_3.7500_113.7500,113.75,3.75,1988-09-01,1988,9,344.38934428924665,103.92139812651133,129.54626247566495,77.5709965283045,141.7098479039461,219.28083638311588,42.92452291840489,129.72048298363546,264.6119763025574,465.79422806921906,903.0511883485665
MY_0p5_3.7500_114.2500,114.25,3.75,1988-09-01,1988,9,321.2281865061671,106.79714968242342,131.43492116776724,60.00291804964579,143.11283293224517,203.1157416934059,42.93741413903615,129.712936304486,264.40710701109873,464.8225625658792,901.8800060453868
MY_0p5_3.7500_114.7500,114.75,3.75,1988-09-01,1988,9,302.3032159714472,108.31003342885818,135.023239523267,49.13732472374326,112.20817622835672,161.34549887520927,42.786562977139916,129.25084509471105,263.44462251209075,462.87338092137895,898.3554117838543
MY_0p5_3.7500_115.2500,115.25,3.75,1988-09-01,1988,9,286.4079385424417,101.87301320878285,124.99544965955945,29.451165165976875,58.012841046045686,87.46400643000528,41.946369970412476,126.43555527944413,255.95842314220613,440.99480464874756,865.3351723322792
MY_0p5_3.7500_115.7500,115.75,3.75,1988-09-01,1988,9,276.32253369667546,97.5131437452577,128.01022838345534,37.43536870942698,68.41279486786547,105.8481584178458,42.15653678839155,127.06208565252291,257.28090420729825,443.99736494983705,870.4968915980496
MY_0p5_4.2500_100.7500,100.75,4.25,1988-09-01,1988,9,292.7509031295776,94.2452995420441,127.52569667271206,51.152738719083835,111.56697032694915,162.71971310985333,42.833399667545244,129.51377874880424,264.56612636021214,467.13667129205203,904.0499643753985
MY_0p5_4.2500_101.2500,101.25,4.25,1988-09-01,1988,9,315.6578591516776,88.0620498900201,124.39033668663853,85.8326282622708,164.44265936590307,250.27528259860486,42.97479715772496,129.71699169183236,263.82157499471293,461.18208050575987,897.6954402073175
MY_0p5_4.2500_101.7500,101.75,4.25,1988-09-01,1988,9,325.7259549799654,88.44640793967933,131.53153433510292,62.382202843126784,122.39205766866765,184.7742632296139,42.92534433919402,129.64359159134452,264.1671509179064,464.24324830271576,900.9793133720425
MY_0p5_4.2500_102.2500,102.25,4.25,1988-09-01,1988,9,314.4570671300919,91.95745054982342,130.82545783192208,41.89142921862131,101.92126401468589,143.81269300174412,42.837511178403616,129.41270549152608,263.87917418068594,464.365540233283,900.4949489020693
MY_0p5_4.2500_102.7500,102.75,4.25,1988-09-01,1988,9,286.94809640289117,93.41256643404627,121.51316289233556,45.70305955485934,99.29863855641361,145.00169586376023,42.67444076052138,128.82499908641645,262.1097189544872,458.43507472724684,892.0442613735323
MY_0p5_4.2500_103.2500,103.25,4.25,1988-09-01,1988,9,243.35140303660762,96.84072937118053,113.68976941258235,53.08705028839643,85.13900899056361,138.22606034229025,42.58537143614234,128.61934212608205,262.12228521154316,460.0638428797705,893.3908442586974
MY_0p5_4.2500_113.7500,113.75,4.25,1988-09-01,1988,9,346.2647501627605,106.7267619046298,126.156919371407,62.38291427324403,109.96411010454287,172.34701926753206,42.77441435040168,129.32974833362508,264.0901906715249,465.6164510475015,901.8107921672317
MY_0p5_4.2500_114.2500,114.25,4.25,1988-09-01,1988,9,340.1196132005508,108.65349378548996,127.18018977338285,53.920059601772714,109.58098581674936,163.50104337125214,42.7907632069238,129.38211077244586,264.2290511554733,466.06209349172,902.463986901243
MY_0p5_4.2500_114.7500,114.75,4.25,1988-09-01,1988,9,322.83876322428387,109.60054285685221,132.36195078531904,54.23910881042481,125.58659230550133,179.82569559733076,42.85410194396974,129.49819641113282,264.11918863932294,464.7374027506511,901.2088985188803
MY_0p5_4.2500_115.2500,115.25,4.25,1988-09-01,1988,9,296.2757280137804,105.56889751222397,126.78594803810121,30.486557291613682,70.50976357195113,100.99631635348003,42.11829658349355,127.03137175242108,257.55306869082983,445.23545191023084,871.9381817711725
MY_0p5_4.2500_115.7500,115.75,4.25,1988-09-01,1988,9,275.2628967285156,99.79893423823988,124.83768362271586,28.660186133950443,72.88427602476995,101.54446121474446,42.17846565893142,127.21034757969745,257.9748311705509,446.4288573184257,873.7924999172405
MY_0p5_4.2500_116.2500,116.25,4.25,1988-09-01,1988,9,257.22462174950584,107.91252075753565,131.67022118917328,33.26618813305367,81.11612431595967,114.38231249553402,42.352042616867436,127.74915076465142,259.24953386260245,449.8677366303235,879.2184578500144
MY_0p5_4.2500_116.7500,116.75,4.25,1988-09-01,1988,9,248.59582572451907,112.27220890287721,132.20942679168175,34.12794093313934,76.38902366505883,110.51696283417631,42.418982577461726,128.02017039921932,260.2180872569884,453.51800149024564,884.1752301695718
MY_0p5_4.2500_117.2500,117.25,4.25,1988-09-01,1988,9,244.73758042597137,116.0611345746876,130.0807927899656,25.70283429812541,42.97983735008578,68.68267050886577,42.23196173136214,127.62596802162915,260.2123394181243,456.14758759895255,886.2178358229916
MY_0p5_4.2500_117.7500,117.75,4.25,1988-09-01,1988,9,221.9921267908863,116.53548907418536,121.46794121897119,16.234568257617138,20.146052865900543,36.38062032063802,40.49294903747037,121.54135461138864,247.94700094369745,434.34065663916437,844.3219468858508
MY_0p5_4.2500_118.2500,118.25,4.25,1988-09-01,1988,9,175.6924747221651,116.14277880930763,110.48509342655257,11.035027789462145,13.090012775105277,24.125040552418703,37.722069126785186,111.47513458835094,227.31606210113335,397.4557102470642,773.9689669274981
MY_0p5_4.2500_118.7500,118.75,4.25,1988-09-01,1988,9,148.69574765805845,116.51240539550781,105.22248840332031,9.867005348205566,10.361821174621582,20.22882652282715,36.21438217163086,105.93011474609375,216.0530242919922,377.954345703125,736.15185546875
MY_0p5_4.7500_100.2500,100.25,4.75,1988-09-01,1988,9,313.8175014919705,98.32947031656902,,,,,,,,,
MY_0p5_4.7500_100.7500,100.75,4.75,1988-09-01,1988,9,310.5031495812821,93.78422593722378,120.89220282701942,34.624226794979435,94.87921434107834,129.50344203545797,42.62185699959112,128.82410009120537,262.83778083615186,462.1188174612154,896.4025459599688
MY_0p5_4.7500_101.2500,101.25,4.75,1988-09-01,1988,9,313.9045549812963,86.8379889351981,113.54415067642454,62.14326906961107,163.5609525650267,225.7042221311539,42.926911647736084,129.56798957945807,263.43865928044397,459.90322662837923,895.8368016803075
MY_0p5_4.7500_101.7500,101.75,4.75,1988-09-01,1988,9,316.50175330289613,89.93735242571151,125.4185800945948,70.07471972268726,136.44985840812564,206.52457919650612,42.980956183539504,129.77129531133744,264.22412642221605,463.616462828621,900.5928625682045
MY_0p5_4.7500_102.2500,102.25,4.75,1988-09-01,1988,9,314.2523829868862,94.41771523611887,119.95330207461403,65.85053064255487,136.00660080682664,201.85713806152344,42.90621755690802,129.5091551281157,263.46298479352674,461.0445675804501,896.9228759765625
MY_0p5_4.7500_102.7500,102.75,4.75,1988-09-01,1988,9,288.967102147971,96.18278605467192,112.36394848185739,57.68664610309964,112.20411150015082,169.8907564005274,42.72524804522276,128.93482373474507,262.15008136724964,458.003181992063,891.8133130893584
MY_0p5_4.7500_103.2500,103.25,4.75,1988-09-01,1988,9,241.96594216586286,99.78258824704301,102.46573850061621,47.495261794086765,76.60825560453635,124.10351486487583,40.95926422738501,122.6442507078727,249.10576823892634,433.787099803066,846.4963847367968
MY_0p5_4.7500_103.7500,103.75,4.75,1988-09-01,1988,9,209.79746768349096,101.24475860595703,89.66925712684532,25.02849113167106,31.74558372002143,56.774076684728854,37.036007868779166,108.58526363620511,220.96398985231076,385.92672531326093,752.5119985605214
MY_0p5_4.7500_113.7500,113.75,4.75,1988-09-01,1988,9,366.02001953125,108.650634765625,,,,,,,,,
MY_0p5_4.7500_114.2500,114.25,4.75,1988-09-01,1988,9,366.02001953125,109.87175096784318,127.61299133300781,76.97875213623047,135.83633422851562,212.81507873535156,42.93513488769531,129.79335021972656,264.9336853027344,467.0887451171875,904.7509155273438
MY_0p5_4.7500_114.7500,114.75,4.75,1988-09-01,1988,9,349.304926718435,113.00430962347217,131.47503268334174,65.97264944097047,132.25972181750882,198.23237642677884,42.91664558328608,129.69873801610805,264.5833999469716,465.90388537991436,903.1026414440523
MY_0p5_4.7500_115.2500,115.25,4.75,1988-09-01,1988,9,318.7064762115478,113.07637671629584,131.77317162354785,53.75801224509874,114.14557574192682,167.903591632843,42.54355529944102,128.36624137560523,260.6724458535512,453.30658245086664,884.888814608256
MY_0p5_4.7500_115.7500,115.75,4.75,1988-09-01,1988,9,289.6369071839348,107.89251992361888,124.90791470966641,25.037180510021393,68.04556664360892,93.08274884905133,42.08185620989118,126.90645398336743,257.31750294518844,445.2949618869357,871.6007700117807
MY_0p5_4.7500_116.2500,116.25,4.75,1988-09-01,1988,9,259.989369516524,108.8708506992885,131.4476902553013,26.826714639815066,70.57246721055772,97.39918522910463,42.29797082325768,127.61783447265623,259.1468211340526,450.2833061097159,879.3459143260164
MY_0p5_4.7500_116.7500,116.75,4.75,1988-09-01,1988,9,246.84558863579474,110.84937605073179,130.16629347016539,26.98622331739981,68.6143794723704,95.60060346579249,42.27821317503724,127.53915668439262,258.9168480016008,449.70916815649105,878.4433821666089
MY_0p5_4.7500_117.2500,117.25,4.75,1988-09-01,1988,9,253.61963355654763,112.38890681191099,128.0666495671348,22.79162328810919,57.45641053214905,80.24803408668154,42.13808909824916,127.14902430943081,258.24894806392604,448.70319601391986,876.2392566499254
MY_0p5_4.7500_117.7500,117.75,4.75,1988-09-01,1988,9,227.10584220403354,114.10572899444195,128.82791635054576,13.086881332759615,34.271366608293754,47.35824983331221,41.76962002621421,126.06102021132843,256.0932382028314,444.52010442033594,868.4439695334133
MY_0p5_4.7500_118.2500,118.25,4.75,1988-09-01,1988,9,181.01967785705875,115.82406474357875,130.65630076039378,9.188975583368812,19.659929965608686,28.848905534600497,41.457651358753,125.1293792341223,254.17466459801454,440.5592008811146,861.3208995416538
MY_0p5_4.7500_118.7500,118.75,4.75,1988-09-01,1988,9,154.1448314039013,116.15387745145,132.32142639160156,6.908332365977613,9.403118648106538,16.31145054177393,40.66974596434002,122.5549465131156,247.7988677205919,425.09449130673954,836.1180613071102
MY_0p5_5.2500_100.2500,100.25,5.25,1988-09-01,1988,9,323.581700672304,98.71641813950731,64.78580474853516,34.96720504760742,60.50766372680664,95.47486877441406,28.354909896850586,76.86951446533203,156.4871063232422,273.92559814453125,535.6371459960938
MY_0p5_5.2500_100.7500,100.75,5.25,1988-09-01,1988,9,320.650044659384,95.03372527979597,118.52875378488125,36.208411074232785,109.23631115617424,145.4447286320829,41.860018127266024,125.89591059191474,256.2900634414848,448.5091454516883,872.555121761629
MY_0p5_5.2500_101.2500,101.25,5.25,1988-09-01,1988,9,316.6910350981213,90.70505121624657,114.90528581407334,54.49277042207264,152.908845883324,207.4016182551308,42.90110082474967,129.47746146065847,263.2528015136719,459.6866002642918,895.317963518415
MY_0p5_5.2500_101.7500,101.75,5.25,1988-09-01,1988,9,311.03740522056626,92.96604610856173,121.7371914857512,54.63548492626021,133.53029865823734,188.16578703473328,42.964853517568805,129.7430413604542,264.2754593381457,464.0908155502029,901.0741843448324
MY_0p5_5.2500_102.2500,102.25,5.25,1988-09-01,1988,9,302.3000240447415,102.00026129461396,115.02473887060856,58.67980076249237,111.9463419094207,170.62615014337428,42.58562903191633,128.45796271646097,261.6890336540854,459.47860163791916,892.2112119638238
MY_0p5_5.2500_102.7500,102.75,5.25,1988-09-01,1988,9,274.52719792170325,102.15121474539399,105.00965925313658,67.28085245682021,113.45861754336599,180.73946882344907,41.71699130817994,125.2754080562268,254.83433786165912,445.8754110045352,867.7021447133208
MY_0p5_5.2500_103.2500,103.25,5.25,1988-09-01,1988,9,240.37512003580733,104.41156005859375,107.14627085103618,76.55134973897563,111.61002483615628,188.16136709436194,42.64816935650715,128.69309715171914,261.88793994854024,458.46966869800116,891.6988568987166
MY_0p5_5.2500_115.2500,115.25,5.25,1988-09-01,1988,9,335.70677086614796,116.89094777261059,129.0299487504803,42.438807503121794,91.87913988457352,134.3179478879835,42.10902154641073,126.99475022613026,257.6129720719134,447.25121469966706,873.967963547003
MY_0p5_5.2500_115.7500,115.75,5.25,1988-09-01,1988,9,315.4878294061259,116.07390046421484,124.21791586148537,25.068057574255988,60.78055211729922,85.84860697600801,41.75180657596911,125.87204920881885,255.02485139491196,440.985352803893,863.6340611344676
MY_0p5_5.2500_116.2500,116.25,5.25,1988-09-01,1988,9,268.61344875866854,112.61468988732446,126.0227047642575,26.380983370768874,67.68814649461191,94.06913001627862,42.283362955986696,127.6406624468067,259.5272311439997,452.3557826174965,881.8070340699788
MY_0p5_5.2500_116.7500,116.75,5.25,1988-09-01,1988,9,249.3754717187036,113.31206126152713,129.33880294123782,32.30378407466261,80.22412918187395,112.52791506127467,42.415272121187996,127.99120294595066,260.03499149370793,452.6015590233138,883.0430284331114
MY_0p5_5.2500_117.2500,117.25,5.25,1988-09-01,1988,9,264.17081541031126,115.81551399836464,132.73838704427084,39.34442343333411,80.01257728697762,119.35700155591208,42.46213633219401,128.1455545576792,260.44156746031746,453.85165124317956,884.9008940197173
MY_0p5_5.2500_117.7500,117.75,5.25,1988-09-01,1988,9,242.52564377557667,116.21543675982763,133.58966887943328,33.52419140528119,57.56823018391927,91.09242284865606,42.23830901857406,127.44259435260106,258.9117749410962,450.6891403924851,879.2818107483878
MY_0p5_5.2500_118.2500,118.25,5.25,1988-09-01,1988,9,191.43662974598644,116.1630710674699,135.56766544026175,22.601064833865802,29.154924344105325,51.75599018024032,41.88038270792384,126.35912305989844,256.6534023406399,446.1267255066306,871.0196332992263
MY_0p5_5.2500_118.7500,118.75,5.25,1988-09-01,1988,9,156.05518997192385,115.70278702993242,134.79806349012586,10.596261925167507,8.42550031344096,19.021762582990856,40.37311130099827,121.46889400482178,244.6532571580675,416.8037329779731,823.2989985148112
MY_0p5_5.2500_119.2500,119.25,5.25,1988-09-01,1988,9,135.34673800533764,116.36578768775577,133.98448181152344,5.848785400390625,1.1952461004257202,7.044031620025635,39.66115951538086,119.14852905273438,238.90850830078125,402.64166259765625,800.35986328125
MY_0p5_5.7500_100.2500,100.25,5.75,1988-09-01,1988,9,332.8935336551151,100.04753679842563,100.58844456103964,54.711795036945865,85.37665767844663,140.0884508605397,35.89605765386459,104.3421358580983,212.97414853157252,375.21845658328556,728.4307984518349
MY_0p5_5.7500_100.7500,100.75,5.75,1988-09-01,1988,9,321.1307317824591,98.66490480937655,114.35750254313152,39.71451402028402,108.53420094807943,148.24871882120766,40.90668385823568,122.4524398803711,249.53360860188798,437.83540028889973,850.7281361897786
MY_0p5_5.7500_101.2500,101.25,5.75,1988-09-01,1988,9,311.03610097329454,97.04735640278012,118.63697235227572,50.35751973550151,129.70432611900992,180.0618409284457,42.80597456984633,129.23811514546554,262.9862854724794,459.9792754406066,895.0096327413725
MY_0p5_5.7500_101.7500,101.75,5.75,1988-09-01,1988,9,298.1008771260579,99.2904343922933,122.42537498474123,46.37660543123881,108.45816567738852,154.83477071126308,42.64946958223978,128.76268698374432,262.0116893132528,458.4405676523845,891.86443456014
MY_0p5_5.7500_102.2500,102.25,5.75,1988-09-01,1988,9,276.9080661871494,107.9464963277181,113.23201833911216,39.75305402800691,67.21780270598954,106.97085723491631,41.173028078946196,123.54807918561426,250.03750764480742,432.2500036991004,847.0086110946705
MY_0p5_5.7500_102.7500,102.75,5.75,1988-09-01,1988,9,262.26265084402905,106.45945302722522,88.2637710571289,47.78622817993164,73.22572326660156,121.01195526123047,36.16979217529297,105.23689270019531,213.82681274414062,373.2864074707031,728.5198974609375
MY_0p5_5.7500_103.2500,103.25,5.75,1988-09-01,1988,9,233.93011474609375,107.54740905761719,,,,,,,,,
MY_0p5_5.7500_115.2500,115.25,5.75,1988-09-01,1988,9,344.39947306315105,118.82501678466797,131.76864624023438,62.83894348144531,139.77401733398438,202.6129608154297,42.99945068359375,129.87159729003906,264.66717529296875,465.548583984375,903.0867919921875
MY_0p5_5.7500_115.7500,115.75,5.75,1988-09-01,1988,9,318.0586854899588,116.66663823976108,119.67416469029018,40.17981596447173,101.22035486130487,141.4001708984375,42.4226310366676,128.04290902273993,260.3145940871466,454.15141717819944,884.9315266927084
MY_0p5_5.7500_116.2500,116.25,5.75,1988-09-01,1988,9,270.82047467912946,111.30787176707433,112.46740262470547,27.317689332507907,79.08481074741908,106.40249948652963,42.107767958868116,127.02403361002602,257.7878953721788,447.1837212456597,874.1034020802332
MY_0p5_5.7500_116.7500,116.75,5.75,1988-09-01,1988,9,244.7937298971509,109.52404535687158,114.0539050147647,28.081450065733893,73.52405991327196,101.60551057845827,42.13045700315445,127.08447892930774,257.83123062375995,446.7205347454737,873.7667187887524
MY_0p5_5.7500_117.2500,117.25,5.75,1988-09-01,1988,9,259.12465357253984,116.44886765344661,124.59114604191824,40.80538657636672,76.3169919323846,117.12238099973659,42.40793899632403,128.05454420216074,260.61028821686466,455.43387986432873,886.5066576455295
MY_0p5_5.7500_117.7500,117.75,5.75,1988-09-01,1988,9,244.87706085689487,118.57746785481771,128.86206807386156,45.837671177499246,71.4140412503441,117.25171233823636,42.523178919849784,128.4927994900902,262.0993419877635,460.9353751368171,894.0507079258864
MY_0p5_5.7500_118.2500,118.25,5.75,1988-09-01,1988,9,204.05905029583425,118.03388160069785,132.00568637424044,36.83813039143881,51.570820855034725,88.4089532470703,42.40795113457574,128.14514539930556,261.387767062717,459.501129421658,891.4420068359374
MY_0p5_5.7500_118.7500,118.75,5.75,1988-09-01,1988,9,164.77363747816818,117.1663367198064,133.5913848876953,31.423728942871094,41.69643020629883,73.12016296386719,42.339691162109375,127.92858123779297,260.8834533691406,458.25,889.4017333984375
MY_0p5_6.2500_99.7500,99.75,6.25,1988-09-01,1988,9,386.08699424594056,102.98294246897977,136.44602504996368,104.59090299384539,152.65697000193043,257.24787441519805,42.970600483029386,129.87982710017715,264.96906440202577,466.4758116256359,904.2952809888263
MY_0p5_6.2500_100.2500,100.25,6.25,1988-09-01,1988,9,338.5020226240158,101.76950171589854,123.03234526965082,66.27752940898039,103.74005606515067,170.01758397939253,40.86507208687918,122.39058221310987,249.88777341258768,440.60886554328755,853.7522777323819
MY_0p5_6.2500_100.7500,100.75,6.25,1988-09-01,1988,9,311.4026352576768,102.55041256466428,116.8186054008808,42.27625000706971,93.74446936647865,136.0207233208027,41.6206895246469,125.19499147628726,253.84812450040724,448.40751217875237,869.0713161630521
MY_0p5_6.2500_101.2500,101.25,6.25,1988-09-01,1988,9,295.7948721078726,102.98133791410007,115.97391815185549,41.47996286245493,94.6202380840595,136.10020399827224,42.13667895977314,127.03836904672477,256.9011394794171,453.6436856783354,879.7198570838341
MY_0p5_6.2500_101.7500,101.75,6.25,1988-09-01,1988,9,263.36646815708707,108.93986576625278,118.00166625976561,26.71033213479178,40.236662265232624,66.94699254717145,41.22780162266322,123.90756944928849,248.94111633300778,422.70441109793524,836.7808942522321
MY_0p5_6.2500_102.2500,102.25,6.25,1988-09-01,1988,9,251.01443163553876,111.28406119928127,113.76461029052734,12.677533149719238,5.678093910217285,18.355627059936523,40.19751739501953,120.3431167602539,239.13421630859375,395.4021301269531,795.0769653320312
MY_0p5_6.2500_115.7500,115.75,6.25,1988-09-01,1988,9,285.78699285333806,117.5062274932861,123.71440124511719,38.85947799682617,94.81444549560547,133.67391967773438,42.60173034667969,128.65940856933594,261.9753723144531,458.81866455078125,892.05517578125
MY_0p5_6.2500_116.2500,116.25,6.25,1988-09-01,1988,9,259.0310446755928,114.35700891728986,115.30073026413433,27.35016822814941,64.61414740894334,91.96431328021481,41.732138327039806,125.78213655581033,254.72722649259185,440.2789481410896,862.52043602225
MY_0p5_6.2500_116.7500,116.75,6.25,1988-09-01,1988,9,231.1413588266524,112.4674795968192,109.30606122698103,18.40521930512928,38.26483269040547,56.67005257379441,40.98625002664233,123.34742598760695,248.72494138687375,425.18246585906496,838.2410667782738
MY_0p5_6.2500_117.2500,117.25,6.25,1988-09-01,1988,9,234.62807559058777,116.6723123943995,115.03426114036924,29.021122227017838,43.46134053184872,72.48246258932447,40.91222015865266,122.97407737610831,249.00164848206535,429.94233921595975,842.8302949451265
MY_0p5_6.2500_117.7500,117.75,6.25,1988-09-01,1988,9,232.96595342954004,118.90518677234651,118.62296321935821,35.66187940006368,41.852854723121695,77.51473160236202,41.104208293714024,123.59347047861557,250.9453025059393,436.1840993423909,851.8270891869975
MY_0p5_6.2500_118.2500,118.25,6.25,1988-09-01,1988,9,228.0888388497489,119.53711128234865,123.81149128505162,39.80065441131591,47.08616174970355,86.88681302751813,42.126382963997976,127.23086929321288,259.10178211757113,453.3010362897601,881.7600599016463
MY_0p5_6.7500_100.2500,100.25,6.75,1988-09-01,1988,9,342.57645281623394,102.61737924463607,130.99281726163977,70.8715166204116,113.63327060026282,184.50478722067442,42.78184918796315,129.31166054220762,263.90002239451684,464.8469476138844,900.8404549991383
MY_0p5_6.7500_100.7500,100.75,6.75,1988-09-01,1988,9,307.86384412977435,104.37582680031106,117.35265830711083,42.076652244285306,68.1741592972367,110.25081267180266,41.390456729465065,124.45184382685909,249.0663836443866,445.50939941406256,860.4180659541378
MY_0p5_6.7500_116.2500,116.25,6.75,1988-09-01,1988,9,217.40768362461833,117.18804869540901,104.45922516613471,10.182602673042114,6.294561447893701,16.477164803481685,38.872390467946126,116.23991859249954,230.33860816025154,379.1146791039444,764.5655904630337
MY_0p5_6.7500_116.7500,116.75,6.75,1988-09-01,1988,9,215.7247594692364,116.58752319216728,99.34141079144987,8.963940141700474,5.97850749665216,14.942447978988467,37.42639304903656,111.28453555502911,221.21897381567672,366.7443394114378,736.6742254566299
MY_0p5_6.7500_117.2500,117.25,6.75,1988-09-01,1988,9,215.3317784366445,117.00264968219984,98.79514738099766,12.318620496091588,6.652379535781467,18.971000021537847,36.82524000859894,109.03622814617326,217.9087782328108,365.59719484042273,729.3674365018322
MY_0p5_6.7500_117.7500,117.75,6.75,1988-09-01,1988,9,218.77838389078775,118.13488048977324,109.17637562751771,21.199795961380005,8.925664365291597,30.125460326671604,38.769455432891846,115.42499208450319,232.7130880355835,397.9242963790893,784.8318500518799
MY_0p5_7.2500_116.7500,116.75,7.25,1988-09-01,1988,9,198.39691474494035,116.9658048720587,91.29857874331267,6.7177803744440485,0.008715822993089324,6.726496431101924,35.00109495080035,102.89219937531846,200.14359489109205,316.8636379076087,654.9005328634512
MY_0p5_7.2500_117.2500,117.25,7.25,1988-09-01,1988,9,195.3461991043778,116.37308110417545,89.30484426398026,6.713975976642809,0.004952108163974787,6.7189282467490745,34.253808674059414,100.3090097527755,194.74894634046052,307.5241760253906,636.8359400699013
MY_0p5_0.7500_110.2500,110.25,0.75,1988-10-01,1988,10,344.85758197490986,113.63107088529149,131.91795771672176,69.57824830275317,167.4027806208684,236.9810283954327,42.86426661564754,129.43025723970854,263.4410785381611,460.9264418381911,896.6620567908654
MY_0p5_0.7500_110.7500,110.75,0.75,1988-10-01,1988,10,343.2102111816406,116.02374398367745,137.74538051060267,71.6624548775809,166.17991507393972,237.84237518310547,42.970913151332304,129.8161108834403,264.61085728236606,464.9410003662109,902.3388907296318
MY_0p5_0.7500_111.7500,111.75,0.75,1988-10-01,1988,10,326.2383059547061,116.079344249907,135.82733444940476,47.97681021311926,125.41747719900948,173.394290015811,42.79795165289016,129.34649876185824,263.85246979244175,464.0934540279328,900.0903504386781
MY_0p5_1.2500_103.2500,103.25,1.25,1988-10-01,1988,10,167.23703551060947,107.90206398084327,106.40928355130282,10.58345768668435,14.795000249689277,25.37845793637363,38.704988566311926,114.9841587760232,235.07908526333895,414.1378860473633,802.9061015735974
MY_0p5_1.2500_103.7500,103.75,1.25,1988-10-01,1988,10,167.84026818136567,106.62719733969679,96.72944063353307,9.563787617729705,29.94035920819033,39.504146390748254,40.003728181413074,119.83499293651397,245.0719982258325,432.3606893298695,837.2713978591474
MY_0p5_1.2500_104.2500,104.25,1.25,1988-10-01,1988,10,164.2899616786412,107.03727482386996,85.8075180053711,8.421700477600098,48.197628021240234,56.619327545166016,41.71621322631836,126.21695709228516,258.2136535644531,456.2676696777344,882.4144897460938
MY_0p5_1.2500_109.7500,109.75,1.25,1988-10-01,1988,10,326.869333290192,114.58105477942043,130.20172799351704,74.68584782244211,141.9267554225692,216.61258890542638,42.869883066200345,129.58057247299746,264.46590708537275,465.78398959607966,902.7003813594222
MY_0p5_1.2500_110.2500,110.25,1.25,1988-10-01,1988,10,346.6153044829498,114.50434206811619,133.0361503100303,78.13599454666198,168.7409880649169,246.8769847619488,42.89377317097197,129.53667282045578,263.76868748020485,462.04829766115176,898.2474567899375
MY_0p5_1.2500_110.7500,110.75,1.25,1988-10-01,1988,10,346.4072962200831,116.25126061817956,139.76942623077875,76.7471184866769,168.39914419991626,245.14626765175467,43.009964388892755,129.93465333968874,264.879399859716,465.6672887408544,903.4913149879092
MY_0p5_1.2500_111.2500,111.25,1.25,1988-10-01,1988,10,331.1968850815258,116.166000780587,138.67033239980094,62.43265713822729,145.2067471830228,207.63940673438125,42.91242244830147,129.6620684248952,264.4092475476737,465.02537375745686,902.0090989182935
MY_0p5_1.2500_111.7500,111.75,1.25,1988-10-01,1988,10,325.43285599965895,115.46128675672742,134.99913509308345,53.35082656618148,128.98449198404947,182.3353196401445,42.78818469577366,129.30982389904204,263.73321920727926,463.62602597191216,899.4572327628968
MY_0p5_1.2500_112.2500,112.25,1.25,1988-10-01,1988,10,326.7651901632396,114.7356328431725,134.6633028911455,63.70965204384121,139.8885656831228,203.5982171073178,42.81724695505829,129.36965144588257,263.70786049160256,463.01308429543735,898.9078589115046
MY_0p5_1.2500_112.7500,112.75,1.25,1988-10-01,1988,10,317.5198516845703,115.13680028915405,132.77978865305582,74.26734415690105,154.13474082946777,228.40208466847739,42.74807667732239,129.07559299468994,262.64878273010254,459.05294036865234,893.5253779093424
MY_0p5_1.2500_113.2500,113.25,1.25,1988-10-01,1988,10,315.9319951596467,116.44566239066745,132.73302121369733,70.22334385747494,145.31207427978515,215.53541511867357,42.671064426587975,128.79907332710596,261.8845103388247,456.8619204313858,890.21654742697
MY_0p5_1.2500_113.7500,113.75,1.25,1988-10-01,1988,10,329.38960451068294,117.0934921611439,131.35367133400655,62.81464978420374,123.99733167706114,186.8119799296061,42.62428907914595,128.63451651370886,261.45548733797943,455.7838782108191,888.4981795802261
MY_0p5_1.2500_114.2500,114.25,1.25,1988-10-01,1988,10,352.4104992351701,116.16186395155647,130.98953895231264,79.96062597764276,130.45866454808058,210.4192839765971,42.78444718892595,129.07877923746025,262.24919033894497,457.3466543011961,891.4590605339118
MY_0p5_1.2500_114.7500,114.75,1.25,1988-10-01,1988,10,357.58304128339216,114.13559722900392,126.21319186302924,104.03306604200793,157.17276000976565,261.2058322045111,42.93745766916583,129.53602403210056,263.14254268523183,458.9608429939516,894.5768590127268
MY_0p5_1.7500_102.7500,102.75,1.75,1988-10-01,1988,10,164.55470756404307,109.09097816930952,114.4797019958496,6.611800238490105,21.71372026205063,28.325521528720856,40.67019021511078,122.21849250793457,249.88626527786255,439.97452354431147,852.749475479126
MY_0p5_1.7500_103.2500,103.25,1.75,1988-10-01,1988,10,172.23089852940623,106.8555303742987,114.63108665466308,9.516380896568299,29.553768672943118,39.07014886856079,40.71443183898926,122.2800470352173,250.03131088256833,440.7389851379395,853.7647689819336
MY_0p5_1.7500_103.7500,103.75,1.75,1988-10-01,1988,10,174.14170649081845,106.31301138672647,106.04646330241914,11.005406992344916,42.129398937466775,53.13480582418321,40.91565686237963,123.02531664884545,251.60254398780535,444.17002385779267,859.7135365160207
MY_0p5_1.7500_104.2500,104.25,1.75,1988-10-01,1988,10,170.8122925758362,106.95232658386232,100.7441344150277,10.592427845149079,54.16151709149974,64.7539459051088,42.049652779749195,127.2246875023657,260.26223660254664,460.01701863606775,889.5535855552023
MY_0p5_1.7500_109.7500,109.75,1.75,1988-10-01,1988,10,323.457314069881,114.5826561949974,130.24008178710938,74.8201904296875,141.7244110107422,216.54458618164062,42.874969482421875,129.60018920898438,264.5321044921875,466.0271301269531,903.034423828125
MY_0p5_1.7500_110.2500,110.25,1.75,1988-10-01,1988,10,345.29783064595773,115.86484427403923,134.20921048251068,91.98169708251955,165.07239308076748,257.0540957527365,42.92628731957094,129.67996338217017,264.32523643779246,464.2381018980302,901.1696330187793
MY_0p5_1.7500_110.7500,110.75,1.75,1988-10-01,1988,10,348.40463395552194,116.51834765347566,142.39290771484374,85.15772895812988,164.76926193237304,249.9269920349121,43.05851879119873,130.09492111206055,265.3183120727539,467.1426132202148,905.6143646240234
MY_0p5_1.7500_111.2500,111.25,1.75,1988-10-01,1988,10,328.33816731770827,115.22753586542038,140.0239298975745,70.55628388870595,154.79455956747367,225.3508496661519,42.98615564745526,129.88641371616097,264.8919203647348,466.1680475279343,903.9325271961302
MY_0p5_1.7500_111.7500,111.75,1.75,1988-10-01,1988,10,319.7426075029976,113.68998049482514,131.96279385723642,60.75396869755997,136.3363417130482,197.09030957765214,42.83551567415647,129.46143978456905,264.10162450090235,464.59523319292657,900.9938022275513
MY_0p5_1.7500_112.2500,112.25,1.75,1988-10-01,1988,10,320.68035811166914,113.76805470784505,132.18240961952813,69.52531045580666,143.16488889663938,212.6901972695002,42.81357085212829,129.35402260432167,263.653415062314,462.7643513028584,898.5853709387401
MY_0p5_1.7500_112.7500,112.75,1.75,1988-10-01,1988,10,317.81403866722474,115.23502039833673,133.9339640299479,74.70333387586807,152.34020124162947,227.0435363769531,42.80395919557601,129.2877870105562,263.3259123302641,461.38455190507193,896.8022019159228
MY_0p5_1.7500_113.2500,113.25,1.75,1988-10-01,1988,10,310.9006319560702,117.03966967870318,134.54989338223893,72.01304684593563,141.07790522499687,213.0909484378875,42.69428789653475,128.9396204388331,262.52009761749747,459.37380603608625,893.5278019980778
MY_0p5_1.7500_113.7500,113.75,1.75,1988-10-01,1988,10,321.4490680028522,118.04545988052611,133.4065895686074,62.850727117629276,130.27189268081906,193.12261895073783,42.597649952721966,128.61246303982207,261.64393969339034,456.7854553222656,889.6395228794643
MY_0p5_1.7500_114.2500,114.25,1.75,1988-10-01,1988,10,345.82349485367064,117.45890645829456,134.80214562794518,80.2953140743195,141.5304671030196,221.82577485584076,42.776360260494165,129.10411556183345,262.51127406529014,458.43712816995287,892.8288781544519
MY_0p5_1.7500_114.7500,114.75,1.75,1988-10-01,1988,10,347.0400755887205,116.7859662703282,133.99145918930134,89.0196254908112,156.02967613101623,245.04930296586585,42.87900304053114,129.40783762561225,263.1026042088326,459.58542834662404,894.9748614217334
MY_0p5_2.2500_101.7500,101.75,2.25,1988-10-01,1988,10,173.27506186745384,108.61225613680753,120.10390950212575,10.933479126053628,43.55110858185123,54.48458758267489,41.714673398721104,125.91056076203934,257.26711943655306,452.77082038648206,877.6631999930948
MY_0p5_2.2500_102.2500,102.25,2.25,1988-10-01,1988,10,163.21612446616138,107.69826273940969,116.57173269901548,10.298445989070325,38.150898801082626,48.44934425171483,41.34991013376336,124.634674254787,254.32410660885168,445.87594662899033,866.1846424449573
MY_0p5_2.2500_102.7500,102.75,2.25,1988-10-01,1988,10,164.9765941764735,107.71051959750018,117.34671744817419,8.677742790572252,27.82888206650939,36.5066247348544,41.397721109510975,124.8296339542051,255.17691286304324,449.31950542594814,870.7237660854677
MY_0p5_2.2500_103.2500,103.25,2.25,1988-10-01,1988,10,181.17413703070744,105.88204079279824,119.34020269484746,10.734619709802052,47.18429558163597,57.918914153083925,41.911987110925104,126.55333104209294,258.603136625744,455.43602759951636,882.5044848245287
MY_0p5_2.2500_103.7500,103.75,2.25,1988-10-01,1988,10,190.1257955260196,106.7527400905803,121.46137483241193,12.630172558154088,59.78205187522758,72.41222446247683,41.96944137831865,126.65494648561639,258.9289245605469,456.9714193053164,884.5247440661414
MY_0p5_2.2500_104.2500,104.25,2.25,1988-10-01,1988,10,191.47025665035096,107.83868222120331,125.63580271823348,11.741900530728428,57.66576845783833,69.4076705175983,42.520709550085144,128.679206658986,263.34166269854086,466.0232490980921,900.5648400172714
MY_0p5_2.2500_104.7500,104.75,2.25,1988-10-01,1988,10,203.98651123046875,109.5608901977539,,,,,,,,,
MY_0p5_2.2500_109.7500,109.75,2.25,1988-10-01,1988,10,310.1698923418599,113.85506808373236,,,,,,,,,
MY_0p5_2.2500_111.2500,111.25,2.25,1988-10-01,1988,10,313.4444214105606,113.4295492172241,128.00903028600354,52.7746540518368,130.6710823283476,183.44573615579043,42.91972407172707,129.77294203814338,265.044791726505,467.79332508760336,905.5307913387522
MY_0p5_2.2500_111.7500,111.75,2.25,1988-10-01,1988,10,309.3677571614583,112.48507317437067,129.17882758246526,54.372988649398565,132.2338166978624,186.60680411202566,42.926506187802275,129.78636363195992,265.0451006208147,467.7098664783296,905.4678453233507
MY_0p5_2.2500_112.2500,112.25,2.25,1988-10-01,1988,10,319.7438739110553,113.23727966793001,132.7849351186601,63.92730115860227,144.3051962231833,208.2324968126085,42.95946392483181,129.85066993350074,265.0113263811384,467.04273400685145,904.8641884455603
MY_0p5_2.2500_112.7500,112.75,2.25,1988-10-01,1988,10,318.6387205093626,114.7557624937996,134.9491965642051,72.6117901998853,146.71246391175285,219.32425386943513,42.914781576489645,129.70051560174852,264.5983261835008,465.69709046378966,902.9107018849206
MY_0p5_2.2500_113.2500,113.25,2.25,1988-10-01,1988,10,305.3214604453436,117.09928075396826,136.99452020554315,69.63884439619761,127.67173321436324,197.31057138594372,42.74722522553944,129.20391637408545,263.5772390214224,463.3905213371157,898.918912372892
MY_0p5_2.2500_113.7500,113.75,2.25,1988-10-01,1988,10,308.5661597915843,118.21383717693861,137.44253395177142,59.94057841240606,134.17389698270003,194.11447331875186,42.575001414818104,128.60244804092602,261.8650433504129,457.85706590097175,890.8995714791215
MY_0p5_2.2500_114.2500,114.25,2.25,1988-10-01,1988,10,324.99774286179314,118.42202695816282,139.09447341192336,67.25392871432834,146.22955288357204,213.48347686283174,42.66437836904374,128.84139215378534,262.2378628200955,458.39379466223335,892.1374362521701
MY_0p5_2.2500_114.7500,114.75,2.25,1988-10-01,1988,10,332.7512950281943,117.56408632339972,135.98258135395665,70.79847446564706,148.95009657336823,219.74856882402975,42.793414146669456,129.2099561629757,262.93447590489546,459.8988535235005,894.83670398343
MY_0p5_2.2500_115.2500,115.25,2.25,1988-10-01,1988,10,328.65582275390625,116.90532684326172,128.18650817871094,56.60304641723633,137.40623474121094,194.00927734375,42.905181884765625,129.5257568359375,263.5720520019531,461.59368896484375,897.5966796875
MY_0p5_2.7500_101.2500,101.25,2.75,1988-10-01,1988,10,194.6225128173828,107.4259033203125,117.01049041748047,9.117500305175781,49.69263458251953,58.81013488769531,42.253902435302734,127.9316177368164,261.98980712890625,463.71783447265625,895.8931884765625
MY_0p5_2.7500_101.7500,101.75,2.75,1988-10-01,1988,10,174.5957620823637,105.77771204168145,107.5702995439009,14.411049145785242,83.06002813165837,97.47107943448152,42.1439046270197,127.41719970703123,260.09655539772723,457.2900031072443,886.9476722301137
MY_0p5_2.7500_102.2500,102.25,2.75,1988-10-01,1988,10,172.40082180727822,105.16438672497014,121.09589405424275,13.00741363027293,62.866385818287064,75.87379727697676,42.150748234645576,127.40298408459707,259.81690697153664,455.1023825870198,884.4730150745173
MY_0p5_2.7500_102.7500,102.75,2.75,1988-10-01,1988,10,178.89518993715697,106.3912597366526,122.41339755963675,13.873971051807644,46.85022861142701,60.72419927090029,42.31126706811446,128.0027165956135,261.7377963488615,461.8773100647745,893.9290813977204
MY_0p5_2.7500_103.2500,103.25,2.75,1988-10-01,1988,10,195.6431633530149,106.90595755607458,118.2997286122316,16.271409885139224,60.5754908907945,76.84689960358249,41.49929956569793,124.92705273476376,255.25670541168017,449.9449824436455,871.6280395119053
MY_0p5_2.7500_103.7500,103.75,2.75,1988-10-01,1988,10,204.20076837954312,108.55039991295857,117.30883651944352,14.972939249557284,61.19513772709578,76.16807672175393,40.71247135988578,122.0492665514968,249.47035716535856,440.1956715386035,852.4277760026641
MY_0p5_2.7500_104.2500,104.25,2.75,1988-10-01,1988,10,204.57907530840703,108.89292021358715,128.64892578125,9.49902057647705,51.879661560058594,61.37868118286133,42.496063232421875,128.6382598876953,263.3915710449219,466.5167236328125,901.0426635742188
MY_0p5_2.7500_111.2500,111.25,2.75,1988-10-01,1988,10,291.17681968952047,112.45601233120624,126.59261254703299,42.24918354258818,97.23845829683191,139.4876412784352,42.750666225657746,129.3399420345531,264.47369923311123,467.5505918615005,904.1149148380056
MY_0p5_2.7500_111.7500,111.75,2.75,1988-10-01,1988,10,289.87362620869624,111.90092630855372,128.05629519758554,46.059786369060646,108.93292890746017,154.992712941663,42.818570778287686,129.50991959407412,264.6902230361412,467.6442890824943,904.6630130636281
MY_0p5_2.7500_112.2500,112.25,2.75,1988-10-01,1988,10,302.1918437330029,112.74171384980404,130.93876190185546,52.734137789408365,120.70334472656249,173.43748219807944,42.872808380126955,129.6392608642578,264.82491902669267,467.5455475870768,904.8825303141275
MY_0p5_2.7500_112.7500,112.75,2.75,1988-10-01,1988,10,307.32714331904543,114.71657781963107,132.60108126869682,64.28571546530422,134.1532603879518,198.4389743080622,42.90163157257852,129.70540150509606,264.8312424285502,467.00916927675655,904.4474373346642
MY_0p5_2.7500_113.2500,113.25,2.75,1988-10-01,1988,10,298.9274241613963,117.37875729515437,135.1127485971602,66.15570458306206,133.27448759533107,199.43018919929625,42.838495672316775,129.5173121861049,264.40804569304936,465.81122949993795,902.5750804113962
MY_0p5_2.7500_113.7500,113.75,2.75,1988-10-01,1988,10,301.2429889265898,119.20834090603385,136.70779929191445,59.47906613198055,138.99060627153727,198.46967160170243,42.66954500963733,128.9388602189957,262.81863461634157,460.77954461164535,895.2065851490967
MY_0p5_2.7500_114.2500,114.25,2.75,1988-10-01,1988,10,312.004700769352,118.85973628563217,136.0944933830937,68.03032421160349,153.68382702598092,221.7141577322272,42.6720624996137,128.88761418982395,262.4102475130106,458.8373297196401,892.8072532943532
MY_0p5_2.7500_114.7500,114.75,2.75,1988-10-01,1988,10,318.2851382698982,120.38778149550127,134.6728579284279,67.51459041522567,150.06521431503782,217.57980808330947,42.79946424399212,129.26308552930308,263.20941716090886,460.988589147094,896.2605423653962
MY_0p5_2.7500_115.2500,115.25,2.75,1988-10-01,1988,10,318.4868034843926,117.39928834932344,125.87492246885557,49.002001719431824,131.41441242114917,180.41641262844874,42.7378309095228,128.9974581056887,262.24434490032024,457.60263198990003,891.5822401991835
MY_0p5_3.2500_101.2500,101.25,3.25,1988-10-01,1988,10,191.3328280978733,106.57347335518567,123.33309224050797,14.472462309009833,49.51679059039758,63.989255526650275,42.31937070022761,128.1497261848895,262.47618334580955,464.50638565479085,897.4516689434125
MY_0p5_3.2500_101.7500,101.75,3.25,1988-10-01,1988,10,174.18985371139814,101.82923174815573,112.31960396250345,19.139444533427053,98.82061743280691,117.96006058128017,42.18416102221058,127.4725771618497,259.7608310189217,454.42019157652646,883.8377802174563
MY_0p5_3.2500_102.2500,102.25,3.25,1988-10-01,1988,10,189.78438744923423,104.9400158110119,127.63936423649865,13.527087517390177,65.96062568785652,79.48771371992808,42.385096825493704,128.18651563856338,261.8552975609189,460.96804392981153,893.3949691530258
MY_0p5_3.2500_102.7500,102.75,3.25,1988-10-01,1988,10,203.45635319963287,106.23839617379102,127.81247291082067,19.67879219598408,76.60538247265393,96.28417645225042,42.59174404868596,128.81700931017912,263.2901903949206,464.8695847716512,899.5685343682011
MY_0p5_3.2500_103.2500,103.25,3.25,1988-10-01,1988,10,213.73612807084376,107.76140134730636,116.5387556343203,22.453296002813584,87.15290707019719,109.60620492444365,40.880164690048765,122.51232870393935,250.23380967926127,441.25395058498316,854.8802551865966
MY_0p5_3.2500_112.2500,112.25,3.25,1988-10-01,1988,10,291.285585530599,112.93025139702691,129.9102752685547,45.991846550835504,103.96446533203125,149.95630967881945,42.80065163506403,129.45239630805122,264.5912957085504,467.5846069335938,904.4289510091147
MY_0p5_3.2500_112.7500,112.75,3.25,1988-10-01,1988,10,295.4735343686996,115.73159937704763,133.18607467901515,59.22079017514088,126.78874656802319,186.0095347420114,42.86977767944337,129.63274270980085,264.79322289638833,467.30070970879234,904.5964595607071
MY_0p5_3.2500_113.2500,113.25,3.25,1988-10-01,1988,10,293.3121077458661,118.60522042181259,136.93742960149592,58.391057245659105,130.73536919102523,189.12642143711898,42.892333247444846,129.68868498368698,264.8442798961292,467.19920719031126,904.6244927608606
MY_0p5_3.2500_113.7500,113.75,3.25,1988-10-01,1988,10,298.8175296843998,120.63710639590307,137.13932645283046,62.79641859266493,147.2183209131634,210.01474197629898,42.897017972431485,129.65621090843564,264.5241448296441,465.53671690925717,902.6141088092136
MY_0p5_3.2500_114.2500,114.25,3.25,1988-10-01,1988,10,306.13942694208424,121.96090484424761,134.8474895210023,78.24843991030552,172.27739278222344,250.52584629909248,42.84243832727906,129.4146057420475,263.6051010812164,461.7633649498034,897.6255123843054
MY_0p5_3.2500_114.7500,114.75,3.25,1988-10-01,1988,10,306.6996708766671,124.78263364172287,136.62414400137155,72.75455950475803,157.2575709106057,230.01212864772532,42.820791596819646,129.3480339050293,263.50269555741824,461.94783088052355,897.6193484166627
MY_0p5_3.2500_115.2500,115.25,3.25,1988-10-01,1988,10,304.0639164598682,119.4721140318279,122.56307239773905,35.0253576387333,117.80130516728266,152.82666532299186,42.48685726938368,128.24379949931858,260.62718345545517,453.65421140646635,885.0120324243474
MY_0p5_3.2500_115.7500,115.75,3.25,1988-10-01,1988,10,320.30766862162045,115.39011108741332,119.84363641631737,55.83034292499671,150.07234894827513,205.90268424387727,42.88485190573704,129.47232141387596,263.43687456109546,460.9590193502019,896.7530887903793
MY_0p5_3.7500_100.7500,100.75,3.75,1988-10-01,1988,10,241.53587341308594,108.32971954345703,129.50750732421875,18.308332443237305,37.3841438293457,55.69247817993164,42.28990173339844,128.09666442871094,262.529052734375,465.0253601074219,897.9409790039062
MY_0p5_3.7500_101.2500,101.25,3.75,1988-10-01,1988,10,203.63708995596713,104.66369700508983,130.15415524973452,21.418245871090193,66.30460600868399,87.72285410810058,42.35012533440945,128.15551881265486,262.01677538430425,461.6642648641346,894.1866970617793
MY_0p5_3.7500_101.7500,101.75,3.75,1988-10-01,1988,10,196.55774481156294,99.54213396303214,127.39762844401561,17.903917021052855,89.47257352938318,107.37648894680535,42.27779699434901,127.73691065599965,260.1849567389033,454.4800630800284,884.6797409543568
MY_0p5_3.7500_102.2500,102.25,3.75,1988-10-01,1988,10,230.30440402560762,101.54987725151909,130.7139944409567,19.741215236603267,81.88578612312438,101.6270049564422,42.4110725645035,128.18736238025483,261.4371569436694,458.5398571196057,890.5754576667906
MY_0p5_3.7500_102.7500,102.75,3.75,1988-10-01,1988,10,247.93856288364952,105.74733041430275,127.18676452636717,26.622632296123204,97.55933542402963,124.18196682400173,42.686684684147906,129.04791700575086,263.44997006370903,464.03083118257064,899.2154194180927
MY_0p5_3.7500_103.2500,103.25,3.75,1988-10-01,1988,10,245.2413038276581,107.41520614927981,117.63614810120825,31.441578704235603,120.69456060072956,152.13614178825827,42.31230343089384,127.58428374645757,260.3338337019378,458.2834259631587,888.5138444489123
MY_0p5_3.7500_113.2500,113.25,3.75,1988-10-01,1988,10,291.63609409332275,120.12346816062927,138.42855184586324,65.92293573598393,137.51861897452935,203.4415550857294,42.94117636758773,129.82332523533555,265.0652330742508,467.5128974289191,905.3426203493212
MY_0p5_3.7500_113.7500,113.75,3.75,1988-10-01,1988,10,297.8089200928557,122.4114309159536,134.77129149205476,67.15986850578035,144.524071603917,211.68394233185109,42.96811037773454,129.88111428072537,265.101681409916,467.3369417159688,905.287838241429
MY_0p5_3.7500_114.2500,114.25,3.75,1988-10-01,1988,10,302.94727818528935,125.37323615664528,134.02134128146702,77.59259985060918,162.63356676858567,240.22617434547058,42.964311763218475,129.83943902878534,264.8690407404824,466.1533403669085,903.8261379665798
MY_0p5_3.7500_114.7500,114.75,3.75,1988-10-01,1988,10,299.16414262075267,126.80007733541822,136.93871261354474,78.02616689167324,158.2006364852663,236.2268084329272,42.89142848423549,129.62481260753813,264.3809940398685,464.8407745845734,901.7380291651165
MY_0p5_3.7500_115.2500,115.25,3.75,1988-10-01,1988,10,290.82996525840156,118.77601717994324,120.30795556931268,26.75023821270655,111.17339811779203,137.92364061143664,42.39921383327908,128.00921926347038,260.2847390795511,453.19930836511037,883.8924855065724
MY_0p5_3.7500_115.7500,115.75,3.75,1988-10-01,1988,10,305.9670014964591,113.34568374963115,120.25831280166297,44.94333999963115,140.27791765610948,185.22126034523944,42.745935536117,129.03005136174264,262.35573484571717,457.8002020746684,891.9319453616794
MY_0p5_4.2500_100.7500,100.75,4.25,1988-10-01,1988,10,235.14227876663207,109.16137539120172,130.49161781778142,19.175897707257956,45.94537090379365,65.12126710852799,42.29180683992348,128.08268009107942,262.41933456732306,464.52677674585465,897.3206256477201
MY_0p5_4.2500_101.2500,101.25,4.25,1988-10-01,1988,10,220.7531378102857,101.60853372561705,127.1077441075805,27.08586650289548,92.38331313649562,119.46917959079623,42.26749037481418,127.72942551533889,260.2060712097557,454.432204228298,884.6352198898413
MY_0p5_4.2500_101.7500,101.75,4.25,1988-10-01,1988,10,239.90874142990904,101.52799419854016,138.31037739519113,19.782992762117722,60.81239991599378,80.59539063670005,42.31378834392317,127.94122672766542,261.1662197905227,458.81941696020755,890.2406688361123
MY_0p5_4.2500_102.2500,102.25,4.25,1988-10-01,1988,10,289.5923833390014,105.25015804790462,132.54469401691668,21.654568687414596,63.33561994168706,84.99018650237745,42.4024420302516,128.19054858905443,261.62838969367766,459.81175344058886,892.0331689999127
MY_0p5_4.2500_102.7500,102.75,4.25,1988-10-01,1988,10,308.3056777662532,105.71927416856123,118.37965113645906,31.76019855061914,106.2902621858439,138.05045996501948,42.558238059851774,128.5266584165537,261.63246592138984,457.37430995285126,890.0916810248307
MY_0p5_4.2500_103.2500,103.25,4.25,1988-10-01,1988,10,290.3506999260823,108.92840897829277,108.37602935684681,42.4162199439072,135.74572009575076,178.16193445717417,42.80043000543574,129.3011547447497,263.6249831993821,463.2441686969186,898.9707565041784
MY_0p5_4.2500_113.7500,113.75,4.25,1988-10-01,1988,10,299.92018418085,125.03168054060504,132.21203411750076,57.443430702641336,128.50923804517063,185.95266637262313,42.916009651040135,129.75412217626032,264.977196747402,467.5717105505601,905.2190286888266
MY_0p5_4.2500_114.2500,114.25,4.25,1988-10-01,1988,10,301.6462118875033,126.60612063610418,130.5370337880256,58.00102497527959,123.49254584588601,181.49357068860857,42.87651615805608,129.65229885734647,264.8418645085515,467.4928123444664,904.8635129008055
MY_0p5_4.2500_114.7500,114.75,4.25,1988-10-01,1988,10,295.5086877441406,127.13071472167972,132.7942374674479,64.13210723876955,136.3314069620768,200.4635201009115,42.8347383371989,129.525290222168,264.480317179362,466.0640838623047,902.9044425455728
MY_0p5_4.2500_115.2500,115.25,4.25,1988-10-01,1988,10,281.53701093461785,121.39134523603654,122.9363436434004,25.972438209586674,111.81874836815727,137.79118733935886,42.30481636524201,127.77572483486601,259.9478753407796,452.5895676083035,882.6179640028213
MY_0p5_4.2500_115.7500,115.75,4.25,1988-10-01,1988,10,284.1123035495565,113.61610187595178,115.67220802953688,31.770047288021804,118.92539279743781,150.69543607032907,42.46470289068708,128.22629115217825,260.7938135179423,454.32281690694526,885.8075919458423
MY_0p5_4.2500_116.2500,116.25,4.25,1988-10-01,1988,10,305.83987668665446,121.02608024783254,118.09295952029345,62.53561574656789,163.15544779707747,225.6910766043314,42.9110717540834,129.55095039925925,263.556261388267,460.7762119944503,896.7945005835558
MY_0p5_4.2500_116.7500,116.75,4.25,1988-10-01,1988,10,333.1506030132316,124.30315487371016,114.7237984982529,92.99387743293896,196.2476191879008,289.2415072049709,43.14733053218423,130.2577138911782,265.0670875152412,464.44457690288573,902.9167018295026
MY_0p5_4.2500_117.2500,117.25,4.25,1988-10-01,1988,10,371.46094708738076,126.83736132731481,111.57537193635923,98.18538132389035,210.8949803715259,309.0803525131361,43.255259218469135,130.57040675340502,265.73195830488635,466.18603907222246,905.7436534240182
MY_0p5_4.2500_117.7500,117.75,4.25,1988-10-01,1988,10,364.90731915857043,126.09004462478508,104.80623030051208,61.713112888173164,155.32138077825564,217.03448708037027,41.59203356555385,124.64937389406383,253.60481940375433,444.4760096623348,864.3222322382478
MY_0p5_4.2500_118.2500,118.25,4.25,1988-10-01,1988,10,317.8391091865406,124.18906398126258,95.72473212564068,32.39425479378669,90.43812629067975,122.83238307685609,38.5851234873389,113.90066722699788,231.6926409484475,405.4980029452379,789.6764207584844
MY_0p5_4.2500_118.7500,118.75,4.25,1988-10-01,1988,10,290.1527110912182,123.57471409550419,91.25,27.388721466064453,71.38908386230469,98.7778091430664,36.895790100097656,107.82710266113281,219.3697509765625,383.8300476074219,747.9226684570312
MY_0p5_4.7500_100.2500,100.25,4.75,1988-10-01,1988,10,225.8222164577908,113.61594051784941,,,,,,,,,
MY_0p5_4.7500_100.7500,100.75,4.75,1988-10-01,1988,10,227.9715631911744,108.77429157451994,131.57143681223798,27.495976541100475,88.96094633893269,116.45692602018029,42.39468501641498,128.21799379054121,261.8067527708968,460.0964495651121,892.5158726141705
MY_0p5_4.7500_101.2500,101.25,4.75,1988-10-01,1988,10,229.3527533062434,100.85425599113343,124.75514918736052,31.354763575962615,114.42049969869947,145.77526325044178,42.38097307719881,127.99132474869018,260.3313107445127,453.2054771786644,883.909056454613
MY_0p5_4.7500_101.7500,101.75,4.75,1988-10-01,1988,10,257.8011995546378,104.15275801401292,139.78976120721725,36.93232751271082,98.6972648015098,135.6295856778584,42.59751296270462,128.7456746661474,262.56749645414806,461.00808076404394,894.9187560066347
MY_0p5_4.7500_102.2500,102.25,4.75,1988-10-01,1988,10,305.7065383184524,107.91153549920946,128.47738683791388,58.82194631667364,141.27948521205357,200.10143563406808,42.88268040248325,129.51140093122208,263.74422171456473,462.2742376418341,898.4125528971351
MY_0p5_4.7500_102.7500,102.75,4.75,1988-10-01,1988,10,321.9766788361178,107.94246355287588,112.58146086771772,64.05241310216817,159.93978284119038,223.99220232143517,42.996761394913776,129.8475784496137,264.42976282204785,463.8250859740433,901.0991708548963
MY_0p5_4.7500_103.2500,103.25,4.75,1988-10-01,1988,10,302.2080485990262,111.20235394719822,97.7133165197619,65.933026021697,160.61652830342086,226.549555760908,41.50586789120609,124.42615342931995,253.3667381821524,444.28773245160437,863.5864901947361
MY_0p5_4.7500_103.7500,103.75,4.75,1988-10-01,1988,10,290.14239020096625,113.12310028076172,83.18846615878017,45.92156695081042,111.69560271424133,157.61717699719713,37.58350486259956,110.32647843794389,224.93722811612216,395.3678446187601,768.2150736226664
MY_0p5_4.7500_113.7500,113.75,4.75,1988-10-01,1988,10,307.61627197265625,126.48312377929688,,,,,,,,,
MY_0p5_4.7500_114.2500,114.25,4.75,1988-10-01,1988,10,307.61627197265625,127.26295743669782,134.37892150878906,59.7520637512207,119.19088745117188,178.9429473876953,42.84270477294922,129.58401489257812,264.8099365234375,467.65325927734375,904.8899536132812
MY_0p5_4.7500_114.7500,114.75,4.75,1988-10-01,1988,10,302.96515220724126,129.38159704721102,135.28299048639113,60.32578224264166,131.90523734143986,192.23101265199725,42.82989272250924,129.5255382907006,264.53167232390376,466.32859293619794,903.2157428700438
MY_0p5_4.7500_115.2500,115.25,4.75,1988-10-01,1988,10,296.9754954973856,127.6818834543228,133.6711092789968,41.967471390962594,136.53370829423267,178.5011738936106,42.53457872072855,128.47333029905954,261.45952002207434,456.2321645418802,888.6995935440062
MY_0p5_4.7500_115.7500,115.75,4.75,1988-10-01,1988,10,287.5829379611545,120.41099754212395,122.5195051647368,25.44899992564368,105.05050867474267,130.49950314476376,42.377200571695965,127.95588301401288,260.20253615606396,453.0856277708024,883.6212289961558
MY_0p5_4.7500_116.2500,116.25,4.75,1988-10-01,1988,10,278.4885227748325,120.52364514063271,122.60239638071211,37.224849694872646,125.68828028118797,162.91312628851995,42.67067259531172,128.87553333100814,262.3810473245287,458.92571314251603,892.8529448009672
MY_0p5_4.7500_116.7500,116.75,4.75,1988-10-01,1988,10,298.23542042019994,121.42889196661451,117.51104313814187,61.914896337291864,159.9352464072312,221.85013985935643,42.89214815067339,129.547279019899,263.79185215430925,462.0622441738467,898.2934914118127
MY_0p5_4.7500_117.2500,117.25,4.75,1988-10-01,1988,10,353.0225828140501,121.71114681183346,112.14650682721819,76.34785919189451,180.44373614598834,256.79159148685517,43.029193163674975,129.91650182330417,264.3635763501364,462.7891994900174,900.098457845052
MY_0p5_4.7500_117.7500,117.75,4.75,1988-10-01,1988,10,355.3856839530075,122.21317713773699,109.06978727895999,56.92513108555274,146.05684355240834,202.9819761831549,42.86509193951571,129.36809834347494,263.05297252799886,459.88360219062116,895.169739542128
MY_0p5_4.7500_118.2500,118.25,4.75,1988-10-01,1988,10,321.09013650405353,122.42168334500877,109.46915696493944,39.99492296381812,102.93257010761819,142.92749613852956,42.598607758181785,128.52886832539164,261.183234133313,455.81807796919173,888.1287703777679
MY_0p5_4.7500_118.7500,118.75,4.75,1988-10-01,1988,10,306.5413571128363,121.11563873291016,112.66249644605419,36.82343050799793,66.67339489128017,103.49682539927808,42.269204441505146,127.36861197556122,257.8891031772275,446.3194452599635,873.8463706487343
MY_0p5_5.2500_100.2500,100.25,5.25,1988-10-01,1988,10,223.55509719407627,114.25436692430793,73.57230377197266,14.681319236755371,32.58353805541992,47.26485824584961,28.042570114135742,76.023193359375,155.0853729248047,271.5491638183594,530.7003173828125
MY_0p5_5.2500_100.7500,100.75,5.25,1988-10-01,1988,10,225.01151290594365,109.90500266642512,130.26367266424774,29.1290645708983,97.32223629129345,126.45129951389359,41.50677409117249,124.94148780559671,254.62254017797014,445.1858432813623,866.2566366963005
MY_0p5_5.2500_101.2500,101.25,5.25,1988-10-01,1988,10,227.44750593881759,104.51375051831442,130.2132513137091,34.172442729889404,119.84834560818142,154.02078479585194,42.443181113591265,128.17076408749534,260.71056169782366,454.1701447986421,885.494644407242
MY_0p5_5.2500_101.7500,101.75,5.25,1988-10-01,1988,10,245.1866685903756,105.9362304347336,140.25922427815237,43.35428948615008,114.52091440577418,157.8751981941758,42.67910946402581,128.9645625314895,262.9002139340541,461.3325432455465,895.8764246071981
MY_0p5_5.2500_102.2500,102.25,5.25,1988-10-01,1988,10,273.84630288288093,114.51061652116715,128.87949862146075,55.74522529893619,136.46618030329418,192.21140221273822,42.67412395841756,128.81751839218626,262.78350830078125,462.60864082870967,896.8837696245521
MY_0p5_5.2500_102.7500,102.75,5.25,1988-10-01,1988,10,284.47402417310286,113.53039997854052,111.65922960184386,62.78430434404793,158.85819465507893,221.64249327061535,41.955120293568754,126.09256198689089,256.9634832867121,451.51932890293955,876.5304838536148
MY_0p5_5.2500_103.2500,103.25,5.25,1988-10-01,1988,10,275.9492320873119,115.78700611578724,108.53548124239043,84.39048618465276,187.20754900845614,271.59802771233893,43.02246680817047,129.8677991396421,264.55256276316464,464.6688016420835,902.1116075391893
MY_0p5_5.2500_115.2500,115.25,5.25,1988-10-01,1988,10,330.29841072328634,129.9865159065493,137.66746045722337,47.198930584016395,116.9484157874936,164.14734762223043,42.43423224277184,128.10058393634733,260.3909321769339,453.81904026719394,884.7448010053793
MY_0p5_5.2500_115.7500,115.75,5.25,1988-10-01,1988,10,324.26815050820437,127.84455504598498,129.82560461011983,32.07181373854815,92.05788243180614,124.1296957759534,42.20681682522014,127.37863808324781,258.68691882117315,449.50390769829175,877.7762914625263
MY_0p5_5.2500_116.2500,116.25,5.25,1988-10-01,1988,10,298.6347461169279,122.83940221086334,122.17051141473311,37.5141314977332,106.18806401989129,143.7021954693372,42.5161281054533,128.45374993432924,261.70567959169796,458.15554268752476,890.8311000775689
MY_0p5_5.2500_116.7500,116.75,5.25,1988-10-01,1988,10,309.14176709138894,122.0108702454386,120.76843633531014,67.94124323205102,151.98842063131212,219.92967214463636,42.799184195603,129.26870157748837,263.2171217520025,460.7406761072859,896.0256677941431
MY_0p5_5.2500_117.2500,117.25,5.25,1988-10-01,1988,10,363.6187536814856,122.81251477438306,118.303469461108,91.49701136028955,185.35007227337547,276.84708116319445,43.00706070188492,129.889933655754,264.4967337472099,463.5550800626241,900.9488161117313
MY_0p5_5.2500_117.7500,117.75,5.25,1988-10-01,1988,10,371.02289467463413,121.81715732150609,113.50372297498913,81.52139393639942,175.61963670518665,257.1410268632193,43.0031754751054,129.8836717393663,264.55260106646824,464.1015254913814,901.5409615652902
MY_0p5_5.2500_118.2500,118.25,5.25,1988-10-01,1988,10,339.971426492209,120.43524920712609,112.4114813592024,62.28345163916326,140.5151402904729,202.79859346037455,42.86110451570741,129.44198375143066,263.6317945346711,462.45995005224916,898.39482942812
MY_0p5_5.2500_118.7500,118.75,5.25,1988-10-01,1988,10,322.5402455139161,118.8094447786846,114.92043219672308,46.699915462070045,72.06354321373834,118.76345867580837,42.25895939932929,127.28798802693684,257.3992758856879,444.2125320434571,871.1587727864584
MY_0p5_5.2500_119.2500,119.25,5.25,1988-10-01,1988,10,313.37115353100916,117.92051754906063,116.07720947265625,41.16944122314453,42.587379455566406,83.75682067871094,41.97856140136719,126.27582550048828,254.42213439941406,435.3544006347656,858.0309448242188
MY_0p5_5.7500_100.2500,100.25,5.75,1988-10-01,1988,10,221.0020018568984,115.01577927185608,118.45352998786016,32.946626120751056,52.85738400800513,85.80400743397004,35.55700228629856,103.45308699301624,211.60318399131845,373.1713105647936,723.7845817355934
MY_0p5_5.7500_100.7500,100.75,5.75,1988-10-01,1988,10,222.349717203776,112.63768622988746,127.66501764933268,26.444820397694905,91.10610616048177,117.550925877889,40.565888544718426,121.50922218322752,247.78789621988932,434.1797758992513,844.0427817789714
MY_0p5_5.7500_101.2500,101.25,5.75,1988-10-01,1988,10,225.344742001511,110.19572628952389,132.57544912503462,28.966834571417863,110.3958628496786,139.36269408699096,42.440970638605556,128.21074658491483,261.04474261426554,455.89021781861317,887.5866915485053
MY_0p5_5.7500_101.7500,101.75,5.75,1988-10-01,1988,10,233.5945801417033,111.26778326034545,138.45566844940188,24.297803640365604,82.99756736755371,107.29537092844647,42.38810054461162,128.10317824681601,261.1378952026367,457.5188418070476,889.1480272928876
MY_0p5_5.7500_102.2500,102.25,5.75,1988-10-01,1988,10,238.13903153248322,119.68114151098789,127.50351594353364,20.840221016495317,52.53799727468779,73.37821879210296,41.277631033951984,124.24981450552892,253.26276929450754,443.76243719749584,862.5526517617582
MY_0p5_5.7500_102.7500,102.75,5.75,1988-10-01,1988,10,253.68513793945309,117.64376375513169,99.5782470703125,22.610794067382812,59.11136245727539,81.72216033935547,36.154666900634766,105.42428588867188,215.22732543945312,378.70709228515625,735.5133666992188
MY_0p5_5.7500_103.2500,103.25,5.75,1988-10-01,1988,10,257.7422180175781,119.03152465820312,,,,,,,,,
MY_0p5_5.7500_115.2500,115.25,5.75,1988-10-01,1988,10,355.4611796061198,130.13121948242187,142.82305908203125,78.33615112304688,167.50039672851562,245.83653259277344,42.96479034423828,129.89630126953125,265.13983154296875,467.0146789550781,905.015625
MY_0p5_5.7500_115.7500,115.75,5.75,1988-10-01,1988,10,340.35874648767015,126.79439151506482,129.61228550502233,73.62434619721913,154.77007562546504,228.39442080543154,42.74772694905599,129.1674373081752,263.2135375976563,461.3957057407925,896.524419875372
MY_0p5_5.7500_116.2500,116.25,5.75,1988-10-01,1988,10,312.96690276615203,119.29955519418868,119.63804999457464,66.53104785737537,149.85577760726687,216.38683151971725,42.65932171533978,128.85173790341332,262.29275406126,458.3764112684462,892.1802311972966
MY_0p5_5.7500_116.7500,116.75,5.75,1988-10-01,1988,10,310.55767124720984,116.00923936631945,112.8024405827598,67.09194883316282,170.26992424858943,237.36188025096106,42.817939334445526,129.3102287655785,263.18783898732016,460.0629583449591,895.3789539155506
MY_0p5_5.7500_117.2500,117.25,5.75,1988-10-01,1988,10,350.48625428593874,121.52127212380007,113.09796809247617,82.48547743547603,189.78552467514666,272.27100013708844,43.050406579339544,130.0607999687315,265.0670048566271,465.54342256660334,903.7216411795149
MY_0p5_5.7500_117.7500,117.75,5.75,1988-10-01,1988,10,361.0616146027096,121.95097210596478,111.1928523530896,79.84184828380612,174.5193141450818,254.3611583325687,43.05961354146868,130.1289193582215,265.43135623803875,467.25692789986635,905.8768169223863
MY_0p5_5.7500_118.2500,118.25,5.75,1988-10-01,1988,10,349.1931659537302,120.57028582890828,112.2479242960612,82.35389970567492,174.35882615831164,256.7127254231771,43.07313851250543,130.1620347764757,265.4786465115017,467.35695719401036,906.0707519531251
MY_0p5_5.7500_118.7500,118.75,5.75,1988-10-01,1988,10,336.02999701866736,119.37977475386401,113.04412078857422,86.11007690429688,179.1845703125,265.2946472167969,43.0959587097168,130.21852111816406,265.54364013671875,467.3477783203125,906.2058715820312
MY_0p5_6.2500_99.7500,99.75,6.25,1988-10-01,1988,10,221.45554396685432,116.57402981028838,161.95187306958576,54.192299155301825,69.38817365779433,123.58047449866007,42.13081838918287,127.60444481428279,261.1687054301417,460.1417967330578,891.0457593341207
MY_0p5_6.2500_100.2500,100.25,6.25,1988-10-01,1988,10,219.58664804697037,115.71188348531723,143.40945160534915,39.01463160612145,65.98942721619898,105.00405877560985,40.427029045260674,121.24925054433393,248.1516130719866,438.06283644072863,847.8907196667728
MY_0p5_6.2500_100.7500,100.75,6.25,1988-10-01,1988,10,220.13402401250303,115.92428326698806,132.5976631429665,29.484754142613944,88.31021124055486,117.7949645289123,41.667173540270014,125.46863287848394,254.9696652916868,449.698716918474,871.8041697616284
MY_0p5_6.2500_101.2500,101.25,6.25,1988-10-01,1988,10,221.2544414813702,115.57523533747747,129.97588853102462,29.68336111215445,103.49577038104717,133.1791297325721,42.334855358417215,127.76862276517427,259.01208918644835,456.47204448993386,885.587588266226
MY_0p5_6.2500_101.7500,101.75,6.25,1988-10-01,1988,10,217.28192879813056,120.5537876674107,132.56883283342634,18.493128395080564,46.162934003557474,64.65606207166398,41.80089383806501,126.22594386509486,256.56296125139505,446.338746861049,870.9285295758928
MY_0p5_6.2500_102.2500,102.25,6.25,1988-10-01,1988,10,212.6282024383545,122.57103547817324,129.0912628173828,9.267167091369629,6.66796875,15.935135841369629,41.04962921142578,123.78845977783203,250.51104736328125,431.142822265625,846.491943359375
MY_0p5_6.2500_115.7500,115.75,6.25,1988-10-01,1988,10,329.35298434170807,124.93357623707165,138.0213623046875,87.97149658203125,143.67153930664062,231.64303588867188,42.79865264892578,129.4068145751953,264.11572265625,464.6246032714844,900.94580078125
MY_0p5_6.2500_116.2500,116.25,6.25,1988-10-01,1988,10,313.5622301603618,120.674467220641,128.31994712930418,66.53954972254547,124.98154896471468,191.52109793104265,42.606922939485386,128.7150295106325,262.0478332788408,457.98662940205986,891.3564281043501
MY_0p5_6.2500_116.7500,116.75,6.25,1988-10-01,1988,10,299.83107629200765,117.28116801428416,115.09110308450367,45.501677631196515,116.1503199017237,161.65199759347098,42.51207516382611,128.33826742020864,260.7907944452195,453.7483783055865,885.3895228794643
MY_0p5_6.2500_117.2500,117.25,6.25,1988-10-01,1988,10,307.9674101329985,120.3018789624411,109.97949952625093,49.961158364916606,125.9802206130255,175.9413803100586,42.179879433768136,127.09235079326326,258.9076781257751,453.7122918991815,881.8922095889137
MY_0p5_6.2500_117.7500,117.75,6.25,1988-10-01,1988,10,318.1148316065471,121.38267580668132,108.94901454100136,51.962813505652356,127.48022380628083,179.4430370665433,42.1468808135094,126.98360643888775,259.09406267132675,455.88827407569227,884.1128425821225
MY_0p5_6.2500_118.2500,118.25,6.25,1988-10-01,1988,10,325.1104932512556,121.39540808541436,110.92051151820593,55.717443329947336,140.58378819056918,196.30122974940707,42.90447180611746,129.74286106654577,264.98133741106307,467.38417271205356,905.0128522600446
MY_0p5_6.7500_100.2500,100.25,6.75,1988-10-01,1988,10,218.99578980838552,115.95037370569565,150.4821735830868,38.40925497167251,71.7127010121065,110.12195979847627,42.24671753715066,127.90968373242546,261.7359058155733,461.5639325310202,893.4562328563017
MY_0p5_6.7500_100.7500,100.75,6.75,1988-10-01,1988,10,218.272299307364,117.2893690886321,135.2212258798105,25.529348444055632,74.68547340675637,100.2148245352286,41.864187028672966,126.22000800238716,254.41743525752315,453.80517012984666,876.3067875614873
MY_0p5_6.7500_116.2500,116.25,6.75,1988-10-01,1988,10,293.88872238685343,122.0577076756677,123.38762813661158,35.67474151239163,45.855281922875385,81.53002148139768,42.030985483309124,126.61277938470607,255.52703336390059,437.23235711818796,861.4031654916159
MY_0p5_6.7500_116.7500,116.75,6.75,1988-10-01,1988,10,287.381220598629,121.018380433321,114.29374776244634,28.979840998593055,45.183544607501716,74.16338462980369,40.55636860542146,121.29493098202431,244.49582271048203,416.73303343279093,823.0801669034091
MY_0p5_6.7500_117.2500,117.25,6.75,1988-10-01,1988,10,280.7928172054453,120.54375278440295,106.52825789325004,26.850369006131604,51.575878634917,78.42624647427449,39.56808242122684,117.71738389951994,237.83339677658756,407.70808073060704,802.8269569599522
MY_0p5_6.7500_117.7500,117.75,6.75,1988-10-01,1988,10,279.5490926106771,120.81837760077583,108.68444490432739,36.1830757856369,80.83032298088074,117.01339673995972,40.54845833778382,121.25637793540955,247.08494997024536,433.0649728775025,841.9547805786133
MY_0p5_7.2500_116.7500,116.75,7.25,1988-10-01,1988,10,272.0131014125554,121.0242706783234,113.32119837221892,18.949115396582563,3.6174047978028008,22.566520724089248,39.00676236359969,115.75781734300696,230.4824886156165,378.7089918053669,763.9560626486074
MY_0p5_7.2500_117.2500,117.25,7.25,1988-10-01,1988,10,262.94164722889394,120.13456093728006,112.42965055766857,14.660315021715665,1.0982842520663612,15.758599612587375,38.22708667955901,112.99918116519326,224.5225255062705,366.07859561317844,741.827394505551
MY_0p5_0.7500_110.2500,110.25,0.75,1988-11-01,1988,11,473.34920560396637,91.94593095045825,117.54230241041918,116.56017972506011,225.1718390831581,341.7320185734676,43.317443906343904,130.6560715895433,265.4146470289964,463.81246056189906,903.2006216195914
MY_0p5_0.7500_110.7500,110.75,0.75,1988-11-01,1988,11,459.03806937081475,94.11720461164201,128.71832754952567,112.23238078526087,219.1020050048828,331.3343732561384,43.36599104745048,130.87408643450055,266.2544830322266,467.15228053501676,907.6468540736606
MY_0p5_0.7500_111.7500,111.75,0.75,1988-11-01,1988,11,452.048583015563,92.09422156924292,126.58741542271204,94.36861649770586,217.18165782141304,311.5502687484499,43.34983232286241,130.8381667364211,266.1935637943328,466.9361722431486,907.3177354600695
MY_0p5_1.2500_103.2500,103.25,1.25,1988-11-01,1988,11,393.43809020403523,80.77431191749943,93.25767395713112,67.36460789767179,154.73676334727895,222.10136482932353,39.590771415016874,117.49654683199796,239.49120330810547,421.0857183283026,817.664233121005
MY_0p5_1.2500_103.7500,103.75,1.25,1988-11-01,1988,11,417.83862630603386,80.10591718062615,85.83302410829415,86.70440755307096,177.15370963383646,263.8581205201381,40.928770343076835,122.42703298920567,249.46779328874013,438.66273691121813,851.4863358284664
MY_0p5_1.2500_104.2500,104.25,1.25,1988-11-01,1988,11,453.97486790248325,80.26146131243024,77.69574737548828,109.66769409179688,204.6448211669922,314.3125305175781,42.6905517578125,128.91209411621094,262.61151123046875,461.85894775390625,896.0731201171875
MY_0p5_1.2500_109.7500,109.75,1.25,1988-11-01,1988,11,501.57593104351,92.02613490460867,109.92149886165757,110.76750192297511,230.73333574777627,341.5008515507342,43.387197011924655,130.9475171192583,266.45095678122647,467.6012003335609,908.3868327313158
MY_0p5_1.2500_110.2500,110.25,1.25,1988-11-01,1988,11,471.60098184121625,92.60626942402608,115.97865401455796,121.33521871677237,225.2948995465017,346.63011328502057,43.32978029877062,130.71070767553618,265.62421479096287,464.6305549061898,904.2952494381939
MY_0p5_1.2500_110.7500,110.75,1.25,1988-11-01,1988,11,455.4020316956535,94.18974912128749,127.50876760331407,111.21835111587764,213.43728453621029,324.655621531653,43.34245412917363,130.81907968672493,266.22097933330235,467.36019413054925,907.74270968967
MY_0p5_1.2500_111.2500,111.25,1.25,1988-11-01,1988,11,451.11922847272496,93.18340754889832,130.1671481878994,100.81699151962329,213.33657305537704,314.1535581156088,43.34190865903617,130.81069985289164,266.1507672684642,466.98841014533,907.2917648169179
MY_0p5_1.2500_111.7500,111.75,1.25,1988-11-01,1988,11,450.116479298425,91.60245889330668,125.07944573296442,96.73790317111545,211.4446558876643,308.1825551835317,43.3260129292806,130.7632070874411,266.02123103066094,466.51890249100944,906.6293499658977
MY_0p5_1.2500_112.2500,112.25,1.25,1988-11-01,1988,11,447.5551108733046,90.35811343894997,122.44038081290152,110.43878266775062,207.7173597461681,318.15615178606834,43.28205352628291,130.62303967161225,265.6735990107967,465.5148366550504,905.0935167031846
MY_0p5_1.2500_112.7500,112.75,1.25,1988-11-01,1988,11,427.0729007720947,90.62425804138184,117.24312893549602,104.38789526621501,173.15992482503253,277.54781977335614,43.083520094553634,129.99353472391763,264.17385991414386,461.5809758504232,898.8319104512532
MY_0p5_1.2500_113.2500,113.25,1.25,1988-11-01,1988,11,416.4060671599015,92.62384033203125,115.63749495796534,92.90981014085854,159.4981417448624,252.40795473845108,43.013060229757556,129.78617354683254,263.71628417968753,460.3676935610564,896.8832360309103
MY_0p5_1.2500_113.7500,113.75,1.25,1988-11-01,1988,11,421.94714609781903,93.65798065879127,114.19058267997971,86.33224441065933,148.39345781730879,234.72570384632456,42.95931018482555,129.64398204919064,263.4568446766246,459.7948610710375,895.8549864797881
MY_0p5_1.2500_114.2500,114.25,1.25,1988-11-01,1988,11,434.890835112175,93.25136944255998,115.88483780042259,84.90608978271484,158.20649341144392,243.11258204637377,43.01616408761624,129.86795665099558,264.14289221299435,461.9029281751245,898.9299354215639
MY_0p5_1.2500_114.7500,114.75,1.25,1988-11-01,1988,11,435.69750878118697,92.06227997810609,117.87670504662299,111.45719072895666,202.68443101452246,314.14161485241306,43.22627172162456,130.47166738202495,265.26845033707156,463.8336299773186,902.7999956684728
MY_0p5_1.7500_102.7500,102.75,1.75,1988-11-01,1988,11,393.23829456982696,80.40684054042754,96.88389277458192,75.9917848110199,164.99847030639648,240.99024200439453,41.76220953464507,125.27439665794373,255.20183849334717,448.58678150177,870.8252239227295
MY_0p5_1.7500_103.2500,103.25,1.75,1988-11-01,1988,11,408.23585692888065,79.19941163523318,98.36243606567383,81.09521480560302,178.9418643951416,260.03707717895514,41.699672451019296,125.01723487854005,254.6423110961914,447.4773179626465,868.8365316772461
MY_0p5_1.7500_103.7500,103.75,1.75,1988-11-01,1988,11,431.2217836983596,79.17481535899488,93.21126590197599,100.52769866170762,193.6947897416127,294.2224967087372,41.803718723828275,125.47534150715116,255.5808057181443,449.1619892361797,872.021858698205
MY_0p5_1.7500_104.2500,104.25,1.75,1988-11-01,1988,11,452.6375635147095,79.75330657958983,89.99562918492991,123.4195284584696,211.64134689449338,335.06089061175203,42.944075118663704,129.67210908638415,264.1165700513263,464.2680432223534,901.0008204260538
MY_0p5_1.7500_109.7500,109.75,1.75,1988-11-01,1988,11,499.8122714730196,91.83313999619594,109.73213958740234,111.1578369140625,231.6862030029297,342.84405517578125,43.39323043823242,130.96749877929688,266.5041198730469,467.763916015625,908.6287231445312
MY_0p5_1.7500_110.2500,110.25,1.75,1988-11-01,1988,11,472.2198023421043,93.5672994286123,113.3140475431228,127.5667955531156,223.77639085086275,351.34317375631895,43.349778282451126,130.81177736986132,266.05108218269555,466.35979457590037,906.5724147857829
MY_0p5_1.7500_110.7500,110.75,1.75,1988-11-01,1988,11,452.3312544389204,94.09847606312144,124.52317810058592,107.31723098754883,199.32340240478516,306.64062042236327,43.284714698791504,130.68526382446288,266.1410705566406,467.86205749511714,907.9730865478515
MY_0p5_1.7500_111.2500,111.25,1.75,1988-11-01,1988,11,458.2194477384052,92.23504599919394,125.44682127486828,101.55323131472566,204.08676317791608,305.63999349904617,43.29143135603085,130.68772426871365,266.04045254019803,467.215789227153,907.2353981195495
MY_0p5_1.7500_111.7500,111.75,1.75,1988-11-01,1988,11,452.1563891640191,90.38655681851542,116.76257082782212,104.86944848072679,207.41294875326034,312.28239711326887,43.29243086561371,130.6728430156466,265.8950283195398,466.41954388195944,906.2798481228982
MY_0p5_1.7500_112.2500,112.25,1.75,1988-11-01,1988,11,443.7616774786086,89.77076379685174,115.86585657028925,113.8998797946506,197.20123964339965,311.10112362816216,43.23656570192367,130.47867620558964,265.354593234592,464.8120830233135,903.881906079489
MY_0p5_1.7500_112.7500,112.75,1.75,1988-11-01,1988,11,432.5005591014075,91.02963460286459,115.00248192681207,101.29575391496931,172.94546000162762,274.241213843936,43.116172366672096,130.1214357406374,264.6245808919271,463.290231468564,901.1524367559524
MY_0p5_1.7500_113.2500,113.25,1.75,1988-11-01,1988,11,418.2187376960875,93.14962213909814,114.38455081515842,88.51732054210845,152.21627817305307,240.73360101609003,42.991886514330666,129.76156998891682,263.9055504208519,461.7078559027778,898.3668856181796
MY_0p5_1.7500_113.7500,113.75,1.75,1988-11-01,1988,11,419.946730453249,94.23696671743242,114.05402337937127,90.34471578446644,146.38367789132255,236.72839941600012,42.93139047774058,129.54408269004216,263.21405339316715,459.2487854003906,894.938303532676
MY_0p5_1.7500_114.2500,114.25,1.75,1988-11-01,1988,11,434.3501446436322,93.98934713696676,118.60733957442025,95.07892456054687,162.44078800261963,257.51971876356333,43.04684972611684,129.92418576195126,264.12660512772817,461.58406381758425,898.6817008851066
MY_0p5_1.7500_114.7500,114.75,1.75,1988-11-01,1988,11,437.39762064088814,93.6513266291643,121.95572108925934,106.04963055546419,186.81328689496138,292.86292049427726,43.190987957573924,130.34760691588409,264.9555461666127,463.19127184615854,901.6853868553675
MY_0p5_2.2500_101.7500,101.75,2.25,1988-11-01,1988,11,417.7142703894413,80.58822462293838,104.26045404299343,99.86180184104228,185.73679467403528,285.5986022949219,42.71354883367365,128.74070924701113,262.3381480207347,461.35346938624525,895.1458431976013
MY_0p5_2.2500_102.2500,102.25,2.25,1988-11-01,1988,11,400.9610943223871,78.54006563761587,98.94936337995757,87.50476640035089,179.59333961888362,267.09810904908977,42.53072530573064,128.04849622808572,260.78488122675407,458.089642100357,889.4537604665071
MY_0p5_2.2500_102.7500,102.75,2.25,1988-11-01,1988,11,403.7099323514141,77.92306685145898,98.29034677336487,85.41862084593953,176.40514296519606,261.8237590548359,42.501609693599654,127.93357083767275,260.61843891385234,458.15965879416166,889.2132890918587
MY_0p5_2.2500_103.2500,103.25,2.25,1988-11-01,1988,11,435.3846844385541,76.46846965002635,101.29788002135261,101.72021060519748,199.35725548153832,301.0774628169953,42.909511759924506,129.32235349624875,263.284914046999,462.3497103252108,897.8664889865449
MY_0p5_2.2500_103.7500,103.75,2.25,1988-11-01,1988,11,461.4220953472589,77.5206267017429,106.63635732359805,124.05271616790253,220.0305699235302,344.0832889880164,42.82563080868478,128.97309606519795,262.5163342492055,460.74653558246155,895.0616037142478
MY_0p5_2.2500_104.2500,104.25,2.25,1988-11-01,1988,11,473.3022324476786,78.49659052903091,112.3350031198549,140.77971289768692,234.0733980541387,374.85311158235413,43.368792920073204,130.92315799933823,266.5151074622288,467.90187236691315,908.7089541096333
MY_0p5_2.2500_104.7500,104.75,2.25,1988-11-01,1988,11,500.84344482421875,78.01782989501953,,,,,,,,,
MY_0p5_2.2500_109.7500,109.75,2.25,1988-11-01,1988,11,489.02019476121467,90.50363503732989,,,,,,,,,
MY_0p5_2.2500_111.2500,111.25,2.25,1988-11-01,1988,11,478.7911273241044,90.5445203781128,106.56335617514216,100.33491448795094,237.78326662848974,338.11817348704614,43.38590728535372,130.958584280575,266.5273468915154,467.792822893928,908.6646934958063
MY_0p5_2.2500_111.7500,111.75,2.25,1988-11-01,1988,11,470.0181409078931,89.96669161357576,107.09302903432693,106.210715956915,231.27014848012777,337.4808616032676,43.36479997180757,130.90120612250433,266.4410877046131,467.7488571893601,908.4559762137278
MY_0p5_2.2500_112.2500,112.25,2.25,1988-11-01,1988,11,460.0610392252604,90.4163575187562,108.6388701665969,115.64620063418434,214.09481099446612,329.74101116846475,43.31692513359918,130.75723610529823,266.1563247922867,467.3050517733135,907.5355323428198
MY_0p5_2.2500_112.7500,112.75,2.25,1988-11-01,1988,11,447.31423950195307,91.50439441014849,110.07759377615791,106.24148348853701,197.7647190638951,304.00620310949904,43.261372787233384,130.57890053400916,265.7436166914682,466.38423587859626,905.9681280226935
MY_0p5_2.2500_113.2500,113.25,2.25,1988-11-01,1988,11,431.67754390656,93.34901142423116,112.11016741555837,95.17528914194259,168.83547639392674,264.01076742505273,43.10221048990886,130.12725708976626,264.90025489443826,464.79702642531623,902.9267498682416
MY_0p5_2.2500_113.7500,113.75,2.25,1988-11-01,1988,11,428.5469548672061,93.84808513786221,114.360980697825,105.9612726139117,166.43468769894372,272.39596470700036,43.02955379968958,129.81108358841908,263.65993374208864,459.98325396187704,896.4838054029246
MY_0p5_2.2500_114.2500,114.25,2.25,1988-11-01,1988,11,435.2941556415861,93.94753943549262,120.15793595086959,104.85495532807849,164.85850951179626,269.7134723481678,43.051697322300505,129.85569390190972,263.6383722214472,459.6267676943824,896.1725051153273
MY_0p5_2.2500_114.7500,114.75,2.25,1988-11-01,1988,11,439.7254238005609,93.65371300481982,122.4875248570596,104.5750839479508,175.6555622716104,280.23064294630484,43.17227286061933,130.26829243321572,264.7380006851689,462.7734433081843,900.9519938807333
MY_0p5_2.2500_115.2500,115.25,2.25,1988-11-01,1988,11,446.8306884765625,93.02838134765625,120.62730407714844,108.21256256103516,185.85162353515625,294.0641784667969,43.171905517578125,130.2860565185547,264.9051513671875,463.4920349121094,901.8551635742188
MY_0p5_2.7500_101.2500,101.25,2.75,1988-11-01,1988,11,439.7419738769531,80.08641815185547,107.91139221191406,114.51748657226562,236.23922729492188,350.7567138671875,43.22806167602539,130.4973907470703,265.67498779296875,466.5557556152344,905.9561767578125
MY_0p5_2.7500_101.7500,101.75,2.75,1988-11-01,1988,11,444.24060889710773,77.46565590598367,96.07232119473544,110.13280672940338,221.07397549715907,331.2067845569957,43.06006028608842,129.9781485262784,264.54085771040474,464.3329627574573,901.912021706321
MY_0p5_2.7500_102.2500,102.25,2.75,1988-11-01,1988,11,438.21398789715613,75.35666158396727,103.67459079718134,107.17474953232299,194.02507057918862,301.1998230757987,43.24575331864084,130.55067409831247,265.743030620988,466.4368160758048,905.97628667552
MY_0p5_2.7500_102.7500,102.75,2.75,1988-11-01,1988,11,455.0901090404655,74.69684279719485,101.60790701757503,110.39776647543606,195.20007358019865,305.5978439910502,43.23919862433325,130.5722474689725,266.0021075478083,467.71178223815144,907.5253460075281
MY_0p5_2.7500_103.2500,103.25,2.75,1988-11-01,1988,11,498.31552532220337,74.99841454378358,100.9363092313147,141.7141964663366,216.6958342631152,358.4100370953797,42.35985974597323,127.2984469711401,259.1169142024532,454.7558986396547,883.5311261802722
MY_0p5_2.7500_103.7500,103.75,2.75,1988-11-01,1988,11,513.3104305101477,76.86207202413807,104.23495290026688,147.47977194368565,226.5885304393856,374.06830284013176,41.54374209636918,124.29384409117809,252.8822740124118,443.3542854555192,862.0741520894837
MY_0p5_2.7500_104.2500,104.25,2.75,1988-11-01,1988,11,500.1616722555721,77.64509762034697,116.81678771972656,137.51771545410156,247.18588256835938,384.7035827636719,43.4223518371582,131.05963134765625,266.69964599609375,467.97412109375,909.15576171875
MY_0p5_2.7500_111.2500,111.25,2.75,1988-11-01,1988,11,489.69189579404633,89.56829376220705,106.34391941743738,92.26344366634594,243.42986701516543,335.69329833984375,43.4215295455035,131.0353344188017,266.5696752211627,467.5769105799058,908.6034420237821
MY_0p5_2.7500_111.7500,111.75,2.75,1988-11-01,1988,11,479.25315744368754,89.8555241881824,105.50415949985899,99.91661542037436,239.7735726586703,339.6901801536823,43.40598601308362,130.99885013185698,266.54127331437735,467.6769802488129,908.6230942298624
MY_0p5_2.7500_112.2500,112.25,2.75,1988-11-01,1988,11,471.02540791185584,90.78811490988429,105.19215548197428,112.93073776245117,228.4668555196126,341.3975881958008,43.36756858825684,130.89393157958983,266.3854982503255,467.6199183146159,908.2669006347655
MY_0p5_2.7500_112.7500,112.75,2.75,1988-11-01,1988,11,462.8385996758183,91.97483238992811,106.29722872866859,129.72755837742284,230.88279762750938,360.6103611233868,43.38144659694237,130.91383294214177,266.3261475381972,467.1945722555812,907.8159811285478
MY_0p5_2.7500_113.2500,113.25,2.75,1988-11-01,1988,11,455.8577185252356,93.62237878224207,109.3015582856678,122.78808494446767,206.30477658226374,329.09286828419516,43.279705398801774,130.62526220896888,265.80479310050845,466.3785640656002,906.0883192274306
MY_0p5_2.7500_113.7500,113.75,2.75,1988-11-01,1988,11,447.9228045226661,94.38911673673398,112.64249672859337,114.41742626117293,182.92464733731214,297.3420774617772,43.176273819747244,130.25653270551354,264.6856333738679,462.78384379976114,900.9022809654285
MY_0p5_2.7500_114.2500,114.25,2.75,1988-11-01,1988,11,439.1063051827347,93.76696333100526,117.00267989726005,110.83092201812357,174.31480682952494,285.14572191841995,43.131861324551735,130.0805973101266,264.05443775804736,460.4481826009629,897.7150797783573
MY_0p5_2.7500_114.7500,114.75,2.75,1988-11-01,1988,11,435.5700711778774,95.32347908748943,120.35175964938607,114.47507384476387,180.13242670533003,294.6074989464632,43.22199811753194,130.41837646095615,265.0734841899507,463.6979521733181,902.4118174170233
MY_0p5_2.7500_115.2500,115.25,2.75,1988-11-01,1988,11,436.37359866580437,93.16104785816088,118.90398991215335,91.6572602418092,167.9987945556641,259.65606180826825,43.063374253006664,129.9100959021766,263.84241822388793,460.1293444934192,896.9452333192565
MY_0p5_3.2500_101.2500,101.25,3.25,1988-11-01,1988,11,451.8175421820747,78.97743792107133,114.83243266896052,108.52148256413204,220.88902490519362,329.4105127238114,43.26776194294139,130.63124351649896,266.00799608045054,467.302502108919,907.209476693595
MY_0p5_3.2500_101.7500,101.75,3.25,1988-11-01,1988,11,479.42377135078857,73.17263113617139,101.90640115434199,146.42806171004182,235.73924896823374,382.16730095930166,43.19285168009958,130.31089306485123,264.8484537890003,463.3364286969422,901.6886087405454
MY_0p5_3.2500_102.2500,102.25,3.25,1988-11-01,1988,11,500.7467103019593,73.74525621202257,109.62530168805803,146.43308735196553,207.63889881921193,354.0719881572421,43.30587109762525,130.72778998480905,266.1089065793961,467.23917430090523,907.3817347935268
MY_0p5_3.2500_102.7500,102.75,3.25,1988-11-01,1988,11,536.2195663452148,72.90313918681083,106.73954333534724,180.4694413776639,230.62402425838422,411.0934746657746,43.36731844310519,130.91761721840385,266.499615633035,467.92462950114964,908.7091665147226
MY_0p5_3.2500_103.2500,103.25,3.25,1988-11-01,1988,11,588.1626161457273,73.68723108248136,103.48562177229394,249.53800929563437,267.0010524588222,516.5390624005943,41.683829963013096,124.67837748077095,253.46658633353272,443.73043703955244,863.5592217957935
MY_0p5_3.2500_112.2500,112.25,3.25,1988-11-01,1988,11,473.3838358561198,91.08375651041668,104.76472524007163,110.90470784505209,232.85484856499568,343.7595520019531,43.38715167575413,130.94104919433593,266.44206271701387,467.6339572482639,908.4041910807291
MY_0p5_3.2500_112.7500,112.75,3.25,1988-11-01,1988,11,474.32430907218685,92.89496667923466,107.1002646274254,143.0219059928519,234.45477670138,377.47668857261783,43.39402364511958,130.94631958007812,266.3671562319896,467.21140076684173,907.9188862784963
MY_0p5_3.2500_113.2500,113.25,3.25,1988-11-01,1988,11,489.59768332574595,95.05856475256441,110.94784436081395,143.8903395623872,218.1444219531435,362.03475697835285,43.33082696163292,130.7772018548214,266.1133449438846,467.0249343640876,907.2462895711263
MY_0p5_3.2500_113.7500,113.75,3.25,1988-11-01,1988,11,476.8337572854663,96.08170756990947,111.58487342955573,122.35820046076697,200.82129196893598,323.17948773096475,43.27887188139415,130.59960206046938,265.65386681935144,465.84146825396823,905.3738064236112
MY_0p5_3.2500_114.2500,114.25,3.25,1988-11-01,1988,11,445.47185948851757,96.33751897143709,116.45253680769802,124.37299636063302,200.92901348915828,325.3020056463351,43.31020389241018,130.61560286989635,265.22058319286174,463.27099667688844,902.4173972743331
MY_0p5_3.2500_114.7500,114.75,3.25,1988-11-01,1988,11,425.05398219406237,98.66720034362405,122.56310002515272,116.06310094845524,180.97903228565386,297.04213520220134,43.24468929752423,130.47330217300708,265.1598570027929,463.8905030268773,902.7683570035705
MY_0p5_3.2500_115.2500,115.25,3.25,1988-11-01,1988,11,420.5402940194818,94.60816767245907,115.0869391718997,85.97449829004988,148.40132710903507,234.3758347909662,42.92540563510943,129.45550730258603,262.65948428383354,456.65240575090235,891.6927810862094
MY_0p5_3.2500_115.7500,115.75,3.25,1988-11-01,1988,11,432.3411830944961,91.17009795113896,109.58905132165116,140.3949991290489,183.82365846098136,324.2186687340897,43.11005200161023,130.10966063081548,264.49835170788714,462.1428006632944,899.8608515021507
MY_0p5_3.7500_100.7500,100.75,3.75,1988-11-01,1988,11,404.6015319824219,81.33356475830078,122.04086303710938,50.61455154418945,129.26907348632812,179.8836212158203,42.92898178100586,129.73147583007812,264.74755859375,466.7159423828125,904.1239624023438
MY_0p5_3.7500_101.2500,101.25,3.75,1988-11-01,1988,11,435.3915453170982,76.50988712742877,121.22797653050098,93.10805883068097,211.86647838604875,304.97452695778657,43.25955174270186,130.5817668630853,265.75438070451554,466.1075820675946,905.70326267477
MY_0p5_3.7500_101.7500,101.75,3.75,1988-11-01,1988,11,514.3561624639175,70.84746364423425,113.37670869280579,134.5582088300377,234.0916156647312,368.6498100134978,43.3485629452262,130.78149652177362,265.7927105168628,464.87267774837034,904.7954091843527
MY_0p5_3.7500_102.2500,102.25,3.75,1988-11-01,1988,11,626.7271362304688,70.51899346245659,111.43909410749163,140.77798481290301,208.49900871155754,349.27699119931174,43.26808878580729,130.59508788093686,265.71431516617065,465.81338103763636,905.3908768911209
MY_0p5_3.7500_102.7500,102.75,3.75,1988-11-01,1988,11,709.4010317847842,71.61269155835348,109.09009825691344,226.6721284412202,271.6125704326327,498.2847098214286,43.494884660508895,131.24508574955047,266.9029943072606,467.724908641028,909.3678588867186
MY_0p5_3.7500_103.2500,103.25,3.75,1988-11-01,1988,11,741.0187120171657,72.09838797276714,109.64093753590305,328.1251527075674,351.58473654354316,679.709887934666,43.254504244935276,130.12408752441405,264.14670984604777,461.1818140366498,898.7070973115809
MY_0p5_3.7500_113.2500,113.25,3.75,1988-11-01,1988,11,507.26072216033936,96.63962948322298,113.82120513916016,145.2943855660861,228.33355262631278,373.62792568519467,43.38736443441422,130.92213164782916,266.30536489017675,467.12140592981564,907.7362690909964
MY_0p5_3.7500_113.7500,113.75,3.75,1988-11-01,1988,11,494.7978438560409,98.2791074238126,112.25299726566452,126.42118576197949,215.90149187501578,342.32265879806965,43.34949865001691,130.8151932503413,266.11611405159664,466.88147219562217,907.1622685799707
MY_0p5_3.7500_114.2500,114.25,3.75,1988-11-01,1988,11,465.1532195358031,99.77923688131665,117.65304320804655,130.5057185581752,201.344347078838,331.85006219773067,43.30877121213882,130.69053727407302,265.8076767694382,466.0684738885788,905.8754415845115
MY_0p5_3.7500_114.7500,114.75,3.75,1988-11-01,1988,11,439.358002484034,100.64469691685268,124.94782627650669,121.27873682900079,174.77184433710005,296.05057038806734,43.203984832763666,130.39019935244605,265.2590126643105,465.16778225368927,904.0209619915674
MY_0p5_3.7500_115.2500,115.25,3.75,1988-11-01,1988,11,417.34463936941967,93.88697897290427,112.14644518655443,103.77712831043061,159.17999751984127,262.95714067731586,42.98206601824079,129.62215944320437,262.96674058702257,457.2352202884734,892.8061940026661
MY_0p5_3.7500_115.7500,115.75,3.75,1988-11-01,1988,11,420.2861249086668,88.92538616811629,109.71308712307497,131.7649180460319,189.9156898114321,321.68062827569975,43.16532274973478,130.23252725944243,264.5510357095183,461.6422323322982,899.5911272446886
MY_0p5_4.2500_100.7500,100.75,4.25,1988-11-01,1988,11,367.3797348022461,82.25989259134127,123.04524576615316,60.156997976497735,117.49049897485851,177.6474932612205,42.831077357700906,129.4477051404058,264.1629008390466,465.3942531040737,901.8359362543848
MY_0p5_4.2500_101.2500,101.25,4.25,1988-11-01,1988,11,384.58862174573795,73.75285135257018,116.07788452828765,87.45483987650294,176.4934913975418,263.9483297068602,42.97968068699928,129.69822712309045,263.5968075891968,459.9829887827491,896.2577155046404
MY_0p5_4.2500_101.7500,101.75,4.25,1988-11-01,1988,11,543.4108231272486,72.78449807456508,119.83984723563394,121.50381623289458,231.70980249959442,353.213623826877,43.343058394166995,130.81037907707045,266.0866317017772,466.27386806110223,906.5139255706497
MY_0p5_4.2500_102.2500,102.25,4.25,1988-11-01,1988,11,804.6552213723668,73.86294370413589,113.37113721073628,154.40699024627006,258.03664956382295,412.4436418332231,43.43828552294844,131.08529185334717,266.63596429306864,467.3813170411717,908.5408418795553
MY_0p5_4.2500_102.7500,102.75,4.25,1988-11-01,1988,11,957.9349717061233,71.66838151482261,107.4033521421396,272.9604683651287,365.94641832485325,638.9069051560324,43.77690239924534,131.9862660207566,267.845787388504,467.2769734570935,910.8859338456657
MY_0p5_4.2500_103.2500,103.25,4.25,1988-11-01,1988,11,974.7800833359066,73.04243939761916,112.53883313966546,399.37075178299216,444.9956818158619,844.366451250136,43.98327015999718,132.52438811724195,268.61166924134363,467.44518022171707,912.5644931062174
MY_0p5_4.2500_113.7500,113.75,4.25,1988-11-01,1988,11,505.4103388710628,100.5648321093935,114.21476968729272,115.1743776573325,201.79485047538324,316.96923453852816,43.26854504279371,130.6150187366414,265.8936332846588,466.97055485563465,906.7477555184994
MY_0p5_4.2500_114.2500,114.25,4.25,1988-11-01,1988,11,500.6384702546826,101.21353122902653,118.65885194756352,109.38327974886508,196.78801370863746,306.171301293097,43.26536097581782,130.6096736952145,265.9018722003952,467.1030150895874,906.879910384366
MY_0p5_4.2500_114.7500,114.75,4.25,1988-11-01,1988,11,473.1721158854167,100.82054239908857,125.26552271525065,143.52504313151044,211.3580608113607,354.8831123860678,43.32023834228516,130.71458211263024,265.8032602945964,465.78261067708337,905.620681966146
MY_0p5_4.2500_115.2500,115.25,4.25,1988-11-01,1988,11,427.57649072011316,95.83108894030254,114.88846683502199,92.86984234386021,156.0527888403998,248.92263740963406,42.93777332040999,129.51171917385525,262.77581426832415,456.88477494981555,892.110096613566
MY_0p5_4.2500_115.7500,115.75,4.25,1988-11-01,1988,11,400.0743147510594,88.1646490581965,107.8582675998494,87.15815009424243,176.74810294458428,263.9062510862189,43.10120730642546,130.02404919640495,264.0127197265625,460.2018759517347,897.3398253360039
MY_0p5_4.2500_116.2500,116.25,4.25,1988-11-01,1988,11,387.5861766163896,94.59362039333438,108.95526169567573,120.76141685392801,221.55122347575866,342.3126440280822,43.315746749319686,130.685552271401,265.5072146159847,463.81467512177255,903.323179291516
MY_0p5_4.2500_116.7500,116.75,4.25,1988-11-01,1988,11,381.24429091966226,97.36405922773947,105.78742928036378,117.96343645746309,206.08414066733653,324.0475808733461,43.202714710566354,130.41586233150065,265.29380436715365,464.4392737239772,903.351664107659
MY_0p5_4.2500_117.2500,117.25,4.25,1988-11-01,1988,11,378.03709249580857,99.62042081039564,105.69845462900349,89.21692532564686,161.36907236554984,250.586000628176,43.024015460394125,129.99608996906113,265.0355244864405,466.0792167461025,904.1348658198805
MY_0p5_4.2500_117.7500,117.75,4.25,1988-11-01,1988,11,360.4409847422543,99.47973072019397,102.84640652909239,56.061650830456344,122.93724421965771,178.99889093382745,41.46673285655486,124.4467260246603,253.95000399076025,447.3490275847607,867.2125129373666
MY_0p5_4.2500_118.2500,118.25,4.25,1988-11-01,1988,11,324.8498967042443,98.46720172368993,95.94118033245111,42.08027227365287,108.34055537327083,150.42082204636498,38.751843179107475,114.54377420996406,233.65727807306183,411.35640527032746,798.3092942936406
MY_0p5_4.2500_118.7500,118.75,4.25,1988-11-01,1988,11,302.76619240089695,98.60039661548755,91.82970428466797,44.69093704223633,109.27743530273438,153.96836853027344,37.19468688964844,108.83085632324219,221.91043090820312,390.4399108886719,758.3758544921875
MY_0p5_4.7500_100.2500,100.25,4.75,1988-11-01,1988,11,313.2777167426216,90.76696099175348,,,,,,,,,
MY_0p5_4.7500_100.7500,100.75,4.75,1988-11-01,1988,11,338.21247898606947,83.38824822084747,122.33197359534782,50.07616877362011,100.1223374653638,150.19850915428097,42.56221133906667,128.5613106208119,261.8078274610566,458.16626274294964,891.0975847942073
MY_0p5_4.7500_101.2500,101.25,4.75,1988-11-01,1988,11,364.70515219478284,73.58839273604136,109.56254035101998,81.02810348026337,157.73279699900795,238.7608992319258,42.74247511606368,128.96581750294519,261.8876654730903,455.278472125341,888.8744592091392
MY_0p5_4.7500_101.7500,101.75,4.75,1988-11-01,1988,11,573.7082478711559,74.07795819479324,117.51313541957313,139.4783129253085,227.0127443343874,366.4910625155011,43.26631078568717,130.59152158706908,265.65224638439366,465.1995360359313,904.7095937577504
MY_0p5_4.7500_102.2500,102.25,4.75,1988-11-01,1988,11,916.5106026785714,74.64296250116257,110.16256030854724,243.3692048572359,331.88572097051707,575.2549176897321,43.643970562162856,131.62647356305803,267.269617280506,466.56478416806175,909.1048223586309
MY_0p5_4.7500_102.7500,102.75,4.75,1988-11-01,1988,11,1113.2525961323145,72.9329578618335,107.92566816973836,382.7578326182759,425.6981503431963,808.4559656616987,43.93393063393367,132.4200523522249,268.4973634367535,467.4626147033301,912.3139384081406
MY_0p5_4.7500_103.2500,103.25,4.75,1988-11-01,1988,11,1130.6924146317758,75.17320806588701,109.71654541466071,500.0478675532606,449.0907656961703,949.1385815609866,42.4914503766162,127.11541294787645,257.5271066475619,447.46822433190164,874.6021856892155
MY_0p5_4.7500_103.7500,103.75,4.75,1988-11-01,1988,11,1139.1640946237665,76.71690368652344,104.62974984305245,400.0560461267249,326.7693366508979,726.8253546380378,38.388561694653,112.48010699779955,228.06835798783735,396.94458998642955,775.881624296114
MY_0p5_4.7500_113.7500,113.75,4.75,1988-11-01,1988,11,532.94677734375,101.89156341552734,,,,,,,,,
MY_0p5_4.7500_114.2500,114.25,4.75,1988-11-01,1988,11,532.94677734375,102.27541242327008,123.40573120117188,129.01393127441406,205.1633758544922,334.17730712890625,43.28290939331055,130.680419921875,266.0829772949219,467.4595642089844,907.505859375
MY_0p5_4.7500_114.7500,114.75,4.75,1988-11-01,1988,11,510.1518009965139,103.41757965087892,129.23001984627018,176.29371249291205,233.2659874372585,409.55969927387855,43.402761972078714,130.94635764501427,266.19604820333507,466.23779526577204,906.7829576717911
MY_0p5_4.7500_115.2500,115.25,4.75,1988-11-01,1988,11,470.5949376424153,101.14312473932901,126.87229585647583,103.62590112288791,179.16902422904963,282.7949209213256,43.070020655790955,129.935934305191,263.81194607416785,459.6343917846679,896.4522838592528
MY_0p5_4.7500_115.7500,115.75,4.75,1988-11-01,1988,11,430.1743346199157,93.82441764710441,115.97781326051741,56.03241437881712,144.6955839611235,200.72800191243488,42.89766252305772,129.44873473152282,262.97885897197426,458.4633717370412,893.7886170402405
MY_0p5_4.7500_116.2500,116.25,4.75,1988-11-01,1988,11,385.581065344432,93.692777797154,115.83131391737193,55.8951068091014,148.18253086635042,204.07763763912138,42.99027525886655,129.7607235863095,263.8775630890376,461.4649547758555,898.0934994652156
MY_0p5_4.7500_116.7500,116.75,4.75,1988-11-01,1988,11,360.35313724566106,94.15051242973232,111.49248347704922,55.71334766436227,149.21850933606115,204.9318536685992,42.989113843893705,129.76664762859104,263.96629990203473,461.90574491476707,898.627802981606
MY_0p5_4.7500_117.2500,117.25,4.75,1988-11-01,1988,11,358.10799802749875,94.14732300289094,107.40016121031745,49.88164922320653,140.848675343347,190.7303250267392,42.9017103164915,129.54196888757127,263.68419305710563,461.7970556834388,897.9249426463293
MY_0p5_4.7500_117.7500,117.75,4.75,1988-11-01,1988,11,341.4376617624789,94.48971475528764,106.24219706088682,39.437373082849035,122.47824200497396,161.91561730300322,42.821476936340325,129.37148642238182,263.678567717347,463.01569047758846,898.8872417981111
MY_0p5_4.7500_118.2500,118.25,4.75,1988-11-01,1988,11,317.4431830171365,94.89997238849277,107.62959753448644,42.27122088293335,123.84922311294021,166.12044130258226,42.89525259200054,129.61066954339574,264.309781175163,465.03985350335665,901.8555724177531
MY_0p5_4.7500_118.7500,118.75,4.75,1988-11-01,1988,11,300.8940908697587,93.7947796205931,108.58344742014438,50.3840932242478,123.88737391218355,174.27146100394336,42.938266657575774,129.75865617583068,264.74014011817644,466.5088145581982,903.9458695423755
MY_0p5_5.2500_100.2500,100.25,5.25,1988-11-01,1988,11,305.0516380354159,91.91711553672835,72.00656127929688,32.0648307800293,34.76515579223633,66.82998657226562,28.087657928466797,76.0885009765625,154.924560546875,270.4180908203125,529.518798828125
MY_0p5_5.2500_100.7500,100.75,5.25,1988-11-01,1988,11,333.6793162027995,85.27772925171672,123.10679030144354,57.18231477408574,111.24362222079573,168.4259341886674,41.66996295972802,125.2925393992457,254.70606801701692,443.54361909011317,865.2121820559448
MY_0p5_5.2500_101.2500,101.25,5.25,1988-11-01,1988,11,385.6014251224578,77.64365527440631,114.71092638288225,103.00044682820638,169.6541500515408,272.6545889718191,42.75066795954629,129.00363202776225,262.01884300595236,455.6113422696552,889.3844825381325
MY_0p5_5.2500_101.7500,101.75,5.25,1988-11-01,1988,11,601.99215396954,75.31499896687309,120.91720544608536,209.6889586722016,233.49070477333802,443.1796657294985,43.23995746928416,130.51557115688448,265.4779945908079,464.5979066107684,903.8314098188073
MY_0p5_5.2500_102.2500,102.25,5.25,1988-11-01,1988,11,938.4422772644432,79.70285359765313,117.90242577813991,306.46756797839123,305.5301617664896,611.9977547226438,43.31177114984791,130.5179529372294,265.23698609953476,463.88653729675667,902.9532128595242
MY_0p5_5.2500_102.7500,102.75,5.25,1988-11-01,1988,11,1140.6927355042499,77.14431310763025,114.24620503571072,440.72772061622743,407.2529333082297,847.9806394415386,42.809266494492356,128.38782113285387,260.33345419673594,453.30553723351426,884.8360570875265
MY_0p5_5.2500_103.2500,103.25,5.25,1988-11-01,1988,11,1169.412726960359,78.7011311041615,124.4776639071378,546.7368171989144,481.74665436187354,1028.4834123091266,43.96865797662116,132.41415895734517,268.26908864603416,466.2781784255783,910.9300430099686
MY_0p5_5.2500_115.2500,115.25,5.25,1988-11-01,1988,11,528.2540755733368,102.83323767877395,132.99248942390815,113.30866754250448,171.9615303414767,285.27020013527795,43.00624147008678,129.74031141937758,263.5180418921299,459.74983140288805,896.0144293112833
MY_0p5_5.2500_115.7500,115.75,5.25,1988-11-01,1988,11,510.0711145305314,100.26403736162789,126.84172658112091,82.9977075091863,144.32913792497018,227.32684858936372,42.846609497070304,129.25833109192928,262.5118575791181,457.60543906001715,892.2222335556805
MY_0p5_5.2500_116.2500,116.25,5.25,1988-11-01,1988,11,447.9875319275675,95.0521527302416,118.80122334444071,75.59140333344665,151.29167687138425,226.8830801565436,42.98932767216163,129.76227724099462,263.9430148933507,461.92109013810943,898.6156987057457
MY_0p5_5.2500_116.7500,116.75,5.25,1988-11-01,1988,11,412.03071430061436,93.74818181387985,115.49427493614485,74.76149517976785,163.27758026123047,238.0390672804434,43.05655075024954,129.94452580319174,264.212152698372,462.010064330282,899.2233102532881
MY_0p5_5.2500_117.2500,117.25,5.25,1988-11-01,1988,11,407.8305129278274,93.87491113571893,112.47044309585813,70.02627584063816,168.4464806450738,238.47276155986484,43.09432954334078,130.07378457690044,264.5955713665674,463.3129029289124,901.0766000899057
MY_0p5_5.2500_117.7500,117.75,5.25,1988-11-01,1988,11,380.4030621241009,92.71090245322574,108.3443105304052,63.39056515163845,169.42446017795137,232.81502569289432,43.12301471044147,130.19638066367497,265.06479395306303,465.17179904513887,903.5559942336309
MY_0p5_5.2500_118.2500,118.25,5.25,1988-11-01,1988,11,334.3495632073818,91.89199634722084,105.61482496322338,57.66867547733768,157.63848891531586,215.30716083307937,43.08279425019672,130.13409564753246,265.2333486763535,466.5679776137043,905.0182380433295
MY_0p5_5.2500_118.7500,118.75,5.25,1988-11-01,1988,11,301.8871548461915,91.10002593994139,106.38824187384711,54.0531644821167,127.53734821743436,181.59050920274524,42.953024970160584,129.8056117163764,264.85227754380963,466.78757773505316,904.3984807332357
MY_0p5_5.2500_119.2500,119.25,5.25,1988-11-01,1988,11,282.2401892257063,91.28978140694754,106.98332977294922,52.95341873168945,114.97163391113281,167.925048828125,42.89851379394531,129.66383361816406,264.6668701171875,466.77178955078125,904.0009765625
MY_0p5_5.7500_100.2500,100.25,5.75,1988-11-01,1988,11,320.90233082814257,92.46496008108328,111.49857400316712,48.012474899991936,65.03945411892111,113.05192901891306,35.510200150516056,103.18562589872869,210.5321578279548,369.5344560255698,718.762423174097
MY_0p5_5.7500_100.7500,100.75,5.75,1988-11-01,1988,11,361.14601391989083,87.95844217936198,121.15440884908038,95.2378736368815,140.33810389200846,235.57597752888995,40.81413916269938,122.11578180948892,248.4121266682943,433.43211883544916,844.7741630045572
MY_0p5_5.7500_101.2500,101.25,5.75,1988-11-01,1988,11,417.75553413451195,83.09084016694797,121.73482960978832,161.16151109830602,203.36504982775594,364.5265722800428,42.91558514993023,129.4978791484683,263.06501193309396,457.95541958546085,893.4339001272608
MY_0p5_5.7500_101.7500,101.75,5.75,1988-11-01,1988,11,633.0558990478514,79.67492688496908,130.75678494771324,299.7754531860352,269.4159459431966,569.1913983662923,43.3704391638438,130.84729518890381,265.85645535786944,464.30168749491384,904.375855255127
MY_0p5_5.7500_102.2500,102.25,5.75,1988-11-01,1988,11,930.5027927496494,83.21734897906963,136.10322722361144,376.6375409778119,279.20795766913926,655.8455081002078,42.65216776016184,128.14330024590797,260.31113585398253,454.98092692468293,886.0875441425976
MY_0p5_5.7500_102.7500,102.75,5.75,1988-11-01,1988,11,1133.7372007533484,80.17875901009272,109.2556381225586,338.4305114746094,253.14083862304688,591.5713500976562,37.02395248413086,107.75550079345703,218.68661499023438,381.3409423828125,744.8070068359375
MY_0p5_5.7500_103.2500,103.25,5.75,1988-11-01,1988,11,1182.509033203125,81.07465362548828,,,,,,,,,
MY_0p5_5.7500_115.2500,115.25,5.75,1988-11-01,1988,11,575.5978780110676,102.04134572347004,131.6038055419922,191.26744079589844,211.37442016601562,402.6418762207031,43.326316833496094,130.7548828125,266.0054626464844,466.6712341308594,906.7578735351562
MY_0p5_5.7500_115.7500,115.75,5.75,1988-11-01,1988,11,546.8307345337663,98.52073458806137,122.25794866652718,175.65374305361792,216.5850318545387,392.2387762160529,43.25266828991118,130.47769266764325,265.09616495768233,463.4272109258743,902.2537301199777
MY_0p5_5.7500_116.2500,116.25,5.75,1988-11-01,1988,11,492.0474652002728,90.95972617013113,113.4318620469835,149.89570859878782,214.2126263330853,364.1083316863529,43.21621145823646,130.33640868171813,264.5962910970052,461.4512915232824,899.6002086821056
MY_0p5_5.7500_116.7500,116.75,5.75,1988-11-01,1988,11,449.13493904234866,87.28543059333923,104.0390174018012,105.37193448505704,205.39717678493923,310.7691045851934,43.247289857410244,130.43175412132626,264.81021476624505,461.8876069568453,900.3768814329118
MY_0p5_5.7500_117.2500,117.25,5.75,1988-11-01,1988,11,443.53790591267,91.41964300498601,103.17800032077152,98.97390836120027,205.87617800739665,304.8500836008355,43.298427437382166,130.65737366300274,265.72955784361443,465.69196942928085,905.3773416705689
MY_0p5_5.7500_117.7500,117.75,5.75,1988-11-01,1988,11,413.7827233692957,91.77122596861824,101.67885046837316,97.97369533257196,195.51014048941184,293.48383305696836,43.25446183889505,130.5942242513567,265.96524262908326,467.50881917044626,907.3227557495939
MY_0p5_5.7500_118.2500,118.25,5.75,1988-11-01,1988,11,356.4897258919729,91.18951899210613,102.57515818277996,103.62081278483072,215.64216166178386,319.26298136393234,43.327021823459205,130.791225382487,266.27956095377607,467.81042236328125,908.208241373698
MY_0p5_5.7500_118.7500,118.75,5.75,1988-11-01,1988,11,309.54960808387176,90.96981518085188,103.24454498291016,107.67387390136719,230.63174438476562,338.3056335449219,43.38346862792969,130.94052124023438,266.4920349121094,467.9012451171875,908.71728515625
MY_0p5_6.2500_99.7500,99.75,6.25,1988-11-01,1988,11,334.156567143459,95.33110958922144,138.80261975665425,63.631917554278715,72.97727398539698,136.6091915396757,41.875215574752445,126.59808615751044,257.85511105559596,449.4419655023619,875.7704183888991
MY_0p5_6.2500_100.2500,100.25,6.25,1988-11-01,1988,11,367.77908718585974,92.20238050818445,131.78531624930244,71.39174860740195,98.21718332718828,169.6089291319555,40.43862862100406,121.10629281803051,247.04044114716197,433.27832230548466,841.8636870715083
MY_0p5_6.2500_100.7500,100.75,6.25,1988-11-01,1988,11,414.86279002303786,89.91624659829161,128.00689815094114,144.82440983834874,173.35661510334972,318.1810212595583,42.13624260508416,126.85806863556498,258.1664263751056,451.5858147227166,878.746573547599
MY_0p5_6.2500_101.2500,101.25,6.25,1988-11-01,1988,11,460.84002967247596,87.6712130033053,126.85921701284555,195.5989276592548,214.22255671574524,409.82148061899034,42.97444997934195,129.69929833045376,263.60812377929693,460.2293184720553,896.5112126277044
MY_0p5_6.2500_101.7500,101.75,6.25,1988-11-01,1988,11,729.4528041294642,85.82734789167131,140.6891078404018,382.19814104352673,269.622274344308,651.820387486049,43.408552115304126,130.92550702776228,265.9105477469308,464.33264072963163,904.5772757393972
MY_0p5_6.2500_102.2500,102.25,6.25,1988-11-01,1988,11,891.7633107503256,85.2991605153898,147.5922088623047,442.3836975097656,275.0947265625,717.4783935546875,43.474117279052734,131.0748748779297,265.98583984375,463.8758239746094,904.4107055664062
MY_0p5_6.2500_115.7500,115.75,6.25,1988-11-01,1988,11,528.6669894131747,95.67370657487349,128.91297912597656,187.1969757080078,227.66067504882812,414.8576354980469,43.36753463745117,130.8601531982422,266.0285949707031,465.7284851074219,905.9848022460938
MY_0p5_6.2500_116.2500,116.25,6.25,1988-11-01,1988,11,500.6220017817982,91.3762378692627,118.7194683394243,145.4476408433284,204.4177785192817,349.8654142539406,43.229253827737814,130.42010417383673,264.98765933671183,462.9910275631539,901.628067352698
MY_0p5_6.2500_116.7500,116.75,6.25,1988-11-01,1988,11,467.96184818328373,87.53257928273035,105.03893846784318,101.22117866637214,187.52117367699034,288.7423521011595,43.139559379456536,130.1389127216642,264.3804734971788,461.6342679462736,899.2932305230033
MY_0p5_6.2500_117.2500,117.25,6.25,1988-11-01,1988,11,461.5417340959821,89.79637129041885,101.81807706318205,108.08202577621218,194.74593622116817,302.8279520670573,42.67158692375062,128.43435809423053,261.3027410598028,458.08787502712676,890.4965692429315
MY_0p5_6.2500_117.7500,117.75,6.25,1988-11-01,1988,11,445.1434399286906,90.75155587991078,102.41799783985519,105.75350911993732,189.504972491348,295.2584765696386,42.540691420348764,127.99748051515101,260.63326705129526,457.84328277766355,889.0147094726561
MY_0p5_6.2500_118.2500,118.25,6.25,1988-11-01,1988,11,427.9695292881557,90.85818862915038,104.66757147652763,97.0575406210763,187.90708432878765,284.9646312168666,43.21496200561524,130.47328295026506,265.72981589181086,467.118661063058,906.5367017473494
MY_0p5_6.7500_100.2500,100.25,6.75,1988-11-01,1988,11,385.33939608405615,91.60976163078756,136.1130172505098,87.56419411827535,117.99259870192583,205.55678715425378,42.33889776117661,127.98039666344137,260.85434453627647,456.41831745820883,887.5919795316809
MY_0p5_6.7500_100.7500,100.75,6.75,1988-11-01,1988,11,445.2169562445747,90.09083020245588,132.4881444860388,170.3361717506691,180.85167100694446,351.1878306070964,42.72352826153791,128.98065976743345,262.2165640371817,458.52326795789935,892.4440330222802
MY_0p5_6.7500_116.2500,116.25,6.75,1988-11-01,1988,11,492.5686715663165,91.17926220561182,114.61895323962702,120.96308973358899,184.7265825969417,305.6896816346704,43.154602422946844,130.24988835032394,264.9995660549257,464.4549344690835,902.8590013457509
MY_0p5_6.7500_116.7500,116.75,6.75,1988-11-01,1988,11,485.81058534852264,90.36008754372597,107.30352783203124,110.34323421674283,175.38150941147634,285.72474652316737,41.755903492803164,125.1517954588879,254.438834932953,445.2676026114362,866.6141381546443
MY_0p5_6.7500_117.2500,117.25,6.75,1988-11-01,1988,11,477.68124115772736,89.93207788059853,101.74787129765063,108.40418263663233,175.02158369216247,283.4257582942996,40.66278030598058,121.14819373071722,246.32015835922377,431.1768426135578,839.3079742161574
MY_0p5_6.7500_117.7500,117.75,6.75,1988-11-01,1988,11,468.73710801866315,90.11162249247234,104.04610204696655,112.04609680175781,186.10608148574826,298.15216541290283,41.17644011974335,122.9963743686676,250.38799619674683,439.4848766326905,854.0456829071045
MY_0p5_7.2500_116.7500,116.75,7.25,1988-11-01,1988,11,501.2332585852916,90.43742655193995,110.79125233525815,100.75179476530656,153.43319051991338,254.1849840247113,40.8831869042438,121.96109380307406,247.5102324112602,431.47926051927647,841.8337821628737
MY_0p5_7.2500_117.2500,117.25,7.25,1988-11-01,1988,11,495.4196123002886,89.9095161369255,110.13245849609373,90.44909732216283,138.497658177426,228.9467551783511,40.21840603477076,119.54751137181333,242.39399349814965,421.69871247944076,823.8586149516859
MY_0p5_0.7500_110.2500,110.25,0.75,1988-12-01,1988,12,341.6795443021335,90.90661538931042,131.29759521484377,69.96753363976113,176.00196075439456,245.96950730543873,42.857841785137474,129.42617727426384,263.4562927246094,460.84881967397837,896.5891639122598
MY_0p5_0.7500_110.7500,110.75,0.75,1988-12-01,1988,12,385.78818446568084,92.2063874380929,132.5918956211635,72.56515949794223,153.92704380580355,226.49219752720427,42.860800116402764,129.51302206856863,264.0751499720982,463.93423854282923,900.3832231794084
MY_0p5_0.7500_111.7500,111.75,0.75,1988-12-01,1988,12,420.6403435601128,90.39048355344742,128.65391492086744,107.96790616474455,202.99762035551524,310.9655136835008,43.20595508151584,130.45183648003473,265.64663986932663,466.5216674804688,905.8260992140997
MY_0p5_1.2500_103.2500,103.25,1.25,1988-12-01,1988,12,93.82052597490329,105.81139040456236,127.52368025346236,7.692774252458053,16.95434080470692,24.647114406932488,37.547539104114875,111.8917602192272,229.50554136796433,402.5182127519088,781.4630792791194
MY_0p5_1.2500_103.7500,103.75,1.25,1988-12-01,1988,12,102.21023929929271,105.17191336918803,117.803410650457,9.776852413288598,34.07795046834113,43.85480162240926,38.8943258118861,116.92089658570521,240.01034501455365,422.4807777775144,818.3063550041717
MY_0p5_1.2500_104.2500,104.25,1.25,1988-12-01,1988,12,110.29041290283203,104.75010321480889,107.15495300292969,12.19230842590332,54.51776123046875,66.71006774902344,40.6339225769043,123.43695068359375,253.63006591796875,448.2237548828125,865.9246826171875
MY_0p5_1.2500_109.7500,109.75,1.25,1988-12-01,1988,12,298.65258200771837,92.22046955522285,129.67242100727128,69.35821353958313,145.9327013866011,215.29091469638323,42.75380499966174,129.2462685826313,263.72556608269014,463.65329200101183,899.3789363998966
MY_0p5_1.2500_110.2500,110.25,1.25,1988-12-01,1988,12,355.04193775073907,91.32401590825968,130.89371899932507,90.63081570481702,193.21593236739113,283.84676210852666,42.93116780873892,129.65974620686538,263.972606879864,461.9945550277887,898.5581009912677
MY_0p5_1.2500_110.7500,110.75,1.25,1988-12-01,1988,12,397.80762987893723,91.96708587162077,133.19151819622704,83.4527343265594,168.28537190755208,251.73809775700641,42.94541265094091,129.76187346927705,264.56276661706346,464.91456734793525,902.184624953497
MY_0p5_1.2500_111.2500,111.25,1.25,1988-12-01,1988,12,406.4542019877571,90.92208357740897,131.2844988545671,84.7241050305839,171.78989032586924,256.5139947958267,42.99477304818151,129.88338789772303,264.7318736310965,465.1571194097257,902.7671499039039
MY_0p5_1.2500_111.7500,111.75,1.25,1988-12-01,1988,12,426.23643953838047,89.62395695277623,126.9693165128193,112.0268299163334,196.01238674587677,308.0392053997706,43.16696766444615,130.34511045425654,265.4559534466456,466.15460495721726,905.1226341610864
MY_0p5_1.2500_112.2500,112.25,1.25,1988-12-01,1988,12,459.83659556432417,88.50786400809507,126.31423547425246,119.77667689444449,188.80977665470334,308.5864443706377,43.148246668316986,130.2878495424532,265.33340609013123,465.90353486501624,904.6730625520503
MY_0p5_1.2500_112.7500,112.75,1.25,1988-12-01,1988,12,524.6251900990804,88.36393229166667,124.19788265228273,162.39804871877035,200.9471836090088,363.34522501627606,43.16720310846964,130.31764698028564,265.16268221537274,464.4828071594238,903.130381266276
MY_0p5_1.2500_113.2500,113.25,1.25,1988-12-01,1988,12,567.5876862899116,90.0479712444803,126.26843155570651,176.56491938051968,210.8677073603091,387.43262674082877,43.198056063444724,130.3741936725119,265.10865717348844,463.736571204144,902.4174767535666
MY_0p5_1.2500_113.7500,113.75,1.25,1988-12-01,1988,12,552.4975400982481,90.75655653982452,126.99597352923767,167.769762096983,204.42818589643994,372.1979460282759,43.17315225890189,130.2865518512148,264.87116865678263,463.034843676018,901.3657208066998
MY_0p5_1.2500_114.2500,114.25,1.25,1988-12-01,1988,12,499.042643049122,90.02119891411436,125.01866906090119,145.58179021514624,194.23458943324806,339.8163881555068,43.14343011906717,130.18795857387306,264.65281771769565,462.6119417173673,900.596148735654
MY_0p5_1.2500_114.7500,114.75,1.25,1988-12-01,1988,12,463.76367482831404,88.63246770058909,116.2734148579259,138.3870834842805,210.88276032478578,349.2698452857233,43.185344449935414,130.2938458842616,264.76341493668093,462.35576112808724,900.5983453566029
MY_0p5_1.7500_102.7500,102.75,1.75,1988-12-01,1988,12,94.75695341331526,105.2374131007748,127.0007176399231,9.712113320827484,31.384776711463925,41.09688949584961,39.68788862228393,119.45453667640687,244.4718279838562,428.1092824935913,831.723533630371
MY_0p5_1.7500_103.2500,103.25,1.75,1988-12-01,1988,12,103.8609555218671,103.52266663658114,134.44697242736814,18.692883825302125,40.88131467819214,59.57419834136962,39.663906497955324,119.36656688690185,244.3381173706055,427.7600534057617,831.1286563110351
MY_0p5_1.7500_103.7500,103.75,1.75,1988-12-01,1988,12,109.62695527378516,103.2632891256598,127.84378075901465,18.043061624599407,46.57015869285487,64.61321987683259,39.67427545861353,119.6819838994666,245.42691262160673,430.85555228704123,835.6387360005439
MY_0p5_1.7500_104.2500,104.25,1.75,1988-12-01,1988,12,111.85419578552246,103.67317366600037,123.20051787620368,17.94074469573738,57.799367268880204,75.74011005726895,40.6996472676595,123.6455929778343,253.86154624288395,446.8239121547965,865.030696425327
MY_0p5_1.7500_109.7500,109.75,1.75,1988-12-01,1988,12,302.9269107552462,92.18860431050145,129.53012084960938,71.05412292480469,146.67031860351562,217.7244415283203,42.76015853881836,129.27023315429688,263.796142578125,463.872314453125,899.6988525390625
MY_0p5_1.7500_110.2500,110.25,1.75,1988-12-01,1988,12,367.4191047582734,92.16591116394662,130.29082272779496,121.97616446591954,213.74856232831823,335.7247404210708,43.024169044698624,129.97529699968146,264.760603797627,464.0646318241874,901.8247122535093
MY_0p5_1.7500_110.7500,110.75,1.75,1988-12-01,1988,12,416.64196777343744,91.41607943448152,134.44365844726562,103.26621742248534,190.68582000732422,293.95202331542964,43.09953308105469,130.22093353271484,265.50724639892576,467.0422119140624,905.8699127197265
MY_0p5_1.7500_111.2500,111.25,1.75,1988-12-01,1988,12,417.6137440514943,89.47194756401909,129.9115721946539,101.17050273806551,176.08131664187414,277.2518147313318,43.036061734931415,130.0136795398801,265.0301952273347,465.94062528388446,904.0205364848293
MY_0p5_1.7500_111.7500,111.75,1.75,1988-12-01,1988,12,442.74770925014826,87.67101379587679,122.23666910581947,129.40671843516674,176.79254242136506,306.1992624983002,43.042751167393924,130.0236817854869,264.9876487828508,465.639939127089,903.6940203316603
MY_0p5_1.7500_112.2500,112.25,1.75,1988-12-01,1988,12,488.41896284799725,87.25428604852584,121.717701769632,155.1699215359158,187.26677992078993,342.4367012145027,43.07812679230221,130.09620182097902,264.9492434547061,464.86550118582585,902.9890723818824
MY_0p5_1.7500_112.7500,112.75,1.75,1988-12-01,1988,12,528.6873154413132,88.57096693250868,122.59542677137587,187.64406069800967,202.01458561004154,389.6586417061942,43.137432534354076,130.25016072591146,265.1292119101872,464.7284557524181,903.2452793666296
MY_0p5_1.7500_113.2500,113.25,1.75,1988-12-01,1988,12,563.2772141229538,90.3618407234313,123.2719510033017,195.62159036303322,192.10634184337798,387.72792988126236,43.05136838640485,129.97832665821863,264.50285305447045,463.12371864924353,900.6562676323784
MY_0p5_1.7500_113.7500,113.75,1.75,1988-12-01,1988,12,544.7325032552084,91.07055828760542,123.44333045596169,177.5016872829861,188.66262880355592,366.16431158156627,42.99133054945204,129.76580360049294,263.8703208317832,460.96502559601305,897.5924783373634
MY_0p5_1.7500_114.2500,114.25,1.75,1988-12-01,1988,12,484.12202313135543,90.4331806243412,124.00494205535405,157.9687029641772,190.7357676672557,348.70448220873635,43.03325412084185,129.86837632921007,264.0030109708271,461.0790867396763,897.9837216331845
MY_0p5_1.7500_114.7500,114.75,1.75,1988-12-01,1988,12,449.97195798251295,89.69211044706829,120.80848148326182,140.75769153654267,198.80061972820698,339.55830391206894,43.058106298891374,129.9390516528194,264.1061093028963,461.08336627545134,898.1866372854599
MY_0p5_2.2500_101.7500,101.75,2.25,1988-12-01,1988,12,103.92620387221827,105.71751773718633,127.37172645029398,12.657533722694474,37.11254878959271,49.770080951729206,40.42090753112177,122.33647340716738,250.65763284702493,439.7074726759785,853.1224642666903
MY_0p5_2.2500_102.2500,102.25,2.25,1988-12-01,1988,12,99.00854992296136,103.2839489074415,123.51021002810538,15.58841648284328,41.97764339173239,57.56605877488424,40.045600033262694,121.08860808012017,248.02082087320574,434.29305139569,843.4481014269961
MY_0p5_2.2500_102.7500,102.75,2.25,1988-12-01,1988,12,102.54917195477063,102.17202604269679,129.27704195433026,20.106597658954087,39.12507781499549,59.231675763673415,40.32984212078625,121.8538274885733,249.4724828985673,437.19214755673954,848.8483023341698
MY_0p5_2.2500_103.2500,103.25,2.25,1988-12-01,1988,12,121.82614351302858,98.99068242633153,137.35929081023684,38.873761488899355,63.28631167941622,102.16007525731646,40.7900874546596,123.42585529145741,252.42068500821551,441.2115422324529,857.8481799897694
MY_0p5_2.2500_103.7500,103.75,2.25,1988-12-01,1988,12,127.43592392226395,99.46224416959082,142.4396490064718,38.32457596083819,68.76375632851811,107.0883338798911,40.452174804170255,122.49530318955243,250.884713072696,438.3344459663003,852.1666532872085
MY_0p5_2.2500_104.2500,104.25,2.25,1988-12-01,1988,12,122.49325015680577,100.25509525702252,148.3591313637978,30.817383048948177,65.83194051695264,96.64932257281848,40.749291380574874,123.85903981106341,254.11624574267174,444.69074116856603,863.4153386896307
MY_0p5_2.2500_104.7500,104.75,2.25,1988-12-01,1988,12,113.92033386230469,99.30955505371094,,,,,,,,,
MY_0p5_2.2500_109.7500,109.75,2.25,1988-12-01,1988,12,315.7800480011971,91.59086313555318,,,,,,,,,
MY_0p5_2.2500_111.2500,111.25,2.25,1988-12-01,1988,12,414.763487815857,87.88526549935341,122.42301211637609,147.0847879297593,196.09954003726733,343.1843275182387,43.02992377561681,130.02951565910786,265.1539652207318,466.19152383243335,904.4049458223229
MY_0p5_2.2500_111.7500,111.75,2.25,1988-12-01,1988,12,452.0367551773314,87.17331562344991,121.81107911609467,160.5808402894035,196.4328962053571,357.01373872302827,43.021628340463785,129.99709995814732,265.0456726074219,465.8117562430246,903.8761676122272
MY_0p5_2.2500_112.2500,112.25,2.25,1988-12-01,1988,12,508.12402256556925,87.53280433775886,120.22858973911829,200.1160162062872,205.47614247155568,405.5921661861359,43.04487298632425,130.02954028901598,264.91733020600816,464.85484696645585,902.8465802873882
MY_0p5_2.2500_112.7500,112.75,2.25,1988-12-01,1988,12,539.3361804780506,88.84807889423672,119.76258566720145,225.62871442522322,208.67506069607205,434.303774782211,43.058536178346664,130.04759477887833,264.8482805524553,464.3626931811135,902.3171078636532
MY_0p5_2.2500_113.2500,113.25,2.25,1988-12-01,1988,12,543.9273230174231,90.5765350826203,121.03215893942215,204.12839093889514,178.51207362583708,382.6404569111174,42.88263462611607,129.52721111963666,263.8140437050472,462.3056175595239,898.5295253208706
MY_0p5_2.2500_113.7500,113.75,2.25,1988-12-01,1988,12,514.9564422414273,90.5849376388743,121.81066614464869,173.84403180472458,172.08198779142356,345.926006365426,42.76139825507055,129.1078789143623,262.6092030971866,458.33992023709465,892.818400708935
MY_0p5_2.2500_114.2500,114.25,2.25,1988-12-01,1988,12,459.4839649018787,90.0080579000806,124.15360909113807,171.31576479957218,187.97358277335996,359.2893576970176,42.85317683144221,129.33766450427825,262.87706153506326,458.2776886470734,893.3455795045883
MY_0p5_2.2500_114.7500,114.75,2.25,1988-12-01,1988,12,429.7242382418725,89.21030571229997,122.5113122509372,147.61705056467366,197.99038573234316,345.607423351657,42.996169600948214,129.78234691004602,263.86385232248614,460.68508172804303,897.3274671985258
MY_0p5_2.2500_115.2500,115.25,2.25,1988-12-01,1988,12,415.1920471191406,87.95790100097656,117.69617462158203,81.10043334960938,195.09994506835938,276.20037841796875,43.052120208740234,129.9560546875,264.32183837890625,462.22381591796875,899.5538330078125
MY_0p5_2.7500_101.2500,101.25,2.75,1988-12-01,1988,12,144.29930114746094,104.00128936767578,133.72940063476562,28.97716522216797,50.097923278808594,79.07508850097656,41.37646484375,125.43354797363281,256.91015625,451.7853698730469,875.5054931640625
MY_0p5_2.7500_101.7500,101.75,2.75,1988-12-01,1988,12,117.5170012129114,101.86510456431995,112.89550398393109,26.866942846124818,61.159174804687495,88.0261172762784,40.79385362104935,123.67720864035867,253.18099398526272,443.8759315074573,861.5279802911931
MY_0p5_2.7500_102.2500,102.25,2.75,1988-12-01,1988,12,109.63813322516764,98.81120730357564,124.7829333019864,29.37331070869591,59.012424226019796,88.38573623462847,40.47952413862678,122.78878519337648,251.33804938443905,438.67609565880645,853.2824617616689
MY_0p5_2.7500_102.7500,102.75,2.75,1988-12-01,1988,12,115.80490962161292,97.67262963403628,130.21211609659318,36.25475441655026,52.57256324381767,88.8273174189314,40.846187832989266,123.90201155747037,253.81791479376295,444.6794350539582,863.2455434678475
MY_0p5_2.7500_103.2500,103.25,2.75,1988-12-01,1988,12,137.36797833290828,96.44873498807287,131.79334531164474,47.13610669761707,67.8324942619178,114.96860190713481,40.03003009869035,120.87290937581638,247.4614491553823,432.43111696668495,840.7954945169437
MY_0p5_2.7500_103.7500,103.75,2.75,1988-12-01,1988,12,142.5527939506199,98.10884017944336,133.53214260400165,43.76925305836761,69.11258852207166,112.88184437554004,39.11981035926925,117.71424039497904,241.2579616423576,421.60225132533486,819.6942678706438
MY_0p5_2.7500_104.2500,104.25,2.75,1988-12-01,1988,12,128.85051671196433,98.38887046365176,149.87855529785156,35.55816650390625,69.27877044677734,104.8369369506836,40.69750213623047,123.75530242919922,254.0205841064453,444.6252136230469,863.0986328125
MY_0p5_2.7500_111.2500,111.25,2.75,1988-12-01,1988,12,441.15630598397087,87.17068044728246,126.52892505421357,220.8341324750115,230.1683744542739,451.00249167049634,43.06238241756664,130.1116849113913,265.1653191061581,465.2734545539407,903.612845028148
MY_0p5_2.7500_111.7500,111.75,2.75,1988-12-01,1988,12,488.7470894485224,87.42807472729292,124.78928858658362,221.06995799623684,234.2364413820464,455.3063906965584,43.08769556571697,130.1754668663288,265.2517748865588,465.34814821440585,903.8630749932652
MY_0p5_2.7500_112.2500,112.25,2.75,1988-12-01,1988,12,543.2893040331104,88.65063790429997,122.79945114135742,233.25837010701497,235.03729075113932,468.2956567382812,43.09252143859863,130.16582438151042,265.13639882405596,464.8499045817057,903.2446223958333
MY_0p5_2.7500_112.7500,112.75,2.75,1988-12-01,1988,12,558.957952185522,90.17009148416638,120.9327308316774,211.32516194597076,212.29426299469378,423.6194204982322,42.99392191971405,129.87686649757094,264.5771262253387,463.83217939545835,901.2800945813143
MY_0p5_2.7500_113.2500,113.25,2.75,1988-12-01,1988,12,536.2572407071551,91.40120767260355,123.75403444804842,186.62313125852555,202.96915433368983,389.5922818622891,42.962643287295386,129.78646647135417,264.4012391105531,463.49831184508304,900.6486798967634
MY_0p5_2.7500_113.7500,113.75,2.75,1988-12-01,1988,12,497.76555026109054,91.33846134744631,126.4361115230876,171.419239019892,196.8605885110843,368.27981479912046,42.8953346568308,129.52338205325375,263.5512783755163,460.63902409061507,896.609031725841
MY_0p5_2.7500_114.2500,114.25,2.75,1988-12-01,1988,12,447.02208275131034,89.84284531315672,125.69069333619711,168.4316136806826,197.44091903107073,365.8725350295441,42.89567577989796,129.4608686423,263.1180287614653,458.7588232499134,894.2333825992631
MY_0p5_2.7500_114.7500,114.75,2.75,1988-12-01,1988,12,413.33813087803543,90.64702589192967,123.92082535081606,154.08223748662667,209.6433244450077,363.7255653332753,43.03149429855832,129.8976025429501,264.14074668155354,461.37320325329046,898.4430627519158
MY_0p5_2.7500_115.2500,115.25,2.75,1988-12-01,1988,12,396.841550809843,88.23068938384185,112.44294037690035,73.02631055127392,186.40575910688517,259.4320700705588,42.8196734522914,129.2369178565773,262.6534915958439,457.6753179876653,892.3853990709458
MY_0p5_3.2500_101.2500,101.25,3.25,1988-12-01,1988,12,161.99564785427518,103.51052565518984,140.80081396436879,36.85523669172354,57.92585119106426,94.7810878827878,41.585969071443905,126.00601368469951,257.83196119019027,452.78725317572804,878.2112170267661
MY_0p5_3.2500_101.7500,101.75,3.25,1988-12-01,1988,12,138.0795474646226,95.58520782373515,113.02065498206268,55.088341889108065,82.11477201911295,137.20310908518022,40.66164525754893,123.242243043936,251.78322319468123,438.40580798106595,854.092901727956
MY_0p5_3.2500_102.2500,102.25,3.25,1988-12-01,1988,12,126.65198635525175,95.29156036376953,125.6146713499039,52.443100992838545,66.82359011211092,119.26669100806826,40.603688557942704,123.12725396534755,251.8906417604477,439.25340430850076,854.8749674479167
MY_0p5_3.2500_102.7500,102.75,3.25,1988-12-01,1988,12,129.16880303394944,93.92644341384307,132.32941238789618,48.73832147332686,73.03584533401681,121.77416415154178,40.792654170265685,123.73931228058248,253.32893613018567,442.772278894352,860.633169826073
MY_0p5_3.2500_103.2500,103.25,3.25,1988-12-01,1988,12,148.37806388531914,93.75161872391593,131.3525585211838,51.83478133608542,76.48629578084045,128.3210802854855,39.28030570710521,118.08150830098008,241.71580674360945,422.0928283094971,821.1704266576115
MY_0p5_3.2500_112.2500,112.25,3.25,1988-12-01,1988,12,560.0273301866321,89.43172658284506,124.81851620144316,251.89666375054256,249.97852715386287,501.87518446180565,43.13993131849501,130.2946560329861,265.34297960069443,465.05099758572055,903.8285224066842
MY_0p5_3.2500_112.7500,112.75,3.25,1988-12-01,1988,12,568.9710299584174,91.67035090538762,125.02906617961945,183.01696564721277,204.53904974265174,387.5560140140721,42.951783758695015,129.78142747722688,264.50613753522026,464.02346901815446,901.26281538166
MY_0p5_3.2500_113.2500,113.25,3.25,1988-12-01,1988,12,533.008214735447,93.05490479433446,130.32022369269168,162.1506535501191,199.49492246454412,361.6455778642134,42.96770907893325,129.84435231757888,264.67891589078033,464.52602987578416,902.0170165553237
MY_0p5_3.2500_113.7500,113.75,3.25,1988-12-01,1988,12,491.87251654730903,93.03424554249597,129.09590296669612,159.37469245062934,197.1199540879991,356.4946433415488,42.947988964262464,129.7386233375186,264.26450970362106,463.0937374054439,900.0448680090525
MY_0p5_3.2500_114.2500,114.25,3.25,1988-12-01,1988,12,444.88919047944864,92.28249140453946,126.07245643275556,164.20059714347693,203.7617160286873,367.9623034045954,42.88430959859471,129.44425760257016,263.15062660168684,458.9419356425097,894.4211367467406
MY_0p5_3.2500_114.7500,114.75,3.25,1988-12-01,1988,12,403.7887254459843,93.79851930460353,124.57295647396406,134.98328058279245,188.33419406186246,323.3174781556342,42.860364549478916,129.39710250174167,263.16756988331014,459.47897542965643,894.9040233830738
MY_0p5_3.2500_115.2500,115.25,3.25,1988-12-01,1988,12,370.51008007194423,89.80244211607341,105.94969674605358,62.13576904731461,177.08889437325394,239.22467041015622,42.675663972202734,128.8064559743374,261.6899660327766,455.0960523388053,888.2681598904766
MY_0p5_3.2500_115.7500,115.75,3.25,1988-12-01,1988,12,355.04197641436974,86.07408407832799,98.94659732432848,58.74138551347711,172.5643241968048,231.30570743860818,42.79594322804655,129.21425688668583,262.8216326424245,458.7066972711113,893.5385653035024
MY_0p5_3.7500_100.7500,100.75,3.75,1988-12-01,1988,12,219.55848693847656,105.81012725830078,140.14515686035156,34.54579544067383,54.12537384033203,88.6711654663086,41.98716735839844,127.14314270019531,260.04949951171875,457.40283203125,886.5826416015625
MY_0p5_3.7500_101.2500,101.25,3.75,1988-12-01,1988,12,187.86376645212218,101.03903338978591,139.09777945607996,49.87750877454443,74.42649216636485,124.30399776816755,41.60276609254115,126.02106468422899,257.62201105506676,451.18731551185783,876.4331907994539
MY_0p5_3.7500_101.7500,101.75,3.75,1988-12-01,1988,12,173.01804458393772,90.74390693227197,122.99253952123556,78.7471871345666,85.83275587239844,164.57994116036,41.06066462036911,124.35162905067396,253.74857276867914,441.1382446289063,860.2991179448027
MY_0p5_3.7500_102.2500,102.25,3.75,1988-12-01,1988,12,187.64207768515934,88.78875332786924,126.03695974198597,80.60248006184895,77.11333836146763,157.71581309485055,40.810708630274206,123.62775329105439,252.4361242869544,439.0731334867931,855.9477184477305
MY_0p5_3.7500_102.7500,102.75,3.75,1988-12-01,1988,12,201.84510464138455,90.17065100291418,134.36686939057847,87.79612286280073,88.56791093614366,176.36403140113464,41.015187157524956,124.30816112699964,254.0656073676215,442.7997001526847,862.1886685810392
MY_0p5_3.7500_103.2500,103.25,3.75,1988-12-01,1988,12,210.21803922007282,90.37078279897986,138.6192980598001,101.02159884583718,97.54639225380093,198.5679862826478,40.63703726974188,122.91214240579045,251.29799296061196,437.9284670362286,852.7756297392004
MY_0p5_3.7500_113.2500,113.25,3.75,1988-12-01,1988,12,529.172610282898,94.73058807849884,132.8216215039863,144.27501690974003,207.15942207711643,351.43444173844136,42.98743407452693,129.91133768050398,264.83689255010887,464.81383426853864,902.5495325307378
MY_0p5_3.7500_113.7500,113.75,3.75,1988-12-01,1988,12,487.90949380277385,95.23677261594742,129.04961802658525,153.50899236487726,209.12550600909879,362.63449837397604,43.027466104254366,129.9921133788272,264.87480148759863,464.6826572850299,902.5770390087732
MY_0p5_3.7500_114.2500,114.25,3.75,1988-12-01,1988,12,446.52968761775264,95.39694158160496,125.32437274266802,134.18837614513578,175.7944338843936,309.98281802222846,42.87792417738172,129.52368798634362,263.87259211464533,462.6593886602492,898.9335908435639
MY_0p5_3.7500_114.7500,114.75,3.75,1988-12-01,1988,12,405.65630076574894,95.70378539070249,122.77562885587179,106.49755092802503,154.69117296006945,261.1887193952288,42.74551305619497,129.13000052315846,263.0307302323599,460.72672119140617,895.6329574342756
MY_0p5_3.7500_115.2500,115.25,3.75,1988-12-01,1988,12,359.34530784970235,89.27288883754184,102.73164612300812,81.0241930522616,180.70884985545325,261.7330563015408,42.75039129105825,129.04552069769963,262.26286814856155,456.5346705845423,890.5934399801587
MY_0p5_3.7500_115.7500,115.75,3.75,1988-12-01,1988,12,341.0283769566378,84.30700019452212,98.33031238583351,78.94420083135151,178.899750853614,257.84395560943824,42.79322548735914,129.18931491769476,262.6603591150517,457.8218590166929,892.4647695417884
MY_0p5_4.2500_100.7500,100.75,4.25,1988-12-01,1988,12,194.83671941757203,105.41226280392625,139.50832494618945,45.93410065320074,64.46308855329241,110.39718883280854,42.10939913379904,127.46074237434233,260.5089050292969,458.07130525550065,888.1503447863521
MY_0p5_4.2500_101.2500,101.25,4.25,1988-12-01,1988,12,186.20381276921708,94.39168242436307,127.40797220217954,64.10661544313857,92.13979456227297,156.2464157639036,41.419749861310244,125.36303249286239,255.59788279928222,444.5240744815511,866.904711097669
MY_0p5_4.2500_101.7500,101.75,4.25,1988-12-01,1988,12,217.99391950364793,89.26747121597633,127.71025397450018,87.51703180672644,86.00147130314154,173.51850252486648,41.187972961523286,124.72817612913093,254.6610846961269,443.72807492387176,864.3053181316145
MY_0p5_4.2500_102.2500,102.25,4.25,1988-12-01,1988,12,284.88651297572324,89.379247257123,126.88872130762655,95.04254145515614,88.84185359577022,183.88438751903206,40.88926050838191,123.86643365244518,252.95987460102904,440.2000086970223,857.9155755088735
MY_0p5_4.2500_102.7500,102.75,4.25,1988-12-01,1988,12,323.49466370017666,86.66834006339882,128.83952197907078,121.38923270839037,114.64264968094552,236.03187925496684,40.82425637457781,123.70721440406363,252.5125665360955,438.16782675579094,855.2118707158763
MY_0p5_4.2500_103.2500,103.25,4.25,1988-12-01,1988,12,325.8224718900538,89.28023135620543,136.64904115258196,160.196126160306,116.22699883756738,276.42312675236826,40.76804920688324,123.65343400908682,252.9137462655842,440.2091715211238,857.5443836172284
MY_0p5_4.2500_113.7500,113.75,4.25,1988-12-01,1988,12,467.77876669263077,97.78870021935666,126.99356237447488,142.97945216916642,163.22577652841244,306.2052286975789,42.850469517257984,129.52624137446566,264.2052580635503,464.3267465267541,900.9087011949073
MY_0p5_4.2500_114.2500,114.25,4.25,1988-12-01,1988,12,450.92427784428935,97.69187809417609,122.65219051405272,111.86878749302457,140.9975740292818,252.86636281841973,42.722369970962355,129.1693210086307,263.59824350717906,463.4529302295111,898.9428501202794
MY_0p5_4.2500_114.7500,114.75,4.25,1988-12-01,1988,12,416.53326822916665,96.8349100748698,120.52484542846679,110.68549189249674,167.33478566487636,278.02028076171877,42.80074132283529,129.33973978678384,263.64402343750004,462.4966101074219,898.2810994466147
MY_0p5_4.2500_115.2500,115.25,4.25,1988-12-01,1988,12,362.13723405202234,91.6790120601654,102.26329220665826,79.42940192752414,165.09097343020971,244.52037763595587,42.55044648382399,128.46859693527225,261.13028208414715,454.11924499935583,886.268584781223
MY_0p5_4.2500_115.7500,115.75,4.25,1988-12-01,1988,12,325.09789366641286,84.63621195130432,96.25251221737619,77.13511260727707,163.11596927966102,240.25108590853418,42.624010894258156,128.68981778419626,261.66993853035626,455.7267699160819,888.7105228747354
MY_0p5_4.2500_116.2500,116.25,4.25,1988-12-01,1988,12,300.1438194833151,90.5748372892054,104.17560889081258,75.67375811134896,169.03568346907454,244.70943785876761,42.739115249819875,129.04645017298253,262.5281442781774,458.19244328940795,892.5061440816739
MY_0p5_4.2500_116.7500,116.75,4.25,1988-12-01,1988,12,294.0790428205722,94.26289561718187,105.36263380987798,77.61980987284225,167.28963470458984,244.90944473178402,42.807770128194996,129.29786726229452,263.29120878539334,460.8103237262351,896.207161434813
MY_0p5_4.2500_117.2500,117.25,4.25,1988-12-01,1988,12,300.0754787478827,97.63052239882208,105.29878133588134,68.56409456033623,143.04751013021556,211.61160696924262,42.751110043145914,129.21664624509557,263.5697465744694,463.0401770667692,898.5776847906872
MY_0p5_4.2500_117.7500,117.75,4.25,1988-12-01,1988,12,294.53435457669775,98.20663276085484,101.0505354791625,42.99934441004044,104.0709349477393,147.07028406909387,41.13936199286046,123.51432810074245,252.16618373251367,443.4490143865602,860.2689042050614
MY_0p5_4.2500_118.2500,118.25,4.25,1988-12-01,1988,12,277.4801150316383,98.14353139776934,94.65486844785654,28.30366075114839,77.86136014901909,106.16502443544424,38.355281927023725,113.43456477268485,231.6395552325401,407.3140025533689,790.7434101469198
MY_0p5_4.2500_118.7500,118.75,4.25,1988-12-01,1988,12,265.804610075774,99.06798157868563,91.30355072021484,25.729970932006836,69.1713638305664,94.90133666992188,36.769317626953125,107.65115356445312,219.83807373046875,386.61163330078125,750.8701782226562
MY_0p5_4.7500_100.2500,100.25,4.75,1988-12-01,1988,12,132.45217810736762,114.27120378282336,,,,,,,,,
MY_0p5_4.7500_100.7500,100.75,4.75,1988-12-01,1988,12,161.21693399507706,104.85576033766252,136.63571421305338,50.0174927750254,71.27529060549853,121.29277956582666,41.26035370865489,124.75071675990654,253.94060435721545,441.0558063538093,861.0074780471925
MY_0p5_4.7500_101.2500,101.25,4.75,1988-12-01,1988,12,182.50907872086867,90.17535846044149,116.18069847954644,83.28872345212906,95.15143653021917,178.44015953427265,40.62760104224795,122.9961361113049,250.63556780133928,433.6723691910032,847.9316838340154
MY_0p5_4.7500_101.7500,101.75,4.75,1988-12-01,1988,12,245.6172143729629,87.43917139446926,123.30884992811417,125.34318963913692,109.47055559915212,234.8137394011967,40.3481170654297,122.30667412167507,249.85983910939055,433.66530403258315,846.179942685082
MY_0p5_4.7500_102.2500,102.25,4.75,1988-12-01,1988,12,335.4461446126302,87.69663565499442,123.32032441638766,157.93319600423175,127.43326314290367,285.36645420619413,40.6814069112142,123.22529427664621,251.36718386695497,435.5960719517298,850.8699643089657
MY_0p5_4.7500_102.7500,102.75,4.75,1988-12-01,1988,12,380.19230496351884,85.7125729360398,125.65703568185208,210.18182300154567,144.99989683309173,355.1817223615706,40.895291966237835,123.95917532854018,253.12000886953552,439.31486880551466,857.2893229685011
MY_0p5_4.7500_103.2500,103.25,4.75,1988-12-01,1988,12,371.5540467754925,89.94793345323251,124.3790295027279,225.28764883794474,135.38457869075762,360.67222769761884,39.21152796164651,118.10447352222853,241.59199034067979,419.66828158332856,818.5762653421214
MY_0p5_4.7500_103.7500,103.75,4.75,1988-12-01,1988,12,368.2902591103002,93.7560806274414,115.61713082449775,198.95081616686534,97.48568567053063,296.43650243189427,35.57062000423283,104.77919818828632,214.5049577192827,372.94591254692574,727.800662350345
MY_0p5_4.7500_113.7500,113.75,4.75,1988-12-01,1988,12,447.141845703125,99.54093170166016,,,,,,,,,
MY_0p5_4.7500_114.2500,114.25,4.75,1988-12-01,1988,12,447.141845703125,99.7314782823835,124.91867065429688,99.19406127929688,142.77157592773438,241.96563720703125,42.66300964355469,129.04000854492188,263.4676208496094,463.325439453125,898.49609375
MY_0p5_4.7500_114.7500,114.75,4.75,1988-12-01,1988,12,419.1805032709594,100.41641547090263,123.09490663261825,118.28922821373068,196.9298318842406,315.21904828471526,42.88476500972625,129.59626179356732,264.13049349220853,463.1290247107064,899.7405270812333
MY_0p5_4.7500_115.2500,115.25,4.75,1988-12-01,1988,12,363.87950340906775,97.98234407107034,111.94309429327645,100.16317443052927,184.5596348047256,284.72280701001483,42.69884510835012,128.92628479003903,262.1252190272013,456.49267721176136,890.2430264155068
MY_0p5_4.7500_115.7500,115.75,4.75,1988-12-01,1988,12,321.69240306067087,90.35669182671441,104.07254788837736,53.771385689387245,130.04171607607884,183.81309872581846,42.48411625453404,128.26006605360243,260.77905399383064,454.09397331116696,885.617205326141
MY_0p5_4.7500_116.2500,116.25,4.75,1988-12-01,1988,12,283.5533843509734,89.9615759955512,107.98179941328746,44.56583870781792,120.24182405017669,164.80766136532733,42.49263388013082,128.32952067057292,261.1670649452814,455.8325934516059,887.8218199714779
MY_0p5_4.7500_116.7500,116.75,4.75,1988-12-01,1988,12,277.18779329710367,91.92712262310559,105.2339501199843,54.69331834286074,135.24935570246058,189.9426783791071,42.59562122972706,128.65969119494474,261.9345750446561,457.7247167659711,890.9145899905434
MY_0p5_4.7500_117.2500,117.25,4.75,1988-12-01,1988,12,309.3302214122954,93.74724581279452,102.20621066623264,53.14025588262649,132.59971783350386,185.73997318328375,42.564034477112784,128.5924088735429,261.90914568219864,457.9830413333953,891.0486322312128
MY_0p5_4.7500_117.7500,117.75,4.75,1988-12-01,1988,12,315.56805883480024,95.68174466000326,101.57544326782225,42.59663172613216,109.46684207191949,152.063469802277,42.423670358295674,128.2360506419894,261.4715760629388,458.01225956784015,890.1435475409784
MY_0p5_4.7500_118.2500,118.25,4.75,1988-12-01,1988,12,305.59125706658295,97.89864307192703,105.26674717275344,47.258725516161135,113.5600612007793,160.81878393738714,42.5122280025003,128.53791007803915,262.2863082502356,460.4864222847637,893.8228695356667
MY_0p5_4.7500_118.7500,118.75,4.75,1988-12-01,1988,12,300.5913182512114,98.75774460804614,112.43343111834947,52.693152753612665,108.82123140745526,161.5143820847137,42.5441206437123,128.68757262410998,262.85415185855913,462.5685378448872,896.654404265971
MY_0p5_5.2500_100.2500,100.25,5.25,1988-12-01,1988,12,107.27662142715015,116.95713792922179,81.74227905273438,7.626180171966553,11.299473762512207,18.9256534576416,26.873456954956055,72.58590698242188,147.917236328125,255.86428833007812,503.2408752441406
MY_0p5_5.2500_100.7500,100.75,5.25,1988-12-01,1988,12,134.08290120043785,106.81664305095434,134.50213903668285,71.07401297010225,70.53525737236285,141.60926593035117,39.50995475944431,119.13923890563262,242.8362500420932,420.30996984722975,821.7954399722746
MY_0p5_5.2500_101.2500,101.25,5.25,1988-12-01,1988,12,180.39432581341453,92.4875998118567,118.7049786764478,134.7210360693553,100.04298480805896,234.7640188550192,40.17198545667861,121.79796702067057,248.70607154482886,430.5670097229972,841.2430435422866
MY_0p5_5.2500_101.7500,101.75,5.25,1988-12-01,1988,12,250.1585543687177,86.91029909461926,125.0031886738577,184.15445777261337,121.45462286396393,305.6090827504541,40.47063794713112,122.7115982930372,250.77198655438278,435.4166253934241,849.3708484430983
MY_0p5_5.2500_102.2500,102.25,5.25,1988-12-01,1988,12,327.6532884342655,92.0162454107005,126.77532023533135,214.5710955091343,137.8677016823155,352.4387979689677,40.649874583930725,123.10013964221736,251.64113354531057,437.8685388261346,853.2597038123258
MY_0p5_5.2500_102.7500,102.75,5.25,1988-12-01,1988,12,358.06413631874113,89.3075681309791,122.90036758164226,261.5987400895458,153.5152912463172,415.11404574119433,39.81523521552651,120.1890167236328,245.9148330429853,427.85914182501324,833.7782319666975
MY_0p5_5.2500_103.2500,103.25,5.25,1988-12-01,1988,12,339.5379744918259,92.96477649830007,128.7908520388913,286.0134668721782,155.18718630307683,441.20065347250414,40.394595034710775,122.7472952310141,251.6773689567269,438.34897643250304,853.168227951248
MY_0p5_5.2500_115.2500,115.25,5.25,1988-12-01,1988,12,349.9748279202369,100.2255456985966,120.0265230272637,68.61084090686236,139.8283723924981,208.43921198610403,42.51761733508501,128.42362600858095,261.4093823042072,456.5054716516714,888.8560981125129
MY_0p5_5.2500_115.7500,115.75,5.25,1988-12-01,1988,12,326.76974415858854,97.52275952206382,115.1196837344412,42.263661077467056,110.5827307490979,152.84639530505166,42.34701619552353,127.91229548050184,260.37273300946765,454.389704196736,885.0217531365862
MY_0p5_5.2500_116.2500,116.25,5.25,1988-12-01,1988,12,288.2151929638054,92.55245674712748,109.57727318775805,45.383960023711,116.06443528284001,161.4483927473237,42.52677008471912,128.4997950203811,261.8452333860759,458.4396450187587,891.3114577667624
MY_0p5_5.2500_116.7500,116.75,5.25,1988-12-01,1988,12,296.86932469621496,92.74647065657602,106.8065113840224,66.33181197733819,151.3520965817608,217.6839066517504,42.7237550638899,129.05411379850364,262.76620097099976,459.49770007556,894.0417793370501
MY_0p5_5.2500_117.2500,117.25,5.25,1988-12-01,1988,12,363.74326520647327,94.81217208135695,106.34434242854043,89.2127442859468,175.67805994427394,264.8908075726221,42.86362102447994,129.47896345834883,263.6546765524244,461.42617478143603,897.4234378875248
MY_0p5_5.2500_117.7500,117.75,5.25,1988-12-01,1988,12,381.8167975531684,95.54841281951418,105.40255049448164,117.1253424750434,194.00378059508307,311.1291323707217,42.924810294499466,129.6801480247861,264.14614848787824,462.6657428075397,899.4168478345114
MY_0p5_5.2500_118.2500,118.25,5.25,1988-12-01,1988,12,360.1325721600991,96.83432830518979,107.18314023837924,125.14225543076823,191.46479034423828,316.60705391464717,42.95877931679889,129.81950077129778,264.6497974760213,464.5881698511209,902.0162330190086
MY_0p5_5.2500_118.7500,118.75,5.25,1988-12-01,1988,12,327.07534271240235,97.97752719455293,114.85857751634386,81.62236828274196,129.9654426574707,211.58781305948895,42.65883096059164,129.03275680541992,263.5570297241211,463.97236760457355,899.2209913465712
MY_0p5_5.2500_119.2500,119.25,5.25,1988-12-01,1988,12,280.65929841342034,98.66287885393416,118.36478424072266,60.93164825439453,101.40099334716797,162.3326416015625,42.50905990600586,128.6342010498047,262.96478271484375,463.4198913574219,897.5279541015625
MY_0p5_5.7500_100.2500,100.25,5.75,1988-12-01,1988,12,84.92508834976333,119.77779587754259,132.06048290007706,13.021930887064803,17.31721599823838,30.339146745314288,32.48928126063915,95.07067836096527,196.27977829679438,348.6498796655498,672.4896313028598
MY_0p5_5.7500_100.7500,100.75,5.75,1988-12-01,1988,12,118.67275216238839,109.67556753007193,133.23857091267902,102.47425546010335,63.49468830108643,165.96893946329752,37.93496119181315,114.05176277160645,233.39208836873368,405.88333913167315,791.2621569824219
MY_0p5_5.7500_101.2500,101.25,5.75,1988-12-01,1988,12,176.1752513975609,97.67685681440699,127.10052027664787,196.04926864744172,101.46477793896294,297.5140401284526,40.23939479617623,122.03211398387519,249.28503327857794,431.96139850766644,843.5179402509075
MY_0p5_5.7500_101.7500,101.75,5.75,1988-12-01,1988,12,250.22484703063967,91.53431924184166,131.68714469273888,258.37824350992844,126.34654792149861,384.7247787475586,40.91004611651104,124.07739699681602,253.71050249735518,441.5393933614095,860.2373110453289
MY_0p5_5.7500_102.2500,102.25,5.75,1988-12-01,1988,12,310.44994246654016,96.11170592674841,131.13417066066754,234.7774959782559,120.10591978336423,354.8834058973524,39.856886905451816,120.5608147258309,247.21630576804827,431.81851103811556,839.45252985585
MY_0p5_5.7500_102.7500,102.75,5.75,1988-12-01,1988,12,341.87572073800226,93.34243689231502,106.24640655517578,234.19955444335938,107.02153778076172,341.2210693359375,34.53361892700195,100.99842834472656,207.08009338378906,361.52459716796875,704.1367797851562
MY_0p5_5.7500_103.2500,103.25,5.75,1988-12-01,1988,12,322.41851806640625,95.96344757080078,,,,,,,,,
MY_0p5_5.7500_115.2500,115.25,5.75,1988-12-01,1988,12,333.75165100097655,100.41584930419921,132.2431182861328,56.25912857055664,128.4571075439453,184.71624755859375,42.76353073120117,129.3426513671875,264.1671447753906,465.4254455566406,901.6987915039062
MY_0p5_5.7500_115.7500,115.75,5.75,1988-12-01,1988,12,318.0945363425039,97.2978316231008,119.90838448660716,54.564539555140904,136.1460203624907,190.71056242443268,42.53391487484887,128.60293390183222,262.3076131184896,459.9191830589658,893.3636428106399
MY_0p5_5.7500_116.2500,116.25,5.75,1988-12-01,1988,12,296.10292455279637,90.60886901371063,109.33359292650978,57.678657350086034,153.3377943735274,211.01645163884237,42.53136714148143,128.53471132308718,261.8503578791543,457.6615280877976,890.5779486762152
MY_0p5_5.7500_116.7500,116.75,5.75,1988-12-01,1988,12,327.4412606375558,88.15537901378815,101.04207974388486,97.00077250647166,218.07962380061076,315.08040437244233,42.96723331269764,129.75204821389818,263.9771001906622,460.975824749659,897.6721850198413
MY_0p5_5.7500_117.2500,117.25,5.75,1988-12-01,1988,12,421.67233228232203,94.0308555338285,108.4080558800923,175.36667914646281,276.36442561104474,451.73112001629653,43.334450177213746,130.85303928122534,266.26546191868346,466.09131331097825,906.5442614630571
MY_0p5_5.7500_117.7500,117.75,5.75,1988-12-01,1988,12,447.44511495923246,96.00445716494607,115.80928060032379,237.8963675786985,300.811694766051,538.7080870762767,43.41198241470645,131.09239309426124,266.7793615968435,467.14858527471563,908.4323466256161
MY_0p5_5.7500_118.2500,118.25,5.75,1988-12-01,1988,12,405.8903993418519,96.65819753011067,118.13715488009983,269.10914225260416,290.4988363986545,559.6080091688368,43.34803556654188,130.938562757704,266.6107366265191,467.1805331759983,908.0778483072918
MY_0p5_5.7500_118.7500,118.75,5.75,1988-12-01,1988,12,351.7473939748911,98.0423457805927,117.57970428466797,276.6684875488281,279.77435302734375,556.44287109375,43.30147171020508,130.82290649414062,266.46783447265625,467.164794921875,907.7569580078125
MY_0p5_6.2500_99.7500,99.75,6.25,1988-12-01,1988,12,68.68318774653416,125.64764030306948,161.92513470317041,23.033002675965776,32.703911892203394,55.7369130156761,38.868285334387494,118.97157003713208,245.16646132358287,427.7109949866006,830.7172794785611
MY_0p5_6.2500_100.2500,100.25,6.25,1988-12-01,1988,12,81.59752175211908,119.42582100629805,155.35650497747923,23.010468751557017,29.258215269750472,52.26868374882911,36.88726736574757,111.61369815748564,230.4966415716677,408.02989190549255,787.0275016940369
MY_0p5_6.2500_100.7500,100.75,6.25,1988-12-01,1988,12,115.02771782598901,111.22714816649449,141.51558152128834,104.24960888306606,64.377755109868,168.62736540687595,38.89589532093652,117.89547726546476,241.8450547148362,422.48223617730457,821.1186469236395
MY_0p5_6.2500_101.2500,101.25,6.25,1988-12-01,1988,12,148.97237055851863,104.41246361365684,133.67212418776293,148.31822321965146,86.60444007286661,234.92266517052283,39.99837124164288,121.44159639798679,248.53191950871394,431.7655437762921,841.7374342698317
MY_0p5_6.2500_101.7500,101.75,6.25,1988-12-01,1988,12,252.14133867536273,99.60809369768414,134.3002003261021,200.8521227155413,106.73349217006138,307.58562186104905,40.213476126534594,122.32938210623604,251.19229343959262,438.7996015276227,852.5347412109373
MY_0p5_6.2500_102.2500,102.25,6.25,1988-12-01,1988,12,290.13803990681964,99.3273722485798,139.42367553710938,183.92726135253906,107.58484649658203,291.5121154785156,40.558284759521484,123.29520416259766,253.1436004638672,442.949951171875,859.947021484375
MY_0p5_6.2500_115.7500,115.75,6.25,1988-12-01,1988,12,298.85856142911047,95.82498723810369,129.58413696289062,63.78078842163086,128.0045928955078,191.78538513183594,42.547054290771484,128.70314025878906,262.7733154296875,461.54119873046875,895.564697265625
MY_0p5_6.2500_116.2500,116.25,6.25,1988-12-01,1988,12,311.8922239604749,92.49998557776735,120.93381681736345,76.24695524980318,157.03499431862178,233.28195365199957,42.644342212424924,128.91792485577417,262.8515740617256,460.4219568731501,894.8357845087933
MY_0p5_6.2500_116.7500,116.75,6.25,1988-12-01,1988,12,371.0405951605902,90.19846029130238,111.94607209705171,133.5000783768911,233.65593654087613,367.1560240730406,43.00696017552936,129.88788088843933,264.31787748790924,461.78149937220985,898.9942051478795
MY_0p5_6.2500_117.2500,117.25,6.25,1988-12-01,1988,12,482.39267800951757,93.84780597989521,119.99693746415396,204.92174338688926,279.41196570017985,484.33372085813494,42.77367982410249,128.80611625550284,262.10082852802583,458.6648726205977,892.3454826233877
MY_0p5_6.2500_117.7500,117.75,6.25,1988-12-01,1988,12,514.1834867795309,95.8968251546224,129.127760234632,225.33934592085276,276.3564333553203,501.69579364263524,42.65917288350781,128.3974119487562,261.3730793556972,457.89351239120754,890.3231740137289
MY_0p5_6.2500_118.2500,118.25,6.25,1988-12-01,1988,12,497.60162462506975,96.55393845694407,135.5653441292899,238.1884286063058,286.84848349434986,525.0369371686662,43.36513955252511,130.96366228376115,266.61796133858815,467.27762821742465,908.2244219098773
MY_0p5_6.7500_100.2500,100.25,6.75,1988-12-01,1988,12,79.89381111369413,117.4394079657162,158.07209418801702,30.452284125720755,38.57829366010778,69.03057729496676,39.01042840060066,119.0520783031688,245.09317846859204,429.4758258146398,832.6314908195944
MY_0p5_6.7500_100.7500,100.75,6.75,1988-12-01,1988,12,108.13761251944084,110.36238493742768,147.11433580186633,84.75717827125833,57.61544135764794,142.37262415002894,39.49138641357422,120.16400061713325,246.76288406937212,431.54571307146995,837.9639689127605
MY_0p5_6.7500_116.2500,116.25,6.75,1988-12-01,1988,12,361.9065937612248,94.97370688859806,128.35051113221704,140.852403966392,209.7647515273676,350.6171495391102,42.99551977762362,129.93049026117095,264.82402671255716,464.50415336794975,902.2541905845085
MY_0p5_6.7500_116.7500,116.75,6.75,1988-12-01,1988,12,402.05281452817206,94.6918416917324,123.20782913992058,148.5928125796111,212.38883604268312,360.98164409893775,41.60715264482461,124.89779705303931,254.52507507565466,446.0737705155324,867.1037906450717
MY_0p5_6.7500_117.2500,117.25,6.75,1988-12-01,1988,12,484.05604814056653,95.07792396219367,124.34458805185504,168.5509946029798,217.81970991286556,386.37070147759084,40.55262442394695,120.99412972104234,246.52232151537868,431.9283478323337,839.99740870653
MY_0p5_6.7500_117.7500,117.75,6.75,1988-12-01,1988,12,553.9307590060764,95.78942277696399,134.6328101158142,187.5705666542053,221.66427850723267,409.234845161438,41.1043803691864,122.88623976707457,250.37604284286496,439.05032539367676,853.4169673919678
MY_0p5_7.2500_116.7500,116.75,7.25,1988-12-01,1988,12,407.7804363581139,96.26180794125513,133.01261218527088,126.50396629001784,154.3243193253227,280.82826909604285,40.486388330874234,121.16675395136295,247.3937423042629,434.47923928965696,843.5261336616848
MY_0p5_7.2500_117.2500,117.25,7.25,1988-12-01,1988,12,417.71272126618805,96.30910416336746,133.00463786878083,106.68236461438629,126.54063584177118,233.2229848761307,39.65819834658974,118.36655739232113,241.9141906738281,425.001451351768,824.940404630962
