grid_id,longitude,latitude,date,year,month,precipitation_mm,PET_mm,actual_evapotranspiration_mm,surface_runoff_mm,subsurface_runoff_mm,total_runoff_mm,soil_moisture_0_10cm_mm,soil_moisture_10_40cm_mm,soil_moisture_40_100cm_mm,soil_moisture_100_200cm_mm,soil_moisture_total_mm
MY_0p5_0.7500_110.2500,110.25,0.75,1995-01-01,1995,1,509.0721379206732,90.74177551269533,120.74815849891077,152.39070692795977,257.4689056396485,409.8596125676082,43.31351200984074,130.76491816594054,266.0241966834435,465.6148728590746,905.7174926757814
MY_0p5_0.7500_110.7500,110.75,0.75,1995-01-01,1995,1,500.2252668108259,92.79238880702427,129.14986812046595,148.94383370535712,229.71634935651505,378.66019548688615,43.291681453159875,130.7328116280692,266.1996346609933,467.25369088309145,907.4778363909039
MY_0p5_0.7500_111.7500,111.75,0.75,1995-01-01,1995,1,447.72927662682906,93.9472199697343,123.67309037465898,94.58311849927145,181.88296266586062,276.466070750403,43.128890627906436,130.27485826280383,265.4754943847656,466.7157326350137,905.594961015005
MY_0p5_1.2500_103.2500,103.25,1.25,1995-01-01,1995,1,365.72479781363774,98.6635215537062,124.51563817804511,92.40800493413752,52.44597088206898,144.85397200150925,38.59404364499179,114.67130661010742,234.01296095414597,409.5707321166993,796.8490656072445
MY_0p5_1.2500_103.7500,103.75,1.25,1995-01-01,1995,1,403.6328033150978,98.10004913922654,113.28380169914765,122.93614781944498,65.6983536655463,188.63450637372952,39.780549910462014,119.21929376102189,243.52577787232633,427.13480414233163,829.6604169827062
MY_0p5_1.2500_104.2500,104.25,1.25,1995-01-01,1995,1,413.52943464006694,98.44112668718608,100.6935043334961,159.52255249023438,81.70640563964844,241.22897338867188,41.35425567626953,125.22882843017578,256.0823974609375,450.2442321777344,872.90966796875
MY_0p5_1.2500_109.7500,109.75,1.25,1995-01-01,1995,1,554.19775831843,93.60381491787463,124.82479444756568,268.41481643125235,305.15601302916747,573.5708294604198,43.4981104839279,131.30664834631494,267.05110150072954,467.4223798269249,909.2782423639873
MY_0p5_1.2500_110.2500,110.25,1.25,1995-01-01,1995,1,523.6929992911439,91.86031203104262,122.98779099512285,208.10434890805988,280.9911464264034,489.09548537795615,43.40119350831021,131.01484898158483,266.449997124985,466.1553463733335,907.0213825711874
MY_0p5_1.2500_110.7500,110.75,1.25,1995-01-01,1995,1,507.0581490652901,93.47083221919951,130.4917276533823,173.41608426533045,236.39472433423234,409.81081852988586,43.30969101436554,130.79094461108008,266.31719292534723,467.42483336433526,907.8426755874875
MY_0p5_1.2500_111.2500,111.25,1.25,1995-01-01,1995,1,475.38179118488546,93.99565251262044,129.47167293560773,125.39152599980655,203.28383760787432,328.67536492393424,43.19977614673944,130.4769438234762,265.8133005745495,467.0503059362832,906.5403301982454
MY_0p5_1.2500_111.7500,111.75,1.25,1995-01-01,1995,1,449.12511674184657,94.104734632704,122.98135872492713,98.86845373728919,190.19372413271947,289.06217205713665,43.157152387830955,130.34537954179066,265.55399237738715,466.6394725981213,905.6959829179067
MY_0p5_1.2500_112.2500,112.25,1.25,1995-01-01,1995,1,432.62288700626584,94.30907645443368,120.39787524847813,100.48287080871272,198.93867934173738,299.4215544879739,43.16418580960501,130.3721841724996,265.60150719657156,466.5487130257078,905.6865795154862
MY_0p5_1.2500_112.7500,112.75,1.25,1995-01-01,1995,1,413.0434131622314,95.45296271642049,116.07110436757405,100.7762198448181,210.9961929321289,311.7724088033041,43.17710653940837,130.38552792867023,265.4373601277669,465.29375712076825,904.293778737386
MY_0p5_1.2500_113.2500,113.25,1.25,1995-01-01,1995,1,405.61842677904207,94.89573941438094,116.15450598675271,87.99760364034901,208.38508698836617,296.38269494098165,43.159061431884766,130.32449526579484,265.26044709578804,464.67130976137906,903.4153171705163
MY_0p5_1.2500_113.7500,113.75,1.25,1995-01-01,1995,1,361.73773840701944,94.20788816972211,117.52029453624378,66.792166594303,183.9484333847508,250.74059734922463,43.05264351584694,130.00425974527994,264.6015446980794,463.3167835582386,900.9752419211648
MY_0p5_1.2500_114.2500,114.25,1.25,1995-01-01,1995,1,284.6859454939851,93.62828313776878,122.89163694128526,53.872342843925004,132.83328949244677,186.7056225801991,42.77954854374439,129.14846693730988,262.68147507389034,458.8047112659016,893.4142223797014
MY_0p5_1.2500_114.7500,114.75,1.25,1995-01-01,1995,1,208.9769474152596,93.15450237643336,124.51097992927797,39.38208192394625,87.63428300426853,127.01636726625503,42.35021012829196,127.77820414881553,259.4178939327117,450.24829298450106,879.7945792905747
MY_0p5_1.7500_102.7500,102.75,1.75,1995-01-01,1995,1,311.3895476114684,99.20280009738649,135.51021814346313,45.962399661540985,11.376536890864374,57.33893704414368,39.810890913009644,119.49557662010193,243.0850300788879,421.2938032150269,823.6852912902831
MY_0p5_1.7500_103.2500,103.25,1.75,1995-01-01,1995,1,370.9112527618998,96.58405430620704,136.0037205505371,105.10691963195801,43.38382311820983,148.49074062347415,40.18174335479736,120.61418453216554,245.7418852233887,428.066692352295,834.6045281982421
MY_0p5_1.7500_103.7500,103.75,1.75,1995-01-01,1995,1,409.17580809774273,96.39639243596716,125.00819739812536,143.09967533546157,63.37396834168254,206.473646960681,40.365514344806904,121.41417278820954,247.814874286893,433.25048007240775,842.8450427477871
MY_0p5_1.7500_104.2500,104.25,1.75,1995-01-01,1995,1,417.0164897918702,97.41158270835876,119.30513077373652,169.35099402139355,73.44854771813681,242.7995508474897,41.404660187950434,125.3838416402654,256.2058323113493,448.9203152915304,871.9146359465843
MY_0p5_1.7500_109.7500,109.75,1.75,1995-01-01,1995,1,551.7262072895849,93.79765776700752,125.3370361328125,276.39825439453125,311.67132568359375,588.069580078125,43.52445602416992,131.37818908691406,267.1632995605469,467.5403137207031,909.6062622070312
MY_0p5_1.7500_110.2500,110.25,1.75,1995-01-01,1995,1,543.9661100580452,93.78531130395754,126.71028851187803,301.80822623349763,312.50728260387075,614.3154812573111,43.51956562307429,131.36080851019386,267.0791640664167,467.1310844217393,909.0906264361213
MY_0p5_1.7500_110.7500,110.75,1.75,1995-01-01,1995,1,511.17046009410495,95.03881315751508,133.01591720581055,222.58000869750973,245.10931549072265,467.68932647705077,43.324617767333976,130.84899597167967,266.46526641845696,467.7058441162109,908.3447326660156
MY_0p5_1.7500_111.2500,111.25,1.75,1995-01-01,1995,1,470.42221350291413,96.1572071620396,130.47170481127364,130.22460866528888,214.61770523426142,344.8423223451127,43.23777659216593,130.5894255882086,266.02409795716756,467.3649311864099,907.2162512490916
MY_0p5_1.7500_111.7500,111.75,1.75,1995-01-01,1995,1,448.61298621455313,95.64788772486432,121.37395583526997,118.72454578061645,203.6096785823001,322.3342210793797,43.188408936126315,130.447422365599,265.7665219850178,466.94957646237134,906.3519217575652
MY_0p5_1.7500_112.2500,112.25,1.75,1995-01-01,1995,1,434.88632376534594,96.00157989017546,119.24734487382193,115.97654312375991,211.20831061469184,327.184854077536,43.198305826338505,130.45259690057662,265.65568634517615,466.237145608569,905.5437370179192
MY_0p5_1.7500_112.7500,112.75,1.75,1995-01-01,1995,1,422.3453779916915,96.78105093335347,117.98359774634952,106.49688982282366,201.44729115319632,307.9441755022321,43.1487305656312,130.311671617296,265.3768716479105,465.6027667333209,904.4400576636905
MY_0p5_1.7500_113.2500,113.25,1.75,1995-01-01,1995,1,411.01349293542285,96.90045781211248,118.95863674103266,97.18253953721788,201.45743422735305,298.63997269887767,43.15875883556548,130.32623954651848,265.3395849803137,465.33371223570805,904.158303687686
MY_0p5_1.7500_113.7500,113.75,1.75,1995-01-01,1995,1,356.33261156839035,96.27819812108599,119.48618679954893,76.40973663330078,185.67901722741504,262.0887490893167,43.04760297744993,129.982274421813,264.5381598578559,463.16887003580723,900.7369202628968
MY_0p5_1.7500_114.2500,114.25,1.75,1995-01-01,1995,1,267.3280815972222,95.70555771116224,125.41485319591705,60.23794966198149,141.97348097543866,202.21142113095237,42.77939038957868,129.16614515516494,262.77878282335064,459.0909191313244,893.8152622767856
MY_0p5_1.7500_114.7500,114.75,1.75,1995-01-01,1995,1,195.70025642671735,96.14300762433463,126.43063065919235,41.07870771971392,83.8687138928033,124.94741931974579,42.14272675983647,127.240206347846,258.59288981541454,449.14686038951186,877.1226876214378
MY_0p5_2.2500_101.7500,101.75,2.25,1995-01-01,1995,1,205.14404528068775,100.87895403004657,142.52255819301413,10.820142803770125,2.9224233651402023,13.742566079804392,39.86473229918818,120.00014649978793,242.96227950279163,417.17367122149227,820.0008322975852
MY_0p5_2.2500_102.2500,102.25,2.25,1995-01-01,1995,1,247.90644412976133,98.29790087978236,138.19799041748047,21.11032882489656,7.181324246967809,28.291653395839855,39.83758805927477,119.99781620445435,243.67137481835468,420.099475769335,823.6062519858327
MY_0p5_2.2500_102.7500,102.75,2.25,1995-01-01,1995,1,300.9255782501607,96.56662755072871,142.31135182441037,61.4193043588083,18.40160417104069,79.82090800321555,40.690672017350984,122.65288080143026,249.96216182467302,435.3431150219108,848.6488253436511
MY_0p5_2.2500_103.2500,103.25,2.25,1995-01-01,1995,1,372.8910593184214,93.01101539248512,144.26266571529328,120.62091204930866,43.37897214738149,163.99988124786861,41.14185450720409,124.22908979143416,253.18701520647323,440.95577276320677,859.5137520926338
MY_0p5_2.2500_103.7500,103.75,2.25,1995-01-01,1995,1,422.64792201155325,93.70558740648173,144.86152979963916,165.54989194708355,52.38620023565777,217.93609293274963,40.919819628182104,123.55899381475933,251.9800597110037,438.6169927047471,855.075877664857
MY_0p5_2.2500_104.2500,104.25,2.25,1995-01-01,1995,1,437.2203138397962,94.93441871705095,150.64074984463778,186.77523917206065,51.90815476346607,238.68339576405927,41.40426014671641,125.42546213953948,256.15645303016856,446.97448427815084,869.9606847841878
MY_0p5_2.2500_104.7500,104.75,2.25,1995-01-01,1995,1,476.5132751464844,95.28105926513672,,,,,,,,,
MY_0p5_2.2500_109.7500,109.75,2.25,1995-01-01,1995,1,524.0606039724042,93.80215503323463,,,,,,,,,
MY_0p5_2.2500_111.2500,111.25,2.25,1995-01-01,1995,1,440.5876988172531,97.71263107657433,125.17126184351305,138.903148875517,178.42070141960593,317.32385074391084,43.03498122271369,130.10453908583696,265.5011596679687,467.5485759061925,906.1892637365004
MY_0p5_2.2500_111.7500,111.75,2.25,1995-01-01,1995,1,438.5355970594618,98.49048566061353,125.44526263040208,148.53722253224203,191.30013204907615,339.8373523530506,43.0975226387145,130.25875757610987,265.68776593889504,467.57488413008423,906.618942406064
MY_0p5_2.2500_112.2500,112.25,2.25,1995-01-01,1995,1,452.97112659272693,99.48119928269159,124.25146687825521,150.8083016774011,200.87603972904265,351.6843354724702,43.149145180838445,130.35028778560576,265.6454625689794,466.88225436740447,906.0271527002728
MY_0p5_2.2500_112.7500,112.75,2.25,1995-01-01,1995,1,447.59002743675586,99.85018717447916,122.1541011991955,115.2742633880131,180.34517105344742,295.6194286528088,43.06905597505115,130.10895739358568,265.1800944979229,466.0985899910094,904.4566908094619
MY_0p5_2.2500_113.2500,113.25,2.25,1995-01-01,1995,1,421.14694097609754,100.21109195285374,123.06935395740328,96.78937305268788,177.9171579027933,274.70652097671757,43.067729102240676,130.07975483243428,265.0277100578187,465.5679431733631,903.7431472051713
MY_0p5_2.2500_113.7500,113.75,2.25,1995-01-01,1995,1,351.2792628807358,99.22087155112739,121.20041342626645,74.63695317280444,168.67582572260991,243.3127716643901,42.89703663693199,129.53263391422323,263.62241344210474,461.2159912495674,897.2680754842638
MY_0p5_2.2500_114.2500,114.25,2.25,1995-01-01,1995,1,246.9334775410001,98.75743727911086,125.45032646542504,57.19917168995691,143.30668020097036,200.5058461991567,42.62536943223741,128.75052238343255,262.0477728949653,457.5659437391493,890.9896170479909
MY_0p5_2.2500_114.7500,114.75,2.25,1995-01-01,1995,1,173.11474606913907,98.00399300359912,126.03296038719918,35.69799835758825,71.79133517049975,107.48933053785754,41.878644254130705,126.513057831795,257.31585757347847,446.95457389585437,872.6621450116559
MY_0p5_2.2500_115.2500,115.25,2.25,1995-01-01,1995,1,127.92198944091797,97.93212890625,120.99649047851562,14.736790657043457,13.238787651062012,27.97557830810547,40.03158187866211,120.94631958007812,245.2636260986328,420.0227966308594,826.2643432617188
MY_0p5_2.7500_101.2500,101.25,2.75,1995-01-01,1995,1,210.81759643554688,101.12129974365234,151.28994750976562,50.32004928588867,35.45035934448242,85.7704086303711,42.069313049316406,127.18498992919922,259.38165283203125,455.16851806640625,883.804443359375
MY_0p5_2.7500_101.7500,101.75,2.75,1995-01-01,1995,1,219.17550282579788,97.5936636352539,132.35842828924007,25.649641876220702,26.930316894704642,52.57995633905584,40.626904185901985,122.53327450838957,248.2137107710405,427.82476418235075,839.1986319247159
MY_0p5_2.7500_102.2500,102.25,2.75,1995-01-01,1995,1,254.04028004445848,93.57797722300147,146.91285088411558,31.53384698272511,13.17875276553403,44.71259917726942,40.71939108781753,122.98870645510922,249.61937718482534,430.1032717759442,843.4307480344346
MY_0p5_2.7500_102.7500,102.75,2.75,1995-01-01,1995,1,308.8607600731185,92.8044423694852,148.9906389743467,79.69448210317877,24.895138318025612,104.58961800683905,41.51003710831267,125.61709073223643,256.41071918342686,448.2278521573996,871.7657030322882
MY_0p5_2.7500_103.2500,103.25,2.75,1995-01-01,1995,1,384.9415948952839,92.18213262375754,145.45610216468762,125.66906624083306,42.42025501712871,168.08932086920285,40.66027488222548,122.46188009468612,249.84552798908985,436.06757291562997,849.0352722945487
MY_0p5_2.7500_103.7500,103.75,2.75,1995-01-01,1995,1,434.3257036292035,93.97837710173233,142.78711900842904,150.2648676155899,38.20364017750261,188.468508812689,39.67964659308508,119.00380214568108,242.75643625567037,422.9587014193909,824.3985995103686
MY_0p5_2.7500_104.2500,104.25,2.75,1995-01-01,1995,1,456.4362712186926,94.0341027203728,154.74237060546875,189.89329528808594,41.79294967651367,231.68624877929688,41.32275390625,125.22134399414062,255.90428161621094,446.9903259277344,869.438720703125
MY_0p5_2.7500_111.2500,111.25,2.75,1995-01-01,1995,1,430.5937472639412,99.37063719650796,139.43075202493105,157.1225092270795,183.67588222728057,340.7983972886029,43.034321504480694,130.10633715461285,265.4977641386144,467.4634480195887,906.1018766515394
MY_0p5_2.7500_111.7500,111.75,2.75,1995-01-01,1995,1,441.9773647120741,100.55648218999144,134.96138901546084,168.96934746051656,182.33261739796603,351.3019703832166,43.03777198133797,130.10974805108432,265.49411365903654,467.4681333344558,906.1097798840754
MY_0p5_2.7500_112.2500,112.25,2.75,1995-01-01,1995,1,457.8105458126792,102.27674428722526,130.82032842000325,159.51636306762694,170.65001520792643,330.1663782755534,43.00649163564046,130.00500834147135,265.27798055013017,467.1699190266926,905.4594020589193
MY_0p5_2.7500_112.7500,112.75,2.75,1995-01-01,1995,1,445.60933327976653,103.5246356288089,125.61983917332903,113.09900143780285,150.02042480661896,263.119424699228,42.917923480649534,129.74059512947179,264.77484951743594,466.3509681798235,903.7843191412429
MY_0p5_2.7500_113.2500,113.25,2.75,1995-01-01,1995,1,404.7793731205048,104.21271720765128,125.71045808337982,90.19109233069042,148.4791021437872,238.67018858894468,42.906538839188826,129.68578215099515,264.5778225368923,465.68121115063866,902.8513590494791
MY_0p5_2.7500_113.7500,113.75,2.75,1995-01-01,1995,1,331.08213534021075,103.79000494890151,123.59229385473166,61.33549882196318,128.93432772691082,190.26982680399703,42.669953692490886,128.93731446478776,262.7608057495895,460.5224052477794,894.8904708570735
MY_0p5_2.7500_114.2500,114.25,2.75,1995-01-01,1995,1,231.97331228135508,102.12724357315258,123.42034038109115,43.196671944630296,107.25806031046034,150.4547296355042,42.347346160985246,127.93206840225413,260.38768101945703,454.0398138504994,884.7068885127198
MY_0p5_2.7500_114.7500,114.75,2.75,1995-01-01,1995,1,160.42482852328354,102.62087930084033,126.12239210772665,34.93600757562431,63.821618556976325,98.75762520322374,41.892932150773944,126.57809985215499,257.58282388091845,448.0693477946482,874.12319596406
MY_0p5_2.7500_115.2500,115.25,2.75,1995-01-01,1995,1,121.82835656243401,100.11312309471336,121.21837657206767,10.24736569378827,14.183335493276784,24.430701161290074,39.890779856089,120.47426309671489,244.09479914484797,417.2607366888372,821.720557960304
MY_0p5_3.2500_101.2500,101.25,3.25,1995-01-01,1995,1,226.09825642903647,101.16124434415468,162.41405110043775,45.5236785235572,17.54498198987909,63.06866314067915,41.93929342722614,126.76944417990599,258.2344304541205,451.2710768406493,878.2142590474525
MY_0p5_3.2500_101.7500,101.75,3.25,1995-01-01,1995,1,252.6650751653707,91.89750051802133,139.21996535768938,37.224179128173056,30.268445039251052,67.49262439217537,40.918969743570706,123.46213169462364,250.00398497368877,429.6424317572527,844.0275241341562
MY_0p5_3.2500_102.2500,102.25,3.25,1995-01-01,1995,1,274.01735132610986,90.70916016593813,151.96883511013453,47.25739887782506,15.148893595498706,62.406291004968075,41.231729622492715,124.56171492319258,253.15511455233133,438.33502032567577,857.2835728236606
MY_0p5_3.2500_102.7500,102.75,3.25,1995-01-01,1995,1,321.1078813770149,90.2091994949534,148.96861141542846,83.89182623126837,21.247650409046607,105.13947180253042,41.1645406892028,124.56248068507712,253.9571262794205,441.90296723571004,861.5870867379105
MY_0p5_3.2500_103.2500,103.25,3.25,1995-01-01,1995,1,400.11286056468856,91.5619902222475,144.41211280449983,153.7290262725532,36.97613888221766,190.70516242111157,39.73164265784845,119.13261540316604,242.95469412042578,423.19207723909557,825.0110113783846
MY_0p5_3.2500_112.2500,112.25,3.25,1995-01-01,1995,1,455.7132792154949,103.39513804117838,133.75007832845054,159.57011176215278,153.92389187282987,313.4940036349826,42.926353285047746,129.80747307671442,265.049940999349,467.22786322699653,905.0116251627605
MY_0p5_3.2500_112.7500,112.75,3.25,1995-01-01,1995,1,423.3853043586977,106.2802677154541,129.2492552585289,96.51841673303822,108.84322494756981,205.36164068003168,42.663260756946,129.07386454597847,263.7838534996158,465.29219205262234,900.8131578789382
MY_0p5_3.2500_113.2500,113.25,3.25,1995-01-01,1995,1,360.5533525280486,108.99431653130323,133.38220446037522,69.46735351735894,82.08096615473428,151.54831756245005,42.487399520296044,128.57826221350467,262.88716067689836,463.7138869545676,897.666699033795
MY_0p5_3.2500_113.7500,113.75,3.25,1995-01-01,1995,1,297.9314431811136,109.60728442479694,129.87924000573537,52.83368892366924,81.9567037309919,134.79039364769343,42.42654951791914,128.33205547030008,262.08693150111606,460.9913829985119,893.8369070870535
MY_0p5_3.2500_114.2500,114.25,3.25,1995-01-01,1995,1,220.95357425956968,108.42639811327503,126.88247376946128,44.545253474241605,82.25849766336428,126.80375059091362,42.1917279358882,127.46192127883812,259.42086179696827,452.15117028108824,881.225667188122
MY_0p5_3.2500_114.7500,114.75,3.25,1995-01-01,1995,1,158.73275462836978,109.55476576203756,130.6379136249518,40.78541185293987,55.94263647468227,96.72804577942867,41.87333503042817,126.49372370531604,257.3037841699686,447.32008138280014,872.9909160638312
MY_0p5_3.2500_115.2500,115.25,3.25,1995-01-01,1995,1,113.48955178562596,104.92005889023406,120.3545825330517,8.631651123867758,15.404736150669146,24.03638662265826,39.81240090237388,120.24736904192574,243.57414424268504,415.9328370878968,819.566724753078
MY_0p5_3.2500_115.7500,115.75,3.25,1995-01-01,1995,1,90.79905820696541,100.84128184800738,120.03839934274052,6.946185728137412,15.709355815073078,22.65554106637333,40.04728137241321,120.91768509082578,244.95789928650586,419.0133474971471,824.936213461201
MY_0p5_3.7500_100.7500,100.75,3.75,1995-01-01,1995,1,185.71888732910156,105.45384216308594,161.0902099609375,30.42806053161621,1.1121065616607666,31.5401668548584,41.71867370605469,126.03726196289062,256.3539733886719,445.79290771484375,869.90283203125
MY_0p5_3.7500_101.2500,101.25,3.75,1995-01-01,1995,1,215.84756394458992,99.5199493111916,165.80212076427867,41.511132329798826,7.5100594485076115,49.021191698833576,41.35821878871486,124.7712938623521,252.6683648859413,434.844098828757,853.642017154632
MY_0p5_3.7500_101.7500,101.75,3.75,1995-01-01,1995,1,255.4866767771104,86.9056707005592,150.67125386037648,45.081118322481785,19.70907900743424,64.79019738458524,40.82611071835658,123.14575141858145,248.96262709502207,425.4726531399284,838.4071394804937
MY_0p5_3.7500_102.2500,102.25,3.75,1995-01-01,1995,1,296.760873170883,84.61257002088759,150.7466588580419,50.623959084162635,21.650860359555196,72.27481660388764,41.07430383591425,124.0031029110863,251.41328812856523,432.7200432671441,849.2107218424479
MY_0p5_3.7500_102.7500,102.75,3.75,1995-01-01,1995,1,354.42974553183905,87.18318910144625,150.02679918077254,78.37791837661985,28.08231178768097,106.46022648887026,41.10090065607949,124.23589087592232,252.51585485064797,436.5784851074218,854.4311442057291
MY_0p5_3.7500_103.2500,103.25,3.75,1995-01-01,1995,1,420.2013912124938,89.2998913768753,152.27379760742187,163.27801741057752,52.51053697174671,215.7885462143842,41.074193513159656,123.92125303979014,252.3778673358992,438.77232462565104,856.1456531001072
MY_0p5_3.7500_113.2500,113.25,3.75,1995-01-01,1995,1,336.71280956268316,113.38254141807558,139.86680302854444,52.75596699949171,41.19973617303567,93.95570248463116,42.1234227164847,127.55709538694289,261.03616433065446,460.2722508164704,890.9889396292265
MY_0p5_3.7500_113.7500,113.75,3.75,1995-01-01,1995,1,271.9919004087095,115.88648940797836,136.08433982083713,43.0034803125079,39.25918305035934,82.26266336286724,42.07837235040263,127.37052831063379,260.4591678755183,458.479016350311,888.3870778500456
MY_0p5_3.7500_114.2500,114.25,3.75,1995-01-01,1995,1,200.36977570463222,116.42532556927394,134.73452560182602,50.252891274104044,58.90263395763579,109.15552523173982,42.260116468157086,127.83355940561445,261.06521993970114,458.8346066429501,889.9935271732392
MY_0p5_3.7500_114.7500,114.75,3.75,1995-01-01,1995,1,148.94906313457187,116.15842551579551,137.59722331213572,41.99726593986391,55.873961854359464,97.87122995891268,42.106961241222564,127.30796966552734,259.5970694890098,454.4853924463666,883.4974258665053
MY_0p5_3.7500_115.2500,115.25,3.75,1995-01-01,1995,1,106.80942198738221,108.22879473973835,118.83304080054872,7.237976162017339,20.04784950680203,27.285825892857144,40.02371633620489,120.94998682415674,245.3238760811942,420.08507884192085,826.3826702783979
MY_0p5_3.7500_115.7500,115.75,3.75,1995-01-01,1995,1,87.09266980946492,101.34041765610948,121.55629494207366,5.815531610584945,17.851433513833463,23.66696529251208,40.058604864765414,120.94322078348064,244.99278412962988,419.10778896414115,825.102384498651
MY_0p5_4.2500_100.7500,100.75,4.25,1995-01-01,1995,1,175.72099409103393,106.74553743497593,164.6226142727599,44.928260881073626,7.504522086162958,52.43278293220365,41.78635806648099,126.2781663855728,256.95080628687026,447.6705179019851,872.6858328683037
MY_0p5_4.2500_101.2500,101.25,4.25,1995-01-01,1995,1,173.2198532459348,94.06773923157127,156.4868231609369,35.79622504969311,10.98605595652465,46.78228093408475,40.841118757891806,123.06900976873509,248.183150564789,422.7408003108517,834.8340625155504
MY_0p5_4.2500_101.7500,101.75,4.25,1995-01-01,1995,1,224.09908753490126,86.60818086569303,153.3081781551861,29.012226640987702,6.595917154805729,35.60814408981763,40.47828697472716,122.08402861573826,246.67330995992353,420.82846137586114,830.0640656590082
MY_0p5_4.2500_102.2500,102.25,4.25,1995-01-01,1995,1,321.0400237549609,86.8183192536473,152.88785189790087,41.56026762209762,15.763610571718067,57.32387759662666,41.08595035784543,123.98137613607292,251.1447477980544,431.7223597517409,847.9344201621158
MY_0p5_4.2500_102.7500,102.75,4.25,1995-01-01,1995,1,405.0564447876755,84.66778416238773,148.368501748249,90.44861156925276,43.78009120066455,134.22870171905325,41.176986925161565,124.28766167999076,251.7406892715746,432.42395787330196,849.6293119199717
MY_0p5_4.2500_103.2500,103.25,4.25,1995-01-01,1995,1,467.6876564478215,88.66674998745269,154.48844234453261,201.31239839879476,74.49567317630355,275.8080639988703,41.686657417111284,125.94111909766649,255.94374786270618,443.5887588341477,867.1603072428953
MY_0p5_4.2500_113.7500,113.75,4.25,1995-01-01,1995,1,206.54708638266914,121.62053420326929,135.66108933934626,22.38551676048423,12.949962256089695,35.33547901657393,41.22873838892523,124.93000404789764,255.46410240317292,446.8660761995136,868.4889169369105
MY_0p5_4.2500_114.2500,114.25,4.25,1995-01-01,1995,1,165.54635013596283,122.80244404560811,134.9731518366162,28.703560133238103,13.354100194216695,42.05765965730527,41.269099806266404,125.03649248395648,255.58264560773108,446.9281849511342,868.816425102558
MY_0p5_4.2500_114.7500,114.75,4.25,1995-01-01,1995,1,133.3361508178711,121.82077550252282,137.32692474365237,38.537244237264005,26.252516682942712,64.78976379394531,41.60411397298178,125.96624170939127,257.29025472005213,450.3469403076172,875.2075455729166
MY_0p5_4.2500_115.2500,115.25,4.25,1995-01-01,1995,1,100.04581016964383,114.786639796363,123.2681296931373,8.242118418216705,23.509378214677177,31.751497407754258,40.11977451377445,121.35899620585974,246.49189609951446,422.968081580268,830.9387444390192
MY_0p5_4.2500_115.7500,115.75,4.25,1995-01-01,1995,1,83.3567110999156,104.70954005354545,118.90939181053035,3.9951425091694985,16.859387274919932,20.854530020891612,39.85962581311243,120.43008210780259,244.15019955392617,417.7470259327,822.1869314420023
MY_0p5_4.2500_116.2500,116.25,4.25,1995-01-01,1995,1,80.83439780444634,111.53324699401855,124.94963148163586,6.683999711420478,13.38046010529123,20.0644602659272,40.07933528248857,120.89759854572576,244.47959676602994,417.23707692216084,822.6936165414206
MY_0p5_4.2500_116.7500,116.75,4.25,1995-01-01,1995,1,85.421200041137,114.53269733583308,125.44582790308607,8.794613802364108,12.501518508602429,21.296132308210254,40.490282422545334,122.17073336915475,247.45236267795454,424.3357441632045,834.4491496003435
MY_0p5_4.2500_117.2500,117.25,4.25,1995-01-01,1995,1,96.17046454100483,115.91050851872536,125.12139180276247,7.7328846074838555,8.39350684554176,16.126391444586023,40.72356431674114,123.04036219774096,250.07507195936896,432.0216002337701,845.8606189288924
MY_0p5_4.2500_117.7500,117.75,4.25,1995-01-01,1995,1,97.37459189260109,114.13832072722607,116.51557886498608,4.180188038410284,3.5849661521422562,7.765154255761042,38.55108843094264,115.6860738574949,235.13419433332916,404.73554731841784,794.106898120326
MY_0p5_4.2500_118.2500,118.25,4.25,1995-01-01,1995,1,90.83617615281491,111.46693090249224,105.77230169211224,2.834342367330175,1.162189760785194,3.9965320620567173,35.42078066783346,104.5218426163789,212.00245452686482,362.220689712816,714.1657699293391
MY_0p5_4.2500_118.7500,118.75,4.25,1995-01-01,1995,1,84.94598671242042,110.63161751076028,101.35955047607422,3.6360607147216797,0.7148778438568115,4.350938320159912,34.00281524658203,99.202880859375,200.98858642578125,342.5671691894531,676.761474609375
MY_0p5_4.7500_100.2500,100.25,4.75,1995-01-01,1995,1,130.32610575358075,120.5190912882487,,,,,,,,,
MY_0p5_4.7500_100.7500,100.75,4.75,1995-01-01,1995,1,143.8299628828214,108.23717805068858,161.77450859255904,19.667657561418487,5.8649185488863695,25.532575297161813,40.33604308647838,121.51315751114511,244.6525819980032,415.7178053196853,822.219595312103
MY_0p5_4.7500_101.2500,101.25,4.75,1995-01-01,1995,1,133.95938198283568,91.71162811763703,145.75141112312437,18.085079114399257,8.45040005048116,26.53547914293077,40.057522352914965,120.56486092219276,242.2442184690445,408.8810990590898,811.7476957775298
MY_0p5_4.7500_101.7500,101.75,4.75,1995-01-01,1995,1,192.29241321345046,86.74546753414096,152.83738752092637,37.24878983876062,7.748850908733551,44.997641112312444,40.27283947657025,121.21130669003443,243.58700353228863,411.2199013361856,816.2910435267858
MY_0p5_4.7500_102.2500,102.25,4.75,1995-01-01,1995,1,311.0712692987351,86.83147474016461,147.29554530552457,84.56523059663319,33.779077729724705,118.3443107968285,40.94911698840912,123.44273783365885,249.24051789783294,425.2611624581474,838.8935227167038
MY_0p5_4.7500_102.7500,102.75,4.75,1995-01-01,1995,1,403.2293369754863,84.74933493061428,142.78307775023632,132.71334202274392,56.175862087565605,188.8891996152841,41.19708070937235,124.40146058683939,252.09774265167815,433.1857273563457,850.8819982443644
MY_0p5_4.7500_103.2500,103.25,4.75,1995-01-01,1995,1,455.6039862610152,89.52617730667342,142.8919566249496,191.25399014518712,89.32979701981776,280.58378009866533,40.13561321976441,120.31573052775818,244.15055447398956,421.21807985200223,825.8199805228033
MY_0p5_4.7500_103.7500,103.75,4.75,1995-01-01,1995,1,496.5910981830798,93.86109924316406,133.0114650974026,187.81376251617036,77.14718489213422,264.9609394816609,36.75220543997628,107.7862501268263,219.0558146687297,379.5824830686891,743.1767562271712
MY_0p5_4.7500_113.7500,113.75,4.75,1995-01-01,1995,1,117.67089080810547,125.39156341552734,,,,,,,,,
MY_0p5_4.7500_114.2500,114.25,4.75,1995-01-01,1995,1,117.67089080810547,126.88210432870048,139.49610900878906,23.354867935180664,3.083681583404541,26.438549041748047,40.57102966308594,123.23809051513672,252.5784149169922,441.11395263671875,857.50146484375
MY_0p5_4.7500_114.7500,114.75,4.75,1995-01-01,1995,1,107.5591043451781,130.6441345214844,140.99193203833798,29.455591888837915,8.400522298710321,37.856113392819644,40.820726169052946,123.78665021670761,253.04319878034696,440.9430837323589,858.5936587754115
MY_0p5_4.7500_115.2500,115.25,4.75,1995-01-01,1995,1,86.70982905228932,127.28279912471768,132.27273587385812,10.86247817923625,21.725429981946945,32.5879080692927,39.96478025118509,121.0621564785639,246.42859101295468,423.9521762530008,831.4077011744181
MY_0p5_4.7500_115.7500,115.75,4.75,1995-01-01,1995,1,77.02234935457744,116.02463102794827,120.13895316956534,3.158888322587997,15.171658509875103,18.330546360924128,39.44966396755642,119.35526810903399,242.4594381665427,415.39256756494916,816.6569157676091
MY_0p5_4.7500_116.2500,116.25,4.75,1995-01-01,1995,1,73.4939010620117,113.77771606445309,122.31369691879028,3.223962153328789,11.091273138258188,14.315235031975636,39.64413348001146,119.7293273925781,242.62298680865572,414.9236210898747,816.9200586712548
MY_0p5_4.7500_116.7500,116.75,4.75,1995-01-01,1995,1,82.32809421684169,113.16541140592551,119.05752522432351,4.607170237770563,10.44877603084226,15.055946144876598,39.77923711945739,120.10181250753286,243.25532483450974,415.7380433867249,818.8744435370724
MY_0p5_4.7500_117.2500,117.25,4.75,1995-01-01,1995,1,106.2776833428277,111.47781435043092,116.01790374271454,6.510415499550956,9.618488487364754,16.12890357365684,39.86259456816173,120.32230045379154,243.57231924874438,416.07232259114573,819.8295462472097
MY_0p5_4.7500_117.7500,117.75,4.75,1995-01-01,1995,1,110.45053692105449,110.13159645660014,115.1717930805834,9.879725758033462,6.278989321068873,16.158715223964258,39.59988618198829,119.57744332808481,242.0275113069558,412.9956695942938,814.2004910239689
MY_0p5_4.7500_118.2500,118.25,4.75,1995-01-01,1995,1,100.60068906851151,109.63069003311236,118.84236973134716,11.046015816118251,4.606465972248634,15.65248213341488,39.47724247457994,119.25598807790173,241.5242146247596,412.39876721252756,812.6561987795425
MY_0p5_4.7500_118.7500,118.75,4.75,1995-01-01,1995,1,90.56649374660057,108.05380635321895,120.7764008920404,7.1048130807997305,2.2287674508517297,9.333580699148058,38.83422614954695,117.61246017262906,238.74339429638056,407.5891642510137,802.7792443384097
MY_0p5_5.2500_100.2500,100.25,5.25,1995-01-01,1995,1,93.62172222688709,125.77450843766934,74.05567169189453,1.1355359554290771,0.016631748527288437,1.1521676778793335,24.70936393737793,66.38825988769531,134.07394409179688,226.07827758789062,451.2498474121094
MY_0p5_5.2500_100.7500,100.75,5.25,1995-01-01,1995,1,100.51187719706617,113.77044037927557,151.22452738093236,9.95841241979051,1.8193185549957314,11.777731148675942,37.466664610237906,112.3321031592358,224.77499494881465,377.16014607747394,751.7338975928296
MY_0p5_5.2500_101.2500,101.25,5.25,1995-01-01,1995,1,109.17760300409226,97.03277868846106,144.59506167457215,17.424097609141516,3.2628499477628674,20.686948025415813,39.01501025245303,117.33270731123666,234.74401685926648,392.4387856135292,783.5305119590154
MY_0p5_5.2500_101.7500,101.75,5.25,1995-01-01,1995,1,168.26748030352746,88.24143816711037,147.72697711142766,41.40300507150638,5.875152179390002,47.27815752576112,39.502789867911375,118.94651276898234,238.75486867139296,400.80077328044143,798.0049452083127
MY_0p5_5.2500_102.2500,102.25,5.25,1995-01-01,1995,1,267.90512794446033,93.04880812821115,146.08825868254254,87.98916885959113,22.30465883510128,110.29382955952053,40.359841036948424,121.62724695387918,245.82887141719746,419.65302553602083,827.4689702319492
MY_0p5_5.2500_102.7500,102.75,5.25,1995-01-01,1995,1,347.7407760371603,89.99618790255991,136.2663295939817,123.5774802773686,32.886392696833205,156.46387088581665,39.50143383478714,118.79166050280553,241.0428438348285,413.79266502251056,813.1285950741525
MY_0p5_5.2500_103.2500,103.25,5.25,1995-01-01,1995,1,382.53250574182584,93.73868746479984,145.83158953778155,224.4350747442865,75.07981614942675,299.5148905964641,41.155654411811334,124.5169930396142,253.61345157375584,439.6832818365716,858.9693991921165
MY_0p5_5.2500_115.2500,115.25,5.25,1995-01-01,1995,1,70.88458375007876,132.4686749366022,132.78743781418098,6.767432048672536,9.505040997364482,16.272473046037017,39.27666517163887,119.0677034972144,242.49246040719459,416.7617012399142,817.5985347560196
MY_0p5_5.2500_115.7500,115.75,5.25,1995-01-01,1995,1,68.10717935466447,128.10291155078744,124.89723546949483,3.617090677810927,8.034249535253492,11.651340238926775,38.87296137405654,117.78498142048463,239.48420865333682,409.89543425996425,806.0375840009269
MY_0p5_5.2500_116.2500,116.25,5.25,1995-01-01,1995,1,66.96854811076877,119.32419622397123,119.23825239833397,3.8562200446672077,8.08454873290243,11.94076890281484,39.26476973521559,118.83326962627943,241.43857173678242,413.697886116897,813.2344976497601
MY_0p5_5.2500_116.7500,116.75,5.25,1995-01-01,1995,1,84.99212600611433,115.30862429172178,119.43394728551938,7.715740793867956,11.35807286334943,19.073813586295408,39.65672705445109,119.84537197064748,243.08283093609384,415.9574898828434,818.5424346923827
MY_0p5_5.2500_117.2500,117.25,5.25,1995-01-01,1995,1,126.56020926823692,112.83724745493086,120.81881578233505,18.386344257233635,15.003794630746993,33.39013894096254,40.27369450160435,121.66935134161088,246.90584513346352,424.0212147546193,832.8701175750248
MY_0p5_5.2500_117.7500,117.75,5.25,1995-01-01,1995,1,134.70589982290116,108.80924154614645,119.76923789372519,24.51011989532955,14.118137099250916,38.628257969447546,40.55127483549571,122.56036650642515,249.09636080302886,429.53655647398926,841.74455062624
MY_0p5_5.2500_118.2500,118.25,5.25,1995-01-01,1995,1,115.19539265056234,107.03016781655087,122.22640485824293,25.16575996131654,9.7344600622821,34.90022146625883,40.66274034293593,122.95657715524078,250.1864706148767,432.4819610012565,846.2877512160379
MY_0p5_5.2500_118.7500,118.75,5.25,1995-01-01,1995,1,91.63805419921877,105.59401656862288,120.74299558003742,11.124148819181654,3.561115291383531,14.685264693366156,38.98952945073446,118.31995190514458,240.99695036146375,413.65762413872613,811.9640663994684
MY_0p5_5.2500_119.2500,119.25,5.25,1995-01-01,1995,1,66.26629027275189,105.20887218656993,119.55851745605469,4.083680152893066,1.0896905660629272,5.173370838165283,38.146602630615234,115.97661590576172,236.32916259765625,404.039306640625,794.49169921875
MY_0p5_5.7500_100.2500,100.25,5.75,1995-01-01,1995,1,54.68315291189932,130.52357180483708,102.75733989750573,0.5247988137630147,0.04572976178942471,0.5705285602753316,25.296924766050566,75.7134997166625,157.9336879625233,312.4645354944632,571.4086622885609
MY_0p5_5.7500_100.7500,100.75,5.75,1995-01-01,1995,1,68.34719860742963,119.16731409950862,133.99543665568035,3.8390489304065705,0.4442046785602967,4.283253573973973,33.91230583190918,101.7822568766276,204.79947107950844,351.78509043375647,692.2791359456379
MY_0p5_5.7500_101.2500,101.25,5.75,1995-01-01,1995,1,91.47727680957226,104.63182962973288,141.4292375459446,13.760518708566986,1.5816374716796275,15.342155997208726,37.78671659634808,113.86873083039534,227.93442679577925,381.25178203432586,760.8416301096519
MY_0p5_5.7500_101.7500,101.75,5.75,1995-01-01,1995,1,152.11785885492964,95.05825770696005,143.11552003224693,23.50423453251521,1.953411628305912,25.457644891738894,38.595777670542404,116.50723120371502,234.32666803995772,393.89842859903973,783.3281209309897
MY_0p5_5.7500_102.2500,102.25,5.75,1995-01-01,1995,1,228.87267391498273,100.320056499579,142.89216408263954,50.50389415728122,4.721749336831898,55.22564244511152,38.568842736960256,116.2586062909778,235.66989320697203,401.78167714334097,792.2789990974195
MY_0p5_5.7500_102.7500,102.75,5.75,1995-01-01,1995,1,303.66691336495535,96.09320520197303,118.40011596679688,86.19402313232422,8.623907089233398,94.81792449951172,34.016998291015625,98.98015594482422,200.9761199951172,345.1832275390625,679.156494140625
MY_0p5_5.7500_103.2500,103.25,5.75,1995-01-01,1995,1,347.385009765625,98.44155883789062,,,,,,,,,
MY_0p5_5.7500_115.2500,115.25,5.75,1995-01-01,1995,1,61.63770650227864,132.5086242675781,134.7497100830078,3.0540013313293457,3.5082874298095703,6.562288761138916,39.09938430786133,118.87863159179688,243.25303649902344,420.4897766113281,821.7208251953125
MY_0p5_5.7500_115.7500,115.75,5.75,1995-01-01,1995,1,61.92663506349903,127.69006076180862,121.95902288527715,2.705223374139695,4.983997635614304,7.689221236819313,38.2025507245745,116.22768046061198,237.38821454729353,407.6332536969867,799.4517025902157
MY_0p5_5.7500_116.2500,116.25,5.75,1995-01-01,1995,1,64.73238337683298,117.05160415891615,114.02535850888206,4.002014868600028,7.3166496216304715,11.318664590139237,38.240568457709415,116.15844082302516,236.61462775336372,404.7010622054812,795.7147055974084
MY_0p5_5.7500_116.7500,116.75,5.75,1995-01-01,1995,1,88.72567240397136,109.70852535187251,113.63941907125806,19.295492629399373,15.994228042118134,35.28972021435935,39.72645545838371,120.1765407501705,244.04865412636406,418.14752400716145,822.0991778661335
MY_0p5_5.7500_117.2500,117.25,5.75,1995-01-01,1995,1,135.243442932514,112.32920122597871,124.16766227457424,47.20189846050852,20.167532926854275,67.36943229891901,40.90064278009938,123.75784061082906,252.14795884574625,437.110749927605,853.9171864602844
MY_0p5_5.7500_117.7500,117.75,5.75,1995-01-01,1995,1,146.54636283753413,110.46543375651042,127.78596468419838,45.53642801630417,8.978707335939344,54.51513557946124,40.844813097243346,123.759537229602,252.91054709005678,440.7076399630349,858.2225503601485
MY_0p5_5.7500_118.2500,118.25,5.75,1995-01-01,1995,1,126.46847290612162,107.63012879689535,128.71014692518446,32.70276453653972,2.723171303007338,35.425935482449006,40.52520039876302,122.82566501193577,250.96728881835938,436.3728945583768,850.6910381401909
MY_0p5_5.7500_118.7500,118.75,5.75,1995-01-01,1995,1,98.0247986133282,106.49943373753476,129.0544891357422,28.919105529785156,2.3660354614257812,31.285140991210938,40.48230743408203,122.6764144897461,250.55520629882812,435.2486267089844,848.9625244140625
MY_0p5_6.2500_99.7500,99.75,6.25,1995-01-01,1995,1,28.329354304893346,139.17241563983993,116.96825746048327,0.27659599933513374,0.039443961063096694,0.3160399468832238,28.391122817993164,99.48194796540015,205.37218209200125,352.2510099189226,685.4962470476017
MY_0p5_6.2500_100.2500,100.25,6.25,1995-01-01,1995,1,36.881527319550514,132.61007440090177,121.12214044064889,0.4840752673392393,0.09780787345097988,0.581883122361436,27.75381115504673,88.99288165034079,185.7064393958267,356.73338610590713,659.1865309111924
MY_0p5_6.2500_100.7500,100.75,6.25,1995-01-01,1995,1,54.41548231117514,122.66191000920006,135.730498266036,4.139719118943087,0.3621673376863988,4.50188633097645,33.57476250637452,102.62721220038573,208.07850694104053,365.47832886684813,709.7588057941451
MY_0p5_6.2500_101.2500,101.25,6.25,1995-01-01,1995,1,70.00930375319261,113.8913308950571,139.48255427433895,8.554918333200309,0.7094285047971285,9.264346724290114,36.35528482290415,110.17834108792819,221.41146733210638,373.6168799767127,741.561958195613
MY_0p5_6.2500_101.7500,101.75,6.25,1995-01-01,1995,1,156.78529859270367,106.09109845842633,139.3209690638951,19.06004216330392,0.3731144411223275,19.43315669468471,37.178357696533205,113.07669307163783,229.2729814801897,390.416614641462,769.9446498325892
MY_0p5_6.2500_102.2500,102.25,6.25,1995-01-01,1995,1,204.3208230336507,106.24075429032489,143.7856903076172,23.196489334106445,0.1033211350440979,23.2998104095459,38.19584274291992,116.03376007080078,235.66485595703125,401.187255859375,791.0817260742188
MY_0p5_6.2500_115.7500,115.75,6.25,1995-01-01,1995,1,61.73472837968306,125.29175446250224,131.69680786132812,3.1406822204589844,3.566746711730957,6.707428932189941,37.979679107666016,115.65072631835938,236.2456817626953,404.73114013671875,794.6072387695312
MY_0p5_6.2500_116.2500,116.25,6.25,1995-01-01,1995,1,69.99822814004463,119.30602689374956,126.46382013396544,7.394382565032017,6.227459449600018,13.62184245996013,38.58091655176641,117.17576310077952,238.78617509346176,408.87844512536134,803.4213004091237
MY_0p5_6.2500_116.7500,116.75,6.25,1995-01-01,1995,1,93.42898809039403,112.56184469556051,121.93308749728732,21.66246472918798,12.638656764560274,34.30112154521639,39.66343936011904,120.11527564639137,244.33349124968998,419.42232714456225,823.5345305912078
MY_0p5_6.2500_117.2500,117.25,6.25,1995-01-01,1995,1,129.14308260963077,112.82065887451172,126.79210776677208,39.7685186840239,11.875313325912233,51.643832336910194,39.69625534784226,120.04292815677702,245.10930950830857,424.2940668984065,829.1425692119296
MY_0p5_6.2500_117.7500,117.75,6.25,1995-01-01,1995,1,143.11030403772992,112.32659379641214,131.90486885650813,45.94518514265094,5.514987808919093,51.46017360129552,39.62154508891859,119.90125863593921,245.48506601790936,426.9724959880985,831.9803695232547
MY_0p5_6.2500_118.2500,118.25,6.25,1995-01-01,1995,1,141.67608969552177,111.28518540518625,136.98841094970703,47.906386443546836,1.5900942981243134,49.496479647500166,40.27240780421666,122.32416152954102,250.6211062840053,436.5721533639091,849.7898210797991
MY_0p5_6.7500_100.2500,100.25,6.75,1995-01-01,1995,1,29.63607803513022,131.79231789532832,127.51012970419492,0.7007706820526542,0.1390082534840878,0.8397789095692775,29.987666859346277,98.6952798506793,204.0996306924259,364.93844918643725,697.7210320865406
MY_0p5_6.7500_100.7500,100.75,6.75,1995-01-01,1995,1,42.64502482944065,123.07623064959492,138.62612971553096,3.401590585708618,0.24555683467123243,3.6471472316318088,33.43714954234936,103.93846497712312,211.46947168420866,371.36868060076677,720.2137745044851
MY_0p5_6.7500_116.2500,116.25,6.75,1995-01-01,1995,1,80.71421564036403,119.37255096435547,132.3891545737662,13.395117038633767,6.339384288322634,19.73450190846513,39.52646897478802,119.91372085199124,244.65509628668067,421.6053861292398,825.7006701957889
MY_0p5_6.7500_116.7500,116.75,6.75,1995-01-01,1995,1,91.93218747743836,117.66831403970717,126.0076024956383,15.775462531289564,6.391927097154701,22.167390046854738,38.28057493428468,115.37203997585614,235.55968442170516,406.19194314225393,795.4042365635809
MY_0p5_6.7500_117.2500,117.25,6.75,1995-01-01,1995,1,114.01838987301556,115.55825740455562,122.91947228085678,19.730611505761612,4.69667757823404,24.427289118808986,37.22756654182367,111.65769489254572,228.48368302066768,394.94585600996436,772.3148061026513
MY_0p5_6.7500_117.7500,117.75,6.75,1995-01-01,1995,1,135.018433464898,114.0185629526774,129.47764158248904,25.299794435501102,2.08479842543602,27.384592473506927,37.688013672828674,113.43350076675414,232.58046245574948,403.2423400878906,786.9443321228027
MY_0p5_7.2500_116.7500,116.75,7.25,1995-01-01,1995,1,81.41881693442036,119.16261073521206,128.216771930197,8.433256721496582,2.433382149364637,10.86663883043372,37.18799292522928,111.92740219779637,229.2873835024626,396.35668679942256,774.759475840693
MY_0p5_7.2500_117.2500,117.25,7.25,1995-01-01,1995,1,84.37713657413516,118.56120657706046,127.1836944580078,8.095851366143478,1.839710551814029,9.93556190289949,36.535219975521684,109.67041730378803,224.82029418945314,388.6961053145559,759.7220356188323
MY_0p5_0.7500_110.2500,110.25,0.75,1995-02-01,1995,2,385.04711726262025,84.63714282696066,107.26198108379658,207.88651639498198,229.07021930401143,436.95673640324526,43.36734120295598,130.89816706730772,266.22158250075125,466.0805405836839,906.5676551231973
MY_0p5_0.7500_110.7500,110.75,0.75,1995-02-01,1995,2,412.0272984095982,85.91690521240234,110.8621487208775,131.5155750819615,182.62739279610767,314.1429691859654,43.2285829271589,130.55944192068918,265.98145969935825,467.5150482177734,907.284543282645
MY_0p5_0.7500_111.7500,111.75,0.75,1995-02-01,1995,2,429.6779271685887,86.36089700365824,105.09199003189329,79.63471221923828,180.21078297448537,259.84549240838913,43.231209164574025,130.56319076295884,265.96834842742436,467.44875614226805,907.2115246000744
MY_0p5_1.2500_103.2500,103.25,1.25,1995-02-01,1995,2,293.41090556024346,103.44090248774556,116.89195390181109,95.41840744018555,45.140290520407945,140.55870056152347,38.857477708296344,115.49282611500135,236.09708543257278,415.6051628806375,806.0525623668325
MY_0p5_1.2500_103.7500,103.75,1.25,1995-02-01,1995,2,304.1995461473187,100.61644789316124,108.60819807330383,114.59471471101335,63.30225357500095,177.89696984152192,40.198707580566406,120.4527587890625,246.24498237683937,434.0090382400068,840.9054926900031
MY_0p5_1.2500_104.2500,104.25,1.25,1995-02-01,1995,2,309.5711996895927,98.83436617170061,99.65271759033203,137.71778869628906,85.57278442382812,223.2905731201172,41.961097717285156,126.9608383178711,259.5538330078125,458.05877685546875,886.5345458984375
MY_0p5_1.2500_109.7500,109.75,1.25,1995-02-01,1995,2,362.647952527885,86.31783524478776,109.122401501759,221.46466689511954,235.1358591102692,456.6005260053887,43.3926250963326,131.02320953736825,266.7029437329396,467.8320602968515,908.9508372846857
MY_0p5_1.2500_110.2500,110.25,1.25,1995-02-01,1995,2,389.5522396131833,84.87430269101412,108.00896562848776,229.62445899050212,245.16825919722038,474.79271824663675,43.43013841489107,131.0767723289696,266.5465287020768,466.59348252933466,907.6469415495296
MY_0p5_1.2500_110.7500,110.75,1.25,1995-02-01,1995,2,416.9406107584635,85.8842027210054,110.7005916534908,135.89412931411985,177.18035486614892,313.0744885641431,43.196119593060196,130.47419588603668,265.87358437189977,467.50766921270457,907.0515774197049
MY_0p5_1.2500_111.2500,111.25,1.25,1995-02-01,1995,2,427.6830263960476,86.35735930421484,108.11964808942412,110.21031976279359,171.08576019579613,281.296081640469,43.175820688850976,130.41329868304464,265.7453123829997,467.26208973844973,906.5965279771117
MY_0p5_1.2500_111.7500,111.75,1.25,1995-02-01,1995,2,441.78335135323664,86.03697253030444,104.47832428462922,92.3808346702939,202.5292147681826,294.9100521027095,43.31819231548006,130.78711107042102,266.251211983817,467.3935779389881,907.7501085069443
MY_0p5_1.2500_112.2500,112.25,1.25,1995-02-01,1995,2,465.61796902884083,85.3146260837613,104.49735213536296,94.43965826663873,218.17393578853705,312.61360230421656,43.388193353178536,130.96020895091408,266.43795420070586,467.2238298600095,908.0102015461413
MY_0p5_1.2500_112.7500,112.75,1.25,1995-02-01,1995,2,498.28958320617676,85.38027079900107,101.32069683074951,120.83933877944946,262.6251621246338,383.46450487772626,43.54996514320374,131.3657258351644,266.85838317871094,466.50706418355304,908.2811406453451
MY_0p5_1.2500_113.2500,113.25,1.25,1995-02-01,1995,2,480.3678891389266,86.26414682139522,101.56497995127803,108.9250961303711,242.76981745180876,351.6949237325917,43.46676838086999,131.11473216181213,266.3338317871094,465.4063091775646,906.3216446586277
MY_0p5_1.2500_113.7500,113.75,1.25,1995-02-01,1995,2,434.0637521454782,87.23526654098973,101.44294461337003,96.29654739842269,201.48301026315397,297.77956147627395,43.24167794892283,130.44588169907078,264.98029859138256,462.61201708244556,901.2798572887074
MY_0p5_1.2500_114.2500,114.25,1.25,1995-02-01,1995,2,363.83847288958793,87.34623826288545,106.54429228115927,76.96797335464342,173.77325047855882,250.74122808675853,43.12571820959581,130.08944148510957,264.2379498777136,461.1820654404902,898.6351523610342
MY_0p5_1.2500_114.7500,114.75,1.25,1995-02-01,1995,2,296.12327821793093,87.19442355248236,110.8204584429341,59.44015576762537,144.13657699092744,203.57674038794735,42.979664094986454,129.60571978169102,263.0406228342364,458.1158742597026,893.7418783864667
MY_0p5_1.7500_102.7500,102.75,1.75,1995-02-01,1995,2,271.1582327995512,105.98303479779493,130.47263383865356,47.31831073760986,23.041549652814865,70.35985863208771,40.39958465099335,121.22353672981262,246.87796449661255,430.80903530120844,839.310115814209
MY_0p5_1.7500_103.2500,103.25,1.75,1995-02-01,1995,2,291.3318794869088,102.02916428849504,131.300118560791,89.99580596923829,47.696607456207275,137.6924114227295,40.81311267852783,122.52907669067385,250.1711657714844,439.56743347167964,853.0807861328125
MY_0p5_1.7500_103.7500,103.75,1.75,1995-02-01,1995,2,300.433393937123,99.24447433857978,121.3465086055707,113.9485696478735,61.09950949270514,175.0480802511867,40.96664549429205,123.19538584841958,251.76106320151797,443.25703874419,859.1801383102995
MY_0p5_1.7500_104.2500,104.25,1.75,1995-02-01,1995,2,302.40559139251707,98.27402482032775,117.31785435639611,130.7926218195479,74.64007213503815,205.4326970300009,42.09784450087436,127.39102427164715,260.4076173767563,458.979285424994,888.8757731119791
MY_0p5_1.7500_109.7500,109.75,1.75,1995-02-01,1995,2,359.54957970907526,86.27781650631927,109.23712921142578,224.450927734375,236.04580688476562,460.4967346191406,43.396942138671875,131.03793334960938,266.7381896972656,467.9169616699219,909.0900268554688
MY_0p5_1.7500_110.2500,110.25,1.75,1995-02-01,1995,2,390.5079817182562,85.48221225931186,109.46703942446786,256.8262658756685,268.6942969337504,525.5205629726145,43.52454239544384,131.35040177125984,267.0803555575284,467.6052523526278,909.5605625417782
MY_0p5_1.7500_110.7500,110.75,1.75,1995-02-01,1995,2,426.67409307306457,85.98978111960669,110.26241416931153,137.6069080352783,162.97602615356442,300.5829483032227,43.11801891326904,130.26914978027344,265.6137557983398,467.4998580932617,906.5007934570312
MY_0p5_1.7500_111.2500,111.25,1.75,1995-02-01,1995,2,445.2891073559958,86.35684390597872,107.41971265216208,112.69899849115416,185.29628224927325,297.99528879564866,43.20690992488418,130.49556891862736,265.86146623478385,467.22969473905346,906.7936492210212
MY_0p5_1.7500_111.7500,111.75,1.75,1995-02-01,1995,2,471.7799486570719,85.7439248773116,102.48549953895277,126.42239131203175,246.01363290714306,372.4360303275192,43.460243261313124,131.163655341426,266.76956408536876,467.4210233084761,908.8144956178301
MY_0p5_1.7500_112.2500,112.25,1.75,1995-02-01,1995,2,497.1067628890749,85.33787185426743,102.3984626406715,122.27986731150794,266.93138950892853,389.2112605988033,43.551976182725696,131.39653954884363,267.02636970641123,467.142138187469,909.1170262896824
MY_0p5_1.7500_112.7500,112.75,1.75,1995-02-01,1995,2,502.889404296875,86.00765792604476,102.70444723462299,120.14583122616722,262.13322608584446,382.27906736343624,43.53429463704426,131.34080374581472,266.9068697490389,466.89976971338666,908.6817470005582
MY_0p5_1.7500_113.2500,113.25,1.75,1995-02-01,1995,2,488.00157063802084,86.9935797797309,104.3586409069243,113.2360822162931,246.17359672425283,359.40968967013885,43.47521565755209,131.16832280234684,266.5849237351191,466.3937934027777,907.6222619435144
MY_0p5_1.7500_113.7500,113.75,1.75,1995-02-01,1995,2,432.88320273747513,88.07923218257844,105.14283951047868,106.43529956151566,208.47799609956286,314.91329859173476,43.26458335755363,130.54362395755828,265.303323218936,463.6132525731647,902.7247680664062
MY_0p5_1.7500_114.2500,114.25,1.75,1995-02-01,1995,2,345.90857776460183,88.42251654730903,111.05867098853702,73.57938319614955,160.11632782466825,233.69571605864024,43.02830504160078,129.83227132161457,263.86442919534346,460.83840273902536,897.5633953760539
MY_0p5_1.7500_114.7500,114.75,1.75,1995-02-01,1995,2,274.1289546353829,89.36457267326395,116.37002239326122,55.87021634986364,100.63342597447529,156.50364522983372,42.54167691166537,128.3162196658436,260.4436753030886,452.6290030207659,883.9305850014168
MY_0p5_2.2500_101.7500,101.75,2.25,1995-02-01,1995,2,182.02304508710148,108.31657039757931,131.7075152156329,12.654154469268494,2.439616079282279,15.093770797806556,39.387207455105255,118.43991767035591,239.12373213334516,408.9969648881392,805.9478346699417
MY_0p5_2.2500_102.2500,102.25,2.25,1995-02-01,1995,2,222.22029865757702,105.74228325072656,127.97559141314201,17.431733418879897,5.524498581315912,22.956231308896005,39.35850601561332,118.30322937303754,239.36792014090068,411.1358410410904,808.1655063172848
MY_0p5_2.2500_102.7500,102.75,2.25,1995-02-01,1995,2,258.36835663228095,103.85467444794088,136.56762516649462,45.97141327435457,20.40704401535324,66.37845517412016,41.001125625417195,123.44284958175467,251.333908129342,438.50453495073924,854.282415076147
MY_0p5_2.2500_103.2500,103.25,2.25,1995-02-01,1995,2,283.5960704016307,98.50757097516741,141.48062666635664,80.26541011749752,48.417472124856616,128.6828777010479,41.85498161921426,126.29722275506882,257.56933293418274,451.47303486173115,877.1945643833707
MY_0p5_2.2500_103.7500,103.75,2.25,1995-02-01,1995,2,289.5466497906184,96.25030589992717,142.4237060546875,104.23884856660487,55.5155952582925,159.75444268695375,41.76899573115979,126.06431005445576,257.47784889350504,452.3330150539591,877.6441573838056
MY_0p5_2.2500_104.2500,104.25,2.25,1995-02-01,1995,2,279.80703462430137,95.91516324175083,147.26176351752164,118.73759416312227,56.23816422391529,174.97576235936694,42.31252392855557,128.09914568436048,262.0013765697637,461.68409413739676,894.0971331635783
MY_0p5_2.2500_104.7500,104.75,2.25,1995-02-01,1995,2,247.1072998046875,94.1776123046875,,,,,,,,,
MY_0p5_2.2500_109.7500,109.75,2.25,1995-02-01,1995,2,340.00151308121224,85.81958278532952,,,,,,,,,
MY_0p5_2.2500_111.2500,111.25,2.25,1995-02-01,1995,2,442.2813597917557,86.53532621264458,102.83956235997816,150.2381674822639,212.9385268267463,363.1767021627987,43.23742159675149,130.59366607666013,266.0365021649529,467.14750087962426,907.0151017132927
MY_0p5_2.2500_111.7500,111.75,2.25,1995-02-01,1995,2,476.91108243427584,86.80742691282242,103.67830357627261,151.56531529502263,235.0106176467169,386.5759321909102,43.33843167017377,130.86525423564606,266.4304473392547,467.37785189189606,908.012001449343
MY_0p5_2.2500_112.2500,112.25,2.25,1995-02-01,1995,2,510.1111829000806,86.95744083949496,105.51244150797525,146.7402615259564,277.4628293960813,424.20308460053946,43.54677300831628,131.42026018415177,267.2132389129154,467.77014412047373,909.9504367404514
MY_0p5_2.2500_112.7500,112.75,2.25,1995-02-01,1995,2,515.4334976438491,87.22609340122767,106.87623443603513,130.90194576202876,256.6916345021081,387.59359363374256,43.48927560231042,131.24959644135976,266.9126497783358,467.4853758796813,909.1369049556672
MY_0p5_2.2500_113.2500,113.25,2.25,1995-02-01,1995,2,491.060184733073,88.29217517186726,109.97669096447171,122.54199737064424,221.7085369776166,344.2505496070499,43.355726502433654,130.8801514156281,266.33406197684155,467.0164262075273,907.5863759843131
MY_0p5_2.2500_113.7500,113.75,2.25,1995-02-01,1995,2,420.78006609180306,89.02309299420709,110.75968370558341,102.96411796762975,179.64166225964513,282.60578155517584,43.08999918684175,130.08434730240063,264.6530271119709,463.1289995410775,900.9563826548901
MY_0p5_2.2500_114.2500,114.25,2.25,1995-02-01,1995,2,314.07299097454734,89.76532369946676,114.78462747240823,64.04935953049431,120.16577206566221,184.21513250441777,42.71008512708876,128.92823040674602,262.1864729623946,457.65255553230406,891.4773629324777
MY_0p5_2.2500_114.7500,114.75,2.25,1995-02-01,1995,2,239.97973677112213,90.53668205507341,119.22702722857078,45.88376998286094,62.26778263661169,108.15155452605217,42.127154836347025,127.0634304415795,257.7123355988534,446.3641043386152,873.2670429845011
MY_0p5_2.2500_115.2500,115.25,2.25,1995-02-01,1995,2,189.53761291503906,91.15003967285156,128.23211669921875,15.21101188659668,2.5274364948272705,17.738449096679688,39.43962860107422,118.31527709960938,236.29458618164062,395.5975646972656,789.6470947265625
MY_0p5_2.7500_101.2500,101.25,2.75,1995-02-01,1995,2,134.82083129882812,109.4041976928711,138.6737823486328,20.33412742614746,13.570721626281738,33.904850006103516,41.0825080871582,124.28726196289062,253.64889526367188,443.5344543457031,862.5531005859375
MY_0p5_2.7500_101.7500,101.75,2.75,1995-02-01,1995,2,166.8611128786777,105.36194277676668,121.100988852761,23.516232039711692,19.739991921945048,43.256224066994406,40.005281926935375,120.71796248002484,244.65088567560366,422.15563665216615,827.5297685102981
MY_0p5_2.7500_102.2500,102.25,2.75,1995-02-01,1995,2,212.1121411657637,101.35785568140115,133.70068592630375,15.147262637022953,4.342730494821148,19.48999263374669,39.73986863786248,119.82219620722873,242.3842798706832,415.3564645560684,817.3028105717556
MY_0p5_2.7500_102.7500,102.75,2.75,1995-02-01,1995,2,249.5769662977774,99.53838807118089,143.43767977364456,46.74589091916627,13.0319869729537,59.77787544153914,41.54271391373646,125.4864558690711,255.42820140983486,445.17745768873,867.6348227971718
MY_0p5_2.7500_103.2500,103.25,2.75,1995-02-01,1995,2,275.55063915860126,96.02192918813911,142.00449011735856,77.63418411449261,35.49614924534111,113.13033134314666,41.20898843267161,124.02548152170365,253.09406795623195,443.99563005775406,862.3241617968129
MY_0p5_2.7500_103.7500,103.75,2.75,1995-02-01,1995,2,282.54661639669666,95.43617775958518,139.84605260049142,95.6587913267074,46.263751948484085,141.92254385530674,40.489224130656865,121.42266958210325,248.17065310148598,436.7112295968192,846.7937686761952
MY_0p5_2.7500_104.2500,104.25,2.75,1995-02-01,1995,2,266.15194410436294,94.35291727851417,151.37405395507812,116.78192901611328,53.83429718017578,170.61622619628906,42.32576370239258,128.1763916015625,262.3592834472656,463.1415100097656,896.0029296875
MY_0p5_2.7500_111.2500,111.25,2.75,1995-02-01,1995,2,464.9501925764413,87.35666277655241,110.78530031092028,214.52831986371208,231.4223574470071,445.95069256950825,43.26689989426556,130.66748450784124,266.1091748405905,466.86669921875,906.910271139706
MY_0p5_2.7500_111.7500,111.75,2.75,1995-02-01,1995,2,501.0886309264136,87.83891737265664,110.36780130452122,203.2945236995302,245.90679471246125,449.2013285406705,43.36045303015873,130.9174710635481,266.48408389913624,467.25754415577853,908.0195715016332
MY_0p5_2.7500_112.2500,112.25,2.75,1995-02-01,1995,2,527.1082426626471,88.42130863817432,111.55168894449868,185.8898934427897,255.09731592814128,440.9872147623697,43.45639623006185,131.17496022542318,266.88036600748694,467.7980388387045,909.3097810872397
MY_0p5_2.7500_112.7500,112.75,2.75,1995-02-01,1995,2,518.3978639433656,89.11294922647596,110.84093480170526,140.28228822539123,218.89936036701442,359.18166100224363,43.33281203161312,130.84210084359856,266.3841780650465,467.51892456827284,908.0780104625072
MY_0p5_2.7500_113.2500,113.25,2.75,1995-02-01,1995,2,476.686511811756,90.29901338607546,112.22995019337486,124.68946678524925,182.01301749093187,306.70250244140624,43.16008350432865,130.3634740920294,265.6118738568018,466.64532964797246,905.7807582310267
MY_0p5_2.7500_113.7500,113.75,2.75,1995-02-01,1995,2,397.6625209735457,91.46652814537096,111.8601445483554,87.81017228144749,140.50718718121763,228.31736269422396,42.87009635244965,129.47367640209805,263.65656431161676,461.9641829569628,897.9645127217481
MY_0p5_2.7500_114.2500,114.25,2.75,1995-02-01,1995,2,289.7269403964658,91.99979318546343,114.57254771944844,53.18308970294421,101.49428273454497,154.67737386196472,42.589952517159375,128.5673781769185,261.42086569870577,455.9255701378931,888.503794030298
MY_0p5_2.7500_114.7500,114.75,2.75,1995-02-01,1995,2,215.6085193901305,94.6627694148167,121.31396124772965,42.98524290437151,57.239665100528924,100.22490740733542,42.089420889593235,126.98594043513012,257.7161135339433,447.0042350428879,873.7957164983081
MY_0p5_2.7500_115.2500,115.25,2.75,1995-02-01,1995,2,180.49236510680598,93.23561838510874,128.75507581556164,11.450573843878667,2.3918492428891294,13.84242296648455,39.037429603370455,117.0551356410121,233.56526032868805,390.57279817048493,780.2306529552012
MY_0p5_3.2500_101.2500,101.25,3.25,1995-02-01,1995,2,127.74754333496095,109.79372322884052,147.92559707582228,17.27709127492942,7.6815639729629694,24.958655873161344,40.6159439086914,122.8303086692721,250.3271565121899,435.66197364896186,849.435382056329
MY_0p5_3.2500_101.7500,101.75,3.25,1995-02-01,1995,2,153.2974906489534,100.19022004923245,126.62641318740359,17.143522356725803,18.018759475392145,35.16228175922564,39.793720306104916,120.1218288202954,243.47352075273068,418.7137738853504,822.1028520134605
MY_0p5_3.2500_102.2500,102.25,3.25,1995-02-01,1995,2,204.9869845435733,98.44906027657645,139.40435311453683,19.503614092630052,4.9581522987002415,24.461765458848742,40.205623614598835,121.3534717135959,246.0570576985677,423.40978936089414,831.0259329659598
MY_0p5_3.2500_102.7500,102.75,3.25,1995-02-01,1995,2,244.63360542587085,96.72680021841315,145.5593578483485,38.64270390739924,7.6595749915400635,46.3022779995882,41.03143543533132,123.90299584593953,251.70369788061214,436.04942823965337,852.6875399818902
MY_0p5_3.2500_103.2500,103.25,3.25,1995-02-01,1995,2,266.5786297826115,94.90505800029743,138.96185004517,67.8951157063537,16.657860044547714,84.55297409206727,39.977533731864405,119.80233630450618,244.3112734816362,426.84216567048816,830.9333012981601
MY_0p5_3.2500_112.2500,112.25,3.25,1995-02-01,1995,2,534.1689710828994,89.15186021592882,114.09317118326823,201.22676459418406,238.54212883843317,439.7689086914063,43.4000718858507,131.01743977864584,266.6532077365452,467.7909844292535,908.8617160373265
MY_0p5_3.2500_112.7500,112.75,3.25,1995-02-01,1995,2,506.5915662703975,90.94546902564264,114.1764289981029,127.30446399626186,174.89931713166783,302.2037903832608,43.12135518183474,130.26293782718847,265.47814241002817,466.6593407802894,905.5217610343558
MY_0p5_3.2500_113.2500,113.25,3.25,1995-02-01,1995,2,440.4680231997841,93.25750743894649,116.16747558478153,91.98271630027077,136.34223657665828,228.32495885906795,42.90129126924457,129.6375122648297,264.37787813128847,464.98671329382694,901.9033885146632
MY_0p5_3.2500_113.7500,113.75,3.25,1995-02-01,1995,2,365.2763301788814,94.79781259203715,113.62116205124627,68.54973825121682,118.60997546968007,187.15971553741937,42.76519553774879,129.19977300734746,263.33293311709446,462.2919296022445,897.5898265051461
MY_0p5_3.2500_114.2500,114.25,3.25,1995-02-01,1995,2,271.11526256002435,96.26190003316114,115.80369750101853,45.13079128143893,89.98521928726487,135.11601373951905,42.477539669935865,128.22336937971176,260.6884847264381,454.3861042192787,885.7755128896919
MY_0p5_3.2500_114.7500,114.75,3.25,1995-02-01,1995,2,204.8289784231004,100.0965728273817,126.04227578715916,36.9419367024853,53.171032973915146,90.11296892166139,42.071784377857384,126.95616572677712,257.8295756540481,447.89511399967654,874.7526505585688
MY_0p5_3.2500_115.2500,115.25,3.25,1995-02-01,1995,2,168.676344521438,96.76280253446554,126.81927910333945,11.74192808851411,2.2840077273453336,14.025935393345506,38.81260659423055,116.4035894659501,232.2034959430936,387.8728727509704,775.2925859282288
MY_0p5_3.2500_115.7500,115.75,3.25,1995-02-01,1995,2,151.80597472458743,92.43217699715261,122.98955167277475,8.51437759399414,2.0125809680210067,10.526958529868823,38.57947566000263,115.76886423518148,231.36591930603714,387.9994709143478,773.7137320872104
MY_0p5_3.7500_100.7500,100.75,3.75,1995-02-01,1995,2,126.22110748291016,111.80292510986328,151.6526641845703,10.357828140258789,0.4394087791442871,10.797236442565918,40.526546478271484,122.32411193847656,248.16937255859375,427.8124084472656,838.8323974609375
MY_0p5_3.7500_101.2500,101.25,3.75,1995-02-01,1995,2,118.03942484492146,108.2938487475744,152.30112588135557,8.07691667920949,3.2130734943649144,11.289989857226129,39.608280502862534,119.50876052016964,242.15552942961168,416.227147074579,817.4997341316495
MY_0p5_3.7500_101.7500,101.75,3.75,1995-02-01,1995,2,141.20208577548757,96.03845683784243,135.96718592552622,8.170865648111722,7.552776364004537,15.723641638543196,38.92893455894131,117.41261218611604,237.43801340479763,405.9362080567962,799.7157738558046
MY_0p5_3.7500_102.2500,102.25,3.75,1995-02-01,1995,2,193.33120340014256,93.12578834654792,139.3345035129123,19.452825049748494,6.174578902834937,25.627403876894995,39.94578296721927,120.47306087433346,243.59002617730036,416.8030314127604,820.8119001116071
MY_0p5_3.7500_102.7500,102.75,3.75,1995-02-01,1995,2,227.1156286814856,94.13858388264973,144.19127027723522,27.266832388015022,7.384049527607267,34.650882424248586,40.650960710313576,122.68613501654731,248.57472757006445,427.3305050804501,839.242322358631
MY_0p5_3.7500_103.2500,103.25,3.75,1995-02-01,1995,2,237.91600601986588,92.87624450318842,138.8318769866345,31.71305876339183,8.42833709342807,40.14139524721632,40.16810670740465,121.10664933148551,246.13319815841376,425.17570728975187,832.5836478439032
MY_0p5_3.7500_113.2500,113.25,3.75,1995-02-01,1995,2,419.76615142822266,96.41261231899261,118.91696129470576,64.74488655465548,100.83030012787366,165.5751853067367,42.65915698692447,128.9425504090356,263.1140221767738,462.88427434202106,897.5999865922772
MY_0p5_3.7500_113.7500,113.75,3.75,1995-02-01,1995,2,336.9399988450587,98.54091775076729,115.42818700302766,39.17867290163503,68.78032917652315,107.95900207815819,42.43777937410719,128.2772910108844,261.7709326882964,460.2080851434504,892.6940659211291
MY_0p5_3.7500_114.2500,114.25,3.75,1995-02-01,1995,2,242.82049594891416,100.79254462832496,118.3986344837007,32.92188754611545,55.33572298080202,88.25761110820467,42.36490112789094,128.0203835139199,261.0652051168775,458.22301180400547,889.6734888470361
MY_0p5_3.7500_114.7500,114.75,3.75,1995-02-01,1995,2,189.15633205837673,103.91632644411118,128.05737188430058,27.205413143218507,38.01308101623777,65.21849419427295,42.05350867377387,127.01035916767421,258.56852659195187,451.68924909319185,879.3216128394718
MY_0p5_3.7500_115.2500,115.25,3.75,1995-02-01,1995,2,160.99026305183529,98.89687628367591,120.17999616350444,9.924009737892755,2.6361569646805045,12.560166313534689,38.90972084166511,116.84273248097253,233.6582275390625,391.807863750155,781.2185742575025
MY_0p5_3.7500_115.7500,115.75,3.75,1995-02-01,1995,2,150.13892787137476,92.30324334892437,120.64207008416703,10.629343814987072,2.1706640428776365,12.800008019097417,38.73425858312373,116.27466890623245,232.31427935044542,388.9305119137112,776.2537134842906
MY_0p5_4.2500_100.7500,100.75,4.25,1995-02-01,1995,2,121.78690900802611,113.87102346345196,153.1103851941167,8.881799884718294,1.1416655958915245,10.023465226621045,40.0427200005979,120.80803023357782,244.8234067955796,421.7261582977918,827.4003398038902
MY_0p5_4.2500_101.2500,101.25,4.25,1995-02-01,1995,2,111.66020705348761,103.43605566328499,144.82506600155193,6.372619580311381,2.803044808138708,9.175664133327023,38.3720242445636,115.51575219707125,232.77745406035407,397.01596778821033,783.6811881095741
MY_0p5_4.2500_101.7500,101.75,4.25,1995-02-01,1995,2,131.3918304705538,96.4701642898706,141.1976375397021,7.688033938788759,1.9909392602908345,9.678973069967935,38.081794629081756,114.69165826377015,231.03650740845896,393.0396662215456,776.849628095048
MY_0p5_4.2500_102.2500,102.25,4.25,1995-02-01,1995,2,177.6637403104252,96.0652790983645,146.06498143010248,17.50981073714674,5.427718610428393,22.937529865545205,40.08678779967677,120.79043544976477,243.89944648133303,416.60394764860604,821.3806360994286
MY_0p5_4.2500_102.7500,102.75,4.25,1995-02-01,1995,2,199.1237513062301,92.63429926003622,137.93882746605357,24.300295076552473,10.985065827703783,35.285362650634376,40.143889639787616,121.15187308439023,245.1435709181865,419.1716163781039,825.6109500569144
MY_0p5_4.2500_103.2500,103.25,4.25,1995-02-01,1995,2,191.3106173790491,92.74542486210733,134.25637402684018,31.559455153834115,8.541662402269317,40.10111810770599,40.10253276226829,121.19602711109333,245.9377192586972,421.9645881254083,829.2008492606027
MY_0p5_4.2500_113.7500,113.75,4.25,1995-02-01,1995,2,252.340825398763,103.70001417217834,118.11395011757905,18.686025115678895,18.69673124349342,37.38275599929522,41.54835848538381,125.47658941880712,255.19683866680793,443.76090888257295,865.9827028670401
MY_0p5_4.2500_114.2500,114.25,4.25,1995-02-01,1995,2,198.47834241539863,105.4964232279067,121.80548923448248,15.081688715224102,13.414758982345404,28.496448259095896,41.64817198823317,125.83176634210419,256.25037970229926,446.9524479575139,870.6827760203005
MY_0p5_4.2500_114.7500,114.75,4.25,1995-02-01,1995,2,170.12652913411458,107.32371637980145,126.50034495035811,18.552731437683107,17.706671581268314,36.259401957194015,41.65482299804688,125.88091110229497,256.41709370930994,447.5525085449219,871.5053361002606
MY_0p5_4.2500_115.2500,115.25,4.25,1995-02-01,1995,2,155.8865078290304,104.86626699235705,115.7120652463701,9.18919736478064,3.3961731981900005,12.585370106829538,38.62922026051416,116.31627384821576,233.64411025577124,394.1996469497681,782.7892576853435
MY_0p5_4.2500_115.7500,115.75,4.25,1995-02-01,1995,2,156.67763583942997,96.82136626162773,113.60702574131854,12.833531660952813,2.2583896737987716,15.091921075723942,38.67747366953705,116.20092176017116,232.4143051406085,389.42958311953794,776.722269556078
MY_0p5_4.2500_116.2500,116.25,4.25,1995-02-01,1995,2,172.7927985772854,102.78220632599621,121.75388815344833,18.270631958798667,4.6826783425924265,22.953309948851427,39.86020451057249,119.62900254784563,239.17667872731275,401.106587665837,799.7724754519579
MY_0p5_4.2500_116.7500,116.75,4.25,1995-02-01,1995,2,181.02524668081648,105.86413812361702,120.36906750629406,20.36808760317764,5.5618886589314895,25.929975807322247,40.253941133532216,121.04882530256505,243.13969694810112,410.99061258128626,815.433080772444
MY_0p5_4.2500_117.2500,117.25,4.25,1995-02-01,1995,2,186.01091023673,107.84225207303479,115.44343016632892,13.723300773485573,2.7659187390740994,16.489219652867952,39.66919998574046,119.49970461414979,240.80932590180794,408.9355071751418,808.9137389596585
MY_0p5_4.2500_117.7500,117.75,4.25,1995-02-01,1995,2,173.90544017563522,106.5216143681453,103.18561377892128,5.732579846667429,0.6670437358383439,6.399623669110811,36.41264194912381,109.11723950377896,220.14137092003457,373.4039427928437,739.0751854008079
MY_0p5_4.2500_118.2500,118.25,4.25,1995-02-01,1995,2,143.22954916256913,104.3071885136833,93.79415154912671,3.749835096347105,0.1254670413056756,3.875301957889728,33.51152502655225,98.61368079701806,198.3408912610097,334.73737621914813,665.2034733280256
MY_0p5_4.2500_118.7500,118.75,4.25,1995-02-01,1995,2,123.93440981264467,103.72747604935257,91.84355163574219,4.550412178039551,0.10033783316612244,4.650749683380127,32.72994613647461,95.01497650146484,190.49417114257812,320.5212707519531,638.7603759765625
MY_0p5_4.7500_100.2500,100.25,4.75,1995-02-01,1995,2,109.08899603949655,123.18921237521702,,,,,,,,,
MY_0p5_4.7500_100.7500,100.75,4.75,1995-02-01,1995,2,111.27814539382447,114.33351046151489,143.58233530928447,3.713709744980665,1.2236696016497728,4.937379346630438,37.391978581746415,112.50514825960485,225.96851795475655,384.4705901107168,760.3362528483074
MY_0p5_4.7500_101.2500,101.25,4.75,1995-02-01,1995,2,105.15003320726298,100.35037195114863,134.49149145701574,5.825223389126006,1.5871523153214229,7.412375704447427,37.528484162830175,112.62572149851965,224.94319685678633,378.1922747899616,753.2896879650298
MY_0p5_4.7500_101.7500,101.75,4.75,1995-02-01,1995,2,124.72538375854494,96.67963077605717,144.1517010401166,14.12806752976917,3.6581000948709166,17.78616719927107,38.70104666815864,116.48087640187097,234.18246416364397,396.99108131045386,786.3554687500001
MY_0p5_4.7500_102.2500,102.25,4.75,1995-02-01,1995,2,165.83267996651784,95.90107850574311,141.89256911504836,26.828276679629372,12.57857601529076,39.40685290382022,40.21515132359096,121.24129224504742,244.98230227515813,418.3282057989212,824.7669793991815
MY_0p5_4.7500_102.7500,102.75,4.75,1995-02-01,1995,2,181.15246722956365,92.8589432588808,134.09148844336244,44.008737321112555,13.634837144499366,57.64357173215051,40.15132447260958,121.27776713280159,245.75475962450548,420.5927081259951,827.7765769229571
MY_0p5_4.7500_103.2500,103.25,4.75,1995-02-01,1995,2,166.9171742805372,94.41619135728524,124.64914134683647,44.570951609593926,11.461970233389374,56.032919852056196,38.56935201271874,115.70663283231954,234.82774488160535,402.2008983429069,791.3046368250549
MY_0p5_4.7500_103.7500,103.75,4.75,1995-02-01,1995,2,156.63566990902552,96.11906433105469,109.77279772077289,26.45006695041409,4.625587026794236,31.07565446333452,34.98845831140295,102.61610987279322,208.4651954948128,357.4716792911678,703.5414206764915
MY_0p5_4.7500_113.7500,113.75,4.75,1995-02-01,1995,2,139.5282745361328,108.44937133789062,,,,,,,,,
MY_0p5_4.7500_114.2500,114.25,4.75,1995-02-01,1995,2,139.5282745361328,109.73852293831962,124.67184448242188,8.681772232055664,1.1622025966644287,9.843974113464355,40.49744415283203,122.2690200805664,248.05801391601562,427.1737365722656,837.9982299804688
MY_0p5_4.7500_114.7500,114.75,4.75,1995-02-01,1995,2,141.02176182244412,114.01024045226397,129.67425241777974,13.417038548377253,2.9278337763201807,16.344872813070975,40.692338430753324,122.79747091313845,248.90677306472617,428.6415106660577,841.0381135017642
MY_0p5_4.7500_115.2500,115.25,4.75,1995-02-01,1995,2,142.9858628114064,114.49309150377907,122.70210194587708,9.752380505204199,3.0181165101627503,12.770497356851894,38.629467189311974,116.31368601322174,233.6327622731526,394.5306409200031,783.1065842310587
MY_0p5_4.7500_115.7500,115.75,4.75,1995-02-01,1995,2,150.65802171495224,106.49012855650884,116.32335120307074,10.398558771042596,1.3388208741233463,11.737379731072318,38.123999083988245,114.42408590165395,228.354637945266,382.3615977453807,763.2643126472593
MY_0p5_4.7500_116.2500,116.25,4.75,1995-02-01,1995,2,162.18177795410153,104.78314066084603,121.81274280850849,13.93673597063337,1.6806604146957393,15.617396421281112,39.00611612229119,116.9481530810159,233.10939287458143,389.0434160505021,778.1070880223832
MY_0p5_4.7500_116.7500,116.75,4.75,1995-02-01,1995,2,175.69085258773612,104.79853267911115,117.60473475878753,15.797782529758504,2.6108215522917013,18.408603982080386,39.13337980342817,117.5393702350085,235.18083509614198,394.4300849045379,786.283693144593
MY_0p5_4.7500_117.2500,117.25,4.75,1995-02-01,1995,2,191.90431058368986,103.98694361126614,113.67906523204987,13.686644811478873,2.875123930734301,16.56176860143268,39.130671619233624,117.58491891527933,235.64651862250437,396.3939722454737,788.7560816204737
MY_0p5_4.7500_117.7500,117.75,4.75,1995-02-01,1995,2,177.446702353562,103.16485822653469,110.2223250956475,9.13506466829324,2.053363526923747,11.188428074498718,38.581745823727374,116.02555600902701,232.78651230244694,392.3378232159192,779.7316311220578
MY_0p5_4.7500_118.2500,118.25,4.75,1995-02-01,1995,2,142.9078212718868,102.94253578377729,110.65368019755762,10.517206843773925,1.879051461291673,12.396258634538508,38.52018776131635,115.97199065241982,232.86215861718262,392.797009645395,780.1513368232767
MY_0p5_4.7500_118.7500,118.75,4.75,1995-02-01,1995,2,116.75024249885655,101.50211044504672,107.49090122271188,8.407971013950396,0.7900412075127228,9.198012327846094,37.79031796998616,114.09601245348966,229.22758116903182,385.91883714893197,767.0327295230913
MY_0p5_5.2500_100.2500,100.25,5.25,1995-02-01,1995,2,96.82140147479282,125.6889677984866,59.83592224121094,0.6133852601051331,7.160858949646354E-4,0.6141013503074646,22.988914489746094,61.44114303588867,122.84159851074219,206.3055877685547,413.5772399902344
MY_0p5_5.2500_100.7500,100.75,5.25,1995-02-01,1995,2,98.23814923155543,117.25520515441897,135.63025761746815,2.486482113942333,0.3312700954413085,2.8177521934454473,34.454368503614404,102.80954641583322,203.76444516236756,340.9861925497823,682.0145344350531
MY_0p5_5.2500_101.2500,101.25,5.25,1995-02-01,1995,2,99.17510831318204,104.75245111859032,136.9817205035497,6.140895577082557,0.8312091205801283,6.972104684133378,36.58004592411102,109.68387211390902,218.29236653645833,365.4067154172867,729.9630002945189
MY_0p5_5.2500_101.7500,101.75,5.25,1995-02-01,1995,2,120.68404091999031,97.66084935862548,143.1528155575892,16.83091609645042,3.0372126347320094,19.868129197199636,38.216409756119845,115.06330793830243,231.02448442787124,390.54710077176435,774.8513238020007
MY_0p5_5.2500_102.2500,102.25,5.25,1995-02-01,1995,2,157.84016423316515,101.4552790647859,140.83398466656922,32.686693385907795,8.399969407707262,41.08666277842916,39.72666255683656,119.86374073878974,243.03366754616903,416.8541780702627,819.4782572946731
MY_0p5_5.2500_102.7500,102.75,5.25,1995-02-01,1995,2,174.88076290167893,96.98387877348881,129.09683468058958,45.83026333178504,9.661621019395728,55.49188303543349,38.63878932888225,116.2813218714827,236.22371707205042,405.2743665792174,796.4182147527144
MY_0p5_5.2500_103.2500,103.25,5.25,1995-02-01,1995,2,170.0216903121383,98.69901784261067,131.58235886809115,65.88028456948021,9.3403400182724,75.22062086130117,39.55723571777344,119.78864506312779,243.7928901771446,418.80783417937045,821.9466124695617
MY_0p5_5.2500_115.2500,115.25,5.25,1995-02-01,1995,2,129.31708022086852,119.58263803297474,125.9106949352827,9.232712085129785,0.9808823761881376,10.213594632070572,37.70357657260582,113.45960948506341,227.33631146540407,382.82863679479385,761.328125
MY_0p5_5.2500_115.7500,115.75,5.25,1995-02-01,1995,2,132.47971971696836,117.12618352189847,121.379327237404,9.176951485973293,0.8369286844285867,10.01388024475615,37.44799971499686,112.56685641013968,224.82954355013575,376.90433535818323,751.748705433991
MY_0p5_5.2500_116.2500,116.25,5.25,1995-02-01,1995,2,137.61642950999584,110.2922190654127,118.4265266853043,13.747224674949164,1.2651195371452768,15.012343995178803,38.09752669515489,114.59546852111815,229.22910323324083,384.4075547230395,766.3296466296233
MY_0p5_5.2500_116.7500,116.75,5.25,1995-02-01,1995,2,159.07978238938728,107.50391139259821,121.0055954124354,22.30873315243781,2.7519426221334484,25.060676713533038,38.989080356646184,117.16875745073148,234.49402121048936,393.1823120117187,783.8341887268838
MY_0p5_5.2500_117.2500,117.25,5.25,1995-02-01,1995,2,200.72290039062497,105.46467079283697,121.26543615432013,35.34830644395616,6.349808820088704,41.698115370008686,40.02085252792116,120.41244569808717,242.0735710507347,409.52638850136407,812.0332817925348
MY_0p5_5.2500_117.7500,117.75,5.25,1995-02-01,1995,2,193.27196815127417,102.48448139977833,116.39378623356895,35.0240491110181,7.326416727096316,42.3504656110491,40.3214212690081,121.49986252557665,245.2120939224485,418.0571130177331,825.0905207558284
MY_0p5_5.2500_118.2500,118.25,5.25,1995-02-01,1995,2,145.2050997555911,101.14160632479722,114.53380686766023,27.19210494096112,5.864956623239882,33.05706299945806,40.420659982474746,121.97095713038354,247.04026838168974,423.92096297148686,833.3528590111216
MY_0p5_5.2500_118.7500,118.75,5.25,1995-02-01,1995,2,107.08272487640383,99.2640132359096,105.03938399420845,12.426081127590603,2.008756135072973,14.434837765163845,38.08867406845092,115.31592305501302,232.90200869242352,395.54126654730896,781.8478605482313
MY_0p5_5.2500_119.2500,119.25,5.25,1995-02-01,1995,2,83.15738448051556,98.02082018171036,100.24720001220703,5.86249303817749,0.256935715675354,6.119428634643555,36.90456008911133,111.91482543945312,225.58392333984375,380.6034851074219,755.0067749023438
MY_0p5_5.7500_100.2500,100.25,5.75,1995-02-01,1995,2,78.17078705521317,128.43948237101236,69.59510481248208,0.4313186781668881,0.024355359238768935,0.4556740369271795,22.507359670936516,62.40486743472039,126.55544588981418,301.6929091707282,513.1605874157826
MY_0p5_5.7500_100.7500,100.75,5.75,1995-02-01,1995,2,84.12436295766679,121.05987885490295,124.10172871907551,2.4363795389731724,0.034754399930437406,2.471133913199107,31.799570172627767,93.84187512715657,184.27367838541664,317.88771891276036,627.8028240966796
MY_0p5_5.7500_101.2500,101.25,5.75,1995-02-01,1995,2,92.74363444170615,111.27646889273576,137.19993717463936,4.483843510545145,0.452717916849326,4.936561409882673,35.6269727091151,106.96855680210385,212.40014798622434,354.1913676825096,709.1870653047338
MY_0p5_5.7500_101.7500,101.75,5.75,1995-02-01,1995,2,113.67922290166221,102.57751878102623,136.63554480870567,11.450200335184734,0.871655434401085,12.321855630477272,36.80716643333436,111.27736870447796,223.460312016805,376.88539619445805,748.4302335103353
MY_0p5_5.7500_102.2500,102.25,5.75,1995-02-01,1995,2,135.23848785498205,105.5994522143633,132.60734853519733,15.542637808957084,3.275149509799902,18.81778769059615,37.433585324271355,113.20385151358965,230.36778469920557,395.0423055835043,776.0475558399753
MY_0p5_5.7500_102.7500,102.75,5.75,1995-02-01,1995,2,161.28960950578963,101.31630443832248,111.02765655517578,22.73136329650879,5.654023170471191,28.385387420654297,33.51107406616211,97.59297943115234,198.9333038330078,344.8031311035156,674.8405151367188
MY_0p5_5.7500_103.2500,103.25,5.75,1995-02-01,1995,2,166.84022521972656,102.6773910522461,,,,,,,,,
MY_0p5_5.7500_115.2500,115.25,5.75,1995-02-01,1995,2,113.9784034729004,121.33732274373372,123.2480697631836,2.632126569747925,0.1593911200761795,2.791517734527588,35.812503814697266,108.70808410644531,220.87083435058594,377.3363952636719,742.727783203125
MY_0p5_5.7500_115.7500,115.75,5.75,1995-02-01,1995,2,111.47057721658719,117.94357248317975,109.96118738083614,3.232480342047555,1.2180098191613242,4.450490084148589,35.12283354259673,107.20627870105561,217.76331278483073,371.00010375976564,731.0925170898438
MY_0p5_5.7500_116.2500,116.25,5.75,1995-02-01,1995,2,109.84312017531623,109.89264737083799,103.82178516690693,4.490619638987949,1.6753887454195628,6.166008420974489,35.45932198176308,108.08465912834046,219.13390372140066,372.4179860917349,735.095877704923
MY_0p5_5.7500_116.7500,116.75,5.75,1995-02-01,1995,2,137.17263069758337,103.78276265462239,109.63897085038441,12.823998770638118,3.703553930539933,16.52755269550142,38.00265753609793,114.78134392632379,231.71954166472904,393.218567766462,777.722127859933
MY_0p5_5.7500_117.2500,117.25,5.75,1995-02-01,1995,2,189.5430514940328,105.54173228266866,121.67484049992606,39.33528623972029,8.782376390150292,48.11766370538657,40.31976616796259,121.70869544477492,246.52580424889402,422.94275008240714,831.4970258357772
MY_0p5_5.7500_117.7500,117.75,5.75,1995-02-01,1995,2,192.5081246027871,103.90376414949932,122.36075300178274,45.6759947578379,5.097427867402966,50.77342309887778,40.5462755676884,122.58112350566275,249.1635540955819,430.1282201165321,842.4191843327261
MY_0p5_5.7500_118.2500,118.25,5.75,1995-02-01,1995,2,151.72828244491365,101.6891066233317,116.89975769042968,26.065549180772567,1.0871876695421008,27.152737341986764,39.82447421603732,120.4755751546224,245.00106906467016,422.05660346137154,827.357706434462
MY_0p5_5.7500_118.7500,118.75,5.75,1995-02-01,1995,2,109.24289226531982,100.17866340050331,114.59564208984375,19.059364318847656,0.8872974514961243,19.94666290283203,39.586761474609375,119.76950073242188,243.59780883789062,419.4151611328125,822.3692016601562
MY_0p5_6.2500_99.7500,99.75,6.25,1995-02-01,1995,2,42.834671693689685,138.47571070053996,84.25956122819768,0.14827370401038678,0.0015765484611958611,0.14985024825085042,24.308069406553756,89.37875135554823,183.3046679829442,313.22110056322674,610.2125854492188
MY_0p5_6.2500_100.2500,100.25,6.25,1995-02-01,1995,2,59.03398270905018,131.19168710708618,85.2855802574936,0.49601873822358183,0.03606613002746004,0.5320848589649005,24.45166100482551,74.71244678108059,151.65161400619817,336.2639698262117,587.0796937280771
MY_0p5_6.2500_100.7500,100.75,6.25,1995-02-01,1995,2,71.12345827316226,124.54097220520256,118.64788382393975,2.5125246779799006,0.035621274233899984,2.5481459921851584,30.873309021290666,92.60354796891967,183.68565250823858,333.24479268784694,640.4072850054296
MY_0p5_6.2500_101.2500,101.25,6.25,1995-02-01,1995,2,78.34721890963043,118.44963015042818,130.94089824969953,4.635781992398775,0.12342722943195931,4.759209376115066,34.10065865149865,103.16908933199369,204.1766099196214,341.20877169095553,682.6551316481372
MY_0p5_6.2500_101.7500,101.75,6.25,1995-02-01,1995,2,100.48187626429964,109.90219486781528,127.01618630545478,7.676639420645577,0.09865885557872908,7.775298404693603,35.152832140241344,107.60561087472097,217.54428274972094,371.7030857631138,732.0058454241072
MY_0p5_6.2500_102.2500,102.25,6.25,1995-02-01,1995,2,108.69569794336954,109.12553917489402,125.82347106933594,7.702447891235352,0.043148163706064224,7.745595932006836,36.00618362426758,110.45980834960938,225.60012817382812,385.1822509765625,757.2484130859375
MY_0p5_6.2500_115.7500,115.75,6.25,1995-02-01,1995,2,84.02827566320246,117.43002960898659,108.8838882446289,2.322456121444702,0.23977340757846832,2.562229633331299,33.48035430908203,104.15357208251953,214.44517517089844,366.2439880371094,718.3230590820312
MY_0p5_6.2500_116.2500,116.25,6.25,1995-02-01,1995,2,87.54502769938686,112.70744066071092,107.36522839247918,3.772508479425035,0.8575824042905269,4.630091089509132,34.71438749876316,106.9002980639756,218.98711358293033,373.8663590889145,734.4681544366912
MY_0p5_6.2500_116.7500,116.75,6.25,1995-02-01,1995,2,108.63453025212364,107.07086951846168,110.61224169049946,9.063696855212015,2.6481798440691025,11.711876890394421,37.22948972913954,113.02464684380425,229.57345430888824,391.39524952721973,771.2228533063616
MY_0p5_6.2500_117.2500,117.25,6.25,1995-02-01,1995,2,153.3773437257797,106.58653765481617,117.38628196110798,21.534958121890117,3.2773664383661183,24.812324887230286,38.27429333641415,115.68939090304904,234.91273353213353,401.91020478748135,790.7866208999876
MY_0p5_6.2500_117.7500,117.75,6.25,1995-02-01,1995,2,171.7987848122915,106.15072015921277,119.30103391234637,25.856972376505535,1.8832375293935253,27.74021029332925,38.35568792778149,116.06524087113944,236.43774744223433,406.5348635667946,797.3935454073008
MY_0p5_6.2500_118.2500,118.25,6.25,1995-02-01,1995,2,170.47121156964985,105.68396868024554,122.45495714460101,21.31006026268005,0.43868827021547724,21.748748540878292,39.138385908944265,118.75100953238352,242.0730863298689,416.92530604771207,816.8878021240236
MY_0p5_6.7500_100.2500,100.25,6.75,1995-02-01,1995,2,50.719979258144605,132.13399550494026,97.18730836756089,0.6394705931272576,0.037702332407421,0.6771729098742499,26.6570878870347,87.06884995628806,176.10253883810606,330.55380518296187,620.3822779935949
MY_0p5_6.7500_100.7500,100.75,6.75,1995-02-01,1995,2,60.649983158818,126.10263909233942,116.53621645326969,1.9789753445872555,0.034591012392882946,2.0135663681560096,30.244246518170392,93.05474344889323,185.11515469021268,336.62432635271995,645.0384657118055
MY_0p5_6.7500_116.2500,116.25,6.75,1995-02-01,1995,2,75.25318009825958,114.1872830058253,113.70371692936597,5.857568973448219,0.7381861297095695,6.595755507306355,35.991964851937645,109.9986265229016,224.88145670076696,384.89697414491235,755.7690295707889
MY_0p5_6.7500_116.7500,116.75,6.75,1995-02-01,1995,2,89.97881673374994,112.0762275159359,109.30481210339211,7.938439131725447,0.9409271405619596,8.879366652296467,35.27679384555741,106.86406370019725,218.02559634725097,372.49193720761025,732.6583881604342
MY_0p5_6.7500_117.2500,117.25,6.75,1995-02-01,1995,2,119.43600486690163,109.43571064614842,106.40130709757845,10.655743151639415,0.7779734176872051,11.43371656721672,34.67758423459213,104.39927318876823,212.88787207139276,363.52701075731125,715.4917324369987
MY_0p5_6.7500_117.7500,117.75,6.75,1995-02-01,1995,2,147.03409830729166,107.7603759765625,109.87029242515564,13.025898426771164,0.28824099292978644,13.314138948917389,35.285194396972656,106.6140971183777,217.69132328033447,372.51783561706543,732.108455657959
MY_0p5_7.2500_116.7500,116.75,7.25,1995-02-01,1995,2,78.3223171083946,113.40559756566607,105.51169506570567,3.86138626596202,0.13542367718789888,3.9968099220939304,33.30307247327722,101.44141368036685,208.46523888629417,357.0042039954144,700.2139133619226
MY_0p5_7.2500_117.2500,117.25,7.25,1995-02-01,1995,2,81.91121350537547,112.47160250002199,102.72510239450556,3.8509375672591353,0.09014080633458338,3.9410783102637845,32.5427629571212,99.17502497622843,204.08226414730674,349.50818031712583,685.308220471834
MY_0p5_0.7500_110.2500,110.25,0.75,1995-03-01,1995,3,275.297050358699,110.63066488412713,120.9049261239859,84.07490169818585,170.65222989595856,254.72712519719053,42.984275172306944,129.7763383131761,264.1396648700421,462.6962669959436,899.5965463491588
MY_0p5_0.7500_110.7500,110.75,0.75,1995-03-01,1995,3,311.3476004464286,110.34881166730608,123.31583469935825,70.55414543151855,144.59665876116068,215.1508100237165,42.98087370736258,129.8526105608259,264.7697082519531,465.9581107003348,903.561332484654
MY_0p5_0.7500_111.7500,111.75,0.75,1995-03-01,1995,3,356.2367921859499,107.14759451245503,117.28435698009672,63.65947226872519,146.21009584457155,209.86956811329676,42.93720021323552,129.7331274123419,264.59319777715774,465.66170392717635,902.9252086821056
MY_0p5_1.2500_103.2500,103.25,1.25,1995-03-01,1995,3,116.23624605345495,125.81169009903101,124.59698746421124,6.34954314882105,3.804563484408639,10.154106833718041,37.459630012512214,111.33153655312279,227.37980790571734,396.3065934614702,772.4775557084517
MY_0p5_1.2500_103.7500,103.75,1.25,1995-03-01,1995,3,110.6345364468769,123.75691815718865,113.02688420860514,7.689707186615583,13.787434728400221,21.47714159326646,38.69957107247659,116.06153736299683,237.4194682593485,415.8473137420358,808.027876474325
MY_0p5_1.2500_104.2500,104.25,1.25,1995-03-01,1995,3,101.55476728166852,123.10316205705915,99.66191864013672,9.46073055267334,25.79497718811035,35.255706787109375,40.323875427246094,122.25069427490234,250.52096557617188,441.098876953125,854.1943969726562
MY_0p5_1.2500_109.7500,109.75,1.25,1995-03-01,1995,3,232.00166026655452,112.20531426854882,122.8231917231916,60.073226147387395,137.6636446297887,197.73686383718467,42.930844088634814,129.74918429822807,264.79510498046875,466.7139013818948,904.1890457337162
MY_0p5_1.2500_110.2500,110.25,1.25,1995-03-01,1995,3,276.80361449488345,110.688805628007,120.84862745130386,81.44878717370936,173.20419553071838,254.65297807965965,43.01835941623998,129.90292146307164,264.52167961680294,463.93191917154326,901.3748854707108
MY_0p5_1.2500_110.7500,110.75,1.25,1995-03-01,1995,3,315.9801249186197,110.10913316030349,123.52739110068669,67.70840650285993,142.54259638710624,210.2510103740389,42.98452419704861,129.87817867218502,264.90087493412074,466.51383909195187,904.2774313306053
MY_0p5_1.2500_111.2500,111.25,1.25,1995-03-01,1995,3,342.07910770501576,108.44564670648057,120.30122341363194,64.777199413068,143.80473142386245,208.58192775348508,42.97878738257071,129.85489754478772,264.8380440903929,466.30232233894526,903.9740430935503
MY_0p5_1.2500_111.7500,111.75,1.25,1995-03-01,1995,3,366.11858840215774,106.61621638706752,116.93357049851191,73.472169664171,161.48804897732202,234.96021621946304,43.01838647751581,129.94915238637773,264.90623740544396,465.9176267593626,903.7913866799973
MY_0p5_1.2500_112.2500,112.25,1.25,1995-03-01,1995,3,392.12626965517927,104.70299076912974,117.4390459399538,80.83650494105925,177.39514392523594,258.2316541332884,43.09617982661058,130.14817260122538,265.1520805552526,465.9142905298223,904.3107185170128
MY_0p5_1.2500_112.7500,112.75,1.25,1995-03-01,1995,3,427.37073262532556,101.57918930053711,117.00915543238322,95.39087263743082,223.9197152455648,319.3105951944987,43.29363330205282,130.65649318695068,265.7516345977783,465.5877068837484,905.2894719441731
MY_0p5_1.2500_113.2500,113.25,1.25,1995-03-01,1995,3,415.90211526621937,98.65537673286771,119.12621247664741,92.3927063651707,220.12491693911343,312.5176166036855,43.26078739995541,130.53592648713484,265.3823409370754,464.32725219726564,903.5063168733016
MY_0p5_1.2500_113.7500,113.75,1.25,1995-03-01,1995,3,404.95992348410863,96.10308479540275,119.83021181279963,91.12940343221028,217.59991882786602,308.72931740500707,43.23446713071881,130.43889768195874,265.0838722460197,463.3052430586381,902.0624708695844
MY_0p5_1.2500_114.2500,114.25,1.25,1995-03-01,1995,3,392.00692965077087,93.90296254115822,124.34523327582706,89.68647381267718,202.0019022173586,291.68838338936325,43.180291808811965,130.28780938882744,264.80686910173534,462.8514404296875,901.1264372969096
MY_0p5_1.2500_114.7500,114.75,1.25,1995-03-01,1995,3,350.99441134545106,92.24213089481476,126.76554206109816,80.8484851467994,199.0651092529297,279.91360965851817,43.17352528725901,130.24153875535535,264.56768995715726,461.8330678632182,899.8158431514616
MY_0p5_1.7500_102.7500,102.75,1.75,1995-03-01,1995,3,110.83312933484494,128.7927982477852,134.03365087509155,7.3815025091171265,5.096175618469715,12.477678298950195,39.02843523025513,117.13838124275209,238.2872943878174,412.53339195251465,806.9874744415284
MY_0p5_1.7500_103.2500,103.25,1.75,1995-03-01,1995,3,109.05580407219966,125.26207250057502,137.50396186828613,7.311945731639863,7.170134205818176,14.482079906463623,39.08927507400513,117.37868255615234,239.38932075500492,416.3136973571777,812.1709658813478
MY_0p5_1.7500_103.7500,103.75,1.75,1995-03-01,1995,3,103.96779584281052,123.40754991845239,126.3833000569404,6.849341949330101,12.11507332777675,18.964414783670932,39.16960659509973,117.87845816793322,240.9114054909235,420.7441833109795,818.7036468892157
MY_0p5_1.7500_104.2500,104.25,1.75,1995-03-01,1995,3,98.95082750320434,123.14453935623168,119.73081810529841,8.223063675932181,19.361556844193807,27.58461956645167,40.23653672092645,121.94896532398785,249.59627444245095,437.5300056398377,849.3117699438287
MY_0p5_1.7500_109.7500,109.75,1.75,1995-03-01,1995,3,226.23415933653365,112.07562291344931,122.81784057617188,59.962318420410156,136.93429565429688,196.8966064453125,42.93611526489258,129.7716064453125,264.8755187988281,467.0140380859375,904.5972900390625
MY_0p5_1.7500_110.2500,110.25,1.75,1995-03-01,1995,3,271.97304526339764,110.97098533553307,121.0611007200843,72.63196849313012,172.01357493681067,244.6455428995551,43.05062335825222,130.04930506415548,265.07812646876044,466.02143492673173,904.1995043423086
MY_0p5_1.7500_110.7500,110.75,1.75,1995-03-01,1995,3,327.39920598810363,109.53306059403852,124.09092063903807,58.19395084381103,133.53010559082028,191.72406616210935,42.96343421936035,129.84610900878903,265.01157073974605,467.38247222900395,905.203564453125
MY_0p5_1.7500_111.2500,111.25,1.75,1995-03-01,1995,3,358.76385381789436,107.41287027994791,122.11184578829034,76.245400646121,161.02908034213755,237.27447814941405,43.08088173090025,130.13781844737917,265.3389111895894,467.1824958268986,905.7400938521985
MY_0p5_1.7500_111.7500,111.75,1.75,1995-03-01,1995,3,390.39417653144153,105.48175874541076,115.94582915004294,101.58058733879763,199.54798855359036,301.12857017034213,43.225939195367346,130.5185546875,265.82155396666695,467.0682793146446,906.6343211886247
MY_0p5_1.7500_112.2500,112.25,1.75,1995-03-01,1995,3,417.76494004991326,103.9030995444646,115.45396096365789,104.6205497136192,214.0826749286954,318.70323060050845,43.270442030164936,130.62173883347285,265.8711873372396,466.5554478236607,906.3188178168402
MY_0p5_1.7500_112.7500,112.75,1.75,1995-03-01,1995,3,428.6590118892609,102.10676824176123,118.31394207666791,103.59833436996217,224.7265048072451,328.3248433430989,43.31022690061539,130.72298918224516,265.9771122039311,466.39626474531866,906.4066001286582
MY_0p5_1.7500_113.2500,113.25,1.75,1995-03-01,1995,3,422.14140537806924,99.77207639179532,121.36033390590123,99.24039248511905,225.218550085643,324.4589357406374,43.302086494082495,130.6875276595827,265.8318090045263,465.78569074358256,905.6071203807044
MY_0p5_1.7500_113.7500,113.75,1.75,1995-03-01,1995,3,405.4288314577133,97.12711838010758,121.48544703892298,102.19968932621062,225.07558327326697,327.2752678765191,43.26825189741831,130.55716886974514,265.39071306501114,464.13380776057164,903.349925595238
MY_0p5_1.7500_114.2500,114.25,1.75,1995-03-01,1995,3,380.63766750759544,95.3406730046348,125.21280645945716,91.56805909171938,203.26391102624316,294.83198222811257,43.188549695696146,130.32323017423116,264.9250490218874,463.25341593424474,901.69025375124
MY_0p5_1.7500_114.7500,114.75,1.75,1995-03-01,1995,3,330.7440852822417,94.77282805763996,126.76786317973556,78.1044203605059,181.54046852230408,259.64489959558676,43.10257873139851,130.06837811247672,264.39607357361155,462.11845753724094,899.6854861560881
MY_0p5_2.2500_101.7500,101.75,2.25,1995-03-01,1995,3,123.13371138139205,130.65744480942234,136.34507658987334,10.017146057552761,1.8209123232147912,11.838058240485912,39.14367841470121,117.60780496308297,236.6851176252269,403.5107634573272,796.9473587190262
MY_0p5_2.2500_102.2500,102.25,2.25,1995-03-01,1995,3,111.6074795152582,129.41890603389467,133.64759395909653,4.572721341580295,2.403377012487804,6.976098115364331,38.489910052723864,115.5505219235945,232.5745692640971,396.3099433862421,782.9249474922435
MY_0p5_2.2500_102.7500,102.75,2.25,1995-03-01,1995,3,102.7513778783098,128.05044038989874,140.8339500427246,5.5549265840385535,5.423109701162652,10.978036334243,39.51780849167063,119.02054337610173,242.07934744146803,419.40994958032536,820.0276452559459
MY_0p5_2.2500_103.2500,103.25,2.25,1995-03-01,1995,3,94.57209884401352,123.9636494470021,144.76431928362166,6.145616184719025,9.857163462563166,16.002779576135058,39.69794275192987,119.87769523499504,244.31601620628717,424.2426091269841,828.1342641679068
MY_0p5_2.2500_103.7500,103.75,2.25,1995-03-01,1995,3,87.27733893960209,123.19389555333021,145.61645662986626,5.733307413327491,9.481846531366896,15.215153516349144,39.48092575073242,119.250237571587,243.37767504675912,422.8670071876655,824.9758414575609
MY_0p5_2.2500_104.2500,104.25,2.25,1995-03-01,1995,3,83.06777681180134,123.70700724531967,150.2914949527457,6.740496635437012,9.005201071747079,15.745696753509774,40.101539800974955,121.53236345023164,248.45386070062307,433.0455990625808,843.1333517279506
MY_0p5_2.2500_104.7500,104.75,2.25,1995-03-01,1995,3,68.96405792236328,123.93260955810547,,,,,,,,,
MY_0p5_2.2500_109.7500,109.75,2.25,1995-03-01,1995,3,200.54835264144404,111.33089693130987,,,,,,,,,
MY_0p5_2.2500_111.2500,111.25,2.25,1995-03-01,1995,3,363.5844593048096,106.502157330513,116.50281917347625,115.93533998377183,207.50573124605066,323.441079083611,43.25192176594454,130.6205767463235,266.11589633717256,467.8670021505916,907.8554032269644
MY_0p5_2.2500_111.7500,111.75,2.25,1995-03-01,1995,3,393.94179280598956,105.51092035202754,116.71191115606398,118.10339105999658,211.47500605507503,329.57840120830235,43.26941857716394,130.66402505541603,266.16905430385043,467.86930638873383,907.9718083457342
MY_0p5_2.2500_112.2500,112.25,2.25,1995-03-01,1995,3,418.5770899212549,104.75590721009269,117.27212490505643,115.1632316226051,215.84725826202876,331.0104860336061,43.287051427932006,130.70094231499567,266.17817983475936,467.6821026514447,907.8482671828497
MY_0p5_2.2500_112.7500,112.75,2.25,1995-03-01,1995,3,432.22994113498265,103.03421822199745,120.76007104298426,106.9135533650716,220.0399445064484,326.9534940204923,43.303281511579236,130.74038613940044,266.2012967548673,467.51960904560394,907.7645641508557
MY_0p5_2.2500_113.2500,113.25,2.25,1995-03-01,1995,3,434.10075373573915,101.09842001294334,126.52207588316904,109.27809147910467,228.50361303904702,337.78170311337425,43.33114430261037,130.8117624434214,266.2668074350509,467.3311072939918,907.7408195374504
MY_0p5_2.2500_113.7500,113.75,2.25,1995-03-01,1995,3,406.0682287095469,98.70300075675868,128.18069837063175,107.7298474855061,227.6445117419279,335.37435932400865,43.31177491779569,130.71437038952794,265.84736333919477,465.6159134876879,905.4894154222707
MY_0p5_2.2500_114.2500,114.25,2.25,1995-03-01,1995,3,354.2644041031126,97.59421260773189,127.66838112482948,83.43608023022848,190.01704828171503,273.4531347850012,43.14089646112351,130.2038118877108,264.7942047603547,463.38368355887275,901.52257312593
MY_0p5_2.2500_114.7500,114.75,2.25,1995-03-01,1995,3,299.6131525839529,96.43169041295205,127.51059284825482,65.57392666109148,139.2372612676313,204.8111954104516,42.850058377173646,129.3379475501276,263.00136177309105,459.4891291464529,894.6784953455773
MY_0p5_2.2500_115.2500,115.25,2.25,1995-03-01,1995,3,237.03744506835938,97.0018539428711,136.92779541015625,20.684911727905273,14.780797958374023,35.4657096862793,41.29466247558594,124.08606719970703,248.99496459960938,420.3829040527344,834.7586059570312
MY_0p5_2.7500_101.2500,101.25,2.75,1995-03-01,1995,3,169.14027404785156,130.96737670898438,139.76458740234375,17.24216651916504,11.371216773986816,28.61338233947754,40.965126037597656,123.78782653808594,251.67947387695312,436.4848937988281,852.9172973632812
MY_0p5_2.7500_101.7500,101.75,2.75,1995-03-01,1995,3,136.86223511391498,128.58776908180928,125.8920107754794,14.136598878340285,23.56558453429829,37.70218457828867,39.75723230535333,119.6862540505149,240.8836786443537,411.21394398082384,811.5410926402699
MY_0p5_2.7500_102.2500,102.25,2.75,1995-03-01,1995,3,112.19152720263048,126.63642737516173,141.37872936467454,3.6677212160863695,1.9743389278460457,5.642059956386591,38.88633737746318,116.99556195204426,234.69533509661434,396.4599646307101,787.0372122017442
MY_0p5_2.7500_102.7500,102.75,2.75,1995-03-01,1995,3,94.82614478582067,126.1447327287891,151.2250295711469,3.949138711524915,7.945271280747425,11.894410235972344,40.220539817327186,121.55481449561782,247.24580832372737,428.3805759285069,837.4017444079435
MY_0p5_2.7500_103.2500,103.25,2.75,1995-03-01,1995,3,85.94889887427068,123.9580887715528,147.2615631006326,5.867684401524294,12.264349904029991,18.132034903119322,39.22999237449305,118.14066841951599,240.8876739307574,418.52114566875866,816.7794846455762
MY_0p5_2.7500_103.7500,103.75,2.75,1995-03-01,1995,3,79.22120281717051,124.28780580603559,142.09859512258785,7.597389799109252,10.492539871672882,18.089929976221605,38.40516332107755,115.23582001435591,235.31917470061836,409.33641776511195,798.2965639175909
MY_0p5_2.7500_104.2500,104.25,2.75,1995-03-01,1995,3,74.56813307369457,123.88042046042051,151.20745849609375,7.12081241607666,8.10370922088623,15.224520683288574,40.09538269042969,121.56515502929688,248.70025634765625,433.91485595703125,844.275634765625
MY_0p5_2.7500_111.2500,111.25,2.75,1995-03-01,1995,3,373.7252959152747,106.40824611269196,121.17632607852711,120.30044645421644,204.3464463177849,324.6469080307904,43.21749002793256,130.54284308938418,266.0324527516085,467.82696802475874,907.619743795956
MY_0p5_2.7500_111.7500,111.75,2.75,1995-03-01,1995,3,396.9660744588884,105.82256076374992,120.05877231729441,123.0502487379929,216.60055311794935,339.65080853166245,43.26815912641327,130.67445551115892,266.2082372205011,467.8681812944083,908.0190408640893
MY_0p5_2.7500_112.2500,112.25,2.75,1995-03-01,1995,3,413.65259890013095,105.65115428876271,120.61405268351236,109.60837867736815,218.61026855468748,328.2186442057291,43.2788140741984,130.6976046244303,266.22692331949867,467.83332305908203,908.036662190755
MY_0p5_2.7500_112.7500,112.75,2.75,1995-03-01,1995,3,423.17873314966124,104.96900797493849,123.27973339225672,94.34268398526349,208.53487357610388,302.8775544951234,43.25178675108318,130.61646150033684,266.08056920691376,467.6780873552153,907.6268835912775
MY_0p5_2.7500_113.2500,113.25,2.75,1995-03-01,1995,3,423.9535567995101,103.6642539130317,128.982381281777,96.94728587317087,207.43528897724454,304.38258182586185,43.25710110134548,130.63091479104662,266.0830401708209,467.60387011331227,907.5748953683035
MY_0p5_2.7500_113.7500,113.75,2.75,1995-03-01,1995,3,389.8865256339881,102.17668309788793,132.2422900837698,77.48462193483,179.33613037303752,256.8207633632004,43.12396517225132,130.22381703565074,265.2040839711572,465.6047130025876,904.1565738362111
MY_0p5_2.7500_114.2500,114.25,2.75,1995-03-01,1995,3,328.6473050660725,100.3950292611424,131.50873956801018,61.400679853898055,142.96078467067284,204.36147008968308,42.87603897384451,129.4539314463169,263.43643816211556,460.98360674894315,896.7499949781202
MY_0p5_2.7500_114.7500,114.75,2.75,1995-03-01,1995,3,272.4493259502824,101.10944113761755,133.97632676628743,53.734504875863436,98.37932439063005,152.11383227937543,42.624838944453344,128.66497508735412,261.639763607341,456.7817936794014,889.7113810739698
MY_0p5_2.7500_115.2500,115.25,2.75,1995-03-01,1995,3,226.98348201717337,99.26547866683823,137.39132429243207,16.41343895164696,10.774964994138424,27.18840394578538,40.969184600555145,122.96419903179547,245.90381917867572,411.8534020776147,821.6905984964457
MY_0p5_3.2500_101.2500,101.25,3.25,1995-03-01,1995,3,185.75698513454861,132.0095093723401,151.557513463358,13.57123894821345,4.307658490039959,17.87889689508579,40.44974768672009,121.93067584798494,246.1679492163751,420.67080439111135,829.219188408165
MY_0p5_3.2500_101.7500,101.75,3.25,1995-03-01,1995,3,161.36443835564376,125.34188925384716,132.10027862354448,8.449419762678207,16.92166570113723,25.371086255759952,39.218564367598034,117.95868060846998,236.49058503557924,398.90326355369234,792.5710968211959
MY_0p5_3.2500_102.2500,102.25,3.25,1995-03-01,1995,3,117.85831189836773,126.25493205237008,149.6574916294643,3.2594307778373595,2.122544790449597,5.3819754933554025,39.39777290707543,118.71523338196769,239.24667009626117,406.48359500945566,803.8432900080605
MY_0p5_3.2500_102.7500,102.75,3.25,1995-03-01,1995,3,90.16460684281361,125.25378777709189,154.53375427632392,3.5856954047951515,6.354902978939346,9.940598389770411,39.83143298233612,120.33626290816295,244.30884547173224,421.2467626257788,825.7233127642281
MY_0p5_3.2500_103.2500,103.25,3.25,1995-03-01,1995,3,83.91683636892114,124.15821572468415,145.99719432122546,7.436916310934756,10.967685152731034,18.404601746351013,38.54133153660678,115.56527444050444,235.52746939892103,408.2772794344526,797.9113495171265
MY_0p5_3.2500_112.2500,112.25,3.25,1995-03-01,1995,3,410.24368014865456,106.2755338880751,121.96793043348526,107.9343744913737,212.67082417805992,320.60519748263886,43.2487173292372,130.62883775499134,266.1624972873264,467.8991726345486,907.9392388237846
MY_0p5_3.2500_112.7500,112.75,3.25,1995-03-01,1995,3,409.8748838363155,106.62171339219616,128.06395777717967,86.36816268670754,185.64988470859214,272.0180471451556,43.161433860903884,130.38923044673734,265.80544118412206,467.74404231837536,907.1001401807441
MY_0p5_3.2500_113.2500,113.25,3.25,1995-03-01,1995,3,394.3808775019825,106.94147505796046,136.07968428640655,76.75996526082356,156.98713019399935,233.74709533922598,43.060787562168,130.1296681490811,265.45866336244524,467.711506467877,906.3606079563949
MY_0p5_3.2500_113.7500,113.75,3.25,1995-03-01,1995,3,359.1395769391741,106.54637204124815,137.24243188282801,62.96030359419565,140.52518034435454,203.48548864939855,42.97907081482902,129.87051934136284,264.89312753828744,466.47637522863965,904.2190784272693
MY_0p5_3.2500_114.2500,114.25,3.25,1995-03-01,1995,3,303.25988477962034,105.8644977010739,139.18113990346336,51.30851827001875,134.5899683229483,185.89848264463387,42.85541529564341,129.41603807582973,263.49734351285707,461.6332181699716,897.4019917287644
MY_0p5_3.2500_114.7500,114.75,3.25,1995-03-01,1995,3,253.77453243960247,107.74457933948301,144.69740037857346,40.09080004843937,90.318413919704,130.4092110919345,42.5833219540347,128.54520540176682,261.4501061409143,456.6931613995012,889.2717909114378
MY_0p5_3.2500_115.2500,115.25,3.25,1995-03-01,1995,3,213.82767621776728,104.30056506772583,134.89227372181566,13.491677235953416,10.955202431618412,24.446879169608973,40.82523648950118,122.5661463918565,245.19165348101268,410.595818048791,819.1788467214077
MY_0p5_3.2500_115.7500,115.75,3.25,1995-03-01,1995,3,192.20765960350465,101.2304690071706,132.3922602621357,12.81547786412614,8.137159486834923,20.95263817605008,40.69303722595901,122.19667799017404,244.52744250351122,409.4598981878731,816.8770793100421
MY_0p5_3.7500_100.7500,100.75,3.75,1995-03-01,1995,3,239.39781188964844,134.9293975830078,155.24240112304688,13.983621597290039,0.21524551510810852,14.198866844177246,40.29165267944336,121.39839172363281,244.7772674560547,416.464111328125,822.9314575195312
MY_0p5_3.7500_101.2500,101.25,3.75,1995-03-01,1995,3,223.95681701112755,132.1628893509652,160.14901496368705,10.905748336446324,0.6513707582811707,11.557119094823944,39.59344486125465,118.85917441358846,237.27058163738565,396.1357828776042,791.8589777776724
MY_0p5_3.7500_101.7500,101.75,3.75,1995-03-01,1995,3,187.2487461426679,123.65569822955284,145.39760837433445,4.324060468916681,2.736967794075134,7.061028343856716,38.34916514499932,115.1608978806028,229.37215073700926,381.1809939244751,764.063211234512
MY_0p5_3.7500_102.2500,102.25,3.75,1995-03-01,1995,3,131.09554494222004,122.3421909150623,151.5746664864676,4.193608217390756,2.6497940086183096,6.843402254013787,39.21073017423115,118.11711980426122,237.56119418674044,401.3370386517237,796.2261038643973
MY_0p5_3.7500_102.7500,102.75,3.75,1995-03-01,1995,3,96.15812794518848,124.12088455926803,153.4194128611731,4.318083016834562,4.0014462016877665,8.319529215494793,39.46239960685608,119.11666078113373,241.00218268500436,411.8208106631325,811.402074032738
MY_0p5_3.7500_103.2500,103.25,3.75,1995-03-01,1995,3,88.97412875354053,123.24545646758668,147.15240999109605,6.576403000775506,4.713156989976472,11.28955976822797,38.95572538188859,117.48821668437883,238.341250370998,408.4219888126149,803.2071999942556
MY_0p5_3.7500_113.2500,113.25,3.75,1995-03-01,1995,3,378.96331167221075,110.11490297317506,141.07585594302319,62.54762142994365,128.67254238441342,191.220157560755,42.94109269439197,129.81951804239245,265.0571554215228,467.6697592813461,905.4875208119878
MY_0p5_3.7500_113.7500,113.75,3.75,1995-03-01,1995,3,329.43646764273603,111.50179496644036,139.05102869916502,53.33035584483718,108.15172920103598,161.48207897198625,42.837532821210836,129.52900024216538,264.5863679064902,467.12998256251257,904.0828713228788
MY_0p5_3.7500_114.2500,114.25,3.75,1995-03-01,1995,3,262.31752539140996,112.28300090971446,142.5722367544023,38.864579094780815,89.73613082643539,128.6007072327629,42.74731066264803,129.25260319785468,264.00765041775173,465.89284813290544,901.9004189143104
MY_0p5_3.7500_114.7500,114.75,3.75,1995-03-01,1995,3,219.88615649995344,114.0752929445297,147.92836274646578,27.902777299426848,71.06284625643775,98.96562416439964,42.57383180648561,128.6576190040225,262.4135750422402,461.37370586092516,895.0187405056423
MY_0p5_3.7500_115.2500,115.25,3.75,1995-03-01,1995,3,192.7638438875713,108.00498492528521,128.09770856584822,11.494162126571412,9.52741214812748,21.021574141487243,40.68473049345471,122.15086582728796,244.30500774080795,408.6661318824404,815.8067570762029
MY_0p5_3.7500_115.7500,115.75,3.75,1995-03-01,1995,3,181.07257069100578,101.59986246232506,129.55552267170637,11.215851420121227,9.53552990508594,20.75138163395065,40.68762014924193,122.17097994577969,244.43525399407034,409.1807990863169,816.4746322082958
MY_0p5_4.2500_100.7500,100.75,4.25,1995-03-01,1995,3,285.17019805908205,136.61451078399898,160.84847256407448,24.319512744825715,11.185047776845039,35.50456138143734,40.48531195192922,121.8815819565131,245.28929300113603,416.98185698840086,824.6380465760524
MY_0p5_4.2500_101.2500,101.25,4.25,1995-03-01,1995,3,261.73347177431566,128.17175171481577,156.88383299226214,13.16816418337974,2.9699304596443845,16.13809466210141,39.12761532728839,117.1834377361711,232.026335503645,381.4626262689093,769.799986237933
MY_0p5_4.2500_101.7500,101.75,4.25,1995-03-01,1995,3,210.87339253114268,125.03766666205166,158.15773751255801,6.877102157178398,0.48469869092630513,7.361800982929267,38.349622537533705,114.90652517007946,226.96788531903644,370.15859731850924,750.3825950744434
MY_0p5_4.2500_102.2500,102.25,4.25,1995-03-01,1995,3,150.2205686234057,126.17581778821854,162.34400247689632,7.455332597604576,2.886192123729962,10.341525077819826,39.456569561943084,118.74090893047686,238.41602128001452,401.9388198608789,798.5523478840106
MY_0p5_4.2500_102.7500,102.75,4.25,1995-03-01,1995,3,110.74602984774647,123.49079450376477,153.66703752651338,7.573926514121379,6.571684546531388,14.145611055337703,39.578147863886166,119.28221628468508,240.36061159364738,407.3959918174015,806.6169830127888
MY_0p5_4.2500_103.2500,103.25,4.25,1995-03-01,1995,3,98.17241490782487,123.70473012359302,146.04170269583994,10.38926593767226,5.456610375580472,15.84587637472651,39.59105670410582,119.61409613313573,242.31773376464844,413.85902580234654,815.3819337638828
MY_0p5_4.2500_113.7500,113.75,4.25,1995-03-01,1995,3,246.2313473413861,117.64695930480958,140.0568857732809,38.59149925663786,55.22356033325196,93.81505771852889,42.521482035798854,128.6391207137198,262.986181295143,464.36859994564423,898.5153612820609
MY_0p5_4.2500_114.2500,114.25,4.25,1995-03-01,1995,3,198.27446073268746,118.3201820049507,143.91807998009173,25.79894694030055,47.48938932382003,73.28833747186258,42.48767521390584,128.5604176171498,262.9305351581352,464.6333401359647,898.6119594500333
MY_0p5_4.2500_114.7500,114.75,4.25,1995-03-01,1995,3,176.10607767740888,118.42802739461263,146.55894266764327,22.883545290629073,43.07246828715007,65.9560129292806,42.31506950378418,127.94393595377605,261.1642614746094,459.3642256673178,890.7874987792969
MY_0p5_4.2500_115.2500,115.25,4.25,1995-03-01,1995,3,163.88735908932156,115.32392364078098,126.93728195296393,8.816082775592804,7.401917321814432,16.218000097407234,40.354426039589775,121.20815764533148,242.51040241453387,405.50125609503857,809.5742562611899
MY_0p5_4.2500_115.7500,115.75,4.25,1995-03-01,1995,3,157.9749605340473,106.61272241624737,126.9868616653701,12.850508479748745,19.383017265190514,32.23352575787043,41.0881646237131,123.55707123319986,248.21213859946047,419.0545711194056,831.9119628906252
MY_0p5_4.2500_116.2500,116.25,4.25,1995-03-01,1995,3,153.12280803773464,112.71891072901285,137.79008260587366,20.587473113362385,43.20561119405235,63.79308430741472,41.75533829665766,125.88770829177489,254.77341563527185,437.84288825058354,860.2593711294782
MY_0p5_4.2500_116.7500,116.75,4.25,1995-03-01,1995,3,154.94691282062863,116.70653141440687,140.12919510857907,22.775070333756467,41.71827826748005,64.49334862328679,41.82690773671762,126.28863737073247,256.51261654892414,444.35435706342577,868.9825481789651
MY_0p5_4.2500_117.2500,117.25,4.25,1995-03-01,1995,3,161.43775210760336,119.4575723968776,140.9201240201967,17.958917140960697,14.907687329613001,32.86660491470742,40.88332350064168,123.27477470330432,249.0434739779582,425.9032694048586,839.1048654201812
MY_0p5_4.2500_117.7500,117.75,4.25,1995-03-01,1995,3,154.93133779672476,118.37799981924204,128.7858653272319,8.242806897204147,1.500087138169851,9.742894282707802,37.3345446464343,111.27215233827249,221.11368117373215,365.8471343211639,735.5675189678486
MY_0p5_4.2500_118.2500,118.25,4.25,1995-03-01,1995,3,135.2121644047966,116.81194996973228,114.46956862917372,2.7968698975386896,0.041585480770582606,2.838455311052359,33.71130691819889,98.67973522016197,194.99570100626372,318.0813765799164,645.4681058264082
MY_0p5_4.2500_118.7500,118.75,4.25,1995-03-01,1995,3,124.0028104428892,116.62817693639684,109.28058624267578,2.449611186981201,0.032774701714515686,2.4823858737945557,32.36716842651367,93.83317565917969,186.41909790039062,306.1885681152344,618.8079833984375
MY_0p5_4.7500_100.2500,100.25,4.75,1995-03-01,1995,3,296.9472113715278,143.41282992892798,,,,,,,,,
MY_0p5_4.7500_100.7500,100.75,4.75,1995-03-01,1995,3,293.0175609153155,137.4233053722521,153.66456783883942,19.08997544234361,1.6651449712311348,20.755121401654993,38.86161607261595,116.2931390467698,228.55256522574075,371.61349598954365,755.320810953776
MY_0p5_4.7500_101.2500,101.25,4.75,1995-03-01,1995,3,261.4609312413102,126.07119905986482,148.17983606732082,13.965522463359532,0.9514329702135114,14.916955793471566,38.81878564017159,116.1248523772709,228.3574205671038,367.75023086790054,751.0512757316468
MY_0p5_4.7500_101.7500,101.75,4.75,1995-03-01,1995,3,209.38261097707567,126.06673775324747,163.09127841525608,11.896978178478424,2.038760628775945,13.935739102439276,39.3411743042961,118.06632944742839,234.792364405072,386.4029786125062,778.6028366815476
MY_0p5_4.7500_102.2500,102.25,4.75,1995-03-01,1995,3,152.36859261649,127.22819308326358,162.16429792131697,14.032561402093796,9.863667497180757,23.8962287902832,40.22686491466704,121.17074635823566,244.04683227539059,413.4895763578869,818.9340082077753
MY_0p5_4.7500_102.7500,102.75,4.75,1995-03-01,1995,3,116.170291244604,124.73246867185942,154.62894546605975,16.770758282606764,16.08109978657619,32.851857434412466,40.33691968735615,121.75680792255763,246.42254799034936,421.16398805265965,829.6802572262513
MY_0p5_4.7500_103.2500,103.25,4.75,1995-03-01,1995,3,106.10135889279336,125.83562927815451,137.96172822621477,17.912132467291013,13.711343748543097,31.623476246626183,38.505425315941395,115.50374110598409,234.3416084205093,401.1550913455302,789.5058722126529
MY_0p5_4.7500_103.7500,103.75,4.75,1995-03-01,1995,3,98.74005126953125,127.08716583251953,118.0908041619635,16.239656448364258,3.0867848365337816,19.32644167813388,34.52027580954812,101.24599357704064,205.56934307147927,351.15826495282056,692.4938845944095
MY_0p5_4.7500_113.7500,113.75,4.75,1995-03-01,1995,3,130.02169799804688,122.6818618774414,,,,,,,,,
MY_0p5_4.7500_114.2500,114.25,4.75,1995-03-01,1995,3,130.02169799804688,123.16762052263533,146.8385772705078,14.5087890625,4.959203720092773,19.467992782592773,41.582862854003906,125.6423568725586,255.60768127441406,444.4765319824219,867.3094482421875
MY_0p5_4.7500_114.7500,114.75,4.75,1995-03-01,1995,3,135.3700472924017,126.21475416614165,150.02161940707956,12.572546200085714,9.773787880456577,22.34633336015927,41.52043902489447,125.44013755552231,255.15505702521213,443.68012393418184,865.7957553658435
MY_0p5_4.7500_115.2500,115.25,4.75,1995-03-01,1995,3,144.34719006220502,126.94970186551411,138.815981388092,8.586403061946232,6.456838498512903,15.043241818745928,40.1417315006256,120.74521581331885,242.26942404111225,407.0414681434631,810.1978295644122
MY_0p5_4.7500_115.7500,115.75,4.75,1995-03-01,1995,3,145.23482089572482,117.91050260029142,132.85891379704546,11.104897532387383,8.073379867795913,19.178278035966176,40.27884268382238,121.09354393368675,242.65666043720546,406.42405046735496,810.4531044611855
MY_0p5_4.7500_116.2500,116.25,4.75,1995-03-01,1995,3,135.92914278545072,115.99876897902712,139.97656002952934,14.7209721640935,15.304169803195524,30.025141930958572,40.92467437017531,123.21681131029882,248.2386854868086,421.479762970455,833.8599376860119
MY_0p5_4.7500_116.7500,116.75,4.75,1995-03-01,1995,3,136.31736919547942,117.28298194498953,139.2730186558977,15.934888972511777,17.609778512882283,33.544668221775495,40.96796137169946,123.44671387008474,249.1129500956475,424.1804791221136,837.708090673519
MY_0p5_4.7500_117.2500,117.25,4.75,1995-03-01,1995,3,148.58136688716826,117.62790033249627,137.43296649266804,13.472590776473757,13.19480645921495,26.66739801073831,40.51474826146685,122.00358317541696,245.53931565057664,415.44689427935884,823.5045458596851
MY_0p5_4.7500_117.7500,117.75,4.75,1995-03-01,1995,3,145.64830683454682,117.31131116649772,135.71400939361956,10.146443963050842,5.285316717964185,15.431760579724854,39.40619024445738,118.41975825345966,236.53064949904814,393.87424903579904,788.2308407554144
MY_0p5_4.7500_118.2500,118.25,4.75,1995-03-01,1995,3,132.5342772977436,117.34592851801736,137.0981202245358,10.085848820269407,4.544074099567069,14.62992271825896,38.94854383612399,117.17244268062728,234.23303322336784,389.9536448723108,780.30765368591
MY_0p5_4.7500_118.7500,118.75,4.75,1995-03-01,1995,3,123.84218317345727,116.20673882206785,137.8827456703669,10.127089005482349,1.7040624618530276,11.831151515622684,38.463499769379816,115.81289605249333,231.19179447994955,382.074865027319,767.543049872676
MY_0p5_5.2500_100.2500,100.25,5.25,1995-03-01,1995,3,263.45282961454006,144.82906637026394,68.9629135131836,6.392274379730225,9.922102617565542E-5,6.392373561859131,24.551315307617188,64.81686401367188,122.9820556640625,193.79901123046875,406.14923095703125
MY_0p5_5.2500_100.7500,100.75,5.25,1995-03-01,1995,3,251.02230221617458,139.08352873596965,146.45812172725286,15.97794674730849,2.8622839399113325,18.840229708572913,36.385988169703,107.58672955392423,205.35161651962107,321.1646111148528,670.4889568460399
MY_0p5_5.2500_101.2500,101.25,5.25,1995-03-01,1995,3,224.30718252999438,130.18053792317707,146.2105469718812,15.341069139753069,0.8100879166807446,16.151156725202284,37.53765718974764,112.45164436461432,220.0438245016431,349.53873940119666,719.5718591114831
MY_0p5_5.2500_101.7500,101.75,5.25,1995-03-01,1995,3,183.367555411758,126.98488884215142,159.983650790658,12.552860402757196,2.0922776847413393,14.645138072360096,38.76803274215407,116.6233814506774,232.49097092743898,383.4031948405467,771.2855535616542
MY_0p5_5.2500_102.2500,102.25,5.25,1995-03-01,1995,3,136.88525750227035,132.9500183299848,158.03184110799413,13.758824971071471,6.9905275706272985,20.749352947162215,39.53865319756186,119.31539744480398,241.38285035540343,411.293486090982,811.530398617884
MY_0p5_5.2500_102.7500,102.75,5.25,1995-03-01,1995,3,110.5789795915933,128.96274420865782,144.94915714587196,16.08627513950154,10.066176300533746,26.152451094934495,38.559776513051176,116.04766468112751,235.42911511437367,402.9269400903734,792.9634974592823
MY_0p5_5.2500_103.2500,103.25,5.25,1995-03-01,1995,3,109.11717585810908,130.42284300466062,147.45182587264424,25.509850043755076,12.066268699509758,37.57611777565696,39.91450750672973,120.80791116689707,245.89880192744272,423.43544363046624,830.0566267533736
MY_0p5_5.2500_115.2500,115.25,5.25,1995-03-01,1995,3,141.7568984493133,133.00228094285535,147.00735923892162,7.42865719560717,2.3270455468751368,9.755702984137615,39.01811799846711,117.38119569371959,234.55304705510375,389.8996917224321,780.852074795082
MY_0p5_5.2500_115.7500,115.75,5.25,1995-03-01,1995,3,139.69544273555078,130.39609817311734,142.41632918018408,7.286384828211898,2.6223724215717636,9.908757135423562,38.85174004506256,116.83255961789921,233.09656692763502,386.09374172404665,774.8746327545683
MY_0p5_5.2500_116.2500,116.25,5.25,1995-03-01,1995,3,122.20838483979429,123.46651057955586,139.20747747300544,7.826175215878065,4.7661607770980154,12.592335658737374,39.26878911030443,118.2339389414727,236.96876120265526,396.63597860215583,791.107478467724
MY_0p5_5.2500_116.7500,116.75,5.25,1995-03-01,1995,3,123.22629783726944,122.35698004613948,143.60319446612007,14.033747799788848,14.72122147038013,28.7549692407439,40.2166435748716,121.20317997509922,244.317360020891,414.2877875219417,820.0249620268615
MY_0p5_5.2500_117.2500,117.25,5.25,1995-03-01,1995,3,147.21736590673052,121.86833827911862,147.50818757556732,26.755139953371078,29.586215458219016,56.34135585966564,41.14761307731508,124.20077621217756,251.8091056702629,433.13233884781124,850.289851888021
MY_0p5_5.2500_117.7500,117.75,5.25,1995-03-01,1995,3,150.76780313158793,119.45906808035714,145.68080865769159,33.559302133227156,29.048661198691715,62.60796310182602,41.18634470379542,124.35653633238778,252.3325399731833,434.9533313569568,852.8287618970114
MY_0p5_5.2500_118.2500,118.25,5.25,1995-03-01,1995,3,137.46900252457505,117.64422089886514,144.98590986895712,30.438690975213508,19.966416454618905,50.40510714585614,41.10504073853705,124.19606887914573,252.38075071687152,436.1040703840316,853.7859207444889
MY_0p5_5.2500_118.7500,118.75,5.25,1995-03-01,1995,3,124.11173171997073,115.09087693956164,139.9868369632297,18.107420788870918,6.179093062877655,24.28651417626275,39.2266714307997,118.27603785196939,237.26414426167807,396.42795266045465,791.194803873698
MY_0p5_5.2500_119.2500,119.25,5.25,1995-03-01,1995,3,112.40182756397822,112.79027782621839,137.42893981933594,12.620210647583008,0.3702635169029236,12.990474700927734,38.29349136352539,115.3188705444336,229.64022827148438,376.2611999511719,759.5137939453125
MY_0p5_5.7500_100.2500,100.25,5.75,1995-03-01,1995,3,217.4351511774836,146.0588688893361,83.25016525688521,5.8164801378862565,0.026155050568402224,5.842635163473427,26.825626285797956,68.46365650421983,116.22280645807949,296.19178198018204,507.70386694111954
MY_0p5_5.7500_100.7500,100.75,5.75,1995-03-01,1995,3,208.8852821471199,141.84146457248264,129.56425181070964,8.373209543228151,0.01537644593355556,8.388586122194926,32.92990669250488,96.12475077311198,179.07599411010742,293.1403857421875,601.2710481770833
MY_0p5_5.7500_101.2500,101.25,5.75,1995-03-01,1995,3,193.88102031317283,136.69875672107608,140.90092402180352,10.064546645156982,0.13298374261179077,10.197530588765785,35.498089107002805,107.00870084387114,208.56083282711003,328.88952708807517,679.9571538009044
MY_0p5_5.7500_101.7500,101.75,5.75,1995-03-01,1995,3,161.24471543629966,132.46177501678469,150.12383168538412,7.760945900281271,0.3875859500064205,8.14853169322014,36.74612442652385,111.33795938491821,221.95092252095546,364.6059858957926,734.6409586588543
MY_0p5_5.7500_102.2500,102.25,5.75,1995-03-01,1995,3,122.03180877978986,136.77014306875375,140.50349390306053,8.04226490945527,1.2570289709551967,9.299294266235146,36.37128147934422,110.40314840708517,222.54678226560856,373.3628023192537,742.6840144199153
MY_0p5_5.7500_102.7500,102.75,5.75,1995-03-01,1995,3,105.87107116699218,132.5993810116666,114.13899230957031,8.852548599243164,1.5771825313568115,10.429730415344238,32.079383850097656,93.57159423828125,189.66525268554688,325.3662109375,640.6824340820312
MY_0p5_5.7500_103.2500,103.25,5.75,1995-03-01,1995,3,108.84424591064453,133.78955078125,,,,,,,,,
MY_0p5_5.7500_115.2500,115.25,5.75,1995-03-01,1995,3,134.65620295206708,135.64328613281248,144.09619140625,3.0618233680725098,0.02228565141558647,3.08410906791687,36.167179107666016,109.14493560791016,216.12490844726562,351.6691589355469,713.106201171875
MY_0p5_5.7500_115.7500,115.75,5.75,1995-03-01,1995,3,125.50776751933654,132.42619941571007,132.5635968889509,4.20589121409825,2.088071428647354,6.293962474096389,35.84475108555385,108.32481050037204,213.93285057431177,346.90681530180433,705.0092325846355
MY_0p5_5.7500_116.2500,116.25,5.75,1995-03-01,1995,3,110.26353750077503,124.8768335251581,127.65188564724392,6.362514167361789,2.4588854846441084,8.821399457114083,36.37231533716595,109.84346860855344,217.37447248186382,353.5908229282924,717.1810758076017
MY_0p5_5.7500_116.7500,116.75,5.75,1995-03-01,1995,3,115.69083014594186,120.24991014268663,134.70246163020056,18.587436164371553,10.502308973244258,29.089745367141,38.96180152287559,117.52401716444228,235.9406050424727,394.8340968540736,787.2605234297495
MY_0p5_5.7500_117.2500,117.25,5.75,1995-03-01,1995,3,141.42090469504757,124.0032406635465,147.62451186315496,50.29228306117494,33.96332298543551,84.25560772531793,40.98473402679154,123.9581260079465,252.18471688351795,435.7527676651531,852.8803433680008
MY_0p5_5.7500_117.7500,117.75,5.75,1995-03-01,1995,3,148.83633514888703,122.87836427234468,150.7116324917582,64.50548404975227,29.956024541150814,94.46150801485818,41.24693451951814,124.86641805764013,254.67922359184934,443.07924862035975,863.8718294489305
MY_0p5_5.7500_118.2500,118.25,5.75,1995-03-01,1995,3,140.88761973492976,119.85766414006551,148.8607972547743,54.266567891438804,10.503104703691271,64.7696714952257,40.98814339531793,123.94980441623265,252.04926174587672,435.3266333007812,852.3138321940104
MY_0p5_5.7500_118.7500,118.75,5.75,1995-03-01,1995,3,126.929824755742,117.30236596327563,147.98504638671875,50.74007034301758,5.371189594268799,56.11125946044922,40.92758560180664,123.68555450439453,251.14744567871094,432.3948974609375,848.1554565429688
MY_0p5_6.2500_99.7500,99.75,6.25,1995-03-01,1995,3,151.30275920793122,152.56412132113587,96.63019348854242,2.6796649056811663,1.7000119056996652E-4,2.6798350422881367,29.2451101791027,87.58361834149028,169.0450457195903,286.3089358307594,572.1826980945676
MY_0p5_6.2500_100.2500,100.25,6.25,1995-03-01,1995,3,176.88906425237656,147.94237190485,97.13543685601681,4.5448016448896755,0.03793615475184122,4.582737753342608,29.01164673785774,79.35771798892897,137.50781231315767,324.12122030452804,569.9984013771524
MY_0p5_6.2500_100.7500,100.75,6.25,1995-03-01,1995,3,177.20862482137204,145.09010568272654,124.4089986440298,5.774298854776331,0.016606986152303035,5.790905689180588,32.23277740773088,94.44503153797282,174.83424371549987,308.75681908802636,610.2688848429206
MY_0p5_6.2500_101.2500,101.25,6.25,1995-03-01,1995,3,167.2987947904147,142.4080282358023,136.89716022198016,7.025990060659556,0.03976839524335587,7.065758499732384,34.00222273606521,102.80144406832181,198.27020874023438,315.0400907076322,650.1139845628005
MY_0p5_6.2500_101.7500,101.75,6.25,1995-03-01,1995,3,131.94332144601003,140.33304966517855,137.43016575404573,6.2094288962227955,0.027906068201575956,6.237335055215016,34.34678094046456,105.57772456577845,208.28741455078122,346.0521728515625,694.2640991210936
MY_0p5_6.2500_102.2500,102.25,6.25,1995-03-01,1995,3,114.10298506418863,139.75337209934142,133.06503295898438,6.365705490112305,0.004695683717727661,6.370401382446289,34.73323440551758,107.30517578125,214.57919311523438,352.6953125,709.3129272460938
MY_0p5_6.2500_115.7500,115.75,6.25,1995-03-01,1995,3,102.16925759748979,132.81862605701792,136.916259765625,4.025847911834717,0.021117011085152626,4.0469651222229,34.59098434448242,104.91842651367188,205.57394409179688,332.0060729980469,677.0894165039062
MY_0p5_6.2500_116.2500,116.25,6.25,1995-03-01,1995,3,105.47567233704683,128.809729726691,136.28936838158427,8.170217331285519,0.42654219582381486,8.596759512561007,35.912763856055975,108.66395111756177,214.5664292390126,348.8468793289251,707.9900157777223
MY_0p5_6.2500_116.7500,116.75,6.25,1995-03-01,1995,3,114.92162364172559,125.0431359669519,138.95981019035216,19.913664215330094,4.568378865718841,24.482043596297977,38.38055206783233,115.96757892426989,232.55657639276413,386.6166181291852,773.5213380843874
MY_0p5_6.2500_117.2500,117.25,6.25,1995-03-01,1995,3,129.9120370774042,126.30772240048363,143.38103681291852,28.935006883409287,10.853782718900648,39.78879017300076,38.99413797287714,117.8468952723912,238.7571241106306,405.2892580062624,800.8874366396949
MY_0p5_6.2500_117.7500,117.75,6.25,1995-03-01,1995,3,137.6710447470347,126.06595476468407,145.55947233501234,30.587201770983246,8.54442572467334,39.13162765726012,38.89304380807263,117.58755609166552,238.62077456468728,406.5207744397615,801.6221595451847
MY_0p5_6.2500_118.2500,118.25,6.25,1995-03-01,1995,3,139.12023789542062,125.39027786254883,149.75828988211495,33.700629234313965,1.475110199169389,35.17574034418379,39.722608838762554,120.42407989501953,244.5342467171805,417.42248971121654,822.1034349714006
MY_0p5_6.7500_100.2500,100.25,6.75,1995-03-01,1995,3,159.51667112462658,148.56021219141343,105.56886992735022,3.4926935855080097,0.03855714062539097,3.5312506521449367,30.350122900570142,89.22733682744644,162.66034619948442,308.57743319343115,590.8152483771829
MY_0p5_6.7500_100.7500,100.75,6.75,1995-03-01,1995,3,155.919428507487,146.26225789388022,118.74549978750724,3.6831122592643455,0.028642744377807342,3.71175495783488,31.258306008798108,92.85802940086083,172.14885796440976,311.6041271068432,607.869350857205
MY_0p5_6.7500_116.2500,116.25,6.75,1995-03-01,1995,3,108.65534692523124,132.16652910099472,145.97033505323458,16.305694673119525,0.5419345061953474,16.847628663225873,37.318284941882624,113.04246837336844,225.42626506526295,368.38768265887006,744.1747257883957
MY_0p5_6.7500_116.7500,116.75,6.75,1995-03-01,1995,3,109.52624164388337,130.99062722921371,136.2899244104921,14.842688368243191,1.2644572824740363,16.10714562608319,35.99911750823613,108.557947000496,217.18888107118872,357.9213691078156,719.6673243827971
MY_0p5_6.7500_117.2500,117.25,6.75,1995-03-01,1995,3,115.39363398103633,129.45334468743738,129.60918521037144,12.30389370538492,1.2504909317033877,13.554384775921305,34.935827390282554,104.96672773783186,210.74995037517718,349.09440761329853,699.7469090824634
MY_0p5_6.7500_117.7500,117.75,6.75,1995-03-01,1995,3,124.0688942803277,128.1420415242513,135.89343357086182,11.442118167877197,0.23105791804846376,11.673175573348999,35.77744650840759,107.62060713768005,216.52701568603516,358.5315046310425,718.4565715789795
MY_0p5_7.2500_116.7500,116.75,7.25,1995-03-01,1995,3,96.83094096746972,133.1728053017268,124.82144397238028,4.878060697472614,0.014981257085404966,4.89304205853006,32.71144264884617,99.39047320822011,197.2772598930027,323.0787414550781,652.4579106869905
MY_0p5_7.2500_117.2500,117.25,7.25,1995-03-01,1995,3,91.08489979924383,132.7192116127358,118.7962810315584,1.9661815015893231,0.005492359970843321,1.9716738901640238,31.426446573357836,95.62795875950864,189.57791491056744,312.339742238898,628.9720536081414
MY_0p5_0.7500_110.2500,110.25,0.75,1995-04-01,1995,4,272.44904949481673,109.56655555138222,120.69456094595104,39.63325072068435,123.33879594069262,162.97204965444712,42.83448586097131,129.3169151893029,263.1602313701923,460.66807720477766,895.9796968900242
MY_0p5_0.7500_110.7500,110.75,0.75,1995-04-01,1995,4,293.63781956263944,112.18012804303851,129.6391686575753,41.98599570138114,120.77605056762694,162.76204833984374,42.95496602739606,129.76916765485493,264.6430088588169,466.1491542271205,903.5162772042411
MY_0p5_0.7500_111.7500,111.75,0.75,1995-04-01,1995,4,288.29411388578865,113.0299803718688,122.24897196936227,33.68300507560609,103.40435851566374,137.08736238025486,42.843469952780104,129.45484585232205,264.01548306904135,464.7221214657738,901.0359032040551
MY_0p5_1.2500_103.2500,103.25,1.25,1995-04-01,1995,4,199.0588845558537,110.20809358763465,105.5461288798939,18.111372600902214,25.532556967301808,43.64392796429721,38.7899338982322,115.05907249450685,234.16407533125448,408.66523118452596,796.6782920143821
MY_0p5_1.2500_103.7500,103.75,1.25,1995-04-01,1995,4,199.3237417276623,109.72616014202822,97.49673002668956,18.87186502252968,41.66772397976477,60.539588094915004,40.000307694222165,119.61440965967272,243.3382039486783,424.53121118638126,827.4841196004627
MY_0p5_1.2500_104.2500,104.25,1.25,1995-04-01,1995,4,195.51750684465682,110.21177793230329,88.16783905029297,19.698829650878906,59.9832763671875,79.6821060180664,41.5870475769043,125.57784271240234,255.33810424804688,445.17724609375,867.6802368164062
MY_0p5_1.2500_109.7500,109.75,1.25,1995-04-01,1995,4,217.45093085966917,111.90654708678463,122.1459955422275,27.145024770713714,89.26206326771933,116.40709162332925,42.78401813736882,129.33722879800453,264.16431362657664,466.4562877976751,902.7418521743222
MY_0p5_1.2500_110.2500,110.25,1.25,1995-04-01,1995,4,261.1075990301302,110.7039495342947,122.27414394069365,41.13365170394132,117.45409631913235,158.5877504974719,42.840215204305174,129.3673754364367,263.4560946313572,462.069029583434,897.7326992432585
MY_0p5_1.2500_110.7500,110.75,1.25,1995-04-01,1995,4,281.67218153211803,112.62476075187561,131.27740236312624,39.31607512822226,107.43184860471693,146.74792674231148,42.90874630156017,129.65217076861668,264.52688501751607,466.4065614730592,903.4943510509672
MY_0p5_1.2500_111.2500,111.25,1.25,1995-04-01,1995,4,282.87558685400234,113.06812673940445,128.71779149942125,35.50518853062639,101.24368985697105,136.74887535899592,42.86466615573286,129.51726149293944,264.19589301648614,465.4452885149386,902.0231214041909
MY_0p5_1.2500_111.7500,111.75,1.25,1995-04-01,1995,4,281.02489217122394,112.87234254867312,120.37687549893818,35.51535530695839,104.66935681539869,140.18470933702255,42.827061365521146,129.3977527921162,263.8571409195188,464.188729422433,900.2706754169767
MY_0p5_1.2500_112.2500,112.25,1.25,1995-04-01,1995,4,273.6153609377479,112.30168992250704,117.75939348869518,39.440336256462906,111.40064007134606,150.8409725131117,42.82130842644551,129.36464671798163,263.69522807319754,463.42102654936343,899.3021872273555
MY_0p5_1.2500_112.7500,112.75,1.25,1995-04-01,1995,4,262.47412236531574,111.76415570576987,113.88840754826863,45.65514445304871,131.65513038635254,177.31027698516846,42.83423145612081,129.31095536549887,263.0676803588867,460.08042844136554,895.2932713826497
MY_0p5_1.2500_113.2500,113.25,1.25,1995-04-01,1995,4,265.1958156419837,110.26550219991931,115.75746314007304,51.1768703294837,133.91471318783968,185.09158590565556,42.81159767482592,129.24528251316235,262.8869965926461,459.3389351222826,894.2828225840693
MY_0p5_1.2500_113.7500,113.75,1.25,1995-04-01,1995,4,289.04309382583153,108.52134802847198,118.04260057391542,51.70920782378226,132.34792339440548,184.0571282126687,42.8097854383064,129.23256533073655,262.8448914036606,459.1906065507369,894.0778734611742
MY_0p5_1.2500_114.2500,114.25,1.25,1995-04-01,1995,4,326.8638772880082,105.50323283777828,122.55827682630152,53.97458284091106,143.102374186558,197.07695804022055,42.91728115925747,129.53892355049607,263.4520647167105,460.55442256421117,896.4627053589946
MY_0p5_1.2500_114.7500,114.75,1.25,1995-04-01,1995,4,355.62355484501006,101.46742371589906,123.4833755493164,56.5532596957299,180.13002260269658,236.68328955865675,43.11917409589214,130.122314945344,264.56080086000503,462.60358355122224,900.4058956023184
MY_0p5_1.7500_102.7500,102.75,1.75,1995-04-01,1995,4,186.54153408661733,111.76248152084774,116.17598605155945,10.443167984485626,5.435682699084282,15.878851026296617,40.067707061767585,119.86447072029114,242.1819090843201,415.36914825439453,817.4832401275635
MY_0p5_1.7500_103.2500,103.25,1.75,1995-04-01,1995,4,192.07014335720697,110.3363993287547,119.7521329498291,14.669603929519655,16.50470743894577,31.174310564994816,40.24330078125001,120.42496353149414,243.80186981201172,420.4089543151855,824.8790817260742
MY_0p5_1.7500_103.7500,103.75,1.75,1995-04-01,1995,4,192.6073397382905,110.41244200211537,110.6574384954911,16.006851066516926,27.50610962283762,43.51296003558967,40.22270444073255,120.53540109079096,244.03356146510643,420.77643855614,825.5680957263029
MY_0p5_1.7500_104.2500,104.25,1.75,1995-04-01,1995,4,190.95726232528685,110.87682967185972,105.384771006976,16.504559243372245,36.46676107524901,52.97132036667461,41.07097451261772,123.85140937982602,250.6055205589117,431.4208047556323,846.948693090631
MY_0p5_1.7500_109.7500,109.75,1.75,1995-04-01,1995,4,212.6154968794002,112.17240599698799,122.2736587524414,26.971500396728516,87.15059661865234,114.12210083007812,42.77859115600586,129.32980346679688,264.19659423828125,466.7022705078125,903.0072631835938
MY_0p5_1.7500_110.2500,110.25,1.75,1995-04-01,1995,4,239.27101992489247,112.60091419412633,124.7729395086115,43.867339761499416,110.32795956045548,154.19529968914503,42.87485738744073,129.5342914764894,264.16660786185037,465.0626581365412,901.6383980327748
MY_0p5_1.7500_110.7500,110.75,1.75,1995-04-01,1995,4,258.4288149746981,113.42774998057972,133.37461624145507,35.08615884780883,84.49156188964842,119.57772369384766,42.8356855392456,129.477131652832,264.41643981933595,467.1769317626953,903.9061981201172
MY_0p5_1.7500_111.2500,111.25,1.75,1995-04-01,1995,4,252.9087281242249,113.79884587847995,127.19990603424783,28.704404529305393,80.22245029183321,108.92685209762219,42.75617542710416,129.2472275135129,263.9139127509539,465.7371259822402,901.6544527275618
MY_0p5_1.7500_111.7500,111.75,1.75,1995-04-01,1995,4,255.09819359115406,113.27497716493244,115.24635636051997,36.1720161800143,100.91395947903015,137.08597134940229,42.78780383097974,129.3098200544526,263.8334422051151,464.596536177623,900.5276023768171
MY_0p5_1.7500_112.2500,112.25,1.75,1995-04-01,1995,4,255.40392485119048,113.04507104782832,113.54472537570528,37.448803347633,110.78232625325519,148.2311267671131,42.77585659935361,129.23119899204798,263.4090157645089,462.6263915046813,898.042463030134
MY_0p5_1.7500_112.7500,112.75,1.75,1995-04-01,1995,4,253.63023986816404,113.01212918720549,114.57968517485118,35.82638388739692,110.70621396019345,146.532599918426,42.73313338264586,129.07373928493922,262.9207874116443,460.97680625310016,895.7044542100693
MY_0p5_1.7500_113.2500,113.25,1.75,1995-04-01,1995,4,249.62184138222344,112.30880403064546,116.60989181276352,38.415598648313484,106.18330703008742,144.5989066956535,42.666204809764075,128.86803249782986,262.4537856329055,459.73344629681293,893.7214733305432
MY_0p5_1.7500_113.7500,113.75,1.75,1995-04-01,1995,4,272.55870477585563,110.30943383110895,118.96190781366256,40.14187270270453,111.99202522398933,152.13389529273624,42.64163519238669,128.7453589303153,261.95194072420634,457.699009389726,891.0379687112476
MY_0p5_1.7500_114.2500,114.25,1.75,1995-04-01,1995,4,316.8316671704489,106.95473562573629,124.89034251863993,43.9153950403607,124.40227656288752,168.317673601423,42.758717297750806,129.07701483832463,262.57098834325393,458.8879252115884,893.2946672712053
MY_0p5_1.7500_114.7500,114.75,1.75,1995-04-01,1995,4,338.8425071597717,104.23532246802138,126.78835114790368,40.58364272241148,130.01941194682541,170.60305268282715,42.771151903379774,129.10540154807927,262.560819477615,458.543085602281,892.9804810835291
MY_0p5_2.2500_101.7500,101.75,2.25,1995-04-01,1995,4,189.87275880755797,108.19541622893979,124.963898861047,15.47812492678864,9.768611640641184,25.246735823274864,40.893003752737336,122.82806804926709,247.63240636960424,423.61644922121604,834.9699176826862
MY_0p5_2.2500_102.2500,102.25,2.25,1995-04-01,1995,4,178.68469771243736,110.15776302939969,121.26221385755036,8.310323110607822,3.391964540527198,11.702287532496111,39.91289963790675,119.46574182829788,239.06071596282518,401.89415379574416,800.3335299697219
MY_0p5_2.2500_102.7500,102.75,2.25,1995-04-01,1995,4,175.60258537002755,111.70351120188268,122.83425215226185,9.05966417246227,3.210213359398178,12.269877629944041,40.11386973948418,120.29156322720684,242.18054711064204,412.43281545518323,815.0188001801696
MY_0p5_2.2500_103.2500,103.25,2.25,1995-04-01,1995,4,177.41699519081723,110.84535408625526,128.122414289202,10.311097826276507,5.266571161482069,15.577669004410032,40.29346554468549,120.9804246206132,243.07857205829922,411.9859443785652,816.3384077768476
MY_0p5_2.2500_103.7500,103.75,2.25,1995-04-01,1995,4,175.80361591921013,112.56622663594909,129.20242413019727,9.646754963115109,2.006538240384247,11.65329324108059,39.72514145414708,119.19553341623079,239.1376370187533,402.99185087559584,801.050147725768
MY_0p5_2.2500_104.2500,104.25,2.25,1995-04-01,1995,4,171.91581043770645,113.76069951251273,131.0506709075171,9.749597967163592,1.0029226433147085,10.75252075825841,39.80635843198162,119.84452775687227,240.69468525027443,405.8089450804655,806.1544840158509
MY_0p5_2.2500_104.7500,104.75,2.25,1995-04-01,1995,4,155.99191284179688,114.8336181640625,,,,,,,,,
MY_0p5_2.2500_109.7500,109.75,2.25,1995-04-01,1995,4,196.84620518838207,112.45718679120463,,,,,,,,,
MY_0p5_2.2500_111.2500,111.25,2.25,1995-04-01,1995,4,228.57994472980502,114.35866349935532,114.35750635932473,27.1499888195711,77.92910665624281,105.07909449409036,42.7043514251709,129.15198135375974,264.00429534912104,466.72097105138437,902.5815878475413
MY_0p5_2.2500_111.7500,111.75,2.25,1995-04-01,1995,4,230.3045724051339,115.20157199435764,114.47788517058842,26.684100596110024,80.23517192053416,106.91927218967012,42.716605195545014,129.18703104654946,264.0554632277716,466.73762768942214,902.6967219277034
MY_0p5_2.2500_112.2500,112.25,2.25,1995-04-01,1995,4,232.87533913264198,116.00476347908139,114.66607561868332,23.654497122386143,86.06281929621622,109.71731862870473,42.697815752786305,129.1026137094649,263.6920635889447,465.18675585549965,900.6792583162822
MY_0p5_2.2500_112.7500,112.75,2.25,1995-04-01,1995,4,229.66485445537265,115.77599964444599,116.21906721327042,20.07754301646399,76.58679128979881,96.66433713398283,42.55179048568483,128.63602304609995,262.56126583038815,462.0751211015005,895.8241987924725
MY_0p5_2.2500_113.2500,113.25,2.25,1995-04-01,1995,4,220.3268471369668,114.9625705779545,120.74235609750902,21.9704833499969,67.31766032869854,89.28814140198723,42.47517887902639,128.3788776216053,261.9166171603733,460.35239984421514,893.1230683826266
MY_0p5_2.2500_113.7500,113.75,2.25,1995-04-01,1995,4,240.6411638380606,112.11773271198516,123.36752828767031,20.57121456725688,78.32131682770164,98.89252870294114,42.333450015587154,127.82428451731236,260.0867200440999,453.8539838187303,884.0984479686883
MY_0p5_2.2500_114.2500,114.25,2.25,1995-04-01,1995,4,284.6189900231739,108.98149837917751,128.8611822219122,24.690097391037714,90.68731001596602,115.37740706186445,42.46243133544922,128.1729434300983,260.6250068785652,454.4086516849578,885.669030374194
MY_0p5_2.2500_114.7500,114.75,2.25,1995-04-01,1995,4,317.9025187830772,105.4326268596034,129.72383186586444,31.885256127388253,102.33539913546656,134.2206519342238,42.58985531714655,128.5697330105689,261.49274331369713,456.40715282809356,889.0595084897933
MY_0p5_2.2500_115.2500,115.25,2.25,1995-04-01,1995,4,328.35699462890625,103.52392578125,135.3184356689453,51.96361541748047,120.65423583984375,172.61785888671875,42.68788146972656,128.80015563964844,261.5992736816406,455.5162658691406,888.6035766601562
MY_0p5_2.7500_101.2500,101.25,2.75,1995-04-01,1995,4,238.112548828125,107.25878143310547,126.44873046875,31.356121063232422,50.52259826660156,81.87871551513672,42.43754577636719,128.31460571289062,262.0600891113281,462.1593322753906,894.9715576171875
MY_0p5_2.7500_101.7500,101.75,2.75,1995-04-01,1995,4,195.7585747252119,107.25126839377663,117.13674885142933,25.209859598333182,42.891066509160126,68.10092821988192,41.40506523825905,124.72032786976206,251.9299947287819,432.8022037020596,850.8576012073863
MY_0p5_2.7500_102.2500,102.25,2.75,1995-04-01,1995,4,170.81552075428567,109.02086180182778,130.15800097034236,7.5317592332317576,1.6721399576420999,9.20389929698531,39.99800114722768,120.0007005193431,239.32036187238754,398.39446768791055,797.7135511264679
MY_0p5_2.7500_102.7500,102.75,2.75,1995-04-01,1995,4,156.49824823307085,112.53327840491185,135.31799388837211,7.3435166546061055,0.8564738976427271,8.199990566772751,40.118296176572386,120.64661320553549,242.29417612582822,409.88941260229177,812.9485044841525
MY_0p5_2.7500_103.2500,103.25,2.75,1995-04-01,1995,4,154.85388348816306,113.5796069491441,130.65850140030977,7.016107448347055,0.8276315462911964,7.8437389962992095,38.72040471605434,115.86870696438345,232.18294515427513,390.0761613785082,776.848203039473
MY_0p5_2.7500_103.7500,103.75,2.75,1995-04-01,1995,4,155.64469093654466,115.26577450296152,124.76726887083275,6.370953808182396,0.5320874963487897,6.903041347380608,37.565069928147274,111.93873722762007,224.26464365594398,376.131345124838,749.8997738042735
MY_0p5_2.7500_104.2500,104.25,2.75,1995-04-01,1995,4,157.6309186150046,115.19068875032312,131.237060546875,7.550046443939209,0.30633145570755005,7.856378078460693,39.262786865234375,118.26905822753906,237.5414581298828,400.1153259277344,795.1885986328125
MY_0p5_2.7500_111.2500,111.25,2.75,1995-04-01,1995,4,207.87196455330687,115.39174241690802,115.6698330149931,17.758901287527646,52.72773080713608,70.4866319544175,42.47066441704245,128.48120745490579,262.7601704316981,464.3499450683594,898.0619632496553
MY_0p5_2.7500_111.7500,111.75,2.75,1995-04-01,1995,4,208.92461989355868,116.7143069720659,115.66340403721249,18.88633375332273,55.32612037658691,74.21245459852545,42.5278037992017,128.65375656917175,263.1170612203664,465.17386548272486,899.4724897187333
MY_0p5_2.7500_112.2500,112.25,2.75,1995-04-01,1995,4,209.12664572800261,118.26652674131756,116.52720809936524,16.90001558939616,53.078778139750156,69.978795560201,42.497941436767576,128.55360366821287,262.8428145345052,464.36078063964845,898.255153198242
MY_0p5_2.7500_112.7500,112.75,2.75,1995-04-01,1995,4,210.29416448858717,118.60336006743997,119.42070002495487,19.49408083324191,60.17412388475635,79.6682037884676,42.503555080558684,128.52790373790114,262.56936906259267,463.0257324025601,896.6265575553797
MY_0p5_2.7500_113.2500,113.25,2.75,1995-04-01,1995,4,209.65539255293584,117.822804187593,125.05941263834633,25.005522137596493,68.78254893469432,93.78806719098773,42.58997481815398,128.7612085735987,262.9255995977492,463.4258386036706,897.7026138547866
MY_0p5_2.7500_113.7500,113.75,2.75,1995-04-01,1995,4,236.80682421641748,115.44547969064895,128.17652339084893,20.891523130380424,71.68177552435807,92.57329688102575,42.41916532577223,128.12761656645756,260.9798002789734,456.86673148574346,888.3932992728653
MY_0p5_2.7500_114.2500,114.25,2.75,1995-04-01,1995,4,285.68090646478197,111.59717472897302,131.2730145997639,29.669358597526067,98.12238355226154,127.79174527035482,42.582240382327306,128.51657329028163,261.2686107007763,455.67237998865824,888.0397972396657
MY_0p5_2.7500_114.7500,114.75,2.75,1995-04-01,1995,4,315.18591648757837,110.3821780696796,133.12913061251305,43.475577761413184,118.27797329653599,161.75354936927747,42.759585969766995,129.09304561736477,262.66572493048983,459.4063829555633,893.924740931031
MY_0p5_2.7500_115.2500,115.25,2.75,1995-04-01,1995,4,320.925559378959,106.21484017586921,132.21126370816617,41.72753834080052,85.6316064370645,127.35914948609496,42.31016141874296,127.49298858642577,257.9680140039942,444.9964970769108,872.7676408097551
MY_0p5_3.2500_101.2500,101.25,3.25,1995-04-01,1995,4,261.43594699435766,109.69417251408795,139.2252016772556,44.87589445002812,53.42787961551652,98.30377025084736,42.54097507343218,128.5344533957396,262.0091626356548,460.2220664413987,893.306684323322
MY_0p5_3.2500_101.7500,101.75,3.25,1995-04-01,1995,4,205.61869126805718,106.76217578474885,125.12948380002548,25.494667138263683,35.896340972678686,61.391009081700815,41.083768978240386,123.54380589381907,248.19658019436395,420.47504274404736,833.2992112469522
MY_0p5_3.2500_102.2500,102.25,3.25,1995-04-01,1995,4,160.5918296692863,111.3521041870117,139.62879730709017,7.610675997961136,1.4446685985913352,9.055344944908503,39.8954961504255,119.82547091529482,239.52651347811258,400.5433560810392,799.7908460828993
MY_0p5_3.2500_102.7500,102.75,3.25,1995-04-01,1995,4,132.7714608107941,114.4819878928269,140.96638483940802,6.118598092960406,0.6014277425747884,6.72002575216414,39.30195411247543,118.18941599206079,236.72136239160463,398.016500159155,792.2292453427857
MY_0p5_3.2500_103.2500,103.25,3.25,1995-04-01,1995,4,126.57200776637569,116.26911073864868,129.55989181568256,4.512384692698426,0.415124535317918,4.927509130794761,37.152942558064915,110.79608400326211,222.31952957998274,373.7147253577018,743.9832793493613
MY_0p5_3.2500_112.2500,112.25,3.25,1995-04-01,1995,4,200.40297207302518,119.12852579752604,117.43626471625434,14.521551471286353,34.914994727240675,49.43654539320204,42.39520763821072,128.2680009629991,262.3869954427084,463.8753234863281,896.9255371093751
MY_0p5_3.2500_112.7500,112.75,3.25,1995-04-01,1995,4,204.10338444863595,120.40472270596413,124.57325500738426,20.661210357165732,54.974530923561964,75.63573890435892,42.533600979164,128.63191473288614,262.89195351522477,464.2464116831295,898.3038805351883
MY_0p5_3.2500_113.2500,113.25,3.25,1995-04-01,1995,4,218.07177619647263,121.17339167200534,132.64981865160394,27.393549659035425,83.48641285751803,110.87996118718927,42.73809885256218,129.20863914489746,263.9039990974195,465.87048571037525,901.7212166063713
MY_0p5_3.2500_113.7500,113.75,3.25,1995-04-01,1995,4,257.57344408792164,120.17676660446895,132.88646506657676,25.449175159514898,91.21091231088789,116.6600901285807,42.71887501307896,129.0962693471757,263.39204895988337,463.73691125294516,898.9440999348957
MY_0p5_3.2500_114.2500,114.25,3.25,1995-04-01,1995,4,316.7645874509386,118.11655686007941,132.1339416503906,42.28075798909376,125.37677490331565,167.65753314753246,42.806242499381874,129.20869105636694,262.82901477206286,459.5938965621267,894.4378617402094
MY_0p5_3.2500_114.7500,114.75,3.25,1995-04-01,1995,4,334.1075237298467,118.42704617445636,136.79311361130638,72.26430044963861,159.80112047863616,232.06541991993126,43.01854134820829,129.84243030912558,264.0914469919387,462.15302738262596,899.105423265202
MY_0p5_3.2500_115.2500,115.25,3.25,1995-04-01,1995,4,309.2062109452259,111.59495276439038,127.86096423185326,32.94484244720845,60.80623449253132,93.75107789341408,41.97788825216172,126.3961731391617,255.14993913867806,437.3154811617694,860.8394601556319
MY_0p5_3.2500_115.7500,115.75,3.25,1995-04-01,1995,4,291.18451304917926,107.8248545614521,126.60068751988787,40.033370285891415,55.71948439351628,95.75285467940769,41.86486799261543,126.07395163546786,254.46846419773746,435.841041822112,858.2482855293188
MY_0p5_3.7500_100.7500,100.75,3.75,1995-04-01,1995,4,355.9311828613281,114.52996063232422,139.1667938232422,63.13434600830078,79.26933288574219,142.4036865234375,42.82350540161133,129.39695739746094,263.8995361328125,464.5576477050781,900.6776123046875
MY_0p5_3.7500_101.2500,101.25,3.75,1995-04-01,1995,4,289.53717656841195,111.85882827610645,146.76396031055634,51.25210437959838,63.5373280102381,114.78943251328948,42.4842046472247,128.16150741824055,260.0825396787773,452.0352918507598,882.7635450640928
MY_0p5_3.7500_101.7500,101.75,3.75,1995-04-01,1995,4,208.50245559916777,107.88353539728055,135.92071664409275,16.096876085184185,12.74609412850848,28.842970901234143,39.97079002477561,119.76654859409214,237.87505248245927,391.87284695570645,789.4852370729872
MY_0p5_3.7500_102.2500,102.25,3.75,1995-04-01,1995,4,150.84608202737473,110.60421191018725,139.35796571761844,5.396467793177044,1.0416644359391833,6.438132225521025,38.983574846055774,117.00126856243799,233.10950409419954,387.01093469044514,776.1052825443327
MY_0p5_3.7500_102.7500,102.75,3.75,1995-04-01,1995,4,115.4313461303711,115.62422759040952,139.7569813077412,3.321299522642106,0.4676618742564368,3.7889613741920107,38.36535880679176,115.31356293209015,230.39391556997143,385.2518512059772,769.3247041248139
MY_0p5_3.7500_103.2500,103.25,3.75,1995-04-01,1995,4,108.64360949147745,117.25202026975109,131.9922316607307,2.7256069800432994,0.3431672155857086,3.0687740999109607,37.231777026606544,111.8003569958257,223.95814035453049,376.3343947466682,749.324682856541
MY_0p5_3.7500_113.2500,113.25,3.75,1995-04-01,1995,4,224.22874021530154,124.16394937038422,135.11699138703892,24.431572867221522,81.52570030337475,105.95727351454438,42.71583575889713,129.1539161557057,263.8447630835361,465.88827814821343,901.6027842037014
MY_0p5_3.7500_113.7500,113.75,3.75,1995-04-01,1995,4,276.3910973545679,125.18696022639197,133.157453172801,29.141717546580296,94.27023224074479,123.41195056507887,42.793026476616234,129.3509074090754,264.1084413991391,466.0421468494008,902.2945388744564
MY_0p5_3.7500_114.2500,114.25,3.75,1995-04-01,1995,4,343.78498030782123,125.0324934459868,134.34154188368055,45.237532406761524,139.7524918813554,184.99002646794395,43.01737334236265,129.9180142841642,264.77375062003966,465.7909272693453,903.5000786675347
MY_0p5_3.7500_114.7500,114.75,3.75,1995-04-01,1995,4,352.3032217843192,124.24996517120847,138.40490107460627,84.28571982005286,177.95867339845688,262.24440457783044,43.162741863916786,130.31092262873574,265.26745421394475,465.5268765888517,904.2680129278273
MY_0p5_3.7500_115.2500,115.25,3.75,1995-04-01,1995,4,313.6510565863715,115.05516253274584,125.39065687391493,40.007369038415334,76.84841319492885,116.85578223334417,42.17387575422015,127.0544230385432,256.7862655881852,441.30662793356265,867.3211811368428
MY_0p5_3.7500_115.7500,115.75,3.75,1995-04-01,1995,4,290.7155377504637,108.20562112931725,127.35670070510973,52.947926912376346,73.31046130502824,126.25838821740459,42.013053564716586,126.53069596324893,255.41320701983338,437.5577980974595,861.5147424052946
MY_0p5_4.2500_100.7500,100.75,4.25,1995-04-01,1995,4,307.25510330200194,117.39958205936463,140.53010727240115,74.71769757952009,111.05455907704882,185.7722573416574,42.898788312016706,129.56157861826375,263.94327454858905,463.6979911959902,900.1016609036192
MY_0p5_4.2500_101.2500,101.25,4.25,1995-04-01,1995,4,266.45157049607866,111.3911509665714,140.3829034210011,44.267042184331615,63.329898409023414,107.59694066624733,41.95967704627165,126.30789638932345,254.67013860811855,435.27941428020506,858.2171448142665
MY_0p5_4.2500_101.7500,101.75,4.25,1995-04-01,1995,4,203.61135240272972,112.15915267993088,146.20506730247232,11.378597093466373,3.1812384928377293,14.559835782828042,39.881169608606704,119.34013725012638,236.11262463456913,385.1666652691631,780.5005928015177
MY_0p5_4.2500_102.2500,102.25,4.25,1995-04-01,1995,4,141.26118586238582,116.07272867806043,147.90297287036057,5.881423637889826,1.441494607696899,7.3229183267099796,39.5265915233868,118.63943171882022,236.7864751846265,394.5606239976975,789.5131124185677
MY_0p5_4.2500_102.7500,102.75,4.25,1995-04-01,1995,4,103.39131269029751,116.70988831246736,139.930803092422,2.994617478483042,1.8221852116903678,4.816802721114675,38.7749854652745,116.4993889438119,232.98881744579145,389.97777222068447,778.2409547453474
MY_0p5_4.2500_103.2500,103.25,4.25,1995-04-01,1995,4,95.87562980199522,119.71120008940483,131.2074639722445,1.6345210673501682,0.7778046507557096,2.4123258059033117,37.321390264956385,112.51021272878613,226.33834870767095,382.14857987992025,758.3185129198879
MY_0p5_4.2500_113.7500,113.75,4.25,1995-04-01,1995,4,332.1179913717603,129.75966095201898,130.26735025081996,31.914071496927516,60.923387347527274,92.837455965438,42.577315312511516,128.7425257844745,263.01292620964773,464.1454539748858,898.4782231168928
MY_0p5_4.2500_114.2500,114.25,4.25,1995-04-01,1995,4,370.31222432028795,130.39742953620825,133.5836936332084,39.40944010318477,96.60389414901441,136.01332849333184,42.814758904652244,129.40589368665545,264.1762093208932,466.07168520187327,902.4685499272293
MY_0p5_4.2500_114.7500,114.75,4.25,1995-04-01,1995,4,367.400540974935,129.5721182759603,139.94828633626307,94.42751177469891,167.38563985188804,261.81315266927083,43.10491663614909,130.16843729654948,265.0986627197266,465.5942498779297,903.9662414550783
MY_0p5_4.2500_115.2500,115.25,4.25,1995-04-01,1995,4,331.9283567004734,123.22852272457548,129.53968691825867,63.727353546354514,87.16866114404468,150.89600981606375,42.25118748346964,127.35249527295431,257.5283994144864,442.7679700851441,869.9000303480361
MY_0p5_4.2500_115.7500,115.75,4.25,1995-04-01,1995,4,304.93966912738347,114.25163002660722,131.11999878964184,80.82939597954187,100.06059602640445,180.8899955102953,42.39311174295717,127.84142378467628,258.97114894026424,447.2600958355403,876.4657838983053
MY_0p5_4.2500_116.2500,116.25,4.25,1995-04-01,1995,4,282.9827316098097,121.5163547701952,149.7351445453923,76.32359862909085,93.15922155612853,169.48281264886623,42.36040785254502,127.74390490462142,258.91292302201435,447.94743961241187,876.9646952559308
MY_0p5_4.2500_116.7500,116.75,4.25,1995-04-01,1995,4,254.37740586120964,125.5410117441519,157.00581668567108,59.78027341544973,68.79476414939572,128.57503394860066,42.16336110285942,127.19093014050083,258.0369781317738,447.2304214742142,874.6216790524521
MY_0p5_4.2500_117.2500,117.25,4.25,1995-04-01,1995,4,215.2461829396476,128.0302529461616,158.94016576446265,41.75932439449615,29.88497951389414,71.6443050603951,41.020293699956575,123.55690522320504,249.32957370724304,426.8319897947058,840.7387317218613
MY_0p5_4.2500_117.7500,117.75,4.25,1995-04-01,1995,4,185.07163662380646,127.68977773291434,142.74738350892676,15.643927667894937,5.919592181841533,21.56352070050362,36.924608181684455,109.88868080856454,217.39054922772272,357.29078452607513,721.494590041984
MY_0p5_4.2500_118.2500,118.25,4.25,1995-04-01,1995,4,152.85113641393116,127.06074979012473,121.60241417368509,6.111657753112211,0.01285911485505332,6.12451678324657,32.517207224657575,95.11060445020155,186.0662544396273,297.45975120204275,611.1538039286426
MY_0p5_4.2500_118.7500,118.75,4.25,1995-04-01,1995,4,135.0544362951208,127.00686758535879,112.83135223388672,7.797003269195557,0.003599839750677347,7.800602912902832,30.8043212890625,89.32389068603516,175.3384552001953,280.96514892578125,576.4318237304688
MY_0p5_4.7500_100.2500,100.25,4.75,1995-04-01,1995,4,245.19715033637155,126.07417127821182,,,,,,,,,
MY_0p5_4.7500_100.7500,100.75,4.75,1995-04-01,1995,4,245.62631002626463,120.93300639799911,136.887178808693,41.20178527366824,51.32371739643376,92.52550625994922,41.80168744219028,125.91432791609105,254.19345973565325,435.44264605762515,857.352124966257
MY_0p5_4.7500_101.2500,101.25,4.75,1995-04-01,1995,4,223.7492417674954,113.82002977643695,134.30734088231645,23.524238162570526,34.35302977486262,57.877268461197154,41.26061891828264,124.09960346524679,249.38327903142053,422.0010433136471,836.7445562453497
MY_0p5_4.7500_101.7500,101.75,4.75,1995-04-01,1995,4,178.1701740337785,116.8702859303308,148.630417499845,11.257561115991503,4.72510171012273,15.982663943275574,40.19953673832,120.68183705163382,241.16508043077266,403.186564030723,805.2330142066593
MY_0p5_4.7500_102.2500,102.25,4.75,1995-04-01,1995,4,122.0153526669457,120.54587242489768,145.49997834705175,5.373481950305758,4.837140766779582,10.210622737521216,39.68320094517299,119.34816567557196,239.79925856817334,405.3312584286644,804.1618762788318
MY_0p5_4.7500_102.7500,102.75,4.75,1995-04-01,1995,4,88.58009088115325,120.69131562056812,141.57528103385,3.332058358344302,3.8399119377136217,7.171970226202799,39.12805946009932,117.76887541363949,236.84394525418608,400.7467631929239,794.4876574862534
MY_0p5_4.7500_103.2500,103.25,4.75,1995-04-01,1995,4,83.03092020043829,123.6378857626844,128.62467522990661,2.113462623195015,2.162556406206751,4.276018875551401,36.61404435836962,109.34750898297865,219.6825857127285,370.88760026882505,736.531750443237
MY_0p5_4.7500_103.7500,103.75,4.75,1995-04-01,1995,4,80.04628352115029,125.10655975341797,107.91683940144327,1.5289858254519375,0.1390663180258367,1.6680521314794368,32.09969205980177,93.56129554649452,187.6661444329596,315.7078671145748,629.0350325943588
MY_0p5_4.7500_113.7500,113.75,4.75,1995-04-01,1995,4,363.7749328613281,133.53248596191406,,,,,,,,,
MY_0p5_4.7500_114.2500,114.25,4.75,1995-04-01,1995,4,363.7749328613281,134.22097996303015,138.1701202392578,53.14622116088867,77.43877410888672,130.58499145507812,42.71217346191406,129.06845092773438,263.2721862792969,463.52264404296875,898.575439453125
MY_0p5_4.7500_114.7500,114.75,4.75,1995-04-01,1995,4,351.8460775395875,137.19101116221438,146.61553397229923,85.99141615180561,113.23280994866485,199.22422560825143,42.802310861567015,129.22205008229903,262.90320578954555,460.3047767557123,895.2323208060318
MY_0p5_4.7500_115.2500,115.25,4.75,1995-04-01,1995,4,324.3323884010315,135.6219041744868,144.18468085924783,78.83850797017413,73.93244546651839,152.77095309893286,42.14609070618947,127.0035773515701,256.5548512935638,440.0579802195231,865.7625004450479
MY_0p5_4.7500_115.7500,115.75,4.75,1995-04-01,1995,4,300.5396261548239,127.18732113308378,142.51452970958888,60.38940882607111,64.10105608985538,124.49046156141492,41.94911755758619,126.27684253510976,254.4652387830946,434.33703051370287,857.0282296316961
MY_0p5_4.7500_116.2500,116.25,4.75,1995-04-01,1995,4,265.80563218858504,126.05719694107295,153.44702947707398,62.30251234750899,53.632685149662066,115.93519422743051,41.750401160830535,125.76256030854724,253.87324640183215,434.75573827349945,856.1419286334324
MY_0p5_4.7500_116.7500,116.75,4.75,1995-04-01,1995,4,226.52636004097852,127.04351970817471,155.2451899564719,47.14356748967232,37.10358530660219,84.2471516524689,41.43269732028623,124.82452699202527,252.03951852532884,431.2740317236019,849.570781273178
MY_0p5_4.7500_117.2500,117.25,4.75,1995-04-01,1995,4,181.73552904885915,127.64754473973834,151.9376692030165,18.909419389755005,13.120565559750512,32.02998547629704,40.23499410720099,121.01019238668775,242.97059587751116,410.3627694266183,814.5785477895585
MY_0p5_4.7500_117.7500,117.75,4.75,1995-04-01,1995,4,150.6215148636057,128.3327083829083,148.45722111569174,10.053246310994595,1.9677211815797828,12.020967721939087,38.62508510637887,116.00553370125684,230.98022079467768,382.441078475759,768.0519059579582
MY_0p5_4.7500_118.2500,118.25,4.75,1995-04-01,1995,4,132.99833913065083,128.5091315034646,147.4790653247929,12.643967614102007,0.6239989507737472,13.267966816772768,37.58648037551037,112.97655697923213,224.06860198207835,367.7120839794677,742.3437319041499
MY_0p5_4.7500_118.7500,118.75,4.75,1995-04-01,1995,4,119.06145805648612,127.58027735842934,144.4205490305454,10.817592741567879,0.1883115617534782,11.005904342554793,36.08544608007504,108.96799478651603,216.1016733676572,354.82202689255337,715.9771419476858
MY_0p5_5.2500_100.2500,100.25,5.25,1995-04-01,1995,4,215.10784788627845,129.23256502537367,68.83406066894531,6.724161624908447,0.01492625754326582,6.7390875816345215,26.62748146057129,71.05705261230469,140.32550048828125,225.57936096191406,463.5893859863281
MY_0p5_5.2500_100.7500,100.75,5.25,1995-04-01,1995,4,201.9428529427722,125.29589056666897,134.79516724334368,18.46895403697573,16.185514301650393,34.65446969284409,38.67207794627924,115.42533944667072,228.1436725484914,372.77257265989806,755.0136680164557
MY_0p5_5.2500_101.2500,101.25,5.25,1995-04-01,1995,4,174.5517421177455,120.71572355240109,139.02681167844744,9.68265726301405,8.174399819402467,17.857057908224675,39.315121920146645,118.05080028715588,235.14277789403522,388.8682638501364,781.3769616505456
MY_0p5_5.2500_101.7500,101.75,5.25,1995-04-01,1995,4,136.53064394908347,121.17471289179129,143.3020684066092,3.354971718636288,1.6919070942101966,5.046878674987016,37.8019930845613,113.99725587200966,228.55329807548765,382.17206189586864,762.5245820063697
MY_0p5_5.2500_102.2500,102.25,5.25,1995-04-01,1995,4,95.81702765689533,129.2044831537137,138.5833698442787,1.683375760248512,1.5569029716169758,3.24027887271468,37.04138241907594,112.14963660270544,226.58942588271609,384.67900299266637,760.4594322253184
MY_0p5_5.2500_102.7500,102.75,5.25,1995-04-01,1995,4,72.36502537432246,127.56546496737533,131.60187450344276,1.6880893951755458,1.145765984664529,2.8338553087186003,35.980368080785716,108.15102859755693,218.05377564511056,371.273908194849,733.4590826519465
MY_0p5_5.2500_103.2500,103.25,5.25,1995-04-01,1995,4,69.85737344247323,129.88526343290138,138.97819013719436,2.6264728524468164,1.08684692638261,3.7133197799905555,37.42094649277725,112.77335516198889,227.14903883500534,385.8133630133295,763.1567224279627
MY_0p5_5.2500_115.2500,115.25,5.25,1995-04-01,1995,4,289.51074071084304,142.23459526800343,154.22608422451333,53.26543520317703,24.553075372012426,77.81851174401454,40.57557621940238,121.95711642406027,243.4307080878586,405.56746235831844,811.5308777856045
MY_0p5_5.2500_115.7500,115.75,5.25,1995-04-01,1995,4,271.61942814345343,140.24252874639973,151.616304507498,38.619239445055946,15.581175802925882,54.200415426997814,40.088104635982184,120.36212357343254,239.2913719565181,394.95019562284824,794.6918070130429
MY_0p5_5.2500_116.2500,116.25,5.25,1995-04-01,1995,4,223.28590909740592,134.23411984986896,151.34648914578597,27.20017425621612,6.990105746478974,34.1902809173246,39.6172973174083,118.96030517771274,236.40888189967671,390.2730781458601,785.2595558649377
MY_0p5_5.2500_116.7500,116.75,5.25,1995-04-01,1995,4,181.3869082776806,132.41582305521905,155.03025721296478,22.315986274163933,7.681222372228587,29.99720879144306,39.89246012289312,119.87189527101154,239.59300671348086,400.4112524684471,799.7686033611055
MY_0p5_5.2500_117.2500,117.25,5.25,1995-04-01,1995,4,148.48057781401133,132.8376454671224,156.9039013574994,17.644076834784613,7.358299570234996,25.00237632024856,40.00253208705357,120.41372111487009,242.13516308012464,409.511574687655,812.0629929315477
MY_0p5_5.2500_117.7500,117.75,5.25,1995-04-01,1995,4,128.48875327942864,131.80096299913194,154.69086347307476,15.01343703497024,3.7045224870954234,18.71796029106019,39.5515513949924,119.12462468222964,239.7659499395461,405.773739188058,804.2158606150794
MY_0p5_5.2500_118.2500,118.25,5.25,1995-04-01,1995,4,119.45479709499486,130.05571756545146,155.59086025748283,15.735921142966884,1.8358648882550037,17.571786517550233,39.28004534533069,118.28140419152132,237.85854820688817,401.7535360542832,797.1735307243979
MY_0p5_5.2500_118.7500,118.75,5.25,1995-04-01,1995,4,107.4167878341675,127.09700891403925,146.05679257710773,9.403359174728394,0.5187626596954134,9.922122014893425,36.32322984271579,110.02135478125679,219.89849132961695,367.09674708048504,733.3397996690538
MY_0p5_5.2500_119.2500,119.25,5.25,1995-04-01,1995,4,95.15958759882677,124.87368890671503,140.9616241455078,5.987682342529297,0.0868300348520279,6.074512481689453,34.87235641479492,105.98633575439453,211.17503356933594,350.3992919921875,702.4329833984375
MY_0p5_5.7500_100.2500,100.25,5.75,1995-04-01,1995,4,172.86486342146588,134.12890212600297,94.09351803840846,3.761709250441385,0.02707353156324852,3.788782747513657,29.15412923830365,82.13486123741218,144.24783437186426,305.2226520503333,560.7594621290855
MY_0p5_5.7500_100.7500,100.75,5.75,1995-04-01,1995,4,157.91428750658793,131.62711511036707,126.66033025105793,2.480055079460144,0.019015596203195553,2.4990705696741737,33.864876162211104,100.1057470703125,190.9512378438314,304.8126567586263,629.7345326741537
MY_0p5_5.7500_101.2500,101.25,5.75,1995-04-01,1995,4,136.07450097752368,129.22600465308966,138.09763654573698,1.4809805654634642,0.12071431251462755,1.601694852817716,35.4920748913382,106.62107404573698,208.96840547576667,330.4386517382044,681.5202182559517
MY_0p5_5.7500_101.7500,101.75,5.75,1995-04-01,1995,4,104.13586174647013,128.6214955965678,134.1307114283244,0.41984317967047297,0.12372999305468207,0.5435731864223878,33.357813096046456,102.61396795908611,207.10888627370198,345.08631960550946,688.1669705708821
MY_0p5_5.7500_102.2500,102.25,5.75,1995-04-01,1995,4,71.23994679328723,135.79198558513932,117.29275941688203,0.4765413891185414,0.15832552168373665,0.6348669263048204,31.445350948808965,98.68601599285499,201.5242875738176,340.6310643668126,672.2867222024937
MY_0p5_5.7500_102.7500,102.75,5.75,1995-04-01,1995,4,60.27718484061105,132.33115290669562,96.737548828125,0.6507793068885803,0.2911790609359741,0.9419583678245544,28.368854522705078,83.7264404296875,170.98805236816406,303.78741455078125,586.8707885742188
MY_0p5_5.7500_103.2500,103.25,5.75,1995-04-01,1995,4,61.793800354003906,133.44534301757812,,,,,,,,,
MY_0p5_5.7500_115.2500,115.25,5.75,1995-04-01,1995,4,255.22464396158853,145.22564239501955,156.09161376953125,14.026935577392578,0.02091844752430916,14.047853469848633,37.40568161010742,112.3715591430664,219.11083984375,343.0899353027344,711.97802734375
MY_0p5_5.7500_115.7500,115.75,5.75,1995-04-01,1995,4,228.11502861537818,142.28775417585314,144.1034705752418,14.231559076763334,2.505959328405914,16.73751870564052,36.60872715541295,110.19636070614769,213.70909104120165,333.8851716541108,694.3993541899182
MY_0p5_5.7500_116.2500,116.25,5.75,1995-04-01,1995,4,179.76649896530876,135.02530895414807,138.00087658110118,13.467881331368096,2.5150891053179896,15.982970941634404,36.45641820998419,109.73345312693762,213.39640570746528,337.0677371070498,696.6540060376365
MY_0p5_5.7500_116.7500,116.75,5.75,1995-04-01,1995,4,143.63436187259734,130.71228560190352,141.50447770376053,10.435146552797347,1.3981503095891743,11.83329691205706,37.41481469775003,112.57702055431547,223.44055287194632,367.82477213541665,741.2571438259548
MY_0p5_5.7500_117.2500,117.25,5.75,1995-04-01,1995,4,117.5174979802562,135.68091113935887,153.5026423697968,8.690915590581081,2.07379663686271,10.764712276518908,38.431638783836966,115.96779492976913,233.70375157305116,395.51998699200266,783.6231577779969
MY_0p5_5.7500_117.7500,117.75,5.75,1995-04-01,1995,4,106.12515222458613,135.0461169046069,156.88411564154916,6.933174555733701,1.097527422360926,8.030702019697868,38.58168104030942,116.63876160999274,235.90022134460858,402.1847565926161,793.3054141870282
MY_0p5_5.7500_118.2500,118.25,5.75,1995-04-01,1995,4,109.45553187697146,131.9550636927287,155.70521775987413,9.081749742296006,0.6181259824170007,9.699875854916042,38.5725511847602,116.5759046427409,235.68650783962673,401.04836005316844,791.8833295355903
MY_0p5_5.7500_118.7500,118.75,5.75,1995-04-01,1995,4,103.5499774492704,128.6965953386747,155.52882385253906,10.894718170166016,0.5570704936981201,11.451788902282715,38.71830749511719,116.9262466430664,236.25558471679688,401.3319091796875,793.2320556640625
MY_0p5_6.2500_99.7500,99.75,6.25,1995-04-01,1995,4,138.0989511527267,142.37435972924325,117.50833910565044,2.347820326339367,1.2995485455978141E-4,2.347950209018796,34.450768581656526,103.62173958711847,193.2741823418196,279.61745222224744,610.9641553302145
MY_0p5_6.2500_100.2500,100.25,6.25,1995-04-01,1995,4,136.6518923044205,140.1532981991768,113.02735346580036,2.3224624750565503,0.034121191062149586,2.3565837110791885,31.694893973214285,93.35473259127869,164.03765451859454,320.8280755490672,609.915358189174
MY_0p5_6.2500_100.7500,100.75,6.25,1995-04-01,1995,4,124.33544153044122,138.68482140500575,125.29751480868424,1.3419246765637491,0.015391227357722389,1.3573159333821891,32.54695092573129,97.32195938876237,183.33116432690713,305.120845014064,618.3209386405798
MY_0p5_6.2500_101.2500,101.25,6.25,1995-04-01,1995,4,108.25451049804688,137.67462979830228,128.32606834998498,0.681883152631613,0.04047843617602037,0.7223615994820227,32.57159640972431,99.00550267146184,194.26431790865388,307.3429654634916,633.1843965970553
MY_0p5_6.2500_101.7500,101.75,6.25,1995-04-01,1995,4,71.4137842450823,139.37721252441403,113.83857487269809,0.2245809457131794,0.014723849232541398,0.23930479288101192,29.19075589861188,94.20231170654296,190.05663277762275,321.05571027483256,634.5053920200893
MY_0p5_6.2500_102.2500,102.25,6.25,1995-04-01,1995,4,57.69347294171651,140.3853510414682,107.41970825195312,0.28746628761291504,4.3819090933538973E-4,0.2879044711589813,28.983667373657227,94.99615478515625,193.73989868164062,319.7691345214844,637.4888305664062
MY_0p5_6.2500_115.7500,115.75,6.25,1995-04-01,1995,4,159.6720527302135,143.5867146578702,147.5018310546875,7.91765832901001,0.004568029195070267,7.922226428985596,34.77838897705078,105.1143798828125,200.95437622070312,310.0047302246094,650.8518676757812
MY_0p5_6.2500_116.2500,116.25,6.25,1995-04-01,1995,4,143.8192039623595,139.67359034220377,144.91852633438444,7.330461525181841,0.1148852728438535,7.445346738798502,35.06714233532876,105.92479292411636,205.54672395815408,326.0878681737421,672.6265164681993
MY_0p5_6.2500_116.7500,116.75,6.25,1995-04-01,1995,4,115.25335690937347,136.5256821889726,144.8305418953063,6.281000081319657,0.6003810332408026,6.881380906937615,35.8678587292868,108.4051541283017,215.65152180989585,357.2349186972966,717.1594401041666
MY_0p5_6.2500_117.2500,117.25,6.25,1995-04-01,1995,4,89.57752453031993,138.32434798952133,147.14377465626552,6.314889613408891,0.7292355168433416,7.04412489997016,35.43564204866924,107.56726725744822,216.4848379952567,364.89237806532117,724.380105251736
MY_0p5_6.2500_117.7500,117.75,6.25,1995-04-01,1995,4,82.90543969472249,137.692866007487,148.0105117887084,6.46953523089314,0.3226848991250086,6.792219906522518,34.90025969834356,106.3358370686135,214.48896236308136,362.44400827508224,718.16905167786
MY_0p5_6.2500_118.2500,118.25,6.25,1995-04-01,1995,4,87.22898878370012,136.53522109985352,151.99526269095287,5.8857961893081665,0.08329949388280511,5.969095511095865,35.57277338845389,108.63580785478864,219.5706547328404,372.2049484252929,735.9841918945312
MY_0p5_6.7500_100.2500,100.25,6.75,1995-04-01,1995,4,122.41682899699492,142.32416332469268,122.07576841466566,2.1542496295536266,0.035863668271892545,2.1901133095516876,33.355104754952826,100.49314162310432,183.57003806619085,302.78353253532856,620.2018387738397
MY_0p5_6.7500_100.7500,100.75,6.75,1995-04-01,1995,4,103.50957489013673,142.82483023184318,117.81103515625001,1.0556613957440413,0.026517113463746182,1.0821785308696608,31.022079891628692,93.75587972005209,177.08166560420284,301.2647399902344,603.1243783456308
MY_0p5_6.7500_116.2500,116.25,6.75,1995-04-01,1995,4,96.64389309937927,144.08568750425823,145.14004218869096,2.552779081391125,0.13265941346563945,2.685438487587906,33.495627519561026,102.91968964367378,205.66937925757435,342.2943933998667,684.379081912157
MY_0p5_6.7500_116.7500,116.75,6.75,1995-04-01,1995,4,87.00244989654897,143.27990955114362,135.1193650437909,2.5321184533386836,0.2024965300325952,2.7346149942149296,31.99454900869739,97.98266526173227,195.848868750772,326.4560738665313,652.2821580487279
MY_0p5_6.7500_117.2500,117.25,6.75,1995-04-01,1995,4,70.70809264875885,141.88853154630743,126.99009468281163,2.755786237463487,0.16829351944162765,2.924079771590444,30.39902382403348,93.25846883047998,186.86429960537802,312.56301677332516,623.0848061890729
MY_0p5_6.7500_117.7500,117.75,6.75,1995-04-01,1995,4,62.689241303337944,140.03932910495334,132.89123439788818,3.397195495665074,0.030582063307520002,3.4277775287628174,30.88052076101303,95.07508754730225,191.17511320114136,321.1092748641968,638.2399787902832
MY_0p5_7.2500_116.7500,116.75,7.25,1995-04-01,1995,4,60.62977281705601,145.44537692599826,116.30228696076766,1.5921828601671302,0.0024925764354006585,1.5946754818377287,27.590416037518047,86.9697810297427,172.8888815174932,285.560500169837,573.0095989724864
MY_0p5_7.2500_117.2500,117.25,7.25,1995-04-01,1995,4,52.959413133225986,144.88497924804688,110.20745359721937,1.644179371783608,2.037091793011457E-4,1.6443831042239538,26.39805747584293,83.39208020662005,164.94657383968953,271.2093056126644,545.9460397820723
MY_0p5_0.7500_110.2500,110.25,0.75,1995-05-01,1995,5,194.69209524301382,102.50076669546274,117.40074697641228,21.060693946251504,131.07173133263223,152.13242257925182,42.419299903282756,128.1353698730469,260.9471430851863,456.02770714393034,887.5295532226563
MY_0p5_0.7500_110.7500,110.75,0.75,1995-05-01,1995,5,211.35642329624721,105.70972093854631,126.19245692661828,20.048587581089564,108.78891241891043,128.83749444144112,42.541487339564725,128.58802969796315,262.3708465576172,461.03758108956475,894.5379342215401
MY_0p5_0.7500_111.7500,111.75,0.75,1995-05-01,1995,5,259.03751167418466,105.0902350289481,122.17136383056639,53.62971581353082,122.15753319149927,175.78724258665054,42.51969152783591,128.5045374310206,262.0743020678324,459.86576431516613,892.9642915271578
MY_0p5_1.2500_103.2500,103.25,1.25,1995-05-01,1995,5,139.77808261612088,113.43159870036598,100.84210846640848,13.521970423785124,34.28917438333685,47.811147516424015,38.46150701696223,114.33946574818006,233.93701171875,411.4469354802912,798.1849143288354
MY_0p5_1.2500_103.7500,103.75,1.25,1995-05-01,1995,5,131.53307861031837,112.54595658385638,92.3543974496786,12.366559963781857,42.14907101751532,54.5156320368202,39.75764435703315,119.19348655626612,244.01204999905187,430.17143975415274,833.1346334809238
MY_0p5_1.2500_104.2500,104.25,1.25,1995-05-01,1995,5,127.52463313511439,112.37299739292689,82.59078979492188,10.97423267364502,51.082645416259766,62.05687713623047,41.458927154541016,125.55504608154297,257.20062255859375,454.5587463378906,878.7733764648438
MY_0p5_1.2500_109.7500,109.75,1.25,1995-05-01,1995,5,190.382614319583,106.83603135074476,119.87998420071891,22.82443058059876,109.66558773546332,132.4900257156556,42.72674794943936,129.14586575060008,263.60206659156154,464.28757228621515,899.7622577713197
MY_0p5_1.2500_110.2500,110.25,1.25,1995-05-01,1995,5,193.62823798573618,104.22302994304644,118.90152769935641,21.212541941049942,123.42716002004029,144.63970116574794,42.46534222341413,128.29599022589133,261.408442670314,457.5618289667668,889.7316163994631
MY_0p5_1.2500_110.7500,110.75,1.25,1995-05-01,1995,5,210.7760282001798,106.41775030711341,127.74002438499811,20.234823184543185,97.4779792906746,117.71279880584231,42.54374004545666,128.61471489800346,262.5440300835503,461.90983634827626,895.6123157319568
MY_0p5_1.2500_111.2500,111.25,1.25,1995-05-01,1995,5,237.4141951490896,106.05107523762763,127.91771724810616,36.09239594090862,116.76560208744137,152.8579973702233,42.59908219115041,128.76018872733314,262.7171408558806,461.7430086471022,895.8194246627273
MY_0p5_1.2500_111.7500,111.75,1.25,1995-05-01,1995,5,262.546647813585,104.63876076350137,122.2697308252728,53.38084472171843,135.91869003053696,189.2995307559059,42.615538884722994,128.77465093703495,262.5399639795697,460.5384841192336,894.4686385866196
MY_0p5_1.2500_112.2500,112.25,1.25,1995-05-01,1995,5,286.71033380963473,103.35399441791668,121.60604614412723,54.54808925493114,148.4081461562723,202.9562333005334,42.640801463635434,128.8252421732481,262.5203011604735,460.034226935527,894.02057814235
MY_0p5_1.2500_112.7500,112.75,1.25,1995-05-01,1995,5,317.1986446380615,102.71001084645589,119.57852745056152,87.68347501754761,184.35290431976316,272.03639856974286,42.83502427736918,129.31811904907227,263.05025545756024,459.45255343119305,894.6559460957843
MY_0p5_1.2500_113.2500,113.25,1.25,1995-05-01,1995,5,312.391139287534,103.34218225893765,120.71109884510871,79.87390136718749,189.2796279243801,269.1535429581352,42.72240132870881,128.92078034774116,261.95094232973844,456.1700845469599,889.7642121688178
MY_0p5_1.2500_113.7500,113.75,1.25,1995-05-01,1995,5,306.82775092847413,103.33605511983235,123.1388544024843,78.28928675796047,201.54863935528377,279.8379176746715,42.69903789867054,128.8276708198316,261.63497485536516,455.0142611879291,888.175942623254
MY_0p5_1.2500_114.2500,114.25,1.25,1995-05-01,1995,5,297.4206667199599,102.37779316859964,125.82554140344132,68.232666015625,195.6145224782218,263.8471879537127,42.81607524905584,129.2067494350197,262.564637310737,457.5979311782702,892.185374572214
MY_0p5_1.2500_114.7500,114.75,1.25,1995-05-01,1995,5,275.2298751338836,100.94038514168031,120.90257337016445,53.89470709523847,156.52982207267516,210.42453298261088,42.72840376823179,128.97386563208795,262.2028572328629,457.2154885568926,891.120613344254
MY_0p5_1.7500_102.7500,102.75,1.75,1995-05-01,1995,5,155.41719948784424,115.40948132256777,116.95717573165894,14.195056349039078,30.920179367065433,45.115235447883606,40.70526897907257,122.19581484794617,249.2786340713501,437.1625261306762,849.3422412872314
MY_0p5_1.7500_103.2500,103.25,1.75,1995-05-01,1995,5,142.15711645177893,113.14482493750378,114.04868732452394,13.306224813461302,39.25213643074036,52.55836166381835,40.54608846664429,121.75287456512451,248.78414932250976,437.24954666137694,848.332649230957
MY_0p5_1.7500_103.7500,103.75,1.75,1995-05-01,1995,5,133.6541275314138,112.61103659038301,102.00437806527825,11.343471365638925,33.56565969654277,44.90913145753401,40.30490169042273,121.18967087661163,247.57193741617326,434.14316510550583,843.2096799053724
MY_0p5_1.7500_104.2500,104.25,1.75,1995-05-01,1995,5,130.3791380882263,112.80737972259521,95.48185860094173,9.079903025959814,33.27513097422992,42.355033430942264,41.14084776057753,124.47890614354333,254.20507623243705,445.1741056220476,864.9989624023436
MY_0p5_1.7500_109.7500,109.75,1.75,1995-05-01,1995,5,187.92112119807751,107.25946311063547,120.12639617919922,23.185386657714844,109.31002807617188,132.49542236328125,42.748592376708984,129.21484375,263.76763916015625,464.75274658203125,900.4838256835938
MY_0p5_1.7500_110.2500,110.25,1.75,1995-05-01,1995,5,191.3771189143149,107.17770959873394,121.27498177921073,21.841013474897903,108.40760174919576,130.24861936518215,42.552128042129276,128.60500241855888,262.32389154281213,460.6680991432883,894.1490974630266
MY_0p5_1.7500_110.7500,110.75,1.75,1995-05-01,1995,5,212.50638441606,107.52498696067116,129.95680923461913,22.681817817687985,74.29293365478516,96.97475471496581,42.55571708679199,128.69835968017577,262.9926391601562,464.01191101074215,898.2586395263671
MY_0p5_1.7500_111.2500,111.25,1.75,1995-05-01,1995,5,239.63578626844614,106.4487325032552,128.62658620435138,38.04940646859102,110.14487602766172,148.19428391567496,42.63818666325059,128.88170031170515,263.02274936409884,462.7323205282522,897.274967637173
MY_0p5_1.7500_111.7500,111.75,1.75,1995-05-01,1995,5,269.75070026252837,104.05409576319438,120.23672731616828,52.25569082815435,153.52612256400192,205.78181529950487,42.81903859633432,129.37205070785328,263.7217548225499,462.97845391382134,898.8913008291509
MY_0p5_1.7500_112.2500,112.25,1.75,1995-05-01,1995,5,299.9378378247457,102.77369513133215,118.60537668863931,60.83031359475757,170.88423263307598,231.71454923115078,42.82435940939283,129.32547646174353,263.3047155955481,460.9171606639075,896.3717306470114
MY_0p5_1.7500_112.7500,112.75,1.75,1995-05-01,1995,5,314.58322066049726,103.43767513699002,118.56710379464285,75.60140962146576,164.2264557369172,239.82787664504278,42.75060019114661,129.08353101942274,262.69086032443573,459.22158765035965,893.7465831938244
MY_0p5_1.7500_113.2500,113.25,1.75,1995-05-01,1995,5,312.80391632564476,104.78402424161396,120.38916909354073,71.62797490680028,165.2959452795604,236.92392694382437,42.68562367757161,128.85177370101684,262.038471234034,457.26125720796136,890.8371343703495
MY_0p5_1.7500_113.7500,113.75,1.75,1995-05-01,1995,5,306.760164969308,104.89342181493365,121.62119920518661,69.91647380041697,172.2310543968564,242.14751955062627,42.586255028134296,128.50919969346788,261.06388443235363,454.1593771313863,886.3187093098958
MY_0p5_1.7500_114.2500,114.25,1.75,1995-05-01,1995,5,297.33822961232016,103.81145777626641,125.25452287462022,56.73835988120426,161.19492216564356,217.93328159877228,42.63571136716813,128.68616613963292,261.58564065600194,455.8895045689174,888.7970222594245
MY_0p5_1.7500_114.7500,114.75,1.75,1995-05-01,1995,5,280.0636368983768,103.46774224790268,124.74021445160702,52.16272099153984,126.5092167434297,178.6719368257671,42.55732501726695,128.4794230485827,261.2784221431752,455.5749600267163,887.8901487360347
MY_0p5_2.2500_101.7500,101.75,2.25,1995-05-01,1995,5,194.29649322201507,113.6649748676955,125.95497794103143,25.8493784509524,38.6858419553198,64.53521624478428,41.55386063546845,125.24929478192571,255.1633538140191,446.566402859158,868.5329145951705
MY_0p5_2.2500_102.2500,102.25,2.25,1995-05-01,1995,5,179.59907590145127,114.02109615198162,121.16648952356365,16.017784168845726,19.442077684630615,35.45986188313608,41.049522290389504,123.40418035333806,250.274018721147,433.4182745098497,848.1460004742635
MY_0p5_2.2500_102.7500,102.75,2.25,1995-05-01,1995,5,163.2382021553909,114.68784146369259,120.48099459877497,13.376926108251643,19.604091473772556,32.981017275701596,41.181550762321365,123.91047180755228,252.01712552806995,439.1636266587655,856.2727703625642
MY_0p5_2.2500_103.2500,103.25,2.25,1995-05-01,1995,5,147.81475563654826,112.75082145569816,119.9497043427967,12.250319032820444,26.161451993669782,38.411770557221914,41.33942478724889,124.56348436143662,253.14757574172245,439.9313523065475,858.9818233429438
MY_0p5_2.2500_103.7500,103.75,2.25,1995-05-01,1995,5,138.47447856321173,113.73467934818592,114.54227243197167,9.354536515575344,13.254671872268288,22.609208097296243,40.36466311438609,121.47125634662176,246.0795892230535,423.1452145334017,831.0607111526747
MY_0p5_2.2500_104.2500,104.25,2.25,1995-05-01,1995,5,137.4085132629891,114.73774402897534,113.57740014446671,5.861035563729027,3.771933858059655,9.632969336076217,40.099778608842335,120.95141084529153,244.5488809632861,417.5902767969557,823.1903515019693
MY_0p5_2.2500_104.7500,104.75,2.25,1995-05-01,1995,5,138.91136169433594,115.30619812011719,,,,,,,,,
MY_0p5_2.2500_109.7500,109.75,2.25,1995-05-01,1995,5,176.01273911999118,107.75813490344632,,,,,,,,,
MY_0p5_2.2500_111.2500,111.25,2.25,1995-05-01,1995,5,241.35885393619535,106.18218484520912,118.00260252111097,47.426635798285986,119.27664431403663,166.70328207576975,42.72401495540843,129.16085770550893,263.66725203570195,464.28136399213,899.8334736543542
MY_0p5_2.2500_111.7500,111.75,2.25,1995-05-01,1995,5,266.96456327892486,105.35553445967416,117.71798209538537,48.71140797932942,122.36778210836744,171.07919321211554,42.73321334596664,129.17700544084823,263.6505224803137,464.0838000100756,899.644528343564
MY_0p5_2.2500_112.2500,112.25,2.25,1995-05-01,1995,5,291.29275561135915,104.61652357313368,117.32823733375187,55.54320372324141,135.98780067080543,191.5310076516772,42.752401394314234,129.17819121830047,263.3780596051897,462.56078336201017,897.8694380502852
MY_0p5_2.2500_112.7500,112.75,2.25,1995-05-01,1995,5,307.5401374937996,105.1254645695762,118.9299075172061,66.55924932086279,143.43787086123513,209.99711817181299,42.704868667844735,128.9859426831442,262.71649489629834,460.1837892562624,894.5911055307539
MY_0p5_2.2500_113.2500,113.25,2.25,1995-05-01,1995,5,315.0799557640439,106.59402662004744,122.42348705473403,71.62398710704986,151.4210875496032,223.04507082984566,42.64333041963124,128.7818341451978,262.170504906064,458.44877939375624,892.0444620768232
MY_0p5_2.2500_113.7500,113.75,2.25,1995-05-01,1995,5,313.31411617617067,106.02812926376923,123.22710015502157,67.50781926022302,146.67823989481866,214.1860580927209,42.51101994816261,128.31927292256418,260.8082676175275,454.01295374616797,885.6515211274353
MY_0p5_2.2500_114.2500,114.25,2.25,1995-05-01,1995,5,304.13440658327136,104.98634856693327,127.2786570715526,59.199405294751365,136.5306178743877,195.73002639043898,42.5399155631898,128.42357945517887,261.1369162907676,455.2084968687996,887.3089307028149
MY_0p5_2.2500_114.7500,114.75,2.25,1995-05-01,1995,5,284.8473089402722,104.32744288290701,129.95076190579323,61.74903351568407,126.65490319036671,188.40393885950888,42.61492289881553,128.66716547319967,261.7474895846459,456.91784372637346,889.9474249070694
MY_0p5_2.2500_115.2500,115.25,2.25,1995-05-01,1995,5,262.51666259765625,104.835205078125,135.18087768554688,45.98910903930664,76.94645690917969,122.9355697631836,42.36301040649414,127.83592987060547,259.7497253417969,452.0447998046875,881.9934692382812
MY_0p5_2.7500_101.2500,101.25,2.75,1995-05-01,1995,5,202.37890625,112.43375396728516,122.12626647949219,29.0494384765625,63.7328987121582,92.78234100341797,42.14636993408203,127.50393676757812,260.6636047363281,459.5542297363281,889.8681030273438
MY_0p5_2.7500_101.7500,101.75,2.75,1995-05-01,1995,5,194.08027967087767,111.30016598788174,112.02791481711647,23.95147839979692,61.97846079046076,85.92993764010342,41.772547760009765,126.17968553022902,257.0229438920454,449.50267078746447,874.47783314098
MY_0p5_2.7500_102.2500,102.25,2.75,1995-05-01,1995,5,182.89561700517206,111.14673167429152,125.28744137514927,14.943695478378588,14.243529225610624,29.187224193743077,41.28032813102576,124.25139102814305,250.74003022795267,429.2452620002115,845.5170035392615
MY_0p5_2.7500_102.7500,102.75,2.75,1995-05-01,1995,5,168.45905743369573,113.23500763615475,124.87618463250656,13.179425182221813,4.98978514158273,18.169210108020636,41.310670249069794,124.42877025845684,251.57711806478375,432.58211121378065,849.8986777776403
MY_0p5_2.7500_103.2500,103.25,2.75,1995-05-01,1995,5,150.9068548603422,114.0148121779132,116.41506955578068,10.235435871561622,5.657316524986249,15.892752298124275,39.832770450859314,119.25246949408464,240.12398922671179,408.5700037281984,807.7792298140799
MY_0p5_2.7500_103.7500,103.75,2.75,1995-05-01,1995,5,141.07537616232165,115.88386180711831,108.33488946026921,7.927000621496807,3.4147349035684966,11.34173562889275,38.292768610237935,114.03590245400706,228.8318813341554,385.3851772607197,766.5457187072473
MY_0p5_2.7500_104.2500,104.25,2.75,1995-05-01,1995,5,139.98730513628792,115.87988931992474,112.49862670898438,5.411560535430908,0.367351233959198,5.778911590576172,39.480567932128906,118.8507080078125,238.87835693359375,402.7229919433594,799.9326171875
MY_0p5_2.7500_111.2500,111.25,2.75,1995-05-01,1995,5,242.8059725005051,106.82810705776873,121.53791876400219,42.984385546515966,84.64832709817324,127.6327164593865,42.5379737405216,128.6240395938649,262.6452852136949,462.4303965849034,896.237678079044
MY_0p5_2.7500_111.7500,111.75,2.75,1995-05-01,1995,5,259.7970138299661,106.93663328202044,120.7939895432571,44.00556868520276,94.45888759349954,138.46445909039727,42.580456733703606,128.74584493965938,262.8868423988079,462.9083611060833,897.1215049480568
MY_0p5_2.7500_112.2500,112.25,2.75,1995-05-01,1995,5,274.55038857761815,107.33929148806801,122.05968671162923,50.728331057230626,102.80897364298502,153.53730428059893,42.63235738118489,128.87505803426106,263.0569073486328,463.05383015950514,897.6181616210937
MY_0p5_2.7500_112.7500,112.75,2.75,1995-05-01,1995,5,292.1985881177685,108.23728699020192,124.26123102405401,68.07419108137299,121.31814408604102,189.3923337429385,42.6872655892674,128.99772156341166,263.0741321225709,462.21449695056,896.9736218029939
MY_0p5_2.7500_113.2500,113.25,2.75,1995-05-01,1995,5,309.88854486374623,109.36326075962612,127.31036379375153,79.06374567425439,142.84572245279946,221.90946335565476,42.68251126001751,128.95597485739088,262.8024731832837,460.769141109406,895.210112265935
MY_0p5_2.7500_113.7500,113.75,2.75,1995-05-01,1995,5,322.1751476700898,108.63241300157681,128.92497008013876,85.35055043894774,160.20899598917384,245.5595443628396,42.69104870109801,128.90926749842941,262.2810744753309,458.01309009722087,891.8945067581857
MY_0p5_2.7500_114.2500,114.25,2.75,1995-05-01,1995,5,330.15884882287133,106.51685784738275,130.488747995111,85.39833242681962,166.8183702396441,252.21671285508555,42.76752445365808,129.11052703857422,262.55817925175535,458.1288084199157,892.565069850487
MY_0p5_2.7500_114.7500,114.75,2.75,1995-05-01,1995,5,315.7017004899918,107.67013110021117,135.85990118524833,93.21610807916919,162.34776306152344,255.56387462737453,42.90080551584814,129.51986541262096,263.52999440575854,460.9632628617013,896.9139184648063
MY_0p5_2.7500_115.2500,115.25,2.75,1995-05-01,1995,5,285.62070691907724,106.54870193069044,135.63801341013865,50.62987776060361,90.1802831426397,140.810159494211,42.386664863105295,127.87528696146096,259.6134646304019,450.8348366677224,880.7102452183628
MY_0p5_3.2500_101.2500,101.25,3.25,1995-05-01,1995,5,200.912350124783,113.21220602785102,130.49963628271675,21.882658858243595,68.84574189538621,90.72839931384135,42.089337745993056,127.33396991774264,260.23364067819796,457.8710077783013,887.527923227748
MY_0p5_3.2500_101.7500,101.75,3.25,1995-05-01,1995,5,189.5082229326356,108.27488234696116,115.43957869414311,22.188899383423436,66.05628905630417,88.24518718233536,41.56620592979869,125.45188602520405,254.79850156747617,441.84413846738784,863.6607494961686
MY_0p5_3.2500_102.2500,102.25,3.25,1995-05-01,1995,5,183.6434068952288,110.3969752478221,128.32709026033916,9.940335703653004,6.912625072115945,16.85296089232914,40.65304642934648,122.24446040562222,245.94667348710314,417.7847462487599,826.6288967556424
MY_0p5_3.2500_102.7500,102.75,3.25,1995-05-01,1995,5,171.61587543728984,112.81304035911077,125.9783006016212,10.123092756995671,1.8744481379472755,11.997541122798678,40.29344393331794,121.0034674873835,242.57239778735965,409.33945822413955,813.2087738423407
MY_0p5_3.2500_103.2500,103.25,3.25,1995-05-01,1995,5,152.3441248592414,115.22861659643317,110.56099000116902,7.40503355889833,0.9919799648055424,8.397013532222289,38.005441348793454,112.98161296036811,225.88501339393642,377.8418558226346,754.7139339881921
MY_0p5_3.2500_112.2500,112.25,3.25,1995-05-01,1995,5,266.3062649197049,108.67788611518013,124.24034830729168,46.00785658094618,82.76174723307292,128.7696038140191,42.52540393405491,128.57640686035157,262.5599555121528,462.4476155598959,896.1094089084202
MY_0p5_3.2500_112.7500,112.75,3.25,1995-05-01,1995,5,282.4244237099924,110.92393395208542,129.50094548209768,63.88173656776303,97.09763692636959,160.97937349413263,42.61383444363954,128.82338464455526,262.947259621542,462.80995778568456,897.1944424988794
MY_0p5_3.2500_113.2500,113.25,3.25,1995-05-01,1995,5,302.01917949475745,113.33918377869111,135.09890024589768,78.65987800829338,109.7050774892171,188.36495792504513,42.667188297618516,128.97951247475362,263.203930941495,463.0125801780007,897.8632054184422
MY_0p5_3.2500_113.7500,113.75,3.25,1995-05-01,1995,5,333.0033992706783,112.95988960871618,135.14490090022008,102.09049210321335,157.97609141516307,260.0665883382161,42.85508371988932,129.46405334472655,263.78521176292776,462.7183457147507,898.8226977151538
MY_0p5_3.2500_114.2500,114.25,3.25,1995-05-01,1995,5,373.2409893448945,111.59588380072528,134.12467324809663,122.46505338826756,187.74241570150775,310.2074826963388,42.96854624171166,129.7180706923175,263.86647092005245,461.2023618661674,897.7554715879403
MY_0p5_3.2500_114.7500,114.75,3.25,1995-05-01,1995,5,367.76957897016206,113.2274002998498,140.08336585949942,133.80650302862665,173.07259388334435,306.8791077243295,42.98419454295165,129.76415189512218,264.022409135369,462.0304670394606,898.8012125780629
MY_0p5_3.2500_115.2500,115.25,3.25,1995-05-01,1995,5,318.16825654235066,110.3190621967557,136.3689054175268,68.09142978281913,115.9967060813421,184.08813418617729,42.588276863098145,128.46765892415104,260.720951032035,452.7023698830906,884.4792327880859
MY_0p5_3.2500_115.7500,115.75,3.25,1995-05-01,1995,5,296.0273986130618,108.73647899841995,132.80997458468664,65.98356148366179,88.56447961357202,154.54803449652167,42.408706193559624,127.8632605906283,259.22605878851385,449.17496344748514,878.6729948922489
MY_0p5_3.7500_100.7500,100.75,3.75,1995-05-01,1995,5,237.63674926757812,116.39102172851562,131.06979370117188,28.67667579650879,82.71583557128906,111.39250946044922,42.25093460083008,127.82233428955078,261.1916809082031,459.44378662109375,890.708740234375
MY_0p5_3.7500_101.2500,101.25,3.75,1995-05-01,1995,5,223.23869686383304,112.87196809342764,136.16651635031099,39.07034785076252,90.49018395680054,129.56052260414296,42.332153382038996,127.9393933490642,260.8595688705691,457.07105065009364,888.2021587087885
MY_0p5_3.7500_101.7500,101.75,3.75,1995-05-01,1995,5,210.59927312065577,106.42353478206952,126.99130232015236,26.48235654830933,46.43899954807987,72.92135565447961,41.31575341437273,124.28884032425609,250.26678029443053,426.14301217437554,842.0143951610396
MY_0p5_3.7500_102.2500,102.25,3.75,1995-05-01,1995,5,198.4884541345021,107.48033839634486,126.6869435870458,13.142447871253603,5.170106270010509,18.312554538060745,40.12410013108026,120.23774697440011,239.59001377650665,399.05995425269714,799.0118313259547
MY_0p5_3.7500_102.7500,102.75,3.75,1995-05-01,1995,5,178.63556964208206,111.92343074253627,123.18264118981739,8.385827341533842,1.1008782734946598,9.486705649845183,39.68103380960131,118.75168948703342,235.78354128882995,390.04447777157736,784.2607262989831
MY_0p5_3.7500_103.2500,103.25,3.75,1995-05-01,1995,5,154.62287817723248,114.48592288560602,112.34662337957644,7.2564503613640285,0.7782791079259387,8.034729488223206,38.84303389904546,115.95156109379786,229.873377123066,378.9643853879442,763.6323469573376
MY_0p5_3.7500_113.2500,113.25,3.75,1995-05-01,1995,5,299.38799142837524,116.78024089336395,138.20967702396584,83.71749002425398,94.41377183257556,178.1312641081263,42.638119306720675,128.91721631659837,263.2157702836834,463.60090512134997,898.3720042744621
MY_0p5_3.7500_113.7500,113.75,3.75,1995-05-01,1995,5,338.42698150532016,118.09638499910868,135.28846617269673,91.18859221325722,113.90920455093138,205.09779357910156,42.76797543374467,129.28260694584029,263.8596764228105,464.6734286311375,900.5836839398133
MY_0p5_3.7500_114.2500,114.25,3.75,1995-05-01,1995,5,386.67050632096556,117.74167880103703,135.44763643779453,123.65497586689297,137.75920860653832,261.41419629293773,42.89696937439933,129.63080434647816,264.3838727678571,465.09140411861364,902.0030504014757
MY_0p5_3.7500_114.7500,114.75,3.75,1995-05-01,1995,5,383.0951194157676,117.76454976399741,141.52175811283172,166.8583223857577,177.1835675436353,344.04189336867563,43.04964437333364,130.02243381076386,264.8599359421503,464.9293911404079,902.8614005921379
MY_0p5_3.7500_115.2500,115.25,3.75,1995-05-01,1995,5,336.86497395833334,112.01116882808624,135.87768690321178,61.96138797336154,134.87138267395986,196.8327650766524,42.74223899235801,128.93141307528057,261.73037806919643,455.14664674789185,888.5506909567212
MY_0p5_3.7500_115.7500,115.75,3.75,1995-05-01,1995,5,308.71719118845544,108.69455307336162,133.6401327668334,56.27229188329024,91.7747806576516,148.04707007099398,42.356805787669664,127.69686939047394,258.82132616660573,448.0025593050949,876.8775489862016
MY_0p5_4.2500_100.7500,100.75,4.25,1995-05-01,1995,5,253.58354530334475,117.38102133443037,131.59501236896128,58.54008874698561,123.63146816954321,182.17155325753353,42.69090794154576,129.071632229552,263.5095287089445,463.9592611507494,899.2313302176341
MY_0p5_4.2500_101.2500,101.25,4.25,1995-05-01,1995,5,265.08098673266034,110.28426045217331,128.89345652586337,73.97591578125194,134.4491109179843,208.42502552688507,42.69699380959675,128.86798375123627,261.93095728394337,456.533534153252,890.029468706459
MY_0p5_4.2500_101.7500,101.75,4.25,1995-05-01,1995,5,256.3232034899526,107.80212945907643,131.641803119891,29.04880647994459,27.045719778956702,56.0945262482372,41.381172752989755,124.38849600892479,250.08612947799145,425.06159188267526,840.9173968135359
MY_0p5_4.2500_102.2500,102.25,4.25,1995-05-01,1995,5,225.14980962101265,110.38949701961239,127.0358219085791,17.042953457695226,6.791511476992038,23.83446547779413,40.85928188726164,122.62415786596915,245.50808013818516,413.35495482618444,822.3465071120582
MY_0p5_4.2500_102.7500,102.75,4.25,1995-05-01,1995,5,188.74086387294113,110.17557391998875,117.97185268523586,13.695447774449732,9.103218241671849,22.798666647285415,40.69261733134082,121.96167402814152,243.1990227668908,405.88878111626695,811.7420951697478
MY_0p5_4.2500_103.2500,103.25,4.25,1995-05-01,1995,5,149.82099456184,114.66707829066686,110.22328058435527,7.566322622398883,2.700748756320219,10.267071298605888,39.314517855228864,117.62595574781041,232.75911502638763,382.4801947297951,772.1797640597779
MY_0p5_4.2500_113.7500,113.75,4.25,1995-05-01,1995,5,354.4142739432199,122.91315130753954,133.81131312532247,86.34520750225715,76.59659281316793,162.94179318985852,42.56888519143159,128.7410171796691,263.02161479446124,463.769698808778,898.1012469597583
MY_0p5_4.2500_114.2500,114.25,4.25,1995-05-01,1995,5,372.86812767124576,123.29777815535263,134.60024535425842,119.55699307946165,99.4036025117263,218.9606005105273,42.70576257595225,129.148103102754,263.8019026237106,465.18923101830205,900.844998981962
MY_0p5_4.2500_114.7500,114.75,4.25,1995-05-01,1995,5,367.9109743245443,122.05103088378908,141.7849920654297,165.75278788248698,173.04925384521488,338.8020424397787,43.03871810913086,130.04116933186847,265.1169055175782,466.1591170247396,904.3559151204429
MY_0p5_4.2500_115.2500,115.25,4.25,1995-05-01,1995,5,339.2619887457954,117.71335069338481,139.5906916724311,66.31426963541243,143.08283315764535,209.39709583918253,42.715782284736626,128.93035695287918,262.0080562167698,456.24714067247174,889.9013351864286
MY_0p5_4.2500_115.7500,115.75,4.25,1995-05-01,1995,5,319.9370482363944,113.16480780132747,136.74490982314288,46.318269930047514,105.35320460432669,151.67147103002517,42.44578033705889,128.02083272125762,259.7538843187236,450.59996627549,880.8204229839779
MY_0p5_4.2500_116.2500,116.25,4.25,1995-05-01,1995,5,306.42761621242613,122.15047622308501,142.994101454572,49.1632905820521,90.90780132572826,140.0710937686083,42.32214036801966,127.67543922982563,259.15533689173265,449.6705692570385,878.8234803734757
MY_0p5_4.2500_116.7500,116.75,4.25,1995-05-01,1995,5,292.3614253226043,127.4461254494728,142.7988356220929,53.35369443066547,69.11471484851286,122.46841285132258,42.22983784758287,127.43693718882655,258.8802781297981,450.04492663785896,878.5919895061869
MY_0p5_4.2500_117.2500,117.25,4.25,1995-05-01,1995,5,274.66871291979226,131.54324077504927,142.23281948123358,39.3717078571826,30.434333978501044,69.80604183568363,41.395115067473554,124.71336212833371,252.0358433006084,432.9135677371405,851.0579096701293
MY_0p5_4.2500_117.7500,117.75,4.25,1995-05-01,1995,5,243.70076849521735,131.2791993230836,127.24920452150523,15.970347938374577,6.224680317518039,22.195028333582435,37.62748873131906,111.91504799606453,221.77698634221005,361.27485252445587,732.5943906083066
MY_0p5_4.2500_118.2500,118.25,4.25,1995-05-01,1995,5,191.31614756444742,129.47153066891678,107.91439644394409,5.314358231368339,0.02060593317031481,5.334964260174211,33.169616237567496,96.73572311887315,189.35518262340767,294.41163586659036,613.6721634591462
MY_0p5_4.2500_118.7500,118.75,4.25,1995-05-01,1995,5,157.95917115388093,128.54954641836662,99.84069061279297,4.556283473968506,0.0017141890712082386,4.557997703552246,31.288856506347656,90.32887268066406,177.34506225585938,274.9419860839844,573.90478515625
MY_0p5_4.7500_100.2500,100.25,4.75,1995-05-01,1995,5,229.60866461859808,121.60905287000868,,,,,,,,,
MY_0p5_4.7500_100.7500,100.75,4.75,1995-05-01,1995,5,252.76804048721104,117.32737578788812,126.04288442348076,43.32692876676233,103.4173551730024,146.74428102446765,42.534653438785206,128.49091981096964,261.71800504855025,458.1269191338764,890.8704893530869
MY_0p5_4.7500_101.2500,101.25,4.75,1995-05-01,1995,5,278.48468038268015,108.92278180803571,118.55046648297994,79.30612428453233,130.49744843982512,209.80357830713666,42.659282672216015,128.66656079973492,261.03599446614584,452.987692406064,885.3495268322172
MY_0p5_4.7500_101.7500,101.75,4.75,1995-05-01,1995,5,271.1688921497127,109.32867557586187,124.17287864079553,41.89548775809153,49.21268585750036,91.10817077878922,42.071184709337025,126.71168292817617,256.07912597656247,440.5243037148128,865.3863267686633
MY_0p5_4.7500_102.2500,102.25,4.75,1995-05-01,1995,5,228.71439397902716,111.58421441941033,115.46725463867188,29.61146018618629,31.96783519018265,61.579295494442896,41.677174450102314,125.31724221365792,252.10785856701082,428.93843412853425,848.0407034737725
MY_0p5_4.7500_102.7500,102.75,4.75,1995-05-01,1995,5,184.55822029842687,111.69373766176258,109.28287710201965,20.423062840844413,21.122575750776154,41.54563979130641,41.158365383269675,123.63000012051526,247.80468390397962,418.1429893347867,830.7360460803764
MY_0p5_4.7500_103.2500,103.25,4.75,1995-05-01,1995,5,143.83434921192335,116.25651678398476,99.9679013917367,12.773462288494041,8.289345069949917,21.062807463191977,38.32562665481849,113.98028260403454,226.36238069991788,374.1126158316638,752.7809094643683
MY_0p5_4.7500_103.7500,103.75,4.75,1995-05-01,1995,5,116.07630197625411,119.11248779296875,87.29000973391842,4.426004360248516,0.06368014390592451,4.489684587949282,33.43641523881392,96.81092794839437,189.96915148450182,306.3976369089894,626.6141309862013
MY_0p5_4.7500_113.7500,113.75,4.75,1995-05-01,1995,5,331.34417724609375,126.14219665527344,,,,,,,,,
MY_0p5_4.7500_114.2500,114.25,4.75,1995-05-01,1995,5,331.34417724609375,127.29230553763252,136.9558563232422,85.77650451660156,79.34844207763672,165.12493896484375,42.56977462768555,128.8028106689453,263.37005615234375,465.0310363769531,899.773681640625
MY_0p5_4.7500_114.7500,114.75,4.75,1995-05-01,1995,5,327.656244093372,129.3505355670888,145.11245382985763,106.34324695217995,117.599360148112,223.94260595178093,42.78569814210297,129.36228975685697,264.1130157798849,465.3438697732906,901.6048754620298
MY_0p5_4.7500_115.2500,115.25,4.75,1995-05-01,1995,5,316.3555939992268,127.98625059922536,151.73911754290262,68.07674771547316,134.43896212180456,202.5157090425491,42.65114784240722,128.7438131570816,261.6494444211324,455.6646397908528,888.7090571721394
MY_0p5_4.7500_115.7500,115.75,4.75,1995-05-01,1995,5,311.02525857592394,122.87487017919146,145.54825114901104,40.20512648082914,90.64037262447296,130.84549831814235,42.312098245772106,127.59355253189331,258.7222919766865,448.1228722950769,876.7508165147569
MY_0p5_4.7500_116.2500,116.25,4.75,1995-05-01,1995,5,301.8017398894778,123.6069708930121,148.81435658288376,42.4936412629627,81.03038688538564,123.52402605329239,42.25953375195699,127.42355591304715,258.38320816282237,447.6635358537945,875.7298351469493
MY_0p5_4.7500_116.7500,116.75,4.75,1995-05-01,1995,5,292.6718050799792,125.5855815984026,145.02076532870907,40.85793666598163,61.3715677019916,102.22950442833236,41.94527173344093,126.40029421939126,255.85808606690998,441.3054011863998,865.5090685494338
MY_0p5_4.7500_117.2500,117.25,4.75,1995-05-01,1995,5,283.66857367621526,127.7839839390346,139.70329895019532,27.36542745923239,26.298911890907892,53.664339144267736,40.90911644829644,122.89037163144066,246.47898990691655,416.2174697149368,826.495959860181
MY_0p5_4.7500_117.7500,117.75,4.75,1995-05-01,1995,5,243.73643532282185,129.1864836487589,135.71598531022858,15.070421300356902,3.744816137831423,18.81523744064041,39.40177880057806,117.9405435489703,233.77419662475586,383.372669268258,774.4891726336901
MY_0p5_4.7500_118.2500,118.25,4.75,1995-05-01,1995,5,186.46925975090298,129.71600909209133,134.78227126538454,12.184382620768332,1.0712698145427897,13.255652839814003,38.37270485576074,114.81625577073602,226.6058945392245,366.41045973888004,746.2053075435774
MY_0p5_4.7500_118.7500,118.75,4.75,1995-05-01,1995,5,144.757779954355,129.23143758653086,134.15533891508852,9.586651270902609,0.35893917786358276,9.945590954792651,37.16083908081054,111.27395494678352,218.28785106803798,346.1347629209108,712.8573986970925
MY_0p5_5.2500_100.2500,100.25,5.25,1995-05-01,1995,5,217.71839393218818,122.92359500951162,62.564395904541016,7.822844505310059,0.7896249890327454,8.612469673156738,27.689617156982422,74.60651397705078,150.38133239746094,256.2275390625,508.905029296875
MY_0p5_5.2500_100.7500,100.75,5.25,1995-05-01,1995,5,232.5882010865056,118.93486998352824,118.88917721276995,27.64110436932794,56.66008863298372,84.30119576947443,40.68632187240426,121.74913191521304,243.9460170351226,411.5877790779904,817.9692382812501
MY_0p5_5.2500_101.2500,101.25,5.25,1995-05-01,1995,5,258.39680064367866,112.7558358328683,115.45656442793587,47.86163167802114,71.31867663936009,119.18030859326558,41.63290118262881,125.0227041577536,250.29297717866442,421.15958842928444,838.1081800672745
MY_0p5_5.2500_101.7500,101.75,5.25,1995-05-01,1995,5,249.6969731810746,111.80299224367567,113.69979365160513,25.00727948717251,11.806711457859562,36.813991491961644,40.29751088816649,120.55138163961422,238.5931236607254,393.0514694505437,792.493467877625
MY_0p5_5.2500_102.2500,102.25,5.25,1995-05-01,1995,5,206.83943749688993,118.4205353609316,106.44054964393568,19.91201517384523,6.301657222258816,26.213671113275417,39.527792936677386,118.15322800654515,233.6268559838556,386.218982963805,777.5268436116017
MY_0p5_5.2500_102.7500,102.75,5.25,1995-05-01,1995,5,165.5629709846422,117.89548645505478,100.4842470330707,15.940521783343813,5.623630640668384,21.564152336120603,38.66652739573333,114.89355365300581,226.59273950609108,377.5444558353748,757.6972763837393
MY_0p5_5.2500_103.2500,103.25,5.25,1995-05-01,1995,5,139.05091383192274,121.28815004056092,105.93165365442053,17.67428881162173,4.985801907425577,22.66009166023948,39.719489828332684,119.03136359871208,236.58758693546446,392.04358227221996,787.3820111163251
MY_0p5_5.2500_115.2500,115.25,5.25,1995-05-01,1995,5,283.0450102283109,133.9031231787897,154.22807612184621,41.487734575740625,64.07199334585276,105.55972544873347,41.61564361071977,125.2968128391954,252.74318232301806,432.74091176517675,852.3965424084273
MY_0p5_5.2500_115.7500,115.75,5.25,1995-05-01,1995,5,283.50437636359476,132.31375744976575,149.19297278452729,28.29107372477903,42.60393975952924,70.89501355704614,41.27409702882928,124.09214780128607,249.3566257282839,423.03861559851697,837.761482057733
MY_0p5_5.2500_116.2500,116.25,5.25,1995-05-01,1995,5,282.21096241625054,128.3347735344609,144.9862591224381,30.19252488582949,36.048646803143654,66.24117289917379,41.245299954957595,123.9184917739675,248.60967611964747,420.41329473181617,834.1867623630958
MY_0p5_5.2500_116.7500,116.75,5.25,1995-05-01,1995,5,278.9322017235092,128.26284331309643,146.57531834855862,38.65254815620712,44.40999062151848,83.06253926965255,41.44803834263282,124.54516261136985,250.1155453452581,424.19561168815517,840.3043531586852
MY_0p5_5.2500_117.2500,117.25,5.25,1995-05-01,1995,5,273.647847202846,130.43013838510663,146.63574703156002,30.07192055838448,26.2214772894269,56.29339646536205,40.945818292526965,122.96838216630239,246.5087176126147,416.1052098834325,826.5281273251487
MY_0p5_5.2500_117.7500,117.75,5.25,1995-05-01,1995,5,237.25803629557288,130.45413072374132,143.86378682454426,18.866663348485552,7.488322918755667,26.35498648446704,40.13449482993474,120.45670691596136,240.72686956496463,402.63562873961433,803.9537058996776
MY_0p5_5.2500_118.2500,118.25,5.25,1995-05-01,1995,5,175.69346484509146,129.87449840375572,144.68812177135683,14.619368710335651,3.6150716808357624,18.23444130542172,39.76173767770172,119.45990925685616,239.06315117125297,400.63040442983055,798.9152058400925
MY_0p5_5.2500_118.7500,118.75,5.25,1995-05-01,1995,5,127.23854866027833,128.50923142206102,138.66377215915256,9.317230340507294,1.1861396666305761,10.503370665841633,37.53408490286933,112.65884166293675,222.01876661512588,356.3763088650174,728.5879804823134
MY_0p5_5.2500_119.2500,119.25,5.25,1995-05-01,1995,5,94.04077284303429,127.56524454752604,135.23324584960938,7.028534889221191,0.061730433255434036,7.09026575088501,36.43147659301758,109.27197265625,213.4434051513672,333.8803405761719,693.0271606445312
MY_0p5_5.7500_100.2500,100.25,5.75,1995-05-01,1995,5,199.76991615639076,125.61980637558943,88.89188510999767,4.79858283165398,0.251748838162887,5.050331835353047,31.182641055605828,87.83597662689489,161.88179996035515,315.0793263846581,595.9797251290138
MY_0p5_5.7500_100.7500,100.75,5.75,1995-05-01,1995,5,212.38892696320062,123.5184761168465,108.60461349487304,10.356863675117491,0.44713537132988374,10.803998888333638,37.23255677541098,109.1925887298584,208.48693150838216,325.05815867106116,679.9702274576823
MY_0p5_5.7500_101.2500,101.25,5.75,1995-05-01,1995,5,237.75234090249373,119.78438258734278,111.57338981928787,15.63761166324766,0.9191816287247216,16.556792950066995,39.09362686337449,115.9174360740842,223.02622595359023,341.4807990367019,719.5181209534175
MY_0p5_5.7500_101.7500,101.75,5.75,1995-05-01,1995,5,227.89061768849695,119.08487386703491,105.696399529775,13.053490897019703,0.21211851817873445,13.265609351793929,37.2137965520223,110.14668391545615,210.69726854960126,329.7817869822185,687.8395561218263
MY_0p5_5.7500_102.2500,102.25,5.75,1995-05-01,1995,5,179.50404455722907,126.54943605569692,92.85125994441485,6.571657648792973,0.050651033081313517,6.622308698968855,34.6940000450571,102.85856931538693,197.58939780289876,317.1008364487979,652.2427867542614
MY_0p5_5.7500_102.7500,102.75,5.75,1995-05-01,1995,5,151.54636875697545,123.58324280525873,76.52854919433594,5.547496795654297,0.13490408658981323,5.682400703430176,30.875864028930664,87.24214172363281,165.53024291992188,293.1803894042969,576.82861328125
MY_0p5_5.7500_103.2500,103.25,5.75,1995-05-01,1995,5,131.66488647460938,124.58990478515625,,,,,,,,,
MY_0p5_5.7500_115.2500,115.25,5.75,1995-05-01,1995,5,261.53611450195314,136.71819763183592,143.07273864746094,10.897828102111816,0.18680743873119354,11.084635734558105,38.865478515625,116.12285614013672,228.32765197753906,367.39630126953125,750.7122802734375
MY_0p5_5.7500_115.7500,115.75,5.75,1995-05-01,1995,5,258.3341761864036,134.4177968779956,133.77444835844494,11.717344538370769,4.64132648341003,16.35867137908936,38.58777658371698,115.2079616728283,225.1483630952381,355.25497669038316,734.1990676153273
MY_0p5_5.7500_116.2500,116.25,5.75,1995-05-01,1995,5,252.40198277064732,128.71739472888765,129.46529928540429,13.496973037719727,7.2134251132489196,20.71039868612138,38.76948766556997,115.72098517039466,226.0943366156684,356.3352472214471,736.9200489831348
MY_0p5_5.7500_116.7500,116.75,5.75,1995-05-01,1995,5,249.49856344556054,125.82486153254433,133.8973665267702,17.645907011486234,8.183252101095894,25.829159615531804,39.500414821079794,118.02731395903088,232.56952073838977,376.3432580372643,766.4405106801836
MY_0p5_5.7500_117.2500,117.25,5.75,1995-05-01,1995,5,243.87228879718,131.44373805289766,142.10949904384674,13.73578928246483,3.7747801371764873,17.510569453615492,38.954367941486346,116.67217230571181,231.1304347763302,379.1983258460974,765.9553080176705
MY_0p5_5.7500_117.7500,117.75,5.75,1995-05-01,1995,5,218.20976722353984,132.6569825187562,141.14872193816527,7.586365144524799,0.2101835883003753,7.7965486289670825,37.80788088804924,113.4662701395534,224.79064045336426,368.85313446249745,744.9179310638634
MY_0p5_5.7500_118.2500,118.25,5.75,1995-05-01,1995,5,174.75057725503413,131.19072488149007,137.15598334418402,4.553378223843045,0.05799263381295735,4.61137077331543,37.21750205145941,111.8472083536784,222.30964545355903,366.80803887261294,738.1824083116319
MY_0p5_5.7500_118.7500,118.75,5.75,1995-05-01,1995,5,128.9553069334764,129.59170077397272,135.8809051513672,3.4866750240325928,0.04632193222641945,3.532996892929077,37.1745719909668,111.76332092285156,222.7727508544922,369.0531311035156,740.7637939453125
MY_0p5_6.2500_99.7500,99.75,6.25,1995-05-01,1995,5,180.84801976821,130.81434840782015,110.88560237440953,4.622744371724683,0.00846068488791325,4.631205009859662,36.9836056731468,110.0166666784952,208.04921456270438,295.71790757290154,650.7674063749091
MY_0p5_6.2500_100.2500,100.25,6.25,1995-05-01,1995,5,182.38869178295135,129.81424969434738,105.97826743612482,3.375556904929024,0.0306655745368869,3.4062225117975347,34.33628172582509,99.77678138577207,180.40041883818952,323.82449041872604,638.337936712771
MY_0p5_6.2500_100.7500,100.75,6.25,1995-05-01,1995,5,192.38415421298114,129.31538909558623,106.9647047418425,6.155878554900182,0.05458461701812432,6.210463104100762,35.96808609539018,104.83418683379774,194.07302644354039,307.8268194603644,642.7021185090643
MY_0p5_6.2500_101.2500,101.25,6.25,1995-05-01,1995,5,202.55780545748198,128.4961695744441,105.16292090782753,9.282026100158692,0.23612732107822712,9.51815323462853,36.54360621525691,106.8274151141827,200.49696068396938,303.56931668795073,647.4373197115385
MY_0p5_6.2500_101.7500,101.75,6.25,1995-05-01,1995,5,187.22713753836493,130.86501334054128,92.9761034284319,7.263559743336268,0.04695172726735888,7.310511180332728,33.647891889299665,98.81972329275948,185.35590035574776,298.3241245814732,616.147642299107
MY_0p5_6.2500_102.2500,102.25,6.25,1995-05-01,1995,5,159.64092763264972,132.4374945105576,89.94975280761719,3.767382860183716,3.0291059374576434E-5,3.7674131393432617,33.10192108154297,98.23670959472656,186.4994354248047,292.07684326171875,609.9149169921875
MY_0p5_6.2500_115.7500,115.75,6.25,1995-05-01,1995,5,227.0838369889693,135.38154393976384,135.0371856689453,8.623516082763672,0.04634260758757591,8.6698579788208,37.14133834838867,110.76107025146484,212.55770874023438,315.5317077636719,675.9918212890625
MY_0p5_6.2500_116.2500,116.25,6.25,1995-05-01,1995,5,216.89590521026074,132.08545808624802,131.91216409153876,7.548106190391574,0.3749532870669328,7.923059187271522,37.00536316186845,110.37647092709983,212.48014858430702,322.09130603941526,681.9532919728283
MY_0p5_6.2500_116.7500,116.75,6.25,1995-05-01,1995,5,200.50168350461928,129.4603515140594,132.06155783032614,6.611748948929803,0.5698452200385786,7.181594430075752,36.95664334978376,110.36085878402467,213.98784363761777,336.15115133618554,697.4565133231027
MY_0p5_6.2500_117.2500,117.25,6.25,1995-05-01,1995,5,189.73113514733694,132.56134338378905,135.1190127902561,5.928961700863308,0.17216796433287007,6.101129864889478,35.84586570376441,106.9650341457791,207.02985176207528,330.241932218037,680.0826882983012
MY_0p5_6.2500_117.7500,117.75,6.25,1995-05-01,1995,5,185.27025326093042,133.8721129894257,134.7105730737162,4.4877705880773,0.021750739991068514,4.509521317063717,34.867311600356075,104.17819468180338,200.84798426934853,320.76637776692706,660.6598617821409
MY_0p5_6.2500_118.2500,118.25,6.25,1995-05-01,1995,5,183.66599600655692,133.61570739746094,136.78848920549666,3.425695436341422,0.0029798661053064275,3.428675132138388,35.02581146785191,105.27566882542202,203.706296648298,326.02699388776506,670.0347726004464
MY_0p5_6.7500_100.2500,100.25,6.75,1995-05-01,1995,5,175.30595723320457,131.55797576904297,112.5979980580947,3.4389484139049755,0.034458298308891244,3.473406618132311,36.20344268574434,106.78634654774385,195.54740759905647,308.9139244977166,647.4510892980239
MY_0p5_6.7500_100.7500,100.75,6.75,1995-05-01,1995,5,177.41218736436633,133.31771172417535,103.10512712266713,3.023029168446859,0.02569465021844264,3.048723891929344,34.369186118797025,98.88129707618998,179.69436645507812,294.8111300998264,607.7559656213832
MY_0p5_6.7500_116.2500,116.25,6.75,1995-05-01,1995,5,163.25040304249728,135.1382495968841,126.11319714057737,2.9284636625429483,0.008015546044789074,2.936479178870597,33.7724267913074,101.33442874071075,191.31328824671303,302.4970450052401,628.9172050662158
MY_0p5_6.7500_116.7500,116.75,6.75,1995-05-01,1995,5,158.6678989870539,134.43235915899277,120.81349399250016,3.396420118837017,0.008395305732257637,3.4048154928938676,32.77895320545544,97.49455010938078,182.80186052284697,287.52508677607,600.6004645909245
MY_0p5_6.7500_117.2500,117.25,6.75,1995-05-01,1995,5,151.84153023744238,134.3104210225945,117.62442431829673,3.637854080284591,0.004985244065725393,3.642839487675017,31.6302119482935,93.35303011193739,173.1464429872226,271.8551211736899,569.9848198004528
MY_0p5_6.7500_117.7500,117.75,6.75,1995-05-01,1995,5,152.97892549302844,134.49776331583658,124.10712122917175,3.511896468698978,4.4159592016512755E-4,3.5123382061719894,31.97773426771164,94.57710218429565,175.81613111495972,276.31661891937256,578.6876029968262
MY_0p5_7.2500_116.7500,116.75,7.25,1995-05-01,1995,5,125.65554449126478,135.95978812565878,106.67080124564794,2.8028577141139817,3.207788294394445E-5,2.8028898964757505,29.59486196766729,87.80310921047045,155.38442037831183,246.71415736986245,519.4965432871943
MY_0p5_7.2500_117.2500,117.25,7.25,1995-05-01,1995,5,120.37313450993716,135.4382112520235,103.11209098414369,3.1903976264752836,2.8940363228301922E-6,3.1904006631750805,29.04755281147204,85.71425395764803,149.24243356805096,234.97985293739717,498.98408524362657
MY_0p5_0.7500_110.2500,110.25,0.75,1995-06-01,1995,6,196.29841637244593,103.11281867394082,109.33573326697719,27.028188441349915,41.599290906465974,68.62747632540191,42.00596401508038,126.73470940223108,257.3243708683895,446.5944213867188,872.659453876202
MY_0p5_0.7500_110.7500,110.75,0.75,1995-06-01,1995,6,190.1889192853655,106.53431723458425,115.91988983154296,35.30483687264579,36.45900088718959,71.76383459908621,42.20803696768625,127.51963915143693,259.8382258823939,454.8874324253627,884.4533229282923
MY_0p5_0.7500_111.7500,111.75,0.75,1995-06-01,1995,6,195.32505168612042,105.29126957484654,113.55227951776413,32.4810721685016,39.75191285875108,72.23298632909382,42.24241408090743,127.63658323742094,260.1228574722532,455.5931905110677,885.5950637090773
MY_0p5_1.2500_103.2500,103.25,1.25,1995-06-01,1995,6,181.88924904239988,108.12796842704698,100.33329235423696,17.63248244198886,7.7071700421246625,25.339651931415904,38.55866440859708,114.3802713914351,232.9501738114791,406.95119823109025,792.8403056751599
MY_0p5_1.2500_103.7500,103.75,1.25,1995-06-01,1995,6,174.33884911398286,107.97774083406021,91.53772994846975,22.764059659346792,21.884331059687348,44.64838955703291,39.793324183491826,119.06353011640532,242.67129961032313,424.7990749322096,826.327244434542
MY_0p5_1.2500_104.2500,104.25,1.25,1995-06-01,1995,6,167.63545161655972,108.71454554966517,81.50438690185547,28.91709327697754,38.864097595214844,67.78118896484375,41.42670440673828,125.23530578613281,255.45480346679688,448.1450500488281,870.2619018554688
MY_0p5_1.2500_109.7500,109.75,1.25,1995-06-01,1995,6,191.78165555287558,106.02886779049793,109.19930000764779,33.13860895547522,52.60090487836355,85.73951394873929,42.494903794254164,128.52072235475106,262.66023309546785,463.51859954466306,897.194463890719
MY_0p5_1.2500_110.2500,110.25,1.25,1995-06-01,1995,6,191.8999064677471,104.75824204374923,110.91691459744135,32.95078186270813,50.80037798936764,83.75115756178454,42.18768095509887,127.34296299407843,258.9143512976216,451.1203504879043,879.5653281193444
MY_0p5_1.2500_110.7500,110.75,1.25,1995-06-01,1995,6,185.2308617485894,107.38444146050345,117.48399350605312,36.79195513044084,35.58711780971951,72.37907138400607,42.25638547624861,127.69992549835689,260.4155126178075,456.8870708162822,887.2588818746897
MY_0p5_1.2500_111.2500,111.25,1.25,1995-06-01,1995,6,180.03498786706896,107.36711086480383,116.06873455596049,28.404549065489366,34.10978111900842,62.51432900230726,42.17168127919158,127.42386683259909,259.71304438289366,454.84958889994766,884.1581611998927
MY_0p5_1.2500_111.7500,111.75,1.25,1995-06-01,1995,6,191.59664481026786,105.1986398848276,113.29439932202537,31.125532513573056,41.94293491424076,73.06846836635044,42.20432862781343,127.50892348516557,259.7857196141803,454.54469129774304,884.0436682322669
MY_0p5_1.2500_112.2500,112.25,1.25,1995-06-01,1995,6,217.94803158522862,103.04198936036393,115.89215967013752,38.21063222739902,57.11143995178532,95.32207186936121,42.402081833273016,128.08326078308414,260.8822574518658,456.6825467027383,888.0501349589547
MY_0p5_1.2500_112.7500,112.75,1.25,1995-06-01,1995,6,247.49076557159424,101.95294205347697,117.38201157251994,41.004035313924156,87.14455572764078,128.1485948562622,42.540676514307656,128.4148327509562,261.1467425028483,455.64878845214844,887.7510579427084
MY_0p5_1.2500_113.2500,113.25,1.25,1995-06-01,1995,6,254.95370111880098,100.87765589175017,117.19424000615659,34.46973823879076,75.11596845543902,109.58570689325747,42.371841895062,127.82607667342477,259.5279355256453,450.895007589589,880.6208607549252
MY_0p5_1.2500_113.7500,113.75,1.25,1995-06-01,1995,6,263.09044022993606,99.35661882342714,118.72280698834042,35.651147524515785,81.76619107795484,117.41733620383523,42.466771588181004,128.06258606188226,259.78958985299766,450.8209762573242,881.1399059873638
MY_0p5_1.2500_114.2500,114.25,1.25,1995-06-01,1995,6,275.3449531487659,96.93556841284828,118.6449830721965,43.83249718320054,104.56520870512566,148.39770534819206,42.69572843703549,128.80669126257433,261.60907441535886,455.5340171071281,888.6455272573285
MY_0p5_1.2500_114.7500,114.75,1.25,1995-06-01,1995,6,268.0535809916835,94.02640607280115,112.84991947297127,50.75058844781691,139.11793395011657,189.86852239793348,42.90699275847405,129.42813799458165,262.8439744518649,457.93537066059724,893.114496046497
MY_0p5_1.7500_102.7500,102.75,1.75,1995-06-01,1995,6,182.38395151380678,107.7755665647391,108.57969236373901,13.033216625452042,30.94003713130951,43.97325253486633,40.93444240093231,122.85060906410216,250.51748561859134,439.80859184265137,854.1111354827881
MY_0p5_1.7500_103.2500,103.25,1.75,1995-06-01,1995,6,178.89299735875667,106.91819777912156,106.93541240692139,17.24078106880188,22.249710664749145,39.49049034118652,40.669895381927496,121.9961717605591,248.69501190185542,435.7565574645996,847.1176464843751
MY_0p5_1.7500_103.7500,103.75,1.75,1995-06-01,1995,6,172.67854173877572,107.54309270351747,96.26016462301905,20.843912857997264,20.45253334618822,41.29644482648825,40.25188628329506,120.82916317710392,245.84265730652623,428.190904448304,835.1146286590189
MY_0p5_1.7500_104.2500,104.25,1.75,1995-06-01,1995,6,168.20270624160767,108.54552640914918,89.25499204886977,23.628140516059343,24.81342305323874,48.441561854162885,40.91240431911262,123.55385654656462,251.02778684630871,435.3580778846445,850.8521468288214
MY_0p5_1.7500_109.7500,109.75,1.75,1995-06-01,1995,6,187.72103127767872,106.36550450879473,109.29067993164062,34.03950119018555,53.9712028503418,88.01070404052734,42.531410217285156,128.6489715576172,263.0206604003906,464.6051025390625,898.80615234375
MY_0p5_1.7500_110.2500,110.25,1.75,1995-06-01,1995,6,184.78636015131238,107.3359233971798,113.52792370638107,42.57530273600696,65.27037044259954,107.8456732194054,42.50569617939505,128.42191849162873,261.79885554186166,459.49595944001715,892.22240264403
MY_0p5_1.7500_110.7500,110.75,1.75,1995-06-01,1995,6,176.02185405384407,108.71155756170097,120.22560386657715,38.80401096343994,32.4615273475647,71.2655418395996,42.35447025299072,128.07941246032715,261.68448638916016,461.3832901000976,893.5016510009766
MY_0p5_1.7500_111.2500,111.25,1.75,1995-06-01,1995,6,171.50653957790797,108.20568997822112,117.39205134192179,22.441510754962298,24.10271426356116,46.544226677473205,42.103151738366414,127.25061592279481,259.54337058843566,455.14977984761083,884.0469025367914
MY_0p5_1.7500_111.7500,111.75,1.75,1995-06-01,1995,6,185.37191980096355,105.63437490825409,113.88247180890431,28.050321729877325,48.55653236485734,76.60685389554952,42.293586743028854,127.81920947304252,260.6772263925286,457.3304810342908,888.1204832052881
MY_0p5_1.7500_112.2500,112.25,1.75,1995-06-01,1995,6,219.99832468184212,103.66004728286985,117.06273115854414,37.03472539508154,71.47119639563182,108.50592099144345,42.49176387484112,128.36454695444257,261.5419091603112,458.26634405226935,890.6645548502604
MY_0p5_1.7500_112.7500,112.75,1.75,1995-06-01,1995,6,243.68775392562625,103.00569378080822,119.8598170204768,43.70234497312516,80.64976041279142,124.35210602775452,42.56153121221633,128.52020089285713,261.6049768841456,457.58274274553577,890.2694537450398
MY_0p5_1.7500_113.2500,113.25,1.75,1995-06-01,1995,6,255.84946124364458,102.54014289492652,121.21278659881106,45.45180083380805,72.02244841560484,117.4742472572932,42.4583001273019,128.1628611004542,260.62060353112594,454.6836253332714,885.9253945002479
MY_0p5_1.7500_113.7500,113.75,1.75,1995-06-01,1995,6,265.4240236312624,100.90300220307849,121.67765510195777,42.891720647660506,75.80791659884981,118.6996337406219,42.413110182020404,127.9234418354337,259.5904657273066,450.701767016214,880.628771391369
MY_0p5_1.7500_114.2500,114.25,1.75,1995-06-01,1995,6,272.9459526909722,98.1360350109282,120.76543128603981,42.170311821831596,85.5273905193995,127.69770168728299,42.49639764210534,128.16363665868363,260.0541288829985,451.59615526956213,882.3103327675472
MY_0p5_1.7500_114.7500,114.75,1.75,1995-06-01,1995,6,260.57352965359865,96.09121652711859,117.28873906110853,40.65986925826789,102.31878614672726,142.97865540499515,42.62600455012347,128.58041670408892,261.064216574239,454.0952769857614,886.365913667827
MY_0p5_2.2500_101.7500,101.75,2.25,1995-06-01,1995,6,191.09982715953478,105.83917983854661,110.14762654930652,12.824666851698751,35.600833815757674,48.425501081678604,41.89144835809265,126.36093155061356,257.8677272603969,453.57454519560844,879.6946454288984
MY_0p5_2.2500_102.2500,102.25,2.25,1995-06-01,1995,6,180.17506569310237,105.03978283895829,107.2973599593605,10.814178286556992,28.025025116769893,38.83920226941268,41.44544475500663,124.78865339653342,254.00590288810184,443.5847252658679,863.8247315621263
MY_0p5_2.2500_102.7500,102.75,2.25,1995-06-01,1995,6,176.4722880592829,106.01876997645896,109.05442307870601,12.992193641541878,27.236200320569775,40.22839280623423,41.584443744224835,125.2571147725552,255.45672018316725,448.5154235453545,870.8137035128435
MY_0p5_2.2500_103.2500,103.25,2.25,1995-06-01,1995,6,174.93968326629152,105.48126673622737,106.71724175347221,16.38545184665256,25.88491434975276,42.27036555456736,41.586871640644375,125.38460785396515,255.154642547123,445.08635360475574,867.2124924432665
MY_0p5_2.2500_103.7500,103.75,2.25,1995-06-01,1995,6,170.28646416098383,107.52951686018604,100.4351619138556,17.586172705181575,13.817976489511587,31.40414819232488,40.26901899434752,121.1534492880611,245.066487561242,420.0623437913797,826.5513123593088
MY_0p5_2.2500_104.2500,104.25,2.25,1995-06-01,1995,6,165.6438645773787,108.91882882467131,98.50571000280459,16.191931314704835,2.2359897799728334,18.42792004987228,39.70576511729847,119.65782184443198,240.92366128716586,407.2703277335679,807.5575904530929
MY_0p5_2.2500_104.7500,104.75,2.25,1995-06-01,1995,6,155.42430114746094,109.72285461425781,,,,,,,,,
MY_0p5_2.2500_109.7500,109.75,2.25,1995-06-01,1995,6,172.16663188319052,106.55335752425655,,,,,,,,,
MY_0p5_2.2500_111.2500,111.25,2.25,1995-06-01,1995,6,177.7126367688179,107.68274402618407,114.48717936347511,29.65469775480382,57.54262335160199,87.19732306985293,42.59005754134233,128.83521046357995,263.4546360689051,465.79648275936347,900.6763817282282
MY_0p5_2.2500_111.7500,111.75,2.25,1995-06-01,1995,6,191.63574165465337,106.75941389780196,115.7018050905258,30.397153684828016,56.98397759331597,87.38113291906932,42.576868947347,128.7857155936105,263.3034894670759,465.3055773538256,899.9716568235367
MY_0p5_2.2500_112.2500,112.25,2.25,1995-06-01,1995,6,211.69534175812248,106.06562739780969,119.5323271009657,32.541869323972676,58.25965646410745,90.80152677505735,42.52320665631976,128.5710714673239,262.57851911272326,462.7126335991754,896.385446893601
MY_0p5_2.2500_112.7500,112.75,2.25,1995-06-01,1995,6,233.32932250007747,105.33607664562408,124.03113517155721,42.28068036276196,66.1695810711573,108.45026094951326,42.541432698567704,128.5574260408916,262.19666660853795,460.7048411535838,894.0003557477677
MY_0p5_2.2500_113.2500,113.25,2.25,1995-06-01,1995,6,256.5060736762153,104.81583503844246,129.18487481011286,59.246533530099065,71.41220119415769,130.6587352934338,42.5802354721796,128.61720188685828,262.02471623496405,459.4424329969619,892.6645949590775
MY_0p5_2.2500_113.7500,113.75,2.25,1995-06-01,1995,6,263.9765689704992,102.27825155137461,129.94649264178702,63.090416715114934,84.30500848987435,147.39542439617688,42.4845352776443,128.18689901617512,260.36075196085096,453.06944574283654,884.1016347378117
MY_0p5_2.2500_114.2500,114.25,2.25,1995-06-01,1995,6,258.9814393543062,99.35759076315259,127.73050045437282,51.183105953156,79.18310992528522,130.3662155635773,42.407250056191096,127.88390810527498,259.41283966548855,450.0389402359251,879.7429402669271
MY_0p5_2.2500_114.7500,114.75,2.25,1995-06-01,1995,6,249.42030728247863,96.82277187224358,122.41336047264839,40.084350130634924,88.94083534979052,129.02519073486332,42.54448224959835,128.36038316295998,260.7496328046245,453.9623851160849,885.6168555475051
MY_0p5_2.2500_115.2500,115.25,2.25,1995-06-01,1995,6,238.2793731689453,94.7994613647461,118.74005889892578,44.6287956237793,106.46466827392578,151.0934600830078,42.520713806152344,128.33285522460938,260.8492736816406,454.4894104003906,886.1922607421875
MY_0p5_2.7500_101.2500,101.25,2.75,1995-06-01,1995,6,193.51303100585938,103.79312133789062,107.401611328125,14.831263542175293,52.50614929199219,67.33741760253906,42.4743537902832,128.48907470703125,262.7686767578125,464.8458251953125,898.5779418945312
MY_0p5_2.7500_101.7500,101.75,2.75,1995-06-01,1995,6,189.64622393668967,102.29248243852093,97.093620522239,15.829414485584605,62.16346660267222,77.99288251009853,42.13629802357067,127.29165075128726,259.3532410222833,454.56460926402696,883.3457892400568
MY_0p5_2.7500_102.2500,102.25,2.75,1995-06-01,1995,6,177.91359632941567,102.1334244551932,108.19895658067838,12.21550305785647,27.91744503094132,40.13294696200426,41.90290794858507,126.46344905294428,256.8423850187071,445.77648196858206,870.9852207451108
MY_0p5_2.7500_102.7500,102.75,2.75,1995-06-01,1995,6,170.03676532793648,104.15406316443334,108.58026519002792,15.40515009662773,20.20551504062701,35.61066387876679,42.118018295191504,127.2341972302787,259.14649905434135,453.43852031080024,881.9372570182702
MY_0p5_2.7500_103.2500,103.25,2.75,1995-06-01,1995,6,167.17965372656562,106.12748064660722,100.36457819847544,14.09967536987013,13.69786396945358,27.79753955306521,40.3936695657718,121.17723321610953,245.10086997451296,421.4226009101625,828.094383288341
MY_0p5_2.7500_103.7500,103.75,2.75,1995-06-01,1995,6,164.3452481477157,108.77444132929261,92.96673102312923,13.176284614246562,5.1952492149744165,18.371533635574554,38.350651806950026,114.29781629852437,229.50338119295887,386.73022826585907,768.8820677023328
MY_0p5_2.7500_104.2500,104.25,2.75,1995-06-01,1995,6,160.41081821217256,109.43211039374854,96.08766174316406,16.621536254882812,0.3116365969181061,16.93317222595215,39.22231674194336,118.13040161132812,237.06900024414062,397.32806396484375,791.7498168945312
MY_0p5_2.7500_111.2500,111.25,2.75,1995-06-01,1995,6,183.50574035644533,107.39664932777144,115.06360581341912,27.83803603228401,52.54228042153751,80.38031791238222,42.558243807624365,128.74765642951516,263.3021886488971,465.5318253461052,900.1399177102483
MY_0p5_2.7500_111.7500,111.75,2.75,1995-06-01,1995,6,194.13985574440878,107.20707020994091,116.71232118277713,28.78504421793181,50.62618961005374,79.41123534893167,42.52188680911886,128.6223630576298,262.96626873674063,464.5497796946558,898.6603140995419
MY_0p5_2.7500_112.2500,112.25,2.75,1995-06-01,1995,6,204.53515721574612,107.52114689501026,121.17415234883624,30.20254412333171,42.52965635935466,72.73220110575357,42.4419887415568,128.36143025716146,262.33600128173833,462.9090387980143,896.0484785970053
MY_0p5_2.7500_112.7500,112.75,2.75,1995-06-01,1995,6,223.81761599190625,107.52443021460425,126.44412356992312,39.4230759234368,56.18347128131721,95.60654833346983,42.52183384231374,128.5623869594139,262.5507157724115,462.71163959744615,896.3465769321103
MY_0p5_2.7500_113.2500,113.25,2.75,1995-06-01,1995,6,251.4790274483817,106.86207946292937,131.78899565197173,58.64917638869512,74.68675244043744,133.33592834472654,42.65162249368334,128.8895513625372,262.9146072629898,462.5432184128534,896.9989918542286
MY_0p5_2.7500_113.7500,113.75,2.75,1995-06-01,1995,6,258.21856524230566,104.39432034826581,134.0221737904154,61.5261148100446,86.8589148551795,148.38502920357286,42.61350464061567,128.6713737439198,261.89717578280505,458.2443003077416,891.4263529200463
MY_0p5_2.7500_114.2500,114.25,2.75,1995-06-01,1995,6,248.48799254019048,100.41233835341055,131.90691452992112,55.13487530961821,100.04250651975221,155.1773837608627,42.61988298198845,128.623318056517,261.44232293623907,455.8451068733312,888.5306367511992
MY_0p5_2.7500_114.7500,114.75,2.75,1995-06-01,1995,6,241.25395737180284,99.25111967439106,128.4865121780687,44.68606724101267,99.34511546724161,144.03118274470043,42.67067470672024,128.80570211228292,262.0084402485258,457.85164034898116,891.3364650459047
MY_0p5_2.7500_115.2500,115.25,2.75,1995-06-01,1995,6,238.92764350959845,95.80300875826997,117.60335485784854,40.96343159031223,99.41050672101545,140.3739401327597,42.37199113175675,127.84394369039447,259.5701516641153,450.7045208355327,880.4906143325942
MY_0p5_3.2500_101.2500,101.25,3.25,1995-06-01,1995,6,189.02036878797745,103.53469522082852,111.28079847046372,17.84037944036699,44.10272908489064,61.94311000957563,42.51726717522172,128.56911103363632,262.6692829057864,463.5734199494239,897.3290977626459
MY_0p5_3.2500_101.7500,101.75,3.25,1995-06-01,1995,6,185.5904813946418,98.6096559026439,97.04976700217863,21.165488777646598,71.24351910876621,92.40900592439495,42.12267778481648,127.08196093322367,258.00368587226626,448.13810807732267,875.3464345749777
MY_0p5_3.2500_102.2500,102.25,3.25,1995-06-01,1995,6,176.61924932570685,100.9728027585953,108.26129307822575,12.799160763574024,15.922834789942183,28.72199510846819,41.55123037913489,125.15809883238776,252.93414534311444,434.37612876286585,854.0196008107018
MY_0p5_3.2500_102.7500,102.75,3.25,1995-06-01,1995,6,167.18184063102623,103.10931169534031,106.7583446744122,16.17942290668246,10.711521353902693,26.890943382359758,41.4725533738921,124.8747959136963,252.0715311267708,432.36215374137777,850.7810394673407
MY_0p5_3.2500_103.2500,103.25,3.25,1995-06-01,1995,6,157.2860627314167,106.06300781448812,94.27933258653076,14.018404553689862,5.304056035287994,19.322460578396576,39.03230422327495,116.19049561839152,232.91995373455634,392.88166992982747,781.0244333472237
MY_0p5_3.2500_112.2500,112.25,3.25,1995-06-01,1995,6,202.30306633843318,108.1469704522027,122.06426272922093,28.58681072658963,33.77617153591581,62.36298116048178,42.40479753282335,128.2495822482639,262.13103705512157,462.66242540147573,895.4478542751737
MY_0p5_3.2500_112.7500,112.75,3.25,1995-06-01,1995,6,221.6562173904911,108.84574157960952,129.9304181083304,41.55070720735144,55.05021104656282,96.60091825391424,42.55313213535997,128.67102826227907,262.8713719102203,463.833782258581,897.9293127841637
MY_0p5_3.2500_113.2500,113.25,3.25,1995-06-01,1995,6,244.66752079554968,108.88699091287484,134.17878070022118,47.65059026082356,59.55950976863051,107.21009838219844,42.58196901552604,128.744598793261,262.95427495783025,463.7813400499748,898.062175172748
MY_0p5_3.2500_113.7500,113.75,3.25,1995-06-01,1995,6,248.70097041054373,107.09222080291264,134.21795145670572,50.80377875434027,74.96440032474578,125.76817452566965,42.62439357212612,128.83356517004586,262.93098183283723,462.951217796689,897.3401376875619
MY_0p5_3.2500_114.2500,114.25,3.25,1995-06-01,1995,6,241.04064222202175,104.14053104181957,132.58422112920482,49.08190311747751,106.9545714262944,156.0364745316232,42.70464745296794,128.9613649890681,262.53022834146094,459.46833344477744,893.6645748843052
MY_0p5_3.2500_114.7500,114.75,3.25,1995-06-01,1995,6,237.49333351281044,103.43476777775274,132.0400568968172,41.328667270150156,95.32587573786451,136.65454111281477,42.652538287411836,128.80268130940237,262.23566655444495,459.1201837624714,892.8110748096638
MY_0p5_3.2500_115.2500,115.25,3.25,1995-06-01,1995,6,240.2251584499697,98.01286518724659,114.60421934007088,36.69563446769231,101.15188284765314,137.8475181965888,42.228216726568675,127.37706012967264,258.44547696656815,447.7806790508801,875.8314552790001
MY_0p5_3.2500_115.7500,115.75,3.25,1995-06-01,1995,6,246.39181930027652,94.20657374349874,110.28344726562501,56.67741141158543,134.5843102958765,191.26171943578828,42.49131380574087,128.2241850435064,260.471294617385,452.85208061303985,884.0388471624825
MY_0p5_3.7500_100.7500,100.75,3.75,1995-06-01,1995,6,195.31431579589844,104.22317504882812,112.14407348632812,21.734148025512695,39.63190460205078,61.36605453491211,42.536170959472656,128.62481689453125,262.8346252441406,464.07647705078125,898.0720825195312
MY_0p5_3.7500_101.2500,101.25,3.75,1995-06-01,1995,6,196.62231151084728,101.7675914085413,111.13823519709813,25.711216904970435,79.22166287320331,104.93287857450714,42.63043427698821,128.84897393779076,262.8780536342979,462.3023525596051,896.6598001128262
MY_0p5_3.7500_101.7500,101.75,3.75,1995-06-01,1995,6,194.56213726716888,96.69908530848802,102.59334877645895,19.469418720075282,69.34728581130885,88.81670654199688,42.123157173205335,127.03324518385968,257.4814731087655,444.96193670770936,871.5998459348256
MY_0p5_3.7500_102.2500,102.25,3.75,1995-06-01,1995,6,183.80024820963538,97.81772940499442,105.13509601411364,16.525764029366627,29.002441627260236,45.528204212491474,41.67225982423812,125.45186341300843,253.07360762338791,432.4845712813119,852.6823207310267
MY_0p5_3.7500_102.7500,102.75,3.75,1995-06-01,1995,6,169.51642257448225,101.80591898115854,102.58322523813399,19.678084073747907,13.184301600380548,32.862384989904974,41.4088747418116,124.52065473284041,250.4979064457,425.8381259494357,842.2655581519717
MY_0p5_3.7500_103.2500,103.25,3.75,1995-06-01,1995,6,154.26355320903886,104.41565382148165,94.06524771896063,21.005172153547697,12.37894928104737,33.38412133759144,40.42466770246918,121.08556793811275,242.4968553131702,408.1370485791973,812.1441262637868
MY_0p5_3.7500_113.2500,113.25,3.75,1995-06-01,1995,6,241.82159471511844,111.1071492433548,132.83865956791112,34.56663944682137,42.37243908741435,76.93907853423573,42.47930789384686,128.4766432965388,262.6106707463499,463.7074249767866,897.2740668625129
MY_0p5_3.7500_113.7500,113.75,3.75,1995-06-01,1995,6,239.2527439618352,110.7416080050998,129.50151017568643,32.70337649225031,45.854189098074215,78.55756570760487,42.50262526478197,128.55899447839235,262.84992906885236,464.4289624853042,898.3405222476108
MY_0p5_3.7500_114.2500,114.25,3.75,1995-06-01,1995,6,226.87917698311267,108.50791756766182,130.62721828884548,28.63177628290085,54.795953538682724,83.42772984580388,42.56302880181206,128.71826796758742,263.03842211526535,464.34736609080477,898.6670654296876
MY_0p5_3.7500_114.7500,114.75,3.75,1995-06-01,1995,6,223.89913456023683,106.53628971160404,131.5220040457589,25.75689021519252,60.598382750011616,86.3552757142082,42.5232547457256,128.54442521352615,262.39174843439974,461.9347267756386,895.3941743396578
MY_0p5_3.7500_115.2500,115.25,3.75,1995-06-01,1995,6,230.0621629018632,99.09917839898003,111.2764856974284,28.81869156247094,109.85201709081257,138.670708453466,42.2680049472385,127.52209131150019,258.8711653452071,449.00647486126604,877.667748829675
MY_0p5_3.7500_115.7500,115.75,3.75,1995-06-01,1995,6,239.23763072061882,93.82385852182512,108.8866026075624,49.81999280641405,147.99242999399308,197.8124293046032,42.5594525783182,128.40824363214506,260.73786037088297,452.91374832263097,884.6192872850157
MY_0p5_4.2500_100.7500,100.75,4.25,1995-06-01,1995,6,219.61759281158447,105.0835952458419,110.04939481774156,22.21634772942991,69.69301679961536,91.90936637411312,42.58470217646385,128.81337903081155,263.3848232969946,465.437363355987,900.2202504683514
MY_0p5_4.2500_101.2500,101.25,4.25,1995-06-01,1995,6,223.5174542804097,98.88746961362803,102.63143801841008,32.29051726031455,129.20268839939388,161.49319656031906,42.67718666222445,128.89377715481316,262.42281006248135,458.8819681155454,892.8757355319467
MY_0p5_4.2500_101.7500,101.75,4.25,1995-06-01,1995,6,216.21564391880105,97.9357864818634,105.58230298319565,19.79555460896355,62.12085118156653,81.91641067163633,42.33592187558501,127.81211365526096,259.8816847146129,453.1120712719025,883.1417821329625
MY_0p5_4.2500_102.2500,102.25,4.25,1995-06-01,1995,6,197.82520988878733,100.62866549750868,103.71974099253696,25.544619581569883,51.069326760289016,76.61394561670079,42.36505518172877,127.87783433225589,259.95464415138906,453.1312990036255,883.3288338268145
MY_0p5_4.2500_102.7500,102.75,4.25,1995-06-01,1995,6,175.83363463772332,101.31859287334856,96.35414101667466,31.945610429071323,64.73772617813889,96.68333461785772,42.18191753071584,127.1682354872394,257.65243360191397,445.44530997306674,872.447899690859
MY_0p5_4.2500_103.2500,103.25,4.25,1995-06-01,1995,6,151.6272973222695,105.12791280713233,89.33429542568088,23.882501784932742,24.297961618271025,48.18046462162031,40.64345187675662,121.99789216044888,244.0717409778555,409.731252530726,816.4443331728413
MY_0p5_4.2500_113.7500,113.75,4.25,1995-06-01,1995,6,215.8624501304021,113.23416311090645,125.85241943935179,15.373771253621804,27.29073657629625,42.6645067322929,42.34336140470685,128.13934239801372,262.2440781503354,463.83484491312277,896.5616028983638
MY_0p5_4.2500_114.2500,114.25,4.25,1995-06-01,1995,6,203.46550396396523,111.69989941571212,126.28367611800385,12.459529979808911,20.632336701205336,33.091865672107836,42.27842220468411,127.9577444069174,261.94815499441967,463.42942403550313,895.6137490290934
MY_0p5_4.2500_114.7500,114.75,4.25,1995-06-01,1995,6,203.4572292073568,109.1406163533529,129.55304941813156,18.575983339945477,47.136422983805346,65.71240793863933,42.417760162353524,128.30062184651692,262.2735852050782,462.8961193847657,895.8881152343752
MY_0p5_4.2500_115.2500,115.25,4.25,1995-06-01,1995,6,210.76526021957397,103.0632429652744,115.65012454986574,27.621072808901474,109.4107431570689,137.0318134625753,42.293321967124946,127.62619996070863,259.2248525619507,450.135476536221,879.2798256344266
MY_0p5_4.2500_115.7500,115.75,4.25,1995-06-01,1995,6,221.1109474311441,95.91577691546942,107.46758815959352,41.124984456725045,138.34901174771585,179.47399509235964,42.50202122057899,128.265037821107,260.5440839347193,452.7583064709682,884.0694573871161
MY_0p5_4.2500_116.2500,116.25,4.25,1995-06-01,1995,6,234.14560634333913,98.20290216585487,109.74802003255706,53.59830398094363,132.3248500823975,185.9231576686952,42.56417495448415,128.45133534873403,260.96787410829126,453.99319271925015,885.9766030660492
MY_0p5_4.2500_116.7500,116.75,4.25,1995-06-01,1995,6,236.87775575494496,100.20584124085532,110.19753340351788,45.17445444096032,126.02998008066521,171.2044272009348,42.665046052436615,128.8171905341176,262.0991369699467,457.921313511843,891.5026940141801
MY_0p5_4.2500_117.2500,117.25,4.25,1995-06-01,1995,6,232.23962969484586,102.44111143804231,108.4468647442033,31.806870409872683,76.99382147324823,108.80069010236622,42.33341102262514,127.7617523058326,259.643301904729,452.5919159745748,882.3303630457516
MY_0p5_4.2500_117.7500,117.75,4.25,1995-06-01,1995,6,219.03870672242252,101.78416279849843,96.66140026516385,15.773669079837635,21.14483638910147,36.91850630442301,39.15242226103432,116.46838303916475,231.73003811306427,384.18732419788324,771.5381482768264
MY_0p5_4.2500_118.2500,118.25,4.25,1995-06-01,1995,6,194.27136275085093,100.45490639669855,83.3151591598608,7.264045375167944,0.18616202506859594,7.45020730935844,35.21643321529316,102.17713947660606,198.0762448644942,308.28006758963227,643.749891536251
MY_0p5_4.2500_118.7500,118.75,4.25,1995-06-01,1995,6,181.00220517758973,100.19161139594183,78.18476104736328,6.916694164276123,0.006459871772676706,6.923153877258301,33.56214141845703,96.04747009277344,184.6501922607422,282.10333251953125,596.3631591796875
MY_0p5_4.7500_100.2500,100.25,4.75,1995-06-01,1995,6,222.1319325764974,109.53379906548396,,,,,,,,,
MY_0p5_4.7500_100.7500,100.75,4.75,1995-06-01,1995,6,228.3005879720052,104.83254027540667,109.26893240455688,21.86333520625665,104.86560995210478,126.72894302616274,42.64075876251468,128.8562350699572,262.80396537470625,461.7097170449854,896.0107002568437
MY_0p5_4.7500_101.2500,101.25,4.75,1995-06-01,1995,6,230.63523911298336,97.53167375837054,97.36182674831814,29.684434400285998,153.34278956821987,183.02722046867248,42.73561460706923,129.02376849462115,262.4543783520895,457.97969166589166,892.1934797014509
MY_0p5_4.7500_101.7500,101.75,4.75,1995-06-01,1995,6,219.3557767442837,99.36532164074126,102.11702825152686,21.146142989870107,106.94320642380488,128.08935716417102,42.65187951950801,128.88311166914684,262.8049230181982,461.3988582550534,895.7387732127356
MY_0p5_4.7500_102.2500,102.25,4.75,1995-06-01,1995,6,195.88498927525112,102.51479063488188,95.13527163550967,30.00990150088356,104.32121552966889,134.33112008231026,42.626958828880674,128.76581377301898,262.25256347656244,458.94969162713915,892.5950381324404
MY_0p5_4.7500_102.7500,102.75,4.75,1995-06-01,1995,6,170.31539071441452,103.3204444836659,89.93290518499482,29.671705835184465,75.4409458986513,105.11265478923819,42.22124748472954,127.40524957741899,258.7011364007451,449.4687089859299,877.7963340419111
MY_0p5_4.7500_103.2500,103.25,4.75,1995-06-01,1995,6,145.39241161617625,107.14999173292475,81.30029555880277,20.824039399403933,32.7747674746597,53.59880808094771,39.205355499943245,116.8690558852305,234.27327027268078,395.08045841231126,785.4281613958718
MY_0p5_4.7500_103.7500,103.75,4.75,1995-06-01,1995,6,128.81984469765112,109.49299621582031,69.14176752660181,5.183702010612983,0.1127813146872954,5.296483337105094,33.701238112016156,97.43565101128118,191.73969159807476,310.0447466961749,632.9213351955661
MY_0p5_4.7500_113.7500,113.75,4.75,1995-06-01,1995,6,181.58253479003906,114.83248901367188,,,,,,,,,
MY_0p5_4.7500_114.2500,114.25,4.75,1995-06-01,1995,6,181.58253479003906,114.50854955400739,125.07889556884766,11.073473930358887,11.659250259399414,22.732723236083984,42.11998748779297,127.51293182373047,261.1165771484375,461.6558532714844,892.4053344726562
MY_0p5_4.7500_114.7500,114.75,4.75,1995-06-01,1995,6,190.62157071021295,113.7345668013378,129.87011710546352,17.475312889263197,38.07133145486155,55.54664554390856,42.35532293012065,128.15481985768963,262.16865818474884,463.2163880050823,895.8951763850388
MY_0p5_4.7500_115.2500,115.25,4.75,1995-06-01,1995,6,209.822639465332,111.11894929409027,125.43686421712236,27.070387924710907,102.01710567871729,129.08749226729074,42.37101103862126,127.91089189052579,260.1016192436217,453.052712281545,883.4362471898396
MY_0p5_4.7500_115.7500,115.75,4.75,1995-06-01,1995,6,220.62818574451265,103.44543796115451,114.94648311554438,25.891689385308158,105.5209480406746,131.41263592432412,42.401324511331225,127.9805889795697,260.111459108383,452.65779012044266,883.1511740063863
MY_0p5_4.7500_116.2500,116.25,4.75,1995-06-01,1995,6,226.68590039450024,100.6124790252201,114.71510014609682,33.455608767554864,109.34994259788874,142.8055523584759,42.5671145000155,128.51060451931423,261.37869873046867,456.0702938019282,888.5267080155628
MY_0p5_4.7500_116.7500,116.75,4.75,1995-06-01,1995,6,234.05293722997737,100.46522152574757,110.80240662490266,33.89384610139871,101.47391258915769,135.36776062204868,42.46174514142773,128.2030049094671,260.7761349255526,454.81093375290504,886.2518156027492
MY_0p5_4.7500_117.2500,117.25,4.75,1995-06-01,1995,6,243.07541048564607,100.60694335453093,106.07623869880797,24.96208744351826,73.12948540581596,98.09157341851129,42.1153596423921,127.05993104964966,257.8366760253906,446.7520255921378,873.7639981708828
MY_0p5_4.7500_117.7500,117.75,4.75,1995-06-01,1995,6,227.4484088752843,100.88800577574138,102.83393360089653,17.42302015159703,27.41106412682352,44.83408467377288,41.433446365066715,124.62395436250712,250.74341694312756,426.06144975106923,842.8622770671601
MY_0p5_4.7500_118.2500,118.25,4.75,1995-06-01,1995,6,196.42705071990815,101.4061306517328,101.3960606944022,14.238477639816518,9.849993514056182,24.08847118741903,40.69824561881061,121.98485549850082,242.7556219053029,401.7198000193841,807.158526703341
MY_0p5_4.7500_118.7500,118.75,4.75,1995-06-01,1995,6,178.92562634431863,101.35177544702456,102.289802937568,11.436547496650793,2.8551183674908893,14.291665861878215,39.44768963584417,117.42997268483609,229.2743986105617,364.78932479665247,750.9413861624803
MY_0p5_5.2500_100.2500,100.25,5.25,1995-06-01,1995,6,214.1036500434655,110.73138776128692,60.78356170654297,18.85544776916504,18.587495803833008,37.44294357299805,28.02159881591797,75.89532470703125,154.60464477539062,270.1187744140625,528.6403198242188
MY_0p5_5.2500_100.7500,100.75,5.25,1995-06-01,1995,6,214.64414713741127,106.56883529469938,107.47652207297841,21.117018491372292,77.92185590459013,99.0388711951245,41.33871214417206,124.20069972948097,252.03583430147722,436.8693826609645,854.444632694639
MY_0p5_5.2500_101.2500,101.25,5.25,1995-06-01,1995,6,215.24457329644096,101.17410103934151,102.04181094699435,25.742634661235506,120.17324288988871,145.91588466583735,42.442761157807844,128.0588940575009,259.98558446490574,451.2624563065786,881.7497017996651
MY_0p5_5.2500_101.7500,101.75,5.25,1995-06-01,1995,6,202.24328205084348,101.73900956560853,103.8904014393023,17.248229896946317,71.6884472892163,88.93667708384764,42.06233472884841,126.85059524341754,257.1493144916122,444.69731810745924,870.7595529738505
MY_0p5_5.2500_102.2500,102.25,5.25,1995-06-01,1995,6,177.29280853271484,108.73285089480649,96.84009085491203,15.413287369308955,47.38184592070852,62.79513111843424,41.357561208639936,124.45891515160821,251.4177151819703,433.2988673896546,850.5330664762266
MY_0p5_5.2500_102.7500,102.75,5.25,1995-06-01,1995,6,152.82619339635394,108.67599662246218,88.10748490155753,18.852982715024783,42.49871301448951,61.35169680805528,40.3022173736055,120.61751732260494,242.4703192242121,419.1630927651616,822.5531554141287
MY_0p5_5.2500_103.2500,103.25,5.25,1995-06-01,1995,6,136.42116049307361,111.29257052789917,88.76929359931451,23.305429508159687,30.469514887828336,53.77494439831028,40.80583948903269,122.71853033288734,247.02066713803774,420.5215144962459,831.0665778618355
MY_0p5_5.2500_115.2500,115.25,5.25,1995-06-01,1995,6,233.1378555297852,114.16006777363441,124.76675477575083,20.6876250720415,63.39251496361905,84.08013978551647,42.09545129244446,127.01216650790856,257.9112836493821,447.8993700371414,874.918290935579
MY_0p5_5.2500_115.7500,115.75,5.25,1995-06-01,1995,6,238.75488306766366,111.37584814240661,118.86081297276384,15.915897068734894,62.54124868360616,78.45714424262611,42.005588880635926,126.69276710122315,256.98471731412207,445.05599944551113,870.7390848450741
MY_0p5_5.2500_116.2500,116.25,5.25,1995-06-01,1995,6,235.2434397347365,104.68728932247886,114.00033446203304,25.697831522060348,93.63291416892523,119.33074453812611,42.48197763177413,128.20179956170577,260.5228910808322,454.0098473271236,885.2165030950233
MY_0p5_5.2500_116.7500,116.75,5.25,1995-06-01,1995,6,247.0368056961252,103.2056817163395,111.98731016810936,43.2350599313084,124.3963163351711,167.6313708824447,42.735990524291985,128.99411962002137,262.29573754419255,457.91289356086827,891.9387556631353
MY_0p5_5.2500_117.2500,117.25,5.25,1995-06-01,1995,6,277.3843090239025,103.85930524553572,110.34777013385107,48.904557122124565,113.73281676277283,162.6373712933253,42.70461503286211,128.86377999441964,261.84367007300966,456.4977400522384,889.9098282102555
MY_0p5_5.2500_117.7500,117.75,5.25,1995-06-01,1995,6,260.61170470222595,103.40003335135323,106.5724876282707,35.52667546347966,61.93705702282133,97.46373136005704,42.1687741960798,127.06942172580297,257.1441484723772,443.7859484475756,870.1682952396453
MY_0p5_5.2500_118.2500,118.25,5.25,1995-06-01,1995,6,204.97165951012693,102.44912617677336,104.22213924918205,15.745754102233105,22.00953266399491,37.75528637466917,41.12615059287685,123.67339458587062,248.71139851952813,422.5921946726027,836.1031375569142
MY_0p5_5.2500_118.7500,118.75,5.25,1995-06-01,1995,6,177.15474510192874,101.4315965440538,104.22147941589355,9.229481776555378,5.2403673192279205,14.469849507013956,39.08490461773342,116.19826889038086,226.45339372422958,361.1208695305719,742.857442220052
MY_0p5_5.2500_119.2500,119.25,5.25,1995-06-01,1995,6,178.0887401005993,101.33162994384767,104.31292724609375,8.246065139770508,0.13154345750808716,8.377609252929688,38.18982696533203,112.86378479003906,216.296630859375,332.7358093261719,700.0860595703125
MY_0p5_5.7500_100.2500,100.25,5.75,1995-06-01,1995,6,210.32951540560336,114.57843175664678,94.87404457582245,13.887343686655027,7.197963352323673,21.08530706878102,33.79626293357359,96.73342972501702,190.49637666754765,329.54363117742975,650.569701588482
MY_0p5_5.7500_100.7500,100.75,5.75,1995-06-01,1995,6,206.5353801908947,111.6492679656498,105.58345077514649,17.76336174647013,26.28282162288825,44.046182327270515,39.45736601511637,117.32593879699706,234.62570805867512,394.3619307454427,785.7709403483072
MY_0p5_5.7500_101.2500,101.25,5.75,1995-06-01,1995,6,204.65167326439087,107.95746897900199,108.91703607153707,20.94826431724969,42.79456839974472,63.74283110250639,41.615247080645226,125.16019631933982,251.69451219453592,426.1020108921321,844.5719856802874
MY_0p5_5.7500_101.7500,101.75,5.75,1995-06-01,1995,6,188.1122274398804,108.4373455365499,112.54362576802572,11.451556078592937,11.935761836590366,23.38731790781021,40.120149294535324,120.04038934707643,237.0754070281983,387.2967363993327,784.5326746622721
MY_0p5_5.7500_102.2500,102.25,5.75,1995-06-01,1995,6,157.16898013383914,115.73585522480498,101.03993695191662,4.049125699483184,0.552782558227153,4.601908264738141,37.136161290435275,109.95558238430857,212.30831765325783,332.4093175817419,691.809380014336
MY_0p5_5.7500_102.7500,102.75,5.75,1995-06-01,1995,6,139.9644087437221,113.22513765501743,76.88538360595703,5.128024101257324,1.4000462293624878,6.528069972991943,32.36935806274414,92.16680145263672,175.419677734375,305.25970458984375,605.2155151367188
MY_0p5_5.7500_103.2500,103.25,5.75,1995-06-01,1995,6,128.60731506347656,113.9791488647461,,,,,,,,,
MY_0p5_5.7500_115.2500,115.25,5.75,1995-06-01,1995,6,248.7438435872396,115.29299647013346,122.82770538330078,19.309310913085938,13.448722839355469,32.758033752441406,41.935855865478516,126.13357543945312,253.9675750732422,433.42138671875,855.4583740234375
MY_0p5_5.7500_115.7500,115.75,5.75,1995-06-01,1995,6,242.79304167390603,112.57420002755946,111.3169668288458,15.990976297287713,24.59886359260196,40.589839226858956,41.51111145019532,124.6330102103097,249.6028501964751,419.5545241582961,835.3014956519717
MY_0p5_5.7500_116.2500,116.25,5.75,1995-06-01,1995,6,232.28983309306793,106.54779362754216,103.00771816193111,17.370093354724702,44.995414210122725,62.36550693209209,41.52232290600973,124.65255424862815,249.54819747682598,418.995077078683,834.71815921844
MY_0p5_5.7500_116.7500,116.75,5.75,1995-06-01,1995,6,244.52760029141862,103.0466813102601,98.8437971569243,38.81337686871725,96.70839539482479,135.52177051968044,42.27946986849346,127.21392858596073,256.43341345408606,438.93293573288685,864.8597464425224
MY_0p5_5.7500_117.2500,117.25,5.75,1995-06-01,1995,6,285.84934352549845,106.70594116114667,103.06142071744996,54.45460339374723,87.57838041624437,142.0329805969816,42.49977235763983,127.8394842538924,257.6953521150896,442.02528347653174,870.0599074499088
MY_0p5_5.7500_117.7500,117.75,5.75,1995-06-01,1995,6,276.22593955388146,107.28693101671006,103.46599107780715,32.434742364307375,26.66991026129499,59.10465225117319,41.56292691326781,124.52538855123842,248.2242111615687,414.52404877323437,828.8365875858588
MY_0p5_5.7500_118.2500,118.25,5.75,1995-06-01,1995,6,218.89986982032167,105.47442213694255,102.31373508029513,13.131536704169378,2.7378567081027563,15.869393530951607,40.0611627875434,119.54295759412977,235.4453003607856,382.45780843098953,777.5072501627604
MY_0p5_5.7500_118.7500,118.75,5.75,1995-06-01,1995,6,179.42341995239258,103.4567662018996,101.9762954711914,8.38249397277832,0.09030379354953766,8.472797393798828,39.4918327331543,117.71867370605469,231.11260986328125,373.0285339355469,761.3516845703125
MY_0p5_6.2500_99.7500,99.75,6.25,1995-06-01,1995,6,242.92114018458946,120.63512390735102,123.5377514861351,19.98249723744947,6.5990070409553,26.581505087919012,40.56180306368096,121.35884644264398,239.28980237384172,379.6005596781886,780.8110067678053
MY_0p5_6.2500_100.2500,100.25,6.25,1995-06-01,1995,6,218.10878592729568,118.38188642263412,115.4925367394272,12.837774985177175,1.9066305384343984,14.744405832096023,37.9172004544005,111.74514680200691,217.78356429119498,360.7567550970584,728.2026850486287
MY_0p5_6.2500_100.7500,100.75,6.25,1995-06-01,1995,6,206.22918783651818,116.91516534518092,108.16732900023,12.730404515063903,7.105064112707455,19.835468704636032,39.14345093951722,116.03252346083003,225.98872799670838,367.7248200523348,748.8895152913099
MY_0p5_6.2500_101.2500,101.25,6.25,1995-06-01,1995,6,200.91675415039063,115.72457768366887,105.76667879544773,16.310780627910905,14.359237876305214,30.670018533559947,39.866930858905505,118.67075101412259,231.6921391413762,373.92674231896035,764.1565561147837
MY_0p5_6.2500_101.7500,101.75,6.25,1995-06-01,1995,6,166.74120832170757,118.90899919782366,104.72447727748325,4.986609125137329,2.1556260428406984,7.142235319955008,37.20497174944196,110.24646846226284,207.38550240652899,320.39182913643975,675.2287737165178
MY_0p5_6.2500_102.2500,102.25,6.25,1995-06-01,1995,6,144.54828166961667,120.58406085502811,101.94711303710938,2.0438754558563232,4.451675704331137E-5,2.0439200401306152,36.19672393798828,107.10450744628906,201.5452423095703,292.1311950683594,636.9776611328125
MY_0p5_6.2500_115.7500,115.75,6.25,1995-06-01,1995,6,225.02962077747694,112.87730026245117,112.68396759033203,15.555927276611328,9.665175437927246,25.221101760864258,40.78203582763672,121.82332611083984,240.19456481933594,386.25543212890625,789.0553588867188
MY_0p5_6.2500_116.2500,116.25,6.25,1995-06-01,1995,6,216.3569251612613,109.97102898045588,103.75757689623053,11.526476977680224,9.357730950159123,20.88420736632158,40.29935967869695,120.24404766065958,236.25478810045684,377.7315461415025,774.5297313807819
MY_0p5_6.2500_116.7500,116.75,6.25,1995-06-01,1995,6,222.2793240017361,107.38704717726934,94.49003315274678,14.518018437945653,16.377690558111855,30.895709890032578,40.23485260009765,120.07176576644655,236.08288312639507,379.4359826466394,775.8254751054068
MY_0p5_6.2500_117.2500,117.25,6.25,1995-06-01,1995,6,261.6424956306579,108.95442504882811,95.534887332008,30.203330812000097,23.52481725461899,53.728149096171066,40.18319016713944,119.62922440786211,235.3204134502108,377.18700745597715,772.3198490203374
MY_0p5_6.2500_117.7500,117.75,6.25,1995-06-01,1995,6,272.350461324056,109.3763174613317,97.0379316988047,30.52559275933874,14.637416374588819,45.163009498551574,39.823323032312224,118.17893268072118,230.66828945226834,361.66015642846537,750.3307163171601
MY_0p5_6.2500_118.2500,118.25,6.25,1995-06-01,1995,6,264.4210859026228,109.07520185198102,100.20892906188965,21.267504419599263,1.1823859916507249,22.449891396931243,40.23949554988316,119.54753167288644,232.0298091343471,359.2817655290876,751.098608834403
MY_0p5_6.7500_100.2500,100.25,6.75,1995-06-01,1995,6,222.00226413502412,119.04588239333209,122.30165015949922,14.491581390885747,2.153761063428486,16.645342910990994,39.77620786779067,118.59359258763931,231.37463984769934,369.89897267958696,759.6434393490061
MY_0p5_6.7500_100.7500,100.75,6.75,1995-06-01,1995,6,206.98601390697343,119.57849149350767,110.03081879792391,9.220724918224194,0.9557640508369164,10.1764890882704,38.302761501736114,112.62954909713181,212.79090655291523,339.44256591796875,703.1658099139179
MY_0p5_6.7500_116.2500,116.25,6.75,1995-06-01,1995,6,183.8287020277703,113.51593106292013,93.75293713081176,3.1868388013141913,0.07466456025736636,3.2615032079743185,37.38572395138625,110.24196420064787,207.08073685808878,308.35011403153584,663.0585193168827
MY_0p5_6.7500_116.7500,116.75,6.75,1995-06-01,1995,6,198.27482593105924,112.57224223017693,89.06477455470875,4.293080348742339,0.17114911294526036,4.46422940657544,36.52612862568128,106.88396782554656,200.694500949543,297.29830003821337,641.4028937901433
MY_0p5_6.7500_117.2500,117.25,6.75,1995-06-01,1995,6,227.8886956761026,111.51291219597188,85.48693678864336,7.50255548848515,0.18578647328112174,7.688342035344217,35.90107308446834,104.43760053246423,196.25029011954248,285.2338277090967,621.8227944163094
MY_0p5_6.7500_117.7500,117.75,6.75,1995-06-01,1995,6,258.9930945502387,110.41319529215494,88.81614542007446,11.874989748001099,0.0723429316922193,11.947332859039307,36.91373312473297,108.04502344131468,205.6703929901123,294.80451679229736,645.4336605072021
MY_0p5_7.2500_116.7500,116.75,7.25,1995-06-01,1995,6,169.63105329378385,113.97387652926975,83.3556256501571,1.83598430260368,4.806462809780066E-6,1.835989176708719,33.65560996014139,96.8088441931683,171.68505899180536,235.72528129245924,537.8747800080672
MY_0p5_7.2500_117.2500,117.25,7.25,1995-06-01,1995,6,172.76183587151604,113.22735238290048,81.68218014365748,1.798801434667487,7.383577823068327E-7,1.7988022553293328,33.09711881938733,94.72220081530119,166.86771689967105,225.3010602449116,519.9880852950247
MY_0p5_0.7500_110.2500,110.25,0.75,1995-07-01,1995,7,224.33290499173683,106.58912283090446,112.14209136962891,24.728204903235806,69.8810262826773,94.60922816349911,42.01963060819186,126.8661348783053,257.94869290865387,448.5539719801683,875.3884343073919
MY_0p5_0.7500_110.7500,110.75,0.75,1995-07-01,1995,7,256.58323407854357,109.70421207972934,121.00755124773296,30.625092124938963,74.00929718017578,104.63438884190151,42.42330164228167,128.17892129080633,261.28773934500555,458.1101484026227,890.000123814174
MY_0p5_0.7500_111.7500,111.75,0.75,1995-07-01,1995,7,299.83989897228423,107.63883814736019,123.21923271058097,74.36863115098743,88.03657568068732,162.40520683167472,42.57820420038133,128.63759382944258,262.20150223989333,460.0041760641431,893.4214835999503
MY_0p5_1.2500_103.2500,103.25,1.25,1995-07-01,1995,7,222.2322113629684,111.08009442079414,112.17340330644089,42.988236600702464,46.24761217290705,89.2358455657959,38.87209051305598,115.58276471224698,236.48658093539154,417.0748131491922,808.0162395130504
MY_0p5_1.2500_103.7500,103.75,1.25,1995-07-01,1995,7,224.61033467413154,109.39952324432076,103.8896677702376,49.963364684466015,61.734859429516845,111.69822403991108,40.19585811281667,120.49310702722049,246.53995299107822,435.2946486982328,842.5235660886302
MY_0p5_1.2500_104.2500,104.25,1.25,1995-07-01,1995,7,227.2995147705078,109.22159075055804,94.73407745361328,57.96469497680664,80.79520416259766,138.75990295410156,41.93593215942383,126.94052124023438,259.7442932128906,459.1711120605469,887.7918701171875
MY_0p5_1.2500_109.7500,109.75,1.25,1995-07-01,1995,7,196.98935083596106,109.22824979115681,112.86937548166298,19.418737227658195,57.58303309061441,77.00176864072502,42.356938005929976,128.10652215796782,261.757278258542,461.1087602362575,893.3294883636107
MY_0p5_1.2500_110.2500,110.25,1.25,1995-07-01,1995,7,227.8512916123085,108.23216901506696,112.60608885186981,26.808405636820556,72.50036626985175,99.30876766484678,42.144243881048844,127.28830515740002,259.0824530759833,451.89493469473945,880.4099377959852
MY_0p5_1.2500_110.7500,110.75,1.25,1995-07-01,1995,7,258.78348127092636,110.41109534369575,121.51756264822822,34.12629784478081,74.47652064732142,108.60281778971353,42.47994929722377,128.37346947079612,261.8268403552827,459.8044556632874,892.484727453807
MY_0p5_1.2500_111.2500,111.25,1.25,1995-07-01,1995,7,277.70276610158123,109.8563539791412,123.20604681435486,50.840533722703825,82.64552199878632,133.4860589268109,42.51582021987477,128.43882054338061,261.7788504213571,459.0843927060454,891.817908143845
MY_0p5_1.2500_111.7500,111.75,1.25,1995-07-01,1995,7,300.4323992047991,107.35597580198257,122.8411134992327,74.41655755421472,91.48861076718285,165.90516832139758,42.61604151650081,128.7243216378348,262.26747543092756,459.8356759207589,893.4435192289806
MY_0p5_1.2500_112.2500,112.25,1.25,1995-07-01,1995,7,323.8387477506841,104.91878586977266,123.3417820809456,80.22317849561043,112.4587885280551,192.68196702366552,42.75060248980062,129.1076621428359,262.966413778702,461.0944359484057,895.9191281081455
MY_0p5_1.2500_112.7500,112.75,1.25,1995-07-01,1995,7,350.566343943278,103.46508026123047,122.90504789352417,95.67336416244507,156.6344394683838,252.30780760447186,42.90404224395751,129.44228680928546,263.0438823699951,459.1050662994385,894.4952850341796
MY_0p5_1.2500_113.2500,113.25,1.25,1995-07-01,1995,7,356.6489042862601,102.99961076819379,123.89029169497282,85.63918914794922,135.26937527863876,220.90857079547385,42.75745975660241,128.99734019403874,262.0303697668988,456.47787714419155,890.26305356233
MY_0p5_1.2500_113.7500,113.75,1.25,1995-07-01,1995,7,321.3735746903853,102.33620036732066,126.09043080878982,76.4248819062204,125.9857395056522,202.41062291463214,42.7033679557569,128.84691562074605,261.7348824703332,455.81361759070194,889.0987789269649
MY_0p5_1.2500_114.2500,114.25,1.25,1995-07-01,1995,7,253.55210457860895,100.96785655063866,128.43336777138498,56.69302469439211,101.56408266050626,158.25710465422773,42.5298165177877,128.33963188238906,260.7284140797843,453.7197368250484,885.3175853627974
MY_0p5_1.2500_114.7500,114.75,1.25,1995-07-01,1995,7,193.74698122086062,99.09271117179624,125.43778942477319,37.14417919035881,88.05765607280117,125.20182800292969,42.351103136616366,127.79453449864542,259.47332763671875,450.4114694902974,880.0304329164567
MY_0p5_1.7500_102.7500,102.75,1.75,1995-07-01,1995,7,213.82652628355928,113.59743874902884,116.61848402023315,36.50654226541519,68.12433052062988,104.63087773323059,41.131354570388794,123.58921027183534,252.60617971420288,445.51833629608154,862.8450469970703
MY_0p5_1.7500_103.2500,103.25,1.75,1995-07-01,1995,7,219.04390878566906,110.29560289419757,115.44875114440919,36.506120424270634,60.13839435577393,96.64451171875,40.93596075057984,122.98728256225586,251.52766693115237,443.73719650268555,859.1880987548828
MY_0p5_1.7500_103.7500,103.75,1.75,1995-07-01,1995,7,223.96745889398116,109.0847998510433,108.33208907405033,45.11066159115562,58.45960792106918,103.57026867926875,40.965112396433376,123.2286487772495,252.00713966466202,444.37087896805775,860.571789319002
MY_0p5_1.7500_104.2500,104.25,1.75,1995-07-01,1995,7,226.9013515472412,109.30116577148438,103.78434984074082,50.032935593479365,63.041081805561866,113.07401967603107,42.03893702898839,127.23117562227472,260.1380816319192,458.61406831963114,888.022280197735
MY_0p5_1.7500_109.7500,109.75,1.75,1995-07-01,1995,7,199.6797670763592,109.40649582618892,112.90755462646484,19.456682205200195,57.998695373535156,77.45537567138672,42.38022994995117,128.18695068359375,261.9817810058594,461.79498291015625,894.3439331054688
MY_0p5_1.7500_110.2500,110.25,1.75,1995-07-01,1995,7,230.3765503101135,110.82221183391535,113.760922722638,30.592163034938874,74.18073529738156,104.7728929978641,42.37288198624066,128.070655373966,261.2229158942075,458.3256044438816,889.9920533532128
MY_0p5_1.7500_110.7500,110.75,1.75,1995-07-01,1995,7,264.3463939319957,111.57134108109906,122.40636863708494,42.71037349700927,72.13089752197266,114.84127044677733,42.59013710021972,128.76146697998047,262.94602813720695,463.4555450439452,897.7531860351562
MY_0p5_1.7500_111.2500,111.25,1.75,1995-07-01,1995,7,279.2932896205357,110.57081712995257,122.78476122479107,46.64622073506201,77.22115489161293,123.86737351528436,42.58109606365825,128.66027761060138,262.3889259515807,461.0988691463027,894.7291821856832
MY_0p5_1.7500_111.7500,111.75,1.75,1995-07-01,1995,7,297.75740292706064,107.59294789954075,118.01103335996214,62.291306833677645,98.38994692548918,160.68125480941575,42.74518722823902,129.11054171791557,263.13160193720944,462.18462188334394,897.1719623034512
MY_0p5_1.7500_112.2500,112.25,1.75,1995-07-01,1995,7,324.6748602004278,105.34300166538785,118.17901192316934,72.86739056299604,123.46732148670011,196.3347107418,42.83746732681517,129.332380312965,263.28757082015744,461.4156193808904,896.8730416434151
MY_0p5_1.7500_112.7500,112.75,1.75,1995-07-01,1995,7,341.85098712255086,104.68987126426093,120.04093414791048,83.56927143884084,139.87738473074776,223.44665706573974,42.87064184764075,129.40309196351066,263.2796145484561,460.775163438585,896.3285086495536
MY_0p5_1.7500_113.2500,113.25,1.75,1995-07-01,1995,7,348.7293898809524,104.35777958461215,122.03095812116348,81.34849713037885,129.89111025371247,211.23961385091144,42.778870694599455,129.1100692991226,262.56448441762774,458.8202335418216,893.2736543201265
MY_0p5_1.7500_113.7500,113.75,1.75,1995-07-01,1995,7,312.3952013772631,103.21422070700025,123.121730211046,64.16123258197118,112.24541054377481,176.40664464556983,42.581055474659756,128.48245287698413,261.01941828652036,454.5101144942026,886.5930309477307
MY_0p5_1.7500_114.2500,114.25,1.75,1995-07-01,1995,7,241.84706793891058,101.6274186633882,126.76458013625373,41.97298823765345,83.4589114476764,125.43189895872084,42.329537782214935,127.71904093424477,259.36366199311755,450.64844040643595,880.0606683640252
MY_0p5_1.7500_114.7500,114.75,1.75,1995-07-01,1995,7,192.2838881892862,100.50191213182835,126.07624196265027,28.483011947394655,65.89527750756456,94.37828716218779,42.10545530961585,127.01894600033143,257.74326367946486,446.5692116534772,873.4368842722839
MY_0p5_2.2500_101.7500,101.75,2.25,1995-07-01,1995,7,152.2022933189315,118.02078732577239,123.77508621986468,20.586883024735883,28.876684631964174,49.46356694385259,41.49298080290207,125.25146815752743,255.9945533829506,450.4928897125553,873.2319187973485
MY_0p5_2.2500_102.2500,102.25,2.25,1995-07-01,1995,7,183.99907899701427,113.95714685905493,116.59375427100075,23.433256459578374,40.380093241422365,63.813349144310465,41.414206637149796,124.81859738290592,254.67196684476863,446.6590633118552,867.5638436495402
MY_0p5_2.2500_102.7500,102.75,2.25,1995-07-01,1995,7,205.71924475174916,112.69831584978706,116.26494072057024,27.934109072142004,55.92501698264593,83.85912874680531,41.736722475365745,125.86831652967234,257.38980126682713,454.3150544951233,879.3098756814304
MY_0p5_2.2500_103.2500,103.25,2.25,1995-07-01,1995,7,210.81519852895585,109.82515132843501,114.83835514613558,27.5810856228783,65.63608069041418,93.2171648540194,42.07301148914155,127.06616738940043,259.69854852585564,457.7024255177331,886.5401427253845
MY_0p5_2.2500_103.7500,103.75,2.25,1995-07-01,1995,7,219.79130445577331,109.87755326093253,115.25592814300022,32.3109192023843,49.12956470554157,81.44048182600635,41.819992181810285,126.19174256405586,257.6578919491525,452.68037968005154,878.3500171726032
MY_0p5_2.2500_104.2500,104.25,2.25,1995-07-01,1995,7,227.20174004779602,110.23375763931895,119.53985898356792,33.99374285611239,28.55660503166766,62.55034788778006,42.23539213700728,127.7345919648478,260.6479769620028,457.21128176854666,887.8292695352856
MY_0p5_2.2500_104.7500,104.75,2.25,1995-07-01,1995,7,243.76756286621094,110.38933563232422,,,,,,,,,
MY_0p5_2.2500_109.7500,109.75,2.25,1995-07-01,1995,7,208.90189779958416,108.97696907289567,,,,,,,,,
MY_0p5_2.2500_111.2500,111.25,2.25,1995-07-01,1995,7,279.45719254016876,110.43928623199463,109.96496312758501,47.19249259724336,99.07964885936063,146.2721472347484,42.80525942409739,129.39340591430664,264.24069393382354,466.4363937377929,902.8757503733915
MY_0p5_2.2500_111.7500,111.75,2.25,1995-07-01,1995,7,286.52930908203126,109.54980243501207,110.70563633025637,48.36880134703621,106.62516263931516,154.9939666748047,42.8414679269942,129.48368123372396,264.3415286109561,466.3769826737661,903.0436624193949
MY_0p5_2.2500_112.2500,112.25,2.25,1995-07-01,1995,7,305.512707907056,108.59008556547617,112.81741274879091,57.068828691755016,118.35231226360986,175.42113875131759,42.87895917135572,129.54455091688368,264.1930589463976,465.0901650080605,901.7067423502605
MY_0p5_2.2500_112.7500,112.75,2.25,1995-07-01,1995,7,318.17008240714904,107.47076604933966,115.9334477015904,65.8288354782831,117.62325618683344,183.45209273080977,42.82515446496388,129.35031278095548,263.60078309074277,463.0636277940538,898.8398832775297
MY_0p5_2.2500_113.2500,113.25,2.25,1995-07-01,1995,7,324.0284649561322,106.28413817390566,120.69845549568299,64.35884118458581,112.49685821533205,176.855704897926,42.733999185713515,129.03360479445686,262.75676783001614,460.62886701311396,895.1532244001116
MY_0p5_2.2500_113.7500,113.75,2.25,1995-07-01,1995,7,292.1285154125359,103.64880911911592,121.28164153763012,39.302865511254424,85.78844241854512,125.09130861789367,42.383179700827306,127.87005347239823,259.71238679523714,451.75335200828846,881.7189676791809
MY_0p5_2.2500_114.2500,114.25,2.25,1995-07-01,1995,7,230.34456370520215,101.61213124593098,124.98107493567088,24.901076913258386,67.53028999207511,92.43136814662388,42.16963183690631,127.19032822866289,258.06937614319816,447.423549204024,874.8528796968005
MY_0p5_2.2500_114.7500,114.75,2.25,1995-07-01,1995,7,186.97867869715537,100.2657320822439,126.42873158608715,23.788773056768605,58.85032648886405,82.6390987519295,42.08277649418,126.95401874665292,257.66643794890376,446.78271267798635,873.4859455723918
MY_0p5_2.2500_115.2500,115.25,2.25,1995-07-01,1995,7,167.24830627441406,99.7286148071289,125.268798828125,16.743165969848633,47.52899169921875,64.27215576171875,41.86738967895508,126.32685852050781,256.4454345703125,444.3470458984375,868.9867553710938
MY_0p5_2.7500_101.2500,101.25,2.75,1995-07-01,1995,7,125.83192443847656,118.89776611328125,130.10787963867188,8.668624877929688,21.7491455078125,30.417770385742188,41.686424255371094,126.25470733642578,258.6936950683594,456.9727783203125,883.6076049804688
MY_0p5_2.7500_101.7500,101.75,2.75,1995-07-01,1995,7,145.95086708880484,114.47703904585404,106.02487104936077,14.171055786826392,39.18381926103071,53.35487437855113,41.52986348932439,125.57927995161577,256.371372569691,449.76284468217324,873.2433809037641
MY_0p5_2.7500_102.2500,102.25,2.75,1995-07-01,1995,7,173.10962944273734,110.93249689090025,113.72471822750795,13.291140240468795,28.72127218307204,42.01241160350241,41.590545107604584,125.6618465253502,255.9355794335626,446.0766964080227,869.2646672923094
MY_0p5_2.7500_102.7500,102.75,2.75,1995-07-01,1995,7,191.42650063430204,111.23236721376828,114.3435726407208,16.879993094673637,35.073516483548325,51.95350895652288,42.20069793508022,127.70727420758597,261.2782321398771,461.2548525846457,892.4410552978516
MY_0p5_2.7500_103.2500,103.25,2.75,1995-07-01,1995,7,198.59134693510214,111.54754854919045,109.57092413932652,21.052184360042503,41.52792010033966,62.580104232593705,41.29154722857627,124.26869388750404,253.6114794980189,445.3183095166637,864.4900199744352
MY_0p5_2.7500_103.7500,103.75,2.75,1995-07-01,1995,7,210.0061339668606,112.5004870870839,109.0135992023802,24.197737276279433,25.457863117692657,49.655599075528336,40.34574130713116,120.78667667933874,245.8711919828494,429.10732666578156,836.1109332247264
MY_0p5_2.7500_104.2500,104.25,2.75,1995-07-01,1995,7,226.55483560001147,111.18117310019099,122.0969467163086,29.32947540283203,19.655445098876953,48.984920501708984,42.28310775756836,127.81391143798828,260.5684509277344,456.5835266113281,887.2490234375
MY_0p5_2.7500_111.2500,111.25,2.75,1995-07-01,1995,7,277.05514168574894,110.84848538102776,110.14329169778263,44.22337599361644,99.84519464829388,144.0685712028952,42.80212727714988,129.39347525203928,264.2562848259421,466.4915367575253,902.9434186150046
MY_0p5_2.7500_111.7500,111.75,2.75,1995-07-01,1995,7,280.4884155773726,110.87861680202798,110.44982860828266,47.222329254808095,107.37756357521846,154.599892517616,42.83421684133595,129.47273504322973,264.3446778922245,466.4301435536351,903.0817639581088
MY_0p5_2.7500_112.2500,112.25,2.75,1995-07-01,1995,7,294.5092391967773,111.26110038274452,113.22399831136067,55.554117711385096,115.91797388712564,171.47208989461262,42.85667516072591,129.50731943766274,264.2653497314453,465.7570869954427,902.3864347330729
MY_0p5_2.7500_112.7500,112.75,2.75,1995-07-01,1995,7,307.740624246718,110.74687561807752,117.65450989445554,71.71954075294205,132.04491091378128,203.76445630230484,42.88602950904943,129.5392580153067,264.05774321737164,464.3277949079682,900.8108367919922
MY_0p5_2.7500_113.2500,113.25,2.75,1995-07-01,1995,7,318.1042004782056,108.99942006913442,122.80433247884115,68.74367406935919,119.97855265783885,188.72223089308963,42.772485944959854,129.17321641710066,263.1799309624566,462.0033460828992,897.1289787171379
MY_0p5_2.7500_113.7500,113.75,2.75,1995-07-01,1995,7,290.5802437363157,105.84882201662487,124.88996855620366,46.667956461572345,90.70502807228428,137.3729864958745,42.50080418434872,128.2587064269242,260.75117638460387,454.92863318570863,886.4393361085538
MY_0p5_2.7500_114.2500,114.25,2.75,1995-07-01,1995,7,233.2553785299953,102.26343980620179,125.78014764906484,35.90767060654073,90.5650750172289,126.47274203240117,42.473605143872994,128.1122599010226,260.06307288061214,452.0683565743362,882.7172988698453
MY_0p5_2.7500_114.7500,114.75,2.75,1995-07-01,1995,7,192.09344224869065,102.11038159412941,127.53707703511427,30.832034554451134,75.13134112024002,105.96337462990145,42.376276295655856,127.87662020154816,259.8182422613642,452.32991863663796,882.4010585128881
MY_0p5_2.7500_115.2500,115.25,2.75,1995-07-01,1995,7,172.93751539625563,100.61737576046504,123.0332785941459,18.305624523678336,43.42105638658678,61.726679106016405,41.69626978281382,125.71968566619597,254.7185407758833,439.2516922134537,861.3861952773085
MY_0p5_3.2500_101.2500,101.25,3.25,1995-07-01,1995,7,128.54865010579428,117.97488925800249,134.68294985285064,10.769631652980463,24.445702920164113,35.21533391633386,41.86872601045245,126.73609704637342,259.39268879575025,457.51764747233705,885.5151514431847
MY_0p5_3.2500_101.7500,101.75,3.25,1995-07-01,1995,7,144.53332559837483,109.79865758130506,106.88785655027743,15.832584496516333,61.45088781368962,77.28347316669051,41.739508367647794,126.07500948571858,256.6200930844447,447.2861727574829,871.7207937058371
MY_0p5_3.2500_102.2500,102.25,3.25,1995-07-01,1995,7,160.63158002580914,110.7578391423301,114.66543688092914,12.12274063049801,21.749205907185875,33.871945202539834,41.71012137276786,125.98557850671192,256.47559145972843,447.1336691235739,871.304986281622
MY_0p5_3.2500_102.7500,102.75,3.25,1995-07-01,1995,7,173.70232700396187,110.80075449883181,113.04925385004357,15.577870613412012,24.927073484734642,40.5049428336228,41.94714994068387,126.80404824848416,258.7203813383851,453.7669527077976,881.2385253906249
MY_0p5_3.2500_103.2500,103.25,3.25,1995-07-01,1995,7,183.2893266708921,112.29315794407351,104.14371197231428,19.886322791879262,23.16528056265865,43.0516022610742,40.215590821803595,120.41443226469455,245.30247467736856,428.65447172978804,834.5869635665845
MY_0p5_3.2500_112.2500,112.25,3.25,1995-07-01,1995,7,292.93496568467884,112.36724751790365,113.94549340142144,51.30852237277561,109.95585971408421,161.2643798828125,42.82676476372613,129.4361046685113,264.21571451822916,465.9954698350695,902.4740505642362
MY_0p5_3.2500_112.7500,112.75,3.25,1995-07-01,1995,7,310.97241333992247,112.64601018351892,120.72826060310739,85.02601404659084,131.8684996307873,216.8945146154185,42.88312518010374,129.54680646052128,264.1730284143667,464.92229274061856,901.5252470422963
MY_0p5_3.2500_113.2500,113.25,3.25,1995-07-01,1995,7,330.73403666790267,112.15044896405442,125.68296111713757,85.68022213560161,108.77515139724268,194.45537359064272,42.77785308433301,129.2428021286473,263.5909511681759,463.83127096927524,899.4428572221236
MY_0p5_3.2500_113.7500,113.75,3.25,1995-07-01,1995,7,305.7030058361235,109.80019320533388,125.69764077322823,73.9079341585674,104.20486571296813,178.11280067080543,42.685831427195716,128.91047518291168,262.60971602182536,460.69443601577996,894.9004504975818
MY_0p5_3.2500_114.2500,114.25,3.25,1995-07-01,1995,7,248.39154052734372,106.5863501919303,123.75629216090886,49.31263651513749,95.43469690213536,144.74732951753458,42.52861022949219,128.30297739794298,260.62106546778585,453.83316020601114,885.2857943978278
MY_0p5_3.2500_114.7500,114.75,3.25,1995-07-01,1995,7,205.46682321341936,106.2778692306227,127.51207963979928,29.954004135860764,66.05434774896902,96.00835027512473,42.317450565896976,127.70091684912423,259.47070419408715,451.6885371117076,881.1775998644011
MY_0p5_3.2500_115.2500,115.25,3.25,1995-07-01,1995,7,181.09989185574688,102.62686372105078,121.4391515707668,22.345296980459477,44.32567335684087,66.67096868346009,41.710448627230484,125.70101675202575,254.33805876140354,437.3380515183074,859.0875624644603
MY_0p5_3.2500_115.7500,115.75,3.25,1995-07-01,1995,7,169.5601376308484,100.90769804193732,118.3468979396177,23.819252142745455,52.81047345279308,76.62972559553853,41.87668206718531,126.32509424445334,256.24061155854986,443.0512880475334,867.4936866331637
MY_0p5_3.7500_100.7500,100.75,3.75,1995-07-01,1995,7,137.603759765625,120.12489318847656,138.3116455078125,14.663318634033203,16.094497680664062,30.7578182220459,42.0958137512207,127.4439468383789,260.9782409667969,461.38238525390625,891.900390625
MY_0p5_3.7500_101.2500,101.25,3.75,1995-07-01,1995,7,142.41758119044286,115.07294599909612,131.16957986084776,16.412242383247055,37.44379881824876,53.85604123235907,42.01749110299021,127.05410206125008,259.41259755748763,455.4722021405365,883.956385739027
MY_0p5_3.7500_101.7500,101.75,3.75,1995-07-01,1995,7,153.42480665094712,107.52554386892139,114.0696683507057,15.646400084161456,51.804236162999636,67.4506365417675,41.78837166318469,126.12833467714347,256.27865420784923,444.7749571587631,868.9703431342059
MY_0p5_3.7500_102.2500,102.25,3.75,1995-07-01,1995,7,161.05330500527032,107.30374072846911,112.24115871853299,16.678864572918606,36.129470613267685,52.808334580678796,41.85512903607081,126.35671287415516,256.9117710658482,446.8321715339781,871.9558099655878
MY_0p5_3.7500_102.7500,102.75,3.75,1995-07-01,1995,7,166.6886958046565,109.80189027332123,109.05840480743892,17.722071020943776,35.02373457409087,52.74580337282211,42.03406049940321,126.9992744082496,258.7594689747644,452.496594625806,880.2894019717262
MY_0p5_3.7500_103.2500,103.25,3.75,1995-07-01,1995,7,170.89106884230657,111.17341008889247,103.54834062164906,21.390847105138445,39.01644819110048,60.407292893353635,41.53841138353535,125.22380819881664,255.15460564108454,445.98620928596046,867.9030443378523
MY_0p5_3.7500_113.2500,113.25,3.75,1995-07-01,1995,7,338.2105884552002,114.62178087234497,125.93109406017868,84.87087024626186,99.32069822217598,184.19156309034005,42.7702901871478,129.24898916776064,263.7486177037974,464.6913527191663,900.45924352427
MY_0p5_3.7500_113.7500,113.75,3.75,1995-07-01,1995,7,322.34726815271864,114.07340291341146,122.71416374626283,67.4917046630267,102.94615519008205,170.43786058148135,42.77446904845994,129.23863175771768,263.632145360064,464.1455648971607,899.7908242234906
MY_0p5_3.7500_114.2500,114.25,3.75,1995-07-01,1995,7,287.47496263313906,111.9768552749876,122.04586356026783,50.25392010401166,80.39140201144747,130.64532206701853,42.63808737860785,128.8054494222005,262.6382421099951,461.7546351841518,895.8364141555058
MY_0p5_3.7500_114.7500,114.75,3.75,1995-07-01,1995,7,254.5810146755642,109.8022280738467,125.20579245431082,29.937627029418945,47.36854778471447,77.30617583744109,42.293697744702534,127.71434294685487,260.0167259579613,454.84363519577755,884.8683967711432
MY_0p5_3.7500_115.2500,115.25,3.75,1995-07-01,1995,7,221.28074486142114,102.93783908420137,119.60574718656993,31.556666122920923,57.009361218649246,88.56602703276133,41.98540646992033,126.55550914946055,256.2383708651103,441.6339641268291,866.4132591610861
MY_0p5_3.7500_115.7500,115.75,3.75,1995-07-01,1995,7,195.29028287379862,99.89227174168867,118.67080995847851,29.86489684290165,59.356175786299666,89.22107262920132,41.95665603747471,126.5444575796882,256.5583206286533,443.14858459911756,868.2079955176483
MY_0p5_4.2500_100.7500,100.75,4.25,1995-07-01,1995,7,162.00537242889405,119.33823385764293,133.49668579101564,14.88692523800597,19.633422672505283,34.520347221530216,42.18004222013513,127.65268196573065,261.236216019611,461.65817534777585,892.7271163006219
MY_0p5_4.2500_101.2500,101.25,4.25,1995-07-01,1995,7,167.31372277311576,110.09746155465487,120.6679081521976,17.155972954573905,63.03152245928528,80.18749843888982,42.11622164052004,127.13279000057535,258.4667313691158,449.8361287694069,877.5518927118582
MY_0p5_4.2500_101.7500,101.75,4.25,1995-07-01,1995,7,171.56666512505706,107.88958866984702,118.62938127121608,15.051220790265846,40.970815372162356,56.022034727346416,42.15240088514627,127.32288870034508,259.3692406602561,453.8025224094574,882.6470611864768
MY_0p5_4.2500_102.2500,102.25,4.25,1995-07-01,1995,7,172.22692086216745,109.19911481473396,109.87093294771334,14.866616367912906,38.27268288463069,53.13930071504734,42.1119965988988,127.276394146319,259.58997274283024,455.0661856069352,884.0445437690321
MY_0p5_4.2500_102.7500,102.75,4.25,1995-07-01,1995,7,168.65547335679366,108.34055666103484,99.90167173154795,14.491696533883456,56.27009365664925,70.76179352535564,41.99702679579425,126.84496555206886,258.1396836201856,449.68531721564625,876.6669779977982
MY_0p5_4.2500_103.2500,103.25,4.25,1995-07-01,1995,7,161.21574980845094,111.12425157500478,98.46848788909382,14.620605063355345,36.161029723463166,50.78163588587,41.56754612673451,125.35307407711443,254.0639501697926,438.6565814400384,859.6411388011759
MY_0p5_4.2500_113.7500,113.75,4.25,1995-07-01,1995,7,353.6836528475323,116.91304409142697,117.87689180194207,53.024519470502746,78.50214493949458,131.5266674689527,42.56569146210293,128.63585043853186,262.5321899989866,462.1640953207916,895.8978467257518
MY_0p5_4.2500_114.2500,114.25,4.25,1995-07-01,1995,7,355.66048274977936,115.9389113201598,118.75450861868251,47.536469139187496,68.35025501619435,115.8867248181671,42.580923971522274,128.64944116305202,262.4332893990182,461.7850317052893,895.4486984194016
MY_0p5_4.2500_114.7500,114.75,4.25,1995-07-01,1995,7,329.1680055745443,113.2577678426107,123.69129252115889,50.001835937500005,77.2797858174642,127.28162206013998,42.594456431070974,128.62754130045573,262.0373986816407,459.8131115722656,893.0725024414063
MY_0p5_4.2500_115.2500,115.25,4.25,1995-07-01,1995,7,285.79292154312134,107.52200190226236,119.57010743353104,32.93946732415093,55.9498770236969,88.88934434784782,41.921752174695335,126.34453521834479,255.66935830646088,440.0241943995158,863.9598507351345
MY_0p5_4.2500_115.7500,115.75,4.25,1995-07-01,1995,7,244.57384198722193,102.17112318135926,114.22508123365499,28.718122010311838,53.692983969995545,82.41110513978087,41.83317997819287,126.15485273458191,255.61259786314892,440.6700887389103,864.270707056078
MY_0p5_4.2500_116.2500,116.25,4.25,1995-07-01,1995,7,202.80139923095706,109.05840534117164,119.41796246970573,26.012186172531873,58.827283301004556,84.83946674626048,41.92624201425692,126.51653443313228,256.7719259494689,444.32653976068275,869.5412262707222
MY_0p5_4.2500_116.7500,116.75,4.25,1995-07-01,1995,7,185.3154889586344,113.58361049056742,120.25198897874425,22.271514137356267,56.363690525121086,78.63520566025223,42.04887341626119,127.00921176623748,258.46294866131916,450.25202333307004,877.7730183684068
MY_0p5_4.2500_117.2500,117.25,4.25,1995-07-01,1995,7,183.07072225925143,117.8235916205212,121.25725190829387,20.597286612586643,39.10725604538369,59.704545282684606,42.074444019688976,127.24135066344675,259.74201290164376,455.72558485723175,884.7833905515419
MY_0p5_4.2500_117.7500,117.75,4.25,1995-07-01,1995,7,172.74019277197684,117.91434557009967,114.02389184022563,14.038752816681173,15.087964049771301,29.12671759189704,39.7430215004163,118.8716290465787,240.14583287687387,411.02419965695117,809.7846974429922
MY_0p5_4.2500_118.2500,118.25,4.25,1995-07-01,1995,7,152.05954702276935,116.6622393424051,100.47604812330502,8.660441854197508,1.64698605324812,10.307427728252048,36.09801611930701,105.73995427417148,210.66277842916506,347.8940451069243,700.3948068801005
MY_0p5_4.2500_118.7500,118.75,4.25,1995-07-01,1995,7,140.41958787706164,116.46005729392722,93.0656967163086,7.792868614196777,0.15552254021167755,7.948390960693359,34.25132751464844,99.10009765625,196.53338623046875,320.31622314453125,650.2010498046875
MY_0p5_4.7500_100.2500,100.25,4.75,1995-07-01,1995,7,218.4151272243924,121.97268168131511,,,,,,,,,
MY_0p5_4.7500_100.7500,100.75,4.75,1995-07-01,1995,7,201.81220039820562,116.68596250993492,124.66282905020363,11.679734830933857,44.402292127531716,56.082027574864824,41.89591570598323,126.58936880468353,257.9075849579602,450.45501609740217,876.8479095707095
MY_0p5_4.7500_101.2500,101.25,4.75,1995-07-01,1995,7,198.8637406171379,106.30262625558036,110.19774017333984,14.027673784891768,75.56179016355483,89.58946907406761,42.050608777243,126.86769007122705,257.52673640175476,446.2133816189237,872.6584311833457
MY_0p5_4.7500_101.7500,101.75,4.75,1995-07-01,1995,7,192.25225076857643,107.4177492171999,111.53752475314671,13.541330261835977,54.856248425680505,68.39757755824498,42.19150661892362,127.41169821118552,259.36057816762775,452.89585319397946,881.8596090649801
MY_0p5_4.7500_102.2500,102.25,4.75,1995-07-01,1995,7,181.66304364885605,109.8098636445545,100.7650397164481,14.846267273312522,57.92050806681315,72.76677391415551,42.129527210053936,127.19788375127885,258.76169201078864,450.93536289760044,879.024439639137
MY_0p5_4.7500_102.7500,102.75,4.75,1995-07-01,1995,7,168.2251980532506,109.20113972949373,95.11777600816859,14.055836243234621,59.3949477930737,73.45078131803281,42.09929113934753,127.11998381888029,258.62912648194913,450.63274893791043,878.4811545208
MY_0p5_4.7500_103.2500,103.25,4.75,1995-07-01,1995,7,153.36173027725582,112.37890317546788,90.0072883521499,12.318074789434341,41.13117125377445,53.449247441168644,40.02003452258798,119.7111132576017,242.2643155031099,416.6348867944247,818.6303278511301
MY_0p5_4.7500_103.7500,103.75,4.75,1995-07-01,1995,7,143.40420933773646,114.13108825683594,80.82303203235972,5.39036276433375,1.6107625187217414,7.001125397620263,35.103299227627836,102.08806847906732,203.80614421894023,339.06052190607244,680.0580048003753
MY_0p5_4.7500_113.7500,113.75,4.75,1995-07-01,1995,7,439.4418029785156,118.76624298095703,,,,,,,,,
MY_0p5_4.7500_114.2500,114.25,4.75,1995-07-01,1995,7,439.4418029785156,118.9504029410226,123.05366516113281,53.48736572265625,92.13263702392578,145.6199951171875,42.795413970947266,129.26705932617188,263.59619140625,464.0783996582031,899.737060546875
MY_0p5_4.7500_114.7500,114.75,4.75,1995-07-01,1995,7,409.13086265646007,119.27742750926686,126.99656923355596,69.64451976488995,117.82574175762873,187.47026045604417,42.893425931212725,129.5071010794691,263.77776344873575,463.3338632891255,899.5121473086778
MY_0p5_4.7500_115.2500,115.25,4.75,1995-07-01,1995,7,353.1414246559142,117.01809648672739,127.26299711068468,60.24251277248064,122.28081454833347,182.5233272711436,42.651793241500854,128.58487689495084,260.65497318903596,452.0695541699727,883.9611994425453
MY_0p5_4.7500_115.7500,115.75,4.75,1995-07-01,1995,7,297.1193748837425,110.26034492613778,118.5074207850865,28.67612498449901,73.79441253419907,102.47053818475634,42.15695284888858,127.12176913306826,257.7115464952257,445.9104851616753,872.9007547045511
MY_0p5_4.7500_116.2500,116.25,4.75,1995-07-01,1995,7,237.63469945514007,110.02073436918711,121.84890347435358,17.63893101404583,59.84960660177562,77.48853929307724,42.03951764787946,126.86730838351775,257.66818712022564,447.1572479732452,873.7322387695311
MY_0p5_4.7500_116.7500,116.75,4.75,1995-07-01,1995,7,204.5299192983893,112.20826120014434,120.05987247032458,16.029560593110098,60.07041296174254,76.09997321985946,41.99352293376681,126.77492890176896,257.66518691823455,447.5899672689316,874.0236026425905
MY_0p5_4.7500_117.2500,117.25,4.75,1995-07-01,1995,7,203.00987897600444,114.528903101361,118.02069396972658,19.374374746897864,61.91863495357454,81.29301057845827,42.0209466358972,126.88978036547462,258.05217914884054,448.8735111297123,875.8364151243178
MY_0p5_4.7500_117.7500,117.75,4.75,1995-07-01,1995,7,184.76247174226782,116.1905755393113,118.01867967919459,18.169493439831307,47.11616360386716,65.2856584138508,41.87019841882247,126.41360997550093,257.00586898417407,446.7726234725759,872.0622902399376
MY_0p5_4.7500_118.2500,118.25,4.75,1995-07-01,1995,7,157.16991635423213,117.4378276805782,117.34324458136633,13.799430094771653,26.443081496348935,40.24251301444357,41.37326985268138,124.79026096669875,252.89452925638943,435.90374311130864,854.9617947525716
MY_0p5_4.7500_118.7500,118.75,4.75,1995-07-01,1995,7,139.51273877107644,117.49678754202927,116.06243944771681,10.712705672541752,10.91422083106222,21.62692736372163,40.550587376461756,122.05678143078768,245.52663315398783,414.3127074422715,822.4467093552214
MY_0p5_5.2500_100.2500,100.25,5.25,1995-07-01,1995,7,244.12802582669124,120.04883332886448,63.90658950805664,22.469884872436523,37.98691177368164,60.45679473876953,28.246360778808594,76.48160552978516,155.49880981445312,271.5199279785156,531.7467041015625
MY_0p5_5.2500_100.7500,100.75,5.25,1995-07-01,1995,7,238.00099541159238,115.52946419051932,117.97062617334826,19.21821701663664,54.84554409158641,74.06376077936984,41.273127150261544,123.9686438023359,251.50787318437955,436.10158319582894,852.8512285605244
MY_0p5_5.2500_101.2500,101.25,5.25,1995-07-01,1995,7,229.207372562469,108.30125797816684,110.33087463378907,21.27739288087875,74.41125197637648,95.6886487688337,42.179469880603605,127.1710989573645,257.8003545851935,446.0073076520647,873.1582226950025
MY_0p5_5.2500_101.7500,101.75,5.25,1995-07-01,1995,7,211.2902963723347,107.49349275819819,108.66537378396198,16.678144691856048,54.06689167933861,70.74503418442552,42.1166980281757,127.02048256746525,257.7255246107746,447.1935842720567,874.0562670276423
MY_0p5_5.2500_102.2500,102.25,5.25,1995-07-01,1995,7,186.98481930289296,114.27001877802952,99.43135632071524,14.320158375296622,42.2533288761309,56.57348747010443,41.52170622272856,125.02033955276391,253.2522094143424,438.545394508702,858.3396429559986
MY_0p5_5.2500_102.7500,102.75,5.25,1995-07-01,1995,7,164.8311255638297,112.39600192513436,92.4525563902774,15.820282525531317,50.954738757569906,66.7750201079805,40.72189856060481,122.11199519270556,247.25903506521445,430.11718253442797,840.2101084563691
MY_0p5_5.2500_103.2500,103.25,5.25,1995-07-01,1995,7,151.65333353678383,114.47931166552993,98.68928834989474,21.264039553605116,52.8752976888186,74.13933911261621,41.948328835623606,126.5708217373142,257.37557676240993,448.32717360459367,874.2218786462562
MY_0p5_5.2500_115.2500,115.25,5.25,1995-07-01,1995,7,380.35894775390625,121.62746589414535,126.67491750248143,50.910888796947035,105.1452078897445,156.0560968117636,42.30867023155338,127.5400950947746,258.52722568199283,448.410707567559,876.7866861312117
MY_0p5_5.2500_115.7500,115.75,5.25,1995-07-01,1995,7,343.85723080842394,119.36480703233165,120.75069106797038,29.307631314811054,69.56819288609391,98.87582459530586,41.95338150283037,126.44837452516715,256.1298442258673,442.8807465116856,867.4123212394068
MY_0p5_5.2500_116.2500,116.25,5.25,1995-07-01,1995,7,269.32823195638537,114.13912268529964,117.94554799719704,24.027774388277077,69.60060154637203,93.62837875945658,42.2625260172011,127.54521862464614,259.17998842649826,451.11467984356455,880.1024034717415
MY_0p5_5.2500_116.7500,116.75,5.25,1995-07-01,1995,7,226.7041392748869,114.64940681940391,117.94477472426017,21.48223082626922,79.75374662423435,101.2359794906423,42.29309977760797,127.66700848446617,259.5254408437994,451.75990005686305,881.2454447685917
MY_0p5_5.2500_117.2500,117.25,5.25,1995-07-01,1995,7,223.52947983514696,117.87421744210378,118.25728093707372,23.7075988587879,91.48239472404359,115.18999490889293,42.40393509637742,128.0786126999628,260.7665774390811,455.6197219122024,886.8688618009054
MY_0p5_5.2500_117.7500,117.75,5.25,1995-07-01,1995,7,200.611673070514,118.39651031494141,115.66043500143383,22.40818308270167,71.72738502139137,94.1355703202505,42.2738518608941,127.71045294867622,260.1496781606523,454.92473144531243,885.0587140764509
MY_0p5_5.2500_118.2500,118.25,5.25,1995-07-01,1995,7,161.791497087304,117.94477166339851,114.07759602054668,13.70787014323435,26.49531371654219,40.203185142225514,41.53462143916233,125.31093060438799,254.25095163333188,439.8870015721412,860.9834942665831
MY_0p5_5.2500_118.7500,118.75,5.25,1995-07-01,1995,7,135.850813369751,116.97188621399893,113.94292651282417,9.239129887686834,7.615405642324022,16.854536241955227,40.29445743560791,121.19531853993733,243.13862800598142,406.97615814208984,811.6045642428927
MY_0p5_5.2500_119.2500,119.25,5.25,1995-07-01,1995,7,124.36343540557442,115.99570821126302,113.89962005615234,8.271317481994629,3.7124369144439697,11.983755111694336,39.78315734863281,119.49181365966797,238.46156311035156,392.7866516113281,790.523193359375
MY_0p5_5.7500_100.2500,100.25,5.75,1995-07-01,1995,7,263.4453879691459,118.84662339494034,94.11697156713643,27.801276688182025,15.72059823941747,43.52187459403222,34.90689265399898,100.86193497684025,203.61367727857117,351.63726330678395,691.019748512758
MY_0p5_5.7500_100.7500,100.75,5.75,1995-07-01,1995,7,256.6880370124938,116.04481520879837,104.609515914917,30.631512343088787,52.551714375019074,83.1832297261556,40.27899161020915,120.17604782104493,242.987548828125,419.2388439941406,822.6814149983724
MY_0p5_5.7500_101.2500,101.25,5.75,1995-07-01,1995,7,246.52398603544466,112.78885629608877,106.1659360269862,34.174284446896536,73.76021377683625,107.9344984039547,42.25073102515515,127.27318101417364,257.4582374152236,444.18210764006375,871.1642352727456
MY_0p5_5.7500_101.7500,101.75,5.75,1995-07-01,1995,7,222.2533447901408,111.80711444218953,104.93052562077841,24.483555444081627,35.4921574840099,59.975714472929646,41.2360256989797,123.71975574493409,247.34900538126627,417.99660352071135,830.3013910929362
MY_0p5_5.7500_102.2500,102.25,5.75,1995-07-01,1995,7,192.46739480434317,117.4597035677005,94.65622038150877,9.405301057128392,3.0029288411891257,12.408229903339938,38.31838557696102,113.58493304011797,221.87459479437933,353.8540764497185,727.6319876006155
MY_0p5_5.7500_102.7500,102.75,5.75,1995-07-01,1995,7,166.140239780971,114.19697081926957,74.25613403320312,9.315670013427734,4.770263195037842,14.085933685302734,33.474586486816406,95.89478302001953,187.45391845703125,318.8289794921875,635.6522827148438
MY_0p5_5.7500_103.2500,103.25,5.75,1995-07-01,1995,7,150.53768920898438,115.07341003417969,,,,,,,,,
MY_0p5_5.7500_115.2500,115.25,5.75,1995-07-01,1995,7,387.988617960612,123.47388687133788,132.23948669433594,88.65570831298828,171.64430236816406,260.3000183105469,43.11715316772461,130.20465087890625,265.2318115234375,466.13861083984375,904.6921997070312
MY_0p5_5.7500_115.7500,115.75,5.75,1995-07-01,1995,7,350.1319761685799,120.52701400101552,120.70088922409786,57.68927655901228,117.97122846330915,175.66051098051526,42.537451208205454,128.2796100434803,260.2302344912575,452.18167869931176,883.2289632161459
MY_0p5_5.7500_116.2500,116.25,5.75,1995-07-01,1995,7,283.42757093641495,114.0244143773639,111.35469268314421,39.26554347446986,92.64056718614367,131.90611322796533,42.23199759589301,127.28156840006511,257.70402182927205,445.200587390718,872.4181698753721
MY_0p5_5.7500_116.7500,116.75,5.75,1995-07-01,1995,7,237.94979272267173,111.63859747023808,104.83382897755456,31.29246081397647,100.09658928522987,131.3890492151654,42.338641526963976,127.71433681911893,259.1415755498977,449.607282172309,878.8018329923115
MY_0p5_5.7500_117.2500,117.25,5.75,1995-07-01,1995,7,233.93970925123534,118.47149872403791,109.19142153285655,35.13685034502193,113.14873851210538,148.28559018685615,42.717590572706165,129.064900298976,263.0672731610127,461.7209288780622,896.5706962320708
MY_0p5_5.7500_117.7500,117.75,5.75,1995-07-01,1995,7,212.5758379255022,120.176363796658,110.1861993930484,31.72232557463166,82.61520919543787,114.33753529491042,42.60711983546315,128.7125717265494,262.29872930129903,460.4093767204541,894.0277773453887
MY_0p5_5.7500_118.2500,118.25,5.75,1995-07-01,1995,7,172.49732176015075,118.8896068572998,108.53180704752604,20.022693057590065,25.071831868489586,45.09452477349175,41.52559070163303,125.06062099880641,252.580875515408,433.2964740668403,852.4635590277778
MY_0p5_5.7500_118.7500,118.75,5.75,1995-07-01,1995,7,138.24297831608698,117.74977111816406,107.76732635498047,14.785832405090332,2.324307680130005,17.110139846801758,40.99175262451172,123.2633285522461,247.81143188476562,420.00885009765625,832.0753784179688
MY_0p5_6.2500_99.7500,99.75,6.25,1995-07-01,1995,7,276.48236921721815,117.90825668035768,120.02987440242325,38.7922372152639,17.348329943279886,56.14056715854379,41.17665463824605,123.85906308196313,249.38841602414152,424.97778036428053,839.401885276617
MY_0p5_6.2500_100.2500,100.25,6.25,1995-07-01,1995,7,259.7946226596832,118.16429084539413,112.13816425557037,29.60433357394471,7.946650968279156,37.55098540636958,39.180070044069865,116.52264684560349,234.0461757737763,399.2193516322544,788.968218620456
MY_0p5_6.2500_100.7500,100.75,6.25,1995-07-01,1995,7,252.60573739895034,117.78287968580328,104.59074042478584,28.815204863382586,26.522339194897985,55.33754423870543,40.43385644861171,120.71575102934968,239.95225018239853,409.5681966538595,810.6700309841789
MY_0p5_6.2500_101.2500,101.25,6.25,1995-07-01,1995,7,248.35633544921876,116.71741790771485,101.39582378680889,30.522032811091496,36.84332874004657,67.36535984919622,41.086712587796725,122.94496272160458,243.48374352088342,414.9386620154748,822.4540893554687
MY_0p5_6.2500_101.7500,101.75,6.25,1995-07-01,1995,7,217.4164563860212,118.96183057512556,96.6427263532366,13.059418528420585,6.110571772477955,19.1699901172093,38.39735554286411,113.7144803728376,217.4979849679129,343.32493722098206,712.9347656249998
MY_0p5_6.2500_102.2500,102.25,6.25,1995-07-01,1995,7,197.37160142262778,119.76749582988458,93.62728118896484,4.12060022354126,2.758179616648704E-4,4.120875835418701,37.207359313964844,109.84143829345703,208.6665496826172,304.32647705078125,660.0418090820312
MY_0p5_6.2500_115.7500,115.75,6.25,1995-07-01,1995,7,300.7182117808949,120.96493877064097,125.59443664550781,49.166534423828125,65.57588195800781,114.74241638183594,42.14138412475586,126.86808776855469,256.1280517578125,440.1476135253906,865.28515625
MY_0p5_6.2500_116.2500,116.25,6.25,1995-07-01,1995,7,270.1447844254343,117.37363417106762,114.6801408944151,33.07740465239806,45.848958451842414,78.9263630333451,41.44017618658259,124.49563349921273,249.78560877056373,422.72744912302966,838.4488675961935
MY_0p5_6.2500_116.7500,116.75,6.25,1995-07-01,1995,7,235.11706688290553,114.7677738492451,102.42296515570746,20.216672758072143,44.59497397324396,64.8116466461666,41.14874209449405,123.55205102345302,247.4286049979074,416.3827946738591,828.512183392237
MY_0p5_6.2500_117.2500,117.25,6.25,1995-07-01,1995,7,231.33963782900858,118.71178915841239,102.66736937023344,26.491369420006162,69.27808251456608,95.76945074777755,41.26868148077102,123.8736325218564,249.75121799045138,426.51879117451017,841.4123275514634
MY_0p5_6.2500_117.7500,117.75,6.25,1995-07-01,1995,7,222.44558850924176,120.53044291337332,104.82842138636181,27.61329767996805,66.47804144416985,94.09133765014292,41.216315665440256,123.67468779268322,249.53563935575434,426.88225907889023,841.3088989257814
MY_0p5_6.2500_118.2500,118.25,6.25,1995-07-01,1995,7,212.8951748439244,120.51054109845842,109.07532719203404,30.990116221564158,64.95799269500588,95.94810884339469,41.99263082231794,126.48934936523438,255.5752476283482,439.29002162388394,863.3472355433873
MY_0p5_6.7500_100.2500,100.25,6.75,1995-07-01,1995,7,259.0221831377815,117.5934169993681,117.89935734692742,30.295727884068206,11.308683619779698,41.60441292033477,40.806733047260956,122.48494238011978,245.47570912978227,415.631186316995,824.398547004251
MY_0p5_6.7500_100.7500,100.75,6.75,1995-07-01,1995,7,250.10560212311924,118.42871037235966,106.09241909450957,20.089507844713,8.025946157949944,28.115454497160737,39.68962125424986,117.86282687717015,227.35976664225262,386.12973248517073,771.04195827908
MY_0p5_6.7500_116.2500,116.25,6.75,1995-07-01,1995,7,222.05306375437772,120.01532780846883,101.73843234922828,8.524168386691954,1.1175196242118368,9.641687811874762,38.581215463033544,114.5200139487662,220.795240820908,334.2497603253621,708.1462134384528
MY_0p5_6.7500_116.7500,116.75,6.75,1995-07-01,1995,7,219.88217489635895,119.29423648118971,95.85836366796683,8.474851416033719,3.0053606413179645,11.480211974132674,37.813087252288945,111.6970428346174,216.85818855376112,330.7259645725899,697.0942720556448
MY_0p5_6.7500_117.2500,117.25,6.75,1995-07-01,1995,7,219.23050617967914,119.38022593962842,92.16735633917615,8.643113376819983,5.562593205972829,14.205706617473501,37.341051439268405,109.8706068190853,214.91200728965015,333.02213726212494,695.1458051563365
MY_0p5_6.7500_117.7500,117.75,6.75,1995-07-01,1995,7,224.78263897365994,120.09814389546712,97.5514223575592,10.430851250886915,6.399258439196274,16.830109626054764,38.43098747730255,113.64045906066895,224.50658988952637,362.3856086730957,738.9636535644532
MY_0p5_7.2500_116.7500,116.75,7.25,1995-07-01,1995,7,191.53982796256,119.79079782395137,89.61353872547978,3.784208857494852,4.01772869340873E-5,3.7842491253562596,35.34212291551673,103.02367401123047,193.14309878141984,253.9470899498981,585.4559771993886
MY_0p5_7.2500_117.2500,117.25,7.25,1995-07-01,1995,7,186.9941209672808,119.13731308670731,88.14795700876337,3.922745604264109,3.646309736914669E-5,3.922782165125796,34.90647735595703,101.45706738923724,190.3425647936369,246.56422392192636,573.2703227796052
MY_0p5_0.7500_110.2500,110.25,0.75,1995-08-01,1995,8,457.41063889723563,93.54000068077674,105.88511986365685,100.96212533804089,191.24421034592854,292.2063223031852,42.97293484027569,129.73374516413762,263.8867929311899,461.17993304912864,897.7734027569112
MY_0p5_0.7500_110.7500,110.75,0.75,1995-08-01,1995,8,468.7271044049944,95.0248086111886,111.01929604666573,112.286595589774,183.26454860142297,295.5511457170759,43.024775750296456,130.0126286097935,265.0786612374441,465.91333356584823,904.0293875558036
MY_0p5_0.7500_111.7500,111.75,0.75,1995-08-01,1995,8,475.58717515733514,92.60812402149988,113.70347643655444,124.50067477756077,213.52581278483072,338.02648199172245,43.101473066541885,130.23556809198288,265.4319380502852,466.087393624442,904.8563678075398
MY_0p5_1.2500_103.2500,103.25,1.25,1995-08-01,1995,8,225.41527224049983,104.16420071796306,122.56489632346414,33.06087810342963,24.853558583693072,57.914437294006355,38.68676818500866,115.0683352730491,235.6282008777965,415.80833573774856,805.1916226473722
MY_0p5_1.2500_103.7500,103.75,1.25,1995-08-01,1995,8,217.90993921965074,102.65268003593371,111.1939583195066,36.25443047458686,39.89147717744402,76.14590791128214,40.003331786220514,119.97141525120412,245.72961810954567,434.3130679824977,840.0174299814169
MY_0p5_1.2500_104.2500,104.25,1.25,1995-08-01,1995,8,219.63444235665455,102.46533987862723,98.81547546386719,40.481231689453125,58.14839172363281,98.62962341308594,41.73802947998047,126.41866302490234,259.00469970703125,458.5564880371094,885.7178955078125
MY_0p5_1.2500_109.7500,109.75,1.25,1995-08-01,1995,8,439.0880204166275,96.06877494720091,104.35264578210304,116.2677310805723,207.05402548916373,323.32174939994354,43.17143355220197,130.37484961819936,265.5438725115305,466.1884761948184,905.2786321065513
MY_0p5_1.2500_110.2500,110.25,1.25,1995-08-01,1995,8,461.345739651831,94.64096458169944,105.73994257275203,108.14238188165498,210.44057573590965,318.5829455990589,43.077470035626625,130.04062720339275,264.51069953358774,462.5240560995567,900.152858189174
MY_0p5_1.2500_110.7500,110.75,1.25,1995-08-01,1995,8,471.12519831581716,95.3571568080357,111.39341612316312,116.5130674331907,200.14635000077502,316.6594145275297,43.10461193266369,130.22724347795756,265.42144068157864,466.3420475066654,905.0953421456474
MY_0p5_1.2500_111.2500,111.25,1.25,1995-08-01,1995,8,464.0147669003033,94.26510351991502,110.88597487184569,144.4888857759226,217.1016401101987,361.5905322967627,43.12718585809581,130.29914758456783,265.5100295581757,466.10127048675236,905.0376298313324
MY_0p5_1.2500_111.7500,111.75,1.25,1995-08-01,1995,8,472.32800050765746,92.34820968385726,111.65843818301248,119.71552131289526,226.9562482076978,346.67176503983757,43.14415813627697,130.34534345354353,265.56969875759546,466.0398235018291,905.0990135556176
MY_0p5_1.2500_112.2500,112.25,1.25,1995-08-01,1995,8,492.3802640498592,90.43702612552545,114.36506734160602,137.73156505913903,270.3717436814671,408.1033069591232,43.31930840196949,130.81571596407045,266.2789672231916,466.6201212152006,907.0341019218947
MY_0p5_1.2500_112.7500,112.75,1.25,1995-08-01,1995,8,513.8062082926432,89.35457261403403,115.5934518178304,150.23190593719482,330.88900566101074,481.12090428670246,43.54224920272827,131.37763849894205,266.9143136342367,466.10524495442706,907.9394772847494
MY_0p5_1.2500_113.2500,113.25,1.25,1995-08-01,1995,8,528.1617734162704,89.66264674974525,117.43127633799676,134.35804357114043,274.07750111455505,408.43554342518684,43.30811847189198,130.68893008024796,265.59461484162705,463.74290214206866,903.3345851732337
MY_0p5_1.2500_113.7500,113.75,1.25,1995-08-01,1995,8,466.8186398130474,89.43039339238946,117.72882224574234,109.19087953278512,216.24678698453036,325.43765536221593,43.08581612326882,130.056577277906,264.47686420787466,462.10718073989403,899.7264399672999
MY_0p5_1.2500_114.2500,114.25,1.25,1995-08-01,1995,8,347.09061155066024,88.2010890319284,120.96114167069967,79.61496052699806,170.52109912433454,250.13605519522608,42.89981173625035,129.5074633032875,263.41353316855646,460.2512190827227,896.0720501114837
MY_0p5_1.2500_114.7500,114.75,1.25,1995-08-01,1995,8,240.09430325415826,86.13793133151145,116.75564649028163,41.32594840757309,101.77008351972027,143.09603537282635,42.41153003323463,127.97542448966735,259.87760777627267,451.40303482547887,881.6676104145666
MY_0p5_1.7500_102.7500,102.75,1.75,1995-08-01,1995,8,240.78696108654722,104.80180578073745,124.58014774322511,39.93355983495712,83.63066101074219,123.56422138214113,41.27867639064789,123.95742535591125,253.0997896194458,446.05553817749023,864.3914470672606
MY_0p5_1.7500_103.2500,103.25,1.75,1995-08-01,1995,8,226.08451336599225,102.69287948902969,123.0246057510376,30.5589309501648,49.53827789306641,80.0972091293335,40.877899971008304,122.79174949645999,251.06194808959964,442.7120265197754,857.4436126708985
MY_0p5_1.7500_103.7500,103.75,1.75,1995-08-01,1995,8,218.49115758002557,102.1541299699228,115.52550190309934,36.755203047885175,50.88939553272875,87.64459742775446,40.886880331401585,123.02934438971023,251.80349045765553,444.6477127075195,860.3674244941035
MY_0p5_1.7500_104.2500,104.25,1.75,1995-08-01,1995,8,219.07984781265256,102.40252838134765,110.06829230729923,43.383243886075284,62.727912015693136,106.111154364061,42.0049232068912,127.19043530604637,260.40422259190285,460.35612239394084,889.9557187575703
MY_0p5_1.7500_109.7500,109.75,1.75,1995-08-01,1995,8,427.365828225779,96.18339157104491,104.24513244628906,117.87786102294922,209.82313537597656,327.70098876953125,43.18827819824219,130.42579650878906,265.654541015625,466.4530029296875,905.7216186523438
MY_0p5_1.7500_110.2500,110.25,1.75,1995-08-01,1995,8,459.4630524710323,96.51701825074475,105.76602499242773,119.0744568115887,237.80177976230888,356.87622886290524,43.24116324358446,130.53440873253155,265.5876149876232,465.1160315855302,904.4792395607037
MY_0p5_1.7500_110.7500,110.75,1.75,1995-08-01,1995,8,468.1791354092684,95.93023161454634,112.15570526123047,124.21147308349609,231.94548721313473,356.15694732666014,43.25289440155029,130.62515335083006,266.0566680908203,467.1403396606445,907.0750762939452
MY_0p5_1.7500_111.2500,111.25,1.75,1995-08-01,1995,8,445.03234059167283,94.58217015342106,108.73398295557777,140.47780676553415,243.35138180754905,383.8291889989099,43.24500155781591,130.6148394207622,266.01799926757815,466.7499193768169,906.6277338072312
MY_0p5_1.7500_111.7500,111.75,1.75,1995-08-01,1995,8,456.38487069818035,92.39271982410284,104.46482561811614,95.27104336702368,257.3182127264481,352.5892517476142,43.28238537945324,130.71244517459144,266.12786720372446,466.58181801325145,906.704503892343
MY_0p5_1.7500_112.2500,112.25,1.75,1995-08-01,1995,8,487.54231848338287,90.77581322079612,107.45956810845267,114.56720091804625,295.54059564499624,410.1077870202443,43.42585431053525,131.0889422704303,266.63278062608504,466.66091308593747,907.8084796239458
MY_0p5_1.7500_112.7500,112.75,1.75,1995-08-01,1995,8,512.7389028397818,90.21923273480128,112.23047071184432,141.78836212158203,319.36251569475445,461.150877937438,43.49787402682834,131.27147885277157,266.84003731863834,466.4516979399181,908.0611004541789
MY_0p5_1.7500_113.2500,113.25,1.75,1995-08-01,1995,8,531.6216223338294,90.54375695122613,116.27916782924108,137.79519672696551,276.7316001286583,414.52679685562373,43.35050484793527,130.84290291922434,266.0478281172495,465.22780790783105,905.4690425812253
MY_0p5_1.7500_113.7500,113.75,1.75,1995-08-01,1995,8,466.20520232669895,90.05829794747488,118.12227930946952,102.77529655335441,222.8929175967262,325.66820756215895,43.11904087369404,130.16684119814917,264.75121518089657,462.84475591750373,900.8818403940352
MY_0p5_1.7500_114.2500,114.25,1.75,1995-08-01,1995,8,334.0381595672123,88.87398630777994,122.95793604775079,67.94914059109159,165.88617544022816,233.83531576489642,42.864943682958206,129.4107718331473,263.23854098849824,459.92991923983135,895.4441848028273
MY_0p5_1.7500_114.7500,114.75,1.75,1995-08-01,1995,8,244.2016124824168,87.87247692365104,122.30064514634525,43.155261855051315,98.53256526018053,141.6878261269683,42.31314239106648,127.67862602589663,259.2146938501862,449.90127263044445,879.1077261020483
MY_0p5_2.2500_101.7500,101.75,2.25,1995-08-01,1995,8,245.61716438062263,107.52913997149227,129.91550160417654,39.83938914597637,47.46782202672477,87.30721398555872,41.876216888427734,126.2787364612926,257.4028579249527,451.5289010712595,877.0867266414143
MY_0p5_2.2500_102.2500,102.25,2.25,1995-08-01,1995,8,249.6348433061079,103.7724783135373,124.31375943416612,38.08727477954335,71.14267882205652,109.22995159386447,41.80080795288086,125.93851025595048,256.7165901147577,450.33456712932673,874.7904663085938
MY_0p5_2.2500_102.7500,102.75,2.25,1995-08-01,1995,8,245.3980526018746,103.14558451688742,124.66176368616803,37.230972567691076,83.64985050732577,120.88082361824905,41.95163532450229,126.44151830069627,258.2583054168315,455.3888178958168,882.0402830099757
MY_0p5_2.2500_103.2500,103.25,2.25,1995-08-01,1995,8,229.77617710658484,101.2849579826234,121.54230097210596,29.033665678236215,63.682302275158115,92.71596800789,42.047671254475915,126.94066864498076,259.2304685562376,456.20227816142733,884.4210861932663
MY_0p5_2.2500_103.7500,103.75,2.25,1995-08-01,1995,8,220.00837847176246,101.95548481052204,122.17437588966499,33.98584969084142,61.040994107521186,95.02684199446337,41.84401078305002,126.30349576271186,258.1384952868445,454.62010084249204,880.9061053777144
MY_0p5_2.2500_104.2500,104.25,2.25,1995-08-01,1995,8,218.22829666757974,102.39817239404695,127.30112205064002,40.707440368400135,66.93640136718751,107.64384157795553,42.43068966195603,128.44607241291646,262.83505854330775,464.28813864968043,897.9999818407799
MY_0p5_2.2500_104.7500,104.75,2.25,1995-08-01,1995,8,213.42266845703125,101.7802963256836,,,,,,,,,
MY_0p5_2.2500_109.7500,109.75,2.25,1995-08-01,1995,8,372.34745345577113,95.83379191737022,,,,,,,,,
MY_0p5_2.2500_111.2500,111.25,2.25,1995-08-01,1995,8,409.7653720378876,93.84197935461998,101.2743823107551,71.93500182207893,245.2461087843951,317.1811029770795,43.31508019391228,130.80857579848347,266.39053973029644,467.6282586490406,908.1424542595357
MY_0p5_2.2500_111.7500,111.75,2.25,1995-08-01,1995,8,433.29503474159844,93.25746387300038,101.77025560651506,75.93231804257347,252.25626559787324,328.1885784815228,43.339875151619076,130.87449762253533,266.47724512493795,467.61807386610246,908.3096966455853
MY_0p5_2.2500_112.2500,112.25,2.25,1995-08-01,1995,8,474.8714050292969,92.83172910175627,103.9292964390346,100.34101426866319,286.3846671937004,386.7256830124628,43.432073696075925,131.11512548053074,266.77089465913315,467.3751467750186,908.6932497054811
MY_0p5_2.2500_112.7500,112.75,2.25,1995-08-01,1995,8,509.7387573242187,91.89262082538907,108.46454591296968,149.20383034357948,318.74159235878597,467.94543253580724,43.491214873298766,131.27079070560515,266.9541524251302,467.06095261346724,908.7771027095735
MY_0p5_2.2500_113.2500,113.25,2.25,1995-08-01,1995,8,537.2337598043775,91.48454604375931,116.22344798738996,156.29950750441782,289.5627446734716,445.86225799076146,43.412885175432486,131.06498035249257,266.6614563957093,467.00055241660465,908.1398569258434
MY_0p5_2.2500_113.7500,113.75,2.25,1995-08-01,1995,8,471.955370359783,89.81312153007413,121.10510355309594,111.81757695161845,235.96392720862283,347.78150698504874,43.164402575432504,130.33147019977812,265.1871228761311,463.96092359325564,902.6439158765577
MY_0p5_2.2500_114.2500,114.25,2.25,1995-08-01,1995,8,333.0086275615389,88.7319335695297,125.64897741892982,70.3486239115397,171.57304077148436,241.92166689918153,42.82611739143493,129.33339853438122,263.20943777901783,460.0294588603671,895.3984179299974
MY_0p5_2.2500_114.7500,114.75,2.25,1995-08-01,1995,8,243.91816548993515,87.77932749102193,125.92558044925815,45.925759014006594,101.58525538290701,147.51101285872923,42.346149198470584,127.83388755552232,259.7810534077306,451.8036898705267,881.7647588914441
MY_0p5_2.2500_115.2500,115.25,2.25,1995-08-01,1995,8,223.3455047607422,87.41029357910156,128.8635711669922,36.00759506225586,67.78634643554688,103.7939453125,42.19788360595703,127.32012939453125,258.43585205078125,448.3228454589844,876.2766723632812
MY_0p5_2.7500_101.2500,101.25,2.75,1995-08-01,1995,8,244.4135284423828,108.11849975585938,133.068359375,25.922847747802734,36.087066650390625,62.00991439819336,42.1475944519043,127.33464813232422,259.40997314453125,454.7337341308594,883.6259765625
MY_0p5_2.7500_101.7500,101.75,2.75,1995-08-01,1995,8,242.2328192528258,104.14654138738457,114.36634660200639,28.224691994406957,62.00710446444424,90.23179844249378,42.0420529868386,126.94347892067648,258.23116210937496,450.9557671564275,878.1724642666903
MY_0p5_2.7500_102.2500,102.25,2.75,1995-08-01,1995,8,243.76377475033902,101.47099503438183,123.18130753146615,31.394957833988652,54.79961832617498,86.19457441682268,42.21576553393321,127.45959530970093,259.15453829431226,451.6200221359351,880.4499231812301
MY_0p5_2.7500_102.7500,102.75,2.75,1995-08-01,1995,8,238.6798681911034,101.59359931945801,122.68678807608688,35.49078081227556,73.36268677288973,108.85346946233435,42.54856876180141,128.68577305274673,262.9299235283574,463.7423064799248,897.9065688893764
MY_0p5_2.7500_103.2500,103.25,2.75,1995-08-01,1995,8,225.70044071659163,101.95279946296837,115.70377021838146,32.5396938263231,55.42249381921853,87.96218663112373,41.41359379033374,124.67736549134466,254.68131537953755,448.2783000970342,869.0505948400802
MY_0p5_2.7500_103.7500,103.75,2.75,1995-08-01,1995,8,217.95723299772843,102.98469642970873,114.2617925828503,31.999401883595553,45.07447208457279,77.07387219266407,40.500920203424265,121.43171881750432,248.15237954135318,436.87847253474223,846.9635156024985
MY_0p5_2.7500_104.2500,104.25,2.75,1995-08-01,1995,8,215.42084839764763,102.4653148651123,127.9202651977539,33.133304595947266,64.14189147949219,97.27519989013672,42.46388244628906,128.56861877441406,263.22442626953125,465.66455078125,899.9215087890625
MY_0p5_2.7500_111.2500,111.25,2.75,1995-08-01,1995,8,401.20909192315463,93.57952849289467,106.8918234881233,92.06194148344152,256.0916362089269,348.1535653507009,43.33055428897633,130.85183311911192,266.4532641242532,467.5594554227941,908.1951078527113
MY_0p5_2.7500_111.7500,111.75,2.75,1995-08-01,1995,8,438.1283987076556,93.48366590406074,106.44430170388057,91.31148568515118,253.45380710733346,344.7652861496498,43.33986831533497,130.8742228540881,266.482202201054,467.6364471172464,908.3327534116547
MY_0p5_2.7500_112.2500,112.25,2.75,1995-08-01,1995,8,484.56247392485415,93.73416243927389,109.94294919331867,127.4614496612549,290.50609405517577,417.9675363159179,43.44879072825114,131.1633799235026,266.86752929687503,467.56532999674477,909.0450423177083
MY_0p5_2.7500_112.7500,112.75,2.75,1995-08-01,1995,8,520.1060245369054,93.59131354319898,114.87762352182897,180.55024255680135,332.18278184721737,512.7330281704286,43.55025500285475,131.43612168710442,267.22728970684585,467.36583854578714,909.5794884404049
MY_0p5_2.7500_113.2500,113.25,2.75,1995-08-01,1995,8,542.5083089192708,93.17320110987103,120.94723074776785,173.72353040907117,287.92475285605775,461.6482853965154,43.39546634734622,131.0285907563709,266.6557827419704,467.165692235553,908.2455244760663
MY_0p5_2.7500_113.7500,113.75,2.75,1995-08-01,1995,8,474.013712111552,91.58158109142524,125.22861995818508,127.67255034720063,230.94797102812748,358.6205278141484,43.142871589417666,130.31469891785056,265.3755089826645,465.09912303754476,903.9321955784112
MY_0p5_2.7500_114.2500,114.25,2.75,1995-08-01,1995,8,334.17755213870277,89.5025115677073,125.19938551021525,81.20681064943724,180.50000178663035,261.70681067358095,42.81764170489733,129.35368347167966,263.44388010532043,460.9691310834281,896.5843343614023
MY_0p5_2.7500_114.7500,114.75,2.75,1995-08-01,1995,8,247.17844837941942,90.43173130302671,127.5109436132346,55.57870432373824,131.41104327645274,186.9897473572166,42.63078429592643,128.7680699050806,262.161743358442,458.31974636976884,891.8803271639879
MY_0p5_2.7500_115.2500,115.25,2.75,1995-08-01,1995,8,223.5462047130138,89.16203699885187,125.2917351250176,24.666712872616877,56.82781948055233,81.49453481038411,41.94625868238844,126.50380803013707,256.38335356841213,442.58772264085366,867.421136529596
MY_0p5_3.2500_101.2500,101.25,3.25,1995-08-01,1995,8,245.44209798177084,107.1752407504427,136.1483077112339,31.18495773434175,58.19630844769311,89.381263554792,42.44690572241401,128.2791156694583,261.5386073487278,459.4091965493525,891.6738309748905
MY_0p5_3.2500_101.7500,101.75,3.25,1995-08-01,1995,8,236.34372662238354,99.88320791645415,112.76234494349,21.00629679564458,71.50698760208812,92.51328346835581,42.060398211145106,126.9414024838976,257.8366987872276,448.0874481201173,874.9259664936432
MY_0p5_3.2500_102.2500,102.25,3.25,1995-08-01,1995,8,230.99258887881322,101.33837277851406,121.4158692375062,24.64857095990862,49.23171295892624,73.88028329516213,42.277913023933536,127.74798852829706,260.27120128813243,455.5696010044643,885.8667127821182
MY_0p5_3.2500_102.7500,102.75,3.25,1995-08-01,1995,8,224.35315689859507,101.18132885800131,119.42842640454256,30.56766208817687,54.36516833003563,84.9328341182274,42.38976363894305,128.17013045202327,261.6358722735054,460.22895368745054,892.4247171908994
MY_0p5_3.2500_103.2500,103.25,3.25,1995-08-01,1995,8,215.74400588044904,101.90829984683556,108.94266880296341,31.061683331716335,46.26504845883249,77.32673135564848,40.56562468438661,121.58909196884703,248.35244099868626,437.0656536487493,847.5728427750281
MY_0p5_3.2500_112.2500,112.25,3.25,1995-08-01,1995,8,494.3321004231771,94.28421223958335,113.21737263997397,136.41930202907986,290.8101677788629,427.22945895724837,43.441545783148875,131.14652031792534,266.8540941026476,467.5855984157987,909.0277655707465
MY_0p5_3.2500_112.7500,112.75,3.25,1995-08-01,1995,8,533.3670196533203,94.87441955074186,122.68979175755236,174.13611515232776,322.6419802806417,496.77809593325753,43.51931768948914,131.3615607589972,267.14212561435386,467.4196129470575,909.4426054407338
MY_0p5_3.2500_113.2500,113.25,3.25,1995-08-01,1995,8,547.271008713801,95.65256810009032,131.75874452879935,145.73179730502042,277.7683625654741,423.50015039154977,43.377127387306906,130.9820628310695,266.6071637471517,467.32074934063536,908.2870971217299
MY_0p5_3.2500_113.7500,113.75,3.25,1995-08-01,1995,8,473.27060004340274,95.14905589270212,132.27007090250652,128.2162872314453,254.12123519655256,382.3375293550037,43.276299951946925,130.69634961325025,266.1070872473338,466.61436031281005,906.6940724206349
MY_0p5_3.2500_114.2500,114.25,3.25,1995-08-01,1995,8,335.9898827425233,94.20063351673684,128.34154612547272,82.53749266703417,211.6882622591249,294.22575567937963,42.97680493980456,129.8171288557113,264.3394940613182,462.70765336152095,899.8410724226835
MY_0p5_3.2500_114.7500,114.75,3.25,1995-08-01,1995,8,249.73873371683112,95.90653116991565,130.6848707745789,51.84197352949982,137.30258859039114,189.144564440296,42.688149956381245,128.939897986734,262.5733858339346,459.53473775098274,893.7361399656648
MY_0p5_3.2500_115.2500,115.25,3.25,1995-08-01,1995,8,223.0345765608775,92.78981063939347,121.57800746869435,20.729227844672867,55.435853909842564,76.16508230378356,41.81711416606661,126.12238007557544,255.60342252707176,440.75535844247554,864.2982674127891
MY_0p5_3.2500_115.7500,115.75,3.25,1995-08-01,1995,8,220.02186995945624,91.44468568951896,121.54543698771617,36.85212801815419,69.29626019081373,106.14838846613851,42.03397197937697,126.83668458059934,257.4548017523262,445.981024924289,872.3064822079091
MY_0p5_3.7500_100.7500,100.75,3.75,1995-08-01,1995,8,291.5570068359375,106.96259307861328,131.3009796142578,22.8262939453125,70.0514907836914,92.8777847290039,42.66341781616211,128.98934936523438,263.36785888671875,464.41168212890625,899.4323120117188
MY_0p5_3.7500_101.2500,101.25,3.75,1995-08-01,1995,8,272.706539684347,104.17149360434523,131.411904097375,36.879365198820544,91.76041708640682,128.63978164327182,42.703687809817616,129.00027801612433,262.77143894430117,460.8043677073852,895.2797387379273
MY_0p5_3.7500_101.7500,101.75,3.75,1995-08-01,1995,8,263.4508694480447,97.39590983785641,118.09042428861,25.51724617951995,72.50948729788422,98.02673337414008,42.28033398670756,127.61244264833488,259.19837349083775,450.3193349656026,879.4104962197081
MY_0p5_3.7500_102.2500,102.25,3.75,1995-08-01,1995,8,261.4748556470114,97.39171157110304,118.51432979523189,28.94818970210968,73.35389849950397,102.30209120493086,42.46394793798053,128.2706868489583,261.1671002100385,456.66600196475076,888.5677496047247
MY_0p5_3.7500_102.7500,102.75,3.75,1995-08-01,1995,8,254.22739374069943,99.57387612963478,116.08246670677546,33.49236062670511,80.22157566131106,113.71393839518228,42.59842943464007,128.731496320452,262.5077141655816,461.1504214332217,894.9880686926464
MY_0p5_3.7500_103.2500,103.25,3.75,1995-08-01,1995,8,241.7034228807427,100.30125855829611,110.60968750598384,35.34493170345531,81.94155315324372,117.28648307650697,42.08966782513787,126.8780813778148,258.6962513643153,454.3033765605852,881.9673677332261
MY_0p5_3.7500_113.2500,113.25,3.75,1995-08-01,1995,8,548.6594543457031,98.07447803020479,136.41997890785092,121.3733305383901,276.16243206086705,397.53576610127436,43.37129724221152,130.96676985943904,266.58354812371925,467.3154181808722,908.2370395347721
MY_0p5_3.7500_113.7500,113.75,3.75,1995-08-01,1995,8,482.6535233520098,99.34497581360831,134.17422060673292,118.13528059678556,272.90539135979213,391.04068101802693,43.380029622790886,130.9850907310313,266.6119800555282,467.4466646558644,908.423752670535
MY_0p5_3.7500_114.2500,114.25,3.75,1995-08-01,1995,8,381.83067140241906,99.9063690669953,131.84313543410528,98.49436369396392,224.81463913690473,323.30899406312005,43.15598930479988,130.37852400522382,265.67694072420636,466.5091742621528,905.7206432524181
MY_0p5_3.7500_114.7500,114.75,3.75,1995-08-01,1995,8,318.3340380956256,100.39659968784878,130.96224278041296,58.82548994034055,128.37957984076604,187.20506969633556,42.65771014501178,128.93742043631417,263.00877172076514,461.9283312600757,896.5322201683407
MY_0p5_3.7500_115.2500,115.25,3.75,1995-08-01,1995,8,282.241363719153,94.6631385439918,117.87503616090804,28.467985552833195,74.92342236231244,103.39141114250062,41.98582443963914,126.73803260439918,257.38467494419643,445.8238219246032,871.932367234003
MY_0p5_3.7500_115.7500,115.75,3.75,1995-08-01,1995,8,263.8142025076228,91.27651461594395,122.35481607999733,57.2883306270023,102.83000984466334,160.118335312219,42.33854686270515,127.80601111761958,259.6802188132306,451.0815658020459,880.9063400158778
MY_0p5_4.2500_100.7500,100.75,4.25,1995-08-01,1995,8,321.78037452697754,105.94760167880321,124.49750705641145,42.760197682283355,121.19671512525912,163.95690930424905,42.91797697106187,129.7137090566207,264.66781803053254,466.40872092733576,903.7082529496175
MY_0p5_4.2500_101.2500,101.25,4.25,1995-08-01,1995,8,319.321887703829,98.48943134477945,116.67800772114165,58.50231355314802,164.3071641375305,222.8094711060737,42.99455731385833,129.76159667968753,263.745512652549,460.4056005781623,896.907276518026
MY_0p5_4.2500_101.7500,101.75,4.25,1995-08-01,1995,8,321.6443542270727,96.75666397143479,120.05986885826427,46.74249473547403,117.86899235149542,164.61148670915603,42.819086019985214,129.36489965664313,263.6351011233589,462.8719898747941,898.691078844162
MY_0p5_4.2500_102.2500,102.25,4.25,1995-08-01,1995,8,328.15190109886686,98.9566555815383,115.72253386281169,46.73176393112817,98.03974458737115,144.77150541067888,42.7564967950693,129.21094944378058,263.48581000867364,463.1734756615977,898.6267429144619
MY_0p5_4.2500_102.7500,102.75,4.25,1995-08-01,1995,8,320.8872183052598,98.18818368122076,108.32474095046899,39.24531851604486,107.18591092346581,146.43122812744917,42.72260821397138,129.01294212584287,262.55041309526774,459.1931576091014,893.4791178126246
MY_0p5_4.2500_103.2500,103.25,4.25,1995-08-01,1995,8,298.33837794126725,100.66877238841839,106.82127244796487,34.69392537239952,89.7324227655391,124.42635034434888,42.55352292742049,128.4648887288695,261.3683904455099,456.98244346060403,889.3692229267612
MY_0p5_4.2500_113.7500,113.75,4.25,1995-08-01,1995,8,496.4960206046937,103.32676511822326,131.21238780471515,106.19244809420604,240.33973636267322,346.5321753160009,43.240108921842754,130.61800499682158,266.0672650607127,466.9635196901718,906.8888762851932
MY_0p5_4.2500_114.2500,114.25,4.25,1995-08-01,1995,8,476.4386606894777,104.20064415066399,131.51324297930745,88.8589301974617,225.94275355983427,314.80166944113483,43.203163485729554,130.52809708643144,266.0139729267843,467.38514220484444,907.1303779278023
MY_0p5_4.2500_114.7500,114.75,4.25,1995-08-01,1995,8,434.3418513997396,104.07935816446941,131.51890004475916,93.90808059692385,195.30654215494795,289.21461629231777,43.005641301472984,129.9580060831706,264.93947428385417,465.3322637939453,903.2354134114585
MY_0p5_4.2500_115.2500,115.25,4.25,1995-08-01,1995,8,390.0443575117323,100.34146335389879,119.90820640987819,40.05227737294303,93.81506594022115,133.867342710495,42.179744150903495,127.34695182906256,258.74462085300024,448.9311179055108,877.2024372948541
MY_0p5_4.2500_115.7500,115.75,4.25,1995-08-01,1995,8,373.1534782797604,95.20013882911812,120.17423106048068,79.00510970293466,132.92209783004506,211.92720171394996,42.58926689018638,128.60150834423,261.47753864870236,455.23531866558534,887.903635833223
MY_0p5_4.2500_116.2500,116.25,4.25,1995-08-01,1995,8,392.68112591999335,104.85038254900678,127.16967885087175,104.56319194886746,147.44657349004981,252.00975780952268,42.76745444972341,129.13534173732853,262.6369861509742,458.14015234970475,892.6799238251479
MY_0p5_4.2500_116.7500,116.75,4.25,1995-08-01,1995,8,378.0706598359037,110.55708423239649,124.15521332845526,86.75347653427565,122.73537639110766,209.48884591339646,42.6677145765007,128.88624616854455,262.41544408191845,458.82701454824115,892.7964089454256
MY_0p5_4.2500_117.2500,117.25,4.25,1995-08-01,1995,8,339.40768918737905,115.30894341932989,121.35038841720178,80.34218256452442,99.12967297039202,179.47185550115805,42.622274246890996,128.81194177138067,262.6551933626158,461.015916132294,895.1052950968785
MY_0p5_4.2500_117.7500,117.75,4.25,1995-08-01,1995,8,294.5800333919688,115.42387735741771,111.8861591306507,60.22079505268326,51.10742608094827,111.32822007399338,40.67281030182146,121.8097139668261,247.21481753618292,429.15637441781854,838.853706555489
MY_0p5_4.2500_118.2500,118.25,4.25,1995-08-01,1995,8,229.8327134338736,114.31530351248404,97.97316824554639,29.57071780551012,8.702451766676205,38.27316925631967,37.1044352343128,108.96420375556703,218.98077460610943,371.5290746992561,736.5785125926802
MY_0p5_4.2500_118.7500,118.75,4.25,1995-08-01,1995,8,193.47227082429106,114.25856752748842,91.00872802734375,18.339879989624023,1.1160361766815186,19.455917358398438,35.08576202392578,101.68897247314453,203.15586853027344,340.0517272949219,679.9823608398438
MY_0p5_4.7500_100.2500,100.25,4.75,1995-08-01,1995,8,340.37963189019104,107.25297207302518,,,,,,,,,
MY_0p5_4.7500_100.7500,100.75,4.75,1995-08-01,1995,8,343.2204525742901,102.84494945776724,115.318938185529,40.051445503545,125.17653299347171,165.22797468231946,42.84024942599661,129.3275341251032,263.08903565445564,460.3139152216718,895.5707452045224
MY_0p5_4.7500_101.2500,101.25,4.75,1995-08-01,1995,8,346.98380002813826,94.14693235367064,102.48501008048889,59.96893418327211,175.32644355410622,235.29536975678943,43.0444958278111,129.84392482212613,263.5905496264261,458.9546547541542,895.4336377340651
MY_0p5_4.7500_101.7500,101.75,4.75,1995-08-01,1995,8,356.8151871991006,96.12925504654174,109.48303423684743,57.36552159142873,152.73837677486364,210.10389845106337,43.03199072943794,129.93699738033234,264.5122014121404,463.74095187717023,901.2221706814237
MY_0p5_4.7500_102.2500,102.25,4.75,1995-08-01,1995,8,368.72879377092636,99.23789026169551,104.38707333519345,58.61426155453636,148.121385992141,206.73565019880024,42.93868822370256,129.64063212076823,263.76965477353053,461.44465651739216,897.7936372302829
MY_0p5_4.7500_102.7500,102.75,4.75,1995-08-01,1995,8,361.6559147925893,99.29429121078198,102.0499368898428,57.2520801519892,146.45753663664408,203.70961824647935,42.96148189617569,129.717705599062,263.9966770828149,462.3182124241142,898.9940603462752
MY_0p5_4.7500_103.2500,103.25,4.75,1995-08-01,1995,8,335.16503819470154,102.6898959714975,98.11962890625001,50.837271841689684,114.46792049337579,165.30519053328962,41.25756697989039,123.5249545389436,250.74009214732047,436.64950032251795,852.1721139605195
MY_0p5_4.7500_103.7500,103.75,4.75,1995-08-01,1995,8,316.3613650673314,104.2991943359375,88.50882403881519,30.835780849704495,28.29575035788796,59.13153333787794,36.9199242529931,107.85185023716518,217.5138129692573,373.35649842101253,735.642066063819
MY_0p5_4.7500_113.7500,113.75,4.75,1995-08-01,1995,8,550.584716796875,105.63375091552734,,,,,,,,,
MY_0p5_4.7500_114.2500,114.25,4.75,1995-08-01,1995,8,550.584716796875,107.09750556945801,131.3601531982422,70.0275650024414,213.76834106445312,283.7959289550781,43.119632720947266,130.32440185546875,265.8022766113281,467.5299377441406,906.7762451171875
MY_0p5_4.7500_114.7500,114.75,4.75,1995-08-01,1995,8,521.7438462780368,110.71715668709048,133.28655136272474,121.60876161308698,265.3338977444556,386.94267420614926,43.289190476940526,130.74532375540784,266.2214588452411,466.72674166771674,906.9827191752772
MY_0p5_4.7500_115.2500,115.25,4.75,1995-08-01,1995,8,470.5264571507771,110.21648351351418,128.70426491896308,121.01858886082967,196.66377592086786,317.6823647816975,42.9160083134969,129.57315468788147,263.4898614883422,459.6823097864786,895.6613276799519
MY_0p5_4.7500_115.7500,115.75,4.75,1995-08-01,1995,8,444.50270211356025,104.57350090874564,123.4102060953776,81.28143225775824,157.19078834170386,238.4722188313802,42.813143048967625,129.2384351457868,262.7298593672495,458.1936525375124,892.9750893244668
MY_0p5_4.7500_116.2500,116.25,4.75,1995-08-01,1995,8,440.59653756277896,106.25755048479353,128.80904725089906,101.95043720063708,159.35384085518973,261.3042743985615,42.91671399313306,129.54290524437312,263.36950354197666,459.77958228701624,895.6087206643723
MY_0p5_4.7500_116.7500,116.75,4.75,1995-08-01,1995,8,426.6176688278777,109.49337983433205,124.44139924834047,83.92722557164446,133.5366952147665,217.4639230559144,42.769682015044786,129.09980614577668,262.4351971783216,457.7223551303525,892.0270584685892
MY_0p5_4.7500_117.2500,117.25,4.75,1995-08-01,1995,8,400.2965876503596,112.52750338599796,118.35943579295325,59.49632774231925,102.52347673688615,162.01980242047992,42.565997750418525,128.5148894779266,261.3569039481027,455.8174593486483,888.2552441793774
MY_0p5_4.7500_117.7500,117.75,4.75,1995-08-01,1995,8,330.3400332293933,114.73381568812114,114.07071825824207,40.61967978899992,63.6633641931075,104.28304290771484,42.21117035346695,127.4583667320541,259.26276919207993,451.81475018851364,880.7470486797862
MY_0p5_4.7500_118.2500,118.25,4.75,1995-08-01,1995,8,238.2704705473167,116.12661513132068,111.58584376196168,30.60737554272216,31.228636799146187,61.83601150321004,41.676618451449144,125.71073334660365,254.9925283307406,441.19447150302295,863.5743481813365
MY_0p5_4.7500_118.7500,118.75,4.75,1995-08-01,1995,8,180.68792106531845,115.99578326261498,110.61184306084357,23.26071978218948,13.144614310204231,36.40533318097078,40.66237336170825,122.30774765980395,246.20041897930673,418.85978602155853,828.0303244288963
MY_0p5_5.2500_100.2500,100.25,5.25,1995-08-01,1995,8,338.205085710294,106.05273283148087,63.65205001831055,46.12684631347656,83.88172912597656,130.00857543945312,28.434293746948242,77.09012603759766,156.8009490966797,273.9340515136719,536.2593994140625
MY_0p5_5.2500_100.7500,100.75,5.25,1995-08-01,1995,8,341.5494004791858,101.81585203243209,109.79498321708593,44.92680569352775,142.51646528572874,187.4432681730424,42.05909621578524,126.45842883230627,257.18453646254267,449.4937684508576,875.1958484868893
MY_0p5_5.2500_101.2500,101.25,5.25,1995-08-01,1995,8,347.27207486591635,95.8836933196537,102.33580014667812,70.8393460833837,194.59062994094126,265.42996516152033,43.14130655924479,130.17523430718316,264.51666996062744,461.7655623178633,899.5987670898437
MY_0p5_5.2500_101.7500,101.75,5.25,1995-08-01,1995,8,358.45254370816957,96.48949446951508,105.75787253896142,78.00418982536172,178.23037204620948,256.23456106975584,43.13521416779537,130.21621908200018,264.97624157948104,464.37167747157406,902.6993394596562
MY_0p5_5.2500_102.2500,102.25,5.25,1995-08-01,1995,8,371.2448094847855,104.40793553735041,102.01663424254983,74.39835219170637,163.45802175922756,237.85636770649322,42.79741683279633,129.00195696399467,262.21921378943574,458.3261855787532,892.3447549419037
MY_0p5_5.2500_102.7500,102.75,5.25,1995-08-01,1995,8,364.31555772216,103.61813667929096,97.12368986485367,78.63729144597458,171.11626354152872,249.75355498750326,42.00154590929968,126.07742591469975,256.1410199181508,447.2779921709481,871.4979494256487
MY_0p5_5.2500_103.2500,103.25,5.25,1995-08-01,1995,8,343.9623239022714,106.12599791673124,103.10847408740553,96.63037535432099,180.4041624688483,277.03453797179384,43.01919033000996,129.7977813126205,264.0765032087054,462.5970762178495,899.4905316241375
MY_0p5_5.2500_115.2500,115.25,5.25,1995-08-01,1995,8,492.0682633922946,115.30514107981038,130.14931025270556,129.19444975305777,186.66542053222656,315.85987028528433,42.81028741304992,129.18976255323068,262.4282021444352,457.2056909780034,891.6339571593237
MY_0p5_5.2500_115.7500,115.75,5.25,1995-08-01,1995,8,479.3961858334749,113.82932136632219,126.51758629750395,82.67131249379302,153.59917674953653,236.27048857090836,42.667681173550875,128.7274188025523,261.3485140525689,454.7857512910487,887.5293674275026
MY_0p5_5.2500_116.2500,116.25,5.25,1995-08-01,1995,8,460.0036096693594,110.03304911263379,127.18730815452865,108.0919408436063,206.07512799999384,314.1670622040954,43.182598536527614,130.34073305733597,265.1090209574639,464.1194310248653,902.7517937768864
MY_0p5_5.2500_116.7500,116.75,5.25,1995-08-01,1995,8,451.3643372934076,111.84942827345449,124.30581133878684,117.47699030139778,201.7368158268023,319.2137979435015,43.15687813336336,130.251925456373,264.8281632435473,463.0156513648697,901.2526362938218
MY_0p5_5.2500_117.2500,117.25,5.25,1995-08-01,1995,8,455.8121062748016,116.48826376294332,120.64934321812221,90.71549625699483,146.76439577132933,237.4798922099764,42.82416517469618,129.2808356391059,262.94030587332594,459.30579233320935,894.3511011517236
MY_0p5_5.2500_117.7500,117.75,5.25,1995-08-01,1995,8,380.97371680850074,117.8403838626922,115.2890822153243,49.87704261900886,86.44318387470548,136.32022855243986,42.43989566621326,128.17421201675657,260.900393531436,455.83987668960816,887.3543767051091
MY_0p5_5.2500_118.2500,118.25,5.25,1995-08-01,1995,8,241.4222805596097,117.1642921350564,111.27398518847812,23.49854691013409,31.995956849140725,55.4945036590479,41.70197835545631,125.82822226263154,255.42932609995455,442.74978841793774,865.7093212346361
MY_0p5_5.2500_118.7500,118.75,5.25,1995-08-01,1995,8,162.64307792663578,115.3661413283575,109.58391178978815,13.745082192950779,7.77944333023495,21.524525456958344,40.13104248046876,120.56041102939183,241.81008762783475,408.0521740383572,810.553717719184
MY_0p5_5.2500_119.2500,119.25,5.25,1995-08-01,1995,8,147.92630109395063,113.88496747698103,109.12775421142578,11.229530334472656,2.3632473945617676,13.592778205871582,39.45679473876953,118.28514862060547,235.8623046875,392.843505859375,786.44775390625
MY_0p5_5.7500_100.2500,100.25,5.75,1995-08-01,1995,8,326.10926557661173,105.77101829460074,95.92784335635125,51.317787065418486,107.88458671919798,159.20237675938034,36.047554331088286,104.75773305630466,213.56629579876542,375.4444795661016,729.8160428388403
MY_0p5_5.7500_100.7500,100.75,5.75,1995-08-01,1995,8,326.86158592587424,103.34830256870815,104.96358126322428,59.59569052378337,155.16791885375977,214.76360865275063,41.18122230529785,123.26504216512045,251.06737457275395,440.5470209757486,856.0606445312499
MY_0p5_5.7500_101.2500,101.25,5.75,1995-08-01,1995,8,336.2932312732607,100.81362434447283,106.91512160413849,77.14529457993396,186.74977322075313,263.8950668094666,43.094365337702236,130.11508166696143,264.7783263198973,463.59896670364026,901.5867191825326
MY_0p5_5.7500_101.7500,101.75,5.75,1995-08-01,1995,8,347.9270357767742,101.69639619191489,109.43904768625897,96.67000869115195,154.95158314704895,251.62159125010177,42.838520034154264,129.24890769322712,262.3606461207072,456.71905403137214,891.1671419779461
MY_0p5_5.7500_102.2500,102.25,5.75,1995-08-01,1995,8,349.4209310091459,109.04325984074518,101.68682347564184,69.0269156112414,71.50076241766163,140.527673400211,41.07743009573683,122.9110388193869,246.29064725625395,414.0935115107784,824.3726142857613
MY_0p5_5.7500_102.7500,102.75,5.75,1995-08-01,1995,8,357.5816680036272,106.19171868481682,78.83741760253906,73.95892333984375,76.10432434082031,150.06324768066406,36.001888275146484,104.43091583251953,210.3589324951172,359.70172119140625,710.4934692382812
MY_0p5_5.7500_103.2500,103.25,5.75,1995-08-01,1995,8,343.4233703613281,107.2284927368164,,,,,,,,,
MY_0p5_5.7500_115.2500,115.25,5.75,1995-08-01,1995,8,500.58045756022136,116.94020156860353,133.47401428222656,116.00047302246094,223.2304229736328,339.23089599609375,43.207393646240234,130.53932189941406,266.0483093261719,467.5504455566406,907.345458984375
MY_0p5_5.7500_115.7500,115.75,5.75,1995-08-01,1995,8,478.88067945234616,114.07506682975159,126.30061834426155,94.70289437430245,212.6195032028925,307.32240484328497,43.087253897530694,130.10148344494047,264.78346441359747,463.75804298037576,901.7302641369049
MY_0p5_5.7500_116.2500,116.25,5.75,1995-08-01,1995,8,441.35221828884545,107.9716571626209,119.26943039667037,87.41008763388982,206.66259237622458,294.07268996465774,43.03260665166946,129.88157678028895,264.05256802997894,461.25239461263016,898.2191654265873
MY_0p5_5.7500_116.7500,116.75,5.75,1995-08-01,1995,8,428.10036020430306,107.00447281125992,113.66540297250897,111.79754160320948,210.86004958379837,322.65759844098767,43.10505809481182,130.08177000984313,264.371189468626,461.5218379913814,899.0798545231894
MY_0p5_5.7500_117.2500,117.25,5.75,1995-08-01,1995,8,448.61180937854266,115.73746136686404,116.42199995841138,131.53767098989397,196.6241383357003,328.1618158478842,43.13387630715355,130.27088090673982,265.32181036434713,465.6269432091938,904.3534986814866
MY_0p5_5.7500_117.7500,117.75,5.75,1995-08-01,1995,8,391.93768174913197,118.739156281002,115.30598936144939,91.71259231055343,142.64461773353935,234.3572130651282,42.94591625904877,129.80415784592597,264.9380428647035,467.04081685111026,904.7289264858172
MY_0p5_5.7500_118.2500,118.25,5.75,1995-08-01,1995,8,261.82539331857026,117.9552858988444,113.39339090983074,44.97160088433159,65.99564819335937,110.96724785698787,42.259733106825095,127.56506239149307,259.42388522677953,452.95670315212675,882.2053906250002
MY_0p5_5.7500_118.7500,118.75,5.75,1995-08-01,1995,8,164.31826664851263,116.53800274775578,112.77066802978516,29.78729820251465,34.33335494995117,64.12065124511719,41.91600799560547,126.41830444335938,256.4652404785156,444.98602294921875,869.7855834960938
MY_0p5_6.2500_99.7500,99.75,6.25,1995-08-01,1995,8,335.4682509478401,109.19095447016697,126.43630058820857,74.74454657976017,152.37242090979288,227.11696890897528,43.01115515065747,129.92765240336573,264.71016320516895,464.69149425417874,902.3404824900073
MY_0p5_6.2500_100.2500,100.25,6.25,1995-08-01,1995,8,306.04035437107086,107.4349870979786,114.44276509187658,54.80712127685546,109.84192006636637,164.64903913225444,40.931947933897675,122.51687578473772,249.66276519152578,438.37174919284115,851.4833142338966
MY_0p5_6.2500_100.7500,100.75,6.25,1995-08-01,1995,8,299.50550105857116,106.94076325994662,107.83145648264058,50.41248337734621,125.46299590475311,175.8754768518868,42.01738787617923,126.32882660972567,255.72706138581384,449.45079329207135,873.524071888574
MY_0p5_6.2500_101.2500,101.25,6.25,1995-08-01,1995,8,299.2556171123798,106.40961914062501,106.45733830378606,54.82644230769232,134.57461594801686,189.4010542649489,42.59319105881911,128.36920846792367,259.24154850886424,455.27652728740986,885.4805016150842
MY_0p5_6.2500_101.7500,101.75,6.25,1995-08-01,1995,8,312.309375,110.605231148856,107.79598868233816,47.774142728533064,48.17612793786185,95.95026980808801,41.14220809936523,123.2863309587751,244.69637451171874,402.442143031529,811.5670532226561
MY_0p5_6.2500_102.2500,102.25,6.25,1995-08-01,1995,8,316.0656096140544,112.27417289919971,104.35230255126953,28.27094078063965,2.5460476875305176,30.816987991333008,40.23202133178711,120.02236938476562,234.8262481689453,367.8995056152344,762.9801635742188
MY_0p5_6.2500_115.7500,115.75,6.25,1995-08-01,1995,8,416.6318789395419,113.36169121482156,133.78335571289062,94.35246276855469,203.5806121826172,297.9330749511719,43.144615173339844,130.32733154296875,265.5001525878906,466.1282043457031,905.100341796875
MY_0p5_6.2500_116.2500,116.25,6.25,1995-08-01,1995,8,379.44531330309417,110.19490784092953,122.33146855694605,64.32691811044836,147.32489593438638,211.65181301973988,42.58074635241,128.50339141711265,260.98435819516624,453.9817736117325,886.0502873223259
MY_0p5_6.2500_116.7500,116.75,6.25,1995-08-01,1995,8,344.704837859623,108.75706341455852,109.39017152332124,46.843023536318825,101.78886615813725,148.6318912808857,42.17798454647973,127.21212603856647,257.8862969292535,445.9726883176774,873.249086797805
MY_0p5_6.2500_117.2500,117.25,6.25,1995-08-01,1995,8,362.9916686042907,114.66536836170013,108.69219355507501,75.0594432951912,119.63074762253535,194.69019150506884,41.99066912938678,126.38396940685455,256.84378226143974,447.6163354298425,872.8347491551958
MY_0p5_6.2500_117.7500,117.75,6.25,1995-08-01,1995,8,359.7925998369853,117.87194263935092,109.61178521942676,79.50646245409871,114.17767164442273,193.68413119845923,41.98145160340426,126.33764273660223,257.1350231505277,450.01094653034767,875.4650636193348
MY_0p5_6.2500_118.2500,118.25,6.25,1995-08-01,1995,8,343.4432264055524,118.47270965576173,112.8792370387486,76.89061001368933,113.20714732578823,190.09775733947754,42.79022502899169,129.3175381251744,263.82835606166293,464.40948377336775,900.3456050327845
MY_0p5_6.7500_100.2500,100.25,6.75,1995-08-01,1995,8,299.1926823784323,108.44199651830337,119.89862408357509,57.21635826896218,104.03292162278119,161.24927139282227,42.73066004584817,129.060687121223,262.74597773832437,460.12007881613334,894.6573737649355
MY_0p5_6.7500_100.7500,100.75,6.75,1995-08-01,1995,8,281.1654357910156,109.70723978678387,109.54253302680121,35.94556525901512,69.49187384711372,105.43743557400175,41.832577599419494,125.67468205204719,250.5940506546586,440.48928380895546,858.5905897352432
MY_0p5_6.7500_116.2500,116.25,6.75,1995-08-01,1995,8,271.9322120403421,111.70020214346951,107.05532111191168,12.9129837780464,20.714648128646175,33.627631861989094,40.08277613942216,120.18611405535442,238.54127465224852,385.6891040336795,784.4992779987615
MY_0p5_6.7500_116.7500,116.75,6.75,1995-08-01,1995,8,275.2861411246808,111.45455396175385,100.33368559222919,12.833322381784795,23.495099967573825,36.32842081243342,38.88388930007874,115.80413185089473,230.38339667640656,375.96192359170425,761.0333428062469
MY_0p5_6.7500_117.2500,117.25,6.75,1995-08-01,1995,8,290.2742741250584,113.1012933193109,96.35658203395067,19.37149320872484,29.61419399083485,48.98568539070871,38.296372692141915,113.47462746949323,226.83164458148246,376.3715074927406,754.9741478303893
MY_0p5_6.7500_117.7500,117.75,6.75,1995-08-01,1995,8,316.0421379937066,115.94304911295575,103.2913601398468,34.54598248004913,41.068506598472595,75.61448907852173,40.004310607910156,119.26529407501222,241.33974504470825,416.0002536773682,816.6096019744873
MY_0p5_7.2500_116.7500,116.75,7.25,1995-08-01,1995,8,217.99123724990002,110.17855562482562,90.15797855543053,2.855270595135896,0.003296151656009581,2.8585666117460837,35.867359459918475,105.45135849662448,203.34514505137568,296.4113339631454,641.075192128057
MY_0p5_7.2500_117.2500,117.25,7.25,1995-08-01,1995,8,209.13236339672193,109.62002590969875,87.11595458984374,2.6556740484739603,0.002662512021427239,2.658336443650095,35.12713125128495,102.84963643927323,198.05221509431536,287.01067569130345,623.0396516498765
MY_0p5_0.7500_110.2500,110.25,0.75,1995-09-01,1995,9,164.2922666109525,104.32823134202225,116.82671931340147,15.783147269028884,41.96654604398288,57.7496924180251,41.8145241370568,126.291939838116,256.98696570763224,447.4620657113882,872.5555344801684
MY_0p5_0.7500_110.7500,110.75,0.75,1995-09-01,1995,9,171.88697509765623,105.05912846156528,124.245609828404,19.80243614741734,34.621282958984374,54.4237194606236,42.148329816545754,127.45367562430243,260.2166713169643,457.20029122488836,887.018985421317
MY_0p5_0.7500_111.7500,111.75,0.75,1995-09-01,1995,9,179.29945300874255,101.87168242439391,127.90048266214038,25.673799423944384,35.89656508915008,61.5703619094122,42.1095214117141,127.31410435267857,259.85554964580234,456.1967361692398,885.4759259905135
MY_0p5_1.2500_103.2500,103.25,1.25,1995-09-01,1995,9,123.82194881994748,111.47217159826779,104.15455037897284,6.720454725352202,2.6277846856550737,9.348239486867733,37.66973460804333,111.79798178239301,227.80206090753728,395.88717443292796,773.1569491299716
MY_0p5_1.2500_103.7500,103.75,1.25,1995-09-01,1995,9,114.43850322834496,111.07441022558119,95.06261436684616,8.375815229508484,12.583195658563412,20.959010050134754,39.054493468942,116.9607635794334,238.72619762235473,417.08056255451686,811.8220208918007
MY_0p5_1.2500_104.2500,104.25,1.25,1995-09-01,1995,9,103.27774200439453,112.04858692714144,84.93205261230469,10.34080696105957,24.543781280517578,34.884586334228516,40.85709762573242,123.68016815185547,252.9126739501953,444.39044189453125,861.8403930664062
MY_0p5_1.2500_109.7500,109.75,1.25,1995-09-01,1995,9,150.9667308761413,106.68774037188795,115.80205324471717,41.264744701155706,34.59027136377542,75.85501595003059,42.405420694006494,128.30118073612812,262.4223165856787,463.74650996564384,896.8754279814573
MY_0p5_1.2500_110.2500,110.25,1.25,1995-09-01,1995,9,165.21486908312468,105.17106799269276,117.35843561238765,19.34509817881934,43.97003388865114,63.31513144887093,41.99172919137138,126.86123471646697,258.3827275456609,451.2959895189205,878.5317024613901
MY_0p5_1.2500_110.7500,110.75,1.25,1995-09-01,1995,9,173.6726407490079,105.29630778479196,124.82032787989057,22.464884155515637,32.447761662801106,54.91264545501223,42.22911833505782,127.7234852139912,260.93399648515003,459.3963781932043,890.2829926990328
MY_0p5_1.2500_111.2500,111.25,1.25,1995-09-01,1995,9,176.4059600342577,103.68367367582962,126.84806926105733,20.88384629514652,32.711925214091046,53.595772082051546,42.16507630759535,127.469576558366,260.14599063373606,456.8954189897727,886.6760735557485
MY_0p5_1.2500_111.7500,111.75,1.25,1995-09-01,1995,9,180.26601107158356,101.46222105480375,127.16554139152403,23.1014898390997,34.357472404601076,57.458960639105904,42.032313997783355,127.016599867079,258.9257386222718,453.2592313251798,881.233885749938
MY_0p5_1.2500_112.2500,112.25,1.25,1995-09-01,1995,9,184.8605499267578,99.7950136988296,129.27465068991413,23.02563648901615,35.13869549901352,58.16433144583919,42.01109443703279,126.89676457129151,258.424796167364,451.46535728183494,878.7980027561864
MY_0p5_1.2500_112.7500,112.75,1.25,1995-09-01,1995,9,192.9792528152466,100.23243920008342,128.1318219502767,17.156118194262188,38.10761761665344,55.26373680432637,41.742122729619346,125.87090889612834,255.21608956654865,441.2284380594889,864.0575497945149
MY_0p5_1.2500_113.2500,113.25,1.25,1995-09-01,1995,9,201.70589891516644,102.57347259521484,127.16915157152259,28.177016084090525,42.954698446522585,71.13171811311142,41.828006744384766,126.11241057022758,255.59911684782605,441.5143249511719,865.0538770592732
MY_0p5_1.2500_113.7500,113.75,1.25,1995-09-01,1995,9,231.60719056562942,103.83738436843409,126.49991503628819,39.01176371718898,54.27476738438462,93.28653271993001,42.017471429073446,126.70176702557187,256.8938760468454,444.3420024062648,869.9551202022668
MY_0p5_1.2500_114.2500,114.25,1.25,1995-09-01,1995,9,284.04629530104916,103.39751940701916,126.98497664189972,45.98309613118129,72.4695727593076,118.45266946438142,42.291745987613645,127.57142510878302,258.94920740718334,449.51574328937363,878.3281304013414
MY_0p5_1.2500_114.7500,114.75,1.25,1995-09-01,1995,9,325.6010102302797,101.52274470175466,121.11155651461694,45.02397106539818,82.71659383466168,127.74055800899383,42.35854167322959,127.7593743108934,259.2644417055192,449.82824411699846,879.2105929466986
MY_0p5_1.7500_102.7500,102.75,1.75,1995-09-01,1995,9,127.85009597019598,110.66667453491887,110.85026597976685,9.849485486745836,14.618269443511963,24.467755615711212,40.63942217826843,122.09764981269836,249.5273675918579,439.00302791595453,851.2674503326417
MY_0p5_1.7500_103.2500,103.25,1.75,1995-09-01,1995,9,124.1260727400025,109.4985565421204,109.5122438812256,8.245023865699768,11.204234657287598,19.449258756637576,40.132413959503175,120.46371578216552,245.82113525390625,430.03966796875005,836.4569421386719
MY_0p5_1.7500_103.7500,103.75,1.75,1995-09-01,1995,9,116.52346263354337,110.08666400667985,101.98770098142985,9.400418969649303,13.597356554828112,22.997774975209293,40.03349832945232,120.33707324160804,245.6123148278345,429.46689190442044,835.4497835183445
MY_0p5_1.7500_104.2500,104.25,1.75,1995-09-01,1995,9,108.64247665405271,111.41182284355163,97.4034933637279,10.7883463275525,19.813694059386734,30.60203886401746,41.132533317388486,124.47051593869233,254.29768702780552,445.80509582046386,865.7058450861493
MY_0p5_1.7500_109.7500,109.75,1.75,1995-09-01,1995,9,150.98530303600222,106.70463823717692,115.88768768310547,42.57041549682617,34.74091720581055,77.31133270263672,42.449249267578125,128.44308471679688,262.7742614746094,464.7244567871094,898.3910522460938
MY_0p5_1.7500_110.2500,110.25,1.75,1995-09-01,1995,9,165.05563294485714,106.56905723340586,118.42064091483537,26.327415323512437,45.893514296587774,72.22092959970075,42.30563629884771,127.8864719982453,260.97389115114265,458.60780717982334,889.7737893497243
MY_0p5_1.7500_110.7500,110.75,1.75,1995-09-01,1995,9,177.92288416082206,105.42392904108219,126.02652587890624,28.537516593933102,26.721167087554928,55.258682060241696,42.398510169982906,128.29869575500487,262.5072967529297,464.3153823852539,897.5198852539062
MY_0p5_1.7500_111.2500,111.25,1.75,1995-09-01,1995,9,182.65410199846536,102.98105124821737,126.02720780483513,21.24887240210245,25.045136216629384,46.294008725188505,42.17130311478016,127.506942784509,260.32410760923875,457.7393553268078,887.7417168195857
MY_0p5_1.7500_111.7500,111.75,1.75,1995-09-01,1995,9,185.93024888823302,100.58288426942461,123.64378021336807,21.645745223081562,34.80206083949607,56.447806442840175,42.1222807968719,127.25202507308764,259.2945992192135,453.9768688346765,882.6457517599755
MY_0p5_1.7500_112.2500,112.25,1.75,1995-09-01,1995,9,191.01005878751238,99.75586775522385,125.88378136044454,23.469228011842755,40.67971342783125,64.14894200885107,42.02306493123372,126.87234850686693,258.06702512710814,449.78198116241947,876.744411311074
MY_0p5_1.7500_112.7500,112.75,1.75,1995-09-01,1995,9,196.66554996551028,101.23326638842384,128.57507362971228,21.76095125107538,36.104925107199044,57.86587691534133,41.88029584127759,126.36814524332682,256.6412846640935,445.5400469098772,870.42977546813
MY_0p5_1.7500_113.2500,113.25,1.75,1995-09-01,1995,9,202.9450454469711,104.20209132603237,130.17310946025546,25.441142521207293,35.40502540951683,60.84617067367311,41.84851786295573,126.24943750775049,256.26112070234996,444.2187837146576,868.5778620644221
MY_0p5_1.7500_113.7500,113.75,1.75,1995-09-01,1995,9,238.1607194204179,106.03517647395057,129.2763835119823,37.17328195723276,45.709720042395205,82.88300313798207,41.91646454826233,126.39286336747425,256.2090526278057,442.8566550602988,867.375024607825
MY_0p5_1.7500_114.2500,114.25,1.75,1995-09-01,1995,9,296.2894616505456,105.52908376057943,128.46120276072668,46.45087786477709,63.055683051215276,109.50656091599237,42.19100482274615,127.24877077132936,258.1476104251922,447.4554112994481,875.0428046332463
MY_0p5_1.7500_114.7500,114.75,1.75,1995-09-01,1995,9,335.9406118442358,104.92685513669346,125.67068987436245,57.896759665691796,89.98003462559201,147.87679662358576,42.439581441138074,127.99694009889592,259.7172715577437,450.8350213401676,880.9888261389856
MY_0p5_2.2500_101.7500,101.75,2.25,1995-09-01,1995,9,164.4284825180516,108.38604320179333,118.21053738064236,12.622916549143165,16.496545117310802,29.119462022877705,41.457888285319015,125.12755245632594,255.59887047969934,449.14536971275254,871.3296989672111
MY_0p5_2.2500_102.2500,102.25,2.25,1995-09-01,1995,9,138.94577902469908,107.13850720419269,112.28251184344863,10.377816296080082,21.27231211867629,31.650127620788282,41.163351159346725,124.07049075039949,253.11185064726465,443.1629209381542,861.5086196826405
MY_0p5_2.2500_102.7500,102.75,2.25,1995-09-01,1995,9,126.08395308482494,107.94408740273005,111.92347231997718,9.142994621131994,14.233106836487975,23.37610144554814,41.25541387630414,124.37481964690775,254.10231896895397,446.63833115976064,866.3708822515946
MY_0p5_2.2500_103.2500,103.25,2.25,1995-09-01,1995,9,125.0322012765067,107.0582032703218,111.64744509742374,9.051996551998078,18.266498523288302,27.318495069231304,41.485626886761374,125.21102183508496,255.48510005890375,447.5825498550656,869.7642985026042
MY_0p5_2.2500_103.7500,103.75,2.25,1995-09-01,1995,9,122.0229579343634,109.09682156837593,112.92906773454052,10.096606933464438,13.9790030560251,24.07560982784982,41.16130402128575,124.1548467862404,253.24883660785218,442.64740000579314,861.2123911712127
MY_0p5_2.2500_104.2500,104.25,2.25,1995-09-01,1995,9,119.6060281148771,110.70272684484964,117.44162365621773,10.402598901228473,9.991405526468576,20.394004159722446,41.602216358027185,125.86053315470042,257.009608245093,449.9897236469364,874.4620966635459
MY_0p5_2.2500_104.7500,104.75,2.25,1995-09-01,1995,9,121.2814712524414,112.58780670166016,,,,,,,,,
MY_0p5_2.2500_109.7500,109.75,2.25,1995-09-01,1995,9,151.90668315272177,106.03702914330268,,,,,,,,,
MY_0p5_2.2500_111.2500,111.25,2.25,1995-09-01,1995,9,191.0298700928688,101.64785221219063,118.41347638298483,32.11058793348425,50.2064712748808,82.31705631929285,42.586111405316515,128.82919468599204,263.5168376249425,466.33791082045605,901.270039277918
MY_0p5_2.2500_111.7500,111.75,2.25,1995-09-01,1995,9,195.22637610057043,100.6541962880937,119.6052434043279,32.70501624213325,49.49455794077071,82.19957343207464,42.569961911156064,128.77188367086745,263.34923783559645,465.8043826148623,900.4954520089286
MY_0p5_2.2500_112.2500,112.25,2.25,1995-09-01,1995,9,201.99111904568142,101.08561098613436,123.60590338328527,35.459061086745486,49.038680812290735,84.49774450877355,42.423958030579584,128.2459725516183,261.779149906219,460.7225342765687,893.1716039264012
MY_0p5_2.2500_112.7500,112.75,2.25,1995-09-01,1995,9,206.59825681656122,103.14689137292285,128.98719429137213,36.78396475655692,43.39019435700916,80.17415907118054,42.21093251061817,127.50855487641833,259.7130130828373,454.3741255502852,883.8066200861855
MY_0p5_2.2500_113.2500,113.25,2.25,1995-09-01,1995,9,208.88668387276786,106.5284340752496,134.4919899592324,32.20809398227268,34.44531108311245,66.65340530153306,42.00897601899647,126.84143952869235,258.01824922107517,449.71471722315226,876.5833730546256
MY_0p5_2.2500_113.7500,113.75,2.25,1995-09-01,1995,9,244.69316530831256,108.02416799038272,133.47314308263083,38.31133203868625,37.89149708083914,76.20283078543748,41.80021645751181,126.05410078507437,255.5117950439453,441.4078444468824,864.7739365976068
MY_0p5_2.2500_114.2500,114.25,2.25,1995-09-01,1995,9,307.091944812593,107.91147051614429,129.97200467548672,54.25127959478469,50.08899218846881,104.34027211022756,41.99399903312562,126.63062540690102,256.6424385676308,443.4847899421813,868.7518715510292
MY_0p5_2.2500_114.7500,114.75,2.25,1995-09-01,1995,9,352.31723248881684,106.74620134907387,126.96533941453504,66.18185520787394,85.41981715540733,151.60167568575952,42.430406779627646,127.97363079440211,259.66992236721904,450.880364694903,880.954331527218
MY_0p5_2.2500_115.2500,115.25,2.25,1995-09-01,1995,9,388.587646484375,106.80709075927734,125.13258361816406,74.8470687866211,147.4556121826172,222.30267333984375,42.97465515136719,129.6300506591797,263.34942626953125,459.8988342285156,895.8529663085938
MY_0p5_2.7500_101.2500,101.25,2.75,1995-09-01,1995,9,197.25341796875,107.1541748046875,117.26371002197266,25.311311721801758,27.336515426635742,52.6478271484375,41.95812225341797,126.90320587158203,259.30999755859375,456.47808837890625,884.6494140625
MY_0p5_2.7500_101.7500,101.75,2.75,1995-09-01,1995,9,174.12724024995845,104.99602172851561,104.08631608442826,17.784956210743296,39.202791630138044,56.987749314741656,41.68062857887961,125.9636859963157,256.82455161354756,449.64847955877127,874.1173315429687
MY_0p5_2.7500_102.2500,102.25,2.75,1995-09-01,1995,9,147.588242111692,104.13672351229724,114.44493161341185,10.398370132324802,27.078189011592016,37.476559250218095,41.73334528686134,126.08638821741577,256.79516261398413,447.7816469228951,872.3965405506692
MY_0p5_2.7500_102.7500,102.75,2.75,1995-09-01,1995,9,131.7106113916711,105.48916036871414,113.04940556876268,12.502112732657903,15.98915437505215,28.491266510154624,41.99276376072364,127.01040359690221,259.47844551183,456.284757107119,884.7663603191133
MY_0p5_2.7500_103.2500,103.25,2.75,1995-09-01,1995,9,129.10522660176466,106.83604987563602,108.7184745885764,13.597882705129635,17.86971575743074,31.467597378287344,41.07293254099074,123.62859315325501,252.42303850696342,443.2548964190635,860.3794588708575
MY_0p5_2.7500_103.7500,103.75,2.75,1995-09-01,1995,9,126.28554053928542,109.33100566034732,108.0039266067716,11.535818535062026,11.436477164518998,22.972295128255396,40.09629486013667,120.17795453752791,245.41332269484,430.56726271106356,836.2548574983799
MY_0p5_2.7500_104.2500,104.25,2.75,1995-09-01,1995,9,123.0825034870821,111.02288515427533,119.14784240722656,9.263765335083008,6.930343151092529,16.194108963012695,41.66937255859375,126.09916687011719,257.7276306152344,452.2597351074219,877.7559204101562
MY_0p5_2.7500_111.2500,111.25,2.75,1995-09-01,1995,9,197.29761741901268,101.349973691743,117.35048585779526,40.25901513941148,49.28328278485467,89.54229646570542,42.56891665739171,128.79079706528609,263.4777526855469,466.29694231818706,901.1343958237592
MY_0p5_2.7500_111.7500,111.75,2.75,1995-09-01,1995,9,201.91247095827197,101.09579427125024,119.03823178389973,39.54391948108015,54.66393719048335,94.20785693464606,42.602380571694205,128.87671654799888,263.5965977372794,466.4050089079758,901.4806915809368
MY_0p5_2.7500_112.2500,112.25,2.75,1995-09-01,1995,9,210.49947941454153,102.14679722846309,123.59751797993977,42.392700335184735,58.973375651041664,101.36607810974121,42.595362752278646,128.80910766601562,263.23031036376955,464.91468739827474,899.5494527180989
MY_0p5_2.7500_112.7500,112.75,2.75,1995-09-01,1995,9,218.9549660984474,104.7235216551189,129.41400204429144,48.594743716565866,62.16950021816206,110.76424393472793,42.534865946709346,128.55788257454014,262.34327707411364,461.7645774551585,895.2005835424494
MY_0p5_2.7500_113.2500,113.25,2.75,1995-09-01,1995,9,226.7735360281808,108.32076917375838,135.3126968141586,52.1860133822002,55.329568529885904,107.51558336530414,42.36909851800827,127.98321363661023,260.7625592912946,457.10143103221105,888.2162888299852
MY_0p5_2.7500_113.7500,113.75,2.75,1995-09-01,1995,9,259.83208314932074,110.4421099280096,135.79916255489277,49.77605249927302,46.90875805411369,96.68481056553543,42.01157771553963,126.71978453617946,257.1315175925091,445.92214713126987,871.7850308752364
MY_0p5_2.7500_114.2500,114.25,2.75,1995-09-01,1995,9,312.5093910120711,109.7194388425803,130.07461900348906,58.28476033029677,51.76616148405437,110.05092360098152,41.99919285351717,126.62962766236897,256.5650406366662,443.1797856198082,868.3736632141886
MY_0p5_2.7500_114.7500,114.75,2.75,1995-09-01,1995,9,357.3154811008721,111.12655046791028,127.79401300515339,70.2108454370195,81.71602680424975,151.92686812285405,42.45991602369175,128.09754635270232,260.1109856283589,452.5169915849236,883.1854491021223
MY_0p5_2.7500_115.2500,115.25,2.75,1995-09-01,1995,9,389.5080764358108,108.58912191305073,123.46433979756122,79.07330239785684,147.6526529123117,226.72595228590407,42.93193861815307,129.45595502423808,262.6973082396361,457.315770604589,892.4009657851209
MY_0p5_3.2500_101.2500,101.25,3.25,1995-09-01,1995,9,198.63953484429254,107.07093849627425,121.53794516478067,34.64404684281998,42.42037713017445,77.06442397299445,42.22144555117834,127.71856018541389,261.085908644858,460.3004745305281,891.326394166464
MY_0p5_3.2500_101.7500,101.75,3.25,1995-09-01,1995,9,184.13463422667306,101.34458636630114,104.59348452622726,28.679982079062487,63.79552692364736,92.47550963140598,41.90457466757222,126.51929427711829,257.31136326880977,447.9961130907582,873.7313384037869
MY_0p5_3.2500_102.2500,102.25,3.25,1995-09-01,1995,9,162.71061968122208,103.51433342827691,116.50466841440351,16.03484667823428,29.313793787880556,45.34864155602833,42.02976260715061,127.02581641787576,259.04411979554186,453.7776163736979,881.8772956969246
MY_0p5_3.2500_102.7500,102.75,3.25,1995-09-01,1995,9,146.16467246526403,104.47665197638015,115.28921622264234,16.73152067691465,24.48253252536436,41.2140520735632,42.12899561773372,127.39011899730825,260.15105283713035,457.4334053329274,887.1035548342934
MY_0p5_3.2500_103.2500,103.25,3.25,1995-09-01,1995,9,136.57523462749072,106.34584139845659,106.15823413960709,17.23004576592958,21.779798026193625,39.00984309317623,40.36762733335216,120.98243949467664,247.11344959370865,434.5134786301404,842.9770008795425
MY_0p5_3.2500_112.2500,112.25,3.25,1995-09-01,1995,9,212.7986948649089,102.79515736897787,123.82210354275173,45.21797061496311,61.023479376898884,106.24145219590929,42.64402092827691,128.971425374349,263.6627244737413,466.21893242730033,901.4970933702258
MY_0p5_3.2500_112.7500,112.75,3.25,1995-09-01,1995,9,230.6682179358698,106.3158617942564,132.8184902003554,56.48199819345945,73.27845914246608,129.76045733592548,42.69422205940622,129.0532790637407,263.50534682977394,464.8996214319448,900.1524588162782
MY_0p5_3.2500_113.2500,113.25,3.25,1995-09-01,1995,9,256.66061946323936,110.25977795823177,137.5638736956047,65.3145571043997,65.54994468977957,130.8645026178071,42.48913832866784,128.3721234292695,261.7522514805649,459.92595880681813,892.5394633900034
MY_0p5_3.2500_113.7500,113.75,3.25,1995-09-01,1995,9,282.3658853682261,112.93828086247521,137.18866150871156,62.05916526431129,66.26822106497627,128.32738780672585,42.32530111888098,127.75823848663813,259.87955448211187,453.93214401971727,883.8952305385044
MY_0p5_3.2500_114.2500,114.25,3.25,1995-09-01,1995,9,313.66008841156196,114.45778937856102,133.3245918128141,61.86782418998183,70.29403540738828,132.16186530726728,42.22461992008671,127.29501284459593,258.02611702111113,446.86688523991097,874.4126427522889
MY_0p5_3.2500_114.7500,114.75,3.25,1995-09-01,1995,9,349.81265822489553,117.3772903005029,133.8338229185457,68.8406440832053,85.84791941551649,154.68856194368593,42.522034553965185,128.2761433595305,260.49278405061955,453.5446042589322,884.8355454365918
MY_0p5_3.2500_115.2500,115.25,3.25,1995-09-01,1995,9,390.14999969096124,112.48354211638245,120.8701944713351,71.86163718790947,134.4967639053924,206.35840051385418,42.83876595316054,129.15945589089694,261.928423724597,454.98857956898365,888.9152128968057
MY_0p5_3.2500_115.7500,115.75,3.25,1995-09-01,1995,9,416.67151804720413,109.46700115418166,116.35149820734945,77.28599308313949,170.92700709653704,248.21299812231175,43.117642306209945,130.02613556251094,263.9876664408137,460.5798278122805,897.7112906809602
MY_0p5_3.7500_100.7500,100.75,3.75,1995-09-01,1995,9,223.33079528808594,106.9095458984375,121.76603698730469,26.082111358642578,26.601028442382812,52.68313980102539,42.14210891723633,127.53256225585938,260.91937255859375,460.3343505859375,890.9284057617188
MY_0p5_3.7500_101.2500,101.25,3.75,1995-09-01,1995,9,218.4232835299231,105.02755806438358,122.7202992362112,39.122701465890636,62.372894929064906,101.49559360491806,42.35343168931486,128.0461260848061,261.38067468933303,459.3958744184871,891.1761121040024
MY_0p5_3.7500_101.7500,101.75,3.75,1995-09-01,1995,9,213.20812124364517,99.47229404813926,112.1601898776498,26.719181741119193,61.778478318718584,88.49766003554036,42.09128229177682,127.07170039377397,258.37670558273413,449.51642788443604,877.0561124959571
MY_0p5_3.7500_102.2500,102.25,3.75,1995-09-01,1995,9,202.84654729933962,99.5256110297309,116.41589808388359,24.606064248463465,55.632464054652615,80.23852824862043,42.290960317944716,127.77719014485675,260.39462503100196,455.85987771654885,886.3226671006943
MY_0p5_3.7500_102.7500,102.75,3.75,1995-09-01,1995,9,186.5319622221447,102.59479120648095,115.92441059899708,23.167565257965567,48.054770793612036,71.22233600919208,42.33139312986343,127.99027031792534,261.2954591781374,459.4408946203807,891.0580264136904
MY_0p5_3.7500_103.2500,103.25,3.75,1995-09-01,1995,9,165.90442715223094,104.11042509040985,111.12697338029452,26.103317597333124,53.49074581370634,79.59406687418621,41.874594146130136,126.31721329034544,257.9369493671492,453.75768947227334,879.8864545036764
MY_0p5_3.7500_113.2500,113.25,3.75,1995-09-01,1995,9,272.5734405517578,112.39940381050111,138.213074480901,63.73746603043353,64.8837037633677,128.62116979380122,42.54269671830974,128.5534140164735,262.24064711273695,461.43262469182247,894.769383164703
MY_0p5_3.7500_113.7500,113.75,3.75,1995-09-01,1995,9,299.09081548311894,115.17613343738374,135.4782371150637,62.01332308327881,75.01372078707303,137.02704208028356,42.51952704025318,128.43987834646478,261.79816799719356,459.7146739774538,892.4722612004449
MY_0p5_3.7500_114.2500,114.25,3.75,1995-09-01,1995,9,325.8941580720269,118.70127515035963,135.5407983204675,68.67211429656498,82.35260608007037,151.02472112746463,42.51920003739614,128.37068970695373,261.3177314879402,457.53087129138765,889.7385236467634
MY_0p5_3.7500_114.7500,114.75,3.75,1995-09-01,1995,9,351.8281434074281,120.97272288004557,139.44844169011193,73.78283424982949,85.30407993377202,159.08692006913444,42.62609910510835,128.68133937290736,261.87927575489834,458.52865445576015,891.7153723338295
MY_0p5_3.7500_115.2500,115.25,3.75,1995-09-01,1995,9,381.72286638532364,113.88596436031278,119.74921681237599,65.73182830810546,124.37420567103794,190.10604020376056,42.78973887610057,129.03341001480345,261.77006806873135,454.9431520492311,888.5363655211432
MY_0p5_3.7500_115.7500,115.75,3.75,1995-09-01,1995,9,404.37074180987236,108.77011157797394,115.00708435936798,71.03435532823741,161.25911575427156,232.29347624195563,43.055360835233174,129.84915874673308,263.611490812233,459.5014582572223,896.0174696668446
MY_0p5_4.2500_100.7500,100.75,4.25,1995-09-01,1995,9,253.63951053619388,106.12827625424842,122.85100138138753,34.093594282500604,51.92850363595146,86.02209447743942,42.40401016546756,128.29457160794007,262.4016221649793,463.48286618602526,896.5830648616869
MY_0p5_4.2500_101.2500,101.25,4.25,1995-09-01,1995,9,254.69357737459876,100.28657478283925,116.58199820548866,43.127298780307655,85.3356098004967,128.46290489974297,42.33190344549289,127.80411082468216,259.9231238881494,452.8854237939143,882.944555197552
MY_0p5_4.2500_101.7500,101.75,4.25,1995-09-01,1995,9,258.8370263797721,99.10571357312675,121.70414307323126,33.54612668558431,73.5852651870289,107.13139496824614,42.51177900515426,128.4558897902029,261.96028298082445,460.072508985623,893.0004198360748
MY_0p5_4.2500_102.2500,102.25,4.25,1995-09-01,1995,9,263.4538088667507,101.07406277397571,119.7959820683391,30.717123549586287,73.781712882435,104.49883572514447,42.5790515204969,128.71972700125113,262.79271651685434,462.77683577369964,896.8683612080048
MY_0p5_4.2500_102.7500,102.75,4.25,1995-09-01,1995,9,247.81619656313757,101.13411224268044,113.62202059994839,32.61720720521964,89.75011027390791,122.36731302054825,42.497532741279365,128.38462314484227,261.57419639636,457.964037172354,890.420393050856
MY_0p5_4.2500_103.2500,103.25,4.25,1995-09-01,1995,9,210.29453992278215,103.95257959133242,111.21774289333861,36.95076996274941,75.77957134712034,112.73033811987901,42.48632040256407,128.40897324193233,262.0644767309316,460.8023728427156,893.7621455707617
MY_0p5_4.2500_113.7500,113.75,4.25,1995-09-01,1995,9,332.74406069800966,117.06983554724492,132.32698750046066,57.58784974296138,57.50907203386415,115.09692109305905,42.47258628989166,128.33329326701616,261.7361409889077,460.12044712282585,892.6624813439712
MY_0p5_4.2500_114.2500,114.25,4.25,1995-09-01,1995,9,351.3896303057172,119.41481421628976,132.38298800553133,56.87678206749405,54.48644250700373,111.36322198227107,42.478642599923276,128.38709097019034,262.01888932040305,461.27469732218276,894.1593314505914
MY_0p5_4.2500_114.7500,114.75,4.25,1995-09-01,1995,9,361.37228006998697,121.34066833496095,137.13740275065103,68.53731801350914,66.40923339843751,134.94655212402347,42.49882113138835,128.38001525878906,261.6449776204427,459.2294602457683,891.7532910156252
MY_0p5_4.2500_115.2500,115.25,4.25,1995-09-01,1995,9,368.16493320465094,117.11424822277493,122.63292858335707,63.85327446460724,101.77977617581686,165.63304927614,42.53545276323955,128.275412718455,260.1714937422011,451.2359102037219,882.2182871500652
MY_0p5_4.2500_115.7500,115.75,4.25,1995-09-01,1995,9,371.8556736832959,110.89994134418036,111.4381319466284,73.43222338143042,138.97469642768476,212.40692557642018,42.86388946791828,129.29270924713654,262.51587514069126,457.135476219048,891.8079747086865
MY_0p5_4.2500_116.2500,116.25,4.25,1995-09-01,1995,9,373.03058382359956,119.70040539997379,109.04222376753646,85.91503775992045,150.29588108527955,236.21091870563788,42.93935068642221,129.5533134646532,263.2748816885599,459.5876027549185,895.3551754835178
MY_0p5_4.2500_116.7500,116.75,4.25,1995-09-01,1995,9,375.8807478888187,124.08931163280685,104.99587302676515,91.51134146982537,145.91484021313622,237.42618935645663,42.93259451981914,129.5914804094789,263.6825446862017,461.6870537024702,897.8936862835307
MY_0p5_4.2500_117.2500,117.25,4.25,1995-09-01,1995,9,379.61378060399966,127.50763077862496,102.82939802861847,89.50533193402586,123.93857233503223,213.44391463288164,42.85766623505449,129.4677472409949,263.9706836801715,464.26835767357755,900.5644574460731
MY_0p5_4.2500_117.7500,117.75,4.25,1995-09-01,1995,9,349.79816469371826,127.0405234964485,97.97734637138173,69.86351704393697,88.93401767046024,158.79754009409848,41.28080130030966,123.83408414400544,252.5778933794071,444.3145065959702,862.0072811811399
MY_0p5_4.2500_118.2500,118.25,4.25,1995-09-01,1995,9,281.62683087622213,124.908883925767,90.0274136780174,45.652225227112986,51.50836273970877,97.16059161143698,38.465408981226055,113.59545883859039,231.43687205709477,406.00526010306777,789.5029864463078
MY_0p5_4.2500_118.7500,118.75,4.25,1995-09-01,1995,9,241.89720775462962,124.08667726869936,85.60014343261719,36.74971008300781,33.07431411743164,69.82402801513672,36.83628845214844,107.65040588378906,219.14720153808594,383.7779846191406,747.411865234375
MY_0p5_4.7500_100.2500,100.25,4.75,1995-09-01,1995,9,279.7686835394965,108.70112694634332,,,,,,,,,
MY_0p5_4.7500_100.7500,100.75,4.75,1995-09-01,1995,9,277.09671786931005,105.1727608451008,126.18941361342019,33.5383215338234,74.62234881641419,108.1606699005375,42.447654832669386,128.2556550871066,261.4341617987408,458.35642980560056,890.493942136687
MY_0p5_4.7500_101.2500,101.25,4.75,1995-09-01,1995,9,275.8977613546081,98.24859464130702,116.27431025429378,45.69877681429424,121.41096014598061,167.1097390795511,42.606777651347805,128.5808417910621,261.273593188089,454.77655445886035,887.2377598353795
MY_0p5_4.7500_101.7500,101.75,4.75,1995-09-01,1995,9,280.89649215017914,99.85210673014323,124.13231542678108,48.86258978465247,116.5416447957357,165.40423656645277,42.81830619933114,129.33699403793094,263.5753939189608,462.86953047495047,898.6002425905258
MY_0p5_4.7500_102.2500,102.25,4.75,1995-09-01,1995,9,288.7636335100447,102.26618027460007,116.47596530006045,48.333561742873414,133.9637930733817,182.29735107421874,42.86148027692522,129.45044265020462,263.6791672479539,462.3803626650855,898.3714332217262
MY_0p5_4.7500_102.7500,102.75,4.75,1995-09-01,1995,9,273.68895983847835,102.2617628012493,110.31064717481088,56.93410714264887,142.50990781358848,199.4440125386426,42.88993977589211,129.55780811674273,263.9864780887676,463.2615864747648,899.6958029194238
MY_0p5_4.7500_103.2500,103.25,4.75,1995-09-01,1995,9,235.67724652764923,105.15288686040624,103.4416628059866,62.66780063586922,123.36789331752878,186.03569503727877,41.291833448234094,123.82634079148414,252.35968113297474,442.7337272615891,860.2115789321957
MY_0p5_4.7500_103.7500,103.75,4.75,1995-09-01,1995,9,209.30809101305513,106.37646484375,91.61420549665178,39.445569769128575,59.98218060778332,99.42775419160917,37.28025381905692,109.46074844954849,223.46106928045097,393.029798235212,763.2318844485592
MY_0p5_4.7500_113.7500,113.75,4.75,1995-09-01,1995,9,363.97784423828125,117.88438415527344,,,,,,,,,
MY_0p5_4.7500_114.2500,114.25,4.75,1995-09-01,1995,9,363.97784423828125,119.437746320452,135.46929931640625,83.2443618774414,65.05532836914062,148.29969787597656,42.666343688964844,129.02871704101562,263.713134765625,466.148681640625,901.556884765625
MY_0p5_4.7500_114.7500,114.75,4.75,1995-09-01,1995,9,363.74476672757055,123.49074940014913,139.41360096264913,88.43765734600765,84.72649194860972,173.16415569346438,42.69917038948306,129.0406479374055,263.3145151445943,463.8293686733451,898.8837247458838
MY_0p5_4.7500_115.2500,115.25,4.75,1995-09-01,1995,9,363.44072405497224,123.89215191205341,132.20244181156156,97.82384900252022,126.34939165910082,224.17323708534238,42.692632655302674,128.80558029810587,261.56700515747065,455.1705563863118,888.2357676823931
MY_0p5_4.7500_115.7500,115.75,4.75,1995-09-01,1995,9,360.4697187151228,118.56829577249194,117.5318147447374,67.365013558524,112.83708612351192,180.2020981077164,42.572087351481116,128.43602522592695,260.8010728624132,453.584282672216,885.3935027591767
MY_0p5_4.7500_116.2500,116.25,4.75,1995-09-01,1995,9,353.9523537287635,119.87743191189234,114.51160842653303,86.77300519186352,120.45033821227057,207.22333863273494,42.70906264289977,128.88777170332648,262.0121715727306,457.2559633285279,890.8649975973461
MY_0p5_4.7500_116.7500,116.75,4.75,1995-09-01,1995,9,361.49620539025415,121.98386332354967,107.34988089452816,110.72016827064223,125.30931327916397,236.02948104278954,42.7350859702388,128.99150838731208,262.34869355793245,458.3160371418241,892.3913381069522
MY_0p5_4.7500_117.2500,117.25,4.75,1995-09-01,1995,9,386.1420987568205,123.35820806594123,101.5554710751488,94.5179431733631,125.37881358313183,219.8967531234499,42.749625711592415,129.05444340781557,262.6083014594183,459.360240342882,893.7726242792038
MY_0p5_4.7500_117.7500,117.75,4.75,1995-09-01,1995,9,357.51170764391935,124.1354670464238,98.93517069273355,55.604252175439754,96.21518383750433,151.8194335985787,42.60217158402068,128.66534023043474,262.1028949399537,459.38487079475493,892.7552953792524
MY_0p5_4.7500_118.2500,118.25,4.75,1995-09-01,1995,9,296.7653981884521,124.32430133148655,100.74776799954361,40.515390022316176,79.27560405635354,119.79099335023507,42.55991681736319,128.5457377218122,261.91433562465653,459.32011129868096,892.3400958650676
MY_0p5_4.7500_118.7500,118.75,4.75,1995-09-01,1995,9,266.2301751631724,122.9815080859993,104.0437166238133,34.73218560520606,48.97202123569537,83.70420562164692,42.16669724862787,127.17196732533128,258.0848850298531,448.4352822605567,875.8588195028185
MY_0p5_5.2500_100.2500,100.25,5.25,1995-09-01,1995,9,282.24325067597323,108.21595989072944,64.5261459350586,40.31693649291992,38.074058532714844,78.3909912109375,28.15316390991211,76.2901611328125,155.4214630126953,271.89300537109375,531.7577514648438
MY_0p5_5.2500_100.7500,100.75,5.25,1995-09-01,1995,9,279.66062807569324,105.09619599354419,125.00391931643432,32.883375452852796,81.70408814528894,114.58746057269218,41.57087133122587,125.01775105794272,254.3682477227573,443.85839282507186,864.8152774503861
MY_0p5_5.2500_101.2500,101.25,5.25,1995-09-01,1995,9,275.3220734126984,100.55067606123666,123.44147600446429,48.14448633345346,129.19480777316622,177.33928997705854,42.69308290027437,128.86131981743708,261.96021050347224,456.64759211464536,890.1622266012525
MY_0p5_5.2500_101.7500,101.75,5.25,1995-09-01,1995,9,273.21307470236616,101.0407686172777,127.90490229418326,54.63427437946295,134.2895576331266,188.92382705591285,42.91016662500467,129.62801623496281,264.217748848496,464.30571430959526,901.0616402595666
MY_0p5_5.2500_102.2500,102.25,5.25,1995-09-01,1995,9,272.13834969101435,108.60230235689006,118.05211525206353,50.68991308758972,128.25261853454978,178.9425291802473,42.67800204769061,128.81244766332543,262.7416319634504,462.5418819743356,896.7739504674437
MY_0p5_5.2500_102.7500,102.75,5.25,1995-09-01,1995,9,257.13632728999136,107.0710621001614,106.98423976574914,61.795178481279784,152.1022345850023,213.8974130662821,41.93463127006918,126.02720298120532,256.82936711715433,451.21171068094543,876.0028988595736
MY_0p5_5.2500_103.2500,103.25,5.25,1995-09-01,1995,9,235.7036157678675,108.79684742922505,110.06091496851538,89.50024144061202,181.35158167256938,270.85182318749366,42.98523439679827,129.77853007130807,264.4420436512341,464.53351622742497,901.7393168659954
MY_0p5_5.2500_115.2500,115.25,5.25,1995-09-01,1995,9,372.39265688004036,126.97491405856225,134.3034672971632,84.33813814257012,108.39841573746479,192.73656000856494,42.57277429299277,128.48809064020875,261.20234955334274,455.8346432545147,888.0978413566215
MY_0p5_5.2500_115.7500,115.75,5.25,1995-09-01,1995,9,371.758913378253,126.25596478619153,126.4052644891254,61.871559944799394,97.33655943789722,159.20812021029195,42.424821446305614,128.01652826858776,260.0809229963917,452.9074949102887,883.4297503972457
MY_0p5_5.2500_116.2500,116.25,5.25,1995-09-01,1995,9,360.0235408348374,122.7876010363615,116.7437319212322,83.34208884420273,121.34859922867787,204.6906866242614,42.68183242218404,128.86627477332007,262.22773269460174,458.5511600156374,892.326997974251
MY_0p5_5.2500_116.7500,116.75,5.25,1995-09-01,1995,9,372.91615913487686,123.2337012472032,111.34866144687314,120.25049694882163,142.72500578964812,262.97550032410436,42.80172019668772,129.1870706292647,262.70347141314153,458.8306651055058,893.5229169628287
MY_0p5_5.2500_117.2500,117.25,5.25,1995-09-01,1995,9,415.92877516973584,125.36321164085749,107.90310729496062,132.1399621388269,160.10623784140935,292.246198187934,42.97001003689236,129.6887687562004,263.77827284071174,461.42363785032245,897.8606639074901
MY_0p5_5.2500_117.7500,117.75,5.25,1995-09-01,1995,9,397.9733377123636,124.62029263935392,103.99614744640533,92.51887609088232,154.01256026010665,246.53143513997395,42.96437353709388,129.71705748542905,264.078116280692,462.93250025189116,899.6920419844371
MY_0p5_5.2500_118.2500,118.25,5.25,1995-09-01,1995,9,330.7587680467319,122.74287963672809,104.11788651290212,60.13428030803705,129.17989157415496,189.31417880696094,42.92070074142164,129.59137021204467,263.8871499808731,463.0151380794063,899.4143616500174
MY_0p5_5.2500_118.7500,118.75,5.25,1995-09-01,1995,9,285.1856854248048,120.56336078946552,105.69398731655545,37.33783361646864,49.51287089453803,86.85070821974013,42.017647160424126,126.57068803575304,256.045107099745,441.811765882704,866.4452158610026
MY_0p5_5.2500_119.2500,119.25,5.25,1995-09-01,1995,9,255.38124147180008,119.09839390345984,106.2449722290039,28.261878967285156,13.242297172546387,41.50417709350586,41.56880569458008,125.07118225097656,252.15269470214844,431.2441711425781,850.036865234375
MY_0p5_5.7500_100.2500,100.25,5.75,1995-09-01,1995,9,280.2030694635065,107.743485390603,102.57326563563916,35.50707596595134,55.67728966529216,91.18436571873656,35.66800203235871,103.67607963632007,211.7232769607404,372.86569577838304,723.9330197955491
MY_0p5_5.7500_100.7500,100.75,5.75,1995-09-01,1995,9,271.90674554734,106.47857045975942,115.0293869781494,35.216117197672524,81.69827560424804,116.9143935394287,40.62191678365072,121.58943369547528,247.6714405314128,433.36601369222006,843.248773803711
MY_0p5_5.7500_101.2500,101.25,5.75,1995-09-01,1995,9,266.2425650048444,104.96269454355317,121.54367296714483,48.19296293183575,118.65906939168617,166.8520385862336,42.62661906865638,128.7282096682571,262.0178076075757,457.87508902962753,891.2477222352518
MY_0p5_5.7500_101.7500,101.75,5.75,1995-09-01,1995,9,259.0782285054525,105.893407758077,126.31857035954793,49.96097372372946,101.80770578384399,151.76868302027387,42.58726874987284,128.67137896219893,262.24356498718265,459.8369101206461,893.3391324361165
MY_0p5_5.7500_102.2500,102.25,5.75,1995-09-01,1995,9,245.4041351416172,112.78987701122578,117.6850358340074,37.02081078551835,67.49169522102433,104.51250627305771,41.43990553268278,124.67401747270065,253.96539753615252,444.81561145718246,864.8949233546401
MY_0p5_5.7500_102.7500,102.75,5.75,1995-09-01,1995,9,242.497203805106,110.301999101361,91.7480697631836,33.97056579589844,74.23973846435547,108.2103042602539,36.276573181152344,105.71564483642578,215.65518188476562,379.1827392578125,736.8301391601562
MY_0p5_5.7500_103.2500,103.25,5.75,1995-09-01,1995,9,230.16641235351562,111.15499114990234,,,,,,,,,
MY_0p5_5.7500_115.2500,115.25,5.75,1995-09-01,1995,9,379.79003397623694,128.2455047607422,135.39456176757812,119.19124603271484,118.78578186035156,237.97703552246094,42.851722717285156,129.50100708007812,264.20550537109375,465.2921447753906,901.8504028320312
MY_0p5_5.7500_115.7500,115.75,5.75,1995-09-01,1995,9,368.6410857592624,125.60556259623334,123.60507187616257,89.71305607386998,115.2431871686663,204.95624389648435,42.58639253888811,128.61502627418156,261.8282063802083,458.01604468936017,891.0456665039062
MY_0p5_5.7500_116.2500,116.25,5.75,1995-09-01,1995,9,349.2314046223958,119.1553964524042,114.5496348547557,78.09027443537637,127.78474726601254,205.8750214107453,42.57424482315306,128.50895356677827,261.2284421890501,455.25786636594734,887.5694973415798
MY_0p5_5.7500_116.7500,116.75,5.75,1995-09-01,1995,9,359.91925116644967,116.45467778765966,108.09007042778863,91.58007794334775,175.4505459255642,267.0306282164559,42.96182764446925,129.6327098059276,263.41852785140753,459.57618892609116,895.5892450241815
MY_0p5_5.7500_117.2500,117.25,5.75,1995-09-01,1995,9,411.09915854276545,122.71392398677791,109.85069414493789,109.17451426509051,209.04034577860065,318.21485539866546,43.26029258270745,130.5769132981165,265.69722894614426,465.87332538400165,905.4077360231419
MY_0p5_5.7500_117.7500,117.75,5.75,1995-09-01,1995,9,408.2751113164993,123.40825483534073,109.46313435599308,106.93259040781315,222.02271583096297,328.95530014550127,43.33933551199484,130.83614825562344,266.33952218894194,467.6601612679911,908.1751455012585
MY_0p5_5.7500_118.2500,118.25,5.75,1995-09-01,1995,9,357.4285276887563,121.84056561787922,108.7196252102322,106.64388854980469,205.3178013780382,311.961698811849,43.29781153361003,130.7143191189236,266.12732747395836,467.46017876519096,907.5996405707466
MY_0p5_5.7500_118.7500,118.75,5.75,1995-09-01,1995,9,306.49317638690655,120.22679446293758,108.36174774169922,108.25897216796875,195.5612335205078,303.8202209472656,43.27174377441406,130.63345336914062,265.97186279296875,467.2476806640625,907.124755859375
MY_0p5_6.2500_99.7500,99.75,6.25,1995-09-01,1995,9,308.26697016697307,107.92225302901922,141.38781312454577,75.4630811824355,114.69175418587619,190.15484157828396,42.6839924302212,129.082793479742,263.5657185399255,463.92783089571225,899.2603277162063
MY_0p5_6.2500_100.2500,100.25,6.25,1995-09-01,1995,9,273.6459628343583,107.67246073484422,125.99657231544958,41.21248436752631,76.16128287801935,117.37376920738998,40.64031066894531,121.73085464166134,248.6077361437739,438.0094098772321,848.9882956991389
MY_0p5_6.2500_100.7500,100.75,6.25,1995-09-01,1995,9,254.68041756530528,108.8825530416717,117.27860286521177,26.675732616292002,66.177656460913,92.85339181671732,41.43136668849636,124.7361247530315,253.93557633212177,445.729465322605,865.8325122258838
MY_0p5_6.2500_101.2500,101.25,6.25,1995-09-01,1995,9,243.42400418795074,109.22306060791014,116.21045473538913,26.846106602595405,73.49125014085037,100.33736008864182,41.98502584604117,126.74415001502403,257.73594125600965,451.81066518930294,878.2757681039664
MY_0p5_6.2500_101.7500,101.75,6.25,1995-09-01,1995,9,226.29482421875,113.88132781982422,121.63434470040457,25.41772662571498,40.05040803636823,65.46813725062779,41.69438214983258,125.80358886718747,255.30008850097653,442.5045035226004,865.3025408063615
MY_0p5_6.2500_102.2500,102.25,6.25,1995-09-01,1995,9,220.79524326324463,115.33799315661919,119.67413330078125,19.026968002319336,14.781670570373535,33.80863952636719,41.170326232910156,124.08489990234375,250.9788360595703,431.4642639160156,847.6983032226562
MY_0p5_6.2500_115.7500,115.75,6.25,1995-09-01,1995,9,337.8739714189009,124.63353642550379,129.27049255371094,80.59912872314453,95.9058837890625,176.5050048828125,42.48087692260742,128.38812255859375,261.7149658203125,458.57318115234375,891.1571655273438
MY_0p5_6.2500_116.2500,116.25,6.25,1995-09-01,1995,9,318.78762134752776,120.4778171338533,120.19441179451962,62.919890500375345,86.20004490923776,149.1199303177485,42.26024429388509,127.60281183856173,259.467105815064,451.90726958287445,881.2374428904529
MY_0p5_6.2500_116.7500,116.75,6.25,1995-09-01,1995,9,316.0210121760293,117.00126311287046,110.26773143949964,56.722131081232945,109.48732738192119,166.2094604007781,42.403780607193234,127.94403822157119,259.77122269887775,451.4709116133433,881.5899493505085
MY_0p5_6.2500_117.2500,117.25,6.25,1995-09-01,1995,9,362.87772342742437,119.8972158038427,109.96659170483788,80.51384428720627,166.00980275472006,246.52364712669734,42.49973920791868,127.95354677230593,260.38029833596846,456.24721466548857,887.080786326575
MY_0p5_6.2500_117.7500,117.75,6.25,1995-09-01,1995,9,382.00149361292523,121.1950157483419,110.04896973727044,90.69152925725568,179.13104649593956,269.82257008691977,42.50543799595526,127.92090164987664,260.5178345797355,457.65469431737716,888.598861962034
MY_0p5_6.2500_118.2500,118.25,6.25,1995-09-01,1995,9,380.2204001290458,121.38301931108747,111.69404193333217,100.70606722150531,183.8533695765904,284.55943189348494,43.20413262503487,130.49655314854212,265.9266313825335,467.81273324149,907.4400569370814
MY_0p5_6.7500_100.2500,100.25,6.75,1995-09-01,1995,9,272.3444622264189,107.9283790027394,134.022372526281,50.74789922377643,90.14468843796674,140.89258962519028,42.56364107131958,128.67205182243794,262.6247094098259,462.04710118910845,895.9075043622184
MY_0p5_6.7500_100.7500,100.75,6.75,1995-09-01,1995,9,245.06621862340856,110.03351847330731,120.02931043836806,24.64695174605758,52.18564153600623,76.83259441234449,41.42207011470089,124.94162100332755,253.63714147497106,447.238037109375,867.2388802987558
MY_0p5_6.7500_116.2500,116.25,6.75,1995-09-01,1995,9,256.15294989224134,121.03819620886513,110.0739548845989,23.770538516160922,22.311221288471693,46.08175994128716,40.3626538718619,121.30413520626907,242.9549389350705,407.715537466654,812.3372787847751
MY_0p5_6.7500_116.7500,116.75,6.75,1995-09-01,1995,9,275.65568584041375,119.64548686146735,105.69742089674878,27.79290893614999,33.188673776600204,60.981581586151734,39.71347605286851,118.56585566705397,237.85715397167584,400.59575668154025,796.7322508318151
MY_0p5_6.7500_117.2500,117.25,6.75,1995-09-01,1995,9,312.27103104550616,118.9377157097189,103.04330390322525,40.40302833624646,67.66454996023558,108.06757553910786,39.461334481703496,117.25506281219752,236.2857857088072,403.0200392461456,796.0222284097587
MY_0p5_6.7500_117.7500,117.75,6.75,1995-09-01,1995,9,350.32149336073127,119.4115547604031,108.51210045814514,64.61177337169647,124.76702666282654,189.3787980079651,40.92545974254608,122.3047227859497,249.10472726821902,437.3031816482544,849.6381072998047
MY_0p5_7.2500_116.7500,116.75,7.25,1995-09-01,1995,9,237.4554940771869,118.83983642335922,100.34207173223082,14.57416818038277,0.11817273355048637,14.692340618631116,37.37223344885784,110.25170122229535,215.84900937287705,339.1527760381284,702.6257101307745
MY_0p5_7.2500_117.2500,117.25,7.25,1995-09-01,1995,9,246.1310811085744,117.64781855677698,101.29163280286288,16.285915916844417,0.13906969216309095,16.42498514275802,37.17284746671978,109.23092402407997,213.50611588327507,333.163821250514,693.0736957750822
MY_0p5_0.7500_110.2500,110.25,0.75,1995-10-01,1995,10,282.15721717247595,108.22972365159256,118.69043273925782,33.16356805654673,70.59192463801458,103.75549574631913,42.35190664438102,127.68932659442609,259.01312584510214,449.8887559157152,878.9431283804088
MY_0p5_0.7500_110.7500,110.75,0.75,1995-10-01,1995,10,288.5700230189732,109.98154634748184,127.39309005737304,48.02156475612095,82.44487664358955,130.46644025530134,42.71242801121303,128.9904761178153,262.7759573800223,461.3841273716517,895.8629839215959
MY_0p5_0.7500_111.7500,111.75,0.75,1995-10-01,1995,10,300.75311957465277,108.91067771306115,134.4603731670077,52.05005203731477,98.64813171871124,150.69817994132873,42.8407595800975,129.36147562662762,263.414059593564,462.322283548022,897.9385424417163
MY_0p5_1.2500_103.2500,103.25,1.25,1995-10-01,1995,10,206.8256369285213,108.81230015430636,102.00270635431463,17.771499070254237,20.375659509138632,38.14715697548606,38.69925039464778,114.71422160755506,233.2232919172807,406.37613123113465,793.0129061612216
MY_0p5_1.2500_103.7500,103.75,1.25,1995-10-01,1995,10,208.0044699363338,107.7555827168585,92.59428872414006,16.121823218262314,34.102123371605735,50.22394524731683,39.87939764226524,119.19779827525316,242.40568201750227,422.79982690903745,824.282713066027
MY_0p5_1.2500_104.2500,104.25,1.25,1995-10-01,1995,10,198.69041530064175,107.81672079903738,81.89171600341797,14.361126899719238,50.230831146240234,64.59195709228516,41.45248794555664,125.1489028930664,254.60069274902344,444.6220703125,865.8241577148438
MY_0p5_1.2500_109.7500,109.75,1.25,1995-10-01,1995,10,259.1616343302899,109.52081712469999,115.91634534353234,38.68208267028073,93.17853339321643,131.86061583369613,42.72794512093786,129.159250833902,263.73168908544335,465.2544688029462,900.873367493411
MY_0p5_1.2500_110.2500,110.25,1.25,1995-10-01,1995,10,277.92138789703495,109.04612817359249,118.97592239674454,37.44871104177821,83.20154549440363,120.6502625748918,42.493563515799394,128.18305680558493,260.3821214359239,453.905386670676,884.9641327729098
MY_0p5_1.2500_110.7500,110.75,1.25,1995-10-01,1995,10,283.5194483196924,110.27674834236265,127.80642719571551,46.98778325640966,90.71227555047898,137.70005866156683,42.76795538039434,129.19190678672186,263.36661764477924,463.1840337844122,898.5105125790549
MY_0p5_1.2500_111.2500,111.25,1.25,1995-10-01,1995,10,280.7654728021104,109.78066402349992,130.34874518153768,48.236370366983145,87.22608901441289,135.4624505332484,42.75088695977062,129.1502935147514,263.2488663645979,462.6823039191981,897.8323403257913
MY_0p5_1.2500_111.7500,111.75,1.25,1995-10-01,1995,10,295.0046207488529,108.73096659826854,133.29578968835256,48.270986466180716,95.96233973427424,144.23332274906218,42.80729348318918,129.263917953249,263.2058677067832,461.7583022344681,897.0353538876489
MY_0p5_1.2500_112.2500,112.25,1.25,1995-10-01,1995,10,320.66094149671835,108.06258256786366,136.12254194075686,60.773983156620545,118.58990575335352,179.36388540509992,42.93409577965131,129.64183392984611,263.94321406795285,463.0452900997878,899.5644196641022
MY_0p5_1.2500_112.7500,112.75,1.25,1995-10-01,1995,10,356.56490961710614,108.6302253405253,137.31232961018878,89.03851842880249,152.18950494130453,241.22801971435547,43.0180466969808,129.82456302642822,263.91431935628253,461.1833216349284,897.9402516682943
MY_0p5_1.2500_113.2500,113.25,1.25,1995-10-01,1995,10,392.94322297469427,108.74839497441832,136.6842267907184,98.30633767169454,165.34272951872452,263.64906257961104,43.04303466133449,129.89922976286513,264.04093362559445,461.2001998237941,898.1834063986073
MY_0p5_1.2500_113.7500,113.75,1.25,1995-10-01,1995,10,406.02924601236975,108.7099552154541,134.41512506658378,87.88617293039958,161.93715794881183,249.8233379017223,42.98937823555686,129.7161335800633,263.564670678341,459.8566820549242,896.1268606474905
MY_0p5_1.2500_114.2500,114.25,1.25,1995-10-01,1995,10,410.3431704360827,107.62396807375207,134.2178427097017,99.84280942393616,191.22255389458311,291.065372028182,43.1925721295112,130.32105504938986,264.81355704248483,462.66018406690756,900.9873797661436
MY_0p5_1.2500_114.7500,114.75,1.25,1995-10-01,1995,10,397.31133737871727,105.56249384726247,128.19983451597153,100.3359377461095,195.84935440555694,296.185306672127,43.22557560090096,130.40262628370715,264.89989742156,462.5772980720766,901.1053781817036
MY_0p5_1.7500_102.7500,102.75,1.75,1995-10-01,1995,10,193.58836752538525,109.11784434450267,104.51788115501405,11.625997930765152,27.544699847698215,39.17069697380066,40.786460518836975,122.44920015335083,249.85127353668213,438.70671558380127,851.7936534881593
MY_0p5_1.7500_103.2500,103.25,1.75,1995-10-01,1995,10,207.0899464375264,107.18567775299191,106.5047938156128,16.579065003395083,41.815485630035404,58.39454881668091,40.8426416015625,122.4946642303467,249.65292846679685,437.67773132324214,850.6679745483399
MY_0p5_1.7500_103.7500,103.75,1.75,1995-10-01,1995,10,208.0692710393592,106.7448031992852,98.70441504369809,18.044740519946135,43.97595113440405,62.02069079725048,40.810865728161005,122.50098510935337,249.44272903249237,436.41821462896803,849.1727947766267
MY_0p5_1.7500_104.2500,104.25,1.75,1995-10-01,1995,10,200.65219268798828,107.30986795425414,93.01150885293652,17.168062261832777,47.22427022179892,64.39233191438424,41.785684541214344,126.20657804030782,256.98778669963514,449.60079790455427,874.5808479249939
MY_0p5_1.7500_109.7500,109.75,1.75,1995-10-01,1995,10,258.83904905097427,109.51305287383323,115.92802429199219,39.29254913330078,95.58698272705078,134.87953186035156,42.757904052734375,129.2664337158203,264.0401611328125,466.18804931640625,902.2525634765625
MY_0p5_1.7500_110.2500,110.25,1.75,1995-10-01,1995,10,269.68557533521334,110.35429790766553,119.45616484453335,44.17632124385731,103.50422937729779,147.68056100447546,42.741296615192596,129.0633016984093,262.8901990594711,461.43195950921205,896.126744561017
MY_0p5_1.7500_110.7500,110.75,1.75,1995-10-01,1995,10,271.18000654740763,110.84184820001775,128.3319351196289,42.033634376525875,106.95086593627929,148.98450241088864,42.870603752136226,129.57631072998046,264.5442733764648,466.90194244384764,903.8931427001952
MY_0p5_1.7500_111.2500,111.25,1.75,1995-10-01,1995,10,259.7989573645213,110.16095750596786,130.02565939260086,42.53582380427871,85.78085792009222,128.31667629508087,42.75182393983353,129.1993980939998,263.6073934865553,464.3261027491371,899.8847187840661
MY_0p5_1.7500_111.7500,111.75,1.75,1995-10-01,1995,10,275.7965984103045,108.67544676382329,127.96548046643217,42.86687147164646,90.72379737564279,133.59066835234435,42.74540256548531,129.1560713852508,263.3492807315874,463.07449968555295,898.3252582791483
MY_0p5_1.7500_112.2500,112.25,1.75,1995-10-01,1995,10,314.57468019515744,108.7446036202567,131.8381546747117,61.7293467445979,118.0203140985398,179.74965762183777,42.863693116203194,129.44525534009173,263.5925450885107,462.2532947358631,898.1547779870411
MY_0p5_1.7500_112.7500,112.75,1.75,1995-10-01,1995,10,350.8691366528708,109.63384108770461,135.75899541945685,87.88483925471229,141.62520255436974,229.51003655327688,42.96372945876348,129.71127203078495,263.9583804175967,462.2901765369234,898.9235566638765
MY_0p5_1.7500_113.2500,113.25,1.75,1995-10-01,1995,10,384.54718133835564,110.38856675889757,137.67755054292226,99.12218528626457,154.6543509831504,253.77653421068948,43.036107417515346,129.92832273453,264.39520350864956,463.13596569242935,900.4956138005333
MY_0p5_1.7500_113.7500,113.75,1.75,1995-10-01,1995,10,400.40948302253844,110.58390142047216,136.45481485033793,96.93372708275204,162.3859395829458,259.3196706136067,42.99861622159443,129.78124675447978,263.87103978717136,461.04900919596355,897.699913000682
MY_0p5_1.7500_114.2500,114.25,1.75,1995-10-01,1995,10,402.16699577210437,109.48387947688028,136.55951087588355,96.27126341320219,177.9108195955791,274.1820852128286,43.11007036481585,130.10921272398932,264.5218171619233,462.4387437608507,900.1798467726934
MY_0p5_1.7500_114.7500,114.75,1.75,1995-10-01,1995,10,389.80749986085254,108.5899298079891,132.09970393205555,81.05878116429778,167.01997177835574,248.07875298218408,43.00770161683078,129.8106638063421,263.9109675748361,461.0472163857574,897.7765227797117
MY_0p5_2.2500_101.7500,101.75,2.25,1995-10-01,1995,10,185.78220560093118,110.1383223870788,112.5656543307834,10.744527681909426,21.398500770029397,32.14302716110692,41.42968387796421,124.92074954870976,254.57754347059466,445.3446908045297,866.2726354117345
MY_0p5_2.2500_102.2500,102.25,2.25,1995-10-01,1995,10,181.023442975642,108.00319124066658,106.1947775297758,10.352972318110853,19.282693990680016,29.63566740848231,41.05047023353394,123.56272260309976,251.2547086870841,437.07561321349806,852.9435124009419
MY_0p5_2.2500_102.7500,102.75,2.25,1995-10-01,1995,10,186.94280044941962,107.08188163177876,105.9721410244326,11.500791809226895,26.594713699968555,38.095505249651175,41.365236028840265,124.60853656334214,254.12817044801352,445.5098790035972,865.6118272226068
MY_0p5_2.2500_103.2500,103.25,2.25,1995-10-01,1995,10,204.178515867203,104.92410355825274,107.14535926939948,16.84670058659145,53.59196163359142,70.438662029448,42.03077830965557,126.81162303137398,258.660748000372,454.28838065011155,881.7915463402159
MY_0p5_2.2500_103.7500,103.75,2.25,1995-10-01,1995,10,207.33316759012513,105.41583360575012,107.23731715315478,20.610462718898965,53.15067637815312,73.76113925222623,41.90438904843088,126.33773250256556,257.64871081336065,452.34184446173185,878.2326767743642
MY_0p5_2.2500_104.2500,104.25,2.25,1995-10-01,1995,10,200.24771626790368,106.2842369389728,109.79397002921618,19.519628130699978,37.92667622211551,57.4463034385492,42.30089534412731,127.87590934816473,260.9375696103435,458.5378710533962,889.6522579981277
MY_0p5_2.2500_104.7500,104.75,2.25,1995-10-01,1995,10,186.23834228515625,107.0228042602539,,,,,,,,,
MY_0p5_2.2500_109.7500,109.75,2.25,1995-10-01,1995,10,260.21988308814264,108.81773548741495,,,,,,,,,
MY_0p5_2.2500_111.2500,111.25,2.25,1995-10-01,1995,10,239.9279515743256,109.71159809827805,121.29437042685115,41.324232774622295,77.87609582788804,119.20032849031335,42.63583166459027,128.9549107271082,263.58838922837197,465.6582116519703,900.8373870849609
MY_0p5_2.2500_111.7500,111.75,2.25,1995-10-01,1995,10,259.44712035164,109.33066386873759,123.10274495927116,46.02364839826311,87.60256999182322,133.6262183537559,42.699645463247144,129.1285407172309,263.8667955186632,466.02110644143727,901.7161126999628
MY_0p5_2.2500_112.2500,112.25,2.25,1995-10-01,1995,10,301.5726816328745,110.55127958267454,128.02810073125931,63.84882182772196,110.1702136085147,174.01903386191714,42.80735635908824,129.38910333542594,264.0788673037574,465.3319246806795,901.6072426447791
MY_0p5_2.2500_112.7500,112.75,2.25,1995-10-01,1995,10,335.14716196211555,111.66212952628969,132.8558111281622,83.96946224636501,119.78320181710379,203.7526603093223,42.83123501974439,129.41724185035343,263.891759672619,464.0127578977554,900.1529893663193
MY_0p5_2.2500_113.2500,113.25,2.25,1995-10-01,1995,10,359.43355790395583,112.80407712421722,138.99502810523626,84.70527786981494,125.7940392388238,210.49931805323044,42.8887458437965,129.5651344420418,264.07415277390254,464.0383758060517,900.5664308578251
MY_0p5_2.2500_113.7500,113.75,2.25,1995-10-01,1995,10,371.270129722885,112.74640561357332,141.5519584945486,82.93797130826155,139.77505300014835,222.7130225942105,42.87929859644251,129.45249176025393,263.3292678639859,460.37057359912734,896.0316531024403
MY_0p5_2.2500_114.2500,114.25,2.25,1995-10-01,1995,10,373.3604431152344,111.86977873302641,141.7495912097749,75.7245813036722,144.5194814046224,220.24405895414807,42.913393208337204,129.53999163915242,263.4284935360863,460.31526431129095,896.1971241784473
MY_0p5_2.2500_114.7500,114.75,2.25,1995-10-01,1995,10,378.85919947470387,110.14827647055348,136.39816052836758,64.44922962803994,150.3814439342868,214.8306751866495,42.90237455060405,129.52224854500065,263.44904184649073,460.50828867266256,896.3819245369206
MY_0p5_2.2500_115.2500,115.25,2.25,1995-10-01,1995,10,394.9620361328125,109.28194427490234,133.38497924804688,69.29179382324219,193.2985382080078,262.59033203125,43.174129486083984,130.33584594726562,265.1913757324219,464.6811218261719,903.3825073242188
MY_0p5_2.7500_101.2500,101.25,2.75,1995-10-01,1995,10,218.89479064941406,109.12547302246094,116.86044311523438,16.299814224243164,51.306270599365234,67.6060791015625,42.221221923828125,127.77780151367188,261.3973693847656,461.6423034667969,893.0386962890625
MY_0p5_2.7500_101.7500,101.75,2.75,1995-10-01,1995,10,190.42814590778755,106.5475444724343,101.26852591774679,18.40801965193315,68.00772351351651,86.41574286720969,41.98570982499555,126.85494293212889,258.49026955344453,452.64981378728686,879.9807255415482
MY_0p5_2.7500_102.2500,102.25,2.75,1995-10-01,1995,10,185.4404877583692,104.32611601519736,111.06215670154353,16.491040897976823,43.85310241067485,60.344146036038744,42.004195656746056,126.84068818304947,258.0457412816916,449.7937539459034,876.6843590220069
MY_0p5_2.7500_102.7500,102.75,2.75,1995-10-01,1995,10,189.49353123918365,104.0693497235262,110.07645672182493,18.023016141939767,47.050419179699084,65.07343592824814,42.28606394272816,127.86960302425334,261.16706529448305,459.8471504887448,891.1698712699019
MY_0p5_2.7500_103.2500,103.25,2.75,1995-10-01,1995,10,203.4793905756276,103.94167524690081,105.49347273711187,22.28765486152309,65.560298822488,87.8479548290277,41.56758212435777,125.08157837011252,255.34068604487524,449.4743187776797,871.4641762508708
MY_0p5_2.7500_103.7500,103.75,2.75,1995-10-01,1995,10,207.34981337837553,105.41446184904677,102.57631479430307,22.28052423187115,55.77361795100199,78.05414475823329,40.68746925389162,121.89176895211918,248.76664086970317,437.56995852422057,848.9158367385513
MY_0p5_2.7500_104.2500,104.25,2.75,1995-10-01,1995,10,199.2754570456112,106.12298987893497,110.13787841796875,17.559179306030273,32.66338348388672,50.22256088256836,42.32460021972656,127.98796081542969,261.3883972167969,460.23748779296875,891.9384765625
MY_0p5_2.7500_111.2500,111.25,2.75,1995-10-01,1995,10,229.878500576677,109.77220532647495,121.10270511402804,38.694927103379186,63.70145921146168,102.39638721241671,42.41629948335535,128.28593893612134,262.11284054026885,461.9352399040671,894.7503231272979
MY_0p5_2.7500_111.7500,111.75,2.75,1995-10-01,1995,10,252.77387800373015,109.99947060131636,123.53809826949546,42.98939096516576,77.61038550015152,120.5997758733815,42.55384576731714,128.68333349556758,262.8919775074925,463.6082615030223,897.737423863904
MY_0p5_2.7500_112.2500,112.25,2.75,1995-10-01,1995,10,288.6283917004549,111.68886826913568,128.53245661417643,58.5451953125,93.51120964050291,152.0564028930664,42.68305175781249,129.04169306437174,263.51227579752606,464.6474332682292,899.884454752604
MY_0p5_2.7500_112.7500,112.75,2.75,1995-10-01,1995,10,319.1428671728206,113.57859056207198,132.95793504352812,77.39111289495155,104.84697595427306,182.2380841894995,42.74351543716237,129.20556997951073,263.72324149216274,464.58153031747554,900.253870710542
MY_0p5_2.7500_113.2500,113.25,2.75,1995-10-01,1995,10,340.19973357669886,115.43560849144345,140.3991689046224,83.49041854616195,121.53681635780939,205.02723606654575,42.841289774576815,129.47681177532863,264.14003295898436,464.94063149104045,901.3987763904388
MY_0p5_2.7500_113.7500,113.75,2.75,1995-10-01,1995,10,353.3365229709892,116.26697100499632,145.72063450904406,73.2509202410461,130.82746673389605,204.07838823840876,42.827560400507245,129.3544731383111,263.4263138497711,461.67043552277187,897.278794015289
MY_0p5_2.7500_114.2500,114.25,2.75,1995-10-01,1995,10,360.2343380119227,114.50775124755087,144.72841055181962,68.71892547607422,143.23652248141133,211.95544795748552,42.8635953710049,129.40166087090213,263.19310210022746,459.93937779680084,895.3977450600153
MY_0p5_2.7500_114.7500,114.75,2.75,1995-10-01,1995,10,372.43500756913687,114.59587284258215,142.40428875965674,72.94573139992488,159.3687870487286,232.31452242128407,42.99514534822695,129.8037781442047,264.1072169990296,462.3796335208188,899.2857531893784
MY_0p5_2.7500_115.2500,115.25,2.75,1995-10-01,1995,10,388.90806400883304,111.02936657055004,132.62830043483424,59.851108619758676,186.6272341066652,246.47833980525937,43.107402973346886,130.1017363952087,264.5189912813204,462.44940020586995,900.1775485201999
MY_0p5_3.2500_101.2500,101.25,3.25,1995-10-01,1995,10,228.91928948296442,106.89898453055652,120.84867659988106,18.738485417941202,68.89395649238318,87.63243750189993,42.48909823347159,128.581937500475,263.0373784521674,464.9672159276584,899.075637995501
MY_0p5_3.2500_101.7500,101.75,3.25,1995-10-01,1995,10,198.90324666725013,100.60985567615292,103.33143710482655,26.3203380062322,109.43711415673516,135.75745229052893,42.361898021333545,127.96630966283713,260.5866825565411,455.7459459244066,886.6608406601439
MY_0p5_3.2500_102.2500,102.25,3.25,1995-10-01,1995,10,197.7307844373915,101.62679050990512,115.89954364110554,19.489399144006153,58.01058915153382,77.49998965793185,42.42889033726283,128.280570281498,261.89425097268725,460.84582161070813,893.4495161752852
MY_0p5_3.2500_102.7500,102.75,3.25,1995-10-01,1995,10,199.42765185199204,101.48836198637757,114.94581874412826,21.54954213733914,55.45135296447368,77.00089242186726,42.47987660275229,128.49339511726473,262.6666755193396,463.70480230790145,897.3447491609597
MY_0p5_3.2500_103.2500,103.25,3.25,1995-10-01,1995,10,204.19945990845125,102.33943561466975,103.82161821992855,21.072746941631703,56.78558789480005,77.85833514086198,40.72977795430038,122.07446122557798,249.4541821805973,440.03171104406306,852.2901474148133
MY_0p5_3.2500_112.2500,112.25,3.25,1995-10-01,1995,10,284.039446343316,112.24966159396702,129.16004197862415,55.52099846733941,86.33357594807943,141.85457119411893,42.62620078192817,128.87422960069446,263.19536946614585,464.0839850531685,898.77978515625
MY_0p5_3.2500_112.7500,112.75,3.25,1995-10-01,1995,10,312.23704307310044,115.40524390435988,135.17908040031057,77.43295475693999,97.33578553746958,174.76873266501502,42.665638689134944,128.9810453321113,263.29046505787335,463.70192430840166,898.639093617924
MY_0p5_3.2500_113.2500,113.25,3.25,1995-10-01,1995,10,329.43769847898557,118.85823612643364,142.88729841058904,77.52998623703465,110.846002665433,188.37598864237467,42.7246290842692,129.14283827579382,263.5056628602923,463.6669437524044,899.0400651873964
MY_0p5_3.2500_113.7500,113.75,3.25,1995-10-01,1995,10,345.2670064290364,120.64136425199963,146.9507083953373,64.5600824507456,120.31024511428105,184.87032422262527,42.813022577194936,129.3831623864552,263.8751017252604,464.0921377030629,900.1634403289308
MY_0p5_3.2500_114.2500,114.25,3.25,1995-10-01,1995,10,361.0955238099311,120.43266133593903,146.17000502082192,69.78368815039373,143.81853587156647,213.60222761798053,42.8701606677596,129.46759927348725,263.53563636731184,461.35040477582595,897.2237923980518
MY_0p5_3.2500_114.7500,114.75,3.25,1995-10-01,1995,10,371.3769191085913,121.39472808351944,146.73906838969822,81.17795493496452,151.8324411963202,233.01039181849,42.975244352012695,129.77788378478616,264.208055532662,463.12034179298746,900.0814924300856
MY_0p5_3.2500_115.2500,115.25,3.25,1995-10-01,1995,10,379.10007795502867,114.85188276556471,128.01094267639934,50.47107312649111,164.25103204461593,214.72211316265634,42.930614338645455,129.55200571953495,263.24555138696593,459.0623957959911,894.7905986158154
MY_0p5_3.2500_115.7500,115.75,3.25,1995-10-01,1995,10,396.59645714920555,110.47657047228866,120.31190705031493,81.20175968127305,196.10196711508075,277.30374556980775,43.14840025312445,130.25397945789808,264.97936120194,463.908145175891,902.2899101343047
MY_0p5_3.7500_100.7500,100.75,3.75,1995-10-01,1995,10,301.38525390625,106.46342468261719,125.41911315917969,19.578384399414062,70.28878021240234,89.8671646118164,42.632057189941406,129.0198974609375,264.01861572265625,467.42974853515625,903.100341796875
MY_0p5_3.7500_101.2500,101.25,3.75,1995-10-01,1995,10,254.74336550588566,102.62023091239065,124.27273633642103,25.55096321970128,104.74193765584705,130.29289465351783,42.7484323939845,129.26164280172304,263.96055133906,465.2774901158602,901.2481069225324
MY_0p5_3.7500_101.7500,101.75,3.75,1995-10-01,1995,10,225.57343589558326,96.06724004077306,114.57720587663593,24.329979027912117,107.69576222122096,132.02574269483046,42.596834547200785,128.67354763541252,262.059650105276,458.61381715422226,891.943826857646
MY_0p5_3.7500_102.2500,102.25,3.75,1995-10-01,1995,10,231.82484576512894,96.01800064813523,119.99918036082434,24.611553186083597,88.88226955353268,113.4938244047619,42.62159210689484,128.80589846656434,262.7156924293154,461.6071678524925,895.7503654358879
MY_0p5_3.7500_102.7500,102.75,3.75,1995-10-01,1995,10,229.62775428408668,98.64022623697917,118.25791986859032,25.729059709821428,79.4115502735925,105.14060945056733,42.62226561288984,128.83898615761407,263.0003692142547,463.2090923975384,897.6707007998511
MY_0p5_3.7500_103.2500,103.25,3.75,1995-10-01,1995,10,218.86187598239852,99.92425455040191,108.91708164589078,27.50314286923876,81.5881758297191,109.09131604362938,42.129471647973155,127.05127617331112,259.3673543294271,456.80046183268223,885.348541140089
MY_0p5_3.7500_113.2500,113.25,3.75,1995-10-01,1995,10,325.11379957199097,122.31883645057678,142.3296383717021,63.391982657010445,97.4654691102075,160.85745239257815,42.633712018122445,128.89056271412332,263.0838157778881,463.0130955430328,897.6211757972592
MY_0p5_3.7500_113.7500,113.75,3.75,1995-10-01,1995,10,342.6034171878288,125.07085052974638,143.013626148014,48.80315541140856,98.38778298881061,147.19093584474237,42.674389885467235,128.98663251068214,263.1979499495917,463.15181003805117,898.0108119137465
MY_0p5_3.7500_114.2500,114.25,3.75,1995-10-01,1995,10,361.4793760048231,126.37666119772292,145.82057330419144,54.54635714576357,120.10059097532243,174.64695366753472,42.83980113438198,129.4575016566685,264.021620202443,464.45229540628105,900.771207294767
MY_0p5_3.7500_114.7500,114.75,3.75,1995-10-01,1995,10,366.61082744295635,125.87067895314048,147.8577181377108,75.50052336435469,138.04014974927145,213.54066661047554,42.90470607697017,129.6452616858104,264.30313914465523,464.51546737428697,901.3685548812625
MY_0p5_3.7500_115.2500,115.25,3.75,1995-10-01,1995,10,364.0417785644531,116.20259660993302,125.38683130173455,47.52928794981941,158.46141575404576,205.9907006642175,42.85749987647647,129.35557948521205,262.9349780854725,458.58634294782365,893.7344164651538
MY_0p5_3.7500_115.7500,115.75,3.75,1995-10-01,1995,10,379.40882423455764,109.85283704798856,120.23919068480566,72.51761989456287,189.16601672275462,261.68364402716105,43.072926939820206,130.00045677569273,264.2954536273325,461.7495018389585,899.1183528762925
MY_0p5_4.2500_100.7500,100.75,4.25,1995-10-01,1995,10,272.90330934524536,105.22075424795077,125.8197349704042,25.656536771813215,100.26864041698224,125.92517718879546,42.78747778133471,129.40611005510604,264.48180616729115,467.47255996392704,904.1479524573502
MY_0p5_4.2500_101.2500,101.25,4.25,1995-10-01,1995,10,263.56610823047254,97.40092560591972,119.5231796070269,35.02239113096979,145.5679498903311,180.59034663400837,42.84216256354266,129.3735902142373,263.3253193266073,460.70858745210495,896.2496730537171
MY_0p5_4.2500_101.7500,101.75,4.25,1995-10-01,1995,10,267.6115993224469,95.63860535545473,125.95027869958848,24.567188208095565,95.90484358327458,120.4720333940305,42.72384488773042,129.15797882567583,263.6783997167033,464.62110135501956,900.1813130241615
MY_0p5_4.2500_102.2500,102.25,4.25,1995-10-01,1995,10,283.56784208742573,97.13515764912859,123.59138427831877,23.672535704347656,77.79609485175283,101.46862914844064,42.611070151527095,128.8153592923198,262.9738378555249,463.1455675801531,897.5458327223319
MY_0p5_4.2500_102.7500,102.75,4.25,1995-10-01,1995,10,276.2025890471829,96.97452780851135,114.23970437505444,34.70534060411392,101.3756858679899,136.08103141055744,42.62384626060535,128.7331410304756,262.1192065196432,458.7224613845729,892.1986464968154
MY_0p5_4.2500_103.2500,103.25,4.25,1995-10-01,1995,10,243.20615926750094,100.04300064990744,105.91836109227836,37.181421127053504,94.8777491074406,132.0591689053313,42.62149229946868,128.8023655589034,262.7845417514496,462.1107655169656,896.3191462393838
MY_0p5_4.2500_113.7500,113.75,4.25,1995-10-01,1995,10,352.7613045828683,128.21805023424554,137.627950416421,39.957597336679136,78.69459238592184,118.65219216976527,42.56049667214448,128.68582685938424,262.73398892384654,462.61670411307864,896.5970038647923
MY_0p5_4.2500_114.2500,114.25,4.25,1995-10-01,1995,10,361.1324559933969,128.61678829708615,138.99731928409298,39.420928056635915,91.33346475137247,130.7543915266236,42.68197038274934,129.06630167721784,263.593786762488,464.74123591713936,900.083325949415
MY_0p5_4.2500_114.7500,114.75,4.25,1995-10-01,1995,10,359.5931829833985,127.56842788696294,145.58251566569015,73.74982513427736,143.19996287027996,216.94978200276694,42.915462748209634,129.69954762776692,264.51723592122397,465.2895615641276,902.4218237304689
MY_0p5_4.2500_115.2500,115.25,4.25,1995-10-01,1995,10,348.21070353190106,120.45338606834413,130.29337991608517,51.54684962166681,152.99793736139935,204.5447922282749,42.71118175983429,128.99063518312244,262.36182022094727,457.5116129981147,891.5752506256104
MY_0p5_4.2500_115.7500,115.75,4.25,1995-10-01,1995,10,351.0422796734309,112.16392941232456,119.37663781117587,59.821646596617626,171.03406992766818,230.85572008035953,42.8767906706212,129.44558710647843,263.2120732711534,459.28960302320587,894.8240428859906
MY_0p5_4.2500_116.2500,116.25,4.25,1995-10-01,1995,10,368.9604151655988,118.76733849688274,117.81536116251134,87.1819345195119,216.66459330116828,303.8465240292433,43.123776808017645,130.14416959809094,264.51301630531873,461.77448216880236,899.5554645817457
MY_0p5_4.2500_116.7500,116.75,4.25,1995-10-01,1995,10,380.8058551060671,122.76439243382802,112.13974285676991,90.51741455607333,230.46464591494876,320.9820535472363,43.19962304175934,130.38373340761044,265.106265735075,463.43932435140454,902.1289485865248
MY_0p5_4.2500_117.2500,117.25,4.25,1995-10-01,1995,10,391.19405452762027,126.17645010484004,107.17914280849222,82.11952955532917,213.9097019296832,296.02923435447485,43.15156889383771,130.30699832882502,265.30598773787506,465.149867505099,903.9144162878526
MY_0p5_4.2500_117.7500,117.75,4.25,1995-10-01,1995,10,361.45040098010986,126.00345872406267,99.50450450538571,57.053338270920975,147.12064837594315,204.17398847270218,41.46422534518772,124.37777214376338,253.52642157138925,445.24362430409485,864.6120501135149
MY_0p5_4.2500_118.2500,118.25,4.25,1995-10-01,1995,10,287.7478877731234,124.90126671149719,89.83862397017752,35.95299502087247,90.4501026906785,126.40310323921737,38.579262314328716,114.00184096804094,232.5494743395763,408.8446499769855,793.9752376094746
MY_0p5_4.2500_118.7500,118.75,4.25,1995-10-01,1995,10,246.03017792878327,124.82485255488643,85.20915985107422,30.135208129882812,77.02909851074219,107.16431427001953,36.97301483154297,108.15727233886719,220.6810760498047,388.2123718261719,754.0237426757812
MY_0p5_4.7500_100.2500,100.25,4.75,1995-10-01,1995,10,237.18295796712243,107.38770802815756,,,,,,,,,
MY_0p5_4.7500_100.7500,100.75,4.75,1995-10-01,1995,10,245.9679971633981,102.46178906851442,123.32087357063602,31.14975614470195,115.07408452227833,146.22384066698027,42.764965196935144,129.23532253358422,263.5942026774089,463.5657929211128,899.1602884928385
MY_0p5_4.7500_101.2500,101.25,4.75,1995-10-01,1995,10,257.9307527186507,94.26302868071056,113.70946517217726,36.31288852994404,140.29638652498758,176.6092805892702,42.70747759380038,128.91906442793592,262.09710208953373,456.8599506680927,890.5835910373263
MY_0p5_4.7500_101.7500,101.75,4.75,1995-10-01,1995,10,278.53546570212984,95.68073948451452,127.10090712289963,37.75764273991661,117.73245752728177,155.49010339161708,42.77115786113436,129.2490906730531,263.5683031839038,463.16983574761286,898.7583873930433
MY_0p5_4.7500_102.2500,102.25,4.75,1995-10-01,1995,10,300.0125514439174,97.47057625906808,120.62142842610675,60.32865044730051,154.50051850818454,214.82916797456286,42.927252487909236,129.6480968656994,264.0161841982887,462.7039321172805,899.2954729352679
MY_0p5_4.7500_102.7500,102.75,4.75,1995-10-01,1995,10,294.24027237618805,97.56399210547184,109.99340370809952,59.0667978760543,144.79997408921548,203.86677075039805,42.87459786530513,129.50968855353673,263.8027834558182,462.49260483274026,898.6796451252736
MY_0p5_4.7500_103.2500,103.25,4.75,1995-10-01,1995,10,259.86437106019514,101.18844741138061,97.49134246713562,52.26387762935399,112.18902807482057,164.45290875874764,41.20938215924366,123.59614284276084,251.89068293835408,441.6417755464787,858.3379487322708
MY_0p5_4.7500_103.7500,103.75,4.75,1995-10-01,1995,10,235.57103849712172,103.29732513427734,84.15030937690238,32.01081917502663,50.79837927880225,82.80919845382888,37.20948197005631,109.25466809953963,223.00171948717787,391.8248651677912,761.2906977665889
MY_0p5_4.7500_113.7500,113.75,4.75,1995-10-01,1995,10,370.04034423828125,129.7240447998047,,,,,,,,,
MY_0p5_4.7500_114.2500,114.25,4.75,1995-10-01,1995,10,370.04034423828125,130.04410552978516,134.48609924316406,44.15188980102539,67.06452178955078,111.21641540527344,42.557369232177734,128.78631591796875,263.4132385253906,465.5094299316406,900.266357421875
MY_0p5_4.7500_114.7500,114.75,4.75,1995-10-01,1995,10,368.55861836095016,131.13724132250712,142.11321414414272,76.29048751502908,109.58546513383108,185.87595310006088,42.72727158249066,129.20555163967995,263.79610746650286,464.6501540317331,900.3790617912048
MY_0p5_4.7500_115.2500,115.25,4.75,1995-10-01,1995,10,369.8401902516682,128.5567212104797,141.1644698778788,78.6853113969167,155.12414654095963,233.80945881207782,42.65061978499093,128.86855951944986,262.2787769635518,457.6858793894449,891.483812967936
MY_0p5_4.7500_115.7500,115.75,4.75,1995-10-01,1995,10,359.8688152010479,120.73181157187808,130.4046190534319,57.0213507394942,149.40776774088542,206.42912680005267,42.72022253369528,129.03085080101374,262.5566490536644,458.46093120272195,892.7686542813742
MY_0p5_4.7500_116.2500,116.25,4.75,1995-10-01,1995,10,342.6829962836371,120.12296728709383,128.92716839502725,63.17834769354924,164.96686091347343,228.14521363273496,42.91360571725026,129.59818672301276,263.7890343075706,461.6631604391429,897.9639567057291
MY_0p5_4.7500_116.7500,116.75,4.75,1995-10-01,1995,10,346.17547617079333,121.59691617458681,120.96646835230575,74.27811958216412,187.15673451484005,261.4348541452915,43.02175189875349,129.9029499971414,264.33562749548804,462.54145040391376,899.8017510522769
MY_0p5_4.7500_117.2500,117.25,4.75,1995-10-01,1995,10,374.7787740071615,122.93202744741292,111.02148229205419,73.85718827020554,196.295952109685,270.153136625744,43.043431563604436,129.95016237289187,264.3591024731833,462.2867765880766,899.639456031436
MY_0p5_4.7500_117.7500,117.75,4.75,1995-10-01,1995,10,347.0189338394358,124.01828145377242,104.62924261938166,59.83955759941776,155.89486626733708,215.7344098151484,42.827094222925886,129.31540419180183,263.1359498229208,460.10052857217903,895.3789923945559
MY_0p5_4.7500_118.2500,118.25,4.75,1995-10-01,1995,10,283.1331265703518,124.79313161265313,104.09059204408273,43.52842332849551,114.24300748738813,157.77142518009975,42.62314795489288,128.73700518584133,262.1546403894473,458.91196920883726,892.426788483433
MY_0p5_4.7500_118.7500,118.75,4.75,1995-10-01,1995,10,247.90415548976463,123.97171928309186,105.9737603875655,30.927955023850064,79.08085361915299,110.00880808769902,42.37730499460727,127.96383444870574,260.37764073625397,454.83364713644687,885.5524516045292
MY_0p5_5.2500_100.2500,100.25,5.25,1995-10-01,1995,10,234.61085871878387,107.18700708819263,60.97107696533203,20.10647964477539,42.57832336425781,62.6848030090332,28.191930770874023,76.42378997802734,155.75192260742188,272.739501953125,533.1071166992188
MY_0p5_5.2500_100.7500,100.75,5.25,1995-10-01,1995,10,236.81302303738065,102.19253279287605,118.130608306534,26.014762308405732,109.75559278466235,135.7703535145727,41.742756876452226,125.5683789308044,255.64461298098513,446.95337054373204,869.9091312803072
MY_0p5_5.2500_101.2500,101.25,5.25,1995-10-01,1995,10,240.56241847446987,96.38184383331782,116.03999987405443,36.00787319607204,140.38361709836929,176.39148821149556,42.66454840766059,128.78976375034878,261.867932032025,456.58323645213295,889.9054943266368
MY_0p5_5.2500_101.7500,101.75,5.25,1995-10-01,1995,10,255.3184806191998,96.2766506899694,124.5105403973039,38.14477033675857,122.98088399316097,161.125653236535,42.757595499609685,129.1747549020561,263.2695502991889,462.08123225315364,897.2831245956907
MY_0p5_5.2500_102.2500,102.25,5.25,1995-10-01,1995,10,276.8257887530479,102.39085682182554,118.53627359183729,45.01481775417449,138.03049284333633,183.04530762107507,42.6823172842621,128.8226596322029,262.72942298840564,462.33257784509357,896.5669724774208
MY_0p5_5.2500_102.7500,102.75,5.25,1995-10-01,1995,10,278.50365008127415,101.71772654345081,106.70134473897642,53.652934303930245,145.80645751953122,199.45939426745397,41.87698657795534,125.85424773652673,256.4722909183825,450.43897963701664,874.6424937102753
MY_0p5_5.2500_103.2500,103.25,5.25,1995-10-01,1995,10,263.67373159903065,104.43767139899036,107.24910225806298,67.43963732038226,154.48769239945847,221.9273372006107,42.859255307680606,129.40905925205777,263.75835616867266,463.4680762352882,899.4947168919948
MY_0p5_5.2500_115.2500,115.25,5.25,1995-10-01,1995,10,418.7524084275769,131.24251064177483,144.28568805632045,74.57692818563493,119.43597762311093,194.0129084352587,42.52658793965325,128.47050351002179,261.53462494396774,456.98865096295464,889.5203407162527
MY_0p5_5.2500_115.7500,115.75,5.25,1995-10-01,1995,10,407.57502833337685,128.6380231350283,138.10697911149362,50.123260291148036,107.79179413359044,157.91506089032706,42.44602394750562,128.20539669748078,260.9116695080773,455.4496490995762,887.0127114506091
MY_0p5_5.2500_116.2500,116.25,5.25,1995-10-01,1995,10,356.5360778615444,123.57807676098014,130.8926178171665,52.39867362493201,132.33828614633296,184.73696319966376,42.72419240203085,129.06919981558113,262.93584248989447,460.7601037327247,895.489343184459
MY_0p5_5.2500_116.7500,116.75,5.25,1995-10-01,1995,10,343.1330563509011,123.46038847331756,125.50213246405877,77.48403148409686,171.90522191494324,249.38925769661046,42.93100408964519,129.639035333561,263.8327923545354,461.6378906829447,898.0407262874554
MY_0p5_5.2500_117.2500,117.25,5.25,1995-10-01,1995,10,375.8132041325644,125.22406659807477,118.17600473070901,87.94376719641308,187.9962422204396,275.94001227484813,43.00606592571924,129.85890788729228,264.2775853717138,462.56842050703744,899.710973346044
MY_0p5_5.2500_117.7500,117.75,5.25,1995-10-01,1995,10,354.6335743737599,124.8360894339425,110.98791196308437,82.16710633777437,167.14967636835007,249.31677948482448,42.953440324087,129.71065436469186,264.09761430044017,462.8522457062251,899.6139369419642
MY_0p5_5.2500_118.2500,118.25,5.25,1995-10-01,1995,10,289.6485007708763,123.72622906630207,108.93398919075156,67.04464386375086,137.43818975557946,204.48283653502253,42.82695795775978,129.37551719519743,263.65480410824915,462.8737216633597,898.7309848275154
MY_0p5_5.2500_118.7500,118.75,5.25,1995-10-01,1995,10,249.81286705017092,122.02881811232791,108.49120457967123,38.27230485280355,78.52333471510146,116.79564158121745,42.350631872812905,127.85029835171169,259.9624099731446,453.52729331122504,883.6906467013889
MY_0p5_5.2500_119.2500,119.25,5.25,1995-10-01,1995,10,233.7380113993605,120.16279376801991,108.25823211669922,26.375015258789062,52.41526794433594,78.790283203125,42.12998580932617,127.1335678100586,258.1769104003906,448.8634033203125,876.3038940429688
MY_0p5_5.7500_100.2500,100.25,5.75,1995-10-01,1995,10,227.3821529354061,106.49168708732536,89.22393189876452,21.14802815498562,64.16463036493424,85.31266000730183,35.725238730054386,103.88007704708555,212.2247164665012,373.99328697274586,725.8233177815008
MY_0p5_5.7500_100.7500,100.75,5.75,1995-10-01,1995,10,226.66009235684837,103.55286446223182,104.57613711039225,23.520839494069413,101.08326344807942,124.60410034179687,40.64692705790202,121.69010721842449,247.9199899291992,433.7735192871093,844.0305446370443
MY_0p5_5.7500_101.2500,101.25,5.75,1995-10-01,1995,10,227.51154231274225,100.9535059891348,109.15798932173121,27.54911191444698,115.89339428999294,143.44250812680704,42.392677547424796,128.02634168609862,260.5201573409434,454.3520503006583,885.2912388598826
MY_0p5_5.7500_101.7500,101.75,5.75,1995-10-01,1995,10,238.2669481913249,100.77328850428265,117.92440627415978,32.19054306348165,99.20781466166179,131.3983544667562,42.49493538538616,128.38483257293703,261.609572728475,458.33652292887376,890.8258656819662
MY_0p5_5.7500_102.2500,102.25,5.75,1995-10-01,1995,10,251.36554131141074,106.74148537562444,112.22611036204329,23.847551927020657,73.32026974841801,97.16782019515631,41.51623486348675,124.93198654226181,254.69434873022212,447.13689137468424,868.2794853236137
MY_0p5_5.7500_102.7500,102.75,5.75,1995-10-01,1995,10,264.3150257219587,105.15050236229757,88.76896667480469,23.72366714477539,72.3592529296875,96.08292388916016,36.2440299987793,105.620849609375,215.4261016845703,378.5455627441406,735.8365478515625
MY_0p5_5.7500_103.2500,103.25,5.75,1995-10-01,1995,10,260.1141052246094,107.18220520019531,,,,,,,,,
MY_0p5_5.7500_115.2500,115.25,5.75,1995-10-01,1995,10,446.2284138997396,131.04197642008464,143.27639770507812,114.99898529052734,160.57382202148438,275.57281494140625,43.04167938232422,130.05697631835938,265.20538330078125,466.8166198730469,905.1206665039062
MY_0p5_5.7500_115.7500,115.75,5.75,1995-10-01,1995,10,413.84913064219467,127.78088926537637,131.7912578764416,88.06969103131975,157.3272639683315,245.39695899600073,42.84826816377186,129.4005353655134,263.436178734189,461.47184448242194,897.1568359375
MY_0p5_5.7500_116.2500,116.25,5.75,1995-10-01,1995,10,354.7704917302208,120.89762410966176,122.64920591324093,69.0504425533234,153.1617410326761,222.2121838766431,42.74364680941143,129.03362107049853,262.39746733165924,458.12580769856766,892.3005510602677
MY_0p5_5.7500_116.7500,116.75,5.75,1995-10-01,1995,10,327.5272715735057,118.5333006843688,115.10900045727928,68.5602411300417,157.68156992594402,226.24180656312004,42.80475042433966,129.19942404126365,262.6661716037326,458.3383689274864,893.0087212456598
MY_0p5_5.7500_117.2500,117.25,5.75,1995-10-01,1995,10,351.51774563473487,124.37992014117798,113.44860380154677,81.11528350878213,156.0621301548714,237.1774134109449,42.93786023016608,129.68527043580258,264.1862563846239,463.6697345336529,900.4791294422812
MY_0p5_5.7500_117.7500,117.75,5.75,1995-10-01,1995,10,339.7888021802146,125.1406705583845,109.31168636859665,64.88314176725862,128.8029566515212,193.68609992929754,42.88301516539298,129.59840311140024,264.4714902327365,466.0860172758167,903.038938586344
MY_0p5_5.7500_118.2500,118.25,5.75,1995-10-01,1995,10,297.73804298365064,123.60967852274577,107.61296478271484,64.01329644097223,128.3588777669271,192.37217420789932,42.88210479736329,129.61583869086374,264.56012084960935,466.3671960449219,903.4252520073784
MY_0p5_5.7500_118.7500,118.75,5.75,1995-10-01,1995,10,258.61319938072796,122.17914038438064,107.48342895507812,68.43826293945312,135.18301391601562,203.62127685546875,42.90996551513672,129.69668579101562,264.68017578125,466.40435791015625,903.691162109375
MY_0p5_6.2500_99.7500,99.75,6.25,1995-10-01,1995,10,226.3033949908088,108.19162047143077,114.110527216002,24.77069065182708,74.61457611793695,99.38526437448901,42.503517683162244,128.57490433094114,262.79052024663883,463.435195567996,897.3041495389716
MY_0p5_6.2500_100.2500,100.25,6.25,1995-10-01,1995,10,217.22440326213837,106.14415711164474,105.58837847028458,18.786684814764527,66.22368136036151,85.01036697699098,40.564392494668766,121.56573473871968,248.51098234215556,438.3580433125398,848.9991671815209
MY_0p5_6.2500_100.7500,100.75,6.25,1995-10-01,1995,10,215.91086669686223,105.4669053655794,104.4354491951843,22.055348911800902,91.37102365677882,113.4263768140874,41.63456209101733,125.33639355515882,254.98682335813078,447.66984434385563,869.6276167350387
MY_0p5_6.2500_101.2500,101.25,6.25,1995-10-01,1995,10,216.07534790039065,104.86486053466798,105.27100043663611,22.772753554124098,99.85102726862982,122.62378211388223,42.19423358623799,127.32737802358774,258.58111384465144,452.9983398437501,881.1010779747596
MY_0p5_6.2500_101.7500,101.75,6.25,1995-10-01,1995,10,226.9480996268136,107.90821838378905,113.29456721714564,14.87367899758475,49.04449806213379,63.91817714146205,41.90145557948521,126.53949454171315,257.5007577078683,449.4173461914062,875.3590593610489
MY_0p5_6.2500_102.2500,102.25,6.25,1995-10-01,1995,10,233.07218678792316,109.05101934293421,113.14037322998047,10.717480659484863,29.32769203186035,40.04517364501953,41.546199798583984,125.37059020996094,254.63470458984375,442.9625244140625,864.5140380859375
MY_0p5_6.2500_115.7500,115.75,6.25,1995-10-01,1995,10,361.63010129061615,125.74508406899193,134.80043029785156,76.73538970947266,151.07713317871094,227.81253051757812,42.94601058959961,129.73428344726562,264.35693359375,464.2645568847656,901.3017578125
MY_0p5_6.2500_116.2500,116.25,6.25,1995-10-01,1995,10,330.34171857331927,122.30818229809141,124.7690133586329,58.417844158962424,123.88980341167702,182.30765190628654,42.61830587849217,128.6805961373619,261.8010978530682,457.46796958351973,890.567950143688
MY_0p5_6.2500_116.7500,116.75,6.25,1995-10-01,1995,10,295.7226767888145,119.91007646833148,112.85294758630177,42.95046857803587,101.21068948412699,144.1611590915256,42.389687843928264,127.96607857355995,260.18291761610243,453.4478229825459,883.9865005735368
MY_0p5_6.2500_117.2500,117.25,6.25,1995-10-01,1995,10,295.5677539643787,123.23633800688245,108.49612654428634,46.684172288198326,100.49400738912915,147.17817879328652,42.06393703884549,126.75891386970639,258.48541589161704,453.96051112583706,881.2687730577258
MY_0p5_6.2500_117.7500,117.75,6.25,1995-10-01,1995,10,297.8276365598043,124.47279381752017,105.45381543789692,42.41615971347742,85.88192517018457,128.29808312131647,41.96148204245763,126.4498928136993,258.30365686249314,455.55140837730727,882.2664448699059
MY_0p5_6.2500_118.2500,118.25,6.25,1995-10-01,1995,10,298.8409511021205,124.38590567452567,105.82035200936454,39.47729355948312,76.26749025072371,115.74478449140275,42.61744689941406,128.91113771711076,263.57374681745256,465.8247626168387,900.9271240234376
MY_0p5_6.7500_100.2500,100.25,6.75,1995-10-01,1995,10,213.6088379130644,106.36071850271787,110.57299041748045,16.147047680966995,60.15095388188082,76.29800128936769,42.34934501086965,128.11574902253992,261.8770633024328,461.56170631857475,893.9038817461799
MY_0p5_6.7500_100.7500,100.75,6.75,1995-10-01,1995,10,208.49782251428678,106.40133638735172,104.58450373896846,12.888164131729692,57.48288345336915,70.37105023419416,41.705330884015126,125.76810766149451,254.94857109917538,450.06085657190397,872.4828604239005
MY_0p5_6.7500_116.2500,116.25,6.75,1995-10-01,1995,10,261.36624811983654,123.57284226528435,108.70457960919637,23.37275686496642,31.636931980528484,55.00968653981279,40.544197454685126,122.06053180229374,245.80683340677402,418.80601761980756,827.2175650247714
MY_0p5_6.7500_116.7500,116.75,6.75,1995-10-01,1995,10,254.14491752891686,122.77252462506294,103.7260628802032,20.63395252152394,34.30322980598028,54.9371819628086,39.64100067983032,118.66039800832395,239.96081518844184,412.32165225786656,810.5838543435802
MY_0p5_6.7500_117.2500,117.25,6.75,1995-10-01,1995,10,247.82554704715048,122.77186529045431,99.35349800312413,20.008900743670164,38.89735339067678,58.90625451518371,39.071312710247206,116.41380333689463,236.5124324022141,410.7523859074686,802.7499327533013
MY_0p5_6.7500_117.7500,117.75,6.75,1995-10-01,1995,10,254.4147694905599,123.53821267022028,103.08567714691162,27.941099107265472,52.858282446861274,80.79938054084778,40.40184509754181,120.88504981994627,246.98277378082275,435.2058324813843,843.4755096435547
MY_0p5_7.2500_116.7500,116.75,7.25,1995-10-01,1995,10,201.915116077333,122.3032432435051,93.42387555993122,6.675977167875871,0.41380413045053904,7.089781201404074,36.839793959907865,109.40712711500085,218.53464753524116,363.31180764903195,728.0933673361073
MY_0p5_7.2500_117.2500,117.25,7.25,1995-10-01,1995,10,189.62003319542688,121.48270484993047,92.61354273745887,6.192735912925317,0.5004712976907428,6.6932070380763005,36.471466747083156,108.04342948512026,216.42728994269117,361.5497516832853,722.4919362921464
MY_0p5_0.7500_110.2500,110.25,0.75,1995-11-01,1995,11,329.9235149676983,98.5958471444937,112.57962435208835,71.56627960205078,185.20888319749102,256.77514883188104,43.05982431265024,130.0467299241286,264.8399705153245,464.37159705528853,902.3181377704328
MY_0p5_0.7500_110.7500,110.75,0.75,1995-11-01,1995,11,340.060511125837,101.43749193464006,120.260150037493,81.19141998291015,161.4222745622907,242.6137015206473,43.06864547729492,130.12553144182476,265.3399165562221,467.0433384486607,905.5774196079799
MY_0p5_0.7500_111.7500,111.75,0.75,1995-11-01,1995,11,363.05399237738715,100.6067164587596,118.70748792375836,80.69214787558904,155.95318506634422,236.64533294193325,43.01720040941995,129.9603501577226,264.9723966083829,466.14851888020837,904.0984865218874
MY_0p5_1.2500_103.2500,103.25,1.25,1995-11-01,1995,11,339.9517004513046,87.86622197419695,95.0771897055886,79.19112968444824,125.25138872320002,204.44251598011365,39.476761384443805,117.19504425742412,239.079440723766,420.9898057417437,816.7410638982599
MY_0p5_1.2500_103.7500,103.75,1.25,1995-11-01,1995,11,350.84499351723684,87.62175469259613,86.90381066776017,83.69162483585693,140.13587944252976,223.8275032413816,40.76983957383239,122.00956822367547,248.8833001886757,438.3800244377654,850.0427240168007
MY_0p5_1.2500_104.2500,104.25,1.25,1995-11-01,1995,11,357.9724081856864,87.92924401419504,77.71043395996094,90.36048889160156,158.46038818359375,248.8208770751953,42.47771072387695,128.3559112548828,261.8207702636719,461.3526611328125,894.0070190429688
MY_0p5_1.2500_109.7500,109.75,1.25,1995-11-01,1995,11,319.77783350197666,98.94705466764519,105.83838414571372,55.76011188920721,178.44302790997978,234.20313216979247,43.111541748046875,130.27606899767036,265.69565995917264,467.66134055264024,906.7445928734469
MY_0p5_1.2500_110.2500,110.25,1.25,1995-11-01,1995,11,326.40961883427104,99.57112707778755,110.8889384914089,75.63222456530714,190.2746305134306,265.90684303077495,43.100768822040344,130.17598792116618,265.14041173043864,465.163732698065,903.5809003321823
MY_0p5_1.2500_110.7500,110.75,1.25,1995-11-01,1995,11,336.0773117792038,101.70001242501394,118.92372363862538,78.61717895023405,153.97237253340464,232.58955446273555,43.04264379834372,130.06200682624936,265.2860566638764,467.2136349632627,905.6043292333208
MY_0p5_1.2500_111.2500,111.25,1.25,1995-11-01,1995,11,348.23009152153435,101.489398432235,119.44161841054316,76.39365518588228,133.0483989776514,209.44205594291324,42.92802501105653,129.72580750681723,264.6555059755953,466.10242401220546,903.4117529140874
MY_0p5_1.2500_111.7500,111.75,1.25,1995-11-01,1995,11,359.9345242939298,100.14434766012523,117.6662613399445,87.8048566787962,161.7242644779266,249.52911958240327,43.04218897743831,130.01929195343502,265.0240517268105,466.048331124442,904.1338772243924
MY_0p5_1.2500_112.2500,112.25,1.25,1995-11-01,1995,11,366.036559593859,98.84124225287268,116.71517347926415,100.52519419713674,170.91082144025617,271.43601408827726,43.085814810041235,130.12059996938947,265.10386711933893,465.8169778736714,904.1272744115838
MY_0p5_1.2500_112.7500,112.75,1.25,1995-11-01,1995,11,366.5591526031494,97.99904998143514,114.81100829442343,116.54426781336466,191.66566912333167,308.2099412282308,43.114568312962845,130.15348784128824,264.84024238586426,463.9115130106608,902.0198046366373
MY_0p5_1.2500_113.2500,113.25,1.25,1995-11-01,1995,11,371.6285442849864,97.715212150242,115.43818054199218,92.64081540315047,184.27150985054345,276.9123245902683,43.03930199664572,129.93505010190216,264.39236529806385,462.84679963485047,900.2135142450746
MY_0p5_1.2500_113.7500,113.75,1.25,1995-11-01,1995,11,377.13110097249347,96.96283282655658,116.58922241673325,84.39649443192916,183.22563032670453,267.6221179384173,43.048610542759754,129.9571014173103,264.40909067789715,462.80427666866416,900.2190847685843
MY_0p5_1.2500_114.2500,114.25,1.25,1995-11-01,1995,11,381.01711658038926,95.06679818482526,118.09417251992015,80.30066255552579,189.34477490450428,269.64543408419183,43.07786111072102,130.0479753882484,264.6267940554999,463.3749343737037,901.127565096965
MY_0p5_1.2500_114.7500,114.75,1.25,1995-11-01,1995,11,369.9730539629536,92.61063385009766,112.74579177364227,91.03645915369833,209.67726036810106,300.71371263073337,43.17150571269374,130.3165790188697,265.1026857437626,464.0503372684602,902.6411487210181
MY_0p5_1.7500_102.7500,102.75,1.75,1995-11-01,1995,11,319.0697957244368,86.64678955078125,101.96414279937744,29.645889163017273,109.21231293678284,138.85820150375366,41.43985641002655,124.44453120231628,254.109610080719,448.10108757019043,868.0950908660889
MY_0p5_1.7500_103.2500,103.25,1.75,1995-11-01,1995,11,339.8974273563813,85.75178766434718,100.34688362121584,52.91691719055176,124.56241645812989,177.47933853149416,41.43396987915039,124.33464653015136,253.76147094726562,447.2864805603028,866.816573791504
MY_0p5_1.7500_103.7500,103.75,1.75,1995-11-01,1995,11,352.8534591288506,86.13359060166758,93.2582330100144,76.10979922813706,142.42184503772592,218.5316473562506,41.56786237789105,124.85512856592105,254.70341897312602,448.6330001444756,869.7594090715239
MY_0p5_1.7500_104.2500,104.25,1.75,1995-11-01,1995,11,357.94016551971436,87.03458266258238,88.903357099193,88.35747427533764,160.57070709938225,248.92818445013478,42.70295718289161,129.03894859136537,263.2073025962179,463.6275331955548,898.5767164599987
MY_0p5_1.7500_109.7500,109.75,1.75,1995-11-01,1995,11,319.8024598942246,98.85622406005861,105.55108642578125,56.00214385986328,177.91615295410156,233.9182891845703,43.11209487915039,130.2801971435547,265.7192687988281,467.7745056152344,906.8860473632812
MY_0p5_1.7500_110.2500,110.25,1.75,1995-11-01,1995,11,321.4402110924882,101.0441563538831,108.14104845179592,82.60906211322641,197.36171408260572,279.9707685664376,43.17224000736992,130.4072068974296,265.70797615255265,466.77148453819564,906.0588747728319
MY_0p5_1.7500_110.7500,110.75,1.75,1995-11-01,1995,11,330.14117847789413,102.13371588967063,115.88228759765624,75.5739631652832,135.92241134643552,211.4963668823242,42.974359512329094,129.88928298950194,265.1050491333008,467.4767974853515,905.4454772949218
MY_0p5_1.7500_111.2500,111.25,1.75,1995-11-01,1995,11,338.24147183857264,101.18489779517762,116.59698205992233,77.23809683156568,131.49036446504815,208.7284546608149,42.92515184269395,129.73992330861648,264.77418468386634,466.6161801360375,904.055447742551
MY_0p5_1.7500_111.7500,111.75,1.75,1995-11-01,1995,11,344.59207414071767,99.17070932026148,112.40052119387853,96.17720623257793,160.7186422227304,256.8958443750309,43.03611631031277,130.0218447914606,265.11317154123816,466.4833415550521,904.6544765037825
MY_0p5_1.7500_112.2500,112.25,1.75,1995-11-01,1995,11,353.0612673804873,98.22067372155568,112.7551248459589,104.78093356177922,172.54943009633865,277.3303599524119,43.06193402002728,130.06640319824217,265.02374180385044,465.5884293813554,903.7405021546379
MY_0p5_1.7500_112.7500,112.75,1.75,1995-11-01,1995,11,362.5001460968502,98.4313467843192,114.08282838851687,106.34613984123109,186.79057127937438,293.1367137121776,43.08506068880596,130.11607520693823,264.99311978779144,464.9291471935453,903.1233937096974
MY_0p5_1.7500_113.2500,113.25,1.75,1995-11-01,1995,11,372.95212654234865,98.59968051002139,115.31553121899802,94.24920392717632,190.5015949067615,284.7507984948537,43.051358734615256,130.024701944987,264.8048524886843,464.37062416682164,902.2515477740575
MY_0p5_1.7500_113.7500,113.75,1.75,1995-11-01,1995,11,377.60646866086927,97.8530779641772,115.91373443603516,95.05507483103918,206.2535712832496,301.30864345005574,43.075854104662696,130.07181619311135,264.72777467757936,463.4409997364831,901.3164597284225
MY_0p5_1.7500_114.2500,114.25,1.75,1995-11-01,1995,11,377.66325722346227,96.02917177714998,118.02566700284444,89.30384783063616,205.77922164674786,295.0830743698846,43.13020042540535,130.2170875670418,264.99052279033356,464.0499733576698,902.3877956814237
MY_0p5_1.7500_114.7500,114.75,1.75,1995-11-01,1995,11,359.4072033185416,94.66273779202001,114.88099271151685,93.47246685917514,207.5221121200008,300.99457293100306,43.157075516300495,130.29896988152223,265.1608388633926,464.4017493687763,903.018661894329
MY_0p5_2.2500_101.7500,101.75,2.25,1995-11-01,1995,11,310.4762178671481,86.46812700984454,109.9916648479423,43.54468324449327,111.05760339293819,154.6022913769038,42.31848691689847,127.68974674109256,260.8239616625237,460.21137985075364,891.0435834171795
MY_0p5_2.2500_102.2500,102.25,2.25,1995-11-01,1995,11,296.67275314696093,84.24353699022502,103.99404407117926,33.76453631460381,102.52237716017726,136.2869096600838,42.07113282418137,126.800245002126,258.81986656371487,455.7251770895634,883.4164390746487
MY_0p5_2.2500_102.7500,102.75,2.25,1995-11-01,1995,11,307.4344874514809,83.60536140731618,102.1218780324429,34.00101275383671,107.86388423774815,141.8648942150647,42.12610074538219,126.94514255282245,259.2187154745754,457.16663804838925,885.4565964710862
MY_0p5_2.2500_103.2500,103.25,2.25,1995-11-01,1995,11,340.4235882471478,82.00934947180369,102.07612186008029,51.50505555168031,141.5859632946196,193.09102172851564,42.610668085491845,128.55092226058716,262.25559595501613,461.90037686786957,895.3175395662823
MY_0p5_2.2500_103.7500,103.75,2.25,1995-11-01,1995,11,360.4950718766552,83.25277179782674,104.0604548308809,78.41295476363878,161.8826795416363,240.29564043465308,42.550459638692566,128.25114259881488,261.49471735550185,460.0915060786877,892.3878215207893
MY_0p5_2.2500_104.2500,104.25,2.25,1995-11-01,1995,11,363.8220897147326,84.54121876538287,107.95063844791129,94.0791336563993,175.35840739100433,269.437545019733,43.09935650155564,130.2192671594541,265.52232676104086,467.301429433271,906.1423793824251
MY_0p5_2.2500_104.7500,104.75,2.25,1995-11-01,1995,11,371.9418029785156,84.39492797851562,,,,,,,,,
MY_0p5_2.2500_109.7500,109.75,2.25,1995-11-01,1995,11,320.9099918488533,97.80102268342048,,,,,,,,,
MY_0p5_2.2500_111.2500,111.25,2.25,1995-11-01,1995,11,328.3944617509842,100.13554668426514,106.69742270076975,70.68808241451488,137.9248477711397,208.6129341125488,42.95553667405072,129.86621677174287,265.1677650002872,467.7698256548713,905.7593706916359
MY_0p5_2.2500_111.7500,111.75,2.25,1995-11-01,1995,11,322.4419694204179,99.20196714855375,107.1489027235243,70.24747658381386,139.35325191437252,209.60072995140436,42.94965090070452,129.85087401374938,265.13391462053573,467.6437452528212,905.5782013423857
MY_0p5_2.2500_112.2500,112.25,2.25,1995-11-01,1995,11,331.04892006525915,98.98394334581162,108.95315357995413,77.29173118954613,157.7761253720238,235.0678543817429,42.98536272805835,129.93822530110677,265.1724891299293,467.0867572118365,905.1828299386159
MY_0p5_2.2500_112.7500,112.75,2.25,1995-11-01,1995,11,351.5021473718068,99.05257868691096,111.78622824048237,95.0610581170945,187.42562517438614,282.48668532598583,43.07692538064624,130.17089073544457,265.4162530808222,466.6815686422681,905.3456432524182
MY_0p5_2.2500_113.2500,113.25,2.25,1995-11-01,1995,11,384.40483282180065,99.3323463076637,115.28632415287079,114.99299614315942,214.59320911225825,329.5862090580048,43.14260146125915,130.3514394608755,265.65672568669396,466.5468059237042,905.697583201575
MY_0p5_2.2500_113.7500,113.75,2.25,1995-11-01,1995,11,389.4512325238578,98.33383289771746,116.49869638756863,116.14878096761583,245.5413878235636,361.6901697086383,43.18377215952813,130.42046578322785,265.464179702952,464.674131369289,903.7425496548037
MY_0p5_2.2500_114.2500,114.25,2.25,1995-11-01,1995,11,372.3291128007192,96.87718038407583,116.43186710902621,96.93951873779297,221.88499634757875,318.8245213099888,43.13769957527282,130.27137247721353,265.163917468843,464.2964289589533,902.8694401816715
MY_0p5_2.2500_114.7500,114.75,2.25,1995-11-01,1995,11,343.56374088410416,95.34255993750789,115.44056305423861,87.64816570897258,200.71631287605535,288.36447581629596,43.124188035534274,130.21896569036667,265.0801306939895,464.4847737958355,902.9080611690398
MY_0p5_2.2500_115.2500,115.25,2.25,1995-11-01,1995,11,297.5182189941406,94.75216674804688,117.34825897216797,42.03517532348633,129.84803771972656,171.8832244873047,42.741275787353516,129.0584259033203,262.6934509277344,459.6545715332031,894.147705078125
MY_0p5_2.7500_101.2500,101.25,2.75,1995-11-01,1995,11,339.7789001464844,85.93782043457031,110.14152526855469,67.20748138427734,166.74049377441406,233.94798278808594,42.94024658203125,129.74996948242188,264.68646240234375,466.4034423828125,903.7801513671875
MY_0p5_2.7500_101.7500,101.75,2.75,1995-11-01,1995,11,333.31921945125504,83.13810965798118,98.58504247492009,61.53896193070844,156.6620636541193,218.2010227827592,42.70653846047141,129.0452913041548,263.205332364169,463.29290815873577,898.2501038707386
MY_0p5_2.7500_102.2500,102.25,2.75,1995-11-01,1995,11,322.4319060501779,80.7680132191652,106.8270570791451,58.88085123535934,137.9450248669667,196.8258746201825,42.85611418705837,129.50740571234635,264.1240615358778,464.37541383390976,900.8629931796129
MY_0p5_2.7500_102.7500,102.75,2.75,1995-11-01,1995,11,338.246682179125,79.62977252429044,103.52851848360856,62.48836442488657,137.30591308014303,199.79427559768098,42.928276255160945,129.75411866586418,264.84248999100697,466.91590301899976,904.4407816053945
MY_0p5_2.7500_103.2500,103.25,2.75,1995-11-01,1995,11,384.74254690765576,79.52221256912134,99.82043646551242,88.16955906570338,184.72914833020255,272.8987067155777,42.19732703676649,126.86578262231912,258.5070408620652,454.38268177980075,881.9528330420233
MY_0p5_2.7500_103.7500,103.75,2.75,1995-11-01,1995,11,399.36074736221974,81.62247294550357,100.4315413022371,108.1898907428513,197.26774400280368,305.45763696064046,41.41233642859394,123.94166206324707,252.39297703334265,443.12362867786044,860.870606312554
MY_0p5_2.7500_104.2500,104.25,2.75,1995-11-01,1995,11,381.15694831399355,83.16590948665844,110.6369857788086,103.51573181152344,188.02662658691406,291.5423583984375,43.16763687133789,130.40272521972656,265.8067932128906,467.6330871582031,907.01025390625
MY_0p5_2.7500_111.2500,111.25,2.75,1995-11-01,1995,11,319.2072762324892,99.53046559300915,107.51506064919865,53.973914314718805,144.24121497659124,198.21512514002183,42.99227725758272,129.96685476864087,265.3127629897174,467.85296630859375,906.124865363626
MY_0p5_2.7500_111.7500,111.75,2.75,1995-11-01,1995,11,313.66186786088787,99.32722004124375,106.85707618450296,53.94202331016803,143.3661086641509,197.30813236894275,42.97473863075519,129.92379379272458,265.2556853458799,467.7835709144329,905.9377962309738
MY_0p5_2.7500_112.2500,112.25,2.75,1995-11-01,1995,11,322.0065777935559,99.70476399192326,107.27725817362467,63.67384086608886,163.8696984354655,227.5435413614909,43.046121699015295,130.11450429280598,265.4922795613607,467.6680373128255,906.3209499104818
MY_0p5_2.7500_112.7500,112.75,2.75,1995-11-01,1995,11,348.1167170850536,100.08498884756354,109.16654454001896,99.88321181188657,206.31227908556977,306.1954873483392,43.19618375995491,130.50840638559075,265.9834045217007,467.48513137237927,907.173128731643
MY_0p5_2.7500_113.2500,113.25,2.75,1995-11-01,1995,11,392.5313117133246,100.45616396949404,112.62289021809895,126.96002870589966,223.77980211046005,350.7398296053447,43.21935291593037,130.57269902304995,266.05492020864335,467.2384056454612,907.0853715200273
MY_0p5_2.7500_113.7500,113.75,2.75,1995-11-01,1995,11,397.6275483149631,99.98873976689234,115.55033089704575,117.04516710900957,231.90394786664632,348.9491174782917,43.1921451592901,130.46013238020004,265.66168436427023,465.7063229311803,905.02026930888
MY_0p5_2.7500_114.2500,114.25,2.75,1995-11-01,1995,11,371.69061008887957,97.96130107927925,114.73650717433495,100.22342633597458,217.69771440723275,317.9211410329312,43.139769457563574,130.27237889736514,265.15173590937746,464.29863594151755,902.8625424542005
MY_0p5_2.7500_114.7500,114.75,2.75,1995-11-01,1995,11,334.88275535243326,98.35424794968526,115.40822132377866,85.51443565271462,201.12182845583385,286.63626016021533,43.16684049861446,130.34282183799013,265.3354432901759,465.19373783184466,904.0388133055086
MY_0p5_2.7500_115.2500,115.25,2.75,1995-11-01,1995,11,294.067096332172,96.0502321397936,113.21204987946932,38.94405605556729,121.67290146286422,160.61696604135875,42.55415141475093,128.44731621269705,261.09986918681375,454.9244959375879,887.0258239196228
MY_0p5_3.2500_101.2500,101.25,3.25,1995-11-01,1995,11,351.53106689453125,84.60699581636065,114.26330676245782,79.01320211803868,179.9433034458977,258.95650793884516,43.102045333802934,130.21090347943138,265.49069296988995,467.44019445278303,906.2438325993282
MY_0p5_3.2500_101.7500,101.75,3.25,1995-11-01,1995,11,368.11541287404185,78.52281446517654,99.45322296725718,98.44315943140893,195.26324103288596,293.70638868003897,42.95232007457952,129.6808789490135,263.91959094393786,462.3491724099324,898.9019777334421
MY_0p5_3.2500_102.2500,102.25,3.25,1995-11-01,1995,11,376.33431822761656,78.58748437790643,108.39582877991691,87.56464480445499,163.48342478918653,251.04807157970615,43.01705516028025,129.98007894849022,265.0587662954179,466.3174049982948,904.3733070979042
MY_0p5_3.2500_102.7500,102.75,3.25,1995-11-01,1995,11,407.3775589375556,77.0072028244598,105.43726377849336,101.26511025730568,178.4626961720141,279.7278111131885,43.069555161874504,130.1404536766342,265.40616771842855,467.10087401957446,905.7170510593849
MY_0p5_3.2500_103.2500,103.25,3.25,1995-11-01,1995,11,465.2961123587643,77.20768772584995,98.57652163427893,138.95211111062514,219.9398604402325,358.891964691858,41.46129198105405,124.0835998236939,252.6402807080396,443.2764648039877,861.4616361239058
MY_0p5_3.2500_112.2500,112.25,3.25,1995-11-01,1995,11,322.5058485243056,100.19313490125869,106.82085723876955,60.8172578599718,163.61101989746095,224.42828097873266,43.054046122233075,130.13547939724393,265.52720201280385,467.7455715603299,906.4622924804688
MY_0p5_3.2500_112.7500,112.75,3.25,1995-11-01,1995,11,355.61233299009257,101.27379688139884,110.13514790769484,111.4441982331823,206.2534387307089,317.69762683305584,43.229639366024834,130.59951607125706,266.1397585008965,467.824251769019,907.7931613609439
MY_0p5_3.2500_113.2500,113.25,3.25,1995-11-01,1995,11,402.4467179147821,102.83444428981696,113.15504363088897,123.87663370190243,194.29208426042035,318.16871481230766,43.16108138633496,130.41795354900938,265.8825783007073,467.6425878351385,907.1042089751272
MY_0p5_3.2500_113.7500,113.75,3.25,1995-11-01,1995,11,402.64354945591515,103.26746772887213,113.2776876782614,102.22022312709264,205.96917569599455,308.1894049750434,43.17636746603345,130.42886488172743,265.7602318173363,466.8559646848648,906.2214415535094
MY_0p5_3.2500_114.2500,114.25,3.25,1995-11-01,1995,11,375.04637495879155,102.41464911296869,113.7673202320269,96.97216221025795,230.98394129078855,327.9561002694877,43.25817554012225,130.58346003635674,265.6538906218899,465.14042887110617,904.6359754428743
MY_0p5_3.2500_114.7500,114.75,3.25,1995-11-01,1995,11,335.6318790897443,103.57777915031289,116.20939981254043,76.36077577748877,197.84693573386807,274.20771415370285,43.18749567505661,130.40078866557712,265.46024035800036,465.63587193580196,904.6843689353605
MY_0p5_3.2500_115.2500,115.25,3.25,1995-11-01,1995,11,290.04763455934165,98.99669253675243,108.20532999159414,36.26944786385645,118.12020429780212,154.3896553908722,42.49572788914547,128.24645928491518,260.537968985642,453.1046437130699,884.3847965288766
MY_0p5_3.2500_115.7500,115.75,3.25,1995-11-01,1995,11,269.24593396133247,95.85920569602023,106.7541229590941,60.8449125825689,126.9738258618987,187.8187389588088,42.61319214038634,128.63725777958217,261.5611856867758,456.12477266118765,888.9363897087868
MY_0p5_3.7500_100.7500,100.75,3.75,1995-11-01,1995,11,340.79241943359375,85.5736312866211,114.86692810058594,51.52381896972656,135.76113891601562,187.2849578857422,42.982872009277344,129.9166259765625,265.1986389160156,467.8719787597656,905.9700927734375
MY_0p5_3.7500_101.2500,101.25,3.75,1995-11-01,1995,11,360.5666906245621,81.67799034242105,114.29269986939661,83.47859083255905,184.28396250900715,267.76255334156616,43.16174407761459,130.3518928601904,265.5434101191154,466.54826192022534,905.6052755707676
MY_0p5_3.7500_101.7500,101.75,3.75,1995-11-01,1995,11,403.48641137515807,75.76102607872835,105.90052282734284,94.2031898255561,184.3095472785318,278.51273963102113,43.09607943152167,130.11449242853058,264.78958732459193,463.80361209553524,901.8038013239577
MY_0p5_3.7500_102.2500,102.25,3.75,1995-11-01,1995,11,455.9956399584573,74.82125433058965,107.18004923018198,82.36100832015748,169.10638844323537,251.46738988482767,43.019201478503994,129.94037858266677,264.73377685546876,464.69680417984256,902.3901508634053
MY_0p5_3.7500_102.7500,102.75,3.75,1995-11-01,1995,11,511.26431846013145,74.96938810802641,104.63360266307043,106.22641112312436,201.81690325055803,308.0433102562314,43.15468191722082,130.35791906932045,265.64254266648067,466.76897786458335,905.9241199311756
MY_0p5_3.7500_103.2500,103.25,3.75,1995-11-01,1995,11,557.3424480787786,74.81224133008979,100.92516048655791,154.906443158318,255.83243803136492,410.73888848996626,42.864917276419845,129.09885756548715,262.7138133329504,460.4921162923177,895.1697184244792
MY_0p5_3.7500_113.2500,113.25,3.75,1995-11-01,1995,11,408.30369901657104,105.47911083698274,113.05474178126602,113.69768861864434,187.4796377713563,301.17732764072105,43.16116326754211,130.4096519595287,265.8723929983671,467.77661983302386,907.2198306224386
MY_0p5_3.7500_113.7500,113.75,3.75,1995-11-01,1995,11,406.05162608342545,107.46446034264942,108.8204898031784,84.08870415548677,193.3095793492586,277.3982907390903,43.183909592119235,130.45604115705277,265.9028405248155,467.65139148304763,907.1941943122345
MY_0p5_3.7500_114.2500,114.25,3.75,1995-11-01,1995,11,384.3992833569885,108.16544928172277,109.57411012195405,77.10414547390408,207.1040834457155,284.2082342238653,43.24905077010866,130.6045901828342,266.0092554485987,467.27417495969735,907.1370636470733
MY_0p5_3.7500_114.7500,114.75,3.75,1995-11-01,1995,11,349.163776312934,107.88013150654142,113.06777823311944,72.08567877269927,182.26284814259364,254.34853384835378,43.17638874356709,130.3918433779762,265.63704882424975,466.9135615273128,906.1188337053572
MY_0p5_3.7500_115.2500,115.25,3.75,1995-11-01,1995,11,301.21695430695064,100.1591574532645,104.696731906467,41.818661928933764,141.5864307221912,183.4050848582434,42.76510202317011,129.08504895407054,262.4289267888145,457.6760464138455,891.9551079644096
MY_0p5_3.7500_115.7500,115.75,3.75,1995-11-01,1995,11,274.98520534158604,94.90396562754678,106.61899341610695,56.38402464063905,150.9693513499747,207.35337599061376,42.80394462201235,129.20086274730212,262.67879941652143,458.3006036333043,892.9842068239939
MY_0p5_4.2500_100.7500,100.75,4.25,1995-11-01,1995,11,349.93406753540035,85.77169211079755,112.69201074716997,59.213315115169614,171.8910599066287,231.1043646987604,43.12439488002233,130.2747560462173,265.6101733149315,467.618656454281,906.6279932138873
MY_0p5_4.2500_101.2500,101.25,4.25,1995-11-01,1995,11,360.33789949638896,78.27174105310138,106.49767614473963,81.48509257614235,201.7980266012204,283.28311813257307,43.17783890256457,130.31004367512503,264.9605570993606,463.3125453876083,901.7610135412522
MY_0p5_4.2500_101.7500,101.75,4.25,1995-11-01,1995,11,434.6893719545346,76.56066801906015,110.28748180157842,91.77056684890114,195.66582403700954,287.4363914221621,43.204181878330616,130.46295599891738,265.6882172118361,466.55937911451053,905.9147606017873
MY_0p5_4.2500_102.2500,102.25,4.25,1995-11-01,1995,11,556.3393625862683,76.40836209915697,105.5584663659239,91.12901206214589,193.02441464750152,284.1534246377671,43.16214701009635,130.3501713664387,265.5378664644382,466.4685169744036,905.5186724678016
MY_0p5_4.2500_102.7500,102.75,4.25,1995-11-01,1995,11,643.0848682184887,73.4856773668034,98.14781738086872,130.75391186270747,250.25401165227225,381.00792183845664,43.31391742730597,130.728948362314,265.8758923961858,465.2803968684688,905.1991378881371
MY_0p5_4.2500_103.2500,103.25,4.25,1995-11-01,1995,11,682.7428726377224,74.26159029970601,98.54624899089958,203.17303966562093,320.688416484341,523.8614614666132,43.52160792068322,131.29094884786045,266.8342693475065,466.54338834011594,908.1902353107305
MY_0p5_4.2500_113.7500,113.75,4.25,1995-11-01,1995,11,406.8815455361018,111.44759894862321,103.84404250810734,65.13580077549197,184.29324743882665,249.42904432764598,43.12308019961951,130.29939140463776,265.68435294673134,467.4829622664542,906.589814959832
MY_0p5_4.2500_114.2500,114.25,4.25,1995-11-01,1995,11,400.64911284506576,112.08657386220102,102.93709134135007,54.51313313370046,167.1994776191859,221.7126100164583,43.06510372971937,130.1482376039719,265.48524257114957,467.49806572755796,906.1966413696762
MY_0p5_4.2500_114.7500,114.75,4.25,1995-11-01,1995,11,372.1162705485026,110.86698908487956,107.7116481526693,71.63615641276043,180.83694895426433,252.47311116536466,43.14144368489584,130.3241129557292,265.59965230305994,466.98096089680996,906.0461787923178
MY_0p5_4.2500_115.2500,115.25,4.25,1995-11-01,1995,11,322.9589673148261,104.79409416516623,103.13314016660055,37.0032102531857,127.36051233609518,164.36372205946182,42.62875346342723,128.69342623816596,261.65671761830646,455.9251759847005,888.9040633307562
MY_0p5_4.2500_115.7500,115.75,4.25,1995-11-01,1995,11,285.495829022941,96.63670943955245,101.90097017449848,40.73156674271923,140.4194703700179,181.15104064941409,42.73048266394664,128.99564974510065,262.28557915121826,457.41047373626196,891.4221975552836
MY_0p5_4.2500_116.2500,116.25,4.25,1995-11-01,1995,11,255.38818015121834,103.07358123034967,109.48176946872617,48.50844682135234,153.23617986353435,201.74462862712582,42.845128850239085,129.33695053472755,263.02117901313596,459.28770018786923,894.4909734958558
MY_0p5_4.2500_116.7500,116.75,4.25,1995-11-01,1995,11,248.9980402599181,106.24712010201694,109.36813178090003,45.03033153996992,144.33329918481024,189.36363070272992,42.84157105815204,129.3747423646078,263.3735845488621,461.11242428818184,896.7023068466629
MY_0p5_4.2500_117.2500,117.25,4.25,1995-11-01,1995,11,258.896837487685,108.91273221716418,105.24385259847726,33.78011467182531,106.98666253554084,140.76677727488288,42.694047083896876,129.04767716669406,263.3132096012082,463.1749590308265,898.229889996284
MY_0p5_4.2500_117.7500,117.75,4.25,1995-11-01,1995,11,259.04597707895135,108.86282368195361,96.48256194285858,21.44863858182206,66.88102060301692,88.32966131226631,41.08770373743824,123.35635688977365,252.02458177876272,444.1145102998131,860.5831624870627
MY_0p5_4.2500_118.2500,118.25,4.25,1995-11-01,1995,11,250.8914549531993,107.6820292779577,85.82457451304055,22.3440471819252,57.14689082248955,79.49094075002489,38.449529611381,113.66059972678019,232.23605443869428,409.4932004114625,793.8393776280107
MY_0p5_4.2500_118.7500,118.75,4.25,1995-11-01,1995,11,244.47325755931715,107.56644920066552,80.57816314697266,27.517709732055664,62.21809005737305,89.73580169677734,36.97479248046875,108.17253875732422,220.97903442382812,389.8470458984375,755.973388671875
MY_0p5_4.7500_100.2500,100.25,4.75,1995-11-01,1995,11,330.0162082248264,92.38539632161458,,,,,,,,,
MY_0p5_4.7500_100.7500,100.75,4.75,1995-11-01,1995,11,348.91744632808036,86.04950516415339,105.57095994406599,63.034707619891904,167.1622595438143,230.19696851280645,43.0362604497894,129.99629124587145,264.8779853882828,465.20625392014415,903.1168260031599
MY_0p5_4.7500_101.2500,101.25,4.75,1995-11-01,1995,11,363.1740039890096,77.60484827435205,95.95512242392888,90.8763699486142,201.59010232592388,292.4664842878069,43.107483479333304,130.10329957992312,264.4484859406002,461.53813796270464,899.1973760695686
MY_0p5_4.7500_101.7500,101.75,4.75,1995-11-01,1995,11,469.52714091501423,76.7980467538985,102.6393772427998,102.31890573652964,204.7770776173425,307.0959831116692,43.18203676011828,130.37570253402467,265.3790038093689,465.26480383494544,904.20154796782
MY_0p5_4.7500_102.2500,102.25,4.75,1995-11-01,1995,11,644.7942905970982,75.57543785458519,93.67305515834265,127.58241940452938,254.49616321382067,382.0785775320871,43.29618399483817,130.66944551013765,265.69414411272317,464.53378673735114,904.1935703822545
MY_0p5_4.7500_102.7500,102.75,4.75,1995-11-01,1995,11,755.9662638864697,72.9315948486328,90.51006144626884,197.94905129207925,328.2167490576482,526.1657923801689,43.53731849087271,131.3596699708586,266.91645715798535,466.1767237960911,907.9901968597604
MY_0p5_4.7500_103.2500,103.25,4.75,1995-11-01,1995,11,785.9477249796357,74.38718832784626,91.9691874373883,252.9999993243341,375.54339914920155,628.5433773026696,42.23670621639688,126.41884109102935,256.4886677872211,446.7976002147718,871.9418488111886
MY_0p5_4.7500_103.7500,103.75,4.75,1995-11-01,1995,11,802.0680606239721,75.85993194580078,87.32682839926187,219.18965327275262,315.9355068454495,535.1251442649146,38.32450381192294,112.27814929516283,227.78711115849478,396.7974599863027,775.1872217748072
MY_0p5_4.7500_113.7500,113.75,4.75,1995-11-01,1995,11,416.2413330078125,114.1746826171875,,,,,,,,,
MY_0p5_4.7500_114.2500,114.25,4.75,1995-11-01,1995,11,416.2413330078125,114.73171070643834,101.90667724609375,63.44789505004883,169.26058959960938,232.70848083496094,43.061500549316406,130.16635131835938,265.59149169921875,467.80877685546875,906.6281127929688
MY_0p5_4.7500_114.7500,114.75,4.75,1995-11-01,1995,11,394.2312969905075,116.17088793682795,107.57858973677442,84.71915981333744,199.55153680616812,284.27068944131173,43.18109106248425,130.45075086368027,265.81951608965477,467.03159553773946,906.4829823483703
MY_0p5_4.7500_115.2500,115.25,4.75,1995-11-01,1995,11,352.6567413012187,113.2365800142288,109.33561889330545,63.86007035772004,150.47314429283142,214.3332081635793,42.75787125031153,129.10956645011902,262.62768554687494,458.32690604527784,892.8220338821411
MY_0p5_4.7500_115.7500,115.75,4.75,1995-11-01,1995,11,311.854291546534,104.7867960127573,103.90740862649585,30.52193714323498,110.37750408838663,140.89944336906314,42.524610561794695,128.37552645244295,261.0190013098338,454.81064269050717,886.7297806997149
MY_0p5_4.7500_116.2500,116.25,4.75,1995-11-01,1995,11,266.10868607778394,103.95343230716765,107.0620228358677,30.6449045150999,107.2574542333209,137.90236181834382,42.527066911969854,128.41942138671874,261.29915345207087,456.1801807221911,888.4258310469369
MY_0p5_4.7500_116.7500,116.75,4.75,1995-11-01,1995,11,247.757569614845,104.5089634521098,105.4540849275227,32.028832363176946,116.62747330001639,148.65630384034748,42.54669036140925,128.48941580856905,261.4798746229727,456.6118714537801,889.1278377484671
MY_0p5_4.7500_117.2500,117.25,4.75,1995-11-01,1995,11,262.36718052455353,104.6492893037342,102.499368140811,32.730998205760166,122.43340846470423,155.16441006130643,42.61458083864242,128.70747821141805,262.031797281901,458.1612084767175,891.5150630890375
MY_0p5_4.7500_117.7500,117.75,4.75,1995-11-01,1995,11,262.801566498189,104.74029990087581,99.39836011959027,29.45481072196478,100.41243608692022,129.86725056322317,42.57186939142926,128.6409871548037,262.24799781509597,459.93262742440913,893.3934953906867
MY_0p5_4.7500_118.2500,118.25,4.75,1995-11-01,1995,11,253.2668432494504,104.96779467712096,97.77818643387839,32.29919376085752,93.97180202618318,126.27099716723268,42.64241108343231,128.8973745221469,263.0540032314895,462.8193278097029,897.4131166084328
MY_0p5_4.7500_118.7500,118.75,4.75,1995-11-01,1995,11,242.90072998819474,103.56946380228935,98.18338157557233,33.68210454530354,89.99970168101638,123.68180596073971,42.70151234880279,129.09806939620006,263.632626690442,464.8361121069027,900.2683082290843
MY_0p5_5.2500_100.2500,100.25,5.25,1995-11-01,1995,11,316.3444104497832,93.42817815879866,52.57143783569336,27.575679779052734,72.20923614501953,99.78491973876953,28.3395938873291,76.8282241821289,156.4115753173828,273.5447692871094,535.1241455078125
MY_0p5_5.2500_100.7500,100.75,5.25,1995-11-01,1995,11,337.0960838966121,87.76791789863684,98.03099967693461,58.51711365272259,147.14100287426479,205.65812674336053,42.03775561540977,126.45359512855266,257.41718529010643,450.43995648965074,876.3484896955819
MY_0p5_5.2500_101.2500,101.25,5.25,1995-11-01,1995,11,373.78459443591885,81.14837074885293,94.27084236750527,90.62793546404157,201.84590705992682,292.47384377131385,43.08690365988111,130.02050408257378,264.18530002170144,460.6816424657428,897.974338688926
MY_0p5_5.2500_101.7500,101.75,5.25,1995-11-01,1995,11,505.99574240909266,77.02091158727173,96.4369079930008,127.10132098349797,225.792772718296,352.89409166080935,43.20404457286665,130.44277818035928,265.45609424372395,464.9087231872948,904.011628946681
MY_0p5_5.2500_102.2500,102.25,5.25,1995-11-01,1995,11,706.9250612684116,78.4403388150938,90.9033478900885,166.72859709429892,284.0580948750684,450.786700109008,43.13113698534145,130.0617270985986,264.62176776084164,463.2651260278787,901.0797517618556
MY_0p5_5.2500_102.7500,102.75,5.25,1995-11-01,1995,11,829.4129978639685,75.09647000063757,87.32765603792869,247.74059334447827,372.70755801443323,620.448149496822,42.593845820022835,127.83617204569153,259.5823257704912,452.62778496176503,882.6401309255825
MY_0p5_5.2500_103.2500,103.25,5.25,1995-11-01,1995,11,850.8881858543114,76.0508278740777,96.93041323376941,297.70185416085377,467.8569500415357,765.558833530971,43.81048071229613,132.02938575249215,267.7976824277407,465.87382447874404,909.511407629236
MY_0p5_5.2500_115.2500,115.25,5.25,1995-11-01,1995,11,370.71297036447834,116.42717865974673,115.50709646256244,64.5316623625208,145.38470208840292,209.91635632124104,42.76624429421347,129.14684833464074,262.7865585577293,459.32572711882045,894.0253766169313
MY_0p5_5.2500_115.7500,115.75,5.25,1995-11-01,1995,11,347.46832836750764,113.54760182054736,110.7329457169872,36.620098605398404,112.75280702235334,149.37290194236624,42.55989797559835,128.51289522849905,261.4228182517876,456.28584987834347,888.7814606230136
MY_0p5_5.2500_116.2500,116.25,5.25,1995-11-01,1995,11,291.0502723017825,107.4620378470119,105.01797287373603,34.6343198365803,109.34041503713101,143.97473231448402,42.57721162144142,128.61726896068717,261.91095212139663,458.22293728212765,891.3283677885804
MY_0p5_5.2500_116.7500,116.75,5.25,1995-11-01,1995,11,267.2330766508851,105.69379524037807,104.81075484843194,41.837353766719,128.5786793865735,170.41602682765526,42.65970425666133,128.82652297201034,262.1574107302894,457.9982807787158,891.6419219970701
MY_0p5_5.2500_117.2500,117.25,5.25,1995-11-01,1995,11,283.62475237165177,105.63845599946522,104.36824500674294,47.22902144174728,146.63549266996836,193.86451072087365,42.853109256804935,129.4140400235615,263.47226204039555,461.31516219850573,897.0545880998883
MY_0p5_5.2500_117.7500,117.75,5.25,1995-11-01,1995,11,280.2265268477182,103.90572536407954,100.43866342211528,45.94136941092355,146.4267601860894,192.36813335115949,42.91187211294023,129.62353215293277,264.1256751650855,463.6284776475694,900.2895800393725
MY_0p5_5.2500_118.2500,118.25,5.25,1995-11-01,1995,11,260.5139827518673,102.38412742857722,97.67941617054544,38.783751068601184,129.22028217194185,168.0040390111838,42.898311165487684,129.63704122555487,264.4860649351861,465.7485778225455,902.7700154492808
MY_0p5_5.2500_118.7500,118.75,5.25,1995-11-01,1995,11,239.23994110107427,100.65613798111204,98.21240711212158,31.591274473402237,98.27043501536052,129.86171023050943,42.76881954405043,129.28844981723364,263.99466027153863,465.6050673590766,901.656994289822
MY_0p5_5.2500_119.2500,119.25,5.25,1995-11-01,1995,11,219.18891300567205,99.47925276983351,98.66847229003906,29.089853286743164,85.47198486328125,114.56183624267578,42.70687484741211,129.11524963378906,263.706787109375,465.2620544433594,900.7909545898438
MY_0p5_5.7500_100.2500,100.25,5.75,1995-11-01,1995,11,318.80401886261257,94.20880958625862,78.86689653309112,39.684408800317605,119.87930619826012,159.56371314372493,35.94661404670925,104.50000951924454,213.24181526954024,375.05168305843245,728.7401123046875
MY_0p5_5.7500_100.7500,100.75,5.75,1995-11-01,1995,11,354.63151991102427,89.92742551773313,86.30669352213542,87.08432474772135,188.57026173909506,275.65459487915035,41.166591491699215,123.20496948242187,250.77840504964192,438.8206516520182,853.9705806477864
MY_0p5_5.7500_101.2500,101.25,5.75,1995-11-01,1995,11,401.7242677943913,85.50295969444937,89.4520415358656,138.45004987341215,279.9723463884489,418.422401007705,43.36307376951684,130.7961168664647,265.50115810604547,462.4106034406527,902.0709649033436
MY_0p5_5.7500_101.7500,101.75,5.75,1995-11-01,1995,11,550.3802602132162,79.92020292282105,95.3568667093913,246.5062870661418,340.43410835266116,586.9403844197591,43.57735050519309,131.44864934285482,266.87896347045904,465.2381549835206,907.1431325276692
MY_0p5_5.7500_102.2500,102.25,5.75,1995-11-01,1995,11,759.9918752817007,80.12186588385165,99.96305996159512,292.4593373308278,390.30735342109244,682.7667002051768,42.83234873042765,128.66964749936702,261.1435446177268,454.81659469861376,887.462158203125
MY_0p5_5.7500_102.7500,102.75,5.75,1995-11-01,1995,11,872.4061593191965,76.97906164521153,80.23993682861328,227.2286376953125,346.352294921875,573.5809326171875,37.186004638671875,108.2109146118164,219.47195434570312,381.5161437988281,746.385009765625
MY_0p5_5.7500_103.2500,103.25,5.75,1995-11-01,1995,11,886.5084228515625,77.49958038330078,,,,,,,,,
MY_0p5_5.7500_115.2500,115.25,5.75,1995-11-01,1995,11,378.44434916178386,116.55921936035155,116.5553207397461,72.49030303955078,159.35580444335938,231.84609985351562,43.040950775146484,130.1089324951172,265.4559020996094,467.4978942871094,906.1036376953125
MY_0p5_5.7500_115.7500,115.75,5.75,1995-11-01,1995,11,351.87365816268454,112.85290265229582,108.61380964006696,60.74066503615607,165.04410284133186,225.78476024809336,42.877268364315945,129.53635791596912,263.8470627557664,462.417520577567,898.6782197498139
MY_0p5_5.7500_116.2500,116.25,5.75,1995-11-01,1995,11,305.32231193421376,104.78164479089162,101.55489099896144,52.82745419456845,163.03941485692582,215.86686532156807,42.77301554604182,129.16338815840462,262.763960968502,458.8573583209325,893.5577421642485
MY_0p5_5.7500_116.7500,116.75,5.75,1995-11-01,1995,11,284.4276269337488,100.29478396461124,95.79591309078155,51.362836044553724,162.75468706403458,214.1175247918992,42.79070567781964,129.18510233561196,262.6820567297557,458.14571930416054,892.8035863482761
MY_0p5_5.7500_117.2500,117.25,5.75,1995-11-01,1995,11,303.0346438049894,104.11352320048334,96.99190208362857,55.6339128055031,175.21400798232023,230.84791743040836,43.00887642749101,129.9088134765625,264.62169081630765,464.17298017917,901.7123651835445
MY_0p5_5.7500_117.7500,117.75,5.75,1995-11-01,1995,11,298.99055311414935,103.54488164508156,95.70379415934518,55.03423400213255,165.1590067204213,220.19323822635937,43.07365303551591,130.15642204540688,265.47251390290745,467.4650270602848,906.1676158521001
MY_0p5_5.7500_118.2500,118.25,5.75,1995-11-01,1995,11,271.6439383779893,101.67444613774617,95.76731655544705,58.48851208157009,158.00704203287762,216.49555406358508,43.070903032090925,130.14900092230903,265.4953652615017,467.7861181640625,906.5014143880209
MY_0p5_5.7500_118.7500,118.75,5.75,1995-11-01,1995,11,242.14939880371094,100.43986819340634,96.0560073852539,59.84870910644531,156.68055725097656,216.52926635742188,43.07524490356445,130.15951538085938,265.5140380859375,467.86517333984375,906.614013671875
MY_0p5_6.2500_99.7500,99.75,6.25,1995-11-01,1995,11,316.497506534352,97.37233554615695,104.3897486841956,46.15179478844931,185.76999327193857,231.92178664096565,42.952276008073675,129.8527218131132,264.93642407794334,465.8225140238917,903.5639180028162
MY_0p5_6.2500_100.2500,100.25,6.25,1995-11-01,1995,11,347.1218878030777,93.83712220191957,95.73730509232502,53.365181996871,172.66564355966992,226.03082916882568,41.06012445566605,122.96307404187259,250.86347083266898,441.2879304846938,856.1745931819993
MY_0p5_6.2500_100.7500,100.75,6.25,1995-11-01,1995,11,398.015597428134,91.2427604410179,90.21022534462476,128.33859329518202,253.26795765055655,381.60656325881547,42.59959414566806,128.20598440280753,260.6869948692764,455.924511176739,887.4170624132782
MY_0p5_6.2500_101.2500,101.25,6.25,1995-11-01,1995,11,446.16101168118996,88.84917273888222,89.01168975830079,178.5521160419171,310.2183063213642,488.77044396033654,43.43908122136043,131.03305499737078,265.96411930964547,463.65550396259016,904.0917499248799
MY_0p5_6.2500_101.7500,101.75,6.25,1995-11-01,1995,11,661.4961530412945,83.68973236083983,102.32078399658202,317.869144984654,394.32134748186377,712.1904820033482,43.64877243041992,131.60819920131138,266.90512520926336,464.025851876395,906.187939453125
MY_0p5_6.2500_102.2500,102.25,6.25,1995-11-01,1995,11,779.5029856363933,81.5142536628537,109.19476318359375,358.25531005859375,402.2026062011719,760.4578857421875,43.59953689575195,131.42674255371094,266.3408203125,462.1588439941406,903.5259399414062
MY_0p5_6.2500_115.7500,115.75,6.25,1995-11-01,1995,11,317.3596149791371,110.67798076976429,116.91542053222656,62.183555603027344,167.40615844726562,229.58970642089844,42.99618148803711,129.91893005371094,264.80987548828125,465.12762451171875,902.8526000976562
MY_0p5_6.2500_116.2500,116.25,6.25,1995-11-01,1995,11,304.2090867695056,105.97167654204786,108.56084559772508,50.91923943070063,152.08810512189822,203.00734021695175,42.85497319225698,129.45017917985956,263.60018490694694,461.60225902675006,897.5075855675248
MY_0p5_6.2500_116.7500,116.75,6.25,1995-11-01,1995,11,298.40970730251735,101.29695601690382,98.03785349527995,47.56622768583752,153.740089828249,201.3063148135231,42.83427421933129,129.35016150096104,263.2267085968502,460.20014377170145,895.61126922123
MY_0p5_6.2500_117.2500,117.25,6.25,1995-11-01,1995,11,319.6121878487723,102.72849612765842,95.70132635207402,64.01415034702845,182.80332530188178,246.81747315421933,42.55737064906529,128.1768368191189,261.0865059988839,458.2665456620473,890.0872576032366
MY_0p5_6.2500_117.7500,117.75,6.25,1995-11-01,1995,11,321.2850381533305,102.96584983666737,95.27023395739106,67.98129736470898,185.609273720903,253.59057322719642,42.49545879252473,127.92265016433092,260.69351428294044,458.3430252521359,889.4546565897981
MY_0p5_6.2500_118.2500,118.25,6.25,1995-11-01,1995,11,312.6071166992188,102.46462712969098,96.27114350455147,68.73242923191616,183.55168097359794,252.28411647251673,43.140505245753694,130.32701546805245,265.6793746948242,467.3872746058873,906.5341491699219
MY_0p5_6.7500_100.2500,100.25,6.75,1995-11-01,1995,11,357.5299922718721,92.91375659493839,102.00442914401783,61.81453794591567,206.04675831514245,267.861307592953,43.086530180538404,130.19607207354377,265.4144338719985,466.2786898893469,904.9757201250861
MY_0p5_6.7500_100.7500,100.75,6.75,1995-11-01,1995,11,420.25677942346647,90.8221147325304,96.15492418077258,141.29701798050493,272.6378931116175,413.9349263509115,43.2706632260923,130.56549806948064,265.13106395580155,463.223233823423,902.1904387297456
MY_0p5_6.7500_116.2500,116.25,6.75,1995-11-01,1995,11,295.0308136337105,105.27294283134994,103.45375749541492,44.77423086398986,92.48660650485901,137.26084118354615,42.395951992127955,127.87027424137769,259.17343065215323,448.50419802782017,877.9438714748477
MY_0p5_6.7500_116.7500,116.75,6.75,1995-11-01,1995,11,302.1650955853295,103.73035651445389,97.74303541824281,48.20144481432768,106.26726541029134,154.46870892792353,41.21172818270597,123.51185294290778,250.69665382596344,435.6654449583514,851.0856680285791
MY_0p5_6.7500_117.2500,117.25,6.75,1995-11-01,1995,11,318.2417122604501,102.44811881301749,93.4351622995022,60.255363768180914,137.47447575932054,197.7298359153545,40.37380886921841,120.29997324310573,244.4599173216693,426.5499607862625,831.683641281803
MY_0p5_6.7500_117.7500,117.75,6.75,1995-11-01,1995,11,334.2330118815104,102.28004413180881,95.68289256095888,77.11700248718262,184.62268447875977,261.7396869659424,41.179202914237976,123.04745602607727,250.66426849365234,440.4242534637451,855.3151855468749
MY_0p5_7.2500_116.7500,116.75,7.25,1995-11-01,1995,11,292.7155396468996,102.77920508006262,97.14859267525051,36.0323346345321,44.18592731641687,80.21826132069464,39.65690493376359,117.94866618280827,236.9266303020975,401.1571870223336,795.6893825365149
MY_0p5_7.2500_117.2500,117.25,7.25,1995-11-01,1995,11,293.0064403087169,101.6476175119211,96.20545694451582,32.26453913638466,41.58454774555407,73.84908471358449,39.04231591475637,115.74074883711965,232.55368186549137,394.1309836939762,781.4677143297697
MY_0p5_0.7500_110.2500,110.25,0.75,1995-12-01,1995,12,392.6288996769832,95.69761704664964,125.28032672588643,127.90825465275692,209.55149583082937,337.4597365159255,43.17553153404823,130.27356426532455,264.7607126089243,462.61279719426085,900.8225679837741
MY_0p5_0.7500_110.7500,110.75,0.75,1995-12-01,1995,12,387.5020333426339,97.0351955958775,129.851388331822,100.47722887311662,183.81924721854074,284.29647064208984,43.1641918182373,130.32157418387277,265.3498818533761,465.9655465262277,904.8011928013391
MY_0p5_0.7500_111.7500,111.75,0.75,1995-12-01,1995,12,358.8009231809586,93.93099951365637,125.6908896309989,73.69772496299139,145.84590342688182,219.54363601926772,43.01262295435345,129.9412611704024,264.87936110723587,465.9343440948971,903.7676023453001
MY_0p5_1.2500_103.2500,103.25,1.25,1995-12-01,1995,12,526.8344095470836,89.27807491265455,117.36918605457653,112.81180641867897,179.5679106278853,292.3797222484242,39.567031513560906,117.41896282542837,239.2289057644931,419.8452086015181,816.0601237903942
MY_0p5_1.2500_103.7500,103.75,1.25,1995-12-01,1995,12,563.397129392161,89.44655157292931,110.70308529751973,135.5877035196545,213.47091882205706,349.0586324154752,40.90175832359536,122.35323941128925,249.2426735590963,437.4340366993136,849.9317105487712
MY_0p5_1.2500_104.2500,104.25,1.25,1995-12-01,1995,12,573.6442531040736,89.96187962123325,103.45469665527344,160.5647735595703,251.68038940429688,412.24517822265625,42.648860931396484,128.81373596191406,262.383544921875,460.5941162109375,894.4402465820312
MY_0p5_1.2500_109.7500,109.75,1.25,1995-12-01,1995,12,395.09418790886207,98.0801141578031,124.68838510168605,128.6956295335149,176.86773056581796,305.56335963973083,42.89263672426523,129.55318717496942,263.90728759765625,462.8415832519531,899.1946859704443
MY_0p5_1.2500_110.2500,110.25,1.25,1995-12-01,1995,12,392.64163643973217,96.72063004188097,125.50213042741578,138.53540366036555,209.0979218943239,347.63331609895334,43.095477321433286,130.05039978027344,264.3766540763001,461.95444467905406,899.4769407294433
MY_0p5_1.2500_110.7500,110.75,1.25,1995-12-01,1995,12,385.0036451551649,97.25111936538939,130.49341677711124,102.92057979523189,177.3206628708612,280.24123651413686,43.09855473836262,130.1407751658606,265.05006529792905,465.5175027514261,903.8068958100819
MY_0p5_1.2500_111.2500,111.25,1.25,1995-12-01,1995,12,367.78876580674046,95.53144824238251,129.5520856327142,83.67665925193519,156.83284103832307,240.50950583558497,43.037452015252164,129.98391518882292,264.8379864677454,465.42785664031305,903.2872041452425
MY_0p5_1.2500_111.7500,111.75,1.25,1995-12-01,1995,12,358.3007570296999,93.4311776539636,124.68712470644995,68.74991008213588,135.06234087262834,203.81225707039002,42.92379227895586,129.67230273049972,264.29918464781747,464.51537698412693,901.4106658451141
MY_0p5_1.2500_112.2500,112.25,1.25,1995-12-01,1995,12,359.2847949962325,91.81490279454265,124.65276359906655,64.52909037788507,124.42087694352047,188.94996968380687,42.87593597567021,129.52206126566466,263.95216392865643,463.6565365863935,900.0066965170922
MY_0p5_1.2500_112.7500,112.75,1.25,1995-12-01,1995,12,363.6557216644287,90.83882220586142,122.73001194000246,77.0343918800354,121.20779689153035,198.24218908945718,42.7554890314738,129.09207725524902,262.6203676859538,458.95908673604333,893.427012125651
MY_0p5_1.2500_113.2500,113.25,1.25,1995-12-01,1995,12,366.49092380689535,91.16542962115744,121.81721589461615,71.74595535941745,107.52875153914742,179.27470278532607,42.64153230086617,128.69931786578633,261.5284328294837,455.65676057235055,888.5260349439538
MY_0p5_1.2500_113.7500,113.75,1.25,1995-12-01,1995,12,368.83239491780597,90.80945789452755,122.32540650801224,69.24358067368016,114.23619969685872,183.47977262554744,42.69149554859508,128.8319459394975,261.73312909675366,455.86992275353634,889.1265073834043
MY_0p5_1.2500_114.2500,114.25,1.25,1995-12-01,1995,12,368.89857874507396,89.50875759968716,123.77848883434736,67.12814344558042,116.86766889453989,183.99581666119332,42.73894142893564,128.96024923408982,261.97588598200707,456.4516328794767,890.1267003422291
MY_0p5_1.2500_114.7500,114.75,1.25,1995-12-01,1995,12,378.0801056892641,88.02922722601122,121.01336202313823,72.60534028084048,146.32659789054622,218.93194580078125,42.95224626602665,129.59389520460562,263.2452648532006,459.0357498661164,894.8271267798639
MY_0p5_1.7500_102.7500,102.75,1.75,1995-12-01,1995,12,547.3167677399862,87.93901247477665,123.8289315700531,140.86103630065918,184.57492017745972,325.43594551086426,41.51533806324005,124.53029656410217,253.57023763656616,444.1739101409912,863.7897682189941
MY_0p5_1.7500_103.2500,103.25,1.75,1995-12-01,1995,12,595.286901054235,87.0990429145489,129.20130271911623,218.08978179931643,243.28219512939452,461.371979675293,41.658207969665526,124.87505523681641,254.123422241211,444.7825151062012,865.43919921875
MY_0p5_1.7500_103.7500,103.75,1.75,1995-12-01,1995,12,612.0595616207847,87.77848823161064,124.2391701710375,225.9600468889067,244.33239997187744,470.29245362100716,41.689675584624084,125.15191544158549,254.81134593335884,446.24403719358804,867.8969666686239
MY_0p5_1.7500_104.2500,104.25,1.75,1995-12-01,1995,12,598.3803798675536,88.86411428451538,122.7568736704745,245.3982407917348,260.0728397812954,505.4710896809896,42.76932185564854,129.19298997036245,263.10821107376455,460.9597338299419,896.0302360593811
MY_0p5_1.7500_109.7500,109.75,1.75,1995-12-01,1995,12,397.67436697316725,98.13998382036075,124.7480239868164,129.49317932128906,177.1730194091797,306.66619873046875,42.886512756347656,129.53909301757812,263.89813232421875,462.8780517578125,899.2017822265625
MY_0p5_1.7500_110.2500,110.25,1.75,1995-12-01,1995,12,393.0189980496182,98.54002075965958,125.74770420502851,152.15532843441886,202.04250584566657,354.1978341984876,42.93673010433422,129.61744853137012,263.68863763656213,461.04413820970507,897.2869226792279
MY_0p5_1.7500_110.7500,110.75,1.75,1995-12-01,1995,12,379.6912536621093,97.68175021084872,131.4600067138672,102.76529731750487,159.57838668823243,262.3436775207519,42.94820041656494,129.73447113037108,264.41486816406245,464.7262191772461,901.823745727539
MY_0p5_1.7500_111.2500,111.25,1.75,1995-12-01,1995,12,369.03212987506197,95.5252964080326,129.57885082156162,75.66017044422239,148.41055972077126,224.07072988110926,42.9672705716865,129.79924685456032,264.5793574843296,465.23335741619735,902.5792151162791
MY_0p5_1.7500_111.7500,111.75,1.75,1995-12-01,1995,12,367.06671857230265,92.48349829565119,120.37018749381919,67.69032181365579,129.23980239675012,196.93012464499168,42.81239760676515,129.34265914144393,263.6385100159463,463.02935935877537,898.8229200145864
MY_0p5_1.7500_112.2500,112.25,1.75,1995-12-01,1995,12,371.7639268663194,90.87554556225975,119.37130444239058,77.80696302141463,133.75552072676402,211.5624836270771,42.836073666527156,129.364208257766,263.4223059275794,461.6775141640315,897.3001071506076
MY_0p5_1.7500_112.7500,112.75,1.75,1995-12-01,1995,12,372.63032565646694,91.09528009323846,119.69923994276256,86.76825542147198,125.72886410667782,212.4971181233724,42.79655302744062,129.23631800091454,263.0640739319816,460.5404523577009,895.6374019562252
MY_0p5_1.7500_113.2500,113.25,1.75,1995-12-01,1995,12,369.47362050858754,91.75635012672059,120.34061540876117,80.08640485491071,105.66148214188833,185.74788275824653,42.66042108687143,128.7903323703342,261.9586161295573,457.600841703869,891.0102066282242
MY_0p5_1.7500_113.7500,113.75,1.75,1995-12-01,1995,12,366.4533306787884,91.41972058008587,120.50798349531871,68.94086625840929,98.15170351058717,167.09256664457774,42.553840261792374,128.40069713289776,260.7920329744854,453.8141488211495,885.5607212611606
MY_0p5_1.7500_114.2500,114.25,1.75,1995-12-01,1995,12,363.54161861359125,90.34603356255425,122.35694509839253,64.13515947129991,101.38939502050006,165.52455415271575,42.59321726238917,128.5240041097005,261.08308086092507,454.5344989110552,886.7347960456968
MY_0p5_1.7500_114.7500,114.75,1.75,1995-12-01,1995,12,372.8961757205311,89.77114567731945,119.95790270078984,66.53595328454526,112.14113557647548,178.67709105496579,42.67148301514938,128.76435634632804,261.59808159862774,455.6380539335736,888.6719471037079
MY_0p5_2.2500_101.7500,101.75,2.25,1995-12-01,1995,12,472.8765443744081,87.65175251045612,120.23265152748185,95.59170223968198,164.32839102696892,259.92008802625867,42.47620018082436,128.08468026825875,261.16132331616956,459.1431117202297,890.8653250029594
MY_0p5_2.2500_102.2500,102.25,2.25,1995-12-01,1995,12,551.5625004380514,85.29303631942238,121.20493820409456,136.259423853678,172.94765439558256,309.2070787055641,42.22856833718039,127.15391266745242,258.92312673176303,453.6308376184491,881.9364355351936
MY_0p5_2.2500_102.7500,102.75,2.25,1995-12-01,1995,12,616.9992602384543,84.73519054847426,127.06015108808688,213.7789180610753,212.31849511062043,426.0974178072772,42.27055341986161,127.23012144354324,259.0062614634067,453.42478749721863,881.9316979903209
MY_0p5_2.2500_103.2500,103.25,2.25,1995-12-01,1995,12,713.7613445948041,83.0856215219649,136.52542012532552,381.6078444707961,289.59100651816715,671.198860483321,42.81109189230298,129.00766790480841,262.30690220424106,457.89431162031866,892.0199453202504
MY_0p5_2.2500_103.7500,103.75,2.25,1995-12-01,1995,12,728.0023489224709,84.68602625960011,145.98133979409425,421.1524076817399,280.1929197149761,701.345327396716,42.5275100578696,128.13430563716565,260.70213478217687,454.99280778270656,886.3567430399232
MY_0p5_2.2500_104.2500,104.25,2.25,1995-12-01,1995,12,688.3362739376906,86.00230041752017,155.00100417964717,425.8390099391464,267.82326236441116,693.6622723035578,42.92027601131723,129.69058631077286,264.1002923634427,461.4366916624968,898.1478412722754
MY_0p5_2.2500_104.7500,104.75,2.25,1995-12-01,1995,12,634.1292114257812,85.87247467041016,,,,,,,,,
MY_0p5_2.2500_109.7500,109.75,2.25,1995-12-01,1995,12,406.7688726609753,97.62771975609563,,,,,,,,,
MY_0p5_2.2500_111.2500,111.25,2.25,1995-12-01,1995,12,381.06773078441626,95.07523146271707,118.21349693747128,103.96262090346393,167.96068528119255,271.9232985552619,42.96845811956069,129.84186150045954,264.82142863554105,466.04724480124077,903.6789721320656
MY_0p5_2.2500_111.7500,111.75,2.25,1995-12-01,1995,12,394.02946215432786,92.95571986607142,117.37591547890315,105.40833546471973,167.87705916147382,273.28538813515314,42.96122492230128,129.8007623581659,264.6610059950087,465.48402613079736,902.9070081922742
MY_0p5_2.2500_112.2500,112.25,2.25,1995-12-01,1995,12,401.145553249783,91.53301536923361,114.51627417670356,108.03053855290487,163.82909279475135,271.8596322680276,42.9296995980399,129.6520559159536,264.11212390718003,463.5441617451017,900.2380562918527
MY_0p5_2.2500_112.7500,112.75,2.25,1995-12-01,1995,12,396.9351589626736,91.47930421375092,114.60067388140966,103.9137448023236,149.61588158985927,253.52963014632934,42.8899054754348,129.52922920348152,263.8251229422433,462.84132390097966,899.0855881463914
MY_0p5_2.2500_113.2500,113.25,2.25,1995-12-01,1995,12,380.71384035140755,92.25719267830017,118.49281303769068,92.60544021848649,119.10907847086591,211.71451638842387,42.753013077993245,129.11464228554377,262.9691649421813,461.11313767206104,895.9499333457342
MY_0p5_2.2500_113.7500,113.75,2.25,1995-12-01,1995,12,366.3251721345926,91.43283001380631,118.67474717731719,70.8055068390279,86.76976346366015,157.57527484169492,42.39735650412645,127.94310115862498,259.9254060576234,452.1904450428637,882.4562729461284
MY_0p5_2.2500_114.2500,114.25,2.25,1995-12-01,1995,12,353.37957288953993,90.91637272910467,119.24028615800161,64.24096104455373,82.81284901452443,147.05380665612597,42.36533797733367,127.84216776045542,259.6446763780382,451.17515161907863,881.0273371620784
MY_0p5_2.2500_114.7500,114.75,2.25,1995-12-01,1995,12,367.3758699478642,90.18719521799396,118.75344147220737,76.08616613572644,110.32946302352413,186.4156252461095,42.646817533431516,128.72127188405685,261.64797589701993,456.18390178065147,889.1999562909527
MY_0p5_2.2500_115.2500,115.25,2.25,1995-12-01,1995,12,406.5380859375,89.89088439941406,117.78968811035156,87.06967163085938,173.4227294921875,260.4924011230469,43.132572174072266,130.18212890625,264.7603759765625,463.5240173339844,901.59912109375
MY_0p5_2.7500_101.2500,101.25,2.75,1995-12-01,1995,12,425.7121887207031,87.56150817871094,114.5249252319336,140.4230499267578,240.02464294433594,380.44769287109375,43.02536392211914,129.97573852539062,264.80633544921875,464.6901550292969,902.4976196289062
MY_0p5_2.7500_101.7500,101.75,2.75,1995-12-01,1995,12,491.52285364029257,84.87232771439984,105.70506838711823,130.43778858531604,204.00840165571728,334.44617775656957,42.72465313998135,129.03927889737216,262.7806760475852,460.5822202370383,895.1268392666902
MY_0p5_2.7500_102.2500,102.25,2.75,1995-12-01,1995,12,600.2019750510051,81.83666768651099,122.4606821339601,180.71450480078437,192.7437684368935,373.4582649765501,42.82265858741323,129.30416908993084,263.1115614775639,459.7791715002364,895.0175340008585
MY_0p5_2.7500_102.7500,102.75,2.75,1995-12-01,1995,12,709.9978908104233,81.28472936606104,130.63965191418612,324.803704177277,234.4468103722681,559.2505155152912,42.95174068740651,129.7183366123634,264.0861933261533,462.06506704982326,898.8213319416286
MY_0p5_2.7500_103.2500,103.25,2.75,1995-12-01,1995,12,811.7597601823746,81.47601284342966,135.7550398711186,489.00689133565135,276.31617105083103,765.3230732717332,42.10575091611048,126.56233120572037,257.4401941967618,449.25810562425363,875.3663489469296
MY_0p5_2.7500_103.7500,103.75,2.75,1995-12-01,1995,12,823.0619214928668,83.86773913839589,141.20623898835777,496.59694745463713,262.1294336275022,758.7263878325712,41.19219474968273,123.31963847639373,250.95096753379718,438.0086986348377,853.4714870189193
MY_0p5_2.7500_104.2500,104.25,2.75,1995-12-01,1995,12,728.113197775448,84.69709777832031,158.978759765625,485.38702392578125,262.74322509765625,748.1302490234375,42.8904914855957,129.62107849121094,264.0123291015625,461.36669921875,897.890625
MY_0p5_2.7500_111.2500,111.25,2.75,1995-12-01,1995,12,406.318723691743,94.8870654402108,123.54116394940546,137.61218957340017,187.8199355181526,325.4321127498851,43.02005969776827,129.95605064840876,264.8638916015625,465.42728738223803,903.2672514073988
MY_0p5_2.7500_111.7500,111.75,2.75,1995-12-01,1995,12,426.61569701648153,93.70860490642609,120.14485638717123,136.07246589660642,191.37688610471525,327.4493395048997,43.0357696927827,129.99037775500068,264.8927575473128,465.36898277545794,903.2878667897189
MY_0p5_2.7500_112.2500,112.25,2.75,1995-12-01,1995,12,438.4917285774327,93.29458284981644,116.16192476908365,132.7622200520833,196.1654008992513,328.92761098225907,43.064919497172035,130.0433674621582,264.88219156901044,465.02775522867836,903.0182269287108
MY_0p5_2.7500_112.7500,112.75,2.75,1995-12-01,1995,12,432.3780054019976,93.6218515468549,114.34213000913209,123.15319573124752,184.94037222560448,308.0935630315467,43.01913017562673,129.90505097787593,264.578083666065,464.30978403212146,901.8120379870451
MY_0p5_2.7500_113.2500,113.25,2.75,1995-12-01,1995,12,411.21620212131074,94.16209859696644,118.05437709263393,112.30722535148499,153.77688225640188,266.08410523429745,42.91748521592882,129.6183103531126,264.07337481786334,463.61981084914436,900.2289523654513
MY_0p5_2.7500_113.7500,113.75,2.75,1995-12-01,1995,12,392.60365985457304,93.49519561961958,119.46062943282402,98.82330737751761,107.66181192580301,206.4851248674332,42.610623681621185,128.6697301682393,261.8658838940274,457.8233788362733,890.9696138224024
MY_0p5_2.7500_114.2500,114.25,2.75,1995-12-01,1995,12,375.85853093787085,92.16108203839651,120.5301419028753,102.53608522535879,119.62155284157282,222.15763937068888,42.67454993573926,128.80099950862837,261.79185176801076,456.41116873825655,889.6785772782337
MY_0p5_2.7500_114.7500,114.75,2.75,1995-12-01,1995,12,384.9929352778538,93.0367403698575,121.94565599283595,119.75627177536109,158.5083146793827,278.2645837577285,42.9816040233442,129.75120938052038,263.92374240365,461.71084254562476,898.3673820738579
MY_0p5_2.7500_115.2500,115.25,2.75,1995-12-01,1995,12,418.6937258608706,91.18179541235571,116.17592167209935,98.9137566368859,173.99432538006752,272.90808242935316,43.066578358143296,129.94133999111418,264.0156563423775,460.85257425394144,897.8761767138232
MY_0p5_3.2500_101.2500,101.25,3.25,1995-12-01,1995,12,442.5505506727431,88.21753072182028,118.08974700215262,138.89580212307348,224.94914506845438,363.84494719152787,43.04291390444982,130.03804621715025,264.9553526644577,464.8454355915233,902.8817855894333
MY_0p5_3.2500_101.7500,101.75,3.25,1995-12-01,1995,12,524.9750367362543,80.86635113369887,105.0201784607711,185.28639133720642,237.2759682722153,422.5623544097707,42.81020371017942,129.2348940418025,262.7514187758136,458.3485031613879,893.1450121448299
MY_0p5_3.2500_102.2500,102.25,3.25,1995-12-01,1995,12,663.7955074249752,80.68392748151506,123.34822411915613,218.93325892857143,212.1245095873636,431.0577512710813,42.85788975064717,129.43736499604725,263.4700454954117,460.56124141632563,896.3265425424727
MY_0p5_3.2500_102.7500,102.75,3.25,1995-12-01,1995,12,784.5137510661838,79.79124385495729,133.61135183406782,369.8612663172468,246.81000774721554,616.6712553772745,42.94212970250769,129.70989101747924,264.0710699347001,461.71797682363774,898.4410695908945
MY_0p5_3.2500_103.2500,103.25,3.25,1995-12-01,1995,12,876.0695641731983,80.31667109188116,134.26349582734247,521.5574561501171,255.25802199770652,776.8154760105991,41.18118791859779,123.29935562183493,250.985807835085,438.38133642339545,853.8476922348967
MY_0p5_3.2500_112.2500,112.25,3.25,1995-12-01,1995,12,453.924749077691,94.40372687445748,117.88301917182076,140.610881890191,209.2739288330078,349.88479546440976,43.13479631212023,130.23999294704862,265.23924831814236,465.6445902506511,904.2586059570312
MY_0p5_3.2500_112.7500,112.75,3.25,1995-12-01,1995,12,457.25983699675527,95.82953330009212,117.88941186373351,147.29193715580175,190.18791974177125,337.4798456410893,43.057523070788775,130.03745594962697,264.92609317967145,465.28712363321273,903.3081795113985
MY_0p5_3.2500_113.2500,113.25,3.25,1995-12-01,1995,12,454.58761286914796,97.29728500825122,123.89235438722554,161.95900078975794,174.297772436431,336.2567631114613,43.038519440275245,130.00178770585492,264.9348899378921,465.662533268784,903.6377239805279
MY_0p5_3.2500_113.7500,113.75,3.25,1995-12-01,1995,12,442.22393634130077,97.11170211065384,123.06191093808127,156.80483219207278,164.93960610041543,321.74442904033356,42.99083050924634,129.84231378464472,264.4796979631696,464.20907864040794,901.5219302222841
MY_0p5_3.2500_114.2500,114.25,3.25,1995-12-01,1995,12,427.2183043850455,96.56119962558624,122.35442126328778,149.98493043935983,171.52881556711378,321.51374452433004,43.008775638167265,129.81863602559275,263.9853756655553,461.4618112357559,898.2745995005223
MY_0p5_3.2500_114.7500,114.75,3.25,1995-12-01,1995,12,424.6196603957256,98.13531511148831,125.42209464881071,154.4500492849168,178.64965110827404,333.09970073335495,43.1015615159539,130.1205694599516,264.7528035352185,463.7549179951856,901.729867145514
MY_0p5_3.2500_115.2500,115.25,3.25,1995-12-01,1995,12,435.40398580816725,94.33972023106828,113.11856880670862,112.1783637034742,176.98591353018074,289.16428693940367,43.03196402441097,129.8209499407418,263.64833735212494,459.51604220233384,896.0172750738602
MY_0p5_3.2500_115.7500,115.75,3.25,1995-12-01,1995,12,450.54731047555305,91.4709467512838,104.8928967593761,135.5136429004455,204.02741592921566,339.54105985834354,43.17178833350707,130.2773228334577,264.8201540829091,462.9025721174947,901.1718571695051
MY_0p5_3.7500_100.7500,100.75,3.75,1995-12-01,1995,12,445.5377502441406,95.51350402832031,124.18389129638672,110.57249450683594,209.7869110107422,320.3594055175781,42.95732116699219,129.7670135498047,264.3512878417969,463.3083801269531,900.3839721679688
MY_0p5_3.7500_101.2500,101.25,3.75,1995-12-01,1995,12,440.9814150686221,88.32169132170941,120.69198205941704,141.5160368885423,222.2602304501827,363.77626733872495,42.938499796351955,129.67076367622053,263.8712044626378,461.1127956353346,897.5932536202342
MY_0p5_3.7500_101.7500,101.75,3.75,1995-12-01,1995,12,536.299228443819,78.26386287713507,114.49147315541651,199.92117013141612,247.16454256871708,447.0857125057537,42.99536107300194,129.78481768954333,263.7858246238369,459.6875892201807,896.2536076831211
MY_0p5_3.7500_102.2500,102.25,3.75,1995-12-01,1995,12,715.3623002309648,77.02966083344958,123.7754196409195,258.51525772336925,248.92486988854787,507.44012431795625,42.91327543712798,129.5751893543062,263.5264168875558,459.52875463092136,895.5436521499875
MY_0p5_3.7500_102.7500,102.75,3.75,1995-12-01,1995,12,838.1424070328,78.39598441956535,133.83244803292408,443.40529339502723,283.59764694940475,727.0029362754216,42.92693055168031,129.65645994156125,263.79874674479163,460.0591722276476,896.4413142128597
MY_0p5_3.7500_103.2500,103.25,3.75,1995-12-01,1995,12,883.2526354542767,78.70740557666792,139.25158727309284,572.0566462498085,284.1036834118413,856.1603283452052,42.426080621457565,127.86731483609069,260.2186898025812,453.8512820973116,884.3633793849572
MY_0p5_3.7500_113.2500,113.25,3.75,1995-12-01,1995,12,475.4790892601014,100.2130185365677,127.31172918100827,187.93308970967277,178.4061476910701,366.33923289814936,43.05286795194032,130.05594347344072,265.0590204958056,465.93162361520245,904.0994342741419
MY_0p5_3.7500_113.7500,113.75,3.75,1995-12-01,1995,12,473.8890489777332,101.23044310070219,123.63984860417142,181.43982437281934,178.98980890662924,360.42963041533926,43.06886439647489,130.10045873154328,265.12007205308834,465.98736443874526,904.2767488053701
MY_0p5_3.7500_114.2500,114.25,3.75,1995-12-01,1995,12,472.8299005146578,101.82378871857173,123.66836625356524,155.2888481987847,170.7202866327195,326.0091343470982,43.0877693297371,130.1421141124907,265.17271602570065,466.1214649987599,904.5240474640376
MY_0p5_3.7500_114.7500,114.75,3.75,1995-12-01,1995,12,464.73819405691955,102.18682386610243,125.95951923188706,150.90557914612785,167.48093901134672,318.3865182059152,43.08026826646592,130.13047843812004,265.1615990048363,466.0743891640315,904.4467252216642
MY_0p5_3.7500_115.2500,115.25,3.75,1995-12-01,1995,12,450.28890448676214,95.50514427063956,110.23062220982142,130.53833419557603,204.5265398297991,335.06487814282616,43.17853999062189,130.2750295972067,264.6581017872644,461.91945742652524,900.0311048719618
MY_0p5_3.7500_115.7500,115.75,3.75,1995-12-01,1995,12,446.862899670498,90.55900551775376,102.6357978985464,146.74138910307298,217.73653636904928,364.4779357910156,43.21479363750211,130.38563109473355,264.9077420680643,462.4789090602518,900.9870781109488
MY_0p5_4.2500_100.7500,100.75,4.25,1995-12-01,1995,12,410.80693492889407,96.2532182528278,127.61244319993624,122.9963079958546,205.5247656374562,328.5210875219228,42.9325547354562,129.68996251943162,264.14670559630105,462.77715341996185,899.5463426239638
MY_0p5_4.2500_101.2500,101.25,4.25,1995-12-01,1995,12,397.3686023091161,84.0514028998697,116.21363167246435,144.27558738562715,208.94229121117078,353.21789220336143,42.621078236087875,128.66462969931828,261.4582971463538,454.624826710695,887.3688537208897
MY_0p5_4.2500_101.7500,101.75,4.25,1995-12-01,1995,12,522.1888417247236,78.95195102386963,120.78598453899542,168.69488086639507,188.2124018562488,356.9072707301131,42.618566543530356,128.75464340063712,262.1551272846259,457.8141111916248,891.3424356966356
MY_0p5_4.2500_102.2500,102.25,4.25,1995-12-01,1995,12,757.3377892247405,79.90646086866484,125.60848545647278,281.1657314117724,258.6306322969187,539.7963640986922,42.77741018423257,129.2087673394444,262.8838936802679,458.1497993834865,893.0198492958142
MY_0p5_4.2500_102.7500,102.75,4.25,1995-12-01,1995,12,875.4463689524657,77.552244976068,130.08249812520995,511.88133686818895,320.08744909201465,831.9687859602036,42.87232408705791,129.45186595552286,263.04470854352235,456.87605343958376,892.2449665434043
MY_0p5_4.2500_103.2500,103.25,4.25,1995-12-01,1995,12,851.7703440066855,79.65682467683267,141.99599060696593,658.338670258738,303.57295274900645,961.9116230077447,42.86254759200359,129.44488296774622,263.2537612117542,458.2471724985368,893.8083668353249
MY_0p5_4.2500_113.7500,113.75,4.25,1995-12-01,1995,12,507.2274930439298,105.46976020119408,123.30382732175431,150.2266173452701,155.12145722587155,305.3480630550745,43.00983058281664,129.95934713111734,265.05894470214844,466.77348298846556,904.8016248019238
MY_0p5_4.2500_114.2500,114.25,4.25,1995-12-01,1995,12,519.1465865258891,105.9099839258378,122.53366636769653,136.38960154176218,155.98558138696384,292.37516943736426,43.041426257277095,130.05897816543876,265.28723297708285,467.3797323455222,905.7673735747468
MY_0p5_4.2500_114.7500,114.75,4.25,1995-12-01,1995,12,502.6685618082683,105.1160797627767,124.51938491821288,160.67777058919273,179.82378529866537,340.5015439860027,43.137188924153655,130.31175771077474,265.5862086995443,467.14907979329433,906.184228922526
MY_0p5_4.2500_115.2500,115.25,4.25,1995-12-01,1995,12,464.1252859963311,99.81742593977187,110.63424526320564,126.88436110814413,198.42709875106812,325.31145318349206,43.14769428306156,130.21275779936047,264.6187348895603,462.02212100558813,900.001323276096
MY_0p5_4.2500_115.7500,115.75,4.25,1995-12-01,1995,12,426.1697812872419,92.59331802109541,96.22983716544461,128.0084867057154,212.80410295906717,340.8125818802139,43.20261442540056,130.38699645996095,265.0403912043168,463.07361936407585,901.7036337642348
MY_0p5_4.2500_116.2500,116.25,4.25,1995-12-01,1995,12,381.6949366127573,99.79064578544805,93.2200730486614,136.6983846338784,234.9418369386254,371.640206592839,43.287964913903224,130.63284915831034,265.53496030481847,464.14601042212513,903.6017910096704
MY_0p5_4.2500_116.7500,116.75,4.25,1995-12-01,1995,12,364.9804602826951,103.52260629290102,92.2965002335565,123.84768381284155,254.59075204485418,378.4384287575078,43.37699235243605,130.90104031424994,266.1434622527547,465.74381286973903,906.1653195419754
MY_0p5_4.2500_117.2500,117.25,4.25,1995-12-01,1995,12,364.4106703226544,106.66249854163787,93.28320187593984,95.19608104334469,234.3738238579404,329.5699092898749,43.333099095167306,130.82661546015106,266.32233786793944,467.4605918141593,907.9426393762099
MY_0p5_4.2500_117.7500,117.75,4.25,1995-12-01,1995,12,334.955317961864,106.46530496972241,89.33765000563402,53.50858714437893,155.6303928081806,209.13898337600577,41.58007750551925,124.7148438152085,254.30821827945547,447.4469145424346,868.050056913979
MY_0p5_4.2500_118.2500,118.25,4.25,1995-12-01,1995,12,271.34772790384574,104.76498368469595,82.29442941459124,30.93810703496265,94.48816569140003,125.42627186380375,38.63657012259125,114.17312204154433,233.12657010023767,410.82438241752095,796.7606477190735
MY_0p5_4.2500_118.7500,118.75,4.25,1995-12-01,1995,12,237.90187355324073,104.52558927182798,78.70570373535156,29.19401741027832,78.40179443359375,107.59580993652344,37.006961822509766,108.25851440429688,221.15872192382812,390.01812744140625,756.4423217773438
MY_0p5_4.7500_100.2500,100.25,4.75,1995-12-01,1995,12,306.53951009114587,107.30523088243272,,,,,,,,,
MY_0p5_4.7500_100.7500,100.75,4.75,1995-12-01,1995,12,346.8752540344517,96.79063460078554,132.19813022768594,108.31291083979411,162.6871046671053,271.000023136294,42.638965482634255,128.78485398951585,262.12038539483297,457.9302515789745,891.4744414042651
MY_0p5_4.7500_101.2500,101.25,4.75,1995-12-01,1995,12,356.77928001274495,81.84968872070311,112.53610013931517,120.07323576912049,154.88323901948476,274.9564638168093,42.29328440106104,127.71765005929132,259.5715445382254,450.6310139005146,880.2134887695312
MY_0p5_4.7500_101.7500,101.75,4.75,1995-12-01,1995,12,501.3953569740247,79.58301582941935,123.57265951974051,190.18867332821802,176.5786146860274,366.7673037574405,42.413588545057515,128.12689274379187,260.6877888028584,453.9126131572421,885.1408712720114
MY_0p5_4.7500_102.2500,102.25,4.75,1995-12-01,1995,12,747.0032325381326,80.72258961995443,121.67193320138114,312.88095499674483,229.53110089983252,542.4120774042038,42.53244828723726,128.45392572312127,261.150583031064,453.78679170154396,885.9237252371651
MY_0p5_4.7500_102.7500,102.75,4.75,1995-12-01,1995,12,852.8928086590614,78.68987296037612,125.5317068160719,532.2176219186964,274.88894322875194,807.1065631064638,42.69943028346747,128.96038351848625,262.17341215291594,455.6498969011245,889.4831045357284
MY_0p5_4.7500_103.2500,103.25,4.75,1995-12-01,1995,12,796.2461229658805,81.80601464456589,131.46463679915428,551.709112413695,259.68572339272595,811.3948371014473,41.20644781246398,123.55246920427275,251.27655907662597,436.99591514897094,853.0314015743917
MY_0p5_4.7500_103.7500,103.75,4.75,1995-12-01,1995,12,761.1414505807978,84.75823211669922,125.20752101749568,388.97093656465603,177.1633059018618,566.1342424665178,37.29105956833084,109.44077657724355,222.78900582449776,388.08529821618805,757.6061488560267
MY_0p5_4.7500_113.7500,113.75,4.75,1995-12-01,1995,12,555.79931640625,108.349365234375,,,,,,,,,
MY_0p5_4.7500_114.2500,114.25,4.75,1995-12-01,1995,12,555.79931640625,108.91527720860071,122.19928741455078,139.69735717773438,146.8582763671875,286.5556335449219,42.982887268066406,129.9322052001953,265.1763916015625,467.4940185546875,905.5855102539062
MY_0p5_4.7500_114.7500,114.75,4.75,1995-12-01,1995,12,531.9088863249748,110.67960743237568,124.83606843025454,194.1335165372459,201.48154917070943,395.61506570795535,43.219459041472405,130.53412472304478,265.9038479712702,467.2939689390121,906.9514199533771
MY_0p5_4.7500_115.2500,115.25,4.75,1995-12-01,1995,12,484.18960634867335,108.34746547540027,115.2125397523244,173.20158374309537,205.9696860313415,379.1712683041889,43.16681263844171,130.28991452852884,264.86104695002234,462.7998719215392,901.1176328659055
MY_0p5_4.7500_115.7500,115.75,4.75,1995-12-01,1995,12,428.49235597640745,100.44095015752882,99.81158972846139,83.182984246148,173.04215770903087,256.2251353914776,42.99947718060206,129.7966874864366,263.918311515687,461.0670074947297,897.7815032474577
MY_0p5_4.7500_116.2500,116.25,4.75,1995-12-01,1995,12,354.7139719160776,100.02960042802113,96.50755414205882,65.02166639055524,161.73769352019775,226.75935828799285,42.99693501790363,129.7976074703156,264.06108146546376,462.1005795433407,898.9562137664309
MY_0p5_4.7500_116.7500,116.75,4.75,1995-12-01,1995,12,323.16337334355217,101.34797617755358,93.59157441537593,65.91526961024803,176.84996124460724,242.76523169988315,43.10731846773172,130.11652354952653,264.7130495868152,463.6255363754079,901.5624078678179
MY_0p5_4.7500_117.2500,117.25,4.75,1995-12-01,1995,12,342.63919358026413,102.30600091843378,91.37415284656343,66.33872019449869,183.41529691181486,249.7540090409536,43.10579143705822,130.14007921975752,264.8818986196367,464.27703537713916,902.4047927129836
MY_0p5_4.7500_117.7500,117.75,4.75,1995-12-01,1995,12,321.4249425960493,102.99129807194578,90.36870611166651,46.48845210256455,150.75411712067034,197.2425718186777,42.851900837089445,129.45930215376842,263.8572186820114,463.2126823135568,899.3810983005958
MY_0p5_4.7500_118.2500,118.25,4.75,1995-12-01,1995,12,275.7019585844261,103.51897821474317,90.71631729662721,32.61559878402021,121.93850224940623,154.55410720595165,42.66112604572547,128.97229563650777,263.2365448151402,462.9852613899577,897.8552227691192
MY_0p5_4.7500_118.7500,118.75,4.75,1995-12-01,1995,12,263.3727252815343,102.45739533629599,92.76243745827976,36.81743600096884,110.8848593023759,147.7023000596445,42.58862753759457,128.8257525480246,263.22501576097704,463.72821392590487,898.3676031571399
MY_0p5_5.2500_100.2500,100.25,5.25,1995-12-01,1995,12,246.6566479633309,109.83140471353695,79.14530181884766,12.203620910644531,13.514701843261719,25.71832275390625,27.60094451904297,74.6259994506836,151.79774475097656,263.2134704589844,517.2381591796875
MY_0p5_5.2500_100.7500,100.75,5.25,1995-12-01,1995,12,279.3086657555275,99.19645391536666,132.2678953148853,72.06893982284372,97.73090450243018,169.79984993770205,41.17334764853291,123.85453050986105,251.83962714535068,437.5039150194191,854.3713926117996
MY_0p5_5.2500_101.2500,101.25,5.25,1995-12-01,1995,12,332.5139895484561,85.1515349130782,118.60957459949311,143.0835260784815,146.23014155796596,289.31366242908297,42.0959265330481,127.1795880272275,258.5730269174727,448.4854495093936,876.3339710053942
MY_0p5_5.2500_101.7500,101.75,5.25,1995-12-01,1995,12,478.8335939638174,80.39269514144607,125.5822536930157,219.46117085256398,163.81459205773226,383.2757738441419,42.32323158166972,127.8860794115978,260.27976095600496,453.2351627228368,883.7242373326783
MY_0p5_5.2500_102.2500,102.25,5.25,1995-12-01,1995,12,684.914731554165,86.09773485220163,125.34078760815271,343.42060997835387,208.38440087190858,551.8050091980369,42.27087527475539,127.5802304213214,259.73350738719773,452.7861812129901,882.3707877967007
MY_0p5_5.2500_102.7500,102.75,5.25,1995-12-01,1995,12,773.9861313015319,83.52684725621702,124.6184064962096,460.16503099344544,253.29235601910088,713.4573724261785,41.579193218683784,124.96941859358448,254.25204617775088,442.449854757018,863.2505168332891
MY_0p5_5.2500_103.2500,103.25,5.25,1995-12-01,1995,12,737.2076764142072,86.46190239638878,138.84576559686042,519.9945549902978,247.83019534024328,767.8247652920811,42.55351814666352,128.52660711709555,261.63651899857956,456.02592904227123,888.7425814541904
MY_0p5_5.2500_115.2500,115.25,5.25,1995-12-01,1995,12,488.3282332881805,111.77139159171813,114.04881349157115,112.17394519243085,165.35446917424434,277.52841436667524,42.92585235345559,129.6045727338947,263.722131948002,461.5228201444032,897.7753686123209
MY_0p5_5.2500_115.7500,115.75,5.25,1995-12-01,1995,12,449.87409141310883,108.83020917675162,106.64886275469247,60.33509521484375,136.72026589603746,197.05536323159427,42.76430199833239,129.12531717591366,262.7669100486626,459.59883650440275,894.2553501969677
MY_0p5_5.2500_116.2500,116.25,5.25,1995-12-01,1995,12,354.86580464809754,102.8599236645276,100.13678755941271,48.75052821485301,139.58257052264636,188.33310491827473,42.88310154782066,129.5065075838113,263.74211081975625,462.49983881696875,898.6315676532214
MY_0p5_5.2500_116.7500,116.75,5.25,1995-12-01,1995,12,316.4131366391725,101.90269067015828,99.34388250037085,57.07586305352706,168.72637900823275,225.8022408304335,43.05324006382423,129.9750417395483,264.51253383974483,463.45420595965805,900.9950408935547
MY_0p5_5.2500_117.2500,117.25,5.25,1995-12-01,1995,12,348.11240738157244,102.79448406885541,97.8475353422619,72.46410687158978,187.64276093982514,260.10686781141493,43.12385848514617,130.21057840983073,265.1065805586557,465.02554369729665,903.4665850926959
MY_0p5_5.2500_117.7500,117.75,5.25,1995-12-01,1995,12,340.43474818638396,102.04171157110305,94.21462002708799,75.24259243919737,181.023681156219,256.26627022879467,43.04287012493799,130.02100980243986,264.951417953249,465.3484866187686,903.363807702443
MY_0p5_5.2500_118.2500,118.25,5.25,1995-12-01,1995,12,301.1126593844795,101.18172583610388,93.29456917343626,56.46457459516586,165.17493020804824,221.63951076823432,42.97194480895996,129.87116805155566,264.9319562972731,466.2236750900366,903.9987631633784
MY_0p5_5.2500_118.7500,118.75,5.25,1995-12-01,1995,12,290.6780300903321,99.87804708329458,94.36360454559326,50.37076446745131,129.97282240125867,180.34359550476074,42.725760194990364,129.2310322655572,264.0159051683214,465.2885924445259,901.2612965901693
MY_0p5_5.2500_119.2500,119.25,5.25,1995-12-01,1995,12,299.2517963566192,98.42948935372489,94.87974548339844,50.477821350097656,114.87432861328125,165.35215759277344,42.61170959472656,128.9293670654297,263.5561218261719,464.6893005371094,899.7864990234375
MY_0p5_5.7500_100.2500,100.25,5.75,1995-12-01,1995,12,189.0982877026807,111.57856427441844,124.49229865117903,14.841044067242823,12.740862785129373,27.581906852372196,33.94263521246954,98.59048419917396,201.73420029386466,354.30522785711725,688.5725265642918
MY_0p5_5.7500_100.7500,100.75,5.75,1995-12-01,1995,12,238.522853500124,101.41177775065104,128.9224352010091,80.46473443349203,67.40937301635742,147.87410544077554,39.65806968688965,118.69667884826659,241.38983489990233,418.6267911783854,818.3713848876953
MY_0p5_5.7500_101.2500,101.25,5.75,1995-12-01,1995,12,317.9225640484668,90.09762972734107,124.00342800110344,233.31707439272427,127.15357742910312,360.4706287534219,41.912638236218555,126.67961907574512,257.70473450187626,447.08358860766793,873.3805835153174
MY_0p5_5.7500_101.7500,101.75,5.75,1995-12-01,1995,12,463.4080740610759,84.94505955378216,129.8854786872864,391.76500949859627,166.19926608403523,557.9642782847087,42.345223633448285,128.03636023203535,260.88449096679693,455.2222321828206,886.4882705688476
MY_0p5_5.7500_102.2500,102.25,5.75,1995-12-01,1995,12,615.2084133441631,89.93791533739137,133.92010343917693,328.3534479109125,141.43688029793375,469.790341463956,41.48305353492197,124.95038658681541,254.8634596802169,445.9046608253761,867.2015728163799
MY_0p5_5.7500_102.7500,102.75,5.75,1995-12-01,1995,12,713.1412642996652,87.63895345891562,107.21217346191406,291.41168212890625,121.9183349609375,413.33001708984375,35.93382263183594,104.71371459960938,213.3643035888672,372.25390625,726.2657470703125
MY_0p5_5.7500_103.2500,103.25,5.75,1995-12-01,1995,12,697.2857055664062,89.7479248046875,,,,,,,,,
MY_0p5_5.7500_115.2500,115.25,5.75,1995-12-01,1995,12,480.4670623779297,111.56634928385418,117.47740936279297,80.8330078125,165.1650390625,245.998046875,43.08772659301758,130.17623901367188,265.4715576171875,467.65667724609375,906.3922119140625
MY_0p5_5.7500_115.7500,115.75,5.75,1995-12-01,1995,12,433.83375146783936,107.87817673010329,107.26017855689638,63.60898346673875,155.70750717889695,219.31649693080357,42.86725380307152,129.46875784737725,263.65899658203125,462.262744140625,898.2577497209822
MY_0p5_5.7500_116.2500,116.25,5.75,1995-12-01,1995,12,352.6341646709139,100.06749902149987,99.25973755367217,50.780098046196834,156.0943628220331,206.87446899414059,42.80248508756123,129.2305920797681,262.8984049479167,459.49983743334576,894.4313116164434
MY_0p5_5.7500_116.7500,116.75,5.75,1995-12-01,1995,12,323.69963485475563,96.32348625546409,94.32093057783823,57.255512431311224,189.92829812670513,247.18380625891305,43.03934949844603,129.9116916232639,264.1795821901352,461.74639398484004,898.877020360553
MY_0p5_5.7500_117.2500,117.25,5.75,1995-12-01,1995,12,371.7802971199108,101.11846598917003,97.78673125065464,86.23712870600848,219.64502121597437,305.88213620351314,43.26688233384575,130.65033652128102,266.0138468937919,466.8721521419682,906.8032286249877
MY_0p5_5.7500_117.7500,117.75,5.75,1995-12-01,1995,12,374.9055422828311,101.69389231848339,98.85988135625854,92.05709915673172,218.90266520865012,310.9597570432113,43.26241092553875,130.6777479952614,266.2463110597342,467.90870011092835,908.0951716275824
MY_0p5_5.7500_118.2500,118.25,5.75,1995-12-01,1995,12,331.521679658845,100.43229538599651,98.13330630832249,88.76687469482422,207.52737182617187,296.29424953884546,43.19341471354167,130.5089993625217,266.0519818793403,467.88869737413194,907.6430875651043
MY_0p5_5.7500_118.7500,118.75,5.75,1995-12-01,1995,12,308.64022240271936,99.58569255241981,97.3316879272461,85.97322845458984,197.81997680664062,283.793212890625,43.14659881591797,130.3883819580078,265.89666748046875,467.84686279296875,907.2785034179688
MY_0p5_6.2500_99.7500,99.75,6.25,1995-12-01,1995,12,135.5616673488243,116.53259845808442,155.54681751339933,28.562887679698857,24.783012789349225,53.34590202154116,40.11334370457849,121.70897585846657,248.850496513899,432.8388416378997,843.511653456577
MY_0p5_6.2500_100.2500,100.25,6.25,1995-12-01,1995,12,171.20437693595886,110.4956475198269,148.85145238759566,30.17988085065569,21.66739409310477,51.84727381492147,38.501565645178964,115.45470904914698,236.13803623744417,413.6841961296237,803.7785021723533
MY_0p5_6.2500_100.7500,100.75,6.25,1995-12-01,1995,12,230.57879302860687,102.40296055267216,137.59813822742595,104.57752419254494,66.22629195106536,170.80381153357072,40.68234814087857,122.63078107797041,249.88294747253184,435.0104450240559,848.2065311859014
MY_0p5_6.2500_101.2500,101.25,6.25,1995-12-01,1995,12,285.1058349609375,96.05540255033054,131.85479161189156,178.73562786395735,94.91180326021636,273.64742854191707,41.79635050846981,126.36201488788313,257.25801767202523,447.21120981069714,872.6276160606973
MY_0p5_6.2500_101.7500,101.75,6.25,1995-12-01,1995,12,476.8871852329799,92.73887830461773,138.2503969464983,300.54078063964846,112.17519117082868,412.7159894670759,42.06793093000139,127.30438363211493,259.8390424455915,454.68511526925215,883.896493094308
MY_0p5_6.2500_102.2500,102.25,6.25,1995-12-01,1995,12,560.3782806396483,92.90182169472298,145.66041564941406,295.75103759765625,118.36964416503906,414.1206970214844,42.25363540649414,127.84898376464844,261.04571533203125,457.7926330566406,888.9409790039062
MY_0p5_6.2500_115.7500,115.75,6.25,1995-12-01,1995,12,368.6018191250888,105.39705328507856,112.45594024658203,58.15665817260742,143.92213439941406,202.07879638671875,42.92625045776367,129.73049926757812,264.5731201171875,465.4156494140625,902.6455078125
MY_0p5_6.2500_116.2500,116.25,6.25,1995-12-01,1995,12,346.1372847975346,101.14605756391556,104.63492160746705,59.33517677878493,159.83812535491808,219.1733067046178,42.91952726389343,129.63519004788168,263.99935442550594,462.7819497532781,899.3360087524951
MY_0p5_6.2500_116.7500,116.75,6.25,1995-12-01,1995,12,349.14871283637154,97.14796246725416,96.23595573788597,85.18648458813864,220.1991357712518,305.38561866396947,43.138444083077566,130.2177537706163,264.8136700342572,463.009225609189,901.1790752108135
MY_0p5_6.2500_117.2500,117.25,6.25,1995-12-01,1995,12,417.91738794720357,99.57051699199373,98.49513823494078,116.22572229778956,271.032972063337,387.2586828807044,42.885711778913226,129.1107698955233,262.6676534985739,460.179205031622,894.8433312794518
MY_0p5_6.2500_117.7500,117.75,6.25,1995-12-01,1995,12,432.0807382265727,100.95158839225769,101.96073645876166,116.02257792154948,273.4586142378244,389.4811833253381,42.7764895701269,128.7046690823739,261.86449749149074,458.85606750131353,892.2017233329907
MY_0p5_6.2500_118.2500,118.25,6.25,1995-12-01,1995,12,415.2513765607561,101.14310509817942,106.17424992152621,116.42531095232283,283.86848013741627,400.29378836495533,43.47372709001814,131.25188936505998,267.0497534615653,467.97076851981024,909.7461308070592
MY_0p5_6.7500_100.2500,100.25,6.75,1995-12-01,1995,12,162.85131746179917,108.64173109391156,154.62163532481475,44.0650728450102,30.944474767236148,75.00954527013442,40.47787063262042,122.57470624587114,250.22333156361302,435.81843118106616,849.0943594539867
MY_0p5_6.7500_100.7500,100.75,6.75,1995-12-01,1995,12,217.08407988371675,101.6828570895725,146.77196078830298,100.0967763264974,50.76563135782878,150.86240613019024,41.19588936699762,124.60892232259114,254.02976311577694,442.5212809244792,862.3558756510417
MY_0p5_6.7500_116.2500,116.25,6.75,1995-12-01,1995,12,372.0785105036593,100.63175742570745,103.11901018096181,131.25412303645436,237.22047275450174,368.47459448837657,43.30607809671542,130.7545233005431,266.1303271782108,466.6787764386434,906.869688452744
MY_0p5_6.7500_116.7500,116.75,6.75,1995-12-01,1995,12,397.2785567346714,99.3423567712307,99.34530618539442,126.93367969377239,243.70041424295178,370.634086277174,41.957576540619016,125.84182341202445,256.06256899626356,448.6956832946054,872.557646378227
MY_0p5_6.7500_117.2500,117.25,6.75,1995-12-01,1995,12,446.6303181444478,98.80392094147511,98.07749760045414,131.824727927689,262.2369881689021,394.06170357223107,40.929938679247826,122.00911648505556,248.15289786009657,434.4024366530696,845.4943820649544
MY_0p5_6.7500_117.7500,117.75,6.75,1995-12-01,1995,12,475.9486016167535,99.680265850491,103.18327975273134,127.80983471870421,278.0584440231323,405.8682699203491,41.46431136131286,123.83467793464659,251.81065893173218,440.6660947799682,857.7757225036621
MY_0p5_7.2500_116.7500,116.75,7.25,1995-12-01,1995,12,461.4382415531188,98.40270554073274,104.94443153713061,141.74611007027002,223.91655379585595,365.66265073029894,41.110139763873555,122.79049609640371,249.6893894361413,436.82070100203805,850.4107252038044
MY_0p5_7.2500_117.2500,117.25,7.25,1995-12-01,1995,12,474.32518596477337,97.53263648780619,106.82255554199219,120.23350781892474,206.24760420949835,326.48110223067437,40.444435842413654,120.41812824450042,244.8617209986636,428.276414088199,834.0007080078125
