grid_id,longitude,latitude,date,year,month,precipitation_mm,PET_mm,actual_evapotranspiration_mm,surface_runoff_mm,subsurface_runoff_mm,total_runoff_mm,soil_moisture_0_10cm_mm,soil_moisture_10_40cm_mm,soil_moisture_40_100cm_mm,soil_moisture_100_200cm_mm,soil_moisture_total_mm
MY_0p5_0.7500_110.2500,110.25,0.75,2008-01-01,2008,1,380.6984445425181,82.90600891113282,103.04790426400993,100.40540607158955,167.7775329589844,268.18291837252104,42.78884001511794,129.1436948336088,262.5771578275241,458.26773728590746,892.7774442232574
MY_0p5_0.7500_110.7500,110.75,0.75,2008-01-01,2008,1,369.99994681222097,83.80682634626116,107.56183253696986,89.3903747013637,139.90074757167272,229.29112265450615,42.74464383806501,129.10464717320033,263.0004189627511,461.06905473981584,895.9187813895089
MY_0p5_0.7500_111.7500,111.75,0.75,2008-01-01,2008,1,347.0944315592448,82.40766083248077,112.34937092614553,33.503539675758006,72.72320265997024,106.22674112471324,42.39573536221943,128.13304646809897,261.3801652211992,458.9534916953435,890.8624519469246
MY_0p5_1.2500_103.2500,103.25,1.25,2008-01-01,2008,1,261.5433788114381,94.52368401092232,113.09136043895377,65.72113752365114,62.293934128501206,128.0150713487105,38.50048099864613,114.57553325999868,234.74480958418417,413.5238945700906,801.3446988192471
MY_0p5_1.2500_103.7500,103.75,1.25,2008-01-01,2008,1,269.82147542712755,96.32169964244065,103.18218594152953,80.8741845621646,75.64751415808225,156.5217020719954,39.760139317188454,119.32056901061421,244.5703399065629,431.56988317989607,835.2209229700774
MY_0p5_1.2500_104.2500,104.25,1.25,2008-01-01,2008,1,249.60216456821988,98.36728559221538,91.87244415283203,97.20027160644531,90.59351348876953,187.79379272460938,41.39698028564453,125.49803161621094,257.37640380859375,455.0150146484375,879.2864379882812
MY_0p5_1.2500_109.7500,109.75,1.25,2008-01-01,2008,1,416.0883450795369,86.02804363204771,104.06613241908063,185.23829292389286,276.64593965461455,461.88423211890535,43.32246284025261,130.73750544168863,265.8706451783697,465.194521984422,905.1251683982023
MY_0p5_1.2500_110.2500,110.25,1.25,2008-01-01,2008,1,398.88301068751514,83.38895911139413,102.8047844728448,133.17494381348598,208.36519496137112,341.54011971609935,42.96133957498323,129.65264939709522,263.5769603832349,460.1107731528264,896.3017469722794
MY_0p5_1.2500_110.7500,110.75,1.25,2008-01-01,2008,1,387.58371155753963,83.88051145038908,107.61366334945434,99.01147365267315,162.11709359789648,261.12856343587237,42.84181334480406,129.39100462898372,263.5630924285404,462.10869237506193,897.9046043759299
MY_0p5_1.2500_111.2500,111.25,1.25,2008-01-01,2008,1,366.87033334555343,83.174743359843,109.14735583223093,60.586330876944565,119.7483474926446,180.33468042928192,42.65528416252746,128.87197427475414,262.6921775744746,460.9941769925932,895.2136232418754
MY_0p5_1.2500_111.7500,111.75,1.25,2008-01-01,2008,1,360.0670316181486,81.84316677517361,111.5092009287032,40.25342923118955,89.49438089037697,129.74781000046502,42.51050694783528,128.4543253580729,261.9313780769469,459.7824435763888,892.6786595904637
MY_0p5_1.2500_112.2500,112.25,1.25,2008-01-01,2008,1,375.0365084730429,80.82557484583201,114.75741251834151,52.37655955280749,99.86321638078252,152.23977459747778,42.57153765683246,128.60789892516158,262.09315064715855,459.6096891606519,892.8822727881109
MY_0p5_1.2500_112.7500,112.75,1.25,2008-01-01,2008,1,391.23943646748864,81.5906745592753,118.48818524678548,78.7872805595398,136.98971366882324,215.77699057261148,42.716999530792236,128.94055048624674,262.25134658813477,458.05876668294275,891.9676475524903
MY_0p5_1.2500_113.2500,113.25,1.25,2008-01-01,2008,1,371.35150119947343,83.53501613451087,122.0550673775051,66.31517005588697,123.57005535623303,189.8852240520975,42.61420082423997,128.63135893448538,261.5798270847486,456.425233260445,889.2506130052649
MY_0p5_1.2500_113.7500,113.75,1.25,2008-01-01,2008,1,336.8278165875059,84.68027218905362,125.57106428435353,57.78765513680198,116.24499199607155,174.03264490763345,42.58552663976496,128.52214842131644,261.2604215217359,455.5415695652817,887.909658720999
MY_0p5_1.2500_114.2500,114.25,1.25,2008-01-01,2008,1,288.3494810931451,84.52678835708484,127.74492118632898,50.292715292061324,109.3744213813174,159.66713883391523,42.54687172543686,128.39025737121042,260.93125577943516,454.7539999632709,886.6223776488179
MY_0p5_1.2500_114.7500,114.75,1.25,2008-01-01,2008,1,253.9918439311366,83.80400134671119,122.49755268712198,35.366494332590406,109.59735525808027,144.96385340536793,42.42669173209898,128.01300688712828,260.0628711331275,452.47888085149947,882.981457125756
MY_0p5_1.7500_102.7500,102.75,1.75,2008-01-01,2008,1,259.5458092452413,92.14761032188797,126.1699457168579,44.499431252479546,60.283110618591316,104.78254461288454,40.871273159980774,122.895849943161,251.48100852966311,443.47675800323486,858.72487449646
MY_0p5_1.7500_103.2500,103.25,1.75,2008-01-01,2008,1,285.3473753468871,92.22658285487113,126.41794364929201,87.19149402618409,86.84572711944581,174.0372211456299,40.77325437545777,122.55314651489257,250.72808868408208,441.5771694946289,855.6316345214844
MY_0p5_1.7500_103.7500,103.75,1.75,2008-01-01,2008,1,283.77331359476983,94.57885500750963,116.118428483794,100.31612526615963,84.23917973192432,184.5553072193001,40.67494718334343,122.48630180841758,250.88023926940144,442.30526434017133,856.3467455513869
MY_0p5_1.7500_104.2500,104.25,1.75,2008-01-01,2008,1,261.5125688552856,96.97535676956177,110.84306376849035,108.44500933506691,86.49394551358482,194.93895940263144,41.666082160417425,126.29866051489067,258.8641910996548,456.92132899557896,883.7502673245215
MY_0p5_1.7500_109.7500,109.75,1.75,2008-01-01,2008,1,409.68592958672104,86.27164135422817,103.99760437011719,190.51953125,282.5762634277344,473.0957946777344,43.346553802490234,130.80923461914062,266.01483154296875,465.47027587890625,905.6409301757812
MY_0p5_1.7500_110.2500,110.25,1.75,2008-01-01,2008,1,422.4424599636806,84.59410588428229,102.82329698042437,187.0444485261479,277.3227907884567,464.36722536138035,43.27161719582298,130.57463824430252,265.43346596784136,463.75289916992193,903.0326609892004
MY_0p5_1.7500_110.7500,110.75,1.75,2008-01-01,2008,1,420.1375038840554,84.23762061379172,107.7837448120117,114.91624374389647,208.53389663696288,323.4501274108887,43.0589952468872,130.0336570739746,264.8496826171875,464.6157287597656,902.5580291748047
MY_0p5_1.7500_111.2500,111.25,1.75,2008-01-01,2008,1,416.45803629557287,83.17951277475507,108.84761604486509,80.13402738349382,161.36770381483922,241.5017292111419,42.906586509527166,129.61023658929867,264.16122479106104,463.9747511752816,900.652800236192
MY_0p5_1.7500_111.7500,111.75,1.75,2008-01-01,2008,1,410.66939399815806,80.92718416527855,107.62535660176336,67.88772928262057,170.895734666269,238.78346020662326,42.959416860266565,129.73045629187473,264.2255173695238,463.5285219602946,900.4439009654368
MY_0p5_1.7500_112.2500,112.25,1.75,2008-01-01,2008,1,410.18655831473217,80.3247809273856,110.79149896530878,71.68489285423642,158.08158026801215,229.76647334023127,42.85843831622412,129.401323687841,263.3784846230159,461.07494148375497,896.7131913442461
MY_0p5_1.7500_112.7500,112.75,1.75,2008-01-01,2008,1,399.1296686081659,81.84192051963201,115.97953873891677,76.01795663984994,145.70759127177888,221.72554723346042,42.805080510699554,129.2363526359437,263.02139727880086,460.29456767733126,895.3573893229167
MY_0p5_1.7500_113.2500,113.25,1.75,2008-01-01,2008,1,376.9506055075024,84.00163276309058,120.45764206174817,66.46029264662,128.93913382878378,195.39942505851621,42.6953128633045,128.915816679455,262.38846377418156,458.9817102825831,892.981284877232
MY_0p5_1.7500_113.7500,113.75,1.75,2008-01-01,2008,1,337.7359483506944,85.42215614924355,123.6462430681501,60.634508647615945,118.93104320707774,179.56554846385168,42.60262311905149,128.59474598718066,261.4980646042597,456.2893594408792,888.9847822885664
MY_0p5_1.7500_114.2500,114.25,1.75,2008-01-01,2008,1,285.03661189003594,85.58275635734437,125.90568707178507,54.22261678302099,111.98186904665023,166.20448705279637,42.571914999825616,128.49719010610428,261.2665045844184,455.74481695265996,888.0804292224702
MY_0p5_1.7500_114.7500,114.75,1.75,2008-01-01,2008,1,262.3277670114152,85.80253039740528,121.53680985208621,47.28874038538167,108.90764946023418,156.19639120941955,42.45295725214667,128.17726095723367,260.6916046933189,454.49059520978386,885.8123959556144
MY_0p5_2.2500_101.7500,101.75,2.25,2008-01-01,2008,1,187.7972905322759,87.57468098341816,130.79145319774898,9.81277120956267,28.648265915687634,38.4610384931468,41.43404931733103,125.2685892124369,256.7109008172546,453.4010176225142,876.814576428346
MY_0p5_2.2500_102.2500,102.25,2.25,2008-01-01,2008,1,244.93522257097598,87.43073842171847,126.88277986517363,21.650933810968716,40.54556700601532,62.19650075082003,41.20721276753257,124.38764661579042,254.461543617066,447.52321920440517,867.5796219675165
MY_0p5_2.2500_102.7500,102.75,2.25,2008-01-01,2008,1,283.5641402715369,88.5804520860503,130.25229301935508,61.52671145185639,66.79859335211259,128.32530475568166,41.588848403737515,125.48986019665684,256.7350203115729,452.64265219772915,876.456384200084
MY_0p5_2.2500_103.2500,103.25,2.25,2008-01-01,2008,1,321.41606183733256,88.27537941100105,133.05955253479974,121.90628577338323,100.19365580725291,222.09994158063614,41.96094412425207,126.78859044635104,259.14022071475074,455.6056232755146,883.4953729538689
MY_0p5_2.2500_103.7500,103.75,2.25,2008-01-01,2008,1,315.6758598715572,91.68100849733513,135.4721317614539,143.4061153088586,87.30212906659658,230.70824362544687,41.642171439477956,125.84176656432071,257.47524693375925,452.7695365259203,877.7287192134532
MY_0p5_2.2500_104.2500,104.25,2.25,2008-01-01,2008,1,286.31436554203196,94.05130476292555,140.64096977296938,145.8768218489718,68.17488344050636,214.05170346094562,41.994353428359865,127.3036322475465,260.7792449194538,459.31306041370743,889.3902855234699
MY_0p5_2.2500_104.7500,104.75,2.25,2008-01-01,2008,1,235.01943969726562,94.99578857421875,,,,,,,,,
MY_0p5_2.2500_109.7500,109.75,2.25,2008-01-01,2008,1,369.62430301789317,86.77802473498929,,,,,,,,,
MY_0p5_2.2500_111.2500,111.25,2.25,2008-01-01,2008,1,460.76511490345,83.16171759366989,102.84459596521712,131.01550203211167,251.58196864408603,382.5974632711971,43.270750606761254,130.63850694544175,265.9495445700252,466.45192718505854,906.3107254925895
MY_0p5_2.2500_111.7500,111.75,2.25,2008-01-01,2008,1,466.6879963223896,82.05049532935733,103.67769099644254,124.58069145565942,247.03657250782797,371.6172576419891,43.270845637245785,130.63907940576948,265.9535694909474,466.52107146732396,906.3845530676464
MY_0p5_2.2500_112.2500,112.25,2.25,2008-01-01,2008,1,449.31537165566095,81.4912841312469,105.81500311957464,105.89819943867033,213.87082412961928,319.76901971726187,43.173559860956104,130.3649148123605,265.45177747938374,465.77700088743177,904.7672467912947
MY_0p5_2.2500_112.7500,112.75,2.25,2008-01-01,2008,1,420.61476682632684,82.34036097450861,109.80161207895428,86.96285477895586,164.89876646011592,251.8616173153832,42.96901259649368,129.78800237746466,264.43187304299977,464.2500646197607,901.438953218006
MY_0p5_2.2500_113.2500,113.25,2.25,2008-01-01,2008,1,380.07446976919033,84.66125776502824,116.58986956883994,68.48032439701143,138.83665529281376,207.31697581457715,42.783520774235804,129.24182889423673,263.35057150220115,462.04914492652534,897.4250552222844
MY_0p5_2.2500_113.7500,113.75,2.25,2008-01-01,2008,1,335.47384672527073,86.01867463317099,120.26768471923057,60.59612239161625,123.84873597833177,184.44485594351082,42.576773353769816,128.55145925207984,261.52497883084453,456.5965777047073,889.2497931371761
MY_0p5_2.2500_114.2500,114.25,2.25,2008-01-01,2008,1,287.6461929563492,86.64281308613127,123.09935561891588,58.312897007049074,123.96173255557105,182.2746340797061,42.590575639028394,128.5923914349268,261.5771413651724,456.53957054501484,889.2996990869916
MY_0p5_2.2500_114.7500,114.75,2.25,2008-01-01,2008,1,272.4594122117566,86.46367950439453,121.45463758899321,56.3983968550159,117.90707761703,174.30547145720453,42.507683673981695,128.39035974317983,261.31792307207667,456.28661233225193,888.5025489068802
MY_0p5_2.2500_115.2500,115.25,2.25,2008-01-01,2008,1,300.6482849121094,85.28349304199219,120.94849395751953,79.71063995361328,139.82928466796875,219.53993225097656,42.49535369873047,128.4248809814453,261.6805419921875,457.6761474609375,890.2769165039062
MY_0p5_2.7500_101.2500,101.25,2.75,2008-01-01,2008,1,187.59532165527344,86.25992584228516,129.3477020263672,30.67013931274414,73.57759094238281,104.24773406982422,42.35390853881836,128.2034149169922,262.37103271484375,463.9530029296875,896.88134765625
MY_0p5_2.7500_101.7500,101.75,2.75,2008-01-01,2008,1,201.6355269411777,84.66916312477805,116.71377521861682,21.78363109241832,57.95923965454101,79.74287390969015,41.73422990278763,126.30836786443535,258.21473444158374,454.1028361372514,880.3601828835226
MY_0p5_2.7500_102.2500,102.25,2.75,2008-01-01,2008,1,252.21428422867112,83.54817423243432,129.20720796524336,28.20646688133288,38.901546174553545,67.10801469596328,41.6611719678162,126.0648765078016,257.36901563899534,450.07516168485023,875.1702295777144
MY_0p5_2.7500_102.7500,102.75,2.75,2008-01-01,2008,1,298.62201343005216,85.70962797237347,133.06853866577148,80.33586639694019,58.591999512684495,138.92786484730394,42.14277921749066,127.60618779629093,261.1059723866137,460.12243246730367,890.9773835773708
MY_0p5_2.7500_103.2500,103.25,2.75,2008-01-01,2008,1,334.69002032431825,88.03334818068582,131.47819689125012,138.2295974439876,78.39553871883709,216.62513975884502,41.2106550423203,124.19399958810988,253.92494114189392,446.1995700909074,865.5291827742462
MY_0p5_2.7500_103.7500,103.75,2.75,2008-01-01,2008,1,334.9641115934952,91.81262100883153,131.20161641907583,154.67969347694503,67.39639531851914,222.07609452629967,40.29016725039153,120.94637502503285,247.43444261682748,434.84769126786614,843.5186764765447
MY_0p5_2.7500_104.2500,104.25,2.75,2008-01-01,2008,1,291.55702052396884,93.28948402404787,142.49490356445312,168.44923400878906,54.870426177978516,223.3196563720703,41.918094635009766,127.10749053955078,260.4664001464844,458.8448181152344,888.3367919921875
MY_0p5_2.7500_111.2500,111.25,2.75,2008-01-01,2008,1,499.33121800915944,83.99017823317956,104.43957923440372,177.06832481833067,252.58999723546643,429.65831262925093,43.272610271678246,130.66571762982537,266.07917247099033,466.90779652315024,906.9253001493565
MY_0p5_2.7500_111.7500,111.75,2.75,2008-01-01,2008,1,498.94214667648566,83.74545782120502,103.36003698151687,167.05694455113903,244.56091749257052,411.61785888671875,43.26554816344688,130.64746396294956,266.0572655776451,466.9892876723717,906.9595581580853
MY_0p5_2.7500_112.2500,112.25,2.75,2008-01-01,2008,1,472.33196847650066,84.0559867424301,102.59753888448078,138.75478640238444,213.01788675944007,351.7726684570312,43.17810194651286,130.4135321553548,265.7116290283203,466.84878153483066,906.1520347086589
MY_0p5_2.7500_112.7500,112.75,2.75,2008-01-01,2008,1,436.8112080248096,84.874873921841,106.1498066865945,115.06606022315688,191.9185697821122,306.984623389908,43.08556025541281,130.1476187887071,265.2125109901911,465.96399765980397,904.4096718317345
MY_0p5_2.7500_113.2500,113.25,2.75,2008-01-01,2008,1,397.4391910613529,86.33456677633617,115.12523377433654,95.88732142372737,178.7026948474702,274.5900132921007,42.99706908937485,129.88224467928447,264.65813123914927,464.7387678842695,902.2761972578744
MY_0p5_2.7500_113.7500,113.75,2.75,2008-01-01,2008,1,352.57502940961507,87.78834101197067,121.21375709582286,74.86962479998351,153.69640155962318,228.56602895943223,42.805656348064446,129.27753657444265,263.22172886550806,460.9093972953262,896.2143237848949
MY_0p5_2.7500_114.2500,114.25,2.75,2008-01-01,2008,1,303.4116260190553,87.57667712923846,124.38523459132713,66.94964406460147,151.72174144696586,218.67138613930234,42.766980086700826,129.12597747995883,262.70962321607374,459.01912496059754,893.621727472619
MY_0p5_2.7500_114.7500,114.75,2.75,2008-01-01,2008,1,285.1990453635052,88.84141168776593,125.43516640146827,64.99754403958654,141.64287275569453,206.64041001629676,42.7039768437671,128.97721478893496,262.59749297123807,459.42021470768435,893.6988931643734
MY_0p5_2.7500_115.2500,115.25,2.75,2008-01-01,2008,1,296.89856561884153,86.23943686270499,118.3674536352759,64.55354010092245,132.70534735327368,197.25889216242606,42.319345525793125,127.90757559011647,260.54775341137037,454.6498184891434,885.4244764173352
MY_0p5_3.2500_101.2500,101.25,3.25,2008-01-01,2008,1,206.0556844075521,87.51565860495957,139.07608810009197,27.437982974813146,74.01532113041858,101.45330397906471,42.442131354187254,128.42418738932926,262.6563723078034,463.9054813607657,897.4281924949082
MY_0p5_3.2500_101.7500,101.75,3.25,2008-01-01,2008,1,234.09650124603846,81.03136755098963,118.49199606051111,30.334139526270008,69.82904910433825,100.16318702697755,41.68263306587365,126.06929419450702,257.0834547881108,448.74720229616594,873.5825794001295
MY_0p5_3.2500_102.2500,102.25,3.25,2008-01-01,2008,1,259.16632981073286,82.83212084089006,130.5108060806517,40.56928357321119,29.93930895971873,70.50859144907147,41.71570152403816,126.28137698703343,258.04145682198657,452.1175854879712,878.1561352926587
MY_0p5_3.2500_102.7500,102.75,3.25,2008-01-01,2008,1,288.2858629830276,85.44284299053723,134.72125809102118,73.0833732629124,34.70847381519365,107.79184882248502,41.775591669203365,126.5516526910323,259.00654708282855,455.35340958607344,882.6871961762632
MY_0p5_3.2500_103.2500,103.25,3.25,2008-01-01,2008,1,322.08259169985496,89.02697328946489,130.9370807560725,113.58987799529535,43.14569073158289,156.73556975821333,40.064515402728645,120.29193363748855,246.2329719866526,432.73716740810136,839.3265836137903
MY_0p5_3.2500_112.2500,112.25,3.25,2008-01-01,2008,1,475.8343553331163,85.50723741319445,101.71160617404516,145.32242685953779,206.0527825249566,351.3752061631945,43.14659635755751,130.34182637532552,265.6689127604167,467.09027438693585,906.2476060655383
MY_0p5_3.2500_112.7500,112.75,3.25,2008-01-01,2008,1,441.85817644673006,87.55063715288716,109.54065479216028,120.8123194585081,203.09189955914607,323.90421432745256,43.12682001707984,130.26745580454343,265.45524121894215,466.4613674976786,905.3108625568327
MY_0p5_3.2500_113.2500,113.25,3.25,2008-01-01,2008,1,424.33901162972126,89.95544433593751,119.87038632595178,100.88667629704331,198.17138903068772,299.05806847774625,43.09684074286258,130.17373113921195,265.2473146843188,465.9696034518155,904.4874859434185
MY_0p5_3.2500_113.7500,113.75,3.25,2008-01-01,2008,1,386.91283976236974,90.83128916422525,122.00776158892918,84.9330824836852,187.68713151235426,272.62021707201757,43.04572709098695,130.00718286907863,264.8335094633556,464.84115397135406,902.7275528196303
MY_0p5_3.2500_114.2500,114.25,3.25,2008-01-01,2008,1,330.4008955256954,90.41463759598457,123.14759272678641,78.46746495726761,173.20764889079294,251.67510787089157,42.938487860807186,129.6386312010941,263.8018219577279,461.55850938930627,897.9374440187102
MY_0p5_3.2500_114.7500,114.75,3.25,2008-01-01,2008,1,296.7457177228989,92.5281318615956,127.47383399526025,73.03292809018664,148.82547074822108,221.85839644511043,42.80539519923508,129.27941005245137,263.2632666909771,461.1445239607696,896.492603860843
MY_0p5_3.2500_115.2500,115.25,3.25,2008-01-01,2008,1,289.242135156559,89.1355493762825,116.42268431941163,56.467650546303275,134.49288725551168,190.96054110949552,42.28241120109075,127.80395126342773,260.3181579203545,453.93542306634436,884.339930860302
MY_0p5_3.2500_115.7500,115.75,3.25,2008-01-01,2008,1,292.071442679073,85.14436126023196,110.5512652450733,77.54464481653793,152.67077653863456,230.2154213551725,42.545579417368,128.60310312335412,262.1248511839449,458.6326359095198,891.9061485033358
MY_0p5_3.7500_100.7500,100.75,3.75,2008-01-01,2008,1,198.3512420654297,93.4335708618164,143.5505828857422,17.892040252685547,62.58790588378906,80.47994995117188,42.53986358642578,128.6864776611328,263.12823486328125,464.9853210449219,899.3399047851562
MY_0p5_3.7500_101.2500,101.25,3.75,2008-01-01,2008,1,215.49131090651713,87.81723271835969,145.93529053722,25.15953080013732,69.81458521969496,94.97411329152129,42.30983405745917,127.93948482772677,261.17520250240193,458.9093016590502,890.3338435398335
MY_0p5_3.7500_101.7500,101.75,3.75,2008-01-01,2008,1,238.31493372075695,78.62529302706385,131.6243481241214,35.77168472557311,63.53215721762106,99.30384425752483,41.724051858209506,126.14886885236025,256.9943237790637,447.2885902550571,872.1558215876296
MY_0p5_3.7500_102.2500,102.25,3.75,2008-01-01,2008,1,256.31225556873136,79.63297373453776,131.93387877449155,41.87421298556857,34.10144070822095,75.97565571618459,41.467198241703095,125.508571636866,256.19713851686504,446.94817408001614,870.1210875496031
MY_0p5_3.7500_102.7500,102.75,3.75,2008-01-01,2008,1,279.2512513175844,84.64554101853143,135.7516878158327,67.6639410836356,32.0337781270345,99.69771965874565,41.510336860777834,125.78324013361855,257.3695782373822,451.08513813321554,875.7482983785961
MY_0p5_3.7500_103.2500,103.25,3.75,2008-01-01,2008,1,304.32356596562965,88.13990865760591,136.5209087297028,100.85326729568781,38.00788587682388,138.8611540551279,41.02966498580633,124.05875525381052,253.93607177734376,445.2377965590533,864.2622879327512
MY_0p5_3.7500_113.2500,113.25,3.75,2008-01-01,2008,1,438.1286702156067,93.81035065650941,121.1109073826524,82.74192072133549,181.02024391049244,263.7621655073322,43.02013966294586,129.97237158603357,264.97597466140496,465.85715822313654,903.8256485735785
MY_0p5_3.7500_113.7500,113.75,3.75,2008-01-01,2008,1,396.79347336894335,95.37963118780226,117.53453105938858,74.26348973246455,163.28885574093914,237.5523504855949,42.94411391965008,129.75901354940964,264.62038720387085,465.41595646632913,902.739453164505
MY_0p5_3.7500_114.2500,114.25,3.75,2008-01-01,2008,1,335.28032377678477,95.26995791480654,118.23958510141524,88.07192700098432,156.95593571738593,245.02786778041295,42.937564728752015,129.72208668542288,264.47479005843877,464.9610682896206,902.0955060686383
MY_0p5_3.7500_114.7500,114.75,3.75,2008-01-01,2008,1,294.6480528816345,95.9196780492389,122.72569098094152,92.09290583777049,125.27942650204614,217.37232690235925,42.769344935341486,129.25450749472964,263.64157908606154,463.57441038101445,899.2398270864335
MY_0p5_3.7500_115.2500,115.25,3.75,2008-01-01,2008,1,268.14121306888643,90.43066200377449,113.06832563612195,58.284716736324256,137.35573609367248,195.64044804648745,42.31130941481817,127.88761742001489,260.5382107204861,454.6094503735739,885.3465833875867
MY_0p5_3.7500_115.7500,115.75,3.75,2008-01-01,2008,1,266.8905815289175,85.10739130253414,109.49701070442474,75.25126527196211,151.71377376858277,226.9650390405449,42.465602819868124,128.33789940703687,261.44555532331947,456.5996434053929,888.8486767226843
MY_0p5_4.2500_100.7500,100.75,4.25,2008-01-01,2008,1,217.0320442199707,96.08168606495295,147.0921418481944,27.148763983590268,64.69793159329161,91.84669416777942,42.502948589714215,128.54019140126755,262.65443775410563,463.5170174734933,897.2146160514989
MY_0p5_4.2500_101.2500,101.25,4.25,2008-01-01,2008,1,202.59815925775573,84.9944500771298,140.5376909098048,22.67919075109397,48.573874892702534,71.25306521859139,41.62241632012046,125.67840471692907,255.35094719176084,442.6753376760301,865.3271338590391
MY_0p5_4.2500_101.7500,101.75,4.25,2008-01-01,2008,1,211.2808444622866,80.96238264869959,138.91664767036804,29.608732936481314,20.977367395029283,50.586099118851244,41.264628791199705,124.76297326133654,254.10259770890013,441.3462171463159,861.4764113746132
MY_0p5_4.2500_102.2500,102.25,4.25,2008-01-01,2008,1,245.74363016244325,84.29147865368536,136.08198459613058,42.73710304479631,20.29077626188723,63.02787897762018,41.20683337324345,124.72019012743672,254.51006295201114,443.1969859942842,863.6340606981954
MY_0p5_4.2500_102.7500,102.75,4.25,2008-01-01,2008,1,272.60971788540013,84.2905315958011,132.24913535148474,62.59177840894955,34.7022993367189,97.2940733113866,40.98011496720041,124.09840266719748,253.2036549756481,439.5742626797623,857.8564511438844
MY_0p5_4.2500_103.2500,103.25,4.25,2008-01-01,2008,1,288.55616742160487,88.82076720659742,136.74831791788029,119.53492970749058,41.57296319622612,161.10788968714274,41.28646167396252,125.13059114994489,256.0338470777983,447.83424893156587,870.2851590146585
MY_0p5_4.2500_113.7500,113.75,4.25,2008-01-01,2008,1,351.3776397705078,100.38224486148721,112.41962569614627,55.415478616390594,119.5007620757481,174.91624493868846,42.67653364505408,129.028159951264,263.43651969477816,463.8612901219782,899.0024938043558
MY_0p5_4.2500_114.2500,114.25,4.25,2008-01-01,2008,1,317.9322781742367,100.55483726000695,111.92069014619217,67.54862411970338,116.73883336483283,184.28745897212085,42.730990258883324,129.20361192622244,263.8620705622964,465.10631852904805,900.902995341533
MY_0p5_4.2500_114.7500,114.75,4.25,2008-01-01,2008,1,282.7699493408204,99.6889571126302,117.16194157918297,96.45888763427736,126.80022623697917,223.2591071573893,42.77089131673178,129.30380635579428,263.9170426432292,464.6468198649089,900.6385559082031
MY_0p5_4.2500_115.2500,115.25,4.25,2008-01-01,2008,1,238.29474332597522,94.61066773202685,113.13884231779312,44.03128116660648,127.93565652105545,171.96692731645373,42.19989807075924,127.57597046428258,259.9808237287733,453.53975190056696,883.2964670393202
MY_0p5_4.2500_115.7500,115.75,4.25,2008-01-01,2008,1,218.21726989746097,87.30107233079815,104.54051911952132,39.18174761109433,124.51946827516718,163.70121229785988,42.18613870911679,127.52000044483252,259.8428211276815,453.29438724841106,882.8433589612024
MY_0p5_4.2500_116.2500,116.25,4.25,2008-01-01,2008,1,219.69963511025034,93.85083459063274,103.75285571958962,67.09901131653206,156.50497189963735,223.60398311149783,42.60277489918035,128.70887844736984,262.1214698233256,458.0848505904035,891.5179666658728
MY_0p5_4.2500_116.7500,116.75,4.25,2008-01-01,2008,1,224.91340178561347,98.3124436395017,99.68199263556157,88.62994519272294,174.9279506440797,263.5578959911545,42.83686173720167,129.42847089822584,263.7508851861678,462.3208127765986,898.3370318991601
MY_0p5_4.2500_117.2500,117.25,4.25,2008-01-01,2008,1,232.7623308569984,102.0396365950593,97.06967990166319,68.09004738056555,135.32624185612772,203.41629662977914,42.7461314243553,129.26218367044905,263.9937366046737,465.0550739659672,901.057145380341
MY_0p5_4.2500_117.7500,117.75,4.25,2008-01-01,2008,1,218.89367819239953,102.6457777756911,91.11563351623013,28.954190898145367,68.98458216740535,97.93877531524397,40.945966720581055,123.00446498903455,251.67340048765521,444.03272945045416,859.6565776075054
MY_0p5_4.2500_118.2500,118.25,4.25,2008-01-01,2008,1,182.0972815619575,102.44897041543884,82.29471617291688,17.68150904224177,35.06871312135345,52.75022125244141,38.01867146097172,112.45434356495078,230.29083096449543,406.0717592664585,786.8356004459844
MY_0p5_4.2500_118.7500,118.75,4.25,2008-01-01,2008,1,156.62919814498335,103.0172585381402,77.58967590332031,22.41892433166504,30.60967445373535,53.02859878540039,36.40425491333008,106.55233764648438,218.26641845703125,384.7869567871094,746.0099487304688
MY_0p5_4.7500_100.2500,100.25,4.75,2008-01-01,2008,1,213.62356736924912,110.0821058485243,,,,,,,,,
MY_0p5_4.7500_100.7500,100.75,4.75,2008-01-01,2008,1,208.50067807550303,99.01144292232766,145.13605170521308,18.082176914060017,24.141641461752297,42.223818150962266,41.403525608341866,124.9676231136167,253.75651358007414,439.5250208164618,859.6526568653137
MY_0p5_4.7500_101.2500,101.25,4.75,2008-01-01,2008,1,176.62224679720603,85.49141758510046,132.6816186329675,17.281866128104074,29.69825517563593,46.98012276301308,40.96021110897972,123.60024990505642,250.39751921154203,429.83156244187137,844.7895197792659
MY_0p5_4.7500_101.7500,101.75,4.75,2008-01-01,2008,1,187.64918498628458,83.9010950966487,140.6943140423487,35.613160784282385,27.239861745682976,62.85302452208504,41.09679497612847,124.28978583926246,253.0765359061105,438.5172811841208,856.9803751627607
MY_0p5_4.7500_102.2500,102.25,4.75,2008-01-01,2008,1,243.51494140625002,86.67313915434337,135.10253731863838,66.07866995675224,50.40630398704892,116.48497619628904,41.345645032610214,125.14408939906531,255.266110374814,443.9297993977865,865.6856642950148
MY_0p5_4.7500_102.7500,102.75,4.75,2008-01-01,2008,1,279.4698499934688,86.25320597363124,131.49471914692288,109.07133551919533,77.26579901822811,186.33713390569017,41.471281148825476,125.67224016614777,256.9316172022728,448.69636360703,872.7714935108353
MY_0p5_4.7500_103.2500,103.25,4.75,2008-01-01,2008,1,289.6189919422023,91.04809721192319,128.25357556782967,153.18774695589974,86.4260424511899,239.6137913214765,40.07355024893786,120.57298664501235,246.72170091467154,431.43082656015775,838.7990483920954
MY_0p5_4.7500_103.7500,103.75,4.75,2008-01-01,2008,1,295.24700124640214,95.14888763427734,118.83504852691254,141.21401601023487,70.4411306009664,211.6551533488484,36.544427252435064,107.52615881585454,220.13990189193132,385.754478950005,749.964962649655
MY_0p5_4.7500_113.7500,113.75,4.75,2008-01-01,2008,1,279.91717529296875,103.349365234375,,,,,,,,,
MY_0p5_4.7500_114.2500,114.25,4.75,2008-01-01,2008,1,279.91717529296875,104.67969158717564,110.04512786865234,59.011932373046875,77.33265686035156,136.34458923339844,42.488525390625,128.5846405029297,263.0238952636719,464.4962463378906,898.5933227539062
MY_0p5_4.7500_114.7500,114.75,4.75,2008-01-01,2008,1,257.6551060830393,107.34318993681222,115.5931805026147,77.93847894155851,110.3799540201823,188.31842713714929,42.62123698572959,128.92179132276965,263.3984588294901,464.15720293598787,899.0986735026042
MY_0p5_4.7500_115.2500,115.25,4.75,2008-01-01,2008,1,214.06634815533954,104.51933705806731,117.4191619157791,43.926007504264504,118.90331790844597,162.82932527860004,42.17937211195627,127.5164795319239,259.85151584943134,453.4460790952047,882.993459701538
MY_0p5_4.7500_115.7500,115.75,4.75,2008-01-01,2008,1,191.81080782451326,96.19635075160434,107.68673459007626,17.64774988568018,89.82187037392268,107.46961938767207,41.88221358041915,126.60702354794455,257.95581413147937,449.40178668309767,875.8468393477182
MY_0p5_4.7500_116.2500,116.25,4.75,2008-01-01,2008,1,183.4426381429036,95.38601163833859,106.9041308690631,26.360473711528467,101.16522752065504,127.52570139567054,42.181905280219176,127.51424667116191,259.96475335983996,454.44855995783723,884.1094846695187
MY_0p5_4.7500_116.7500,116.75,4.75,2008-01-01,2008,1,194.78960375242596,96.70982491215572,100.99631579918197,35.057573825498174,117.30715910996065,152.36472957949096,42.33288658721537,127.96561151818383,260.91191931615907,456.5762331998801,887.7866724714447
MY_0p5_4.7500_117.2500,117.25,4.75,2008-01-01,2008,1,230.21818852500311,97.41028018527561,96.03185904366629,39.84081667945498,120.15897890121217,159.99979136633493,42.36147839985197,128.07083861335875,261.2175854879712,457.45997333829365,889.1098832387771
MY_0p5_4.7500_117.7500,117.75,4.75,2008-01-01,2008,1,228.6869630451444,98.62203221381465,93.41449814808519,34.76496066322809,104.60289032851591,139.3678501708598,42.29869234109226,127.95589521866809,261.29798280740084,458.6344183426869,890.1869759861427
MY_0p5_4.7500_118.2500,118.25,4.75,2008-01-01,2008,1,203.91558462171702,100.30425427307436,93.61909711061412,28.60853616915756,86.173696355005,114.78223081809193,42.24995809583808,127.86039170308331,261.366250656358,459.76727662973076,891.2438630530585
MY_0p5_4.7500_118.7500,118.75,4.75,2008-01-01,2008,1,185.89867797078966,100.56176999249037,96.75252938572365,23.509238689760615,67.55356013623974,91.06279783611056,42.14792734459986,127.64845063414754,261.3479452012461,460.942599912233,892.0869132899031
MY_0p5_5.2500_100.2500,100.25,5.25,2008-01-01,2008,1,181.55765855381253,115.70675465137282,76.3262939453125,4.497535228729248,0.19067196547985077,4.688207149505615,26.656543731689453,71.63998413085938,144.67066955566406,246.01773071289062,488.98492431640625
MY_0p5_5.2500_100.7500,100.75,5.25,2008-01-01,2008,1,170.37917931251278,105.41569103772127,145.03190981108568,17.929216467101003,23.748819529153835,41.67803459057863,40.08336056237933,120.44538528617772,244.04243609548985,419.8566427998159,824.4278108443336
MY_0p5_5.2500_101.2500,101.25,5.25,2008-01-01,2008,1,145.85548618861606,92.36549752856058,138.04324670216394,25.37090893700009,36.28838524591355,61.65929400731646,40.990168774317176,123.77394130646236,251.04641592843188,431.754158625527,847.5646742078991
MY_0p5_5.2500_101.7500,101.75,5.25,2008-01-01,2008,1,173.59299950083349,86.79056043685621,139.9481596734114,56.276802949844665,35.41289522693416,91.68970015701974,40.98179042111537,124.03348084467993,252.82772452967941,438.5058982508957,856.3488794800583
MY_0p5_5.2500_102.2500,102.25,5.25,2008-01-01,2008,1,248.2076132707535,93.35473958398126,135.65008394277777,106.21299916164129,63.53725930232151,169.7502562893424,41.195162669868225,124.72164000978893,255.17656926440583,446.4044670542334,867.4978499685881
MY_0p5_5.2500_102.7500,102.75,5.25,2008-01-01,2008,1,295.68062430018324,91.79452368863826,129.36376805709577,155.65680728201139,107.38443019026415,263.04123292050116,40.502631261793226,122.15948147531282,249.97899713031316,437.0496486857786,849.6907541048728
MY_0p5_5.2500_103.2500,103.25,5.25,2008-01-01,2008,1,305.85247056749137,95.45446341378349,134.371279530711,227.24425635399757,124.39880123386135,351.6430572906098,41.510267604481086,125.87161923693374,257.8154143296279,451.59005757121304,876.7873547046215
MY_0p5_5.2500_115.2500,115.25,5.25,2008-01-01,2008,1,198.9703241163685,109.75003384005642,115.68799916251761,29.092998504638672,71.56259661815206,100.65559612336708,41.92401498263,126.79798789102524,258.65348040471315,452.1573601394404,879.532840916368
MY_0p5_5.2500_115.7500,115.75,5.25,2008-01-01,2008,1,190.10943705581104,106.72270762769482,109.9897006018687,20.48147128476935,64.1265102709754,84.60798298463983,41.749404984813616,126.24078583798162,257.33835795774297,448.7468816207627,874.0754222805217
MY_0p5_5.2500_116.2500,116.25,5.25,2008-01-01,2008,1,179.7353167473515,100.43802507617805,103.71811381472816,24.488466069668153,78.76517281351211,103.25364071809793,41.969405620912966,126.9298509283911,259.0039789706846,453.18315172799026,881.0864126471025
MY_0p5_5.2500_116.7500,116.75,5.25,2008-01-01,2008,1,205.8381944004493,98.73674054689045,100.92240881618065,35.137770278544366,107.95058170753188,143.08835529375682,42.15149176875247,127.44940429397774,259.90443082399,454.37418655202356,883.8795053989071
MY_0p5_5.2500_117.2500,117.25,5.25,2008-01-01,2008,1,276.68788902646014,98.71959364149305,98.7741429162404,59.10821037897989,137.8079136439732,196.91612180679564,42.48639157007611,128.4540004185268,261.9834489126054,458.982270546565,891.9061159164187
MY_0p5_5.2500_117.7500,117.75,5.25,2008-01-01,2008,1,289.4929699125744,97.36593523782396,95.31407434372676,73.3551030476888,143.8482451423766,217.2033456953745,42.65823622204009,128.97772066631015,263.181602938213,462.2510093083457,897.0685758076016
MY_0p5_5.2500_118.2500,118.25,5.25,2008-01-01,2008,1,255.00112087822657,98.02410633548809,94.53865333119776,76.0929799656959,140.64558950047586,216.73856470387454,42.68774934027604,129.10013828156102,263.6416957393573,464.0594003276461,899.488986847507
MY_0p5_5.2500_118.7500,118.75,5.25,2008-01-01,2008,1,206.4787021636963,99.13081732855902,97.93456416659885,42.46704816818237,91.68874316745335,134.1557879977756,42.30622047848172,128.13200187683105,262.3670247395833,463.1446287367079,895.9498748779297
MY_0p5_5.2500_119.2500,119.25,5.25,2008-01-01,2008,1,142.5215565929674,100.11421508789064,99.60508728027344,26.048593521118164,67.8215560913086,93.87014770507812,42.11674118041992,127.64656829833984,261.69903564453125,462.525146484375,893.9874877929688
MY_0p5_5.7500_100.2500,100.25,5.75,2008-01-01,2008,1,133.91311339644696,121.36849590679545,116.23504064717424,4.289413404027256,0.18372726043976778,4.473140585313149,31.18270265071764,91.08761211710238,185.88142073045083,325.36942004282537,633.5211422421517
MY_0p5_5.7500_100.7500,100.75,5.75,2008-01-01,2008,1,132.12720857650515,112.23128778366817,138.65842798868815,20.798968489964803,18.128696005841093,38.92766599019368,38.159107449849444,114.20990371704102,231.76005330403643,399.5180143229167,783.647084757487
MY_0p5_5.7500_101.2500,101.25,5.75,2008-01-01,2008,1,124.43413874108025,100.53694537305458,140.0587765550989,50.49758993734525,36.68783582852582,87.18542603620396,40.74327964482346,123.14668210848112,250.21073306827097,431.3835014283189,845.4842130405698
MY_0p5_5.7500_101.7500,101.75,5.75,2008-01-01,2008,1,162.29527206420903,93.29561684926351,140.18063805898032,111.35310722986858,49.56255410512289,160.9156649271647,41.05459701220195,124.3655611673991,253.9161907196045,441.6555810292562,860.9919542948405
MY_0p5_5.7500_102.2500,102.25,5.75,2008-01-01,2008,1,231.76178609407864,99.5357444958809,135.92643062193386,151.075156471946,47.897906524966466,198.9730696244673,40.36788612905175,121.96772100788975,249.9103431059455,437.7117651737097,849.9577147615478
MY_0p5_5.7500_102.7500,102.75,5.75,2008-01-01,2008,1,292.1860546003069,96.99571753937063,110.90105438232422,175.21331787109375,63.14704895019531,238.36036682128906,35.14421081542969,102.61743927001953,210.0750274658203,367.3980712890625,715.2347412109375
MY_0p5_5.7500_103.2500,103.25,5.75,2008-01-01,2008,1,310.865966796875,99.32432556152344,,,,,,,,,
MY_0p5_5.7500_115.2500,115.25,5.75,2008-01-01,2008,1,190.11442057291666,111.06939748128255,115.06621551513672,27.34280014038086,53.662601470947266,81.00540161132812,42.22418212890625,127.89448547363281,262.0419921875,463.4075622558594,895.5682373046875
MY_0p5_5.7500_115.7500,115.75,5.75,2008-01-01,2008,1,187.5938560626258,107.63996283408324,104.88290361676898,24.787863377162388,62.73113446916853,87.51900133405412,41.798995862688336,126.47104259672619,258.2518638974144,452.1621462867374,878.684079124814
MY_0p5_5.7500_116.2500,116.25,5.75,2008-01-01,2008,1,187.76112346346414,99.8037600562686,97.04011787535651,28.317895265609494,82.66250290643602,110.98040362161302,41.759752800351094,126.25806259881882,257.30289684477304,448.2184945242746,873.5392359173487
MY_0p5_5.7500_116.7500,116.75,5.75,2008-01-01,2008,1,231.6961731441437,95.08578108530196,92.14103199792287,74.02281911940801,149.60142449273005,223.62424045138889,42.35325198703342,127.98201068696522,260.6491424076141,454.6721154591394,885.6565247550843
MY_0p5_5.7500_117.2500,117.25,5.75,2008-01-01,2008,1,325.86807270230554,99.54436993523727,96.6533467626722,165.62460534128857,195.4098795219927,361.03447225191616,42.84853223445664,129.50842010786857,264.08049256718874,463.35437974418375,899.7918323793623
MY_0p5_5.7500_117.7500,117.75,5.75,2008-01-01,2008,1,347.7941356840588,99.92240537613158,99.95487776378657,197.5491003766156,171.52569626161718,369.07478568057894,42.852050602036044,129.59185811497224,264.6321226798448,466.01359209918337,903.0896276691616
MY_0p5_5.7500_118.2500,118.25,5.75,2008-01-01,2008,1,299.4371329294124,98.91694059371947,102.30163258870444,159.65319681803385,156.1504357910156,315.80361911349826,42.77848373413086,129.39858690049914,264.3726794433594,465.9360331217448,902.4857948133681
MY_0p5_5.7500_118.7500,118.75,5.75,2008-01-01,2008,1,232.76387126629172,99.69330574915959,102.67552185058594,134.4779815673828,155.81475830078125,290.292724609375,42.769248962402344,129.36817932128906,264.30718994140625,465.79486083984375,902.239501953125
MY_0p5_6.2500_99.7500,99.75,6.25,2008-01-01,2008,1,57.199702767764826,128.45962524414062,127.57733047840208,0.8120823682740677,0.24168719385945517,1.0537695621335228,33.721843542054636,107.59577232183412,220.70107677370999,376.64741835483284,738.6661263399345
MY_0p5_6.2500_100.2500,100.25,6.25,2008-01-01,2008,1,87.72818066179752,123.74805462360384,135.88217318787866,4.572588953679921,0.756353807692625,5.328942845062333,34.428701361831344,105.06368588817362,215.11067716637433,375.6504314811862,730.2534902144452
MY_0p5_6.2500_100.7500,100.75,6.25,2008-01-01,2008,1,103.01267154060277,116.23233715631788,142.64395453847055,32.69765043442775,21.58910318875405,54.286757137784626,38.6795390802921,117.00550824610885,238.6269268492474,414.61351926354365,808.9254928058639
MY_0p5_6.2500_101.2500,101.25,6.25,2008-01-01,2008,1,106.64160602276142,109.2875731248122,142.5105705848107,54.84590630164514,35.056293722299436,89.90220243013822,40.462739797738884,122.49010643592248,249.70810546875,432.989878493089,845.6508282001201
MY_0p5_6.2500_101.7500,101.75,6.25,2008-01-01,2008,1,163.0548553466797,104.11965070452007,144.20877598353795,101.15716356549943,40.7509657723563,141.9081307547433,41.10497109549386,124.62525438581194,255.02572806222096,446.02876586914056,866.7847045898437
MY_0p5_6.2500_102.2500,102.25,6.25,2008-01-01,2008,1,201.96888764699298,104.82498657412644,143.5503387451172,118.29954528808594,38.840110778808594,157.13966369628906,41.203643798828125,125.03340911865234,256.296630859375,449.7022399902344,872.2359008789062
MY_0p5_6.2500_115.7500,115.75,6.25,2008-01-01,2008,1,192.6873227899725,107.33274615894668,111.22315979003906,33.355079650878906,77.29515838623047,110.6502456665039,42.005558013916016,127.15774536132812,259.9186096191406,456.1539611816406,885.2359008789062
MY_0p5_6.2500_116.2500,116.25,6.25,2008-01-01,2008,1,212.3346989280299,102.87099523711622,104.44996925387612,50.206712546327566,104.44820121731527,154.6549209056972,42.17189847635277,127.56778797704217,260.3666851026896,455.8767874965583,885.983157523403
MY_0p5_6.2500_116.7500,116.75,6.25,2008-01-01,2008,1,275.0974384610615,98.50566093808129,97.13814009409103,107.36254342699809,154.01732061476935,261.37986668178013,42.503097558399986,128.48248848082525,261.9223549494667,458.2735941569011,891.1815156482514
MY_0p5_6.2500_117.2500,117.25,6.25,2008-01-01,2008,1,376.9196814158606,100.72508472260974,102.2199208093068,209.29376196482826,169.6289792015439,378.92274005223834,42.15741894434369,127.14335409497458,259.57403564453125,456.1071165054564,884.9819318498884
MY_0p5_6.2500_117.7500,117.75,6.25,2008-01-01,2008,1,405.31800635655725,101.84453201293947,108.1653564185427,276.63797728778326,159.5042192782575,436.14219745836766,42.03454705846241,126.74674256084957,259.0266953853139,456.15117212485154,883.9591557017544
MY_0p5_6.2500_118.2500,118.25,6.25,2008-01-01,2008,1,389.0890154157366,101.73085703168597,112.30384254455568,319.45369938441684,153.41499383108956,472.8686959402902,42.676325934273855,129.17274911063058,264.1354064941406,465.7139238630022,901.6983751569475
MY_0p5_6.7500_100.2500,100.25,6.75,2008-01-01,2008,1,68.42478687622967,122.79920241411995,138.80351167566636,4.945275450454038,1.3454598745002466,6.29073559054557,35.79794827629538,111.0670518314137,227.39668094410615,392.9852003209731,767.2468854118796
MY_0p5_6.7500_100.7500,100.75,6.75,2008-01-01,2008,1,81.50028172245734,116.14296581127027,143.83419969346787,33.95716126759847,17.840951985783047,51.79811452936244,38.474847722936566,117.31078932020401,239.97155535662617,417.5199630172164,813.2771674262153
MY_0p5_6.7500_116.2500,116.25,6.75,2008-01-01,2008,1,253.1691741943359,104.20106461990711,107.11268429639865,81.70493186392436,113.72159855540207,195.42653041932644,42.451468304889964,128.45683176924544,262.55416795684073,462.21156794850424,895.6740171851183
MY_0p5_6.7500_116.7500,116.75,6.75,2008-01-01,2008,1,293.4615431017449,103.28700631856918,104.39474722519223,106.54480481053531,121.98225746607123,228.52706402563766,41.12235260009766,123.60092301802202,252.59221808995187,444.41308183632356,861.7285684578034
MY_0p5_6.7500_117.2500,117.25,6.75,2008-01-01,2008,1,370.1750562618941,102.67291677100026,105.56339206526765,165.0711467371578,128.98235631622043,294.0535051463979,40.06395331526225,119.69974332151159,244.68917428075738,430.61764310313544,835.0705339549917
MY_0p5_6.7500_117.7500,117.75,6.75,2008-01-01,2008,1,438.40239800347223,102.68251461452908,112.613933801651,248.8397650718689,138.49032878875732,387.330096244812,40.56652688980102,121.46353840827942,248.4028024673462,437.49974060058594,847.9326419830321
MY_0p5_7.2500_116.7500,116.75,7.25,2008-01-01,2008,1,277.415239228977,104.59599061996217,112.16489974312161,79.89435570758323,81.28800480054772,161.1823592476223,40.14561674698539,120.3234288091245,246.45608560313352,435.0230152959409,841.9481519616168
MY_0p5_7.2500_117.2500,117.25,7.25,2008-01-01,2008,1,292.8550879676063,104.44322108363245,113.76307790655837,84.26362344842208,79.40926063939143,163.67288304379113,39.502132576390316,118.04194319875617,241.87150172183385,426.92372661389805,826.3393053556744
MY_0p5_0.7500_110.2500,110.25,0.75,2008-02-01,2008,2,264.36950613168574,70.5979221050556,104.01424807035008,97.77996638371394,180.77518474872298,278.5551440899189,43.09447326660157,130.14190885103667,264.98222327599166,464.5526428222656,902.7712336613582
MY_0p5_0.7500_110.7500,110.75,0.75,2008-02-01,2008,2,292.8698316301618,70.53521597726004,108.4712400163923,58.74448525565011,140.3746428353446,199.1191212245396,43.002161516462046,129.9295098440988,264.98510524204795,466.5698464529855,904.4866298130579
MY_0p5_0.7500_111.7500,111.75,0.75,2008-02-01,2008,2,309.4616951109871,69.21448347303601,114.08515833294581,55.191285511804,125.07279713948567,180.2640850733197,42.916902390737384,129.65672665550593,264.34847828698537,465.0035511804005,901.9256562732515
MY_0p5_1.2500_103.2500,103.25,1.25,2008-02-01,2008,2,221.72722588696527,107.16171109097677,123.27867213162509,26.64365573362871,13.2773185914213,39.920975164933644,38.1536079753529,113.3766808943315,231.3693199157715,403.9332663796165,786.8328482887962
MY_0p5_1.2500_103.7500,103.75,1.25,2008-02-01,2008,2,234.73847842910916,105.66473092384709,113.99939394460142,30.189242001876096,29.22434330218047,59.413587514636596,39.52125134514373,118.41979350858522,241.7938153905776,423.4828823052564,823.2177135874924
MY_0p5_1.2500_104.2500,104.25,1.25,2008-02-01,2008,2,247.7514676775251,104.91813201904297,103.58184051513672,34.033477783203125,47.7379035949707,81.7713851928711,41.274940490722656,124.90206146240234,255.14059448242188,448.18280029296875,869.5003662109375
MY_0p5_1.2500_109.7500,109.75,1.25,2008-02-01,2008,2,224.75759538397736,71.88058306222939,106.6771726493376,97.56698203948608,190.18828941253295,287.7552786218115,43.151689782200094,130.3686017875212,265.7652683487858,467.4315306881824,906.7170917556947
MY_0p5_1.2500_110.2500,110.25,1.25,2008-02-01,2008,2,267.1450094569144,69.89605780642006,105.16939370880718,108.99039226517255,198.41545923888455,307.4058445521764,43.17701180653222,130.38124502763785,265.436853475092,465.4092332994617,904.4043388219416
MY_0p5_1.2500_110.7500,110.75,1.25,2008-02-01,2008,2,294.908548312717,69.59818631126767,109.54869370233443,61.25241622924803,146.86316603403242,208.11557975647938,43.03731571984669,130.03087531195743,265.17642182849704,466.9302018422929,905.1748130192831
MY_0p5_1.2500_111.2500,111.25,1.25,2008-02-01,2008,2,297.62735628853216,69.0888135136126,110.44911713036487,62.05616733441338,126.76181666462567,188.81798516904206,42.951251179265526,129.77133963587949,264.6605612660369,465.98558351559393,903.3687332689572
MY_0p5_1.2500_111.7500,111.75,1.25,2008-02-01,2008,2,314.17292470780626,68.24584234328496,113.06362733386811,57.17477725801013,129.94107758052766,187.11585732111854,42.92765929206969,129.67963106670075,264.34669179765007,464.796376061818,901.7503497411334
MY_0p5_1.2500_112.2500,112.25,1.25,2008-02-01,2008,2,347.3786580816743,66.97133299541957,114.81217143257257,65.80832009872204,150.44376094450197,216.2520834056254,42.99250119591727,129.84641114830364,264.524369293058,464.4830367189978,901.8463001541679
MY_0p5_1.2500_112.7500,112.75,1.25,2008-02-01,2008,2,395.79485384623206,66.01577599843343,116.104527314504,86.05350287755331,188.3146899541219,274.3681812286377,43.14687395095825,130.23366610209146,264.8929169972738,463.61843999226886,901.8918978373208
MY_0p5_1.2500_113.2500,113.25,1.25,2008-02-01,2008,2,404.40586760147755,68.52319342571755,120.10793762207031,81.17211476201595,173.7335150677225,254.90561709196672,43.11508195296578,130.12746383003565,264.60888433041777,462.8222972040591,900.6737378991168
MY_0p5_1.2500_113.7500,113.75,1.25,2008-02-01,2008,2,395.50168054754084,70.87728454127455,121.69313598401617,73.87831869992343,159.59061894272313,233.46893611098778,43.05717826612068,129.94486525564483,264.1656392415364,461.6086876609108,898.7763597892992
MY_0p5_1.2500_114.2500,114.25,1.25,2008-02-01,2008,2,378.85839735723175,71.57398912547964,119.16643524169922,71.18914744284301,149.14719937754944,220.33634854206997,43.02174056736769,129.84964394358408,264.0179532481506,461.44288027603017,898.3322429825774
MY_0p5_1.2500_114.7500,114.75,1.25,2008-02-01,2008,2,354.91569469821076,71.99033946375692,111.33669650170111,70.85104468560988,148.26089280651462,219.1119374921245,42.99763562602382,129.73168305427797,263.51507568359375,459.40115848664317,895.6455530966482
MY_0p5_1.7500_102.7500,102.75,1.75,2008-02-01,2008,2,215.86337432018306,107.40784294170571,132.6338810920715,30.533381581306454,24.848598957061768,55.381980538368225,40.289268016815186,121.0073401927948,246.82709646224976,431.3526601791382,839.4763565063475
MY_0p5_1.7500_103.2500,103.25,1.75,2008-02-01,2008,2,228.55233752865593,105.56725387867816,136.60083831787108,39.175809402465816,32.48099382400513,71.65680450439453,40.22786283493042,120.78732135772707,246.42122146606445,430.663953857422,838.1003598022462
MY_0p5_1.7500_103.7500,103.75,1.75,2008-02-01,2008,2,239.4205188026911,104.42587956295738,129.66443180132515,42.299318868902674,35.51172700712952,77.81104730050775,40.39443740361853,121.47742628749413,248.03623537474041,434.53947439073005,844.4475584392305
MY_0p5_1.7500_104.2500,104.25,1.75,2008-02-01,2008,2,245.9117709159851,104.27566404342649,126.67339916377105,47.09135401526163,44.26064889005912,91.35200364460317,41.53824520850366,125.7073526899944,256.79799705327946,450.87129104969114,874.91486778555
MY_0p5_1.7500_109.7500,109.75,1.75,2008-02-01,2008,2,222.13863559101904,71.77442794622377,106.80181121826172,98.54375457763672,191.472412109375,290.01617431640625,43.15910339355469,130.3911590576172,265.8158264160156,467.56292724609375,906.9290161132812
MY_0p5_1.7500_110.2500,110.25,1.75,2008-02-01,2008,2,264.81557121705475,69.2998531225956,107.29203718868806,123.792912161924,223.12741880365874,346.9203248049486,43.29592379401712,130.73591434254365,266.16828600225597,467.0255730776864,907.2257142092456
MY_0p5_1.7500_110.7500,110.75,1.75,2008-02-01,2008,2,299.7751048694957,67.95687692815606,111.56871910095214,64.30485668182372,154.8660743713379,219.17093811035156,43.082906532287595,130.16905670166014,265.4738174438477,467.62793273925774,906.3536956787109
MY_0p5_1.7500_111.2500,111.25,1.75,2008-02-01,2008,2,310.27435234917533,66.47598474896144,111.29356118135674,60.26860679803893,135.61825994447221,195.8868680732195,42.990828314492866,129.90078856002455,264.97646512763447,466.79381131904074,904.6618998682776
MY_0p5_1.7500_111.7500,111.75,1.75,2008-02-01,2008,2,338.75906739053835,65.52043463308597,110.39404267902614,70.63719988472853,161.06918677800815,231.7063840069348,43.06538176234764,130.0720291620568,265.0322796785378,465.73408218576935,903.903767452964
MY_0p5_1.7500_112.2500,112.25,1.75,2008-02-01,2008,2,385.1483975849454,64.87861131940569,111.77192496647912,90.20891619485522,184.95651584201389,275.1654288155692,43.14697199019175,130.27329992869542,265.19024629138767,465.0406410822792,903.6511495923238
MY_0p5_1.7500_112.7500,112.75,1.75,2008-02-01,2008,2,414.00748329768106,65.7219712514726,115.47250165182447,100.960986570328,195.73074311755948,296.69172130766367,43.20720689561632,130.43573840913317,265.4147809709821,465.1313760424417,904.1891086154513
MY_0p5_1.7500_113.2500,113.25,1.75,2008-02-01,2008,2,424.387059093657,67.82902337937128,119.79479038299074,99.20674680679564,190.34650418720548,289.5532458108569,43.2154064844525,130.44972384013826,265.40641140407985,465.0751161605592,904.1466628301711
MY_0p5_1.7500_113.7500,113.75,1.75,2008-02-01,2008,2,412.1429089742993,70.2369659423828,121.1151123531281,94.14458550347221,182.83387669154575,276.97845691499253,43.174819050137955,130.31416306268602,265.0253927563864,463.80871078249015,902.3230825272817
MY_0p5_1.7500_114.2500,114.25,1.75,2008-02-01,2008,2,381.98295162140374,71.53485666910807,119.21683955116876,80.12222842261905,159.4582537938678,239.58048115079364,43.071513560461625,130.01282653808593,264.4389553493923,462.6828516400049,900.2061796642485
MY_0p5_1.7500_114.7500,114.75,1.75,2008-02-01,2008,2,354.4274821701445,72.77372903774439,113.85679942709177,71.64576472148994,145.83727141859617,217.48303159407385,42.98411983035389,129.69919495261396,263.54074776605,459.98982072741256,896.2139026068653
MY_0p5_2.2500_101.7500,101.75,2.25,2008-02-01,2008,2,178.2812459926413,103.2922372529001,134.92598793723366,14.835439759071429,8.061596311704077,22.897037140046706,40.53107718265418,122.2228626289753,248.7104624738597,432.22685133808784,843.691271849353
MY_0p5_2.2500_102.2500,102.25,2.25,2008-02-01,2008,2,200.8207354385887,103.31835368033231,133.56058954850337,20.960368913896914,16.08661124580785,37.04698068901683,40.59203055714877,122.25972065172698,248.67973006399052,431.9922285308108,843.5236848530017
MY_0p5_2.2500_102.7500,102.75,2.25,2008-02-01,2008,2,219.18288238139093,104.23965060560009,139.01377419580388,34.03552636013755,31.251537190207948,65.28706438330154,41.00322323811206,123.59533020212679,252.18147514439838,441.296172129957,858.0761894515797
MY_0p5_2.2500_103.2500,103.25,2.25,2008-02-01,2008,2,238.1165473574684,101.64695221431673,145.46874825613838,43.65214320591517,44.8089354742141,88.46107821994359,41.27936378357902,124.61778314984032,254.14213644360734,443.9763090587798,864.0156027173239
MY_0p5_2.2500_103.7500,103.75,2.25,2008-02-01,2008,2,247.88119915461132,101.54401938228283,153.81943980071503,54.980906056549586,40.359120669607385,95.34002638994637,41.24734641899496,124.51385115284029,254.2174657789327,444.95288023867846,864.9315458653335
MY_0p5_2.2500_104.2500,104.25,2.25,2008-02-01,2008,2,247.6570465584112,102.08320121455,163.1845824186467,63.249052946232574,34.31227395554219,97.56132400134379,41.83006904538998,126.65895250809095,258.9615203605211,454.68857669042166,882.1391167758911
MY_0p5_2.2500_104.7500,104.75,2.25,2008-02-01,2008,2,245.1566925048828,101.64708709716797,,,,,,,,,
MY_0p5_2.2500_109.7500,109.75,2.25,2008-02-01,2008,2,207.93197877945437,71.53591869723411,,,,,,,,,
MY_0p5_2.2500_111.2500,111.25,2.25,2008-02-01,2008,2,329.51601707935333,64.64447395503521,110.15694146997787,92.12843390072092,195.05083645091335,287.1792629466337,43.24144907558665,130.60912053725298,266.1241688447839,467.90064374138325,907.8753913430606
MY_0p5_2.2500_111.7500,111.75,2.25,2008-02-01,2008,2,375.59952954489086,64.23109716990636,110.25134747217572,107.64065551757812,204.19860166519402,311.8392495775979,43.27753247457837,130.70257103329612,266.2438050285218,467.88361545138883,908.1075321258062
MY_0p5_2.2500_112.2500,112.25,2.25,2008-02-01,2008,2,432.5156926230778,64.07315302046518,110.61551419212704,144.01273622058685,226.37829192630826,370.3910188220796,43.362474847218344,130.91834077380952,266.4916011749752,467.68009023515,908.4525037977431
MY_0p5_2.2500_112.7500,112.75,2.25,2008-02-01,2008,2,463.27677370101685,64.5961676703559,113.47221759614489,149.41290733700706,225.74469526987227,375.15759713309154,43.35934203617156,130.90152718680247,266.42142876519097,467.43088747054816,908.1131727430554
MY_0p5_2.2500_113.2500,113.25,2.25,2008-02-01,2008,2,466.0191929408483,66.58145778595456,119.92523164295015,140.0052687387618,213.4325888013083,353.43786223880835,43.32947124905057,130.8138317289807,266.272022937593,467.3378700861856,907.7531827411956
MY_0p5_2.2500_113.7500,113.75,2.25,2008-02-01,2008,2,438.6294652238677,68.64955571331555,123.02999069117294,117.18590577041049,196.88955814023564,314.0754633070548,43.23188492014439,130.50339720520796,265.5066142021855,465.12688590906845,904.3687861961655
MY_0p5_2.2500_114.2500,114.25,2.25,2008-02-01,2008,2,387.2004387749566,70.69712924049014,121.23033263191344,91.59693504212395,167.22105262393043,258.8179870605469,43.073405965169265,130.03084944467693,264.5451618497334,463.11272418309767,900.762166922433
MY_0p5_2.2500_114.7500,114.75,2.25,2008-02-01,2008,2,351.92632613643525,72.3906820235714,114.84213195308564,71.79979688582883,136.9401676547143,208.73995755103329,42.91073058343704,129.499365751205,263.24335445280997,459.8195380426223,895.4730065130419
MY_0p5_2.2500_115.2500,115.25,2.25,2008-02-01,2008,2,338.8251037597656,72.6976089477539,109.62622833251953,65.7978744506836,95.82592010498047,161.62379455566406,42.29783248901367,127.47095489501953,258.1814880371094,446.8409729003906,874.791259765625
MY_0p5_2.7500_101.2500,101.25,2.75,2008-02-01,2008,2,151.274658203125,101.42150115966797,137.82054138183594,22.76996612548828,44.64461135864258,67.41458129882812,41.28254318237305,124.96109008789062,255.36605834960938,447.8412170410156,869.450927734375
MY_0p5_2.7500_101.7500,101.75,2.75,2008-02-01,2008,2,173.31921367239445,100.02083956631748,122.65127280495383,23.923576316833493,34.26104767886075,58.184624474265355,40.92958654230291,123.65566630970345,251.61131369850847,437.8406514115767,854.0372152432527
MY_0p5_2.7500_102.2500,102.25,2.75,2008-02-01,2008,2,200.73714553930196,99.04903470179077,137.81862888214695,19.406101521413035,14.982515991113747,34.38861825663573,40.99361797502846,123.76284311379597,251.30113633271236,434.6142690865097,850.6718357353452
MY_0p5_2.7500_102.7500,102.75,2.75,2008-02-01,2008,2,226.55935171586046,100.07954805108564,145.81961209260965,41.272449360618104,27.95368080501315,69.22613047346283,41.71993743317037,126.17429467696178,257.53842674931394,451.34020126922223,876.7728402825851
MY_0p5_2.7500_103.2500,103.25,2.75,2008-02-01,2008,2,249.1083770071625,99.36456327985047,147.38976214949494,50.26766985996514,34.482605794432814,84.75027402646981,40.82103237224992,122.88133589629156,250.7468647076066,438.9136919155242,853.3629267018312
MY_0p5_2.7500_103.7500,103.75,2.75,2008-02-01,2008,2,257.62395596711536,100.63060508396316,149.0576401811591,54.42101310694823,28.59783137448922,83.0188439716392,39.99173080866238,119.9361552576865,245.01082706011934,429.42504896875903,834.3637717813941
MY_0p5_2.7500_104.2500,104.25,2.75,2008-02-01,2008,2,250.16763238345874,100.70958934110753,165.7023162841797,59.79708480834961,29.099172592163086,88.89625549316406,41.72354507446289,126.3973388671875,258.645751953125,454.5107116699219,881.27734375
MY_0p5_2.7500_111.2500,111.25,2.75,2008-02-01,2008,2,366.019617541083,64.21811765473466,114.54985270780676,135.07427664364084,222.088062061983,357.16234813017,43.3380474763758,130.86924205106845,266.48450963637407,467.94751066320083,908.6392965877757
MY_0p5_2.7500_111.7500,111.75,2.75,2008-02-01,2008,2,419.81230914006466,64.19404040789995,112.8306920281772,158.97178702518855,231.75572625521954,390.72751788435306,43.37557810750501,130.96686626302784,266.6122873240504,467.9483536029684,908.9030793288657
MY_0p5_2.7500_112.2500,112.25,2.75,2008-02-01,2008,2,479.9299438090263,64.47489235069179,111.8313611602783,190.54303924560546,253.24038335164389,443.7834212239583,43.457520103454584,131.17518747965494,266.87026865641275,467.89724456787104,909.400213216146
MY_0p5_2.7500_112.7500,112.75,2.75,2008-02-01,2008,2,501.76201523406587,65.28637205196333,112.5053505957881,166.86145739012127,238.79729901084417,405.6587584290323,43.395202431497694,131.00625697268714,266.61365615265277,467.68953270248227,908.7046383242064
MY_0p5_2.7500_113.2500,113.25,2.75,2008-02-01,2008,2,483.2969508579799,67.00079721117777,118.35894944932726,151.50797177269345,210.46181660001236,361.96979186042904,43.285281069316554,130.71957319955976,266.21693929036456,467.5162574404762,907.7380466037326
MY_0p5_2.7500_113.7500,113.75,2.75,2008-02-01,2008,2,445.846644990763,69.32656838483871,123.69619556597084,117.3024586234123,179.42326821491218,296.7257255991553,43.12713346056118,130.25001812588638,265.24658659916776,465.36292330019035,903.9866572094571
MY_0p5_2.7500_114.2500,114.25,2.75,2008-02-01,2008,2,393.64478234399724,71.32248663600488,122.02619699888592,88.31781097605258,161.6185863350011,249.93639702132984,43.01594088349161,129.87599597399748,264.2771373700492,462.5751041460641,899.7441806068904
MY_0p5_2.7500_114.7500,114.75,2.75,2008-02-01,2008,2,357.9649855498296,74.62095931229318,118.18199672820462,82.46469410209899,136.23444125910473,218.69913273708076,42.90370268123165,129.49919621655894,263.35594459096336,460.4628446542533,896.2216829919513
MY_0p5_2.7500_115.2500,115.25,2.75,2008-02-01,2008,2,342.03152548300255,73.64029157483898,108.3518458873302,60.91935004844321,84.24359536385751,145.16294792106558,42.02990458033106,126.60842469361452,256.0811404666385,441.30405735325166,866.0235381255278
MY_0p5_3.2500_101.2500,101.25,3.25,2008-02-01,2008,2,143.4715084499783,102.3134711298961,147.49619343679703,22.98595438857023,40.52685217356404,63.51280774958867,41.26276792533666,124.87294083532193,255.0516299236609,446.5491810364482,867.7365361670112
MY_0p5_3.2500_101.7500,101.75,3.25,2008-02-01,2008,2,171.96758687721106,95.54659951568411,125.93473699290283,24.107315716470126,35.000612149572675,59.10792800879024,40.83968041049447,123.30019463703132,250.39044242907485,433.13284622483957,847.6631518321433
MY_0p5_3.2500_102.2500,102.25,3.25,2008-02-01,2008,2,203.41417677137588,97.05737910195003,139.78616706000435,25.54694523887029,15.014356725178068,40.561303178090895,41.24917757548983,124.62562657916355,253.64647962782115,441.05437612382184,860.5756382533483
MY_0p5_3.2500_102.7500,102.75,3.25,2008-02-01,2008,2,233.1241707620741,98.3527194880232,146.22841431822957,34.739447177210934,13.147030284133137,47.88647720481775,41.3010889246494,124.8450193284433,254.47339997110487,443.99323726605763,864.6127247870722
MY_0p5_3.2500_103.2500,103.25,3.25,2008-02-01,2008,2,259.16408248056416,98.9612286098617,144.50853055773808,49.75019759386293,13.476350295038875,63.22654845893189,39.67926048999501,118.86473374258037,242.28868858511365,422.49447413143196,823.3271522149201
MY_0p5_3.2500_112.2500,112.25,3.25,2008-02-01,2008,2,496.62539333767364,65.12267574734159,112.97409939236114,200.40803256564672,254.54913296169707,454.957174343533,43.459318203396265,131.1797597249349,266.8820753309462,467.9373596191407,909.4585096571182
MY_0p5_3.2500_112.7500,112.75,3.25,2008-02-01,2008,2,512.1517934491557,66.9748619448754,115.19757180135758,149.49900680291847,209.7407756867956,359.2397923704054,43.27006705862576,130.6853213701092,266.1961039558786,467.6319907766875,907.7834792840677
MY_0p5_3.2500_113.2500,113.25,3.25,2008-02-01,2008,2,472.63281341782186,69.37797859019803,122.50043802550344,126.8994542613174,172.2604771816369,299.1599311828613,43.10559590657552,130.26360650496048,265.6222352692575,467.34481568769974,906.3362447565253
MY_0p5_3.2500_113.7500,113.75,3.25,2008-02-01,2008,2,436.2857379247272,71.49443880111451,124.71445152646018,115.33830452570838,172.0009538438585,287.3392552935888,43.10006428067646,130.22234104701448,265.4252563476562,466.55812988281247,905.3057890392485
MY_0p5_3.2500_114.2500,114.25,3.25,2008-02-01,2008,2,400.7358667653078,73.81932468778768,123.72441494692661,100.27799698653494,175.59260719445098,275.87060833584724,43.10306973062502,130.132857596039,264.7873049207554,463.64025820592406,901.6635098791425
MY_0p5_3.2500_114.7500,114.75,3.25,2008-02-01,2008,2,371.0098986777531,78.00552657303537,123.66717138108177,97.71341574116119,151.5453324044586,249.25875835054242,42.99852323835823,129.78560011553918,263.9690949263846,461.8693774763946,898.6225883338104
MY_0p5_3.2500_115.2500,115.25,3.25,2008-02-01,2008,2,345.8470544935782,75.48771662651737,107.82550645176369,75.35672246957127,93.44442992874338,168.80115335198897,42.03651202479495,126.61717026143134,255.98715760436238,440.63866453532927,865.2795077939577
MY_0p5_3.2500_115.7500,115.75,3.25,2008-02-01,2008,2,327.12275884392557,71.66713663165488,106.01719194047907,74.37867831112293,109.34475836593114,183.72343667705405,42.33084320754148,127.58474371406471,258.412383690309,447.01717831043715,875.3451956416783
MY_0p5_3.7500_100.7500,100.75,3.75,2008-02-01,2008,2,101.82471466064453,104.80493927001953,148.35536193847656,16.72052001953125,34.65024185180664,51.37076187133789,41.21898651123047,124.7361068725586,254.7784423828125,445.8353576660156,866.5689086914062
MY_0p5_3.7500_101.2500,101.25,3.75,2008-02-01,2008,2,127.84552792262606,101.95592696304074,151.52004565390183,23.171335337617254,29.99805312172109,53.16938706431961,41.09668418118869,124.19375212832949,252.85857808628512,439.8501252109565,857.9991464954365
MY_0p5_3.7500_101.7500,101.75,3.75,2008-02-01,2008,2,168.22713924856745,92.64992554780027,135.91673346841412,17.685437251048484,22.020708709765394,39.70614596081388,40.71319781746835,122.77424405334862,248.5847270503925,427.2199068494664,839.292069356153
MY_0p5_3.7500_102.2500,102.25,3.75,2008-02-01,2008,2,208.83588988288994,92.80316496349516,135.31508915008058,17.95166889372326,10.580065099019851,28.531734181964204,40.58036769079783,122.4006096733941,248.02076522584946,426.9283458891369,837.9300715370783
MY_0p5_3.7500_102.7500,102.75,3.75,2008-02-01,2008,2,242.67542928059896,96.71665065704829,139.20736331031435,27.61235819014292,7.218447751847525,34.83080541217137,40.52252664717417,122.39186578175378,248.70145985436815,429.84147183857266,841.4573201497396
MY_0p5_3.7500_103.2500,103.25,3.75,2008-02-01,2008,2,264.1326095763431,97.33304529076078,144.56918801700368,41.461564725988055,7.222090587428972,48.68365483003504,40.243767801920576,121.24156625785082,246.31862320245483,425.76355267693015,833.5674850164676
MY_0p5_3.7500_113.2500,113.25,3.75,2008-02-01,2008,2,463.84740591049194,72.09527313709259,126.54147413910414,100.41787169409581,137.56430328869428,237.98217148077296,42.94633834088435,129.84329974065062,265.0416054647477,467.11311365346444,904.9443489449924
MY_0p5_3.7500_113.7500,113.75,3.75,2008-02-01,2008,2,431.4032762315539,74.2149391779824,125.06406024821753,89.70933485802709,147.84192417971911,237.55126167964005,43.007666195866356,129.9871597536945,265.20363550278745,467.12114006956034,905.3196132622877
MY_0p5_3.7500_114.2500,114.25,3.75,2008-02-01,2008,2,407.41356087344246,76.59596642388239,123.83170548696366,95.07648254878937,164.75704994807168,259.8335398840526,43.09914893498496,130.20625605507502,265.4127236986917,466.7837240552145,905.501863219246
MY_0p5_3.7500_114.7500,114.75,3.75,2008-02-01,2008,2,381.2229790581597,79.76370895627944,123.79007582891555,108.57952103387741,159.21417473687066,267.7937046595982,43.04152807810949,129.99278327094183,264.7750231546069,464.79595831008186,902.6052749875992
MY_0p5_3.7500_115.2500,115.25,3.75,2008-02-01,2008,2,346.90448404947915,76.27431495303198,105.84332282656713,74.98939109681145,117.33851497589596,192.3279106503441,42.200649733770454,127.11101188054161,256.97605590820314,442.57282705155626,868.8605366055926
MY_0p5_3.7500_115.7500,115.75,3.75,2008-02-01,2008,2,323.5280370918109,70.7020741744007,104.18847969110064,70.21262568192516,120.4681456312001,190.68076615367863,42.206793915453574,127.18948737494378,257.3905806507138,443.9208514536028,870.7077487424123
MY_0p5_4.2500_100.7500,100.75,4.25,2008-02-01,2008,2,116.11358618736269,107.34062378049838,149.66455987424266,20.319257346951236,38.10815347165478,58.42740908252951,41.08390506043726,124.27885418327489,253.61646915357943,443.300695053412,862.279945591518
MY_0p5_4.2500_101.2500,101.25,4.25,2008-02-01,2008,2,124.96016849843107,98.60867137058527,143.09161085383906,16.116304160683022,21.841986267430013,37.958289310431034,40.37839142380247,121.68137636609897,246.0479377212039,422.4874142203361,830.5951501153837
MY_0p5_4.2500_101.7500,101.75,4.25,2008-02-01,2008,2,161.4324424193078,94.50883106073253,138.44418281335803,9.535943381702557,4.779637530208015,14.3155805081986,39.94153636408309,120.22873802306934,242.3030300932571,412.86631389776363,815.339620279428
MY_0p5_4.2500_102.2500,102.25,4.25,2008-02-01,2008,2,216.44828196760187,96.86859389235036,134.40283958751934,11.486317716848356,3.5490578965257153,15.035375625561603,39.848158620036074,119.98969546674539,241.97229749783165,412.48006490396625,814.2902057879269
MY_0p5_4.2500_102.7500,102.75,4.25,2008-02-01,2008,2,254.93493321898637,95.60057765207473,132.64934462043132,21.16216175115792,6.120508477945997,27.282669954239186,39.89053428552713,120.13523966795321,242.16316577887076,412.2483928704718,814.4373439132788
MY_0p5_4.2500_103.2500,103.25,4.25,2008-02-01,2008,2,271.66929741056543,97.08565316549164,143.2283468744896,37.37576176978985,6.307070471268497,43.682831714377585,40.504870092411906,122.14314695351631,247.13639879392832,423.6403473644722,833.4247664076111
MY_0p5_4.2500_113.7500,113.75,4.25,2008-02-01,2008,2,421.3511236281622,78.57036717732748,124.21581455446639,74.5328010703033,115.69976475553693,190.23256668954525,42.854766053973506,129.57646582261572,264.5873539762677,466.5934353234633,903.6120507582178
MY_0p5_4.2500_114.2500,114.25,4.25,2008-02-01,2008,2,413.77452208706524,79.82675592135281,122.22803238091782,74.16257509209476,119.4190955438209,193.58167134288658,42.862357076991024,129.60391724339786,264.6699481507526,466.8154347541249,903.9516646337327
MY_0p5_4.2500_114.7500,114.75,4.25,2008-02-01,2008,2,388.30819620768233,81.22628387451174,122.42595504760742,111.99716445922854,164.68677042643233,276.68393615722664,43.027737655639655,129.98589680989582,264.9071219889323,465.51249959309905,903.4332291666667
MY_0p5_4.2500_115.2500,115.25,4.25,2008-02-01,2008,2,343.9059252209134,79.78516324361166,105.64045643806458,73.26390883657669,124.53835190667047,197.80226039886475,42.077629778120254,126.79602175288731,256.44529692331946,441.5416142145793,866.8605573442247
MY_0p5_4.2500_115.7500,115.75,4.25,2008-02-01,2008,2,311.0391818806277,72.38829658637614,100.31321214578922,60.876064171225345,105.1717739557816,166.04783234677075,42.00205490629552,126.54742066981433,255.89823763572562,440.41573341498946,864.8634509070446
MY_0p5_4.2500_116.2500,116.25,4.25,2008-02-01,2008,2,287.1167556018364,77.04600041087082,104.34860136450791,54.85300813070159,91.96886837191698,146.82187657239962,42.05193473071588,126.80049393816692,256.91009028364977,443.75252737650055,869.5150235804116
MY_0p5_4.2500_116.7500,116.75,4.25,2008-02-01,2008,2,286.69535095567653,80.87184275368047,102.13803885575665,49.967476023414925,80.2554367815139,130.22291472330258,42.07331175611199,127.0204925096104,258.0833802857151,448.20592379707824,875.3831092084764
MY_0p5_4.2500_117.2500,117.25,4.25,2008-02-01,2008,2,301.4760296576846,84.22347377675825,101.87214164396303,35.947411976029386,51.93410942617771,87.88152404380054,42.03559358985024,127.0356431471563,258.76193196794634,451.8178562400616,879.6510155601837
MY_0p5_4.2500_117.7500,117.75,4.25,2008-02-01,2008,2,304.0828428349944,84.65894897982606,98.43651046100845,19.706751815274234,20.465734856760402,40.17248747083876,40.25033416095961,120.68268973195654,245.5517839611086,427.0547862256695,833.5395698221322
MY_0p5_4.2500_118.2500,118.25,4.25,2008-02-01,2008,2,297.19529090569034,84.8898091009486,94.27815382647667,20.979375523366745,14.505813914499468,35.485189413568776,37.614013671875,110.92264668652966,225.395365818291,390.9601234387441,764.8921520451831
MY_0p5_4.2500_118.7500,118.75,4.25,2008-02-01,2008,2,288.84297349717883,85.86991741039135,92.70328521728516,27.835643768310547,20.827285766601562,48.66292953491211,36.3001708984375,105.92621612548828,215.26803588867188,374.06805419921875,731.5625
MY_0p5_4.7500_100.2500,100.25,4.75,2008-02-01,2008,2,114.034423828125,116.90959252251521,,,,,,,,,
MY_0p5_4.7500_100.7500,100.75,4.75,2008-02-01,2008,2,121.41425912238692,109.35249790832074,143.90011391988614,9.407376965856164,13.516561938495169,22.92393811931455,39.74114828962621,120.10386229724418,244.09356075379904,421.5722055822853,825.5107885841433
MY_0p5_4.7500_101.2500,101.25,4.75,2008-02-01,2008,2,124.19954702086369,97.6267584422278,130.55146179199218,9.316946020580472,7.729143225957478,17.04608846089197,39.348426964169455,118.3811565096416,238.20383266872827,404.34259411039807,800.2760201590403
MY_0p5_4.7500_101.7500,101.75,4.75,2008-02-01,2008,2,162.86485528642206,96.32031647212924,136.61378072102863,13.843532689412436,3.5123201657855327,17.355852999006,39.5869226728167,118.98430338057261,238.85466245620978,404.1007738870288,801.5266493055557
MY_0p5_4.7500_102.2500,102.25,4.75,2008-02-01,2008,2,229.08603835332963,97.53315989176433,131.90457879929315,21.13740187145415,5.927720142546154,27.065123421805243,39.96141742524647,120.27386678059894,242.09494730631508,410.7037838890439,813.0340227399554
MY_0p5_4.7500_102.7500,102.75,4.75,2008-02-01,2008,2,267.82170639524026,95.83904254208701,132.46770321791337,37.57762748572476,7.781491641026392,45.35912077593954,40.256880413954406,121.2951923540443,244.61292150218011,416.0468440936629,822.2118363107085
MY_0p5_4.7500_103.2500,103.25,4.75,2008-02-01,2008,2,272.7377158793228,98.41833999975407,134.85712415969684,47.75446083097001,7.8855936712004615,55.64005538546292,39.20714477595369,117.24234822403463,236.60023864520872,403.13816411204897,796.1878999942344
MY_0p5_4.7500_103.7500,103.75,4.75,2008-02-01,2008,2,276.52929366262333,100.83460998535156,125.1526369367327,41.94496283593116,3.910250032102907,45.855212719409494,35.763401923241545,104.61133753788934,211.4288726410308,361.1267906288048,712.9303842519785
MY_0p5_4.7500_113.7500,113.75,4.75,2008-02-01,2008,2,381.1726989746094,82.41561126708984,,,,,,,,,
MY_0p5_4.7500_114.2500,114.25,4.75,2008-02-01,2008,2,381.1726989746094,83.11605317252024,124.15265655517578,56.36162185668945,108.95166015625,165.3132781982422,42.681514739990234,129.1095733642578,263.7594909667969,464.868896484375,900.4194946289062
MY_0p5_4.7500_114.7500,114.75,4.75,2008-02-01,2008,2,364.2240180559056,85.82176175681494,124.61271528018419,116.79093034805791,151.36439473141905,268.15532512049526,42.785200426655436,129.27360042448967,263.4145839239962,461.971165482716,897.4445761403731
MY_0p5_4.7500_115.2500,115.25,4.75,2008-02-01,2008,2,330.0733388264974,85.71049153804778,110.35487325986225,76.11764715115228,103.1886692245801,179.3063207467397,41.79737587769826,126.0118372440338,255.0155604680379,438.98937972386665,861.8141495386758
MY_0p5_4.7500_115.7500,115.75,4.75,2008-02-01,2008,2,315.10883595300095,78.1670380365281,101.56463841029576,43.38926242646716,54.80213250054253,98.19139561728825,41.44281709459092,124.81415039546904,252.00599694630458,431.59628634982636,849.859236266121
MY_0p5_4.7500_116.2500,116.25,4.75,2008-02-01,2008,2,310.9597567119295,76.23586176312158,103.76745678129649,44.705908263675745,52.010115123930426,96.71602533734033,41.571397194029785,125.30998469761438,253.51519281296498,435.8578208317831,856.2543801928321
MY_0p5_4.7500_116.7500,116.75,4.75,2008-02-01,2008,2,334.9379469473151,77.80958757521232,100.55377378343027,52.76730118522161,65.2718827573559,118.03918394257752,41.77374376224566,126.01828565476816,255.408503858349,440.79125232937974,863.9917872947983
MY_0p5_4.7500_117.2500,117.25,4.75,2008-02-01,2008,2,392.99919947064114,79.40272061786953,97.82828991602338,52.0896480984158,68.95862894209606,121.04827934144033,41.851514192611454,126.29117053803942,256.17740556020584,442.9598660908048,867.2799576047867
MY_0p5_4.7500_117.7500,117.75,4.75,2008-02-01,2008,2,399.45698885374424,80.96136015879956,98.03712272644043,44.9414027370984,52.52415893651263,97.46556103380419,41.67448113839837,125.79349986209142,255.31121406072296,441.7369856049743,864.5161524905433
MY_0p5_4.7500_118.2500,118.25,4.75,2008-02-01,2008,2,374.0410485962529,82.5822243618606,103.10037216109846,55.003630805854236,55.7974051087346,110.80103662385416,41.824679542426495,126.31259270289436,256.7232511894188,445.81709833959843,870.6776034101171
MY_0p5_4.7500_118.7500,118.75,4.75,2008-02-01,2008,2,354.6012754802463,82.84474500825134,109.00363323356532,71.74919244307506,63.225253817401345,134.9744442324095,41.88999852047691,126.59516211401058,257.62223719343353,448.4806912579114,874.5880891824071
MY_0p5_5.2500_100.2500,100.25,5.25,2008-02-01,2008,2,104.32296492736464,120.11785262444116,68.12432098388672,2.149125576019287,0.05365344509482384,2.2027788162231445,24.91767692565918,67.87333679199219,138.50779724121094,235.1976318359375,466.4964294433594
MY_0p5_5.2500_100.7500,100.75,5.25,2008-02-01,2008,2,111.80931378034208,113.59656546387492,140.53471172815082,6.263108269921665,6.803685223362571,13.066793869281637,37.7889285690483,113.42095666644218,228.77188724210896,389.93230008530895,769.9140621492232
MY_0p5_5.2500_101.2500,101.25,5.25,2008-02-01,2008,2,124.28998199947296,103.65560598222035,135.0292024158296,11.011809380849202,4.753670064229813,15.765479914347328,38.9528074476454,117.03449932280041,234.65159761943514,395.97219926137774,786.6111064608135
MY_0p5_5.2500_101.7500,101.75,5.25,2008-02-01,2008,2,171.0017349340354,98.19033444155555,136.57902643483158,21.133292410783707,2.7295418848657307,23.862834401950717,39.280590737701225,118.07788948496439,236.74134044282758,398.72828654878464,792.8280956486989
MY_0p5_5.2500_102.2500,102.25,5.25,2008-02-01,2008,2,241.6261014513149,103.39696808833226,133.53043234272366,35.506995954331316,4.242597499470802,39.74959443936682,39.68845564240862,119.47263807551876,241.01801528444713,410.07638365144186,810.2555168783589
MY_0p5_5.2500_102.7500,102.75,5.25,2008-02-01,2008,2,276.4297203039114,99.88936267536916,128.76659054513703,57.35104807190976,5.533369225162571,62.884418177200565,38.849986655025155,116.53856511520128,235.29399574409095,400.4918892553297,791.1744324764962
MY_0p5_5.2500_103.2500,103.25,5.25,2008-02-01,2008,2,270.70598370587385,102.22972797212145,140.59817390937312,104.97872791042576,7.793113014914773,112.77184459141323,40.18612076400163,121.18975835032279,244.90315147498984,417.68577912565956,823.9648358233563
MY_0p5_5.2500_115.2500,115.25,5.25,2008-02-01,2008,2,317.7947934058405,87.78528508832379,110.11435436811604,55.110384894199065,65.88269874697826,120.9930811397365,41.455015463907216,125.01442380811349,253.11521736520237,435.73681340452106,855.3214781714269
MY_0p5_5.2500_115.7500,115.75,5.25,2008-02-01,2008,2,324.72387960682744,84.89024309568768,104.70494322695974,42.64538897498179,49.736403849973506,92.38179166114935,41.28084800849526,124.4353891663632,251.6320183188228,431.93328816042106,849.2815584861625
MY_0p5_5.2500_116.2500,116.25,5.25,2008-02-01,2008,2,349.5149674234511,78.82707547537888,101.64729461187049,60.544693910622904,67.72817722755143,128.2728669371786,41.69008619574052,125.71388594711884,254.57915202273603,438.9430961126013,860.9262133248244
MY_0p5_5.2500_116.7500,116.75,5.25,2008-02-01,2008,2,415.9391729620439,78.23823957805392,101.56334601776508,106.9701461309119,105.46210808090018,212.4322523286071,41.99553697320479,126.6349629510807,256.4930891688866,442.6466543463212,867.77022987076
MY_0p5_5.2500_117.2500,117.25,5.25,2008-02-01,2008,2,533.151186310299,78.93413962712364,100.88631305997335,153.86239643399676,150.69597979348802,304.5583794487847,42.33000190371558,127.72593882727242,259.17129875062,449.1795821901351,878.4068332248263
MY_0p5_5.2500_117.7500,117.75,5.25,2008-02-01,2008,2,548.2884550548735,78.89214165097191,99.00651504274397,153.99869820731027,162.29207724919394,316.2907818506634,42.44600653269934,128.163620867048,260.47378036256816,452.9860402909536,884.0694318498884
MY_0p5_5.2500_118.2500,118.25,5.25,2008-02-01,2008,2,480.31300091306804,80.23513397897126,101.26868798322738,164.31239100170743,166.17876099021572,330.4911650153482,42.56662411294925,128.5910623635456,261.64615597087106,456.29566858376666,889.0994983843176
MY_0p5_5.2500_118.7500,118.75,5.25,2008-02-01,2008,2,394.7288748168946,81.37564481704953,108.2859174940321,122.20963435702856,113.6136926015218,235.82332695855038,42.121733347574875,127.33132849799264,259.2302945454915,451.68809043036566,880.3714531792534
MY_0p5_5.2500_119.2500,119.25,5.25,2008-02-01,2008,2,292.56688240782853,82.26428193591889,111.35225677490234,99.09864807128906,86.82469940185547,185.92333984375,41.88554763793945,126.65374755859375,257.8951416015625,449.032470703125,875.4669189453125
MY_0p5_5.7500_100.2500,100.25,5.75,2008-02-01,2008,2,94.32386171495591,124.7709050221486,91.79138533565977,2.1792022525717356,0.03180830700135012,2.211010464834511,26.295208309768537,80.43840334831027,163.95322341219,306.58762884577476,577.2744437401448
MY_0p5_5.7500_100.7500,100.75,5.75,2008-02-01,2008,2,105.62783854651073,119.00321071564206,130.4675823465983,7.79777009010315,0.58943488702178,8.38720506668091,34.803762448628746,104.17428553263346,208.78475397745768,356.20917958577473,703.9719765218098
MY_0p5_5.7500_101.2500,101.25,5.75,2008-02-01,2008,2,122.98144867664249,111.18286337064008,135.86256799172233,17.808657522276633,1.9717637765125968,19.780421497314936,38.08013626158708,114.47317507886514,229.11908439576158,385.07356670710044,766.7459885003999
MY_0p5_5.7500_101.7500,101.75,5.75,2008-02-01,2008,2,171.4367869695028,103.26067244211835,134.6452486038208,36.77211621602377,2.006980919713776,38.779096094767254,38.69498356183371,116.64300181070963,234.44952901204425,395.0084271748862,784.7959403991699
MY_0p5_5.7500_102.2500,102.25,5.75,2008-02-01,2008,2,227.51934579702524,107.286458553412,132.40665058174517,56.92192299839623,1.2852412615887043,58.20716508550676,38.1765680152559,114.80024708963,231.61479022607259,392.17516699383157,776.7667914496527
MY_0p5_5.7500_102.7500,102.75,5.75,2008-02-01,2008,2,270.3201561628069,103.63836040311647,109.90513610839844,59.875022888183594,2.0950543880462646,61.97007369995117,33.560035705566406,97.38565063476562,196.6279754638672,335.1245422363281,662.6981811523438
MY_0p5_5.7500_103.2500,103.25,5.75,2008-02-01,2008,2,267.3890075683594,105.45027923583984,,,,,,,,,
MY_0p5_5.7500_115.2500,115.25,5.75,2008-02-01,2008,2,303.65269470214844,87.13173039754233,109.99957275390625,42.54387283325195,45.02168655395508,87.56555938720703,41.57927703857422,125.65725708007812,255.73736572265625,444.86651611328125,867.8403930664062
MY_0p5_5.7500_115.7500,115.75,5.75,2008-02-01,2008,2,320.728040262234,83.70570499911629,100.64076596214657,50.379648626418344,64.65583554222471,115.03548053559803,41.426398577008925,125.0486545381092,253.64361165364582,438.0964660644531,858.2151256742931
MY_0p5_5.7500_116.2500,116.25,5.75,2008-02-01,2008,2,361.05763549804686,76.84512704516214,94.48305339510478,75.89676065596322,94.94596325102306,170.84271615649024,41.5996355813647,125.4640895056346,254.00523100353422,437.25461590479284,858.3235609266493
MY_0p5_5.7500_116.7500,116.75,5.75,2008-02-01,2008,2,465.66165742420014,73.92946532718719,93.31532779269749,178.45321720668247,181.93084324428014,360.384051126147,42.421832444932726,127.9041743687221,259.02412855360245,447.10863192119297,876.4587475973461
MY_0p5_5.7500_117.2500,117.25,5.75,2008-02-01,2008,2,614.7059295365486,77.6156655922297,101.21838470362714,297.9663450319308,272.7236032576215,570.6899460272082,43.05436488732179,129.9357875017714,263.88955515190634,458.95315060781,895.832871879313
MY_0p5_5.7500_117.7500,117.75,5.75,2008-02-01,2008,2,642.3200896732392,78.5261197044736,106.99709465999732,320.5914544227139,276.13855994307755,596.7300333112679,43.14085061758156,130.2925823134864,265.11228799499924,463.1142557643404,901.6599854334889
MY_0p5_5.7500_118.2500,118.25,5.75,2008-02-01,2008,2,557.112509857321,79.31871614456178,108.6622683376736,325.43271579318576,236.00547960069449,561.4382161458333,42.955014428032776,129.78830756293402,264.2801429578993,462.02526543511283,899.0487291124132
MY_0p5_5.7500_118.7500,118.75,5.75,2008-02-01,2008,2,438.10205841064453,80.9134470132681,108.28290557861328,334.75146484375,221.8208465576172,556.5723266601562,42.873294830322266,129.56179809570312,263.8763122558594,461.33428955078125,897.6456909179688
MY_0p5_6.2500_99.7500,99.75,6.25,2008-02-01,2008,2,68.31760840322457,134.85809894636566,94.89674412926962,0.6063755029855772,0.01054018716392822,0.6169156945028971,26.055497679599497,95.8358251882154,196.11323866733287,334.4790117130723,652.4835858012354
MY_0p5_6.2500_100.2500,100.25,6.25,2008-02-01,2008,2,88.63787525892258,128.7497006058693,106.55261024942202,2.447068112723681,0.03769351757530655,2.4847616044842464,28.012609730934606,92.01266713045081,187.23043736049104,343.92617897500793,651.1818847656249
MY_0p5_6.2500_100.7500,100.75,6.25,2008-02-01,2008,2,103.19975914089837,123.46643028111991,127.1189459428824,9.319216360916963,0.4156284094374614,9.734844860423028,33.86104706723717,103.87295868037751,209.33659451164337,363.64007980759084,710.7106617813406
MY_0p5_6.2500_101.2500,101.25,6.25,2008-02-01,2008,2,113.61192979079026,118.4700897216797,132.32184495192308,16.905673833993767,0.9332193796451277,17.83889262859638,36.44050445556641,110.26074430025541,221.7696936974159,376.0814678485577,744.5524029071514
MY_0p5_6.2500_101.7500,101.75,6.25,2008-02-01,2008,2,166.63907950265065,111.08632180350166,135.25659223284038,33.99368700299944,0.6983362126563276,34.69202259608677,37.904449571881976,114.78164978027344,231.93660714285713,394.4353175571986,779.0580252511161
MY_0p5_6.2500_102.2500,102.25,6.25,2008-02-01,2008,2,195.6296650568644,110.73996832312606,135.5491485595703,36.82810592651367,0.06103856489062309,36.88914108276367,38.094642639160156,115.38648986816406,233.50709533691406,396.0545349121094,783.0427856445312
MY_0p5_6.2500_115.7500,115.75,6.25,2008-02-01,2008,2,311.0005624944513,81.19358253479004,108.40022277832031,46.245094299316406,62.757965087890625,109.00305938720703,41.50078582763672,125.2756118774414,254.13677978515625,439.0365905761719,859.9497680664062
MY_0p5_6.2500_116.2500,116.25,6.25,2008-02-01,2008,2,361.61001453065035,78.18359013607626,103.49272434721958,90.01035359252393,108.49772079400555,198.50806931146965,41.859550997024066,126.31276124794577,256.12104696534277,442.37570029103284,866.6690509812946
MY_0p5_6.2500_116.7500,116.75,6.25,2008-02-01,2008,2,475.0179297068762,75.52460230267236,99.26947903103299,193.49136594742063,201.0726593501984,394.56401531885535,42.52740130954318,128.3002228752015,260.1676636710999,450.07746504526284,881.0727449931795
MY_0p5_6.2500_117.2500,117.25,6.25,2008-02-01,2008,2,621.3539926680307,77.44102831643725,106.8586164686415,275.4036289760045,252.49804241846482,527.9016638377357,42.367868720160594,127.54321410164002,259.1102741544209,450.4879548572358,879.509311639695
MY_0p5_6.2500_117.7500,117.75,6.25,2008-02-01,2008,2,670.1480366388957,78.96601986885072,115.09272386874372,282.26007490548477,253.69383391441662,535.9539131030701,42.31438385812861,127.34412629423083,258.9838904665228,451.59787861785003,880.2402847022342
MY_0p5_6.2500_118.2500,118.25,6.25,2008-02-01,2008,2,654.8318219866071,79.89019175938198,121.57164982386998,273.72949491228377,256.39624622889926,530.1257662091937,43.03033079419817,129.94457789829798,264.32907213483537,461.43631744384766,898.7403237479073
MY_0p5_6.7500_100.2500,100.25,6.75,2008-02-01,2008,2,85.35866406384638,129.71072741115793,111.67996860952938,2.7035226374864574,0.05305358706562616,2.756576221655397,29.217732205110437,98.65020656585693,200.37632123161765,351.5262868544635,679.7705526912913
MY_0p5_6.7500_100.7500,100.75,6.75,2008-02-01,2008,2,99.63704794424552,125.02549432825163,126.30783335367839,6.912427151644672,0.14700557870997324,7.059432939246849,32.81801838344998,102.78404179325811,207.6688684534144,362.9786614312066,706.249584056713
MY_0p5_6.7500_116.2500,116.25,6.75,2008-02-01,2008,2,415.975368105132,80.09975184950717,109.45841458948648,163.1971037329697,167.17866255597372,330.37575698480373,42.428800164199465,128.1156180777201,260.3319456519151,452.27074748713795,883.1471215224849
MY_0p5_6.7500_116.7500,116.75,6.75,2008-02-01,2008,2,469.94350661934584,79.29857504367828,107.08072864396769,184.39453124999997,183.8453668285264,368.2398930123672,41.14092423510646,123.37829607937175,250.60667099783075,434.9881658139436,850.1140616797646
MY_0p5_6.7500_117.2500,117.25,6.75,2008-02-01,2008,2,574.5272550664396,78.80512821164905,109.20161566270136,209.75668618531353,195.87531010450516,405.6319908209607,40.13315708869326,119.6345851864435,243.05684243261288,422.1214455123496,824.9460300681865
MY_0p5_6.7500_117.7500,117.75,6.75,2008-02-01,2008,2,670.113793267144,79.04937405056423,118.07939195632935,233.99704027175903,199.7306451797485,433.7276725769043,40.67885577678681,121.53301978111267,247.09646558761597,430.0388755798339,839.3472175598145
MY_0p5_7.2500_116.7500,116.75,7.25,2008-02-01,2008,2,437.64638224924647,80.80186438182044,115.88362566077191,109.42913141665251,109.89499233079994,219.32412374745246,39.873959184729536,119.17156697148862,242.301988949983,420.78825922426967,822.135760763417
MY_0p5_7.2500_117.2500,117.25,7.25,2008-02-01,2008,2,453.4615365793039,80.69983851802242,118.22565034565172,98.10375189530222,96.5947759527909,194.6985278480931,39.12452978836862,116.55757253546462,236.96889343261716,411.1620004754317,803.8129792865952
MY_0p5_0.7500_110.2500,110.25,0.75,2008-03-01,2008,3,354.5742450420674,84.02711392916167,115.93249617356521,108.74233891413763,251.2694725623498,360.01181922325725,43.339035679743844,130.7866142859826,265.9509502704327,465.5171818659856,905.5938213641828
MY_0p5_0.7500_110.7500,110.75,0.75,2008-03-01,2008,3,404.4584228515625,84.62263532366072,119.50774416242326,78.65890415736607,216.57903660365514,295.23794642857143,43.27522272382463,130.6540507725307,266.00502624511716,467.02592642647875,906.9602286202567
MY_0p5_0.7500_111.7500,111.75,0.75,2008-03-01,2008,3,485.5254724896143,84.89915115114242,110.15162234836154,111.25797562372118,274.1148957752046,385.37286861359127,43.46306676713247,131.17605881463913,266.7964869907924,467.44930448986236,908.8848944769965
MY_0p5_1.2500_103.2500,103.25,1.25,2008-03-01,2008,3,350.029671085691,100.13755716860872,107.01233326305042,78.28327248313211,105.82503752274947,184.10831000588158,39.34002763574774,116.72344034368342,237.84367335926402,417.5400023026901,811.447138006037
MY_0p5_1.2500_103.7500,103.75,1.25,2008-03-01,2008,3,335.96063321308026,98.62499688898474,97.02549706616448,87.45755767822267,119.30808591379704,206.76564011064548,40.57608291477833,121.41999950223757,247.6105546673525,435.3255840412621,844.9322130518053
MY_0p5_1.2500_104.2500,104.25,1.25,2008-03-01,2008,3,317.35126865931915,98.26064551217215,85.91805267333984,98.87015533447266,133.54762268066406,232.4177703857422,42.20498275756836,127.58930969238281,260.41070556640625,458.5270690917969,888.7320556640625
MY_0p5_1.2500_109.7500,109.75,1.25,2008-03-01,2008,3,304.3774711884648,83.68523609207338,114.3704822034721,91.10470571862646,206.9092999194042,298.01401418662937,43.17774692213679,130.41078572100903,265.71945374270524,466.94243502329635,906.2504551899002
MY_0p5_1.2500_110.2500,110.25,1.25,2008-03-01,2008,3,352.69022796513036,83.46744292859407,116.51383639302495,108.19998855296252,253.78688161253467,361.9868806227754,43.341936840513966,130.8065449482686,266.0392392427305,465.8170485330825,906.0048088162102
MY_0p5_1.2500_110.7500,110.75,1.25,2008-03-01,2008,3,403.4434322296627,83.97011614602708,121.34264950222438,75.46583838084386,213.2269092378162,288.6927544487847,43.25659570845346,130.6072105286613,265.9531141493056,467.0485848563058,906.8655052548363
MY_0p5_1.2500_111.2500,111.25,1.25,2008-03-01,2008,3,445.79445387380196,83.89047555649243,117.56792822889629,93.59708180290443,229.0890803717958,322.686162491576,43.30107698044457,130.73531924116728,266.1506203355881,467.11983580177963,907.3068512255392
MY_0p5_1.2500_111.7500,111.75,1.25,2008-03-01,2008,3,490.32367282443573,83.92862774076917,110.74077436659071,119.0895024859716,279.687016078404,398.7765183221726,43.47517388964456,131.20497204008555,266.8180493551587,467.3375345865885,908.835712735615
MY_0p5_1.2500_112.2500,112.25,1.25,2008-03-01,2008,3,535.106513163765,83.68136232637512,111.54198118877893,133.8220874379734,312.26531300810996,446.08739692184525,43.57243554362186,131.45669292314403,267.1356452128609,467.2262800962186,909.3910671176038
MY_0p5_1.2500_112.7500,112.75,1.25,2008-03-01,2008,3,586.5054588317871,83.77197472254434,114.19441699981688,172.97155952453613,370.04325358072913,543.0148137410482,43.7189527352651,131.84237384796145,267.5986836751302,466.7291736602783,909.8891957600911
MY_0p5_1.2500_113.2500,113.25,1.25,2008-03-01,2008,3,582.1907539699389,85.24532245138418,117.0800310217816,174.7382247261379,357.5232785432235,532.2615080460258,43.708517820938766,131.80499161430026,267.5041724163553,466.5794298254925,909.5971154254415
MY_0p5_1.2500_113.7500,113.75,1.25,2008-03-01,2008,3,553.961885394472,85.72800740328701,120.16668972824557,164.6470992348411,332.7690614642518,497.4161506421638,43.65357300729462,131.64971761992481,267.2477453983191,466.4023566968513,908.9534047444661
MY_0p5_1.2500_114.2500,114.25,1.25,2008-03-01,2008,3,500.60356477720546,84.54822999397211,127.28869635657927,150.1908503169507,297.18258342911713,447.3734292899613,43.56838675304852,131.4165946487832,266.89761622606125,466.3030257773611,908.1856268148506
MY_0p5_1.2500_114.7500,114.75,1.25,2008-03-01,2008,3,441.20645633820567,83.1016328873173,129.8580794795867,128.4113513577369,269.50213426159274,397.9134718371976,43.497517739572835,131.20358473254788,266.475819249307,465.5885807160408,906.7654852098034
MY_0p5_1.7500_102.7500,102.75,1.75,2008-03-01,2008,3,344.80658633406,101.91998206712925,118.53410553932189,57.0499930381775,126.61398911476135,183.66398763656616,41.60701882839203,124.7877037525177,254.1078124046326,446.1034288406372,866.6059589385986
MY_0p5_1.7500_103.2500,103.25,1.75,2008-03-01,2008,3,337.9441390460983,99.47801956706986,117.97205322265626,71.70250381469727,122.15558479309084,193.8580886077881,41.41381763458252,124.17989997863769,252.97647811889647,444.10002960205077,862.6702209472656
MY_0p5_1.7500_103.7500,103.75,1.75,2008-03-01,2008,3,323.9178315174731,98.20151256609567,108.66690358029138,84.47778779041919,112.56467104561722,197.04245661482022,41.298063942148715,124.04770897008194,252.97775171980075,444.4916926516762,862.8152135535131
MY_0p5_1.7500_104.2500,104.25,1.75,2008-03-01,2008,3,312.1833889007569,98.14080996513367,103.4882144780122,93.62465088127195,112.98611864193465,206.61076496922695,42.26523628530576,127.78966066818829,260.8181734306868,458.69513436250907,889.5681994534278
MY_0p5_1.7500_109.7500,109.75,1.75,2008-03-01,2008,3,303.33731416214346,83.56050948209541,114.30677032470703,90.29792022705078,206.70948791503906,297.0074157714844,43.17729949951172,130.412109375,265.7350158691406,467.01727294921875,906.3417358398438
MY_0p5_1.7500_110.2500,110.25,1.75,2008-03-01,2008,3,345.0035407248508,82.76058890602805,117.1211662904464,104.94821681058343,250.76441400701347,355.71264534200577,43.32367961291961,130.78309174399965,266.13541057403074,466.461387756674,906.7035969616896
MY_0p5_1.7500_110.7500,110.75,1.75,2008-03-01,2008,3,408.3634726784446,82.66189401799981,124.26162796020506,67.93648796081541,201.93563919067378,269.8721313476562,43.20176753997802,130.46898040771484,265.7991256713867,467.1399673461914,906.6098266601562
MY_0p5_1.7500_111.2500,111.25,1.75,2008-03-01,2008,3,458.7264802478608,81.23679761129712,119.70313720703126,96.65929771245914,233.18421091478928,329.8435010333394,43.30239619765171,130.7417974427689,266.1738418933957,467.1517162234285,907.3697271302691
MY_0p5_1.7500_111.7500,111.75,1.75,2008-03-01,2008,3,509.15064983126473,81.02178001403807,111.20095320592951,142.79881503913973,299.6573201433012,442.4561404457574,43.52953613860697,131.35314540621596,267.0347899424878,467.3844033736216,909.3018621130833
MY_0p5_1.7500_112.2500,112.25,1.75,2008-03-01,2008,3,558.3943510509672,81.97701314290364,111.35395129975818,159.75734209333146,340.05213061135913,499.809461999318,43.641282278393945,131.64214865063866,267.38591996450276,467.1345333038815,909.8038891989087
MY_0p5_1.7500_112.7500,112.75,1.75,2008-03-01,2008,3,578.3834710984003,83.63085753425719,114.02781621539403,165.69494159032428,346.04908544146826,511.74402155800465,43.65343992445204,131.67241511269222,267.40556175595236,466.97684122721347,909.7082598973834
MY_0p5_1.7500_113.2500,113.25,1.75,2008-03-01,2008,3,567.4791453528026,85.34988960387214,117.48191586449032,157.88525148422,327.50639919704855,485.39165019686254,43.609079439677885,131.552094280909,267.2178230406746,466.85685657319567,909.2358396499875
MY_0p5_1.7500_113.7500,113.75,1.75,2008-03-01,2008,3,531.8922359406001,86.2155035594153,120.36643797859314,148.55692773243737,309.8442729647197,458.4012014237661,43.5645878988599,131.41559012276787,266.9290810236855,466.3009344191778,908.2101911272322
MY_0p5_1.7500_114.2500,114.25,1.75,2008-03-01,2008,3,476.7654004293774,85.47290630037821,129.21547013540115,126.73292270236544,265.03213791620163,391.7650586325025,43.44221152653769,131.07043185763888,266.3568244086371,465.79897993784095,906.6684347485738
MY_0p5_1.7500_114.7500,114.75,1.75,2008-03-01,2008,3,425.1922061900401,84.80691484836717,133.4135445708438,105.838360366426,224.13303529413253,329.9713999693876,43.280867403653005,130.5970553067064,265.43681469853067,464.10309201571613,903.4178425685113
MY_0p5_2.2500_101.7500,101.75,2.25,2008-03-01,2008,3,317.4703002313171,100.92756544941604,130.4714908792515,42.75121600218493,98.88313016024503,141.63434099910233,42.40471325498638,127.70506918550741,259.65037428730665,454.38262631194766,884.1427593809186
MY_0p5_2.2500_102.2500,102.25,2.25,2008-03-01,2008,3,328.9967271722675,100.79201522170072,123.90170890406557,48.40806690927898,105.94744201368121,154.3555154024699,42.214295163679346,127.02179433284195,258.2734629069789,451.8357199344908,879.3452866841731
MY_0p5_2.2500_102.7500,102.75,2.25,2008-03-01,2008,3,330.94337994539285,100.65167357046393,123.78742766078516,60.57386873945405,119.66393953637233,180.23781484290015,42.25916344606424,127.20517216453068,259.1025366964219,455.05011643035505,883.6170018835913
MY_0p5_2.2500_103.2500,103.25,2.25,2008-03-01,2008,3,314.5459226578001,97.69901973179407,127.05184878394718,66.376022968595,109.21001393151661,175.586039273701,42.419798738994295,127.9022733173673,260.4586369590154,456.48676457480775,887.2674808562748
MY_0p5_2.2500_103.7500,103.75,2.25,2008-03-01,2008,3,294.6776928917836,97.49719039141121,129.52507996639963,76.17349537994902,80.7172607939122,156.89075617386123,41.97206247620663,126.55601149736825,258.00929979227357,452.2936760336665,878.8310555150953
MY_0p5_2.2500_104.2500,104.25,2.25,2008-03-01,2008,3,280.05140772873796,98.27883042746446,134.06077323472206,85.17229367090651,67.44014645410964,152.61244012501615,42.31760560973617,127.98272225876487,261.2481212773599,458.81942597696604,890.3678679663288
MY_0p5_2.2500_104.7500,104.75,2.25,2008-03-01,2008,3,237.6161651611328,99.95230865478516,,,,,,,,,
MY_0p5_2.2500_109.7500,109.75,2.25,2008-03-01,2008,3,298.63320233744963,83.14905794205204,,,,,,,,,
MY_0p5_2.2500_111.2500,111.25,2.25,2008-03-01,2008,3,484.6686409711837,78.88863998651505,107.69697357626521,165.10678212782915,321.32721844841444,486.4339927224552,43.59986967198988,131.56296606624826,267.42410412956684,467.90921424416933,910.4961197796988
MY_0p5_2.2500_111.7500,111.75,2.25,2008-03-01,2008,3,529.7394680447048,79.25934850299168,107.92254292321583,170.41676180400546,321.5176411946615,491.93440009223093,43.604735286652094,131.5730231391059,267.42984909784224,467.89105738079735,910.4986322312128
MY_0p5_2.2500_112.2500,112.25,2.25,2008-03-01,2008,3,556.229649328807,80.96920740036737,108.55751245892235,175.481106906467,321.597425188337,497.07853015718007,43.6069096883138,131.56809924897692,267.3826187375992,467.7067019507998,910.2643110971602
MY_0p5_2.2500_112.7500,112.75,2.25,2008-03-01,2008,3,556.38311031281,82.82095932733445,111.27839440239799,152.2784489707341,304.51843697684154,456.7968787783668,43.53866707938058,131.38192937941776,267.0892634316096,467.4209295363653,909.4307807074653
MY_0p5_2.2500_113.2500,113.25,2.25,2008-03-01,2008,3,528.5539606972346,85.03253159295946,117.40315980457125,132.20686243450834,274.1799193367126,406.38677222842267,43.43849849398174,131.1148162841797,266.6985675145709,467.2194719587054,908.4713520352803
MY_0p5_2.2500_113.7500,113.75,2.25,2008-03-01,2008,3,487.7740662973139,86.46486275105539,123.10035565533217,121.22375505181809,268.1888353371922,389.4125999740408,43.422578437418885,131.0412744932537,266.43444698671755,466.32637081870547,907.224665001978
MY_0p5_2.2500_114.2500,114.25,2.25,2008-03-01,2008,3,436.88135085332965,86.59728286985366,131.1614801073831,95.8777591765873,221.5333479623946,317.41110074482265,43.27721092587425,130.61317216176835,265.63366398887024,465.1347072056361,904.6587289961558
MY_0p5_2.2500_114.7500,114.75,2.25,2008-03-01,2008,3,400.13918053411675,85.523032576038,134.0626894550939,92.72807801769626,187.9404673422537,280.6685551304971,43.116794032435266,130.13033373432776,264.6151393767326,462.8926132694368,900.7549025012601
MY_0p5_2.2500_115.2500,115.25,2.25,2008-03-01,2008,3,374.5513916015625,84.3044204711914,140.77967834472656,84.2847671508789,150.78256225585938,235.0673370361328,42.85102081298828,129.31202697753906,262.8273620605469,458.7644958496094,893.7548828125
MY_0p5_2.7500_101.2500,101.25,2.75,2008-03-01,2008,3,331.3628845214844,97.6508560180664,135.4903106689453,61.084251403808594,142.05694580078125,203.14120483398438,42.96347427368164,129.68345642089844,263.826416015625,462.5145568847656,898.9879150390625
MY_0p5_2.7500_101.7500,101.75,2.75,2008-03-01,2008,3,324.4432752244016,97.60033366810191,120.57500929398968,62.69100058815695,132.96822307239879,195.65921758478336,42.6836304543235,128.76638017134232,261.5291954456676,456.4706668368252,889.449863725142
MY_0p5_2.7500_102.2500,102.25,2.75,2008-03-01,2008,3,319.7338241285579,97.27705670010512,130.67409262687536,51.11777024967655,89.77607744058986,140.89385446925073,42.716520455232846,128.8779392606893,261.74365963298044,456.2561404477259,889.5942616067874
MY_0p5_2.7500_102.7500,102.75,2.75,2008-03-01,2008,3,310.2236799409118,98.13016510009764,133.26421911505204,70.1654322660422,105.40078078644186,175.5662146942525,42.83104803592344,129.41121803959714,263.83477773545667,463.85846208017085,899.9355111423927
MY_0p5_2.7500_103.2500,103.25,2.75,2008-03-01,2008,3,293.7688970869514,96.95925278876237,132.97358251680996,71.08968817352489,89.68390801302186,160.77359514175706,41.65102377970507,125.31175815072028,255.5277852829854,448.4257933015277,870.9163489858056
MY_0p5_2.7500_103.7500,103.75,2.75,2008-03-01,2008,3,277.60770124352496,97.78535494597062,130.81680487707465,71.48929114275813,65.52904218682497,137.0183333295831,40.58856535177627,121.63573930450298,248.20083772861466,435.5543921685988,845.9795298774121
MY_0p5_2.7500_104.2500,104.25,2.75,2008-03-01,2008,3,259.8440230874454,98.44869075101964,139.0086669921875,84.42826843261719,51.03936767578125,135.46763610839844,42.2775764465332,127.87017822265625,261.05975341796875,458.6841125488281,889.8916015625
MY_0p5_2.7500_111.2500,111.25,2.75,2008-03-01,2008,3,519.6263328815329,78.17087749612743,106.68036090626437,199.52388853185317,327.57752631692324,527.101427863626,43.62901474447812,131.6421194637523,267.541088328642,467.97323518640854,910.7854398839614
MY_0p5_2.7500_111.7500,111.75,2.75,2008-03-01,2008,3,552.1493182573162,79.03781174831704,106.6183955422763,203.86409766098546,332.67041502327754,536.5345174855199,43.647268607698635,131.6871772634572,267.59364147843985,467.94331083626577,910.8713741960196
MY_0p5_2.7500_112.2500,112.25,2.75,2008-03-01,2008,3,564.4425651453718,80.88817639894123,106.96172271728516,192.64461044311523,325.8626443481445,518.5072555541992,43.63005298614502,131.63594151814777,267.5063081868489,467.86860860188796,910.640893758138
MY_0p5_2.7500_112.7500,112.75,2.75,2008-03-01,2008,3,552.7207566273363,83.17556736137293,109.44648532625995,149.73616930804673,303.2688791782041,453.0050391668006,43.5419959297663,131.3972742587705,267.1440087813365,467.59824545172194,909.6815139191059
MY_0p5_2.7500_113.2500,113.25,2.75,2008-03-01,2008,3,517.9645904056609,85.47061636788504,117.66861334906683,135.75008743528335,276.6695193336123,412.4195995512463,43.45565777733212,131.1597157796224,266.7823488265749,467.41240224686885,908.8101370675223
MY_0p5_2.7500_113.7500,113.75,2.75,2008-03-01,2008,3,471.0555550156125,87.6780099808031,127.1540497457905,114.68351203772673,258.4408226256158,373.12434202546524,43.401459104695896,130.97856961390016,266.3716546319852,466.59846243888705,907.3501499443297
MY_0p5_2.7500_114.2500,114.25,2.75,2008-03-01,2008,3,414.71784374381923,87.5162448158747,131.62779735613475,103.55148689656319,228.21337895453732,331.7648591633084,43.29109019267408,130.63352990452248,265.60426253306713,464.8589117315751,904.3877777872207
MY_0p5_2.7500_114.7500,114.75,2.75,2008-03-01,2008,3,377.7982282699294,88.61912298506232,134.87727365676005,92.60807778425277,185.78069490080426,278.388774750339,43.091511210058904,130.0512394510257,264.47557106746984,462.74041164908436,900.3587549294635
MY_0p5_2.7500_115.2500,115.25,2.75,2008-03-01,2008,3,361.0667147249789,85.70058640488632,138.9354270041526,66.02595451286246,136.71102492873732,202.73698164106486,42.69628937179978,128.81717977437887,261.6134140427048,455.346445719401,888.4733045423354
MY_0p5_3.2500_101.2500,101.25,3.25,2008-03-01,2008,3,345.00885348849823,97.30751215715816,147.32194127183016,68.56977600810129,137.66447947461316,206.23425785762328,43.05976009739976,129.93160476387706,264.10893920423456,462.25488020010033,899.3551825734891
MY_0p5_3.2500_101.7500,101.75,3.25,2008-03-01,2008,3,346.5352351350604,92.91749516869805,127.1715155437494,57.57595152156369,120.15898008407301,177.73493248034436,42.630082464521855,128.53908976172187,260.57012268843926,452.169797763703,883.9090731675459
MY_0p5_3.2500_102.2500,102.25,3.25,2008-03-01,2008,3,314.3226902553013,95.3765602232918,137.05064765082466,45.72892200530521,66.10982138013082,111.83874790252202,42.629065462142705,128.73842347160218,262.00536314949153,458.4038313608321,891.7766867016988
MY_0p5_3.2500_102.7500,102.75,3.25,2008-03-01,2008,3,290.1986930943742,96.25798213331004,139.39126953897596,51.31556693209878,63.70550097694879,115.0210692248767,42.50436629524714,128.43493570255325,261.68837496600577,458.55398124984544,891.1816547248937
MY_0p5_3.2500_103.2500,103.25,3.25,2008-03-01,2008,3,278.1675161554293,96.6586162554713,133.63483033817056,66.47184050121992,63.20569128477613,129.67753039431494,40.4545241737987,121.23666762063091,247.2794204363994,432.9610940641222,841.9316863516643
MY_0p5_3.2500_112.2500,112.25,3.25,2008-03-01,2008,3,570.2338433159723,81.29879014756945,107.2962393866645,197.39359436035156,328.31622517903645,525.7098219129774,43.64183493720161,131.666010538737,267.54981418185764,467.9006571451823,910.7583129882814
MY_0p5_3.2500_112.7500,112.75,3.25,2008-03-01,2008,3,556.12842289094,84.55033874511719,113.51072611574268,140.95921850986167,295.52772171770937,436.48693297339264,43.52362976699579,131.34477884261335,267.0720262371126,467.6385793216893,909.5790150126472
MY_0p5_3.2500_113.2500,113.25,3.25,2008-03-01,2008,3,528.378801847759,86.96849645170053,123.55860814181241,136.42200250336614,267.9449051365708,404.3669075243401,43.44054187427867,131.11750013178045,266.75009814175695,467.62433716745085,908.932480320786
MY_0p5_3.2500_113.7500,113.75,3.25,2008-03-01,2008,3,478.7253484816778,88.9563778347439,128.5099137563554,132.7840418739924,261.8208055284288,394.604842703683,43.42653161911738,131.05791664729043,266.58050740559895,467.23089609297483,908.2958639477924
MY_0p5_3.2500_114.2500,114.25,3.25,2008-03-01,2008,3,407.8291114758534,90.06542298140799,133.07704774893014,110.73726685639399,252.61357281921772,363.350841254945,43.36614524938498,130.8511015290667,266.0020707245845,465.4253357322353,905.6446537090715
MY_0p5_3.2500_114.7500,114.75,3.25,2008-03-01,2008,3,361.08219909667974,93.01337568926964,139.1521183183998,76.2526945490746,188.89927770529584,265.15197729608815,43.11070881983277,130.1233942311281,264.71640986545833,463.62018667816363,901.5707152542794
MY_0p5_3.2500_115.2500,115.25,3.25,2008-03-01,2008,3,341.56595312190956,89.37985031514228,135.29501178596595,56.625254075738454,134.0023262893097,190.62757801104195,42.61800566806069,128.59221267700195,261.13857076137884,454.02748040307927,886.3762811588335
MY_0p5_3.2500_115.7500,115.75,3.25,2008-03-01,2008,3,334.5943956696585,84.77903593256232,133.6411719161473,64.1501852314124,148.92948793561268,213.0796731670251,42.77644592456603,129.10347122020934,262.4402709275149,457.82160521089367,892.1417894684866
MY_0p5_3.7500_100.7500,100.75,3.75,2008-03-01,2008,3,342.1495666503906,97.53971099853516,153.1580047607422,55.4476203918457,140.28970336914062,195.73731994628906,43.12837219238281,130.09521484375,264.2435302734375,461.8647766113281,899.3319091796875
MY_0p5_3.7500_101.2500,101.25,3.75,2008-03-01,2008,3,361.2214310308209,95.84878231406599,154.14932591706804,51.03402269233778,112.70821990472986,163.74223663428842,42.92485703156604,129.43464714963847,262.57455217182445,457.14932981818237,892.083414318492
MY_0p5_3.7500_101.7500,101.75,3.75,2008-03-01,2008,3,349.38945860021255,90.13421069588631,140.6302966950046,33.48645471463538,74.2444758445594,107.73093115448194,42.48584399861136,128.0514274159814,259.24646967991146,447.95357032338535,877.7373027437054
MY_0p5_3.7500_102.2500,102.25,3.75,2008-03-01,2008,3,297.11836053757435,90.80206906757657,140.61863040015808,30.774655720544242,43.187124730670256,73.9617811536032,42.19600637526739,127.27633989122178,258.02148611886156,446.4328887455047,873.9267093718998
MY_0p5_3.7500_102.7500,102.75,3.75,2008-03-01,2008,3,263.1530351426866,94.7266361297123,140.9505685473245,34.95293902442569,30.758543940952844,65.71148347400484,41.917091054765,126.5797162494962,257.131022329179,446.0051637679812,871.6329911489335
MY_0p5_3.7500_103.2500,103.25,3.75,2008-03-01,2008,3,254.54166014165995,95.9274855837879,138.27973920036766,59.89715534285003,47.655765428730085,107.55292077158012,41.24159818163105,124.42121043485754,253.50766218596817,441.3575561523437,860.5280283011642
MY_0p5_3.7500_113.2500,113.25,3.75,2008-03-01,2008,3,533.3318414688111,88.97560369968416,125.12224516321402,131.53853544641714,245.65917068231303,377.1977088803151,43.377770783471284,130.9554693503458,266.5535213282851,467.7760379978868,908.6627867651769
MY_0p5_3.7500_113.7500,113.75,3.75,2008-03-01,2008,3,475.0457681469645,91.13514716738744,125.11999287034318,117.84872290848915,242.307938560313,360.15666401193363,43.379751260998184,130.95690853773198,266.5493711206134,467.8250972414479,908.7111237658652
MY_0p5_3.7500_114.2500,114.25,3.75,2008-03-01,2008,3,396.5399859756518,93.36149333166698,132.01771574474515,89.31383608863467,222.3139827183315,311.6278308686756,43.30932840014261,130.75426199776786,266.19657108367437,467.4088250054253,907.6689774770587
MY_0p5_3.7500_114.7500,114.75,3.75,2008-03-01,2008,3,355.95705798921125,96.76340973869202,139.6794195750403,71.06179556468177,185.66993873232886,256.73173663426957,43.152670784602094,130.30855577256943,265.39933113219246,466.1888440328931,905.0494037930928
MY_0p5_3.7500_115.2500,115.25,3.75,2008-03-01,2008,3,342.54715750558034,92.01514170813182,129.7598197331504,53.38693041120257,142.38859800308472,195.775530085488,42.615231807648186,128.60182252914186,261.2486925882007,454.46698937794514,886.9327679346477
MY_0p5_3.7500_115.7500,115.75,3.75,2008-03-01,2008,3,340.3284220523971,85.10795285890428,131.8321875702563,56.62356452118578,154.47369714092008,211.09725908238252,42.762556473985846,129.03398132324216,262.1493387565338,456.56602027947946,890.5119110766074
MY_0p5_4.2500_100.7500,100.75,4.25,2008-03-01,2008,3,388.8733417510986,99.45027388925628,152.83509708326693,71.47078013517418,168.99836375956633,240.46915046536196,43.25536531720844,130.4385337985292,264.76340082908166,462.20208291812827,900.6593809789541
MY_0p5_4.2500_101.2500,101.25,4.25,2008-03-01,2008,3,374.97426433711087,92.8968444386865,148.42831343146648,51.46982738470576,115.2955267110448,166.76536030374515,42.811416820356044,128.94199162379954,260.6564667331186,449.3908892589011,881.800772697303
MY_0p5_4.2500_101.7500,101.75,4.25,2008-03-01,2008,3,330.27057702762573,92.61320571168163,152.24041055795107,29.800693786182347,33.65914990726751,63.45984381532517,42.31308693931507,127.44301636912193,257.5189708185653,443.1101976096059,870.3852652162791
MY_0p5_4.2500_102.2500,102.25,4.25,2008-03-01,2008,3,269.36498233685484,95.64834538663919,151.9322995316868,30.29998544077523,27.636362008774242,57.936347766425285,42.10653146615806,126.8832242923042,256.61231297502127,441.737865996437,867.3399354002346
MY_0p5_4.2500_102.7500,102.75,4.25,2008-03-01,2008,3,229.92596037068944,96.23144130342325,142.9130677144239,34.09096295059108,36.97055283929133,71.06151710801824,41.63557102422047,125.5512886047363,254.04802271363081,435.92767032696185,857.1625488670011
MY_0p5_4.2500_103.2500,103.25,4.25,2008-03-01,2008,3,217.69681443527284,99.1326899511889,139.98969058791104,63.634204518919645,50.19581460454322,113.8300181000075,41.580668419495694,125.73434684833167,256.13026795071585,445.11362087768134,868.5589093464177
MY_0p5_4.2500_113.7500,113.75,4.25,2008-03-01,2008,3,418.3019372849237,95.4481342200077,124.09838435334979,88.20609520966153,200.96015829410194,289.16626638736363,43.213017985505886,130.52668949343123,265.99827834795104,467.82514233859087,907.5631431723542
MY_0p5_4.2500_114.2500,114.25,4.25,2008-03-01,2008,3,377.01826943114213,96.72222222876826,129.16272279010317,84.38530740038308,191.46985599709294,275.85517853843663,43.18122218658565,130.44433293287358,265.89146829848124,467.84393251632633,907.3609590861789
MY_0p5_4.2500_114.7500,114.75,4.25,2008-03-01,2008,3,359.6398516845703,98.4691133117676,137.38311950683595,76.06749949137371,187.55499226888026,263.62249328613285,43.15194933573406,130.33809305826824,265.5833601888021,466.9069291178387,905.980341796875
MY_0p5_4.2500_115.2500,115.25,4.25,2008-03-01,2008,3,362.0267043643528,96.84767174720764,130.185933748881,55.07278747028776,149.31085353427466,204.38363536198932,42.62584173679352,128.64291212293836,261.3329686058892,454.5485374662611,887.1502513885498
MY_0p5_4.2500_115.7500,115.75,4.25,2008-03-01,2008,3,374.25389993958555,88.14487886590476,126.82108806028205,60.793665145615414,168.51920869471664,229.31287365929558,42.85177442906267,129.3173035702463,262.7752702098783,457.9186454126392,892.8630124884138
MY_0p5_4.2500_116.2500,116.25,4.25,2008-03-01,2008,3,398.81749409001054,91.97619405606898,126.43307648635492,70.07634595545328,176.43040698912088,246.50675657318865,43.0150828477813,129.81305899271152,263.91757332406394,461.079342167552,897.8250520287492
MY_0p5_4.2500_116.7500,116.75,4.25,2008-03-01,2008,3,397.28328497561427,94.69382101951997,117.81260963395842,62.955373113555034,162.00829293135274,224.9636697052531,42.978965185970246,129.7649987722408,264.15955383653585,462.89350406007276,899.7970178857705
MY_0p5_4.2500_117.2500,117.25,4.25,2008-03-01,2008,3,377.84967000505566,96.31478216795794,110.38816938147082,51.41404352778882,131.80650059522782,183.22054412301665,42.86819135615256,129.54081537027275,264.2640984459261,465.1469854844355,901.8200929354778
MY_0p5_4.2500_117.7500,117.75,4.25,2008-03-01,2008,3,355.70674785385785,95.1229139474722,100.14593512380225,41.79690033350235,86.67785240238548,128.47475270328357,41.19948325197921,123.61264018523389,252.2743667211288,443.8533733400524,860.9398550701957
MY_0p5_4.2500_118.2500,118.25,4.25,2008-03-01,2008,3,324.055462932029,94.42004091140123,89.06342014385638,39.24583058448355,65.17472601240608,104.42055263640773,38.38769762075631,113.37902248892814,231.34007195150784,406.4183841389456,789.5251838052349
MY_0p5_4.2500_118.7500,118.75,4.25,2008-03-01,2008,3,303.9693535698785,95.0175351743345,84.17753601074219,42.31847381591797,66.76752471923828,109.08599090576172,36.82179260253906,107.62962341308594,219.62310791015625,385.8473815917969,749.9219360351562
MY_0p5_4.7500_100.2500,100.25,4.75,2008-03-01,2008,3,377.05446370442706,107.38480461968318,,,,,,,,,
MY_0p5_4.7500_100.7500,100.75,4.75,2008-03-01,2008,3,380.0101067529966,101.30649597279344,148.68842880124967,55.55019118921544,97.30793655984769,152.85812774906316,42.69404833103583,128.53819997523857,259.52667261139163,446.8085391657139,877.5674751095655
MY_0p5_4.7500_101.2500,101.25,4.75,2008-03-01,2008,3,343.56724387993256,92.61913495744976,142.93034076993428,43.93218355935718,82.23241499643478,126.16459302145336,42.49190247550843,127.86642325265069,257.65640811011906,439.8469981360057,867.8617106119792
MY_0p5_4.7500_101.7500,101.75,4.75,2008-03-01,2008,3,285.5454623957349,95.60779712010945,158.26156209309897,36.882400658017126,50.46064777677022,87.34304831368583,42.392136237734846,127.73797866579086,258.347604031033,444.58324439639136,873.0609390500993
MY_0p5_4.7500_102.2500,102.25,4.75,2008-03-01,2008,3,224.17261773972282,99.40484815325055,154.76425287155877,49.000114876883366,78.33215542747861,127.33227146693639,42.44011858985537,128.02787272135416,259.7084411621094,449.8431666782924,880.0195893787203
MY_0p5_4.7500_102.7500,102.75,4.75,2008-03-01,2008,3,186.30779426720486,100.46228583755006,145.80704809298177,55.36296989052158,66.87533768574902,122.23831317682931,41.95431261001877,126.68114668244765,257.3277510138833,445.70447467390886,871.6676779583
MY_0p5_4.7500_103.2500,103.25,4.75,2008-03-01,2008,3,177.32498704087678,104.13972837533525,134.11388180440642,62.78583457637097,58.927700310175716,121.71353861678571,40.17249735870925,120.55927800252431,245.53650853906612,426.57437967110394,832.8426617273986
MY_0p5_4.7500_103.7500,103.75,4.75,2008-03-01,2008,3,173.6322832609478,105.99176788330078,119.80826855944348,63.51080906855596,35.75783781571821,99.2686504017223,36.377235412597656,106.84184106603846,217.98844216086647,379.81562190860893,741.0231402508624
MY_0p5_4.7500_113.7500,113.75,4.75,2008-03-01,2008,3,338.2624206542969,99.11561584472656,,,,,,,,,
MY_0p5_4.7500_114.2500,114.25,4.75,2008-03-01,2008,3,338.2624206542969,99.76718929835728,132.68426513671875,99.10443115234375,187.34486389160156,286.4493103027344,43.17327117919922,130.41876220703125,265.85980224609375,467.93121337890625,907.383056640625
MY_0p5_4.7500_114.7500,114.75,4.75,2008-03-01,2008,3,354.33990741032426,103.47570973057903,140.25316792149695,74.53415684033465,183.4886917606477,258.02284454017564,43.144668538083316,130.31116428170154,265.5316529632897,466.88477645381806,905.8722435735888
MY_0p5_4.7500_115.2500,115.25,4.75,2008-03-01,2008,3,388.0002895991007,105.23176292578378,138.06329909960428,58.51329743862152,165.09220035870868,223.605496486028,42.851572394371026,129.33018851280212,262.8754638036092,458.50995985666896,893.567161242167
MY_0p5_4.7500_115.7500,115.75,4.75,2008-03-01,2008,3,408.7564461844308,96.88388630700489,132.3322085425967,72.2248334369962,182.04510478670633,254.2699427044581,42.995740048847495,129.74592517671132,263.7011608305432,460.2482420906188,896.6910541837177
MY_0p5_4.7500_116.2500,116.25,4.75,2008-03-01,2008,3,420.02608187236467,94.53034302242219,133.53911123124377,88.46645413353329,196.90200650654137,285.36845703124993,43.13533038184755,130.18254568917408,264.75180237785213,463.21173706054685,901.2814234173485
MY_0p5_4.7500_116.7500,116.75,4.75,2008-03-01,2008,3,424.5177978322476,95.44077305854121,123.86817227134223,72.9894362099563,180.88171338431445,253.87115304681325,43.05207857300963,129.94805372214014,264.3701641227626,462.7604447376879,900.1307272609275
MY_0p5_4.7500_117.2500,117.25,4.75,2008-03-01,2008,3,420.85628168015256,95.35854545472161,113.494362894694,57.423772951156366,158.12309928772942,215.54687122163315,42.90524674672928,129.53984559074277,263.665415639726,461.61797601609004,897.7284875294517
MY_0p5_4.7500_117.7500,117.75,4.75,2008-03-01,2008,3,390.38848664488967,94.97902527338341,106.35573044306115,52.32162434541726,126.52122521702248,178.84284683420685,42.71822034859959,129.0434596870519,262.9315807487391,460.97242649899255,895.6657060067864
MY_0p5_4.7500_118.2500,118.25,4.75,2008-03-01,2008,3,346.82651630957525,95.61858348750592,104.17894553179717,57.09554685659746,125.29891676399578,182.3944618570146,42.72641276834,129.10197993139528,263.2335764822649,462.2735163242974,897.3355124008716
MY_0p5_4.7500_118.7500,118.75,4.75,2008-03-01,2008,3,314.5971389963657,95.5567424146435,104.90766105168984,73.44517039045502,112.59600144398362,186.04116975808446,42.68492223039458,129.02928992162776,263.34373029877867,463.4026682407041,898.460638504994
MY_0p5_5.2500_100.2500,100.25,5.25,2008-03-01,2008,3,324.68074026824416,111.71030540686812,76.03337860107422,7.7720627784729,0.050030749291181564,7.822093486785889,26.988256454467773,71.99748229980469,142.1549835205078,233.31695556640625,474.4576721191406
MY_0p5_5.2500_100.7500,100.75,5.25,2008-03-01,2008,3,309.13517312442553,106.83603936207446,145.97605974920864,22.749421026514863,23.297421323456643,46.04684237228044,40.14261274228151,119.87475235160741,238.808728974441,399.3824406766343,798.2085160880254
MY_0p5_5.2500_101.2500,101.25,5.25,2008-03-01,2008,3,274.99617367699034,100.24945075625463,149.67562217106894,29.714849799019944,39.01621771918403,68.73107033381385,41.59867935180664,125.08009394085595,251.19706590440535,424.4490653870597,842.3248843238466
MY_0p5_5.2500_101.7500,101.75,5.25,2008-03-01,2008,3,224.83307020831262,100.37597753439742,160.30120694105796,36.21755988127107,33.621293872784655,69.83885415192624,41.830086446871434,126.12622617004784,255.22314103241936,438.19463343529185,861.3740582314268
MY_0p5_5.2500_102.2500,102.25,5.25,2008-03-01,2008,3,169.395941667496,109.05101380074859,151.8054757573802,33.208909708982816,28.073664719891394,61.282573505571705,41.227400141916455,124.38470269464383,252.70679172588763,437.04890597398116,855.3678169007512
MY_0p5_5.2500_102.7500,102.75,5.25,2008-03-01,2008,3,139.27980590720907,108.3045416182014,138.93084437483446,44.00783468343443,35.88163606352725,79.88946921784998,40.05015156632762,120.4656006893869,245.15185722739008,424.2986967442399,829.9663116972324
MY_0p5_5.2500_103.2500,103.25,5.25,2008-03-01,2008,3,137.73426163284867,111.18983459472656,141.57917944177404,68.01105925324677,57.99209431239537,126.00315723171484,40.95277137260933,123.98344243037238,253.30763789585657,441.6784265691584,859.922285600142
MY_0p5_5.2500_115.2500,115.25,5.25,2008-03-01,2008,3,424.60904865880167,109.3082506733556,141.21718985135442,77.601348501737,185.2591377633517,262.86049014232196,43.03781190465709,129.92314948410285,264.3532604780354,462.7549283387231,900.0691468285733
MY_0p5_5.2500_115.7500,115.75,5.25,2008-03-01,2008,3,437.30989722822824,106.75936146023908,137.7732917914956,89.36605211678197,194.9012018236063,284.2672611559851,43.04740327738099,129.93106689453126,264.2508541818392,462.0480803926112,899.2774085093351
MY_0p5_5.2500_116.2500,116.25,5.25,2008-03-01,2008,3,435.7186390357682,100.20802925206438,133.95869535132297,99.60985253732416,210.76937320564363,310.37923170645024,43.115320579915114,130.15228334257876,264.8015900623949,463.5811773372602,901.6503637772572
MY_0p5_5.2500_116.7500,116.75,5.25,2008-03-01,2008,3,455.91264140455024,99.28957564921319,128.46291030207763,102.66291555573667,231.77176342734805,334.4346794418141,43.2112667590757,130.4160609667814,265.2119570382033,463.84617325022253,902.6854516524303
MY_0p5_5.2500_117.2500,117.25,5.25,2008-03-01,2008,3,502.7536932082403,98.61295388842386,120.2121142917209,118.19531058659629,243.18526296464222,361.380565437438,43.250353228856646,130.54471033489892,265.5023133293031,464.4659541054378,903.7633432539683
MY_0p5_5.2500_117.7500,117.75,5.25,2008-03-01,2008,3,475.58073556082593,96.42415144178601,110.26274474613251,115.90200917077442,209.9344265407986,325.8364345005581,43.09939860994854,130.1403499542721,264.9207106817336,464.1482046944754,902.3086636982266
MY_0p5_5.2500_118.2500,118.25,5.25,2008-03-01,2008,3,387.8762343410171,95.66574500017104,105.47156420179235,101.24939577139108,180.14378420106925,281.3931783202347,42.99023307508723,129.87917575714692,264.733353341461,465.0344048761258,902.6371623239697
MY_0p5_5.2500_118.7500,118.75,5.25,2008-03-01,2008,3,316.697232208252,95.07643611847408,105.41535780164931,96.84922472635904,119.1370555029975,215.98627916971842,42.7119320763482,129.13113530476886,263.6296026441786,464.1957689921061,899.6684460110134
MY_0p5_5.2500_119.2500,119.25,5.25,2008-03-01,2008,3,266.1685360425139,94.50616338820683,105.65835571289062,96.20726013183594,90.830810546875,187.03807067871094,42.57854080200195,128.76666259765625,263.0568542480469,463.5848693847656,897.9869384765625
MY_0p5_5.7500_100.2500,100.25,5.75,2008-03-01,2008,3,260.3084089949324,119.76545357918953,105.23052502553396,7.200156566199906,0.023311281798903002,7.223467861840485,30.743671942194666,87.16499573593839,163.49953593682804,299.80052982995267,581.2087351947749
MY_0p5_5.7500_100.7500,100.75,5.75,2008-03-01,2008,3,247.6603526281932,116.60176239013671,139.60536666870118,10.968904533386231,0.4418742436543107,11.410778732299804,36.66502628326416,108.50613863627116,212.49454147338867,350.54325622558594,708.20894144694
MY_0p5_5.7500_101.2500,101.25,5.75,2008-03-01,2008,3,226.50063684418447,111.9183011092539,154.9643273541308,20.434779557656114,11.21024456362086,31.645024772704122,40.15996815839152,120.708016703448,241.37900669368238,402.8144126351425,805.0613946389027
MY_0p5_5.7500_101.7500,101.75,5.75,2008-03-01,2008,3,180.75433470408123,110.46477206548059,160.57222061157228,27.72053346633912,18.72054865260919,46.44108357429504,40.85724740028382,123.36408046086632,249.80228354136153,427.51952171325684,841.5431391398113
MY_0p5_5.7500_102.2500,102.25,5.75,2008-03-01,2008,3,123.2738043467204,118.13049807915321,144.30994952166523,16.950111443747574,7.963415236284435,24.913525505900783,38.986806182347564,117.63801970305266,239.53232453728364,412.4299099597867,808.5870433255077
MY_0p5_5.7500_102.7500,102.75,5.75,2008-03-01,2008,3,105.66999829973494,114.8907776249265,114.72872924804688,11.12495231628418,11.99956226348877,23.124513626098633,33.91630935668945,98.92745971679688,202.2474365234375,352.25628662109375,687.3474731445312
MY_0p5_5.7500_103.2500,103.25,5.75,2008-03-01,2008,3,114.73097229003906,117.14933013916016,,,,,,,,,
MY_0p5_5.7500_115.2500,115.25,5.75,2008-03-01,2008,3,433.6861368815104,110.47532374064129,137.9756317138672,77.33342742919922,152.56808471679688,229.90151977539062,42.923789978027344,129.7499237060547,264.81976318359375,466.5381774902344,904.0316772460938
MY_0p5_5.7500_115.7500,115.75,5.75,2008-03-01,2008,3,424.6006228207079,107.34427188803082,130.33531058175225,77.80518704368956,171.03195132300968,248.83714236304874,42.6719096955799,128.91001848493303,262.53768862769715,459.3236749558221,893.4432942708333
MY_0p5_5.7500_116.2500,116.25,5.75,2008-03-01,2008,3,412.1079432896205,100.36575731549945,123.00444815499442,85.03476528591581,199.47176523359997,284.50653090704054,42.67641702076745,128.85600198412698,262.04141312856524,456.66210579039563,890.2359378875248
MY_0p5_5.7500_116.7500,116.75,5.75,2008-03-01,2008,3,449.2992209782676,96.3025650993226,114.91554621136378,133.55400161743165,280.3529096330915,413.9069000728547,43.140141901894225,130.1828365265377,264.477688937717,460.65975254603796,898.4604319738962
MY_0p5_5.7500_117.2500,117.25,5.75,2008-03-01,2008,3,524.4253750870281,99.31141039249648,112.65126056851649,203.4458767863854,339.66219226343776,543.108056582863,43.50952297655942,131.30288662594577,266.8570881070399,466.03827154598775,907.7077729137915
MY_0p5_5.7500_117.7500,117.75,5.75,2008-03-01,2008,3,513.5248127286396,98.70386064317492,109.2529151967708,205.52975545793575,303.4557092653825,508.98547209669294,43.45218682769162,131.17791394739345,266.8953477488268,467.47399677046195,908.9994275393904
MY_0p5_5.7500_118.2500,118.25,5.75,2008-03-01,2008,3,423.48441196495384,97.12546475728354,107.53086218939887,163.63630594889324,243.4083265516493,407.0446282280816,43.24425298055013,130.61493740505642,266.07894870334206,467.14471394856776,907.0828190104166
MY_0p5_5.7500_118.7500,118.75,5.75,2008-03-01,2008,3,331.5424974881686,96.39546445699841,107.12688446044922,147.9698486328125,226.0600128173828,374.02984619140625,43.17809295654297,130.43360900878906,265.7998352050781,466.93231201171875,906.3438110351562
MY_0p5_6.2500_99.7500,99.75,6.25,2008-03-01,2008,3,197.56113418878292,135.52362898284315,121.14600336828897,3.0926854610443115,0.0015927476315694144,3.094278124875801,33.18729223206986,99.8874609304029,189.36467902604923,311.0810305573219,633.5204467773436
MY_0p5_6.2500_100.2500,100.25,6.25,2008-03-01,2008,3,214.91381961107257,129.4008906185627,122.78906439956353,6.063649816902316,0.015635134679341346,6.079284922930658,33.235939119300056,98.22658003203723,184.06117796605946,329.9664847237723,645.4901783223054
MY_0p5_6.2500_100.7500,100.75,6.25,2008-03-01,2008,3,211.47300484557874,126.0410588680547,140.5830617190328,7.915371552397386,0.16445798571419304,8.079829331990835,36.20735885737946,108.06393579902796,210.01367476179794,351.4441353934152,705.7290969907548
MY_0p5_6.2500_101.2500,101.25,6.25,2008-03-01,2008,3,198.93955711951622,123.53804098275992,149.35667184682995,13.895907005896934,1.8848436905787542,15.780750392033505,38.01300700261043,114.2588094858023,226.53427663949822,374.17924616887024,752.9853431114784
MY_0p5_6.2500_101.7500,101.75,6.25,2008-03-01,2008,3,137.8097207205636,123.04156537737164,151.4060054234096,11.013207217625208,2.6039418705872124,13.617149393899098,38.6912245614188,117.2037133353097,237.1071624755859,402.13730381556917,795.1393955775669
MY_0p5_6.2500_102.2500,102.25,6.25,2008-03-01,2008,3,102.82670831680296,123.66666105316907,143.62997436523438,5.065207481384277,0.11647722125053406,5.181684970855713,38.09489059448242,115.69139862060547,234.90228271484375,398.7944641113281,787.4830322265625
MY_0p5_6.2500_115.7500,115.75,6.25,2008-03-01,2008,3,355.70933393998575,106.34240098433061,135.8376007080078,63.420387268066406,142.20785522460938,205.6282501220703,42.393375396728516,128.134765625,261.0801696777344,456.2271423339844,887.83544921875
MY_0p5_6.2500_116.2500,116.25,6.25,2008-03-01,2008,3,360.82185390539337,102.93528690672757,126.12419750196818,68.30943582341534,178.47398188250708,246.7834186974076,42.538249448532575,128.5129891282136,261.6007814113264,456.37727308903493,889.0292979505093
MY_0p5_6.2500_116.7500,116.75,6.25,2008-03-01,2008,3,395.00465814499626,99.4965825640966,112.70113617427766,113.83028193882534,249.1737032935733,363.0039815266927,42.87903169904436,129.48006451319134,263.3410022553943,459.0491447327629,894.7492565336682
MY_0p5_6.2500_117.2500,117.25,6.25,2008-03-01,2008,3,470.3442661830357,100.28890148344495,107.49235430520677,169.36546805245536,265.87234477694074,435.23781757657486,42.549293941921654,128.18484710208955,261.0568883502294,456.8670156327505,888.6580574156748
MY_0p5_6.2500_117.7500,117.75,6.25,2008-03-01,2008,3,495.3866534233094,100.73972821235657,106.64000679596127,171.46654407880462,241.85569111785,413.3222443876211,42.41261220117759,127.74354544299388,260.4569844920733,457.1399275573374,887.7530688904881
MY_0p5_6.2500_118.2500,118.25,6.25,2008-03-01,2008,3,485.841427394322,101.05944388253349,108.70960208347864,168.42700958251953,229.647212437221,398.07423182896207,43.07273728506906,130.19569614955358,265.5678405761719,466.7102541242327,905.5465000697545
MY_0p5_6.7500_100.2500,100.25,6.75,2008-03-01,2008,3,195.93294973934397,132.96263044020708,128.66434630225686,5.1402695126393265,0.01908749027728952,5.159356909639695,34.26281337177052,103.29841641818776,196.36862137738396,332.38604781206914,666.3158865535961
MY_0p5_6.7500_100.7500,100.75,6.75,2008-03-01,2008,3,187.2975752088759,131.06768968370227,136.79255450213398,5.381919790197302,0.06284467124000744,5.444764508141412,35.14923109831634,105.80009234393084,204.9915042453342,349.5351065176505,695.4759182400173
MY_0p5_6.7500_116.2500,116.25,6.75,2008-03-01,2008,3,332.2955743197737,105.20457919808321,118.39223908215035,92.80829936702078,218.97217280690265,311.78047515124814,42.77384864993212,129.27912009634625,263.50484857326603,461.3569231731136,896.9147279320694
MY_0p5_6.7500_116.7500,116.75,6.75,2008-03-01,2008,3,356.8568357475073,103.77395161986352,111.07704708416001,110.96229631627503,205.28822598061547,316.25052109066206,41.41474210414962,124.33817686299562,253.45222575673944,443.8742345274673,863.0793775475544
MY_0p5_6.7500_117.2500,117.25,6.75,2008-03-01,2008,3,410.1530023558527,102.1562736054771,104.096010393801,136.82827076869728,185.70007425493898,322.52834245799914,40.29970187634493,120.29121155865424,245.38862312789513,430.41446962609757,836.394008400166
MY_0p5_6.7500_117.7500,117.75,6.75,2008-03-01,2008,3,462.83957248263886,101.49904314676921,105.03792524337769,154.25197839736936,179.2836618423462,333.5356378555298,40.77398359775544,121.99492645263672,249.09551811218262,437.81983280181885,849.6842555999757
MY_0p5_7.2500_116.7500,116.75,7.25,2008-03-01,2008,3,327.7944871797336,104.88771396213107,109.35723233430282,76.80381171185039,123.4618722666865,200.26568271802822,40.304279194707455,120.63432816215183,246.45627375063688,433.19863971212635,840.5935159434442
MY_0p5_7.2500_117.2500,117.25,7.25,2008-03-01,2008,3,328.15399527334955,104.29012133624103,108.80313022011205,67.88764483803197,97.04244946931539,164.93009033203123,39.66084442138672,118.34009576094778,241.8926333778783,425.7224831028988,825.616060598273
MY_0p5_0.7500_110.2500,110.25,0.75,2008-04-01,2008,4,270.92538264347957,95.37150233342098,106.17879145695615,54.28609372652495,144.1521942138672,198.43828101524943,42.96532246516301,129.7392056978666,264.1544325608474,463.0973322941707,899.9562678410458
MY_0p5_0.7500_110.7500,110.75,0.75,2008-04-01,2008,4,288.14732230050225,96.22744979858398,112.39466727120536,73.40656879970007,123.86879305158342,197.27536795479912,42.947493525913785,129.7690887451172,264.6754185267857,466.0774322509766,903.4694318498883
MY_0p5_0.7500_111.7500,111.75,0.75,2008-04-01,2008,4,293.00968569800966,94.65271625821553,114.68016028025794,50.40478200761099,122.23280443464006,172.63759286063058,42.89945844619993,129.61537606375558,264.345216296968,465.3319987947979,902.1920185391865
MY_0p5_1.2500_103.2500,103.25,1.25,2008-04-01,2008,4,233.61321621496703,98.52119830974098,98.63097086819737,27.918749765916306,81.57672067122027,109.49547524885698,39.265075423500754,116.64563525806776,238.35544620860708,420.76273276589137,815.028905695135
MY_0p5_1.2500_103.7500,103.75,1.25,2008-04-01,2008,4,219.81753777068798,98.0680759022537,90.1870391253129,28.54857309582164,83.29628153680598,111.84485648442241,40.469952185177114,121.22181183157616,247.7919508554403,437.7623782852321,847.246083083662
MY_0p5_1.2500_104.2500,104.25,1.25,2008-04-01,2008,4,200.7194155011858,99.24443195887973,80.42569732666016,29.325944900512695,85.00507354736328,114.33101654052734,42.0681037902832,127.2719955444336,260.2711486816406,460.2374267578125,889.8486328125
MY_0p5_1.2500_109.7500,109.75,1.25,2008-04-01,2008,4,231.01807008306662,98.2729090495282,108.80070697830385,37.44499160582761,138.8532812279391,176.29827954395708,43.031691034156154,130.01606419574784,265.19922830972325,467.3234480892319,905.5704911932887
MY_0p5_1.2500_110.2500,110.25,1.25,2008-04-01,2008,4,266.0856496450064,95.93920026506697,107.06630859964143,56.552410066818176,137.96770492023487,194.5201130870687,42.95676239484986,129.73915135446202,264.29182652064736,463.92594656336723,900.9136595265746
MY_0p5_1.2500_110.7500,110.75,1.25,2008-04-01,2008,4,284.1963259742373,96.16531628805492,113.81791338239395,68.45315936860582,114.10822669135199,182.56138925703743,42.9216210864839,129.70495208255826,264.62857142857143,466.3518648662264,903.6070033482143
MY_0p5_1.2500_111.2500,111.25,1.25,2008-04-01,2008,4,287.3772190081807,94.72826263622736,114.36258019883032,58.18757121174481,106.67699500623223,164.86456469453563,42.86152074893062,129.52207581151413,264.2403270977374,465.4478626190283,902.0717884587785
MY_0p5_1.2500_111.7500,111.75,1.25,2008-04-01,2008,4,293.19733586387025,93.9245891268291,113.24989900134858,50.102209424215644,125.5729527549138,175.6751689608135,42.92354916769361,129.67540244450643,264.4119824606275,465.29748002309645,902.3083893306671
MY_0p5_1.2500_112.2500,112.25,1.25,2008-04-01,2008,4,302.7150956362032,92.82325527752717,114.76885347317922,58.760282468069626,131.10872111828797,189.869007710878,42.95705251161217,129.75577634240165,264.47421016789934,465.06889645339265,902.2559340423737
MY_0p5_1.2500_112.7500,112.75,1.25,2008-04-01,2008,4,319.2434953053792,91.6361346244812,114.43638388315837,78.7173285484314,140.05000845591226,218.76733303070068,42.92219225565592,129.5661449432373,263.6348698933919,461.53561909993493,897.6588490804037
MY_0p5_1.2500_113.2500,113.25,1.25,2008-04-01,2008,4,322.49094636336616,91.97088105574896,116.29327425749406,66.82253563922384,122.4774432638417,189.2999745244565,42.73492667156717,128.9923382302989,262.3603000806725,458.3295404848845,892.4171031122622
MY_0p5_1.2500_113.7500,113.75,1.25,2008-04-01,2008,4,334.2417463822798,91.84487007603501,118.55256017049153,55.750134063489504,113.43184962417139,169.1819814046224,42.649351986971766,128.73012149695194,261.75937930020416,456.7287206938772,889.8675846909032
MY_0p5_1.2500_114.2500,114.25,1.25,2008-04-01,2008,4,357.1081270201017,89.98929717477445,121.086473920704,57.389184698594356,122.08334323579231,179.47251986613318,42.72024991870982,128.94121936359235,262.18951064928444,457.68051147460943,891.5315006222345
MY_0p5_1.2500_114.7500,114.75,1.25,2008-04-01,2008,4,366.2863395444809,87.09005515806136,119.77701125606414,56.96722965855753,167.72365102460304,224.69088302120088,42.981349575904105,129.68970661778604,263.5641361359627,460.039066437752,896.2742388325353
MY_0p5_1.7500_102.7500,102.75,1.75,2008-04-01,2008,4,243.8842285324856,99.6570909194525,106.42355966567993,32.09952366352081,110.33728528022766,142.43681001663208,41.484004855155945,124.55941796302797,254.2898025512695,448.44734287261963,868.7805709838867
MY_0p5_1.7500_103.2500,103.25,1.75,2008-04-01,2008,4,235.38425248193928,97.89127299776409,108.49978420257568,33.854870567321775,111.04315200805662,144.89802520751954,41.38074323654175,124.18422309875488,253.50131301879884,446.9637590026856,866.0300424194336
MY_0p5_1.7500_103.7500,103.75,1.75,2008-04-01,2008,4,220.14492628845986,97.97335202180885,99.8357891131051,32.53806974918027,84.63593212562272,117.17400227317327,41.24879838243315,123.95703762392453,253.14021600650833,446.2840089435818,864.6300506591796
MY_0p5_1.7500_104.2500,104.25,1.75,2008-04-01,2008,4,205.46655168533323,99.0572015285492,94.4200404558995,32.76590635610181,71.0655158582584,103.83142107586528,42.186102844947996,127.57340772761854,260.5930215998213,459.42960138838424,889.782105438469
MY_0p5_1.7500_109.7500,109.75,1.75,2008-04-01,2008,4,227.38057815196905,98.52186690929324,108.9105224609375,37.505455017089844,137.60748291015625,175.11294555664062,43.02936935424805,130.01490783691406,265.2268981933594,467.49444580078125,905.7656860351562
MY_0p5_1.7500_110.2500,110.25,1.75,2008-04-01,2008,4,254.70728867777282,97.19628043126579,108.53837503851419,59.586914470489006,130.66909773719505,190.25601971468186,42.963781673003005,129.80417123070376,264.6720995571524,465.7288505023814,903.1688738328252
MY_0p5_1.7500_110.7500,110.75,1.75,2008-04-01,2008,4,278.5352727716619,95.82637336037375,115.9375129699707,56.21813621520996,99.69079818725585,155.90893173217773,42.89573669433594,129.64796752929686,264.6594039916992,467.1130432128906,904.3161346435546
MY_0p5_1.7500_111.2500,111.25,1.75,2008-04-01,2008,4,284.7516046433222,93.51241784474206,113.91958493964617,46.39849741736124,108.04095033157704,154.4394512797511,42.91525295168855,129.67508772029433,264.5666782113009,466.39011074332313,903.5471233988917
MY_0p5_1.7500_111.7500,111.75,1.75,2008-04-01,2008,4,293.5335296437709,92.12495349932318,107.20438942728163,49.49815112729615,135.02163058896608,184.51978471007527,42.99687979492958,129.88443770589706,264.8191607511496,466.18217255797555,903.8826450396186
MY_0p5_1.7500_112.2500,112.25,1.75,2008-04-01,2008,4,307.5039606003534,91.37215433272102,110.04557943192741,60.2570319523887,133.80349494086371,194.0605286128937,42.9554438515315,129.7185852050781,264.25481141105524,464.1350776793465,901.0639301602802
MY_0p5_1.7500_112.7500,112.75,1.75,2008-04-01,2008,4,318.2194603329613,91.71726863800532,113.41956966339596,70.30953189910404,123.19366256471665,193.50319209023127,42.86704916575599,129.43113693963912,263.5475868830605,462.17190638950893,898.0177048456102
MY_0p5_1.7500_113.2500,113.25,1.75,2008-04-01,2008,4,325.5044106135293,92.42238009013826,115.99927370586093,72.78539250691732,115.41501149979847,188.20040283203124,42.779049670507035,129.15946195087736,262.9340114048549,460.58848382859,895.4610026041665
MY_0p5_1.7500_113.7500,113.75,1.75,2008-04-01,2008,4,339.17555396670383,92.09720463828435,117.26565045553538,69.85980715070451,117.58949783567398,187.44930356949095,42.68166706145755,128.84511340913318,262.0933868892609,457.796537562779,891.416707938058
MY_0p5_1.7500_114.2500,114.25,1.75,2008-04-01,2008,4,357.9009575737847,90.31749497670975,121.15064472016833,66.92049532693531,122.68771066817027,189.608199976361,42.69980267721508,128.89926258874314,262.19500248015873,457.95810411241314,891.7521753704735
MY_0p5_1.7500_114.7500,114.75,1.75,2008-04-01,2008,4,361.1986719635484,88.32230460211402,122.6332774186999,65.06627091719079,140.8180870095683,205.884362808781,42.82316470763844,129.2552692630748,262.86369537195395,459.2079753974559,894.1500800730652
MY_0p5_2.2500_101.7500,101.75,2.25,2008-04-01,2008,4,239.7567306672684,97.23147729430536,111.03621920190677,31.963314557316327,116.20910752421678,148.17242092556424,42.44518206817935,128.0258255775529,261.35596288815896,461.1647758098564,892.9917257289693
MY_0p5_2.2500_102.2500,102.25,2.25,2008-04-01,2008,4,248.20974351800797,97.61338477613823,108.10339063434509,31.053125354091517,106.33770562130869,137.39083606774727,42.191153384852065,127.13389948794716,259.4520164380233,457.2425383791398,886.0195972497382
MY_0p5_2.2500_102.7500,102.75,2.25,2008-04-01,2008,4,248.19858864892888,98.25087728379647,109.12828892092162,30.763902766795102,103.48360619363906,134.24750963042052,42.1414265934425,126.98314881626561,259.28990125052536,457.46068939981586,885.8751682329781
MY_0p5_2.2500_103.2500,103.25,2.25,2008-04-01,2008,4,239.1643345424107,96.89669368683346,111.85694977291047,34.747148955814424,100.08430425250342,134.83145466153584,42.368309892926895,127.808692617265,260.6497414240761,458.3644601973276,889.1912074497767
MY_0p5_2.2500_103.7500,103.75,2.25,2008-04-01,2008,4,222.27656286207292,98.495672762596,112.05491376973815,35.122047670008776,63.18289471642446,98.3049403045137,41.906763716875496,126.31759405621027,257.4732355667373,451.49135224940403,877.1889431193723
MY_0p5_2.2500_104.2500,104.25,2.25,2008-04-01,2008,4,208.10604039634148,100.10574477281028,114.09480102791274,33.8735291662295,35.32053942719767,69.19406859342716,42.16669325395065,127.44542410353985,259.87835945570765,455.5771988797779,885.0676753777119
MY_0p5_2.2500_104.7500,104.75,2.25,2008-04-01,2008,4,181.3538818359375,103.15326690673828,,,,,,,,,
MY_0p5_2.2500_109.7500,109.75,2.25,2008-04-01,2008,4,214.6061849286479,99.06668435373615,,,,,,,,,
MY_0p5_2.2500_111.2500,111.25,2.25,2008-04-01,2008,4,287.6086524724961,92.44162967801094,101.86866984647862,50.91702579049503,128.49382849300608,179.4108485053567,42.96818806143367,129.85424086626836,265.04989130356734,467.678403966567,905.5507264978744
MY_0p5_2.2500_111.7500,111.75,2.25,2008-04-01,2008,4,293.1285845075335,91.95841304234095,103.13296726771762,51.256675683884396,128.39714735727463,179.65381852407302,42.96992470877511,129.85513557555186,265.03371969556054,467.60981968470975,905.4686021592881
MY_0p5_2.2500_112.2500,112.25,2.25,2008-04-01,2008,4,304.1216754247272,91.52846386621867,107.4583506992885,57.52521100725446,126.31597793821304,183.84118947831408,42.94522792271205,129.7455279637897,264.6289808485243,466.16204165504087,903.4817811027405
MY_0p5_2.2500_112.7500,112.75,2.25,2008-04-01,2008,4,315.4055441235739,91.54029189821274,112.30984228224982,67.6647202991304,119.97563464452348,187.6403567843967,42.88504228137788,129.5248804970393,263.9747048998635,464.0635094052269,900.4481507316467
MY_0p5_2.2500_113.2500,113.25,2.25,2008-04-01,2008,4,326.9276891314795,92.21690596323165,117.64697558690634,78.0133748130193,124.90137096586683,202.91475055028525,42.884567745148196,129.49829615032863,263.79685949900795,463.2239927261595,899.4037097749257
MY_0p5_2.2500_113.7500,113.75,2.25,2008-04-01,2008,4,337.46046061455456,91.29180553291418,119.2794600378109,81.0228119620794,132.84427633164808,213.86708754527422,42.76508069340187,129.08470651167858,262.55548646178426,458.7608999904199,893.1661796086952
MY_0p5_2.2500_114.2500,114.25,2.25,2008-04-01,2008,4,347.21176418728294,90.05439242408389,124.05882694304935,73.5028095548115,131.88379535977802,205.38660748194133,42.73619889758882,129.00404483855718,262.38974929082957,458.2965590704055,892.4265551370288
MY_0p5_2.2500_114.7500,114.75,2.25,2008-04-01,2008,4,354.53423609579767,87.87473545689738,126.87376711445472,69.23127995152628,134.66063527753278,203.89191540133572,42.8173441486974,129.25782426403416,262.96366478704635,459.7855767034716,894.8244103216356
MY_0p5_2.2500_115.2500,115.25,2.25,2008-04-01,2008,4,361.1869812011719,85.62731170654297,128.39222717285156,72.11553955078125,132.43896484375,204.55450439453125,42.82672119140625,129.27569580078125,262.9335021972656,459.5608825683594,894.5968017578125
MY_0p5_2.7500_101.2500,101.25,2.75,2008-04-01,2008,4,241.76043701171875,92.29724884033203,106.48179626464844,43.6971435546875,136.8179931640625,180.51513671875,42.861141204833984,129.54354858398438,264.4229736328125,466.546142578125,903.373779296875
MY_0p5_2.7500_101.7500,101.75,2.75,2008-04-01,2008,4,245.6135200662816,93.67379830100319,100.42950156471946,43.99042570634322,152.49295177112924,196.4833695290305,42.753009116432885,129.13278692072086,263.1796724076704,462.8089223410866,897.8743645685369
MY_0p5_2.7500_102.2500,102.25,2.75,2008-04-01,2008,4,243.6800898169256,94.31445062236422,111.81820566942737,30.11397093268716,98.5835326856868,128.69750548927647,42.73183245567759,129.1122783004858,263.2978433013722,462.9485327848203,898.0904669306082
MY_0p5_2.7500_102.7500,102.75,2.75,2008-04-01,2008,4,239.008457521849,96.72220056268233,113.14568869675261,27.1226917520354,72.87469550024105,99.99738635292536,42.61235249193408,128.84594856938227,263.2351888342748,464.61304802230643,899.306534199775
MY_0p5_2.7500_103.2500,103.25,2.75,2008-04-01,2008,4,230.08949561635404,98.06906640605563,108.87170842650589,28.22085190426772,47.708546085722126,75.92939976977695,41.34186761698147,124.32307188677942,253.38524588809653,444.10886504543816,863.1590560621518
MY_0p5_2.7500_103.7500,103.75,2.75,2008-04-01,2008,4,218.68118140179178,100.22304982724397,105.26911803214782,28.541981639949956,26.474657137822447,55.01663682647565,40.24722660961239,120.46659488941668,245.27610413160193,428.3046071979857,834.2945224744384
MY_0p5_2.7500_104.2500,104.25,2.75,2008-04-01,2008,4,202.3162727355957,101.14120359981762,112.95685577392578,29.54372787475586,18.91478729248047,48.45851516723633,41.95581817626953,126.82160949707031,258.5843811035156,452.6920166015625,880.0538330078125
MY_0p5_2.7500_111.2500,111.25,2.75,2008-04-01,2008,4,281.85692559603984,92.59282526476629,103.07188348209158,39.84647201089298,90.83228167365579,130.6787484112908,42.763370626113,129.3180622774012,264.3102569580078,467.2253552605124,903.6170438878676
MY_0p5_2.7500_111.7500,111.75,2.75,2008-04-01,2008,4,286.13553806992826,92.77242723058481,104.46783463708286,48.31027540667303,103.41853398290172,151.7288078439647,42.83626835921715,129.50962691471494,264.5745743060934,467.40614160998103,904.3266041196625
MY_0p5_2.7500_112.2500,112.25,2.75,2008-04-01,2008,4,300.3380947837346,93.04577047613601,109.05233861287434,63.126539891560874,126.29424664815267,189.42079030354816,42.94774950663248,129.79106297810873,264.8943779500326,467.2688603719075,904.9020326741536
MY_0p5_2.7500_112.7500,112.75,2.75,2008-04-01,2008,4,316.8913389761237,93.31496576719647,114.26861217353917,79.4858758902248,155.36862332307837,234.85450063777876,43.05957267857805,130.05144259295884,265.05446808247626,466.29386795623395,904.4593534831761
MY_0p5_2.7500_113.2500,113.25,2.75,2008-04-01,2008,4,331.6701550680493,93.60253278944226,119.46127527630519,82.18727240183996,156.27796737428693,238.46523873465404,43.01961518544999,129.92627771771143,264.74455798921133,465.30297028072295,902.9934331984748
MY_0p5_2.7500_113.7500,113.75,2.75,2008-04-01,2008,4,340.56460454661374,92.8988728128421,122.6822741320179,73.24586331312824,139.11721174883994,212.36307243784523,42.83123509595349,129.3285728017236,263.28344551620967,461.11078075238856,896.5540450758234
MY_0p5_2.7500_114.2500,114.25,2.75,2008-04-01,2008,4,344.74845567534237,91.0952721607836,126.19649988488305,63.45116929162907,142.59526849094823,206.04644166970553,42.810254109056686,129.23564635651022,262.90175107159195,459.4631767755823,894.4108345900909
MY_0p5_2.7500_114.7500,114.75,2.75,2008-04-01,2008,4,350.6339118131407,90.961917415546,130.5433554193776,72.21766459714075,138.32437974480308,210.54204185145673,42.87168834467602,129.44551810489338,263.4647763003209,461.2681190830886,897.0501263855369
MY_0p5_2.7500_115.2500,115.25,2.75,2008-04-01,2008,4,357.72326687649553,87.46985138214386,127.0987492466832,60.27551846890835,114.89330979080886,175.16882324218744,42.62176455248583,128.60573186101138,261.20481693852054,454.46378003369574,886.8961220131264
MY_0p5_3.2500_101.2500,101.25,3.25,2008-04-01,2008,4,249.3553382025825,90.76672223755358,112.96444972294314,47.56049367704281,133.07656812853386,180.63706180557668,42.94297456555793,129.7880187869536,264.9098963162315,467.35758230008963,904.9984662838947
MY_0p5_3.2500_101.7500,101.75,3.25,2008-04-01,2008,4,258.20148574541196,88.71028222248054,102.63337289603655,48.61949646093284,148.322572015653,196.9420601425657,42.75759910777875,129.05689229782982,262.52364130688323,459.2930155954544,893.6311519161152
MY_0p5_3.2500_102.2500,102.25,3.25,2008-04-01,2008,4,235.17374437120225,93.20827154734779,116.16424490308003,34.12962957109723,91.3831578572591,125.51278252980066,42.72164186750139,129.09723312135728,263.36978643508183,463.5618066212487,898.7504725864956
MY_0p5_3.2500_102.7500,102.75,3.25,2008-04-01,2008,4,218.27995324436623,96.71213092079645,116.63081574741798,29.44672016554241,55.01478859140903,84.46150731436813,42.44814447813396,128.2716692670991,261.6624659284761,460.10092385207537,892.4831979486007
MY_0p5_3.2500_103.2500,103.25,3.25,2008-04-01,2008,4,210.2655206239185,99.75432996718814,105.82632220140887,26.329176060928198,25.03370495028915,51.36288148960772,40.21240733889105,120.24132654643603,244.32943770318548,425.18832924311636,829.9715142762623
MY_0p5_3.2500_112.2500,112.25,3.25,2008-04-01,2008,4,298.9116678873698,94.10673862033421,109.95518273247615,61.82652452256945,120.57467108832468,182.4012000189887,42.92278772989909,129.73301662868926,264.85867377387154,467.4788038465712,904.9932617187501
MY_0p5_3.2500_112.7500,112.75,3.25,2008-04-01,2008,4,322.13842576549894,95.49690012778005,118.10171521296267,77.6146644217069,158.01775522701075,235.632417647565,43.06705230963035,130.09517807256978,265.23670534227716,466.94103978891843,905.3399838306865
MY_0p5_3.2500_113.2500,113.25,3.25,2008-04-01,2008,4,340.8993398336539,96.95497228866232,123.9357862472534,71.5414931268403,139.51123890732276,211.05272946213233,42.93730084101358,129.75657104723382,264.75101124156606,466.4336953596635,903.878590670499
MY_0p5_3.2500_113.7500,113.75,3.25,2008-04-01,2008,4,347.90791742234,96.6703595116025,124.57602260529049,64.83069418044317,135.7498101128472,200.58050566173733,42.876340436178545,129.55425865536645,264.215084015377,464.77354203481525,901.4192152235242
MY_0p5_3.2500_114.2500,114.25,3.25,2008-04-01,2008,4,349.6802831759118,96.02160068682045,125.46002078208194,55.618346888548245,141.17669468776435,196.7950452087791,42.83664837005031,129.34353083713796,263.2792788948982,460.8459169424263,896.3053526665753
MY_0p5_3.2500_114.7500,114.75,3.25,2008-04-01,2008,4,350.5966166113593,97.40393372553929,131.74170587624715,66.1699910376482,134.77977468405564,200.949765928232,42.86415260460727,129.43390971384233,263.52046883941455,461.7333156318423,897.5518538359626
MY_0p5_3.2500_115.2500,115.25,3.25,2008-04-01,2008,4,352.38940844958336,91.75350775899766,124.03964298586304,56.17368869540058,111.29544530940962,167.46913209746154,42.556733529778974,128.370201448851,260.5073814874963,452.2103934951974,883.644716286961
MY_0p5_3.2500_115.7500,115.75,3.25,2008-04-01,2008,4,357.83350123716207,88.49429235565528,118.46067947216247,83.99817940358365,138.0035040351782,222.00168343876186,42.76077197642809,129.03382410628075,262.15994571300035,456.73296021879383,890.6874814837166
MY_0p5_3.7500_100.7500,100.75,3.75,2008-04-01,2008,4,233.8275604248047,89.29195404052734,115.26199340820312,30.407848358154297,117.49182891845703,147.89967346191406,42.920352935791016,129.74420166015625,264.9566650390625,467.8617858886719,905.4829711914062
MY_0p5_3.7500_101.2500,101.25,3.75,2008-04-01,2008,4,257.09387870754364,87.03263180927165,116.5445240107169,43.07543761367551,126.25141054912679,169.32684499006058,42.90195923098469,129.6045757404809,264.20897232598855,464.57674400551815,901.2922345504022
MY_0p5_3.7500_101.7500,101.75,3.75,2008-04-01,2008,4,255.79411102743708,85.21024929945636,112.35854879002665,30.6691019945084,94.2445140765731,124.9136133619175,42.52790120604692,128.34327151061626,260.8896789550782,454.87077817491667,886.6316485556828
MY_0p5_3.7500_102.2500,102.25,3.75,2008-04-01,2008,4,218.00225936647442,89.91976112486824,118.07735607813274,27.581338034735783,64.53511798192584,92.1164557805137,42.3468268258231,127.79179118322949,259.74389299665177,452.79751829117055,882.6800513857887
MY_0p5_3.7500_102.7500,102.75,3.75,2008-04-01,2008,4,192.79427814786396,96.50376305958581,115.99150361560638,25.425181858123292,33.33105660695878,58.75623665461464,41.94249008420913,126.50778844924199,256.767384023515,445.92715967571917,871.1448079427082
MY_0p5_3.7500_103.2500,103.25,3.75,2008-04-01,2008,4,185.6197011271321,99.92469574825697,105.53985482010188,25.460704825906195,14.291748845343497,39.75245270822562,40.858305403765506,122.73526389926089,247.99264538334864,425.82154158049934,837.4077313591453
MY_0p5_3.7500_113.2500,113.25,3.75,2008-04-01,2008,4,345.93588590621954,100.04827880859376,124.19759043709178,51.896611573266206,125.07407816902537,176.97069036765177,42.84670276329165,129.5482417872695,264.565568267322,466.6669441598361,903.6274364033685
MY_0p5_3.7500_113.7500,113.75,3.75,2008-04-01,2008,4,350.4316178138811,101.06258813767205,121.72262513984754,38.40336624318343,130.37880230258585,168.78217100865632,42.87026245462856,129.61036425346697,264.6557646816217,466.7134754958662,903.8498612190914
MY_0p5_3.7500_114.2500,114.25,3.75,2008-04-01,2008,4,349.6720083549474,101.55640813433934,123.76546332949682,36.06233413938492,134.55216461666046,170.61449972485738,42.92182184855143,129.702883523608,264.59588506789436,465.91803395104785,903.1386329287575
MY_0p5_3.7500_114.7500,114.75,3.75,2008-04-01,2008,4,344.68605191669764,101.90973304869635,130.18204779246497,53.067549847799626,139.88167683434867,192.94923531668525,42.96638492402576,129.78945244683158,264.56318243117556,465.268590921069,902.5875926184275
MY_0p5_3.7500_115.2500,115.25,3.75,2008-04-01,2008,4,337.38480583069816,94.54606681702629,118.35698859805152,50.851441858685206,111.54991808694506,162.4013653467572,42.53312537783668,128.34205230228483,260.6440529475136,453.0081695072235,884.527402266245
MY_0p5_3.7500_115.7500,115.75,3.75,2008-04-01,2008,4,342.5218736387843,88.54170106297774,116.9347944739911,87.17563579751432,143.13800883121627,230.3136446287306,42.77688557467014,129.05816452794795,262.073402020571,455.99658071394447,889.9050112936994
MY_0p5_4.2500_100.7500,100.75,4.25,2008-04-01,2008,4,277.076029586792,89.94556670301543,115.918571876993,44.9962653179558,140.16742385552854,185.1636922408124,43.004491144297084,129.95963340292172,265.1884330905214,467.56022438516425,905.7127755301341
MY_0p5_4.2500_101.2500,101.25,4.25,2008-04-01,2008,4,268.6263900283695,83.91522559390707,113.54884146429171,47.8340030111325,139.57314358850954,187.40714973401114,42.838664352514186,129.29125276796378,262.86477515348207,458.89527329365916,893.8899635266348
MY_0p5_4.2500_101.7500,101.75,4.25,2008-04-01,2008,4,237.52208990247803,87.39519400794666,124.25845244288824,30.292794663304345,85.8866067953384,116.17940270177093,42.667448756793824,128.87500360750926,262.6159530493398,460.97233849668663,895.1307696747702
MY_0p5_4.2500_102.2500,102.25,4.25,2008-04-01,2008,4,193.6276955406506,94.32080122000112,123.50996569551216,20.79595879624827,54.675210239788214,75.47116783556466,42.309764069871015,127.75539578568822,260.028212477224,454.5722471974529,884.6656117789663
MY_0p5_4.2500_102.7500,102.75,4.25,2008-04-01,2008,4,163.65679790715504,97.76428907843912,111.86095600978587,15.671099100902584,27.69734799937838,43.36844757711811,41.52492271714909,125.11291229345237,253.05195437874764,434.99192819777574,854.6817043814688
MY_0p5_4.2500_103.2500,103.25,4.25,2008-04-01,2008,4,151.72096125787428,102.96836858343994,101.3038290734906,15.841671402030704,11.32328378365015,27.164955192326673,40.74356772924549,122.62455326837947,247.37620852799367,422.28743890104397,833.0317737964803
MY_0p5_4.2500_113.7500,113.75,4.25,2008-04-01,2008,4,346.2012997581845,106.31528819691053,117.03255570609616,21.96337025120573,96.9929846997531,118.95635266573925,42.70718236239451,129.18947227046175,264.09821852198183,466.52879966879794,902.5236660939344
MY_0p5_4.2500_114.2500,114.25,4.25,2008-04-01,2008,4,344.1727416226056,107.27365498192984,117.86235744520505,20.97099102417935,98.21539939968741,119.18638852388241,42.71530999732295,129.20870382537254,264.1347411166747,466.628535797237,902.6872725910201
MY_0p5_4.2500_114.7500,114.75,4.25,2008-04-01,2008,4,334.3825939941407,106.8429911295573,125.94900995890302,49.36131210327149,153.49196187337242,202.85327484130858,42.9905153910319,129.90278859456384,264.9275274658204,466.2458433024089,904.0666520182293
MY_0p5_4.2500_115.2500,115.25,4.25,2008-04-01,2008,4,315.55583148532446,101.7473905881246,119.05287790298463,46.87244249714745,120.71925107638042,167.59168550703262,42.47272986835904,128.2409867710537,260.6975524690416,453.5219445758396,884.9332343207467
MY_0p5_4.2500_115.7500,115.75,4.25,2008-04-01,2008,4,312.2235341217558,93.65128621246858,115.38325676352292,65.27624341027213,147.8819370593055,213.15818222821775,42.77815200029794,129.11894872633079,262.41362987453664,457.1992879576603,891.510029007217
MY_0p5_4.2500_116.2500,116.25,4.25,2008-04-01,2008,4,323.9388057429616,99.94046885792802,117.86733599406918,84.6360602495147,173.7117636145615,258.3478312608673,42.98086301291862,129.70992837301117,263.60678882133675,459.9234905708128,896.2210574266388
MY_0p5_4.2500_116.7500,116.75,4.25,2008-04-01,2008,4,319.03253085627034,103.34214244688177,113.32667792877022,80.02741144433877,141.7195345487209,221.74694947700283,42.75277778316785,129.05193880114254,262.42244424985324,458.12240741707694,892.3495638632362
MY_0p5_4.2500_117.2500,117.25,4.25,2008-04-01,2008,4,300.2555608158618,105.6817758948402,112.60192881221265,57.947499233009545,95.88224562923466,153.82974033862087,42.563156465513515,128.58856538755705,262.0438498437932,459.4830590982353,892.6786553036851
MY_0p5_4.2500_117.7500,117.75,4.25,2008-04-01,2008,4,270.8110290918595,106.05193221263397,107.39953381791076,34.473735124636924,53.690392795790984,88.164124545888,40.911950510791236,122.7342336605757,250.30135795397635,439.1795426067124,853.1271200587609
MY_0p5_4.2500_118.2500,118.25,4.25,2008-04-01,2008,4,222.78156168976724,106.59028237326105,98.7435000474286,22.27516346828194,29.596058766553362,51.871222210537866,38.0466055900428,112.33481661073722,228.91953505983778,400.56047825904415,779.8614707995372
MY_0p5_4.2500_118.7500,118.75,4.25,2008-04-01,2008,4,195.43347054940685,107.38373000533493,94.63136291503906,20.931446075439453,27.391822814941406,48.32326889038086,36.4593620300293,106.51152038574219,216.94430541992188,379.15362548828125,739.06884765625
MY_0p5_4.7500_100.2500,100.25,4.75,2008-04-01,2008,4,306.7228495279948,95.8453106350369,,,,,,,,,
MY_0p5_4.7500_100.7500,100.75,4.75,2008-04-01,2008,4,292.7363291004477,90.5530053298839,116.5151338034529,31.77363648453379,136.68819449199896,168.46182716183546,42.90128960648203,129.5774751368577,264.0012049481152,463.49168867405837,899.9716444558244
MY_0p5_4.7500_101.2500,101.25,4.75,2008-04-01,2008,4,257.4296801550914,84.1893570430695,112.85741945296999,30.88769620259603,131.62920784117682,162.5169033958798,42.68719383118644,128.7919895474873,261.5827100965712,455.16547115265377,888.2273697141617
MY_0p5_4.7500_101.7500,101.75,4.75,2008-04-01,2008,4,210.21221914109148,90.89551050095334,127.10098143078035,25.52465209960938,95.34919260418606,120.87383794633172,42.53756556435237,128.43698764377172,261.42488102988597,457.25573372008313,889.6551560174853
MY_0p5_4.7500_102.2500,102.25,4.75,2008-04-01,2008,4,165.01089884440103,98.46668621244885,120.76641794840495,20.863423738025485,75.38426753452846,96.24768880208333,42.23546178908575,127.46448364257813,259.0360136486235,450.7429393949962,879.4788853236606
MY_0p5_4.7500_102.7500,102.75,4.75,2008-04-01,2008,4,135.03183347859957,102.17449851552391,109.87714266928896,16.575099465194018,38.612072856562904,55.18717343640175,41.56840488409539,125.37080079582844,254.19603194704473,439.13772058183207,860.2729560220316
MY_0p5_4.7500_103.2500,103.25,4.75,2008-04-01,2008,4,124.36513660304354,107.30696942913,94.66583443391808,13.64994423855715,13.83061929822408,27.48056330100197,39.1507711656859,117.0160514859696,236.30942960506883,403.49996441492743,795.9761922350671
MY_0p5_4.7500_103.7500,103.75,4.75,2008-04-01,2008,4,118.07685330039578,110.20379638671875,80.78724046186967,9.550907605654233,2.0150259748681796,11.565932893133782,35.11890812663289,102.50072786405488,206.66997537984474,351.0048015644024,695.2944082284902
MY_0p5_4.7500_113.7500,113.75,4.75,2008-04-01,2008,4,319.2508544921875,110.93248748779297,,,,,,,,,
MY_0p5_4.7500_114.2500,114.25,4.75,2008-04-01,2008,4,319.2508544921875,111.61924580165316,118.22759246826172,25.059860229492188,108.04784393310547,133.1077117919922,42.7175407409668,129.24131774902344,264.2552795410156,466.8358459472656,903.0499877929688
MY_0p5_4.7500_114.7500,114.75,4.75,2008-04-01,2008,4,310.35452172064015,114.38997978292487,126.06898342665808,53.61835373088878,149.8012929116526,203.41964541199388,42.92003586471722,129.747069163989,264.7796437253234,466.20620694724454,903.6529665711106
MY_0p5_4.7500_115.2500,115.25,4.75,2008-04-01,2008,4,292.22193622589106,112.78103939692177,128.67654784520465,50.07847664753595,134.0505410035451,184.12902335325873,42.60820337136585,128.7213234504064,262.03670612970984,457.48108975092566,890.847338994344
MY_0p5_4.7500_115.7500,115.75,4.75,2008-04-01,2008,4,287.83758099268357,105.06358591715494,122.46102106003535,54.15828486851282,126.60799051920571,180.76627865745908,42.57048967149522,128.5641887362041,261.54437081473213,456.0202416798425,888.6993014865451
MY_0p5_4.7500_116.2500,116.25,4.75,2008-04-01,2008,4,291.3632583860367,103.71511223202658,124.70566449846538,67.04828592936197,132.13650701613648,199.18479052346848,42.74874478294735,129.06521141415547,262.5274086604042,458.4717892601376,892.8131376720606
MY_0p5_4.7500_116.7500,116.75,4.75,2008-04-01,2008,4,289.91775580297536,104.56840476506873,120.34719805174235,58.08813279791723,117.21412016470221,175.3022500050219,42.63866349715221,128.7034739723688,261.64921734001064,456.28230787832524,889.2736244684532
MY_0p5_4.7500_117.2500,117.25,4.75,2008-04-01,2008,4,282.60522112165177,105.16800333658854,117.7405536954365,39.94258161272322,91.74511043003628,131.68769293891057,42.44067706153506,128.0993403843471,260.4012917170449,453.75035516648063,884.6916494218129
MY_0p5_4.7500_117.7500,117.75,4.75,2008-04-01,2008,4,251.77901000010817,106.22674471215356,117.13798216324818,31.7352380994,62.53926860229878,94.2745040941842,42.20064478282687,127.39753942851779,259.06913882871214,451.41324036030824,880.0805393653578
MY_0p5_4.7500_118.2500,118.25,4.75,2008-04-01,2008,4,207.4637971044186,107.36926917454706,119.38631021317528,28.568488375026387,47.08503092473477,75.6535175074285,42.10683450746776,127.14384330097755,258.71156242025563,451.32451549127484,879.2867462311558
MY_0p5_4.7500_118.7500,118.75,4.75,2008-04-01,2008,4,179.2644796250742,107.79832110827482,124.22277117379103,22.132669883438304,32.600760013242315,54.73342977596234,41.99276979663704,126.86182770547988,258.4326245271707,451.68461126013653,878.9718558395966
MY_0p5_5.2500_100.2500,100.25,5.25,2008-04-01,2008,4,287.22258374870165,99.78022960155685,65.17012786865234,14.980754852294922,48.22454071044922,63.205299377441406,28.369348526000977,76.81985473632812,155.9419708251953,271.4169616699219,532.5481567382812
MY_0p5_5.2500_100.7500,100.75,5.25,2008-04-01,2008,4,266.1209116418377,95.5460855266716,121.08863471020227,20.796091463373997,90.39093177620022,111.18702075125157,41.41788335778247,124.32438256274696,251.7647541966932,435.55859059300917,853.0656043743267
MY_0p5_5.2500_101.2500,101.25,5.25,2008-04-01,2008,4,225.4488589816623,91.85623759920635,119.51026889861575,18.243286674741714,72.82072214399066,91.06400698101709,41.88327645195855,126.2757607111855,255.85361182803197,441.6521725609189,865.664828830295
MY_0p5_5.2500_101.7500,101.75,5.25,2008-04-01,2008,4,179.29956854073106,96.04457298813354,125.46224664578774,14.647474539507726,39.4098797064678,54.057351525422135,41.525152121379875,125.30211882378647,254.39188185770806,440.51525480428324,861.7344150421727
MY_0p5_5.2500_102.2500,102.25,5.25,2008-04-01,2008,4,137.0313701265177,107.634594352382,118.83438980199728,13.903950074675734,25.924820755697358,39.82877072255322,40.91736250470398,123.34681475694013,250.33103631863924,432.94513979383333,847.5403531797372
MY_0p5_5.2500_102.7500,102.75,5.25,2008-04-01,2008,4,111.60143446533999,109.79482456377356,104.54874223612121,9.964743817862816,12.082956358941933,22.04769943528256,39.08908717268604,117.19387473413498,236.81450371176507,405.2446373891022,798.3421241889565
MY_0p5_5.2500_103.2500,103.25,5.25,2008-04-01,2008,4,107.22005213984737,113.55320093871424,101.20187883253222,8.979105311554749,4.195607089377069,13.174711933383694,39.20805378703328,118.00610510095373,237.79351113059306,403.4225176526355,798.4301983721845
MY_0p5_5.2500_115.2500,115.25,5.25,2008-04-01,2008,4,274.7882444320187,118.08301839520855,133.0672404805168,43.773687519010956,85.29013480514776,129.06382563856783,42.33503510522061,127.93761681728677,260.70120639488346,455.95590109903304,886.9297615426486
MY_0p5_5.2500_115.7500,115.75,5.25,2008-04-01,2008,4,272.4160630854476,115.92365479771097,129.90270665055615,37.5861935890327,74.73880573854608,112.32500442246258,42.21098789279744,127.50940114684022,259.5667758747682,452.757181458554,882.0443313857255
MY_0p5_5.2500_116.2500,116.25,5.25,2008-04-01,2008,4,268.0400485750995,110.1686654392677,127.95410868487781,41.2971450950526,72.22603829299348,113.52318155312838,42.30713942081113,127.75950050354005,259.95793567126316,453.57486946975126,883.5994187367113
MY_0p5_5.2500_116.7500,116.75,5.25,2008-04-01,2008,4,267.56148891207533,108.75179165224483,128.81067075608652,45.46237411981896,86.01709095435807,131.47946068003208,42.40839162657533,127.98764586146875,260.0668173681331,452.6217589559434,883.0846072812624
MY_0p5_5.2500_117.2500,117.25,5.25,2008-04-01,2008,4,272.1432359483507,109.46366049145894,130.79424288310702,37.52152751135448,80.92713042970688,118.44865398104227,42.437859635126024,128.09163646395243,260.42791757734994,454.05236612955724,885.0098074776784
MY_0p5_5.2500_117.7500,117.75,5.25,2008-04-01,2008,4,245.9844936794705,109.38765609983413,129.66307111467637,28.886053721110027,58.61139956277515,87.49745003836496,42.303465476868645,127.73992844838943,259.97869805230033,454.0925440228174,884.11462906126
MY_0p5_5.2500_118.2500,118.25,5.25,2008-04-01,2008,4,194.59364240597458,109.19415791019513,129.7876572578576,23.092638963347024,36.71273033178536,59.805367159995306,42.14118735198002,127.2976690644671,259.3106849816195,453.58926274973874,882.33878515936
MY_0p5_5.2500_118.7500,118.75,5.25,2008-04-01,2008,4,166.1867542266846,108.44648565867591,130.27687115139432,16.262374268637764,22.50282453166114,38.76519823074341,41.9322976536221,126.72125551435683,258.3432727389865,452.08002048068573,879.0768661499023
MY_0p5_5.2500_119.2500,119.25,5.25,2008-04-01,2008,4,162.34439191426316,108.23304625011626,130.3596954345703,13.353252410888672,17.687145233154297,31.04039764404297,41.84374237060547,126.47589111328125,257.9197692871094,451.34307861328125,877.58251953125
MY_0p5_5.7500_100.2500,100.25,5.75,2008-04-01,2008,4,259.26051413046343,107.74114828711157,98.90989349085257,11.83132939819896,14.360593808490203,26.19192440137951,34.59004543899396,99.52932641265589,198.4505464046373,331.5411679329128,664.1111024629085
MY_0p5_5.7500_100.7500,100.75,5.75,2008-04-01,2008,4,235.30609411814854,105.52846929156588,118.60218777974447,8.19810853322347,8.870426628092924,17.06853584130605,38.637274971008296,114.7546176147461,229.0794711303711,383.2013760375977,765.6727256266275
MY_0p5_5.7500_101.2500,101.25,5.75,2008-04-01,2008,4,198.6713395006075,103.34181024145892,125.828567144439,7.266159166501264,18.311616584071967,25.577775140446942,40.601437576173794,122.15410559947097,245.99596350962727,418.1243807574895,826.8758979857438
MY_0p5_5.7500_101.7500,101.75,5.75,2008-04-01,2008,4,153.52277638117474,105.86519422531128,127.33292706807455,6.389008750518164,13.963788950257005,20.35279769500097,40.02257021268209,120.74909092585246,244.21660779317227,418.01838709513345,823.0066464742025
MY_0p5_5.7500_102.2500,102.25,5.75,2008-04-01,2008,4,112.93705825316601,116.36649310283173,110.06818998702848,4.257286924705762,1.4287616144865751,5.686048630110743,37.22134821984904,112.1029623269232,226.28357108273488,384.2871905497028,759.8950735792166
MY_0p5_5.7500_102.7500,102.75,5.75,2008-04-01,2008,4,96.28736659458706,115.55658633037677,84.23346710205078,3.2300891876220703,0.8322666883468628,4.0623555183410645,31.948875427246094,92.69316864013672,187.15097045898438,320.93572998046875,632.728759765625
MY_0p5_5.7500_103.2500,103.25,5.75,2008-04-01,2008,4,96.84455871582031,118.01132202148438,,,,,,,,,
MY_0p5_5.7500_115.2500,115.25,5.75,2008-04-01,2008,4,259.7804458618164,119.68371098836263,137.8385467529297,37.345741271972656,36.4505729675293,73.79631805419922,42.29204559326172,127.99046325683594,261.7474670410156,461.6715393066406,893.7015380859375
MY_0p5_5.7500_115.7500,115.75,5.75,2008-04-01,2008,4,252.92655373789785,116.85633115241868,131.25575169154575,31.86204964773995,44.283834548223595,76.14588354201544,41.855311620803114,126.47725953601655,257.47086021786646,448.505597795759,874.3090436662947
MY_0p5_5.7500_116.2500,116.25,5.75,2008-04-01,2008,4,241.44250560942146,110.36428716750373,127.4036637563554,31.17802229381743,51.93125656370133,83.1092760600741,41.73424797663613,125.97788766527934,255.74095744783915,442.44596644810264,865.8990652901786
MY_0p5_5.7500_116.7500,116.75,5.75,2008-04-01,2008,4,240.2214150565011,107.22487485370938,129.23820168631417,34.677606534201004,60.452022358727824,95.12962796650235,41.944488137865825,126.54244602748328,256.7196494935051,444.1068738180494,869.3134527297248
MY_0p5_5.7500_117.2500,117.25,5.75,2008-04-01,2008,4,246.44972609270255,112.65013406554984,136.19436274868457,33.772245358969506,44.24896268513677,78.02120862172606,42.10220415133407,127.16860059383161,258.90808423159626,452.0606826156472,880.2395755033762
MY_0p5_5.7500_117.7500,117.75,5.75,2008-04-01,2008,4,229.23208070785282,113.6513426038954,136.14429566044137,27.193694729132943,19.75901430885264,46.952707969102285,42.02410733779806,127.0550761126832,259.2911593033964,454.98621947013294,883.3565671779966
MY_0p5_5.7500_118.2500,118.25,5.75,2008-04-01,2008,4,191.43841029780572,111.95244204203287,135.28341335720486,23.137488072713218,11.946940466562907,35.084427490234376,41.97782799614801,126.93414516872829,259.1383460828993,454.9687854003907,883.0190806749132
MY_0p5_5.7500_118.7500,118.75,5.75,2008-04-01,2008,4,163.5725160745474,110.33019197904149,135.4078369140625,23.09305191040039,11.812397956848145,34.90544891357422,42.016456604003906,127.0545654296875,259.4288330078125,455.76287841796875,884.2626953125
MY_0p5_6.2500_99.7500,99.75,6.25,2008-04-01,2008,4,242.7921396891276,119.8575054991479,124.47769165039064,9.529323511345442,0.32451874052369317,9.853842092114826,40.02069766022438,119.00666809082033,230.66717422840208,352.2490518259448,741.9435992573583
MY_0p5_6.2500_100.2500,100.25,6.25,2008-04-01,2008,4,234.7732422947884,116.84823280572893,120.99753579898754,10.116358250987771,0.5198795224330862,10.636237771170478,38.68241611402861,114.39788288972814,225.53585859026228,364.6915808852837,743.3077414999202
MY_0p5_6.2500_100.7500,100.75,6.25,2008-04-01,2008,4,210.1981222381003,115.1205163314996,119.78158039107747,6.4638885107740025,0.9051614578626332,7.36904998911854,38.32073890656578,114.12577978892678,226.1982306403083,376.151697460749,754.7964364423715
MY_0p5_6.2500_101.2500,101.25,6.25,2008-04-01,2008,4,183.40907240647536,114.42715242826021,119.06632361778848,5.08435178903433,3.4351243459261385,8.5194763477032,38.35987419715295,114.84967381403997,228.85220665564907,386.30267193134017,768.3644287109375
MY_0p5_6.2500_101.7500,101.75,6.25,2008-04-01,2008,4,121.55113525390627,119.43098994663784,111.86725006103514,2.767504790851048,1.380474179717047,4.147978949546813,36.46983555385044,110.62469918387275,222.47181265694755,377.4773638044084,747.0437151227678
MY_0p5_6.2500_102.2500,102.25,6.25,2008-04-01,2008,4,101.83032162984212,122.20008701231423,104.3356704711914,1.7901653051376343,0.0127034280449152,1.8028687238693237,35.3961296081543,107.73638153076172,216.65908813476562,364.86614990234375,724.65771484375
MY_0p5_6.2500_115.7500,115.75,6.25,2008-04-01,2008,4,223.36788836392486,117.12008129466663,141.52549743652344,23.183143615722656,22.169509887695312,45.35265350341797,41.40213394165039,125.07062530517578,254.2123260498047,440.24652099609375,860.931640625
MY_0p5_6.2500_116.2500,116.25,6.25,2008-04-01,2008,4,216.55687312075963,114.07821835969624,137.07434831526834,22.45201098656339,26.993838112784896,49.44584877585525,41.359692628163074,124.86830747495138,253.46017227508946,437.6942648194435,857.3824503222226
MY_0p5_6.2500_116.7500,116.75,6.25,2008-04-01,2008,4,206.56407490079366,112.23561621771918,132.59638109964038,21.3586030960083,31.436204074677967,52.794806295727916,41.31756293887184,124.66585359119235,252.7502966502356,435.4738668774802,854.2075664217509
MY_0p5_6.2500_117.2500,117.25,6.25,2008-04-01,2008,4,201.8457701183501,115.35880400642515,131.60951819041418,21.471183837406222,19.329330801585364,40.80051370045496,40.87825330703977,123.08802989172555,250.16352621411522,433.6093897259425,847.7391940646702
MY_0p5_6.2500_117.7500,117.75,6.25,2008-04-01,2008,4,200.16576544443765,116.41268122196198,131.4283413357205,20.39476244073165,7.472513515349718,27.867275505735165,40.80360588832208,122.87077666165536,250.20661863806652,435.61477411281305,849.4957796509505
MY_0p5_6.2500_118.2500,118.25,6.25,2008-04-01,2008,4,199.08401271275113,116.53918647766115,134.03719438825334,17.525592293058125,2.1730402750628337,19.698632785252162,41.40180274418422,125.13394601004465,254.90905598231723,444.0759353637695,865.5207432338169
MY_0p5_6.7500_100.2500,100.25,6.75,2008-04-01,2008,4,225.25979849871467,119.98905972873463,129.24386282528147,9.827853953137117,0.7832630768637447,10.611116928212782,40.27352403191959,120.12334834828097,235.52324710172766,373.5997945000144,769.5199037439684
MY_0p5_6.7500_100.7500,100.75,6.75,2008-04-01,2008,4,196.6118842230903,120.47269524468318,117.18078500253183,5.6571408730966075,0.5050890776846145,6.162229961819119,37.32424912629304,110.97246636284724,218.3394967538339,368.275769269025,734.9119714807581
MY_0p5_6.7500_116.2500,116.25,6.75,2008-04-01,2008,4,178.1654252677128,118.10613295089365,137.38295578375096,12.807019512827804,11.253843214453722,24.060863401831654,40.61881832960176,122.64352082043162,248.77175084556023,427.96925465653584,840.0033554449316
MY_0p5_6.7500_116.7500,116.75,6.75,2008-04-01,2008,4,173.0811415497895,118.13543522357939,129.2635312287704,11.97645636698003,9.219523452487389,21.195980132332902,39.31635222604624,117.8747913224895,239.09345188065484,411.1666537198154,807.4512497973537
MY_0p5_6.7500_117.2500,117.25,6.75,2008-04-01,2008,4,167.38690192067725,118.15158129961063,122.28824007827625,11.960654676488014,4.961261089924163,16.92191598267682,38.284771370676765,114.05627610198164,231.40563694776688,398.1059093644134,781.852586594303
MY_0p5_6.7500_117.7500,117.75,6.75,2008-04-01,2008,4,170.18433464898004,117.82818984985352,124.29729652404784,14.060338377952576,2.593139622360468,16.653478622436523,38.89766728878021,116.14883327484132,235.81957721710202,406.66333293914795,797.5294075012207
MY_0p5_7.2500_116.7500,116.75,7.25,2008-04-01,2008,4,139.78328062042476,120.33603056650314,125.37955587635868,6.763403249823528,1.6106220898420913,8.374025286798892,37.97217141856317,113.38039617123812,229.87279278299084,394.0449393894362,775.2702902088995
MY_0p5_7.2500_117.2500,117.25,7.25,2008-04-01,2008,4,131.5751931130349,120.43006209639816,123.18708865517063,6.078905733008133,1.3437435012114674,7.4226490522685795,37.418239232113486,111.36195164730673,225.89215328818872,387.61085558439555,762.2831883480675
MY_0p5_0.7500_110.2500,110.25,0.75,2008-05-01,2008,5,247.97482299804688,104.39671384371245,105.48114518385668,45.12247772216797,119.14989764873799,164.27237196702225,42.58058806199294,128.54600548377405,261.5150216909555,456.79899104191713,889.4405658428486
MY_0p5_0.7500_110.7500,110.75,0.75,2008-05-01,2008,5,252.03349325997488,106.1127307346889,118.08849857875279,46.00077754429408,101.49354248046875,147.4943123953683,42.59151273454938,128.66344887869698,262.22592991420197,460.11165597098216,893.5925615583147
MY_0p5_0.7500_111.7500,111.75,0.75,2008-05-01,2008,5,249.50343346974205,102.30081358410064,120.85339500790552,36.44731400504945,49.335955241369824,85.78326985192678,42.23025591411288,127.63690766834078,260.30660477895583,456.512460375589,886.6862289186508
MY_0p5_1.2500_103.2500,103.25,1.25,2008-05-01,2008,5,158.2824224083169,103.77226049923202,108.7637263211337,9.134182377295062,8.950186035849832,18.08436801216819,38.41889216683128,114.17642489346593,233.5307818326083,410.6509642167525,796.7770677046342
MY_0p5_1.2500_103.7500,103.75,1.25,2008-05-01,2008,5,161.24891692226373,103.81883195303018,99.27352520100122,8.89856174154189,19.712871366334195,28.61143201068767,39.64481242652079,118.83402089239324,243.23556696326986,428.6091222670472,830.323523660308
MY_0p5_1.2500_104.2500,104.25,1.25,2008-05-01,2008,5,163.50640934535434,104.79095480782645,88.63444519042969,9.034223556518555,32.6799201965332,41.714141845703125,41.2660026550293,124.97197723388672,256.00030517578125,452.0992431640625,874.3375244140625
MY_0p5_1.2500_109.7500,109.75,1.25,2008-05-01,2008,5,236.6056218894131,110.78300696683218,101.5335349577019,48.172765570950794,114.92283143192887,163.09560440247316,42.75620260583349,129.2057223032756,263.57670280732304,463.78461355186374,899.3232546886766
MY_0p5_1.2500_110.2500,110.25,1.25,2008-05-01,2008,5,246.62410397327088,106.3146681030745,105.25855688146645,49.11203796799119,122.90754001573248,172.01957590699658,42.645680269219255,128.76527628659284,262.09955034292807,458.55084688046736,892.0613252499851
MY_0p5_1.2500_110.7500,110.75,1.25,2008-05-01,2008,5,252.46431182376924,106.84855758424789,118.00301741342695,45.84142304677812,99.44400409516834,145.28542197091238,42.62891678583055,128.80096498519654,262.64715372721355,461.5248104034908,895.601853143601
MY_0p5_1.2500_111.2500,111.25,1.25,2008-05-01,2008,5,254.10144223344213,104.85635597789631,121.38715979237907,43.42745521959787,80.38282366377858,123.8102761899321,42.459114001581845,128.30738557565707,261.6379844007401,459.24008178710943,891.6445745401109
MY_0p5_1.2500_111.7500,111.75,1.25,2008-05-01,2008,5,254.3978973873078,101.86468723842076,119.03214772542317,38.94639387584868,65.80068400549511,104.74708024282305,42.35400420900375,127.99360656738281,260.9764452737476,457.7260974702381,889.0501631479415
MY_0p5_1.2500_112.2500,112.25,1.25,2008-05-01,2008,5,256.699275602544,99.31089743986954,118.81143959161592,33.85534316513139,76.62422817249588,110.47957417444528,42.43089023338355,128.20601444922124,261.35254494913937,458.333534821641,890.3229831753648
MY_0p5_1.2500_112.7500,112.75,1.25,2008-05-01,2008,5,257.1483275095622,97.34130970637003,116.02922296524048,34.46261350313822,99.00035778681436,133.46297311782837,42.483103354771934,128.26255830128989,260.91563479105633,455.3202075958252,886.9814999898275
MY_0p5_1.2500_113.2500,113.25,1.25,2008-05-01,2008,5,239.2763654625934,97.54920408829399,120.85356697414231,31.060565782629926,82.44114439591118,113.50170818826426,42.32188372404679,127.70762050462804,259.4248704993206,451.0236492654552,880.4780246900475
MY_0p5_1.2500_113.7500,113.75,1.25,2008-05-01,2008,5,248.64978686246005,97.41972310615307,125.77054364753491,31.57844161987304,91.57394900466456,123.1523928786769,42.366295756715715,127.8406107931426,259.67898397734666,451.4356021303119,881.3214767918441
MY_0p5_1.2500_114.2500,114.25,1.25,2008-05-01,2008,5,278.389476944915,96.52409632860032,127.60502665021778,30.87164151352064,96.1122481084503,126.98389130989008,42.40919076024959,127.99485258929498,260.11424565948215,452.69048019004083,883.2087667009471
MY_0p5_1.2500_114.7500,114.75,1.25,2008-05-01,2008,5,293.15360875283517,95.15973983272428,122.00041666338522,35.82752990722656,115.27675480996407,151.10428471719064,42.5433091194399,128.41077496928554,261.00584657730593,454.50573041362145,886.4656273626512
MY_0p5_1.7500_102.7500,102.75,1.75,2008-05-01,2008,5,156.69434959453775,104.617309991826,111.51008939743042,12.554314404726028,27.188194632530216,39.74250781536102,40.88047158718109,122.80060386657716,251.0218343734741,442.6226663589478,857.3255958557129
MY_0p5_1.7500_103.2500,103.25,1.75,2008-05-01,2008,5,156.95577007278973,103.25032980193505,113.18633892059326,9.497781119346618,24.632804470062254,34.13058536529541,40.599993019104005,121.93083541870118,249.29904647827146,439.03021011352547,850.8601007080078
MY_0p5_1.7500_103.7500,103.75,1.75,2008-05-01,2008,5,159.75524202177795,103.74738710137862,105.39732010756867,8.574648950673357,23.70076946668987,32.27541830569883,40.49296261992635,121.81804461418825,249.28713207003437,439.20416337025324,850.802307901503
MY_0p5_1.7500_104.2500,104.25,1.75,2008-05-01,2008,5,162.28368844985962,104.83784627914429,100.1322311283082,9.239628976629687,29.46095805205116,38.70058589018593,41.49816110891889,125.66391174552976,257.3229672927265,453.8919393849927,878.3769711043483
MY_0p5_1.7500_109.7500,109.75,1.75,2008-05-01,2008,5,237.18916019173554,111.38118606389955,101.51618957519531,48.47435760498047,115.07186889648438,163.54623413085938,42.76545715332031,129.2393798828125,263.67529296875,464.1011047363281,899.78125
MY_0p5_1.7500_110.2500,110.25,1.75,2008-05-01,2008,5,243.20187523659698,109.82622847894228,105.21311024548535,55.96728968492805,126.08506672905092,182.05235706676135,42.753234761284,129.14007005334537,263.1590803013766,461.90031588141295,896.95269873308
MY_0p5_1.7500_110.7500,110.75,1.75,2008-05-01,2008,5,252.26440707120028,108.0568785233931,117.81712379455566,45.79024753570556,90.30929222106933,136.0995403289795,42.69057350158691,129.04895706176757,263.492903137207,464.56595764160147,899.7983856201172
MY_0p5_1.7500_111.2500,111.25,1.75,2008-05-01,2008,5,254.8533004518539,105.62371600923083,116.96422360442406,46.209931928058,84.97267289272575,131.18260785479876,42.589059217586076,128.74071236543878,262.7619176110556,462.4693844817405,896.5610939203308
MY_0p5_1.7500_111.7500,111.75,1.75,2008-05-01,2008,5,261.7655525207519,101.54172407222697,107.89348669897151,46.11284851122505,113.30166539059407,159.4145161109634,42.72300432905366,129.09646529185616,263.263941801047,462.6982073240642,897.7816332080694
MY_0p5_1.7500_112.2500,112.25,1.75,2008-05-01,2008,5,264.84449181935145,98.56625613257998,108.4029297843812,45.95090001424153,121.32407897464813,167.2749814956907,42.69489266531808,128.96189105321488,262.71596679687497,460.4923824249752,894.8651394314236
MY_0p5_1.7500_112.7500,112.75,1.75,2008-05-01,2008,5,258.9875699482267,98.03531961592415,111.72674434601313,38.8454987419976,101.83533184717572,140.68083173963757,42.56307942223927,128.54781295534164,261.75628846183656,458.0527926006015,890.9199646964905
MY_0p5_1.7500_113.2500,113.25,1.75,2008-05-01,2008,5,243.6535700722346,98.63693048386347,117.06338190956721,33.296456872849234,80.64441758413163,113.94087362138052,42.408845980205236,128.0551519969153,260.58521641322545,455.0559864831349,886.1051856631325
MY_0p5_1.7500_113.7500,113.75,1.75,2008-05-01,2008,5,253.84462619357635,98.35438934810578,122.97189519973028,36.15989205496651,87.0239965287466,123.1838907393198,42.37197390359545,127.88705533951048,259.8993870326451,452.2896915496342,882.4480966719369
MY_0p5_1.7500_114.2500,114.25,1.75,2008-05-01,2008,5,284.2452184283544,97.40559469556052,127.68270605178105,35.89647536504836,91.52092268202038,127.41739998469275,42.418246435740635,128.02975279792906,260.1971643841456,452.8864607553633,883.5316363622271
MY_0p5_1.7500_114.7500,114.75,1.75,2008-05-01,2008,5,298.2334087154408,97.00399452169943,127.14116384081272,47.61844150760631,127.6587038583706,175.2771500898766,42.70402736367339,128.90342949585593,262.0526021848689,456.96052843795536,890.620594083954
MY_0p5_2.2500_101.7500,101.75,2.25,2008-05-01,2008,5,156.4051971435547,102.33788839012686,118.38851412378176,7.6507537244546295,25.71877697260693,33.369531188348326,41.626772678259655,125.65402722599529,256.89482317067154,452.77844392410435,876.9540658045296
MY_0p5_2.2500_102.2500,102.25,2.25,2008-05-01,2008,5,159.35688022449256,102.39505366275185,115.39472873815508,10.29651889618504,37.98889119088935,48.28541198073392,41.53795762495561,125.20555187754654,255.65168864419016,449.5244328987085,871.9196508672248
MY_0p5_2.2500_102.7500,102.75,2.25,2008-05-01,2008,5,157.78606376165075,103.23803901672362,114.83285346212266,11.777675924421867,31.39765308476702,43.17532889450653,41.6193593061423,125.47559532938125,256.54925778545913,452.77714905557747,876.4213563943213
MY_0p5_2.2500_103.2500,103.25,2.25,2008-05-01,2008,5,153.80051845974393,102.2843531532893,114.33158775208489,11.267772468687996,40.125398254394526,51.39317136492049,41.839118582104874,126.32513546413844,258.1367844354539,454.50536150251116,880.8064059787326
MY_0p5_2.2500_103.7500,103.75,2.25,2008-05-01,2008,5,155.42014749817926,104.44577010849774,113.6977772858183,9.0095545073687,33.7931526184082,42.802708047123275,41.47859438880015,125.22981725143173,256.1323001150357,450.86320118015095,873.7039230088055
MY_0p5_2.2500_104.2500,104.25,2.25,2008-05-01,2008,5,159.7016044554672,106.34559128924114,116.71852672986748,7.914254543209865,22.827958871510404,30.742212500453988,41.85172965309837,126.74599980125744,259.569072376598,457.74549953996643,885.9123025689244
MY_0p5_2.2500_104.7500,104.75,2.25,2008-05-01,2008,5,167.871826171875,109.45124053955078,,,,,,,,,
MY_0p5_2.2500_109.7500,109.75,2.25,2008-05-01,2008,5,240.8558393909085,112.50401429207095,,,,,,,,,
MY_0p5_2.2500_111.2500,111.25,2.25,2008-05-01,2008,5,240.0726500749588,105.8699346780777,95.91952559527228,39.97974154528449,108.94373142018036,148.92346729951745,42.74874311334946,129.25321848252239,264.0128110997817,465.7723007202148,901.7870564180262
MY_0p5_2.2500_111.7500,111.75,2.25,2008-05-01,2008,5,250.9317737397693,103.50756763276598,96.25653858487567,43.48807512313601,112.24939364478702,155.73746609157988,42.748841276622954,129.24580315483942,263.94901278056795,465.41869468083456,901.3623370458209
MY_0p5_2.2500_112.2500,112.25,2.25,2008-05-01,2008,5,263.4974434988839,100.80476963103763,98.53723895360552,50.38615442911784,121.81500428214906,172.20115932888453,42.75008461361839,129.2104273235987,263.65269097222216,463.90193316747263,899.5151351686507
MY_0p5_2.2500_112.7500,112.75,2.25,2008-05-01,2008,5,264.0975978306361,99.74603470090837,104.60148615761409,46.67467553274972,111.65976935492621,158.33444506932818,42.71399739583333,129.08024819994728,263.2783114963107,462.8200768849206,897.8926347036211
MY_0p5_2.2500_113.2500,113.25,2.25,2008-05-01,2008,5,251.9438461061508,99.95437934512185,113.60131802029079,42.74734296041822,90.89586881607299,133.6432156275189,42.60795033772787,128.75819406660779,262.5811607724145,461.25223756820446,895.1995287698412
MY_0p5_2.2500_113.7500,113.75,2.25,2008-05-01,2008,5,261.56390969964525,98.62027218975601,121.26342024984241,43.754408087911486,82.00478186788439,125.75919238223307,42.37489427494098,127.92359574233431,260.0950143548507,453.06365899194645,883.4571643298186
MY_0p5_2.2500_114.2500,114.25,2.25,2008-05-01,2008,5,288.4263392857143,97.61327531602647,128.48348078652032,44.66665720863948,89.86171637641058,134.5283754621233,42.45205135042705,128.13508557516428,260.4042674231151,453.2385453481523,884.2299763997395
MY_0p5_2.2500_114.7500,114.75,2.25,2008-05-01,2008,5,305.73358193674403,97.12072401969665,129.30262298583986,50.8310411760884,128.38482168874432,179.2158679592994,42.77100688565162,129.14050903320313,262.71916976436495,459.06351032872374,893.6942176080522
MY_0p5_2.2500_115.2500,115.25,2.25,2008-05-01,2008,5,320.7088928222656,97.00785827636719,120.44770812988281,65.98109436035156,167.08267211914062,233.06375122070312,42.964317321777344,129.8045196533203,264.48065185546875,464.03326416015625,901.2827758789062
MY_0p5_2.7500_101.2500,101.25,2.75,2008-05-01,2008,5,141.18109130859375,99.38700866699219,115.65105438232422,4.257855415344238,19.269479751586914,23.527334213256836,41.75263214111328,126.38523864746094,258.6924133300781,456.35345458984375,883.1837768554688
MY_0p5_2.7500_101.7500,101.75,2.75,2008-05-01,2008,5,149.13907360320397,99.27609843860974,104.93242367831142,7.68003250989047,49.12384054704146,56.803872354680834,41.805902751575815,126.41391376842151,258.1506701660156,453.7126381613991,880.0831090198863
MY_0p5_2.7500_102.2500,102.25,2.75,2008-05-01,2008,5,156.45125302843226,99.08768492291688,119.55609201321937,10.326228393870553,51.82164780197629,62.14787823379419,42.13832826067687,127.37194292104925,259.8604808248532,455.7857950781561,885.1565456511869
MY_0p5_2.7500_102.7500,102.75,2.75,2008-05-01,2008,5,156.67840107784994,101.33088802385933,118.96192244034779,10.941773906538756,40.18919035754626,51.13096505177172,42.34797728816165,128.1271069200733,262.1118698120117,463.20410330084303,895.791044404235
MY_0p5_2.7500_103.2500,103.25,2.75,2008-05-01,2008,5,148.98675818959617,103.09238829886078,110.50257742329008,11.313804854253295,41.56313790485358,52.87694327239017,41.26285551763644,124.26480962668255,254.13146958077786,448.1297621028438,867.7888910572999
MY_0p5_2.7500_103.7500,103.75,2.75,2008-05-01,2008,5,149.13317652163298,106.04071399854575,107.10599310387116,8.875498767272669,33.69466913460587,42.57016794582666,40.271560194305565,120.79762194233557,247.20894141131285,435.89618299633673,844.174307686942
MY_0p5_2.7500_104.2500,104.25,2.75,2008-05-01,2008,5,158.43610808428596,107.58350854761461,116.24138641357422,6.144245147705078,20.80059814453125,26.944841384887695,41.862369537353516,126.8084487915039,259.88140869140625,459.0478515625,887.60009765625
MY_0p5_2.7500_111.2500,111.25,2.75,2008-05-01,2008,5,227.05263692921608,106.71462486530172,96.7223481570973,37.895841598510735,78.21558425005745,116.11142439000747,42.5595438340131,128.71716039321004,263.0583980784697,464.1909089929918,898.5260045668658
MY_0p5_2.7500_111.7500,111.75,2.75,2008-05-01,2008,5,235.69321698048074,105.58992016901735,96.65640258789062,35.3955524543236,81.36970883402331,116.76525954542488,42.568314519421804,128.7423755382669,263.0996856689453,464.21010300208775,898.6204710335566
MY_0p5_2.7500_112.2500,112.25,2.75,2008-05-01,2008,5,244.1592545811134,104.50075605851185,99.34210845947266,34.94651724497477,82.35405520121256,117.30057146708171,42.55794544219971,128.70023081461588,262.9496987915039,463.64540669759106,897.8532812499999
MY_0p5_2.7500_112.7500,112.75,2.75,2008-05-01,2008,5,249.5370298458051,103.62616432769389,105.33493817003468,40.4140385736393,89.55522621734232,129.96926607059527,42.61411715157424,128.83962360816665,263.08232213273834,463.43492358243924,897.9710003816627
MY_0p5_2.7500_113.2500,113.25,2.75,2008-05-01,2008,5,248.14567013695125,102.86643931070962,114.38615349663627,45.11075504847934,89.73183702741349,134.84259536985365,42.648701513381226,128.91794288271947,263.11994086371527,463.1791758703806,897.8657718718996
MY_0p5_2.7500_113.7500,113.75,2.75,2008-05-01,2008,5,263.43761784255884,100.56932179639293,121.8184091361465,46.83757381074748,85.69232253056423,132.52989884394748,42.509195291312636,128.38359570351375,261.3766972244166,457.07982066938075,889.3493133350541
MY_0p5_2.7500_114.2500,114.25,2.75,2008-05-01,2008,5,291.8416262276565,98.31039711191684,126.58547939831696,55.15702145009101,99.15778529493114,154.314811006377,42.54322327239604,128.4226085807704,261.0721943529346,454.9071625335307,886.9451908159859
MY_0p5_2.7500_114.7500,114.75,2.75,2008-05-01,2008,5,312.7079457082566,99.16249823114674,130.01546850022237,60.7557163724474,126.03556400955104,186.791282119265,42.80599065647003,129.28178590422226,263.21035892948225,460.86515283280875,896.1632857596038
MY_0p5_2.7500_115.2500,115.25,2.75,2008-05-01,2008,5,325.4231792827984,97.92275526716902,121.02199843123154,59.98754886249164,159.1202503926045,219.10780197006088,42.86217924925658,129.43194057705165,263.377243729325,460.4327829721812,896.10415731894
MY_0p5_3.2500_101.2500,101.25,3.25,2008-05-01,2008,5,130.6960906982422,98.80309343152473,123.47582434865751,5.05345351965047,20.26313321599701,25.316586438783876,41.87294410082153,126.72217729026706,259.233667395922,456.77879470053347,884.607616380031
MY_0p5_3.2500_101.7500,101.75,3.25,2008-05-01,2008,5,138.1950852879938,94.78462428196221,107.0184464181305,8.754633454000876,70.30419482698866,79.05882850574082,41.74045114456469,126.13345922482242,257.00697171156577,448.73867302183896,873.6195567914635
MY_0p5_3.2500_102.2500,102.25,3.25,2008-05-01,2008,5,150.13942900158108,97.57748752170139,121.32954895988341,8.993842621455117,50.890583861820275,59.884426795111764,42.13918837289962,127.44834386431982,260.35621386331223,457.8219485328311,887.765694173177
MY_0p5_3.2500_102.7500,102.75,3.25,2008-05-01,2008,5,152.39379472370388,100.69906476177745,118.29324992698959,10.504283989532082,53.16306152826623,63.66734601274322,42.25994710077213,127.86997044237354,261.5413475519494,461.50808706162854,893.1793599189082
MY_0p5_3.2500_103.2500,103.25,3.25,2008-05-01,2008,5,142.87203830383498,104.2005265574502,104.35103778652726,10.198720649321615,50.8546578907423,61.05337560448662,40.40799783961392,121.19007853653999,247.94141067355775,437.2300306686749,846.7695181284356
MY_0p5_3.2500_112.2500,112.25,3.25,2008-05-01,2008,5,232.19976908365888,106.28278469509549,100.60758887396919,29.043150668674045,62.79053599039714,91.83368445502387,42.46653052435981,128.45049506293404,262.57134602864585,463.36070217556426,896.8490804036459
MY_0p5_3.2500_112.7500,112.75,3.25,2008-05-01,2008,5,233.04673545591294,106.53259400398501,110.92510567336784,34.56128852093806,64.14035803372744,98.7016475239738,42.50271149932361,128.53590293008773,262.6168730688877,463.0630735803823,896.7185698962603
MY_0p5_3.2500_113.2500,113.25,3.25,2008-05-01,2008,5,236.56372259613266,106.88207686574835,121.09040699583112,37.76663917483705,65.57339934146765,103.34004081379283,42.554314078706675,128.67152017535582,262.80044197313714,463.23449938225025,897.2607740922406
MY_0p5_3.2500_113.7500,113.75,3.25,2008-05-01,2008,5,260.06366155715216,104.59698670402405,122.38134191603885,46.81887003580729,87.15215454101562,133.97102808876642,42.634804619683166,128.84532272096664,262.8049303811694,461.9879918658543,896.273050750248
MY_0p5_3.2500_114.2500,114.25,3.25,2008-05-01,2008,5,294.844735503956,102.3775553126244,123.59086062194436,59.81697190643116,113.07173202903408,172.88871318063917,42.675473814557314,128.83539357762425,262.0293858036114,457.40191757299334,890.9421668568992
MY_0p5_3.2500_114.7500,114.75,3.25,2008-05-01,2008,5,317.78771778276774,103.221248067868,131.95616183918753,70.98657459817876,132.47980878307564,203.4663791535007,42.86948481031285,129.4521568930073,263.5172287278874,461.4845006663329,897.3233838901399
MY_0p5_3.2500_115.2500,115.25,3.25,2008-05-01,2008,5,331.92193400708936,100.55860693243486,124.10187356683271,64.31462901151632,169.7158634813526,234.030494158781,42.878437102595456,129.44095119041734,263.206452574911,459.339443834522,894.8652815034117
MY_0p5_3.2500_115.7500,115.75,3.25,2008-05-01,2008,5,364.558525856961,99.13082885742188,120.07534987203191,105.15437008289807,227.06193456756935,332.21631682320924,43.22480559616946,130.50656247942635,265.5428096471208,464.9605839761455,904.2347398393608
MY_0p5_3.7500_100.7500,100.75,3.75,2008-05-01,2008,5,130.28973388671875,99.43750762939453,126.9085464477539,5.1423444747924805,8.332799911499023,13.47514533996582,41.9530029296875,127.00279998779297,260.0017395019531,458.9667663574219,887.92431640625
MY_0p5_3.7500_101.2500,101.25,3.75,2008-05-01,2008,5,137.23823335245586,96.38133963180593,127.08718889353732,8.722362132519967,36.761908824389806,45.484273145113946,41.96712343283841,126.9026581847552,259.0545892314232,454.4331146536522,882.3574914037216
MY_0p5_3.7500_101.7500,101.75,3.75,2008-05-01,2008,5,153.16014867670395,91.21675112293026,116.51194979430767,8.201286672786544,64.78642444246135,72.98771241667924,41.7609491287523,126.16185379028322,256.8567753688545,447.2727279177138,872.0523115996343
MY_0p5_3.7500_102.2500,102.25,3.75,2008-05-01,2008,5,166.15861554827006,93.87992008754185,118.14432947067986,12.85227249993218,69.13360438271174,81.98587774851964,42.06838257804749,127.15157134040953,259.30451543898806,454.06992303757437,882.5943996853297
MY_0p5_3.7500_102.7500,102.75,3.75,2008-05-01,2008,5,165.4121115063864,99.80760696653336,112.93445865691653,12.616299904717339,69.25142035105871,81.86772146073598,42.18139891851516,127.57847888280476,260.61666327582464,458.23397807772193,888.6105267237103
MY_0p5_3.7500_103.2500,103.25,3.75,2008-05-01,2008,5,150.98581692517044,103.4025343328833,102.7394038181679,11.625667886173025,71.12408575918161,82.74975256826363,41.62184932933135,125.63718067243988,256.83004138422945,451.7240492876838,875.8131259095435
MY_0p5_3.7500_113.2500,113.25,3.75,2008-05-01,2008,5,232.14496421813968,109.94842374324799,123.56132544845832,29.833166122436523,42.97727603599674,72.81044294013351,42.411881368668354,128.21981886566664,261.81077450611554,461.10047137151,893.5429347304047
MY_0p5_3.7500_113.7500,113.75,3.75,2008-05-01,2008,5,252.8954507847025,109.63082813081287,120.20430153164664,29.781299800934534,59.12011168149682,88.90141219845867,42.48662922683272,128.4035312195812,262.0202408577632,461.0239519532831,893.9343407887086
MY_0p5_3.7500_114.2500,114.25,3.75,2008-05-01,2008,5,277.3306621784566,107.81278202117434,123.44398358057416,41.75329862322126,98.42724284822978,140.1805459158761,42.709632788764104,129.02523396809897,263.0324418325273,462.18265729631696,896.9499922495038
MY_0p5_3.7500_114.7500,114.75,3.75,2008-05-01,2008,5,293.16751059880335,106.6200950985863,133.1759047493102,61.5975346156529,129.83915381053134,191.43668469625806,42.88844688052223,129.54366876511347,263.9702941894531,463.6448376852368,900.0472342354911
MY_0p5_3.7500_115.2500,115.25,3.75,2008-05-01,2008,5,307.7146573505704,101.15495268806579,126.39923253135075,60.178053198920345,156.90519297766306,217.08324589804994,42.78544053577241,129.1476764012897,262.52686903211804,457.6113829597594,892.0713491288442
MY_0p5_3.7500_115.7500,115.75,3.75,2008-05-01,2008,5,342.73180757152085,98.27700586113141,123.36061420029016,88.68635251710741,221.5818257503372,310.26818320734037,43.11888018271905,130.17098043976927,264.723183611314,462.52106613049403,900.5340874761129
MY_0p5_4.2500_100.7500,100.75,4.25,2008-05-01,2008,5,161.26234474182127,98.4224563057967,126.30766744808277,8.593071252472548,23.443460744741014,32.036532966458076,42.15153473834602,127.58324170793809,261.1321503308355,461.3154293138154,892.1823742924906
MY_0p5_4.2500_101.2500,101.25,4.25,2008-05-01,2008,5,177.31126669950265,91.77052921854008,121.91199194549755,13.228170212666704,83.18646432791546,96.41463571900776,42.15917861841287,127.32900563622736,259.15651357857286,451.87464205019035,880.5193481445315
MY_0p5_4.2500_101.7500,101.75,4.25,2008-05-01,2008,5,193.27069752486716,91.4742501109553,124.392733979149,10.185325034510216,66.71681232878957,76.90213492884043,42.178312039603824,127.49596899843066,260.125981632513,456.2976604620108,886.0978939556086
MY_0p5_4.2500_102.2500,102.25,4.25,2008-05-01,2008,5,200.8997206520349,96.59812798058265,117.80497987887351,13.341085961070688,71.54486308234951,84.88594630427255,42.242256237675974,127.71110473730313,260.6941975846458,457.94849500564726,888.5960771359576
MY_0p5_4.2500_102.7500,102.75,4.25,2008-05-01,2008,5,192.80461791214668,98.56377131468172,105.76332561225651,16.558002429403317,86.61568689042596,103.17368605789866,42.2467997848608,127.63717189715926,260.05420728549836,454.74781809035375,884.6860170789586
MY_0p5_4.2500_103.2500,103.25,4.25,2008-05-01,2008,5,167.95668156439137,104.14359264838987,99.02787432521063,14.036222697135049,65.70668718291493,79.7429075340776,42.145253158197164,127.38979905822968,259.89180891189847,455.51261843372305,884.939479070258
MY_0p5_4.2500_113.7500,113.75,4.25,2008-05-01,2008,5,237.36341809469556,114.0402684067235,118.11371166301224,16.339812188778282,22.688247716651777,39.02805990543006,42.071161953908096,127.11644629712376,259.2094922335643,454.4863215032614,882.8833980920181
MY_0p5_4.2500_114.2500,114.25,4.25,2008-05-01,2008,5,237.29834143985764,113.30141066032029,121.08510421694018,22.18496435673541,37.98571076632467,60.1706727812189,42.29354226543177,127.80055304567789,260.72861990321104,458.23230510696953,889.0550292026123
MY_0p5_4.2500_114.7500,114.75,4.25,2008-05-01,2008,5,247.15455749511722,110.55793172200522,130.35615478515626,42.48863054911296,88.40925481160484,130.8978845214844,42.64131612141927,128.83276947021488,262.7298736572266,461.9182377115887,896.1221984863282
MY_0p5_4.2500_115.2500,115.25,4.25,2008-05-01,2008,5,260.7412771648831,105.40517960654365,131.08289236492584,51.50194964143965,127.41703637441,178.91898801591663,42.58534317546421,128.53923654556274,261.2515476014879,454.8535297181872,887.2296786838108
MY_0p5_4.2500_115.7500,115.75,4.25,2008-05-01,2008,5,294.41254334530595,100.51144587629935,123.44801762467729,77.78648063530356,194.4437063960706,272.23018343650693,42.949579633292515,129.67486184330312,263.7826928090241,460.76807550979885,897.1752083471268
MY_0p5_4.2500_116.2500,116.25,4.25,2008-05-01,2008,5,352.4543429118831,108.56075700899449,117.67961302036194,124.66700330594692,274.91843228223854,399.5854391702792,43.35925883781619,130.83814276718513,265.962483475848,464.91695962301117,905.0768428895533
MY_0p5_4.2500_116.7500,116.75,4.25,2008-05-01,2008,5,376.61529787978685,113.66139269702008,108.24257774573532,125.31810663476847,292.0981574968107,417.41625676678797,43.39553023762786,130.96500304117367,266.2812000781815,465.6307872265061,906.2725085660901
MY_0p5_4.2500_117.2500,117.25,4.25,2008-05-01,2008,5,381.48378368816543,117.79830287832074,101.69194219808664,95.52034577226216,258.7118736874741,354.2322229706081,43.22212261436261,130.52238687160795,265.718349355512,465.5412966297792,905.0041487702226
MY_0p5_4.2500_117.7500,117.75,4.25,2008-05-01,2008,5,360.93889011480877,118.26113262339535,94.4235956240923,65.01115498991095,195.35794308654266,260.3691007173978,41.561067434457634,124.66809447198854,254.08582468929455,445.9037600786258,866.2187570425181
MY_0p5_4.2500_118.2500,118.25,4.25,2008-05-01,2008,5,312.1473841973913,117.62051570066934,86.46264152769831,55.185492351556285,155.72950657158142,210.91499542430708,38.72674895851476,114.41892524281883,233.25849827080012,409.3287489581261,795.7329183201881
MY_0p5_4.2500_118.7500,118.75,4.25,2008-05-01,2008,5,283.5159821686922,117.53766858136213,83.03301239013672,59.664093017578125,151.5159149169922,211.1800079345703,37.129764556884766,108.58077239990234,221.2946319580078,388.0384826660156,755.0436401367188
MY_0p5_4.7500_100.2500,100.25,4.75,2008-05-01,2008,5,186.84870910644534,99.19244215223524,,,,,,,,,
MY_0p5_4.7500_100.7500,100.75,4.75,2008-05-01,2008,5,195.18281367053726,95.83382752690002,121.41197331746417,9.453123321378134,57.80496496495192,67.25808985640363,42.07134719786605,127.19219396947845,259.4784086894213,454.5551296327172,883.2971010285663
MY_0p5_4.7500_101.2500,101.25,4.75,2008-05-01,2008,5,216.55821052163338,88.5864493233817,115.2350623478965,16.792224587334527,108.00635403829908,124.7985843476795,42.33487373230949,127.7916240631588,259.7402266245039,451.65180760943696,881.518534342448
MY_0p5_4.7500_101.7500,101.75,4.75,2008-05-01,2008,5,228.87699375031102,92.18693380204459,122.14066123356895,18.672739131866944,98.78804582868304,117.460782780723,42.48019127013191,128.34432319762215,261.60601399739596,458.62561616443463,891.0561337425595
MY_0p5_4.7500_102.2500,102.25,4.75,2008-05-01,2008,5,225.72126159667968,97.80652741931733,110.89135938371932,24.162479509626117,117.81026473272415,141.97274169921874,42.552155703590024,128.52718505859374,261.7817190987723,458.1588274274554,891.0199044363839
MY_0p5_4.7500_102.7500,102.75,4.75,2008-05-01,2008,5,209.21340500169492,100.6563683771024,100.63173199307384,22.944786424090143,105.98309671195446,128.92788791049057,42.468469595453534,128.2807951034254,261.2681208325039,457.0232408851574,889.0406381400525
MY_0p5_4.7500_103.2500,103.25,4.75,2008-05-01,2008,5,180.60545674545506,106.48021396238414,91.53083421207444,21.80770800122476,72.84485779653176,94.65256563587823,40.756067775712246,122.14094076121425,248.46431301440705,432.9462011133173,844.3075347562559
MY_0p5_4.7500_103.7500,103.75,4.75,2008-05-01,2008,5,160.49513485557156,110.01887512207031,81.65769839596437,11.877701301079291,20.497435879397703,32.375137180477,36.71832161445122,107.57585857440897,218.5869017762023,379.3040648621398,742.185177493405
MY_0p5_4.7500_113.7500,113.75,4.75,2008-05-01,2008,5,200.31002807617188,116.78311920166016,,,,,,,,,
MY_0p5_4.7500_114.2500,114.25,4.75,2008-05-01,2008,5,200.31002807617188,117.23584665570941,120.84565734863281,13.54228687286377,8.98906135559082,22.531347274780273,41.96229553222656,126.85212707519531,258.9465637207031,454.7755126953125,882.5364990234375
MY_0p5_4.7500_114.7500,114.75,4.75,2008-05-01,2008,5,211.87700562836022,117.2133460916499,129.29229244109123,26.28849356661561,41.55297168608635,67.84146682165002,42.30609376968876,127.87367264942458,261.00676538610975,459.0455768544188,890.2320897912466
MY_0p5_4.7500_115.2500,115.25,4.75,2008-05-01,2008,5,236.35566417376197,114.17529261112212,136.49029767513272,48.68751380840937,104.03968393802641,152.72719943523404,42.414149065812424,128.06627349058786,260.43186887105304,453.6128621101379,884.5251194636026
MY_0p5_4.7500_115.7500,115.75,4.75,2008-05-01,2008,5,261.670351640005,107.82813873291016,128.1978549775623,48.89761553567553,120.9113520546565,169.8089655800471,42.54909963456411,128.46516379704548,261.25230315677703,455.3988172743056,887.6653814406621
MY_0p5_4.7500_116.2500,116.25,4.75,2008-05-01,2008,5,294.01506706116686,107.58655514187281,125.55322631351527,75.78287540011934,180.22140459333144,256.0042769174727,42.977342030358685,129.77424805656307,264.17709738110733,462.6576543898808,899.5863399445063
MY_0p5_4.7500_116.7500,116.75,4.75,2008-05-01,2008,5,324.59087091759784,109.31660830823682,114.17111384717725,93.18786261353313,223.15912338449988,316.3469946656046,43.08170400691938,130.10011571570286,264.86493595944177,463.91313267961334,901.9598927558222
MY_0p5_4.7500_117.2500,117.25,4.75,2008-05-01,2008,5,353.38058394174726,111.4800312829396,102.9210207257952,91.72462855747767,233.29814317491324,325.0227851988777,43.02107409522646,129.9537096296038,264.6540028405568,463.45710730174227,901.085911923363
MY_0p5_4.7500_117.7500,117.75,4.75,2008-05-01,2008,5,337.8075116314465,113.5912968357907,97.47432397287102,76.49181126944626,223.06142000608804,299.5532407157029,42.965176473689986,129.81462015079546,264.4993295790274,463.56485893152933,900.8439696106728
MY_0p5_4.7500_118.2500,118.25,4.75,2008-05-01,2008,5,290.9922768290918,115.00070700333949,98.35447600858296,67.28961356081557,212.7889441868768,280.0785616774056,42.897729998257894,129.62299925837686,264.2038348787395,463.3161760646495,900.040708608963
MY_0p5_4.7500_118.7500,118.75,4.75,2008-05-01,2008,5,258.8273056609721,115.17224323900439,102.4062310713756,62.674237649652014,169.57706084432482,232.25130047375643,42.71446730215338,129.11753169192545,263.4142000222508,462.62858909896653,897.8747805824763
MY_0p5_5.2500_100.2500,100.25,5.25,2008-05-01,2008,5,199.6032262372144,100.0150929269074,60.23302459716797,6.528833866119385,35.704959869384766,42.233795166015625,28.18942642211914,76.42401123046875,155.8068389892578,273.0771179199219,533.4974365234375
MY_0p5_5.2500_100.7500,100.75,5.25,2008-05-01,2008,5,214.57078043619794,96.43960819968696,115.06756547949782,12.94669680211736,76.71945510513481,89.66615049866425,41.42891074871195,124.58015529588722,253.36597539090565,441.31302020193516,860.6880724676724
MY_0p5_5.2500_101.2500,101.25,5.25,2008-05-01,2008,5,243.57735852438304,91.74701763334728,115.139850531684,22.69867572784424,113.27767774793834,135.97634955512152,42.55057968866257,128.35438886369977,260.535996016245,452.51970292348705,883.9606453062996
MY_0p5_5.2500_101.7500,101.75,5.25,2008-05-01,2008,5,251.01742568289401,94.4826801081372,121.04113871580479,23.094729156251173,97.4961679604403,120.5908945654608,42.62123401909118,128.67057136972997,261.7805467836416,457.6552090978927,890.7275769664984
MY_0p5_5.2500_102.2500,102.25,5.25,2008-05-01,2008,5,233.94451194811774,104.82884704687032,110.68876511883582,21.527582848907276,83.28162154422445,104.80920653130597,42.198884113579034,127.25444468115545,258.8876888007875,452.46259409910556,880.8035826470441
MY_0p5_5.2500_102.7500,102.75,5.25,2008-05-01,2008,5,209.65255434117026,107.1440145650487,98.76885143215372,21.106058767286395,70.5397272174641,91.64578569056623,41.15135301492982,123.42430075952562,250.17752064850367,433.7146810240664,848.4678235070179
MY_0p5_5.2500_103.2500,103.25,5.25,2008-05-01,2008,5,187.9344850893374,111.15520949590773,99.14056931532822,22.266171628778633,47.805268845000825,70.07143860358697,41.93177032470703,126.31941133969791,255.7340739857067,441.3295922217431,865.3148597618203
MY_0p5_5.2500_115.2500,115.25,5.25,2008-05-01,2008,5,248.29406566004604,118.31435308148787,140.96772415911565,39.16643861864434,78.29604771098154,117.46248126420818,42.35783248651224,127.90104612756949,260.2560955110144,454.33738433337606,884.8523529553023
MY_0p5_5.2500_115.7500,115.75,5.25,2008-05-01,2008,5,260.5675214684528,115.548325067834,136.25327065677965,33.93430415008028,83.4750405004469,117.40934104272873,42.36724575495315,127.89704245874438,260.0731029445842,453.31652004435904,883.6539170087394
MY_0p5_5.2500_116.2500,116.25,5.25,2008-05-01,2008,5,279.298502861699,110.18672358838818,129.37164185922356,48.14449408084532,126.40510187269768,174.5495902435689,42.725357840332805,129.04580447040027,262.81506453888323,460.38301067110854,894.9692684125298
MY_0p5_5.2500_116.7500,116.75,5.25,2008-05-01,2008,5,305.65860101241094,109.61309336408785,122.4812874612929,79.04417285436315,187.5475185732298,266.5916851864585,43.00473974928071,129.86648110498356,264.35458036012284,462.8318900579138,900.0576952197885
MY_0p5_5.2500_117.2500,117.25,5.25,2008-05-01,2008,5,341.16471121651784,111.62429455953931,112.83806755429222,83.41396309988839,204.93924991668214,288.3532130165705,43.052672734336255,130.03058999682227,264.7987274654328,464.10156056237594,901.9835464719741
MY_0p5_5.2500_117.7500,117.75,5.25,2008-05-01,2008,5,326.16294507223466,112.37663549998449,103.10347244020491,62.132566591293084,188.76038760230654,250.89295717269653,42.932476346454926,129.72679172092012,264.4540373302641,464.30131971571177,901.4146133665054
MY_0p5_5.2500_118.2500,118.25,5.25,2008-05-01,2008,5,269.10885038829986,113.2363565287013,100.65980289240551,42.67670036121539,161.5137530284323,204.1904577753346,42.751478389569904,129.2291767096064,263.67839351581165,463.5079439005274,899.166979164075
MY_0p5_5.2500_118.7500,118.75,5.25,2008-05-01,2008,5,238.57106994628913,114.02773120214069,104.30395136939154,47.35940933227538,118.29155731201172,165.65097067091202,42.54269308514065,128.650061501397,262.71433385213214,462.27747556898333,896.1845728556316
MY_0p5_5.2500_119.2500,119.25,5.25,2008-05-01,2008,5,238.43024057884736,115.30005544026695,106.10557556152344,51.62300491333008,100.01888275146484,151.6418914794922,42.45931625366211,128.4191131591797,262.3272399902344,461.77197265625,894.9776611328125
MY_0p5_5.7500_100.2500,100.25,5.75,2008-05-01,2008,5,221.00648917808186,103.23836833507092,96.49469820075079,17.552781498760258,39.37268521370144,56.925465925024184,35.55900955200195,103.27274882465328,210.45376796897398,368.8585457058128,718.1440748862169
MY_0p5_5.7500_100.7500,100.75,5.75,2008-05-01,2008,5,233.5801786392454,101.2011725773887,105.3750764465332,20.345198567708337,75.93214365641278,96.27734011332194,40.64225096384684,121.3794199625651,245.83807973225913,425.43597279866543,833.2957240804037
MY_0p5_5.7500_101.2500,101.25,5.75,2008-05-01,2008,5,258.6219859686424,98.41678577332985,111.11878471674883,28.000760664151414,110.1527628260335,138.15351924746057,42.632319788294524,128.45792286790265,260.0439769114097,449.8003453532542,880.9345582977055
MY_0p5_5.7500_101.7500,101.75,5.75,2008-05-01,2008,5,259.7488199869792,101.51265649795533,119.75827582677206,22.984621143341066,71.70995068177581,94.69457162221273,42.21111884117128,127.13815654118856,257.0181612014771,443.5059178670247,869.8733495076497
MY_0p5_5.7500_102.2500,102.25,5.75,2008-05-01,2008,5,229.57411609551843,112.60539138011441,110.46039391206169,12.84958336409495,15.08714421758246,27.936726680909747,40.247899835759945,120.34275702274206,241.05188373604204,406.93363464560974,808.5761542015205
MY_0p5_5.7500_102.7500,102.75,5.75,2008-05-01,2008,5,207.86575483049663,112.48744675719621,85.79096984863281,10.253496170043945,12.477677345275879,22.73117446899414,34.829811096191406,100.56258392333984,200.92364501953125,339.0356750488281,675.3516845703125
MY_0p5_5.7500_103.2500,103.25,5.75,2008-05-01,2008,5,188.3417510986328,114.33033752441406,,,,,,,,,
MY_0p5_5.7500_115.2500,115.25,5.75,2008-05-01,2008,5,249.83930460611978,119.31437250773112,146.7861785888672,53.60874938964844,60.03718185424805,113.64592742919922,42.29730987548828,127.91522979736328,261.337890625,460.207763671875,891.7581787109375
MY_0p5_5.7500_115.7500,115.75,5.75,2008-05-01,2008,5,252.20868434788989,115.90261134048181,139.29945736839656,43.511108035133006,72.5698478335426,116.0809547061012,42.23700488862537,127.56572701590403,259.69788208007816,453.5593069893974,883.0599341982887
MY_0p5_5.7500_116.2500,116.25,5.75,2008-05-01,2008,5,257.8485934787326,108.64869115920293,132.5928473094153,41.24933711460658,96.71713453020368,137.96647251674108,42.363244604685946,127.8613290453714,259.82080494714165,452.0039029560392,882.049300905258
MY_0p5_5.7500_116.7500,116.75,5.75,2008-05-01,2008,5,279.1183431473989,105.42705439007472,125.18143870035806,58.14233926440043,151.4202156187996,209.56255580357146,42.76206143091595,129.0819780380007,262.38680759006076,457.34708794487847,891.5779442196801
MY_0p5_5.7500_117.2500,117.25,5.75,2008-05-01,2008,5,308.88664279299957,111.03095743558386,119.45286449348136,70.5035879935376,155.3247823865632,225.82836981451473,42.81277379177345,129.3632999745077,263.6581417047639,462.52750403948767,898.3617209064471
MY_0p5_5.7500_117.7500,117.75,5.75,2008-05-01,2008,5,300.5416705419147,113.03774559384301,110.70865538936333,56.94942953122543,122.44050055382236,179.38993297807326,42.63871958431781,128.92652278618527,263.2635997797819,463.51816625403075,898.3469860921771
MY_0p5_5.7500_118.2500,118.25,5.75,2008-05-01,2008,5,259.9490690276097,113.39467109044392,105.85468692355686,35.51871775309245,103.08557057698569,138.60428487141928,42.53456944783529,128.6530140516493,262.9198311360677,463.55753648546016,897.6649237738716
MY_0p5_5.7500_118.7500,118.75,5.75,2008-05-01,2008,5,231.82076630225552,114.01893014174242,104.36100769042969,27.679039001464844,100.87509155273438,128.5541229248047,42.52846908569336,128.64764404296875,262.9738464355469,463.8983459472656,898.0482788085938
MY_0p5_6.2500_99.7500,99.75,6.25,2008-05-01,2008,5,259.45833093979775,111.53298725801356,132.25576675769895,26.65364806596623,25.213081226792443,51.86672929275868,41.613615435223245,125.36175909707713,253.17083669263263,433.4078809161519,853.5540771484374
MY_0p5_6.2500_100.2500,100.25,6.25,2008-05-01,2008,5,244.55244779586792,108.65548843145372,119.75571095992106,21.774341995862063,35.02865258820202,56.80299441279196,40.19415979190748,120.16830814906528,244.14821789799902,424.70117486447697,829.2118388273277
MY_0p5_6.2500_100.7500,100.75,6.25,2008-05-01,2008,5,246.12724262959253,107.52683941461865,109.78214979724073,20.62567607776539,47.47990155312086,68.1055774615078,41.04812960827213,122.71797819395323,245.8974526895059,424.28127226958406,833.9448176203548
MY_0p5_6.2500_101.2500,101.25,6.25,2008-05-01,2008,5,254.98362426757814,106.86908275897686,107.20931126521184,24.21015161367563,58.94877718411959,83.1589302649865,41.53820659930889,124.31569589468151,247.93219839242792,426.30149301382215,840.0875957782451
MY_0p5_6.2500_101.7500,101.75,6.25,2008-05-01,2008,5,240.61708722795757,113.58667297363282,112.89215611049107,15.603606728145051,22.436213806484425,38.03982101167951,40.55689544677735,121.3623550415039,240.63568987165175,399.74453473772314,802.2994838169642
MY_0p5_6.2500_102.2500,102.25,6.25,2008-05-01,2008,5,218.25166702270508,117.74541696688023,111.63867950439453,7.188076496124268,0.08983004838228226,7.277906894683838,39.6120719909668,118.30838775634766,233.08377075195312,378.4778747558594,769.4821166992188
MY_0p5_6.2500_115.7500,115.75,6.25,2008-05-01,2008,5,232.92099900679153,114.27408651872113,151.03536987304688,38.18962860107422,47.58484649658203,85.77447509765625,42.159698486328125,127.27732849121094,258.8301696777344,450.968505859375,879.2357177734375
MY_0p5_6.2500_116.2500,116.25,6.25,2008-05-01,2008,5,236.3723687958299,110.60861145822625,141.9855021002009,32.660425127340304,55.19039169177084,87.85081681911115,42.10043030793447,127.02719966535527,257.94249648039556,447.8215931627719,874.8917190618977
MY_0p5_6.2500_116.7500,116.75,6.25,2008-05-01,2008,5,243.09546232677644,107.85865502735928,128.6451397608197,32.000302511548234,72.07181058611188,104.07211212884812,42.142106822180374,127.1370604499938,258.0637376088944,447.6295328776041,874.9724376860119
MY_0p5_6.2500_117.2500,117.25,6.25,2008-05-01,2008,5,252.03902738056485,111.35852888803632,120.18100544762989,45.60066653054857,74.11432568989103,119.714991203187,41.72912976703947,125.69122321719215,255.9162365141369,447.1710704985119,870.5076758975074
MY_0p5_6.2500_117.7500,117.75,6.25,2008-05-01,2008,5,258.51637554168707,113.16913390159608,115.67821337605079,45.86216195982102,59.7691012600012,105.63126203748914,41.5769948234335,125.2388500191315,255.45452845166298,448.12191433376734,870.3922932942709
MY_0p5_6.2500_118.2500,118.25,6.25,2008-05-01,2008,5,260.1830804007394,113.513578414917,114.62433597019741,35.81804697854179,45.63771404538836,81.45575754983085,42.20308658054897,127.61499840872628,260.5608357020787,457.9960392543248,888.3749585832868
MY_0p5_6.7500_100.2500,100.25,6.75,2008-05-01,2008,5,254.21404109281653,111.16130234213436,128.30437761194565,22.081281914430505,30.212551579755893,52.293834910673255,41.85501219244564,126.22359556310319,255.80495116289921,442.015276964973,865.8988046085134
MY_0p5_6.7500_100.7500,100.75,6.75,2008-05-01,2008,5,253.94645295319734,112.47254293936273,114.15395157425492,15.459277894761831,17.948015283655238,33.40729367291487,40.28443456579138,119.74771372477214,235.7239244249132,410.3387507685909,806.094798900463
MY_0p5_6.7500_116.2500,116.25,6.75,2008-05-01,2008,5,216.4353181685524,113.39096468548442,136.8320632562405,15.777712752179403,17.57028077288372,33.34799333898033,41.431491572682454,124.81339543040205,252.4975835288444,434.41279415968,853.1552734375
MY_0p5_6.7500_116.7500,116.75,6.75,2008-05-01,2008,5,216.0054698305835,113.27972957491875,126.87362619633731,19.012145257278863,19.81756305317634,38.829708114443086,40.22162192423824,120.38797705729489,243.76707416278103,420.17673996031994,824.5534115516151
MY_0p5_6.7500_117.2500,117.25,6.75,2008-05-01,2008,5,216.02073773767196,113.70112802228356,117.20289834621735,25.670752314339698,19.998624877592103,45.66937703157949,39.28956276547592,116.96334126565309,237.24354013088532,410.5234110334278,804.0198553304756
MY_0p5_6.7500_117.7500,117.75,6.75,2008-05-01,2008,5,219.81731711493597,113.91140831841365,116.15322089195251,33.191126704216,18.328255116939545,51.519381523132324,39.90656578540802,119.1710796356201,242.31833171844482,421.829255104065,823.2252407073975
MY_0p5_7.2500_116.7500,116.75,7.25,2008-05-01,2008,5,198.52177453228808,116.04908146933904,126.76027095628821,17.056953596032187,2.975304358938466,20.032257809846296,39.123955502717386,116.50703735351563,235.21432136867358,402.4885559082032,793.3338686735733
MY_0p5_7.2500_117.2500,117.25,7.25,2008-05-01,2008,5,196.0477674329603,116.18075149123732,125.16665456671463,19.089336435418378,2.4910214800583685,21.580357862773692,38.56987617894223,114.50162562320106,231.25526620965252,395.94817312140214,780.2749280427631
MY_0p5_0.7500_110.2500,110.25,0.75,2008-06-01,2008,6,261.2991067739634,88.22038926344653,105.03706794151894,42.10084674541767,129.34831965519834,171.4491631141076,42.629489957369294,128.71862605168272,261.9959322415866,458.04365985576925,891.3876840444713
MY_0p5_0.7500_110.7500,110.75,0.75,2008-06-01,2008,6,265.2670004708426,90.41928536551339,112.17518234252928,47.024309757777615,130.8230287824358,177.84733298165457,42.69071644374302,128.97042628696985,262.87093549455915,461.1529052734375,895.6849513462611
MY_0p5_0.7500_111.7500,111.75,0.75,2008-06-01,2008,6,274.4076363699777,88.73892623659164,111.10618203783793,62.027294643341556,136.55704098656065,198.58434065561445,42.65400859287807,128.86019413054936,262.6663755386595,460.77079361204113,894.9513821072048
MY_0p5_1.2500_103.2500,103.25,1.25,2008-06-01,2008,6,188.66667856753452,93.72617851183253,100.55095984719017,21.387318654493853,39.787569999694824,61.174888957630515,39.00267722389915,115.90407111428,237.07990299571645,418.71899483420634,810.7056565718218
MY_0p5_1.2500_103.7500,103.75,1.25,2008-06-01,2008,6,170.3108129408753,93.72708129882812,91.99010060134442,25.32172649346509,45.032320115172745,70.35404760860703,40.21680687469186,120.49355975401053,246.4556963281724,435.3124694824219,842.478535179953
MY_0p5_1.2500_104.2500,104.25,1.25,2008-06-01,2008,6,162.980177961077,94.88774065290178,82.4139404296875,30.131074905395508,51.447261810302734,81.57833862304688,41.82740020751953,126.56301879882812,258.8705749511719,457.3291015625,884.590087890625
MY_0p5_1.2500_109.7500,109.75,1.25,2008-06-01,2008,6,243.20216479933407,92.00733129662203,101.82278727336102,47.07322228672993,111.16811913180065,158.24134477362574,42.81650295027767,129.41006745487812,264.1643165680299,465.67407079489834,902.0649833219597
MY_0p5_1.2500_110.2500,110.25,1.25,2008-06-01,2008,6,258.0380969544635,89.55618533572635,104.83917436636554,47.483290668620114,131.2784099799786,178.7616996028709,42.712014643842195,128.9907807456941,262.68226040284156,460.00589943668564,894.3909485570254
MY_0p5_1.2500_110.7500,110.75,1.25,2008-06-01,2008,6,263.0335793147011,90.9410681830512,112.61011609274243,48.114462813120035,125.49677642337856,173.6112363300626,42.73298775809152,129.11304650685142,263.2611653645833,462.44103713262643,897.5482113792781
MY_0p5_1.2500_111.2500,111.25,1.25,2008-06-01,2008,6,263.700808199069,90.23896345924646,112.76007938080323,55.93858447090125,126.73613458700454,182.6747178147776,42.71795466608895,129.04855244304426,263.0533951341916,461.7587233473318,896.5786150362545
MY_0p5_1.2500_111.7500,111.75,1.25,2008-06-01,2008,6,272.69061957465277,88.40476263137089,109.96901315356058,60.24489254421658,139.36470055958583,199.60959588913693,42.663330078125,128.87604050409226,262.6382518949963,460.5001709953186,894.6778099423362
MY_0p5_1.2500_112.2500,112.25,1.25,2008-06-01,2008,6,287.36236107530937,86.48073093782222,110.39243742657192,68.46932816868504,151.6435995343978,220.11292789672225,42.67302394034293,128.89884398794413,262.62220709941107,460.14012866334866,894.3342096164141
MY_0p5_1.2500_112.7500,112.75,1.25,2008-06-01,2008,6,305.5228042602539,85.41787862777709,109.87600882848103,96.03840827941895,165.7957280476888,261.83412075042725,42.53572384516398,128.38398710886636,261.03724733988446,455.0148754119873,886.9718182881674
MY_0p5_1.2500_113.2500,113.25,1.25,2008-06-01,2008,6,320.6461927331012,85.38056063444716,111.97133696182914,108.96932300070057,152.5490710714589,261.51838166610054,42.42118241683297,128.02263588283373,260.15912502122956,452.6940955120584,883.297025730299
MY_0p5_1.2500_113.7500,113.75,1.25,2008-06-01,2008,6,309.24361882065284,85.03711024197663,114.7661087729714,98.12603586370294,134.48079571579441,232.6068289785674,42.46270858880245,128.14228294834945,260.3898227576053,453.2377566713275,884.2325758500532
MY_0p5_1.2500_114.2500,114.25,1.25,2008-06-01,2008,6,277.81296019427543,84.2149289561584,117.18260368414686,70.57721048540775,121.48914485695089,192.06635804302925,42.49253811456461,128.22573096351286,260.56471292951466,453.7108761947767,884.993862455925
MY_0p5_1.2500_114.7500,114.75,1.25,2008-06-01,2008,6,251.78866872479836,83.09074967907323,113.95309152910787,57.28428022323116,126.19352082283265,183.47779796969508,42.50261823592648,128.26412422426287,260.62038298576107,453.58890754945816,884.9760092458417
MY_0p5_1.7500_102.7500,102.75,1.75,2008-06-01,2008,6,202.99265959513124,92.86324171203277,105.97735285758972,18.761779308319092,80.82651042938232,99.58828973770142,41.33518469333649,124.13922715187073,253.58740139007568,447.51589298248297,866.5776996612549
MY_0p5_1.7500_103.2500,103.25,1.75,2008-06-01,2008,6,187.4022514313805,92.29786107715033,104.65867946624758,19.637623596191407,63.61609489440918,83.25371849060058,41.10938463211059,123.44483116149904,252.34746261596683,445.5501434326172,862.451827697754
MY_0p5_1.7500_103.7500,103.75,1.75,2008-06-01,2008,6,173.15785391119462,93.21892704541169,97.08481310590913,26.063118994990482,51.79243838636181,77.85555793665633,41.05169887784161,123.42755155925508,252.3157974436313,445.18041306507735,861.975471013709
MY_0p5_1.7500_104.2500,104.25,1.75,2008-06-01,2008,6,167.27217674255368,94.57444248199462,92.0853543540304,31.445023603217546,50.695794955704564,82.14081969741703,42.064179472220964,127.26058439506117,260.15318286511325,458.945379685986,888.423334166061
MY_0p5_1.7500_109.7500,109.75,1.75,2008-06-01,2008,6,238.7030636987021,92.415175238321,101.76111602783203,47.95363235473633,110.56842803955078,158.52206420898438,42.83133316040039,129.45919799804688,264.2942810058594,466.07940673828125,902.6642456054688
MY_0p5_1.7500_110.2500,110.25,1.75,2008-06-01,2008,6,250.24624890959666,91.91343399972628,104.5119688472646,57.823131683675996,134.25486265784278,192.07799819701498,42.855675865622125,129.47537239605094,263.9528341854319,463.7588866534718,900.0427954362675
MY_0p5_1.7500_110.7500,110.75,1.75,2008-06-01,2008,6,256.29658924449575,91.76899892633611,113.24867897033691,53.961779022216795,114.43794097900391,168.39972534179685,42.83176288604736,129.449299621582,264.1894561767578,465.49305877685543,901.9635681152342
MY_0p5_1.7500_111.2500,111.25,1.75,2008-06-01,2008,6,250.1769796704489,90.39076157827225,111.65113028592842,49.64964958013491,120.49970596668332,170.14935082723926,42.77220201714095,129.24085757233374,263.6261687522711,463.73353782476386,899.372764693859
MY_0p5_1.7500_111.7500,111.75,1.75,2008-06-01,2008,6,260.8596409664878,87.96238713324821,105.00604834737653,51.925751468803305,138.07900774026217,190.0047588106952,42.7587559494791,129.18358819695965,263.3710610112057,462.4915778244597,897.8050127633009
MY_0p5_1.7500_112.2500,112.25,1.75,2008-06-01,2008,6,280.85614633711555,86.19964413113064,106.24067978631882,58.673152887253536,153.5998281811911,212.2729778471447,42.76652235000853,129.16807672409783,263.1131302122086,461.0615783691406,896.1093168712796
MY_0p5_1.7500_112.7500,112.75,1.75,2008-06-01,2008,6,296.3144281296503,85.87105255126951,108.31415344722687,75.72315527295308,155.12103823707218,230.8441881452288,42.645613509889635,128.77550155397446,262.14732753208705,458.4420792836992,892.0105131603423
MY_0p5_1.7500_113.2500,113.25,1.75,2008-06-01,2008,6,306.9576934330047,85.93739369710286,110.99676353817895,82.51204623267765,148.37397853306362,230.88602052718872,42.53213268461682,128.40587429470486,261.2402594672309,456.04456293015244,888.2228141663566
MY_0p5_1.7500_113.7500,113.75,1.75,2008-06-01,2008,6,296.15511213030135,85.3273904225183,112.9036597115653,76.38135134984576,134.38670198955234,210.76805182562933,42.430496530684216,128.06441977364676,260.36106228298604,453.62014789884057,884.4761354476685
MY_0p5_1.7500_114.2500,114.25,1.75,2008-06-01,2008,6,268.3761619931176,84.59427536252944,115.34503750271264,58.49118115864102,112.57054840572297,171.06172989133802,42.354719386025074,127.8361351376488,259.8865404885912,452.59119107685393,882.6685781327504
MY_0p5_1.7500_114.7500,114.75,1.75,2008-06-01,2008,6,253.4703176231582,84.14233710728779,114.3923950590618,46.847547363123134,106.72217630969428,153.56972491802946,42.43762991712501,128.11021763302503,260.5141788146656,453.9734410103121,885.0354399211667
MY_0p5_2.2500_101.7500,101.75,2.25,2008-06-01,2008,6,233.4236847848603,90.522237912573,112.33883304788611,13.375503694168248,39.40689441411182,52.78239941837813,41.94773417771465,126.56023630469738,258.4660817155935,455.40171274512716,882.3757410531092
MY_0p5_2.2500_102.2500,102.25,2.25,2008-06-01,2008,6,208.440335579466,89.33308801240328,106.95593236165755,10.362428213420666,46.265607715223396,56.628036097476354,41.656308242578824,125.54066178901343,256.1997847853665,450.24383997574944,873.6405791506243
MY_0p5_2.2500_102.7500,102.75,2.25,2008-06-01,2008,6,196.36291557022287,90.42800396303586,106.48803339125234,13.671586416944674,58.92823558517649,72.59982241859919,41.887588899346845,126.2895726795438,258.2145753691468,456.26836965053894,882.6600892272177
MY_0p5_2.2500_103.2500,103.25,2.25,2008-06-01,2008,6,188.41412106468565,90.32729056222097,104.4978768727136,16.51770767938523,62.58434370737227,79.10205116877479,42.143399568588016,127.2338646298363,259.92079816545765,458.0101740761408,887.3082376147073
MY_0p5_2.2500_103.7500,103.75,2.25,2008-06-01,2008,6,180.7425279520326,92.87879977468717,103.65571444236625,25.3440076795675,51.43145731263241,76.77546552237816,41.91903513245663,126.46151955814683,258.1981093584481,454.08663516287066,880.6653069964908
MY_0p5_2.2500_104.2500,104.25,2.25,2008-06-01,2008,6,177.11331797033793,94.68804621502638,105.90009635736135,31.516792738733216,41.379873985101376,72.89666672383458,42.38560422786997,128.21533732768918,261.92327628647985,461.17718934618733,893.701423077544
MY_0p5_2.2500_104.7500,104.75,2.25,2008-06-01,2008,6,174.65869140625,96.27104949951172,,,,,,,,,
MY_0p5_2.2500_109.7500,109.75,2.25,2008-06-01,2008,6,221.49427155525456,93.07394212292087,,,,,,,,,
MY_0p5_2.2500_111.2500,111.25,2.25,2008-06-01,2008,6,228.28871637582782,89.75225105881691,99.23162886675665,42.10296642079072,107.29529571533202,149.39826202392578,42.766970353968,129.32438367955825,264.2088003719554,466.2053958668428,902.5055649701286
MY_0p5_2.2500_111.7500,111.75,2.25,2008-06-01,2008,6,239.32383999294706,88.4361853221106,100.08591555640811,42.62388873630099,115.48588593498108,158.10977463495163,42.806308649456696,129.42584998721168,264.34094848632816,466.2436233762711,902.8167480468749
MY_0p5_2.2500_112.2500,112.25,2.25,2008-06-01,2008,6,259.93612317282054,87.4711438618009,102.40130319746714,43.25981836470346,133.59849512009393,176.85831424773684,42.852563355461,129.51931980678012,264.29939439561633,465.3002206953745,901.9715115017361
MY_0p5_2.2500_112.7500,112.75,2.25,2008-06-01,2008,6,271.23905707465275,86.79215855674137,105.41980949280752,41.9653447347974,137.48485398065475,179.45020558190723,42.798331148662264,129.33105061848957,263.7703288729228,463.57428191654253,899.4739773220487
MY_0p5_2.2500_113.2500,113.25,2.25,2008-06-01,2008,6,272.58142700195316,86.48449072459388,110.0185522896903,37.14112313891215,134.21695120675224,171.3580791655041,42.62877146402996,128.78318694583956,262.46421576605906,460.1580438523066,894.0341917007689
MY_0p5_2.2500_113.7500,113.75,2.25,2008-06-01,2008,6,266.45352984078323,84.87069610402555,111.08977315395694,38.56573936607264,124.54169106785257,163.10742646229417,42.28428783899622,127.67559206033057,259.7866137540793,452.97289884543125,882.7193926074839
MY_0p5_2.2500_114.2500,114.25,2.25,2008-06-01,2008,6,254.53302195715528,84.12262023441374,112.73521881103515,44.543148900592136,102.19286666143508,146.73601142035588,42.173615531315875,127.3399906218998,259.05532817537824,451.1885490296379,879.7574596586682
MY_0p5_2.2500_114.7500,114.75,2.25,2008-06-01,2008,6,254.90120396767895,83.85338939543693,114.95311441729147,41.46719724593624,100.59931852279172,142.0665170484974,42.42138897065194,128.08300749255764,260.59091865785666,454.5600027761153,885.6552935200352
MY_0p5_2.2500_115.2500,115.25,2.25,2008-06-01,2008,6,274.4754333496094,83.19278717041016,117.91400146484375,53.82326126098633,102.12969207763672,155.95294189453125,42.64120101928711,128.64585876464844,261.3403015136719,455.46533203125,888.0927124023438
MY_0p5_2.7500_101.2500,101.25,2.75,2008-06-01,2008,6,216.78201293945312,87.57845306396484,110.5421371459961,15.250532150268555,28.842134475708008,44.09266662597656,42.2982063293457,127.91228485107422,261.3836975097656,461.3342590332031,892.928466796875
MY_0p5_2.7500_101.7500,101.75,2.75,2008-06-01,2008,6,218.33759181245844,86.22626484264026,98.45290169455787,14.64956496325406,49.29988066933371,63.94944742376153,41.990868488658556,126.8605654629794,258.55651522549715,453.233867964311,880.641807750355
MY_0p5_2.7500_102.2500,102.25,2.75,2008-06-01,2008,6,193.62882815804448,85.71209291591767,107.63998315896198,7.442048528391844,32.39867707878161,39.84072640291445,41.96773555779913,126.78095996152064,258.2367656732061,451.08469065283515,878.0701338652593
MY_0p5_2.7500_102.7500,102.75,2.75,2008-06-01,2008,6,179.04218282578867,87.4718914273419,106.57704964166956,8.960542476629909,27.499338976944546,36.45988156523885,42.33323901212668,128.08594329447686,262.02572815327704,463.02290112459207,895.4677867647966
MY_0p5_2.7500_103.2500,103.25,2.75,2008-06-01,2008,6,178.4787158358629,89.9550271246843,100.06024308417254,13.640875907460593,31.446713514388744,45.0875892517673,41.351262183705714,124.47545023632658,254.24874897367636,447.3902105829518,867.4656667527119
MY_0p5_2.7500_103.7500,103.75,2.75,2008-06-01,2008,6,178.317760434358,93.30349847544797,97.66428610806092,20.367938828358454,28.397507821359945,48.765447203464774,40.52476058467742,121.45266410722161,248.0055404170867,436.0685150568387,846.0514830136628
MY_0p5_2.7500_104.2500,104.25,2.75,2008-06-01,2008,6,177.65708968218635,95.08496306924259,105.35005187988281,29.481365203857422,32.46953201293945,61.950897216796875,42.35389709472656,128.1304168701172,261.7829895019531,461.0017395019531,893.26904296875
MY_0p5_2.7500_111.2500,111.25,2.75,2008-06-01,2008,6,212.93959329539334,89.69309250404093,98.95801476871267,34.07447489570169,85.417309031767,119.49178246890796,42.631487790276026,128.9589489207548,263.6425682516659,465.54138273351333,900.7744050867417
MY_0p5_2.7500_111.7500,111.75,2.75,2008-06-01,2008,6,224.45289943257316,89.09781455993652,99.36812002905482,33.905027578616966,94.55311673263023,128.45814343156485,42.68988691527267,129.11562788075415,263.88888207797345,465.8697482141955,901.5641571571085
MY_0p5_2.7500_112.2500,112.25,2.75,2008-06-01,2008,6,240.38160744196253,89.04348709009871,101.79556566874184,33.22145879745484,107.20215253194172,140.4236128234863,42.74984404246012,129.2575665283203,264.0234049479167,465.7310408528645,901.7618678792318
MY_0p5_2.7500_112.7500,112.75,2.75,2008-06-01,2008,6,251.23936916303032,88.74069865745834,105.31783101528504,38.04009936127481,120.0731869951079,158.11329206635682,42.74729607980463,129.20331713519516,263.6743347554267,464.11269311059874,899.7376309165472
MY_0p5_2.7500_113.2500,113.25,2.75,2008-06-01,2008,6,253.47089243086555,87.72258896600631,109.60611390613373,39.450126109047545,123.38634023515004,162.83646690731956,42.61980630783807,128.78719090053013,262.6279169960627,461.0736210898747,895.1085272894965
MY_0p5_2.7500_113.7500,113.75,2.75,2008-06-01,2008,6,252.47221666080938,85.68368549711386,112.0675727941428,45.337465268031806,122.45794449338487,167.7954029642093,42.37671121973901,127.98748184009722,260.6060023216685,455.37723001856716,886.3474115262364
MY_0p5_2.7500_114.2500,114.25,2.75,2008-06-01,2008,6,248.94593598571007,83.91840251488021,112.59574288959745,51.98971176147462,117.05368266528167,169.04338802868807,42.350071484529515,127.87203477304193,260.16049667551545,453.593596736087,883.9761696344689
MY_0p5_2.7500_114.7500,114.75,2.75,2008-06-01,2008,6,257.85421811243526,84.83054261906132,116.09307632932237,51.62567789843128,103.8269013568854,155.45258083464992,42.49188679494675,128.30987529390177,261.1608192784012,456.24531895339874,888.2079005150277
MY_0p5_2.7500_115.2500,115.25,2.75,2008-06-01,2008,6,278.7886734696122,83.73843136349241,114.93707481590477,52.481142473650415,92.5159411731067,144.99708034755946,42.448111353693776,128.02275497848922,259.78087609093467,450.9928055496903,881.2445706204251
MY_0p5_3.2500_101.2500,101.25,3.25,2008-06-01,2008,6,195.53133477105035,85.9587578383865,114.85079442480658,16.798473432370198,28.51667557059559,45.31514900296579,42.351836237925966,128.06582617852473,261.63994826973646,461.42154655011245,893.4791789370288
MY_0p5_3.2500_101.7500,101.75,3.25,2008-06-01,2008,6,190.89278028956,81.04295553219548,98.78853636334658,14.170337402137223,46.558260328450785,60.72859892875527,41.79624432363329,126.06442668939094,255.7857522174811,443.3363934170669,866.9828411515351
MY_0p5_3.2500_102.2500,102.25,3.25,2008-06-01,2008,6,171.52603028312564,83.03287268744575,108.33397652762277,7.739242705087813,18.129229969448513,25.868473543439592,41.81756239391508,126.27225942460318,256.9281055268787,447.56380547417535,872.5817501007564
MY_0p5_3.2500_102.7500,102.75,3.25,2008-06-01,2008,6,161.34103591532644,85.34564269343508,106.16244639626032,9.706024506424045,19.399014783810966,29.105039385300646,42.10213966611065,127.24426506139055,259.5384778372849,455.25753552400613,884.1423986893665
MY_0p5_3.2500_103.2500,103.25,3.25,2008-06-01,2008,6,160.96974674187578,89.00333498976518,95.42228330929039,13.343601649281256,20.333368115005744,33.6769704352761,40.430222936872546,121.09367191675044,246.9955455270575,433.30501355099756,841.824451955988
MY_0p5_3.2500_112.2500,112.25,3.25,2008-06-01,2008,6,233.85485738118487,89.95868665907119,102.01101752387154,27.524802864922417,93.12934299045139,120.65414937337242,42.68974550035265,129.09791429307725,263.8170491536458,465.77568359375,901.3804050021702
MY_0p5_3.2500_112.7500,112.75,3.25,2008-06-01,2008,6,243.59058293988627,90.22991358849309,108.32258868608318,41.121545682187936,112.97744976106237,154.09900139980627,42.72313233672595,129.13492759329375,263.5741752249296,464.12925595142804,899.5615074282787
MY_0p5_3.2500_113.2500,113.25,3.25,2008-06-01,2008,6,249.789515846654,89.67562372881666,113.5034254247492,48.06183762983842,117.12714929291695,165.18898958148378,42.65629395571622,128.9135034156568,262.9792191476533,462.2341446154045,896.7832008130622
MY_0p5_3.2500_113.7500,113.75,3.25,2008-06-01,2008,6,252.34988708496095,87.68866850837827,113.6266186426556,60.58591364300439,123.02522708953374,183.61114351787265,42.6220832340301,128.77923564608133,262.5436551533048,460.74971807570677,894.6947073800222
MY_0p5_3.2500_114.2500,114.25,3.25,2008-06-01,2008,6,250.59596718952153,86.38286918591542,112.71706577471106,72.58742200037476,140.45387761304332,213.04130286927435,42.601203007303226,128.63490079162986,261.77440308005947,457.18962913561774,890.2001185326059
MY_0p5_3.2500_114.7500,114.75,3.25,2008-06-01,2008,6,260.8188471217065,87.5050094264328,118.4372157200127,66.5257901841668,115.7211703889689,182.2469617029664,42.56858495238481,128.55700880402975,261.7353079243071,457.69766565796675,890.5585700357036
MY_0p5_3.2500_115.2500,115.25,3.25,2008-06-01,2008,6,284.8558626778518,85.1392863792709,112.33592260336574,43.94344910488853,88.29935433592976,132.24280108681205,42.30801421781129,127.61245227765434,258.91191323195835,448.7789201374295,877.6113055265401
MY_0p5_3.2500_115.7500,115.75,3.25,2008-06-01,2008,6,310.4207921403178,83.83807570211003,108.77131824279101,76.01608139209533,115.77282886290818,191.78891025500354,42.63780135251163,128.66818408751757,261.4496199361394,455.4814449696059,888.23704271638
MY_0p5_3.7500_100.7500,100.75,3.75,2008-06-01,2008,6,156.7823944091797,85.52674102783203,111.28633117675781,14.254483222961426,23.49273681640625,37.74721908569336,42.48971939086914,128.54888916015625,262.9967041015625,465.5002746582031,899.5355834960938
MY_0p5_3.7500_101.2500,101.25,3.75,2008-06-01,2008,6,176.111287959488,82.19737858448214,112.84496398728258,16.44993232986302,41.587008627487236,58.03694225669294,42.41555024427889,128.15750606006017,261.31116236220674,458.8363642522819,890.7205863878565
MY_0p5_3.7500_101.7500,101.75,3.75,2008-06-01,2008,6,183.03405481226307,77.30277611799302,105.7559345998582,11.401553831282696,35.31971502607795,46.72127122332336,41.79004636387917,125.924535957871,254.89687259941346,439.3390763398189,861.9505203149882
MY_0p5_3.7500_102.2500,102.25,3.75,2008-06-01,2008,6,170.62509731716577,78.68340742323133,107.49383571564204,11.320454031323628,28.876044361175055,40.196499173603364,41.909867447141615,126.43561406211246,256.66642514183405,445.02433839828245,870.0362760029142
MY_0p5_3.7500_102.7500,102.75,3.75,2008-06-01,2008,6,161.72016005743114,83.3223616827102,103.96149357386997,12.762550674922881,26.4584301237076,39.22098084707108,42.073779308985145,127.02713761102585,258.4091750372024,450.6028696211558,878.112973361545
MY_0p5_3.7500_103.2500,103.25,3.75,2008-06-01,2008,6,158.07292345510535,86.89000139578404,95.4341085097369,16.01219494389553,30.17024824853037,46.1824437010522,41.623636043772976,125.3565403956993,254.96779856962314,444.58518233953737,866.5331732058058
MY_0p5_3.7500_113.2500,113.25,3.75,2008-06-01,2008,6,249.23694014549255,91.8595997095108,114.17219405877786,50.998250304675494,117.81939134441438,168.81763946032916,42.65667649566151,128.92233901727397,263.03148813716706,462.4225298772093,897.0330740506531
MY_0p5_3.7500_113.7500,113.75,3.75,2008-06-01,2008,6,252.55725873439803,91.05187247140067,111.8202466995585,65.75755695231909,132.06307045155745,197.82062705820817,42.77628123953119,129.27502554982996,263.7289710183745,463.84269057585584,899.6229702353863
MY_0p5_3.7500_114.2500,114.25,3.75,2008-06-01,2008,6,251.79982966088784,89.6677253602043,113.49776994008867,74.10365072583394,142.41683930896576,216.52049143957714,42.83697205800859,129.4347146654886,263.9269336518787,463.7965884254092,899.9951972113715
MY_0p5_3.7500_114.7500,114.75,3.75,2008-06-01,2008,6,258.10074453202503,89.37192966521731,119.67656833709233,63.29330601767887,123.57617780897351,186.86948130774118,42.73809201679532,129.12676689511255,263.21321188306047,462.047467234778,897.1255307152157
MY_0p5_3.7500_115.2500,115.25,3.75,2008-06-01,2008,6,273.61906079489086,85.51035483224051,110.50068056621248,37.04551392812577,87.12310369582403,124.16862199571398,42.30660181196909,127.61063997783359,258.91680927579364,448.80457918681793,877.638609483507
MY_0p5_3.7500_115.7500,115.75,3.75,2008-06-01,2008,6,296.4688891952844,83.12899719896934,108.69968397840321,64.11878127502881,111.12036846352996,175.2391471588354,42.5465435878836,128.35427878400404,260.59589018238535,452.87559081153046,884.3723241133655
MY_0p5_4.2500_100.7500,100.75,4.25,2008-06-01,2008,6,180.7102240562439,85.45904384823295,107.08104867740555,23.175802550023917,43.63153734791036,66.8073398512237,42.50283766765984,128.54662774533642,262.7945343640386,464.35843306560906,898.2024528659122
MY_0p5_4.2500_101.2500,101.25,4.25,2008-06-01,2008,6,193.18964468785958,78.34305560361048,103.32978803792578,27.912322539432793,85.10353433402481,113.01585541257434,42.530042356746215,128.3195427572651,260.699983244489,454.01879902250454,885.5683755084968
MY_0p5_4.2500_101.7500,101.75,4.25,2008-06-01,2008,6,196.52714942329123,77.53514291684087,109.40412234955322,13.929116882836096,39.51525761296574,53.44437388947217,42.28041252160606,127.62137262508895,259.57784468678244,453.091053923098,882.5706498508638
MY_0p5_4.2500_102.2500,102.25,4.25,2008-06-01,2008,6,187.18599908115766,80.93986184604634,107.31969900405446,12.832291511681895,33.49078879798182,46.323080032397385,42.18128934378823,127.33031853624048,258.9802621469711,451.71372590963836,880.2056143763731
MY_0p5_4.2500_102.7500,102.75,4.25,2008-06-01,2008,6,176.96570436514108,83.09971346521074,98.36339957850754,16.251959575968943,48.936451492795534,65.18840987819016,42.100809789766934,126.98601439652172,257.68049193947184,446.7406623986117,873.507985497736
MY_0p5_4.2500_103.2500,103.25,4.25,2008-06-01,2008,6,166.69183542605919,88.22667579783794,93.0471585370107,18.152780745502966,43.521382707336635,61.67416408419194,42.107078153497255,127.06325783546794,258.2630536547937,449.61400824889074,877.0473913531686
MY_0p5_4.2500_113.7500,113.75,4.25,2008-06-01,2008,6,253.06000906323627,94.58001362193716,110.50461024158407,65.36246353725217,129.366936161833,194.72939343722362,42.813431325948464,129.38300956870026,263.94563926840726,464.36660565070395,900.508696358159
MY_0p5_4.2500_114.2500,114.25,4.25,2008-06-01,2008,6,252.5637652664504,93.53581025701693,111.31027740125032,64.83524133984187,128.50156152202356,193.33679882623977,42.79615433151658,129.35099097292394,263.9459176671091,464.50653724228556,900.5996258709883
MY_0p5_4.2500_114.7500,114.75,4.25,2008-06-01,2008,6,251.76795705159503,91.89970967610678,116.66873021443688,65.0015035502116,120.1523068237305,185.15380421956382,42.743442179361985,129.16656728108725,263.42350199381514,462.979164428711,898.312677001953
MY_0p5_4.2500_115.2500,115.25,4.25,2008-06-01,2008,6,250.03938913345343,88.77415368292068,112.9296395248837,25.754045387109127,70.8512572447459,96.60530222786798,42.12162341011894,127.01374083095128,257.4937734603882,445.2411160998875,871.870248582628
MY_0p5_4.2500_115.7500,115.75,4.25,2008-06-01,2008,6,262.3135989431608,85.23246628066241,106.95792991508874,40.08401824175302,92.16533247091004,132.2493539066638,42.380456982628786,127.81448224601101,259.3166224592823,449.7193153510661,879.2309224791447
MY_0p5_4.2500_116.2500,116.25,4.25,2008-06-01,2008,6,291.343183377894,90.26920067391745,106.24207236127155,57.93442253950167,146.49676802100205,204.4311887229361,42.85411571874852,129.32595555375266,262.86845918981044,458.69806280368715,893.7465909632242
MY_0p5_4.2500_116.7500,116.75,4.25,2008-06-01,2008,6,302.13586143537754,93.91128284255895,101.14535994336785,66.29029649943975,166.39202139970197,232.6823105123002,43.0303324660814,129.88425529347683,264.2426438524545,462.6101811579887,899.7673890218571
MY_0p5_4.2500_117.2500,117.25,4.25,2008-06-01,2008,6,301.7053492723313,97.59152825954742,94.946386489193,63.05909200685215,146.0353895879425,209.09447634536605,42.98628231487443,129.79857973081877,264.3817292610101,464.23839089722765,901.4049606998409
MY_0p5_4.2500_117.7500,117.75,4.25,2008-06-01,2008,6,284.29615509815716,98.5988512609759,86.3529420184274,43.19209869906434,109.40029900705713,152.59239708664074,41.401701870127624,124.15607217641978,253.0913348075671,444.86616072695483,863.5152767866086
MY_0p5_4.2500_118.2500,118.25,4.25,2008-06-01,2008,6,246.74723949766994,99.2669801321643,77.55568986637579,30.562786721879515,81.80324165684402,112.366030164585,38.605229614646575,114.01562179273863,232.4224567777792,408.3126974895502,793.3560258415855
MY_0p5_4.2500_118.7500,118.75,4.25,2008-06-01,2008,6,227.99713473849826,100.18155387595849,73.63994598388672,30.048063278198242,74.29003143310547,104.33809661865234,37.005245208740234,108.17527770996094,220.46836853027344,387.1038513183594,752.7527465820312
MY_0p5_4.7500_100.2500,100.25,4.75,2008-06-01,2008,6,209.64783053927954,89.55361684163411,,,,,,,,,
MY_0p5_4.7500_100.7500,100.75,4.75,2008-06-01,2008,6,206.5496989210991,84.21117314805079,103.96339183900413,19.677494940718983,51.2178075836926,70.89530420691017,42.29288515230504,127.70706983116584,259.9552624710207,454.3099555038824,884.2651543345878
MY_0p5_4.7500_101.2500,101.25,4.75,2008-06-01,2008,6,211.0484040858382,76.3939445374504,96.86717446947856,27.01603488619365,95.15912642706009,122.17515646313863,42.47005703638471,128.08253374856616,259.88280765594,450.87380884564107,881.3091837565103
MY_0p5_4.7500_101.7500,101.75,4.75,2008-06-01,2008,6,207.98168833544307,78.64462498256138,103.6070523701017,18.57431650615874,60.108023507254465,78.68233829074437,42.38734677027143,127.94727172851562,260.22344137524806,454.05219513423856,884.6102880084326
MY_0p5_4.7500_102.2500,102.25,4.75,2008-06-01,2008,6,196.26914498465402,82.94022863478888,97.29385506766184,15.582000587100076,66.292200251988,81.87420036679222,42.34260668073382,127.78504231770835,259.70760643368675,452.13853963216144,881.9737885974702
MY_0p5_4.7500_102.7500,102.75,4.75,2008-06-01,2008,6,181.50894223352898,85.44482093859628,92.38298544914097,15.818717640676313,61.72992692935239,77.54864766795163,42.2618059291961,127.53689652947102,259.1354565468563,450.6929573982384,879.6271164037616
MY_0p5_4.7500_103.2500,103.25,4.75,2008-06-01,2008,6,165.29026577483987,90.84501320568485,86.00190805245151,18.397378787783243,55.2320548687474,73.6294351838172,40.71285775666748,121.92512771212309,247.6498457567279,430.2633627578342,840.5512024151005
MY_0p5_4.7500_103.7500,103.75,4.75,2008-06-01,2008,6,155.02621219032693,93.9603042602539,76.5431962446733,12.875388430310535,22.083295623977463,34.95868405428799,36.76940898152141,107.67273593258548,218.62959448083652,379.3063703264509,742.3781167562905
MY_0p5_4.7500_113.7500,113.75,4.75,2008-06-01,2008,6,262.9411315917969,97.23249053955078,,,,,,,,,
MY_0p5_4.7500_114.2500,114.25,4.75,2008-06-01,2008,6,262.9411315917969,97.02264595031738,110.96016693115234,63.34115219116211,98.00856018066406,161.34971618652344,42.650489807128906,128.92405700683594,263.11517333984375,462.9750671386719,897.664794921875
MY_0p5_4.7500_114.7500,114.75,4.75,2008-06-01,2008,6,260.7057399954847,96.65153938211422,115.39878853418493,57.20557415869929,98.49265100622691,155.69821987357193,42.54393513997397,128.55534231534568,262.1139234317247,459.9810334892684,893.1942558698757
MY_0p5_4.7500_115.2500,115.25,4.75,2008-06-01,2008,6,261.396118958791,95.98361333211263,117.40348315238951,38.768197456995644,72.37089097499846,111.13908779621121,42.185307959715516,127.22112770875293,258.0623901685078,447.06179205576564,874.5305983225503
MY_0p5_4.7500_115.7500,115.75,4.75,2008-06-01,2008,6,263.1939353337363,91.66646774534195,109.95812067909847,28.282741328648154,76.80809440007285,105.09083416651164,42.260910082620285,127.45318099733383,258.5764111715649,448.2448481484064,876.5353633820065
MY_0p5_4.7500_116.2500,116.25,4.75,2008-06-01,2008,6,271.8623359801276,91.74664996919175,109.679744563027,38.58751054794069,108.54812009296718,147.13563343835253,42.68993740990047,128.82096019926522,261.84694165426583,456.88085753425713,890.2386945452007
MY_0p5_4.7500_116.7500,116.75,4.75,2008-06-01,2008,6,280.4574546331092,94.0711393235605,102.85958900934534,41.93130303636382,121.91413106797614,163.84543421298645,42.80908421625065,129.18307668951493,262.650377104554,458.866586805899,893.5091191545318
MY_0p5_4.7500_117.2500,117.25,4.75,2008-06-01,2008,6,288.9846102275546,96.32152884347099,93.47650783478267,37.90276836819118,106.23267541310143,144.13544316367495,42.691538517058845,128.83790694948226,262.0051153273809,457.7079935709636,891.2425364660838
MY_0p5_4.7500_117.7500,117.75,4.75,2008-06-01,2008,6,269.644477168216,98.56649818903283,87.51316811766806,28.932741515244114,81.56552899034716,110.49827097639252,42.53183765652813,128.41483123392996,261.4241355219974,457.4549844476241,889.8257660684706
MY_0p5_4.7500_118.2500,118.25,4.75,2008-06-01,2008,6,232.00732858935797,100.69540409107306,87.55321587030612,29.247497798210418,76.45293681465802,105.70043259050381,42.56498848613184,128.55543932124002,261.8976803880241,459.1537256288769,892.1718452491951
MY_0p5_4.7500_118.7500,118.75,4.75,2008-06-01,2008,6,211.86760083934925,101.95954788787455,90.45152128195461,33.95935061008115,62.63680021068718,96.59614862369585,42.54568949832191,128.53245641008206,262.02138355110264,460.1247214788123,893.2242632515824
MY_0p5_5.2500_100.2500,100.25,5.25,2008-06-01,2008,6,222.6579797998329,90.90555215295339,57.76498794555664,11.556958198547363,45.70286178588867,57.259822845458984,28.222047805786133,76.45465087890625,155.60621643066406,271.9185791015625,532.2014770507812
MY_0p5_5.2500_100.7500,100.75,5.25,2008-06-01,2008,6,221.56368519901454,86.04129870933824,104.98244156234566,17.163443696909937,73.73375180123865,90.89719447870365,41.474595628935724,124.67459351989045,253.46030066479213,441.4780013862698,861.0874774099767
MY_0p5_5.2500_101.2500,101.25,5.25,2008-06-01,2008,6,222.06028330969428,80.32339339483352,102.86166323707216,24.06609130132766,101.73513980441622,125.8012259104895,42.45736764574807,128.09650479271298,260.1410996210007,452.0723975771949,882.7673764183407
MY_0p5_5.2500_101.7500,101.75,5.25,2008-06-01,2008,6,212.6548839982149,81.95470763771398,105.93067742608919,20.522583123225314,72.12911390802664,92.65169712236734,42.434063662389285,128.13636410464147,260.8382896860694,455.9315315781126,887.3402375628236
MY_0p5_5.2500_102.2500,102.25,5.25,2008-06-01,2008,6,193.996597678798,90.07191562045152,99.101640397576,18.16125552669452,55.33050251614516,73.49175993803959,42.12008852867564,127.07775626212927,258.89311956903737,453.44018000705984,881.5311312341385
MY_0p5_5.2500_102.7500,102.75,5.25,2008-06-01,2008,6,172.57349363445073,91.96699579809881,90.43802841962393,17.952184580140194,57.81215195090083,75.76433768838139,41.14346380718683,123.52851050425383,251.07456323655984,437.1864798852952,852.9329999503442
MY_0p5_5.2500_103.2500,103.25,5.25,2008-06-01,2008,6,155.6091784441913,95.66866560840101,92.08242743355888,23.838402772878673,62.81976227946097,86.65816879272462,42.15671883620225,127.21561798492037,258.7333242242987,450.9769176136363,879.0825972123579
MY_0p5_5.2500_115.2500,115.25,5.25,2008-06-01,2008,6,304.4637835102697,99.90769736997544,117.795111734359,43.393592834472656,74.86864396392322,118.26223879954854,42.3188645409756,127.71768988937627,259.58757994604895,452.1533213130764,881.7774408059042
MY_0p5_5.2500_115.7500,115.75,5.25,2008-06-01,2008,6,304.5262723686703,98.81905811647825,113.17916720115532,32.55522066536596,76.21953500004138,108.77475756629039,42.26716256869041,127.54143888829118,259.102376957263,450.6609210515425,879.5718857587394
MY_0p5_5.2500_116.2500,116.25,5.25,2008-06-01,2008,6,291.2217804148227,94.96796265131312,109.2473580324197,42.16444582878789,103.4776604567902,145.64210341248332,42.68674271016181,128.87405632115616,262.2623641581475,458.8685346192952,892.6916843848893
MY_0p5_5.2500_116.7500,116.75,5.25,2008-06-01,2008,6,289.3421877124642,96.43099301978002,105.41701693474491,54.494829008850864,135.50791192356544,190.00273909749862,42.89085646520686,129.4488478551937,263.27873413472236,460.4236072588571,896.0420594034315
MY_0p5_5.2500_117.2500,117.25,5.25,2008-06-01,2008,6,301.05627121698285,99.77392050122458,99.58085642012338,57.4288949754503,133.96206742544024,191.3909673781622,42.90007985432943,129.48560403490825,263.41855081225196,461.00613480825274,896.8103734576514
MY_0p5_5.2500_117.7500,117.75,5.25,2008-06-01,2008,6,276.1251516190786,101.51364530533078,92.51240023658389,41.71289523896717,95.99244161938864,137.70533975268165,42.681677560957645,128.8869893391927,262.48893112909224,460.08282354445686,894.1404110863094
MY_0p5_5.2500_118.2500,118.25,5.25,2008-06-01,2008,6,220.90707352746537,102.43424786124258,89.23687195018597,30.869267828145603,57.52363628642575,88.39290284806756,42.46048459581508,128.29307791837462,261.5956293579879,459.27682057763366,891.6260274899232
MY_0p5_5.2500_118.7500,118.75,5.25,2008-06-01,2008,6,201.74450309753422,103.04157300676617,91.57933870951337,33.168628984027436,39.3313170671463,72.49994548161824,42.38995981216431,128.09276591406928,261.253714243571,458.95502344767243,890.6914613511827
MY_0p5_5.2500_119.2500,119.25,5.25,2008-06-01,2008,6,220.4340887200342,104.18203946068174,92.92560577392578,35.143577575683594,34.0323486328125,69.1759262084961,42.37513732910156,128.04656982421875,261.15960693359375,458.841064453125,890.42236328125
MY_0p5_5.7500_100.2500,100.25,5.75,2008-06-01,2008,6,249.69546577522345,95.24766856700451,95.50485082503852,33.145157035337675,86.00443799780048,119.1495928983076,35.930908518100004,104.38353190290819,212.8968888029046,374.8139007288381,728.0252136790425
MY_0p5_5.7500_100.7500,100.75,5.75,2008-06-01,2008,6,237.33999750046502,91.95618673657613,107.44782132466634,21.067245140075684,103.43352991739908,124.50077239990232,40.83961682637532,122.22460021972655,248.98130106608073,436.4314412434896,848.4769498697916
MY_0p5_5.7500_101.2500,101.25,5.75,2008-06-01,2008,6,228.39899330439533,88.00235081469921,114.01105183879223,27.940410861818812,121.31830485786979,149.2587109663355,42.693508929155016,128.8821588951772,262.20189324326407,458.1069445272131,891.8844760684517
MY_0p5_5.7500_101.7500,101.75,5.75,2008-06-01,2008,6,211.53886229197187,90.06315898895264,118.68744128545126,32.58652633825938,87.28011080026629,119.86663691202803,42.46546308199565,128.17804358800254,260.66973266601565,455.112912495931,886.4261672973633
MY_0p5_5.7500_102.2500,102.25,5.75,2008-06-01,2008,6,185.12094248258148,99.02845883980775,108.34293370616155,21.317004916643853,28.772647708754747,50.08965240825306,40.632724620677806,121.9312708690913,246.79461027716945,425.97595810809923,835.3345386235401
MY_0p5_5.7500_102.7500,102.75,5.75,2008-06-01,2008,6,166.23454092843193,97.8246989574247,82.13215637207031,17.114200592041016,15.36326789855957,32.47746658325195,35.105796813964844,101.75216674804688,205.427490234375,352.8204040527344,695.1058349609375
MY_0p5_5.7500_103.2500,103.25,5.75,2008-06-01,2008,6,149.1949005126953,99.68086242675781,,,,,,,,,
MY_0p5_5.7500_115.2500,115.25,5.75,2008-06-01,2008,6,334.9956075032552,102.16683247884116,123.11152648925781,79.62909698486328,107.9418716430664,187.5709686279297,42.902976989746094,129.59243774414062,264.0581970214844,464.05780029296875,900.6113891601562
MY_0p5_5.7500_115.7500,115.75,5.75,2008-06-01,2008,6,322.1308440225988,100.33234190209512,117.74312170119514,69.29506952194942,110.30180845714752,179.59687979561943,42.69884258451917,128.90206996372768,262.1949788411458,458.3310660226005,892.1269490559896
MY_0p5_5.7500_116.2500,116.25,5.75,2008-06-01,2008,6,297.22900041852677,96.26921912299262,111.3576399788024,57.81501733689082,111.21228330097502,169.02730451311382,42.59205065530444,128.520945085798,261.0964091951885,454.72650543697296,886.9359094044519
MY_0p5_5.7500_116.7500,116.75,5.75,2008-06-01,2008,6,280.6503941127232,95.76404377770803,102.90713423471603,50.381581200493706,111.74064025878906,162.12222331213573,42.61537874009874,128.55439247252448,261.0358119419643,454.140630812872,886.3462164015996
MY_0p5_5.7500_117.2500,117.25,5.75,2008-06-01,2008,6,284.6874766063991,102.45366391925029,100.44040557187438,55.42639467016756,95.18413813257065,150.61052958972826,42.64933308742776,128.7520258569567,261.99448440503625,458.4174241508219,891.8132728552594
MY_0p5_5.7500_117.7500,117.75,5.75,2008-06-01,2008,6,262.7450521802145,105.58379758804564,95.87187102657037,42.13671695786035,54.0506794436666,96.18739541585015,42.477342541585834,128.35187981112693,261.76562530722396,460.05556083525596,892.6504174558909
MY_0p5_5.7500_118.2500,118.25,5.75,2008-06-01,2008,6,218.18751131872617,105.6489415804545,91.78546939425998,33.848943159315326,22.30824722290039,56.15718977186415,42.286809115939676,127.86328565809463,261.1453850640191,459.81059678819446,891.1060896809896
MY_0p5_5.7500_118.7500,118.75,5.75,2008-06-01,2008,6,195.81398156973034,105.23808017143837,90.52240753173828,32.61287307739258,14.93550968170166,47.54838180541992,42.250465393066406,127.78510284423828,261.132080078125,460.1785888671875,891.3462524414062
MY_0p5_6.2500_99.7500,99.75,6.25,2008-06-01,2008,6,370.5424361883425,103.48545134301278,129.68064312602198,96.00501375420149,172.9909061165743,268.99591845135353,43.10499971966411,130.14326831906342,264.96418017010353,464.88188774641173,903.0943163494732
MY_0p5_6.2500_100.2500,100.25,6.25,2008-06-01,2008,6,290.0256961584091,100.17614421248436,119.45140723403618,49.630153982979905,118.15186661700812,167.78201580436863,41.002526372792765,122.71172068070392,250.25845087790972,440.78704696966673,854.7597215302137
MY_0p5_6.2500_100.7500,100.75,6.25,2008-06-01,2008,6,252.37105804796846,98.19154072176076,112.81823547834597,26.88844562957646,96.47779969911318,123.36624528450395,41.68698992047991,125.2273702731924,253.23865665155952,447.7240757297825,867.877079908452
MY_0p5_6.2500_101.2500,101.25,6.25,2008-06-01,2008,6,236.90330998347358,97.01804598294774,111.23413977989784,28.3026978125939,94.4037081204928,122.70640704815204,42.11104853703425,126.78121666541466,255.58038470928486,451.6730726975661,876.1457172100361
MY_0p5_6.2500_101.7500,101.75,6.25,2008-06-01,2008,6,194.3871586390904,102.00560891287667,113.95783211844306,17.646707671029226,31.811930632591245,49.45863742828369,40.95802568708147,123.24637865339007,248.38160356794083,424.53993443080356,837.1259172712053
MY_0p5_6.2500_102.2500,102.25,6.25,2008-06-01,2008,6,175.43455282847086,104.69773045981802,111.02627563476562,8.682589530944824,1.124475359916687,9.8070650100708,39.89836120605469,119.70228576660156,239.2729949951172,401.5905456542969,800.4641723632812
MY_0p5_6.2500_115.7500,115.75,6.25,2008-06-01,2008,6,304.4380791404031,101.39737111871895,126.6169204711914,80.79505157470703,105.59937286376953,186.39442443847656,42.79430389404297,129.25494384765625,263.236328125,461.5554504394531,896.8410034179688
MY_0p5_6.2500_116.2500,116.25,6.25,2008-06-01,2008,6,281.5194431104158,99.7885710398356,117.62102243028548,54.18262081734409,84.51927443853033,138.7018962809693,42.45265172546655,128.13547465454639,260.44979186205086,453.9577612519789,884.9956587064632
MY_0p5_6.2500_116.7500,116.75,6.25,2008-06-01,2008,6,249.58845955984935,100.00734618656219,104.44554886590866,26.60335003080822,56.06832251170325,82.67167439536442,42.01092756967696,126.71359424893818,257.02628541976685,444.9974465022011,870.7482394748265
MY_0p5_6.2500_117.2500,117.25,6.25,2008-06-01,2008,6,232.85766310918896,104.85500175839378,96.49881085592602,33.19836133321127,33.78737899538071,66.98574075850229,41.31535386585054,124.34533185201977,252.62237049889947,438.6247552780878,856.9078002929687
MY_0p5_6.2500_117.7500,117.75,6.25,2008-06-01,2008,6,226.3205726941427,107.37267359097798,93.0548009147421,36.36133441590426,15.540390774520516,51.901724943640644,41.13512244419745,123.80559214095621,251.96473899082832,439.03536398368976,855.9408087479442
MY_0p5_6.2500_118.2500,118.25,6.25,2008-06-01,2008,6,225.04006576538086,108.14238820757186,93.40369469778878,37.47899695805141,7.570134439638682,45.04913146155221,41.83405372074672,126.40012659345355,257.5214091709682,449.87809317452565,875.6336822509766
MY_0p5_6.7500_100.2500,100.25,6.75,2008-06-01,2008,6,309.39477045395796,101.60280003267177,127.9662394804113,58.40727811701158,135.82243526683132,194.22970771789554,42.95264000051162,129.7261437808766,264.40104832368735,465.00293193143955,902.0827345006606
MY_0p5_6.7500_100.7500,100.75,6.75,2008-06-01,2008,6,266.6091353804977,101.84498850504558,116.37379116482204,27.590157685456457,70.06569021719474,97.65584592466001,41.438916806821474,124.16572457772715,246.61987982855905,442.7333249692564,854.9578269675927
MY_0p5_6.7500_116.2500,116.25,6.75,2008-06-01,2008,6,222.92710964159036,105.7931225798851,110.33876279505287,15.366034996218799,21.386192135694554,36.75222713191335,41.59550141125191,125.48336140702412,254.51077568240288,440.0045768923876,861.5941995760292
MY_0p5_6.7500_116.7500,116.75,6.75,2008-06-01,2008,6,210.49748544655884,106.46449086070061,101.29378220026672,14.760394409239998,17.296636686965883,32.05703053832526,40.069100436485805,120.04184728931534,243.37906046629894,419.8914613987618,823.3814492206799
MY_0p5_6.7500_117.2500,117.25,6.75,2008-06-01,2008,6,193.37483045789932,107.79764106946114,91.85100498030671,16.462654569507702,8.471768463607383,24.93442202880319,38.814239012456575,115.570278201483,234.3616455888326,403.9536351566821,792.6997804894911
MY_0p5_6.7500_117.7500,117.75,6.75,2008-06-01,2008,6,189.53964191012912,108.3099013434516,90.45945596694946,22.141113698482517,3.1527084447443485,25.293821394443512,39.3890209197998,117.61217069625854,238.95926332473752,413.7018175125122,809.6622619628905
MY_0p5_7.2500_116.7500,116.75,7.25,2008-06-01,2008,6,163.89447442002182,109.73812841990639,98.64109616486921,9.98160518977953,2.4375329287155814,12.419138079104215,38.80096790479577,115.70300697658374,234.2128424603006,401.91869639521053,790.6355086616848
MY_0p5_7.2500_117.2500,117.25,7.25,2008-06-01,2008,6,150.50211334228516,110.22444523991764,96.50984272203948,9.287989626432719,1.3667745301597995,10.654764044912236,38.097146445826475,113.20963528281764,229.10420516164677,392.70257889597036,773.1135543020148
MY_0p5_0.7500_110.2500,110.25,0.75,2008-07-01,2008,7,195.66736121544474,85.80351632925182,106.76434713510368,16.94182194929857,76.58123028094954,93.52305063100962,42.46536331176758,128.2359020526593,260.9524606557993,455.8102609487681,887.4639967698319
MY_0p5_0.7500_110.7500,110.75,0.75,2008-07-01,2008,7,210.5517336164202,88.76114229474749,112.61926770891462,22.481661878313336,74.71212049211775,97.19378237043108,42.65063983372279,128.92106998988558,263.0677708217076,463.008895438058,897.6483782087054
MY_0p5_0.7500_111.7500,111.75,0.75,2008-07-01,2008,7,238.00347076900422,88.69322313581195,104.9922108725896,33.88915664430649,79.95152924552795,113.84068467881944,42.67561782352508,128.97185770670572,262.9804842509921,462.08430941142734,896.7122541155135
MY_0p5_1.2500_103.2500,103.25,1.25,2008-07-01,2008,7,210.09139066529505,100.16907767879152,108.90432982011275,28.694037003950637,39.16260268471458,67.85663968866521,38.89853581515226,115.59902208501644,236.36593385176226,416.75350744074046,807.6170057816939
MY_0p5_1.2500_103.7500,103.75,1.25,2008-07-01,2008,7,214.2258565958264,99.88003236344719,99.98015498189093,30.279547645050346,55.06749584605394,85.34704175041718,40.162511844079475,120.32165201427865,245.95467413744882,433.63540530899195,840.0742317866354
MY_0p5_1.2500_104.2500,104.25,1.25,2008-07-01,2008,7,222.933152117048,100.6876961844308,90.09156799316406,32.20430374145508,73.8784408569336,106.0827407836914,41.83016586303711,126.54236602783203,258.60137939453125,455.91912841796875,882.8930053710938
MY_0p5_1.2500_109.7500,109.75,1.25,2008-07-01,2008,7,182.88977289774334,89.1675016104457,110.7465005897614,14.72673431074763,93.19717241769814,107.92390230477575,42.76341789889049,129.32258918486448,264.2403957872506,466.64980049592907,902.9762029073324
MY_0p5_1.2500_110.2500,110.25,1.25,2008-07-01,2008,7,196.29939812030574,87.18885499814304,108.5436153927365,17.79059716817495,86.20636758104716,103.99696347151945,42.568575590273596,128.58722094679433,261.90963768682894,458.7182905867293,891.7837265191392
MY_0p5_1.2500_110.7500,110.75,1.25,2008-07-01,2008,7,211.77837858654203,89.24120091029575,113.9634802197653,21.342166180080834,76.38131822858537,97.72348460848369,42.67539941696893,129.01988191150485,263.4112086704799,464.24891260540664,899.3554081023683
MY_0p5_1.2500_111.2500,111.25,1.25,2008-07-01,2008,7,225.09785544300996,88.83579134712586,110.90037197807727,30.559409924589414,84.00596516277083,114.56537684236474,42.7086966395759,129.09682189161404,263.41791648986623,463.68341990705494,898.9068730265951
MY_0p5_1.2500_111.7500,111.75,1.25,2008-07-01,2008,7,242.41357179672,88.16573418511285,104.184568617079,33.06624424646771,86.26200781928168,119.32825203547401,42.69932931566995,129.03364320785278,263.0640442863343,462.07930355980284,896.8763156467013
MY_0p5_1.2500_112.2500,112.25,1.25,2008-07-01,2008,7,265.2055931284948,87.2424868278697,104.73103824363746,43.151918343481064,101.52168421091767,144.67360183793275,42.79167210148071,129.27777781220257,263.41152195034897,462.31970106405646,897.8006690940276
MY_0p5_1.2500_112.7500,112.75,1.25,2008-07-01,2008,7,311.16524378458655,86.8183027903239,105.98201338450114,73.88227502504985,140.74038728078204,214.62266381581622,42.960162560145065,129.6389439900716,263.4162667592367,459.7481695810954,895.7635637919108
MY_0p5_1.2500_113.2500,113.25,1.25,2008-07-01,2008,7,337.3261665675951,87.46418384054431,109.4086190265158,76.45474714196247,117.93235486901325,194.38710360319715,42.73450811634893,128.88132695737093,261.41806839652685,454.03482957922887,887.0687362007473
MY_0p5_1.2500_113.7500,113.75,1.25,2008-07-01,2008,7,326.6206244266394,87.77037418249881,111.3738337430087,72.69990108952378,94.11781377503365,166.81771636731696,42.50799187746915,128.16067736076585,259.7258253386526,449.7585268887606,880.1530290083451
MY_0p5_1.2500_114.2500,114.25,1.25,2008-07-01,2008,7,299.72894773230087,87.52205158334918,113.23907018340795,61.77905762934052,73.0551704811839,134.8342254098538,42.311399949335424,127.52428605071212,258.22978494019634,446.0828530640729,874.1483240718335
MY_0p5_1.2500_114.7500,114.75,1.25,2008-07-01,2008,7,270.0826238816784,86.86720718876008,109.13268206196447,53.867836367699404,60.44067998086253,114.30851597939768,42.10879061298986,126.86768218009702,256.6617579306326,442.0480041503906,867.6862103862147
MY_0p5_1.7500_102.7500,102.75,1.75,2008-07-01,2008,7,205.66689313182516,100.2906828822352,108.75391221046446,22.378447890281677,76.55191946029663,98.9303719997406,41.19050920009612,123.746422290802,252.88242101669312,446.0484228134155,863.8677825927736
MY_0p5_1.7500_103.2500,103.25,1.75,2008-07-01,2008,7,210.66966730655395,98.95821368832387,110.09201145172119,25.803671340942383,64.66932903289795,90.47300159454346,40.995201168060305,123.11924949645996,251.67379364013675,443.8946658325196,859.6828930664063
MY_0p5_1.7500_103.7500,103.75,1.75,2008-07-01,2008,7,218.23463710350322,99.38231405427184,104.02450641197494,31.69941020313697,64.4989877048927,96.19839718975598,41.00309715995306,123.28600837610942,251.97404972510998,444.1278607332253,860.3910084012188
MY_0p5_1.7500_104.2500,104.25,1.75,2008-07-01,2008,7,224.76083011627196,100.4549856185913,99.70939588916396,35.82391171122706,74.17309327827869,109.99700271251591,42.0751549476801,127.28781275786172,260.12956533505934,458.4927954858587,887.9853264860405
MY_0p5_1.7500_109.7500,109.75,1.75,2008-07-01,2008,7,186.0194600127464,89.4491247132767,110.93417358398438,14.776288032531738,94.81349182128906,109.58977508544922,42.78117370605469,129.3850555419922,264.4193115234375,467.2129821777344,903.7985229492188
MY_0p5_1.7500_110.2500,110.25,1.75,2008-07-01,2008,7,196.82616021659936,89.62494193183053,111.73452534395105,19.726554258621952,101.54817399621648,121.27472784684942,42.75783644895503,129.24067557431798,263.7305700944707,464.3647620869193,900.0938306186289
MY_0p5_1.7500_110.7500,110.75,1.75,2008-07-01,2008,7,217.5262582952326,90.03058485551313,116.29805793762206,19.778005504608156,79.34636039733886,99.1243667602539,42.72926483154296,129.24065399169922,264.19603271484374,467.1132568359375,903.2792205810546
MY_0p5_1.7500_111.2500,111.25,1.75,2008-07-01,2008,7,238.46214628673735,88.85352870396204,111.36243105156478,27.09760411284691,92.56407736844794,119.66168496775073,42.77686379011288,129.3238757466161,264.02724879065227,465.5267177847929,901.6546945971112
MY_0p5_1.7500_111.7500,111.75,1.75,2008-07-01,2008,7,260.11574042597897,87.23404782935032,102.34749721575385,35.48393423346024,116.11373906195917,151.59767223309865,42.85744351978543,129.504232768771,264.0500670807271,464.25492028345025,900.666676388511
MY_0p5_1.7500_112.2500,112.25,1.75,2008-07-01,2008,7,287.4020245264446,86.62304646325488,101.85721907842726,52.95348841349284,137.77272624666728,190.7262171185206,42.9540761069646,129.72230965750558,264.1280030265687,463.13255712115574,899.9369444831968
MY_0p5_1.7500_112.7500,112.75,1.75,2008-07-01,2008,7,316.3948901948475,87.12553279816159,104.582350207132,75.3530926295689,151.57310679602244,226.92619866265187,43.02503470769004,129.8648630777995,264.0766481429811,461.91982693142364,898.8863808283729
MY_0p5_1.7500_113.2500,113.25,1.75,2008-07-01,2008,7,347.2456094408792,87.70443507603238,108.46758069235179,79.60309571765717,142.4026600186787,222.00575571211556,42.94484539940243,129.583199976361,263.26236223493305,459.35392136346724,895.1443299308655
MY_0p5_1.7500_113.7500,113.75,1.75,2008-07-01,2008,7,339.10689445374504,87.71483503069196,111.2560328650096,82.14972599574497,124.11062844897074,206.260355679951,42.783613743857735,129.03438948373946,261.7671485537574,454.8629362560454,888.4480949280753
MY_0p5_1.7500_114.2500,114.25,1.75,2008-07-01,2008,7,300.09665372333825,87.60429290287078,114.88585553850446,68.62658227587504,94.2515150039915,162.8780979701451,42.55682674589612,128.29762364947604,260.0139719160776,450.52100297231516,881.3894176664805
MY_0p5_1.7500_114.7500,114.75,1.75,2008-07-01,2008,7,266.47781403694745,87.62467679829177,113.4853240097125,59.523550300400494,89.17558419025008,148.6991391354892,42.470897773386895,128.07112991253948,259.73515580725797,450.4264037769694,880.703589562925
MY_0p5_2.2500_101.7500,101.75,2.25,2008-07-01,2008,7,201.39551305289223,101.4592477817728,114.94987295131492,28.47353667442245,64.18477299237492,92.65831086129853,42.028103298611114,126.88405632250237,259.39966128570865,457.88445027669275,886.1962822808159
MY_0p5_2.2500_102.2500,102.25,2.25,2008-07-01,2008,7,196.49398701498953,98.43645721873597,109.13733607387998,24.920463470751017,71.445781360973,96.3662488289427,41.806130587199085,126.01570852179276,257.177262520676,452.0712765050277,877.070403614683
MY_0p5_2.2500_102.7500,102.75,2.25,2008-07-01,2008,7,200.35611198521866,98.41356011885631,108.9522631198545,22.08884470975852,71.71599151514754,93.80483919457544,41.84571821478349,126.17884367930736,257.9466540662548,455.2688478880291,881.2400754131847
MY_0p5_2.2500_103.2500,103.25,2.25,2008-07-01,2008,7,210.49011099679132,97.61725618877108,108.55677502344524,24.182009651547386,72.25034923250713,96.43236057342045,42.08719707670665,127.06980513315354,259.54713570731025,456.9541495186942,885.6582734607516
MY_0p5_2.2500_103.7500,103.75,2.25,2008-07-01,2008,7,225.49035639358777,99.39519816253144,110.48613782979673,32.55338916455285,74.68134729417703,107.23473877987618,41.947293233063256,126.5688262939453,258.52800510212523,455.0367780265161,882.0809071686308
MY_0p5_2.2500_104.2500,104.25,2.25,2008-07-01,2008,7,237.41561033667594,100.57088141712717,115.32009213029846,40.378029626263086,77.20104690425653,117.57907835905218,42.49088886355566,128.56737663332098,262.8538021371384,463.6810093398922,897.5931154361441
MY_0p5_2.2500_104.7500,104.75,2.25,2008-07-01,2008,7,268.03125,101.7334213256836,,,,,,,,,
MY_0p5_2.2500_109.7500,109.75,2.25,2008-07-01,2008,7,199.46983042070943,89.63185119628905,,,,,,,,,
MY_0p5_2.2500_111.2500,111.25,2.25,2008-07-01,2008,7,257.67645305395126,88.06678912043573,102.13940508225384,43.39268330966724,146.75382210226618,190.14649985818298,43.032551989835845,130.05467874863567,265.3494190889246,467.69277550192436,906.1294385124654
MY_0p5_2.2500_111.7500,111.75,2.25,2008-07-01,2008,7,280.2786499023438,87.68899858262803,101.85728316534133,45.72069564092727,150.56970045301648,196.29039345393105,43.05141786847796,130.1019062829396,265.3979519314236,467.6299410381015,906.181219579303
MY_0p5_2.2500_112.2500,112.25,2.25,2008-07-01,2008,7,305.7131907629588,87.67956012544177,101.04901961069258,57.04365001860119,166.63724108499193,223.68089575389075,43.120693436879954,130.25715104360427,265.4507002573165,466.8309763106089,905.6595001705108
MY_0p5_2.2500_112.7500,112.75,2.25,2008-07-01,2008,7,330.3195727151538,87.66723211379278,102.73787103077721,72.39854118710473,183.03026839967757,255.4288103860522,43.17378603011843,130.35682436019655,265.36343073769217,465.64707273453,904.5410977802579
MY_0p5_2.2500_113.2500,113.25,2.25,2008-07-01,2008,7,353.91253914000504,87.6381788223509,108.55308278401694,71.07067483568949,172.34959067692833,243.42026289682542,43.09888231792148,130.08526901971726,264.5627738831535,463.16417817615337,900.911096578931
MY_0p5_2.2500_113.7500,113.75,2.25,2008-07-01,2008,7,339.2847006109697,86.61094011234333,113.3156477771228,71.65751698650892,138.90783121616028,210.56534484670132,42.83852771565884,129.1810031359709,262.0170229175423,455.4100557158265,889.4466237901132
MY_0p5_2.2500_114.2500,114.25,2.25,2008-07-01,2008,7,294.32780025421624,86.4567871578156,117.67808661082434,64.40649354722765,108.524272179982,172.9307698083302,42.692337145124164,128.7305357917907,261.03325776599706,453.1289567251054,885.5850928896949
MY_0p5_2.2500_114.7500,114.75,2.25,2008-07-01,2008,7,259.3028604322864,86.95899485926475,116.30110576998803,54.8259726739699,99.92605832007625,154.75203653150993,42.6365955968057,128.6399579448085,261.2571616880356,454.7700682609313,887.3037957960562
MY_0p5_2.2500_115.2500,115.25,2.25,2008-07-01,2008,7,237.11119079589844,87.86809539794922,113.11299896240234,32.43461990356445,84.52899932861328,116.96361541748047,42.41508865356445,128.05702209472656,260.4669494628906,454.2438659667969,885.1829223632812
MY_0p5_2.7500_101.2500,101.25,2.75,2008-07-01,2008,7,199.50376892089844,100.17565155029297,118.80084228515625,26.067365646362305,44.96537399291992,71.0327377319336,42.2861328125,128.04135131835938,262.26702880859375,464.60845947265625,897.2030029296875
MY_0p5_2.7500_101.7500,101.75,2.75,2008-07-01,2008,7,198.47948394126078,96.84472151322798,100.29460149591618,30.54989329944957,77.36117420543323,107.91106511896305,42.18124717018821,127.55172998601739,260.39407881303265,457.9815203302557,888.1085611239346
MY_0p5_2.7500_102.2500,102.25,2.75,2008-07-01,2008,7,193.02782916415268,94.43384126796843,108.84836104569163,26.070371974046065,65.470815974436,91.54118876852047,42.317052015073735,127.885921283892,260.6373160781374,456.3284199708587,887.1687040875671
MY_0p5_2.7500_102.7500,102.75,2.75,2008-07-01,2008,7,194.4081392408926,95.7646009952207,108.429973457433,26.64622562142867,67.28207031684586,93.92829846732222,42.495143612728846,128.59033111379117,263.02427470533155,464.7102009254166,898.8199565259716
MY_0p5_2.7500_103.2500,103.25,2.75,2008-07-01,2008,7,204.98862024781053,97.90157694725474,103.55963040005628,27.68369300502121,60.33057138722413,88.01426657901447,41.45299544607758,124.8163816852934,255.06272314764135,449.33525474208176,870.6673451806329
MY_0p5_2.7500_103.7500,103.75,2.75,2008-07-01,2008,7,220.95669071363366,100.48973027104917,104.11747745215068,31.614043433545373,62.05906698341194,93.67311423165458,40.639154425414475,121.83459623837801,248.97668696109054,438.6422570575767,850.0926944011917
MY_0p5_2.7500_104.2500,104.25,2.75,2008-07-01,2008,7,243.9063397575827,100.99560939564424,116.80701446533203,39.50288772583008,80.01610565185547,119.51899719238281,42.54841613769531,128.7582550048828,263.35491943359375,465.17694091796875,899.8385620117188
MY_0p5_2.7500_111.2500,111.25,2.75,2008-07-01,2008,7,275.94671294113687,87.97546344625539,102.9053975273581,48.4079153397504,153.81250897575828,202.22042667164524,43.04747727338005,130.0982235179228,265.41915534524355,467.70765686035156,906.2725112017464
MY_0p5_2.7500_111.7500,111.75,2.75,2008-07-01,2008,7,295.4699328062964,88.27719929179206,102.39809108602589,48.497280449702814,161.48690131614944,209.98418419936607,43.08425949359762,130.1915360812483,265.5327303656216,467.6940335240857,906.502563739645
MY_0p5_2.7500_112.2500,112.25,2.75,2008-07-01,2008,7,318.11727750754056,89.18773421758338,102.78532691955567,56.03863732655844,181.57456868489584,237.61321217854817,43.15928618113199,130.38195302327475,265.7477309163412,467.50223368326823,906.7911977132162
MY_0p5_2.7500_112.7500,112.75,2.75,2008-07-01,2008,7,342.18354449694664,89.54784902741639,105.1432562477981,74.94703953175605,205.8273394620871,280.77438822879066,43.24177739590029,130.5830387163766,265.9154254575319,466.9313194178328,906.6715449079682
MY_0p5_2.7500_113.2500,113.25,2.75,2008-07-01,2008,7,366.83917633541046,88.86663883754184,111.67303059895832,81.40644721379356,197.4342822362506,278.8407349117218,43.2147086854965,130.46229117257255,265.47027868846106,465.3944244869171,904.5416945684524
MY_0p5_2.7500_113.7500,113.75,2.75,2008-07-01,2008,7,347.76928710937494,87.29642323779451,117.24642971063115,72.7386603750241,153.41642489099198,226.15508056446245,42.932124520563015,129.52202217442215,263.0296460777331,458.5304619855942,894.0142462663589
MY_0p5_2.7500_114.2500,114.25,2.75,2008-07-01,2008,7,294.23429822318167,86.14159342608873,118.72702468196047,55.7640796371653,115.12198817579052,170.88607160350946,42.703886913347844,128.80902036835874,261.4055088864097,454.460712867447,887.3791399605667
MY_0p5_2.7500_114.7500,114.75,2.75,2008-07-01,2008,7,257.2257648152151,87.8615321262627,118.82423133607124,45.88290756371371,97.46622374710763,143.34913521055964,42.64035857862728,128.67837947189426,261.49356759429736,455.8963079756233,888.7086232179289
MY_0p5_2.7500_115.2500,115.25,2.75,2008-07-01,2008,7,242.8311590246252,88.48186389819995,113.11756725139445,36.77935498899167,93.13581030218451,129.91516690640836,42.38659176525769,127.88789821315454,259.669677734375,451.0408050262176,880.9849595078477
MY_0p5_3.2500_101.2500,101.25,3.25,2008-07-01,2008,7,193.39495510525174,97.72059292923153,124.65921029413721,31.954815920224917,57.429705104011504,89.38451780326636,42.45900539294291,128.53859381174763,263.16546179626704,465.8992764365349,900.0623679550706
MY_0p5_3.2500_101.7500,101.75,3.25,2008-07-01,2008,7,192.4657192014298,90.74607681468794,101.16310386900692,32.812152607425766,89.99117767431176,122.80332417093267,42.20167540289035,127.51342187869322,259.6884805472793,453.67404505249806,883.077614753869
MY_0p5_3.2500_102.2500,102.25,3.25,2008-07-01,2008,7,189.2672363765656,92.3598868233817,109.03646661667597,24.739547547839937,53.52861531575521,78.2681614951482,42.31948006039573,127.96465454101562,261.17540496341763,458.71295233832467,890.1724777948288
MY_0p5_3.2500_102.7500,102.75,3.25,2008-07-01,2008,7,189.64049534858026,93.5003374558461,106.7252396450767,28.980821875077254,58.10069221786305,87.0815150345428,42.40273230588889,128.2974408306653,262.31563239761545,462.7316967927957,895.7475182255612
MY_0p5_3.2500_103.2500,103.25,3.25,2008-07-01,2008,7,194.81087178283096,96.46075506552036,98.19833714488274,30.4803639762953,60.474290307259324,90.95465458177199,40.66865610377408,121.93668494706046,249.29627036427055,439.7042083243205,851.6058278037206
MY_0p5_3.2500_112.2500,112.25,3.25,2008-07-01,2008,7,320.7874159071181,90.06988694932727,103.93102111816408,54.99053378634983,180.8487789577908,235.83931816948785,43.1489013671875,130.35822143554688,265.7391947428386,467.612144639757,906.8584635416669
MY_0p5_3.2500_112.7500,112.75,3.25,2008-07-01,2008,7,352.4771049253402,91.1040682638845,110.4589771833576,89.83467383462875,209.64030193891685,299.47498434098037,43.250173881405686,130.61992557713242,266.0444373459112,467.3394064981429,907.2539427710361
MY_0p5_3.2500_113.2500,113.25,3.25,2008-07-01,2008,7,388.2540732935855,91.1057276044573,119.1661291989413,98.59308127200964,203.88361757451838,302.47670653372097,43.258111693642356,130.61739638357452,265.93539763941914,466.88886943007964,906.6997881802646
MY_0p5_3.2500_113.7500,113.75,3.25,2008-07-01,2008,7,363.7473298572358,89.93313429090712,119.45575481596447,86.97822171165829,187.34502558632502,274.3232438344804,43.16265239412822,130.30497489808096,265.1571320064484,464.7986546107701,903.4234140547495
MY_0p5_3.2500_114.2500,114.25,3.25,2008-07-01,2008,7,298.72118168727604,88.97167959031026,118.72909822889194,56.395684552040834,148.43855239479402,204.83424426036274,42.93428570449731,129.56376575056913,263.31843080945833,459.70137801443695,895.517856865172
MY_0p5_3.2500_114.7500,114.75,3.25,2008-07-01,2008,7,259.8861938282184,90.58352697578965,122.68981071034817,42.52151989784971,98.89350626271242,141.4150326965721,42.66263651999699,128.7555871708378,261.7383458811766,456.8272432946856,889.983801386159
MY_0p5_3.2500_115.2500,115.25,3.25,2008-07-01,2008,7,251.73880453954763,89.81778743599033,113.10103870343559,42.96033806136891,90.52471383010284,133.48505063600174,42.28418777562394,127.49484694758547,258.4237024814268,447.0462497759469,875.2489971692049
MY_0p5_3.2500_115.7500,115.75,3.25,2008-07-01,2008,7,249.09630730446804,89.9842609876997,107.35425207588109,56.88914798350816,115.0363776389133,171.92552613676264,42.53539991914556,128.34722368904715,260.69817532314346,453.54868170920383,885.1294651674422
MY_0p5_3.7500_100.7500,100.75,3.75,2008-07-01,2008,7,194.44668579101562,94.8016128540039,127.4439468383789,38.24687957763672,70.19620513916016,108.44308471679688,42.61298370361328,128.97401428222656,263.94415283203125,467.1778869628906,902.7090454101562
MY_0p5_3.7500_101.2500,101.25,3.75,2008-07-01,2008,7,195.432048575226,92.1688477599505,124.00238958068651,38.57554675846038,82.88352529285024,121.4590686193176,42.57663615698954,128.7819499784303,263.08813851859577,463.5471237824572,897.9938627076381
MY_0p5_3.7500_101.7500,101.75,3.75,2008-07-01,2008,7,194.77466342028447,86.92072361745653,108.85021413815251,29.30509092853328,76.14580285625094,105.45089075367923,42.244780643730415,127.60433469152755,259.6544785226227,452.4639189896311,881.9675246317676
MY_0p5_3.7500_102.2500,102.25,3.75,2008-07-01,2008,7,188.78195762028767,87.72483927408852,107.49066588386655,23.91050462874155,61.98516092451791,85.89566243489583,42.301002127026756,127.8537411159939,260.6647156730531,456.5295904250372,887.3490532769097
MY_0p5_3.7500_102.7500,102.75,3.75,2008-07-01,2008,7,183.87410486614894,91.06465873112754,103.05116904122488,27.891056109231613,60.44396592397539,88.33502003503223,42.38494469778878,128.19337875124006,261.8486062670511,460.82726023840524,893.2542060004339
MY_0p5_3.7500_103.2500,103.25,3.75,2008-07-01,2008,7,182.35718229377414,93.65543225656943,97.06072414622588,31.520429012822174,69.49178019504922,101.01220697141162,41.93859036015529,126.54044267243029,258.4933537501915,455.0167606129366,881.9891759535847
MY_0p5_3.7500_113.2500,113.25,3.75,2008-07-01,2008,7,399.94295787811285,93.24201643466951,121.94569622102333,97.8772252817623,189.01986919465614,286.8971007300205,43.20186521186204,130.4637348612801,265.7209752817623,466.87249005427134,906.259087234247
MY_0p5_3.7500_113.7500,113.75,3.75,2008-07-01,2008,7,372.67441843976883,93.43483036586215,117.44035726997843,77.29166955546653,183.49057910511794,260.78225421596886,43.1709361770778,130.38438361208028,265.64884904287396,467.0384330872965,906.2426102030239
MY_0p5_3.7500_114.2500,114.25,3.75,2008-07-01,2008,7,315.02224024929035,93.00329190208798,117.51442653111049,48.30638938782707,157.3229984828404,205.62938527909537,43.06049650888594,130.06641991024924,265.0762228345114,466.14548775809146,904.3486343625991
MY_0p5_3.7500_114.7500,114.75,3.75,2008-07-01,2008,7,280.28574383448046,93.05627293662418,123.51041325160433,41.09470740424262,112.72020237029544,153.8149134560237,42.8096053471641,129.30465032183935,263.476553780692,462.7161365327381,898.3069365001858
MY_0p5_3.7500_115.2500,115.25,3.75,2008-07-01,2008,7,262.7620182097904,89.72877395872084,112.82791953919427,54.91046154688275,99.88262682717944,154.79308505588105,42.322471097915894,127.6541317652142,258.9402480352492,448.54350866892975,877.4603449745784
MY_0p5_3.7500_115.7500,115.75,3.75,2008-07-01,2008,7,250.85148455942277,88.89672072156728,108.5437742274442,65.62452368427523,116.51956978118676,182.144093465462,42.435776827146675,128.02716657240614,259.88545216073237,451.11642324324134,881.4648152083802
MY_0p5_4.2500_100.7500,100.75,4.25,2008-07-01,2008,7,217.4904137611389,93.39481359767163,123.3137955334722,31.92378317385304,86.57656931974451,118.50035587232942,42.66331291977241,129.10098752391582,264.0752704231107,466.97307975924747,902.8126449896365
MY_0p5_4.2500_101.2500,101.25,4.25,2008-07-01,2008,7,215.364542229231,86.81396931447802,114.67068661246333,34.3873840259139,122.32509593599163,156.7124892313769,42.61730690974339,128.74266912375285,262.14237771975775,458.1949059553208,891.6972842854299
MY_0p5_4.2500_101.7500,101.75,4.25,2008-07-01,2008,7,205.9546126008444,86.49026423445144,114.36945450267852,26.647054111614775,70.2772381206671,96.92429215306291,42.48515279605367,128.47539927327216,262.34319688108405,461.6505638829436,894.9543281530803
MY_0p5_4.2500_102.2500,102.25,4.25,2008-07-01,2008,7,191.07947786471334,89.19242583448515,107.4154109772021,24.777021548237666,61.65052366409059,86.4275428845098,42.422384731304916,128.30429708462555,262.08946154902156,461.4438114836575,894.2599411254494
MY_0p5_4.2500_102.7500,102.75,4.25,2008-07-01,2008,7,177.258500943518,89.98023192290289,96.86682656160588,25.110670527075506,74.30754393073404,99.41821029079948,42.2725358950864,127.73385826645385,260.2133800725269,454.67035028737075,884.890139440063
MY_0p5_4.2500_103.2500,103.25,4.25,2008-07-01,2008,7,166.31335702526712,93.98906923088046,93.3398398688446,28.18328418133566,67.82062272659992,96.00390327267532,42.31084015477409,127.9294995829619,261.175785396988,458.83980791577056,890.2559348714477
MY_0p5_4.2500_113.7500,113.75,4.25,2008-07-01,2008,7,363.940433078342,97.35769283410276,116.6399301492943,68.60685096596772,173.8837727960551,242.49062563338367,43.12835283099481,130.28801353022737,265.6028926057636,467.45904281904114,906.4783123664137
MY_0p5_4.2500_114.2500,114.25,4.25,2008-07-01,2008,7,344.6102532422692,97.72563480686497,116.1376634398943,50.59856341152118,142.19981690631414,192.79838255657657,43.0096732916519,129.97564832768387,265.1945235204513,467.48060060007697,905.6604515281886
MY_0p5_4.2500_114.7500,114.75,4.25,2008-07-01,2008,7,313.9561478678386,96.97274861653646,121.44117207845052,49.42613103230795,131.61109853108726,181.03723022460935,42.93044039408366,129.71137156168618,264.51437072753913,465.57581990559896,902.7319938151043
MY_0p5_4.2500_115.2500,115.25,4.25,2008-07-01,2008,7,273.81078751881915,94.14991929796007,116.17845980326335,47.706608759032356,89.5727653503418,137.2793714205424,42.211553136507675,127.32096584637962,258.20288912455237,446.7312042448256,874.4666343265111
MY_0p5_4.2500_115.7500,115.75,4.25,2008-07-01,2008,7,241.155928272312,91.01750289141123,105.45091526872022,50.78756245758574,89.84353451486363,140.6310996104095,42.126461559231,127.12919241695081,258.05015558792377,446.9330654338255,874.2388976016289
MY_0p5_4.2500_116.2500,116.25,4.25,2008-07-01,2008,7,212.38879794609255,99.2826043570914,101.74903357901228,37.380098819732666,78.91644266175061,116.29654149311345,42.026715418187585,126.86200830413073,257.6725229402868,446.7402678699029,873.301528930664
MY_0p5_4.2500_116.7500,116.75,4.25,2008-07-01,2008,7,204.15631129975952,104.60959365050915,96.94767620108719,33.22429314100673,79.63420667262436,112.85849792833274,42.17397140767533,127.38778536581582,259.22031892103956,451.68281175911096,880.4648970234604
MY_0p5_4.2500_117.2500,117.25,4.25,2008-07-01,2008,7,208.27086652907653,109.81035478980141,95.33569879447464,26.599202071670934,89.64118552418937,116.24038497114604,42.45789970127883,128.34453596267025,261.79689201422497,459.4287082368295,892.0280613181865
MY_0p5_4.2500_117.7500,117.75,4.25,2008-07-01,2008,7,204.63730014898843,111.31940339569351,91.81872949844751,17.480064424694095,89.05541265112721,106.53547782571908,41.153561958899864,123.48823733207507,251.93211442996295,442.67844749515893,859.2523806319278
MY_0p5_4.2500_118.2500,118.25,4.25,2008-07-01,2008,7,193.18649595383314,111.74159602115029,85.31563675023948,19.486819145785777,77.39483943866317,96.88165798308742,38.47504332718576,113.68509644915346,231.92908754773964,407.52967513746523,791.6189135897692
MY_0p5_4.2500_118.7500,118.75,4.25,2008-07-01,2008,7,185.78820292154947,112.4624760945638,81.5440444946289,24.344371795654297,70.4052734375,94.74964141845703,36.88394546508789,107.89366149902344,220.19610595703125,387.1608581542969,752.1345825195312
MY_0p5_4.7500_100.2500,100.25,4.75,2008-07-01,2008,7,289.33129204644104,95.23452674018014,,,,,,,,,
MY_0p5_4.7500_100.7500,100.75,4.75,2008-07-01,2008,7,261.20939866157426,91.26291027208315,116.12050368146198,21.350349286707434,86.26823946324791,107.61858538495817,42.51713416246863,128.55565668121585,262.3720158522691,461.09418592995735,894.5390262758829
MY_0p5_4.7500_101.2500,101.25,4.75,2008-07-01,2008,7,246.67745433742718,83.90363096206907,105.25216573079426,21.141674507988824,127.41380685473244,148.55548124767486,42.58503976246667,128.5878474159846,261.51999327644467,455.64191865466887,888.3348169720362
MY_0p5_4.7500_101.7500,101.75,4.75,2008-07-01,2008,7,224.66628892254678,86.61405915759862,109.44738771953281,18.256839976235046,85.34128807915582,103.59813116164436,42.527601550874266,128.54062693762404,262.1648331899492,460.12816249302466,893.361204892113
MY_0p5_4.7500_102.2500,102.25,4.75,2008-07-01,2008,7,198.7564434233166,90.27828899565196,99.18379320417132,21.437716438656764,83.92354133242652,105.36125778924851,42.40942858741397,128.1426496233259,261.078225562686,456.6921253022694,888.322434779576
MY_0p5_4.7500_102.7500,102.75,4.75,2008-07-01,2008,7,175.17472533207783,91.27122534004744,92.22336318386586,24.384651937302504,78.27090757819495,102.65555754740525,42.32625604131419,127.90425233780198,260.61900523969314,455.73385863091517,886.5833639157044
MY_0p5_4.7500_103.2500,103.25,4.75,2008-07-01,2008,7,156.87615041145216,95.50581493662366,86.3362013757009,23.0413349475368,61.867567646547435,84.90890104568314,40.719279130886406,122.1361075538551,248.93099817930556,435.1570960463634,846.9434449593522
MY_0p5_4.7500_103.7500,103.75,4.75,2008-07-01,2008,7,144.3102208187706,97.83847045898438,78.41462073388037,18.148208147519597,28.375215010209516,46.52342308341682,36.90082114083426,108.30162573479987,221.04560871867392,387.39302439503854,753.6410601727374
MY_0p5_4.7500_113.7500,113.75,4.75,2008-07-01,2008,7,374.3074035644531,100.24219512939453,,,,,,,,,
MY_0p5_4.7500_114.2500,114.25,4.75,2008-07-01,2008,7,374.3074035644531,101.20876039777482,120.12220764160156,54.217628479003906,152.51876831054688,206.7364044189453,43.05092239379883,130.0884246826172,265.3539123535156,467.5378112792969,906.0310668945312
MY_0p5_4.7500_114.7500,114.75,4.75,2008-07-01,2008,7,345.79392365486393,103.52719895557692,124.55145312893775,65.53395441527007,155.18590439006846,220.71985437536756,43.048002222532865,130.01930466518607,264.9001208889869,465.5575906076739,903.5250191637264
MY_0p5_4.7500_115.2500,115.25,4.75,2008-07-01,2008,7,292.03893001874286,103.15978268782295,124.23610842227936,56.92076497276622,103.69877179463703,160.61953930060068,42.402909358342484,127.9229465325673,259.59424448013306,450.3308839797972,880.2510137557981
MY_0p5_4.7500_115.7500,115.75,4.75,2008-07-01,2008,7,252.01305483863464,98.31004946269687,111.78676757812498,36.532689703078496,73.81620657784597,110.34889620826358,42.018015301416796,126.76230248345269,257.1721427796379,445.0704559810578,871.0228974841889
MY_0p5_4.7500_116.2500,116.25,4.75,2008-07-01,2008,7,220.52786080496645,99.37018183148093,107.90261404854908,29.83640317159985,66.62552303738063,96.46192706880113,41.94613182431174,126.62353309752449,257.24425978887643,446.247728814019,872.0616406637522
MY_0p5_4.7500_116.7500,116.75,4.75,2008-07-01,2008,7,207.83840927896622,102.528003620196,99.76079395149327,25.372123024131678,66.4333123436457,91.80543631541578,41.91719033446494,126.5785491557061,257.31236827222614,446.70245235781124,872.5105586957329
MY_0p5_4.7500_117.2500,117.25,4.75,2008-07-01,2008,7,217.71630709209143,106.11383066328744,93.24903910803417,25.98742451743474,66.40170680454798,92.38913017151849,42.010654606894846,126.88864290752109,258.1048644050719,448.8837522476439,875.8879051571802
MY_0p5_4.7500_117.7500,117.75,4.75,2008-07-01,2008,7,212.1146417448792,109.41802976101259,92.25520162944551,19.8296192688278,59.605654631988905,79.4352740758582,42.1338289840312,127.28680258159395,259.15346131143684,452.1584330691566,880.7325159386743
MY_0p5_4.7500_118.2500,118.25,4.75,2008-07-01,2008,7,196.44259965599485,112.2411800748739,94.90723576377985,21.62083790649721,56.18011948091901,77.80095824045154,42.23224839253642,127.63105881274048,260.16803852637213,455.5163741375334,885.5477193707799
MY_0p5_4.7500_118.7500,118.75,4.75,2008-07-01,2008,7,186.54043250747873,113.93140083023265,99.75739848462841,28.565431884572472,49.06300749959826,77.62844100179552,42.25354221199132,127.7349753078026,260.6118326307852,457.34022425398035,887.9405733905261
MY_0p5_5.2500_100.2500,100.25,5.25,2008-07-01,2008,7,320.5507849544459,95.09411590223367,62.697532653808594,52.94580841064453,95.08296203613281,148.0287628173828,28.4669132232666,77.16552734375,156.88095092773438,273.8546447753906,536.3680419921875
MY_0p5_5.2500_100.7500,100.75,5.25,2008-07-01,2008,7,305.3274830338223,92.0679600872571,110.18908402015424,28.884960043019266,114.601557413737,143.4865170182853,41.79069407232876,125.71940384788076,255.93571209085397,447.38886304833426,870.8346662850216
MY_0p5_5.2500_101.2500,101.25,5.25,2008-07-01,2008,7,280.2431253100198,87.55226081969245,104.74938458639477,29.59428460257394,144.12313234843904,173.71741054474364,42.72067410908048,128.9928997221447,262.38036004929313,457.70209873744415,891.7960441468252
MY_0p5_5.2500_101.7500,101.75,5.25,2008-07-01,2008,7,246.4967118767416,88.83704801425816,108.06085868398098,21.654068807128134,105.8039659390784,127.45803643487822,42.674561093567284,128.96421624444855,262.99130598906504,461.82360596869404,896.4536484639356
MY_0p5_5.2500_102.2500,102.25,5.25,2008-07-01,2008,7,209.71754494442297,97.01030541681179,100.68336860996901,19.522747446776954,79.15776613563489,98.68051650417837,42.299766066727365,127.74409144699193,260.80558621351884,458.9742748479175,889.8236855670905
MY_0p5_5.2500_102.7500,102.75,5.25,2008-07-01,2008,7,177.59916950437068,96.86899542352955,92.2526602793548,22.95352474794549,76.06468539480436,99.0182084164377,41.355756300586755,124.3426383842856,253.54190627275884,444.4346652790651,863.6749445511122
MY_0p5_5.2500_103.2500,103.25,5.25,2008-07-01,2008,7,159.80186473705152,99.41875627305772,95.0013891938445,30.23831309281387,69.68780745469131,99.92611676996405,42.239227567400256,127.65428295383208,260.5270754331118,457.3369001908737,887.75749662325
MY_0p5_5.2500_115.2500,115.25,5.25,2008-07-01,2008,7,299.4344379055885,108.95761883643367,127.25887986480213,43.81884177786405,90.97320956871157,134.79204922035095,42.21523960301134,127.40211812003716,258.8222731293225,450.2756657834913,878.7152970110784
MY_0p5_5.2500_115.7500,115.75,5.25,2008-07-01,2008,7,278.7187974604476,107.85187356683271,119.88913519907807,28.136444098262462,69.8000032327943,97.93644561767577,41.95625650438211,126.5952821893207,257.0015446032508,445.87192465572025,871.4249921378442
MY_0p5_5.2500_116.2500,116.25,5.25,2008-07-01,2008,7,244.50314649750916,103.74980996530269,110.65145309061944,34.133588187302216,84.10063453867467,118.23422415045243,42.301361083984375,127.75414717951908,259.9743915992447,453.58189768730836,883.611783377732
MY_0p5_5.2500_116.7500,116.75,5.25,2008-07-01,2008,7,232.73769175855418,105.46834354159198,103.72648934472964,43.77254027354566,99.08598701863349,142.85852823378164,42.330710785298415,127.81658725497087,259.92201281197464,452.5997738415681,882.669082255303
MY_0p5_5.2500_117.2500,117.25,5.25,2008-07-01,2008,7,248.51076979864212,110.20003100198413,99.78069392613003,50.57607660444956,106.43191995772105,157.00799405536955,42.40939541771298,128.07564125666542,260.59884662930926,454.5351268949963,885.6190127418155
MY_0p5_5.2500_117.7500,117.75,5.25,2008-07-01,2008,7,237.65624224950398,112.52976851690384,96.38518994043744,40.09128671070885,84.54391915457589,124.63520323738219,42.36548352922712,127.97494947645399,260.60052403041294,455.47090066576754,886.4118549649678
MY_0p5_5.2500_118.2500,118.25,5.25,2008-07-01,2008,7,204.91497232625773,114.06697189428245,96.25444346628372,27.720803509851923,54.474928509657545,82.19573212884794,42.24569149381796,127.65187439645172,260.1745413033066,455.6262716305484,885.6983895271446
MY_0p5_5.2500_118.7500,118.75,5.25,2008-07-01,2008,7,186.5715587615967,115.17588903033544,101.56538814968533,30.789568132824364,39.88060384326511,70.67017475763957,42.187995751698814,127.51494428846571,260.0724728902181,456.0491032070584,885.8245179918077
MY_0p5_5.2500_119.2500,119.25,5.25,2008-07-01,2008,7,182.18487047169305,115.92811279296876,104.06202697753906,33.682655334472656,36.05337905883789,69.73603820800781,42.17637252807617,127.49373626708984,260.08941650390625,456.278564453125,886.0380859375
MY_0p5_5.7500_100.2500,100.25,5.75,2008-07-01,2008,7,337.88326668954113,99.73210157789624,96.15531921386719,59.459766317945004,133.86590380187428,193.32567085476097,36.104638475890546,104.89708800709576,213.75486097423308,375.5787476705849,730.3353288283042
MY_0p5_5.7500_100.7500,100.75,5.75,2008-07-01,2008,7,322.0846363854787,97.64045189751519,104.66998769124348,41.18853987375895,165.86306925455727,207.0516055806478,41.1810493850708,123.25645563761394,251.07488657633462,440.6451567586263,856.1575327555338
MY_0p5_5.7500_101.2500,101.25,5.75,2008-07-01,2008,7,297.54262188288175,95.23827623382327,106.17220714899501,39.197814580962415,176.6606982974556,215.85851720374404,42.97782430874081,129.79690966268225,264.3147938645732,463.1611958901714,900.2507172832339
MY_0p5_5.7500_101.7500,101.75,5.75,2008-07-01,2008,7,256.86066004435224,96.63293352127076,110.48686542510985,32.20741884708405,121.53541266123455,153.74283784230553,42.67109225591024,128.9285158157349,262.81203536987306,461.09725163777665,895.5088704427084
MY_0p5_5.7500_102.2500,102.25,5.75,2008-07-01,2008,7,213.22930218623233,104.71463902791339,104.28451376250297,22.64850975768735,53.46144869512178,76.10996068447125,41.280025559242326,124.17123048313537,252.82115584350998,441.80485745311177,860.0772608490504
MY_0p5_5.7500_102.7500,102.75,5.75,2008-07-01,2008,7,180.11626848493304,101.86353646435784,80.65824127197266,22.61280632019043,42.27227020263672,64.88507843017578,35.820552825927734,104.31513977050781,212.58274841308594,371.75054931640625,724.468994140625
MY_0p5_5.7500_103.2500,103.25,5.75,2008-07-01,2008,7,160.17001342773438,102.98329162597656,,,,,,,,,
MY_0p5_5.7500_115.2500,115.25,5.75,2008-07-01,2008,7,305.07799173990884,112.9225466410319,134.8857879638672,63.27649688720703,149.85528564453125,213.13177490234375,43.022911071777344,130.00759887695312,265.1808776855469,467.11236572265625,905.3237915039062
MY_0p5_5.7500_115.7500,115.75,5.75,2008-07-01,2008,7,287.24061163217743,110.57925906503128,121.68141065325057,60.01289614722842,128.86354173932756,188.87643359956286,42.639856683640254,128.78362673804875,262.19075462704615,458.7964445568266,892.4107154482888
MY_0p5_5.7500_116.2500,116.25,5.75,2008-07-01,2008,7,256.0526582263765,105.30288354782832,110.02842680915954,53.38396400572763,117.98413340250652,171.36809692382815,42.421206907242066,128.07093161931112,260.378862265935,453.49743913922987,884.3684585813492
MY_0p5_5.7500_116.7500,116.75,5.75,2008-07-01,2008,7,239.58167952280195,104.5429221501426,98.2202653915163,51.08960158332946,119.70443570576015,170.7940395052471,42.377294461689296,127.9218988327753,259.95184229290675,451.93919232080856,882.1902334061881
MY_0p5_5.7500_117.2500,117.25,5.75,2008-07-01,2008,7,252.8189678011632,113.26082242851378,99.37160780753248,64.43604031872673,120.31239496947086,184.74843051080072,42.557248040328645,128.5732609360752,261.9220555061798,458.4832631782026,891.5358289844982
MY_0p5_5.7500_117.7500,117.75,5.75,2008-07-01,2008,7,242.83502986847412,117.05611325218565,99.29754561865892,67.64169626427977,100.54792544985777,168.1896183602762,42.59810926450179,128.78057651391768,262.85377574126994,462.4542913244875,896.6867661444134
MY_0p5_5.7500_118.2500,118.25,5.75,2008-07-01,2008,7,212.22757459470367,117.27433029810587,98.37562713623048,52.161198459201394,77.14105733235677,129.30225335015191,42.49430336846247,128.4838341606988,262.3393436686198,461.7782367621528,895.0957508680556
MY_0p5_5.7500_118.7500,118.75,5.75,2008-07-01,2008,7,189.57846436133752,117.43196568122278,98.2201919555664,43.705448150634766,70.13924407958984,113.84468841552734,42.45856857299805,128.3745880126953,262.11199951171875,461.316162109375,894.2613525390625
MY_0p5_6.2500_99.7500,99.75,6.25,2008-07-01,2008,7,346.2752751369102,108.44867033116958,124.24606465184412,91.69665190230968,160.2316550321357,251.92830214389537,42.91988896214685,129.75499636627907,264.76654265647716,465.88213330645897,903.3235189748364
MY_0p5_6.2500_100.2500,100.25,6.25,2008-07-01,2008,7,320.72903537750244,105.69561359286307,115.82132512306679,63.76457148960658,146.32861035405372,210.0931827467315,41.0267468043736,122.8456391003667,250.61418245276624,441.20411364496965,855.6906676000477
MY_0p5_6.2500_100.7500,100.75,6.25,2008-07-01,2008,7,306.6624243305457,104.24947548649027,108.0250500123013,46.842808756588965,164.6592562171023,211.50205752103943,42.16372916321037,126.82937940207229,257.05836999370325,454.44084079109103,880.4923288941844
MY_0p5_6.2500_101.2500,101.25,6.25,2008-07-01,2008,7,295.6252845177284,103.52535165640025,105.0080270620493,41.36901245117187,168.08194368802583,209.45094674917368,42.7375975388747,128.8824185884916,260.6838341346154,461.2772822453426,893.5811391977164
MY_0p5_6.2500_101.7500,101.75,6.25,2008-07-01,2008,7,242.18090645926335,107.7632088797433,109.4590844290597,22.33091209956578,65.18279353550501,87.51370364597864,42.08405042375836,126.93766959054129,257.6236005510602,447.5692007882254,874.2145281110489
MY_0p5_6.2500_102.2500,102.25,6.25,2008-07-01,2008,7,211.42628606160483,109.66732536874167,109.0455093383789,13.690752983093262,12.778091430664062,26.468843460083008,41.39447021484375,124.66485595703125,251.88803100585938,432.6199645996094,850.5673217773438
MY_0p5_6.2500_115.7500,115.75,6.25,2008-07-01,2008,7,267.8450019142844,112.88463557850231,126.25469207763672,77.98110961914062,113.98343658447266,191.9645538330078,42.6209716796875,128.79925537109375,262.5557861328125,460.4468078613281,894.4228515625
MY_0p5_6.2500_116.2500,116.25,6.25,2008-07-01,2008,7,246.48704749659484,110.1378241087261,115.18298386897283,54.688505979361516,91.49769304922498,146.18620169215262,42.30645659526539,127.77583205437342,260.03332613638315,453.6924209930823,883.8080436269615
MY_0p5_6.2500_116.7500,116.75,6.25,2008-07-01,2008,7,223.3141705225384,109.42166462247333,100.51080419146825,31.572614270164852,70.745104435512,102.31771666511656,42.00416362701901,126.78768363831536,257.5882444351438,447.14081091502356,873.5208796425471
MY_0p5_6.2500_117.2500,117.25,6.25,2008-07-01,2008,7,223.8285094246032,115.59925236777654,97.19822063143292,43.16721420893593,66.9659019470215,110.13311179024834,41.62076442657955,125.37044789147757,255.24085204109315,445.499102686322,867.7311606755331
MY_0p5_6.2500_117.7500,117.75,6.25,2008-07-01,2008,7,223.6126874287923,118.89615146319073,97.75381616960493,50.048044505872234,59.00074318556757,109.04878275017988,41.62266656529834,125.39875838073372,255.85406797531752,449.0329127618444,871.9084244220578
MY_0p5_6.2500_118.2500,118.25,6.25,2008-07-01,2008,7,222.01690619332447,119.7063514164516,100.06119482857841,51.462458746773855,59.94809453827994,111.41055311475482,42.38883141108922,128.21060916355677,261.91386849539623,461.18994140625,893.7032797677177
MY_0p5_6.7500_100.2500,100.25,6.75,2008-07-01,2008,7,314.97942038143384,107.7618355470545,121.91141784892365,67.23594929190243,145.8398832433364,213.0758305717917,42.862960506887994,129.57831057380227,264.45093850528497,465.5862664615407,902.4784613216625
MY_0p5_6.7500_100.7500,100.75,6.75,2008-07-01,2008,7,297.0462228280527,108.3826825177228,111.03532437924986,42.86372262460215,119.02485656738283,161.8885735405816,42.1488116229022,126.89472678855614,254.28703364619503,456.1223879213686,879.4529712818288
MY_0p5_6.7500_116.2500,116.25,6.75,2008-07-01,2008,7,198.04188730524874,115.42701481663903,106.64934074587939,19.675027754248646,25.504614388070458,45.17964097930164,41.52000306292278,125.36365750940836,254.8346713926734,442.24928618640433,863.9676081959794
MY_0p5_6.7500_116.7500,116.75,6.75,2008-07-01,2008,7,195.58956125459784,115.82460144162178,98.83960998293911,17.34072558587719,20.86694727584779,38.207671908050656,40.0633554270145,120.06556255355653,243.69468327096328,421.4580512367218,825.281627066993
MY_0p5_6.7500_117.2500,117.25,6.75,2008-07-01,2008,7,194.37805443136102,117.50599207429804,92.56772863337423,19.553562442813295,14.376354818850492,33.92991619616483,39.03946365086377,116.27022822557298,236.01273042121818,408.37853423262055,799.700932055448
MY_0p5_6.7500_117.7500,117.75,6.75,2008-07-01,2008,7,201.68431981404623,119.16551166110568,95.2959394454956,29.559797763824463,15.448391050100327,45.00818705558777,39.95834410190582,119.42063593864441,243.25789594650269,424.8195962905884,827.456470489502
MY_0p5_7.2500_116.7500,116.75,7.25,2008-07-01,2008,7,156.22176451194943,118.16283101884146,96.18475474481997,9.99779859625775,2.266579977325771,12.264379020359206,38.51684198794157,114.8377480548361,232.37738859757133,398.37759638247286,784.1095581054688
MY_0p5_7.2500_117.2500,117.25,7.25,2008-07-01,2008,7,150.92569739539343,118.43946845252235,94.50468211926912,9.930174029500861,1.067289047492178,10.997463647942793,37.77359358135023,112.17503927130448,226.65660657380755,387.3164595754523,763.9216809724506
MY_0p5_0.7500_110.2500,110.25,0.75,2008-08-01,2008,8,304.6770202636719,90.91776181734527,100.99848632812501,57.40812301635742,105.13532585730921,162.54344247671276,42.493347578782306,128.23428379939153,260.617866398738,454.07700148362386,885.4225116436298
MY_0p5_0.7500_110.7500,110.75,0.75,2008-08-01,2008,8,321.3298427036831,92.62044939313616,107.25439780099052,65.32820260184151,100.08011954171317,165.40832214355467,42.5734616960798,128.61445944649833,262.1098968505859,459.69689636230464,892.9947248186384
MY_0p5_0.7500_111.7500,111.75,0.75,2008-08-01,2008,8,354.0981924874442,90.21556163969494,109.7983871944367,63.82220356048099,100.93275463770307,164.7549632238963,42.5779179769849,128.62286594935827,262.09306504991315,459.5551341223338,892.8490058051215
MY_0p5_1.2500_103.2500,103.25,1.25,2008-08-01,2008,8,265.92722713137135,111.1852062188306,111.9546723799272,57.36172459342263,70.18648164922541,127.54820823669435,38.86938181790439,115.49005335027523,235.89043218439278,414.4219152277167,804.6717570911753
MY_0p5_1.2500_103.7500,103.75,1.25,2008-08-01,2008,8,271.8629046690117,110.63793137929973,102.19392691306697,61.284421272648196,80.83706176165238,142.1214843305569,40.14065518425506,120.26715650836242,245.76535419353004,432.5233462435528,838.696520759064
MY_0p5_1.2500_104.2500,104.25,1.25,2008-08-01,2008,8,270.03873857770645,111.4732177734375,91.18620300292969,67.41191864013672,93.5970230102539,161.00894165039062,41.8040885925293,126.5150146484375,258.670654296875,456.03778076171875,883.027587890625
MY_0p5_1.2500_109.7500,109.75,1.25,2008-08-01,2008,8,285.86502185499813,93.17762930996447,103.10056341699807,57.190339467611665,120.57140653679171,177.7617426493082,42.81964019407709,129.38073215714422,263.90151278943904,464.48073752529655,900.5826217467527
MY_0p5_1.2500_110.2500,110.25,1.25,2008-08-01,2008,8,311.64730917440886,91.8477759931999,102.15814373944258,61.37585229763194,113.9944374349587,175.37028255978151,42.601500507487295,128.59088240811266,261.53565796369764,456.71663980962694,889.4446936647865
MY_0p5_1.2500_110.7500,110.75,1.25,2008-08-01,2008,8,332.3829742916046,92.76754482208734,108.65831608847967,68.97917039659288,105.76925833565846,174.74842873225134,42.659303465343655,128.88183278886098,262.7473766508556,461.4720856197296,895.760614110553
MY_0p5_1.2500_111.2500,111.25,1.25,2008-08-01,2008,8,345.5655397652818,91.38990759316344,109.18128840534833,61.21886324653992,108.68752622756716,169.90639005910856,42.64182069431098,128.8093330456426,262.4907073487108,460.5034704238844,894.4453306350464
MY_0p5_1.2500_111.7500,111.75,1.25,2008-08-01,2008,8,362.12378317212296,89.32440742613777,108.91937776595827,67.05904194665334,112.54689437624009,179.60593910822791,42.64011588929191,128.77667139446925,262.2670196048797,459.47671363467265,893.1605447436137
MY_0p5_1.2500_112.2500,112.25,1.25,2008-08-01,2008,8,381.80524502671915,87.23119698926276,112.05018278790001,78.54013100251328,131.27098242280445,209.81111361895717,42.74520711366296,129.06759109109788,262.7496584200012,460.09251241151446,894.6549899493376
MY_0p5_1.2500_112.7500,112.75,1.25,2008-08-01,2008,8,410.0994027455648,86.42531903584798,113.20330095291136,86.73879369099934,176.73513793945312,263.4739240010579,42.87868595123291,129.36814975738525,262.80345916748047,457.99179013570154,893.0420951843262
MY_0p5_1.2500_113.2500,113.25,1.25,2008-08-01,2008,8,424.6777813455333,89.56906459642492,118.87102694304093,78.52568040930707,165.90494968580163,244.4306277067765,42.85167349110479,129.2919606084409,262.6502643087636,457.6457776940387,892.4396643597147
MY_0p5_1.2500_113.7500,113.75,1.25,2008-08-01,2008,8,393.12176190000594,91.5656469518488,124.26015998377945,78.21888316761363,155.3874546397816,233.6063337615042,42.82998954888546,129.23656509861803,262.5834671945283,457.6677955858635,892.3178188439571
MY_0p5_1.2500_114.2500,114.25,1.25,2008-08-01,2008,8,326.9408734076846,91.76699727826414,126.42465993155422,70.08249238951016,129.33614032036436,199.4186370309475,42.69307394787273,128.86718128845754,261.9875172302786,456.8390924234306,890.3868694474212
MY_0p5_1.2500_114.7500,114.75,1.25,2008-08-01,2008,8,266.35394483996976,91.12498547953943,124.41161690988847,48.11571601129347,113.065917476531,161.18163422615297,42.55802622149068,128.44400467411165,261.02461587229084,454.4219271752142,886.4485532699093
MY_0p5_1.7500_102.7500,102.75,1.75,2008-08-01,2008,8,241.1543928114749,111.37616729736328,114.36888146400452,25.588964521884918,43.84799098968506,69.4369568824768,40.80229985713959,122.50160336494446,249.9568567276001,438.5875082015991,851.8482475280761
MY_0p5_1.7500_103.2500,103.25,1.75,2008-08-01,2008,8,254.0955738671498,109.77801563748983,114.6145683670044,33.680750589370724,54.860551300048826,88.54130279541016,40.81960220336914,122.55228378295898,250.30037338256835,440.19347320556636,853.8657159423828
MY_0p5_1.7500_103.7500,103.75,1.75,2008-08-01,2008,8,260.70728321316875,110.27383710161038,106.69369248498845,55.07573498955256,65.23413611061964,120.30987186673322,40.87679656547836,122.93272168123269,251.26940425438218,442.3453136395804,857.4242433958414
MY_0p5_1.7500_104.2500,104.25,1.75,2008-08-01,2008,8,261.97733592987055,111.31050729751588,100.66216201190801,68.91701436597248,69.15437310980272,138.0713874757752,41.89048160878263,126.80626258554385,259.3334431019864,456.9108295292817,884.941037200218
MY_0p5_1.7500_109.7500,109.75,1.75,2008-08-01,2008,8,280.24994677166603,93.37014029746831,103.173828125,57.47481155395508,121.37013244628906,178.84494018554688,42.831695556640625,129.42276000976562,264.0213623046875,464.86199951171875,901.1378173828125
MY_0p5_1.7500_110.2500,110.25,1.75,2008-08-01,2008,8,315.6900075848183,93.49611559781162,104.18878916368126,66.54944953306475,126.51223893599078,193.06168124764997,42.77341960968181,129.1756386986391,263.1236467820438,461.508319385549,896.5810351040274
MY_0p5_1.7500_110.7500,110.75,1.75,2008-08-01,2008,8,348.0223263827237,92.7337750521573,110.930615234375,73.42936935424804,112.92768325805662,186.3570526123047,42.78182735443115,129.26800003051756,263.71251373291017,464.35597076416013,900.1183380126953
MY_0p5_1.7500_111.2500,111.25,1.75,2008-08-01,2008,8,349.5075191437252,89.99133191789898,109.82997723956441,67.2232600012491,132.1276802240416,199.35094022529069,42.8355530849723,129.38602642680326,263.7167944619822,463.4263068620549,899.3647035110829
MY_0p5_1.7500_111.7500,111.75,1.75,2008-08-01,2008,8,367.34790454333336,87.095012519933,104.89378885679605,62.33046238331853,137.77884413320803,200.10930556285228,42.812581895272935,129.2644953667363,263.1978526055058,461.3499110740951,896.6248586147643
MY_0p5_1.7500_112.2500,112.25,1.75,2008-08-01,2008,8,389.02803771003846,85.41224626813616,106.66991240486266,75.8411642407614,153.55750175354973,229.39866236126613,42.812139977349176,129.2212456597222,262.83548148018974,459.4262141152033,894.2950887044271
MY_0p5_1.7500_112.7500,112.75,1.75,2008-08-01,2008,8,409.5447610522073,86.1416541932121,110.69804893372552,89.87876729813831,177.84876214890252,267.72752491784473,42.888624851287354,129.43912159753225,263.1708948528956,459.5211653452071,895.0198003859748
MY_0p5_1.7500_113.2500,113.25,1.75,2008-08-01,2008,8,428.79595075334817,88.99662693568636,115.59689057365296,82.7601097470238,170.11963752867683,252.87974558027963,42.86061293586852,129.3587437705388,263.0122170100136,459.20148082914807,894.4330392020088
MY_0p5_1.7500_113.7500,113.75,1.75,2008-08-01,2008,8,393.2646135602679,91.10359855530754,119.72110118563212,70.45026742844355,148.37181277804902,218.8220757862878,42.74224417550223,128.9884484185113,262.1428951202877,456.9629700675843,890.8365513392857
MY_0p5_1.7500_114.2500,114.25,1.75,2008-08-01,2008,8,314.3519864521329,91.79183255150205,123.33431854248047,58.96137317475818,113.95062812926278,172.91200401669457,42.557702346075146,128.47721170092385,261.2546777149987,455.49596441359745,887.785550362723
MY_0p5_1.7500_114.7500,114.75,1.75,2008-08-01,2008,8,256.71470602559305,91.99487110987845,121.80663631617097,39.20417868658669,89.73322560997205,128.9374048104558,42.320658253882215,127.76596713683766,259.76339073378807,452.10164108671677,881.9516566775624
MY_0p5_2.2500_101.7500,101.75,2.25,2008-08-01,2008,8,221.61589358551333,112.74359046088327,117.77573225233287,15.959517652338201,16.877652640294546,32.83717041786271,41.30333528615008,124.59424637303209,254.1649532125454,444.9207443083176,864.9832862314553
MY_0p5_2.2500_102.2500,102.25,2.25,2008-08-01,2008,8,219.20595736708938,109.6393768091521,114.69696625339927,16.756517661245244,30.03313684235349,46.789655092230255,41.139959837261,123.90508803226162,252.3708542089143,440.48928993626646,857.9051922519812
MY_0p5_2.2500_102.7500,102.75,2.25,2008-08-01,2008,8,223.6427928103676,109.42851047274434,115.58040913449057,23.41383714313749,41.17786249329772,64.59169905698754,41.453222250636614,124.90302735340745,254.88287643239465,447.3390971316567,868.5782030322885
MY_0p5_2.2500_103.2500,103.25,2.25,2008-08-01,2008,8,228.64532068646142,108.34310227651444,113.79923398456876,23.497871217273527,41.89511213756743,65.39298180474175,41.743899572463256,125.98802209278891,257.08453495086184,450.9506005665613,875.7670476035466
MY_0p5_2.2500_103.7500,103.75,2.25,2008-08-01,2008,8,232.28295210498874,110.28319192660058,112.70561906200344,41.08012176125737,33.44670273085772,74.52682435633771,41.54166017952611,125.39191268662275,256.20152070643536,450.094415490102,873.2295062566208
MY_0p5_2.2500_104.2500,104.25,2.25,2008-08-01,2008,8,232.10797503711734,111.58790352674036,115.87903393201593,58.40362479469994,26.24862201154725,84.65224772051347,42.040447203580996,127.30680204028926,260.53123234520274,459.1162997159091,888.9947620738637
MY_0p5_2.2500_104.7500,104.75,2.25,2008-08-01,2008,8,219.6632843017578,112.4518051147461,,,,,,,,,
MY_0p5_2.2500_109.7500,109.75,2.25,2008-08-01,2008,8,254.63115864415323,93.43347143357799,,,,,,,,,
MY_0p5_2.2500_111.2500,111.25,2.25,2008-08-01,2008,8,310.9227072000504,87.54056218266489,99.39444104362936,42.16923651975743,115.48817948734059,157.6574179705451,42.7469035877901,129.17063948687385,263.5546529433306,464.03449069752406,899.5066752714268
MY_0p5_2.2500_111.7500,111.75,2.25,2008-08-01,2008,8,330.84553493923613,85.92509135897197,100.15609695192367,44.69437112959605,124.71998879568919,169.4143606034536,42.781288171192955,129.25829671223957,263.6500054253472,463.92367912171375,899.6132694304935
MY_0p5_2.2500_112.2500,112.25,2.25,2008-08-01,2008,8,372.5609589107453,84.63643529982794,102.8020773266989,66.7801039438399,160.600970023019,227.38106955876427,42.86888574267191,129.45389360700335,263.6617859855531,462.40992034427705,898.3944913349453
MY_0p5_2.2500_112.7500,112.75,2.25,2008-08-01,2008,8,407.93360527886284,84.96526409330822,107.03118513803634,100.66766759478855,192.03089904785153,292.6985629611545,42.91658667912559,129.55152660551525,263.5837144639757,461.00952448769215,897.0613445948038
MY_0p5_2.2500_113.2500,113.25,2.25,2008-08-01,2008,8,436.31059085906503,87.44402187286863,113.81268509153337,94.92322964138455,187.8090994214255,282.7323314848401,42.90493940323118,129.50771523127483,263.4479573567708,460.6005587138828,896.4611725337923
MY_0p5_2.2500_113.7500,113.75,2.25,2008-08-01,2008,8,395.48187449008606,88.8300130578536,116.75899672206444,70.54466813727271,141.91913278797006,212.46380344825457,42.604991936985456,128.5649135927611,261.19852708261226,454.68135090115703,887.0497782260559
MY_0p5_2.2500_114.2500,114.25,2.25,2008-08-01,2008,8,299.70036553276907,90.04687124585348,120.55648614792595,57.476887899731835,101.29500366695343,158.77189190576948,42.42096735636393,128.06051236107237,260.3459430028522,453.38526039729044,884.2126739986359
MY_0p5_2.2500_114.7500,114.75,2.25,2008-08-01,2008,8,240.27924051592433,90.93116361556515,119.90200453727479,44.73693300062611,73.7157719273721,118.45270498952559,42.180593478295116,127.37005152548514,259.0292604507939,450.79420126638115,879.3741008143272
MY_0p5_2.2500_115.2500,115.25,2.25,2008-08-01,2008,8,220.63197326660156,91.10279846191406,116.62696075439453,37.51191329956055,67.46951293945312,104.98143005371094,42.019412994384766,126.93077087402344,258.3628234863281,450.1286315917969,877.441650390625
MY_0p5_2.7500_101.2500,101.25,2.75,2008-08-01,2008,8,226.8540802001953,109.73210906982422,115.14181518554688,19.124034881591797,24.385217666625977,43.509254455566406,41.788230895996094,126.41863250732422,258.3223571777344,454.02239990234375,880.5516357421875
MY_0p5_2.7500_101.7500,101.75,2.75,2008-08-01,2008,8,214.16678116169382,107.29189946954901,102.58880390514025,18.577153660167347,39.15670597423206,57.73385958584871,41.53578914295542,125.52174724232067,255.83122769442468,447.09373157848006,869.9825002219461
MY_0p5_2.7500_102.2500,102.25,2.75,2008-08-01,2008,8,210.42633916769816,105.51523497757638,114.44399936943296,12.686928639746016,30.50169456384744,43.18862242000119,41.71982344852132,126.03220741612137,256.62915082797883,447.28931052821457,871.670500737087
MY_0p5_2.7500_102.7500,102.75,2.75,2008-08-01,2008,8,207.7427979481371,106.24845487860185,115.58638454388968,22.823782727688176,33.508301602134225,56.33208337614807,42.172095986861216,127.56670918042146,260.71699070025096,459.2237003181554,889.6794968617113
MY_0p5_2.7500_103.2500,103.25,2.75,2008-08-01,2008,8,206.70205843980145,107.9223031936937,109.45722776765277,29.362414463310486,30.243122914794142,59.605536466950824,41.14928091255722,123.89077907003416,253.08877247609905,444.87013681982734,862.9989785358405
MY_0p5_2.7500_103.7500,103.75,2.75,2008-08-01,2008,8,209.13041872770893,110.64285507202148,106.33341206493466,33.737477122363956,17.329572053548926,51.06704968571113,40.20778344853134,120.57686179024834,246.47264169438094,433.3043921685988,840.5616840415287
MY_0p5_2.7500_104.2500,104.25,2.75,2008-08-01,2008,8,214.51039864035212,111.87006075241987,117.16636657714844,44.563079833984375,18.958189010620117,63.521270751953125,42.06438446044922,127.38204193115234,260.7662353515625,460.107666015625,890.3203125
MY_0p5_2.7500_111.2500,111.25,2.75,2008-08-01,2008,8,294.17064524683457,86.39690457048087,98.64230974982766,52.37617840486414,110.019391003777,162.39557557947495,42.6360860712388,128.83103000416477,262.7919500014361,462.06231420180376,896.3213806152343
MY_0p5_2.7500_111.7500,111.75,2.75,2008-08-01,2008,8,324.61635914786916,85.41565938855781,99.75631914467647,53.12523726759286,123.03596661008636,176.16120555483062,42.69685575879853,128.99406906654096,263.0368387945767,462.28928138469826,897.0170480136212
MY_0p5_2.7500_112.2500,112.25,2.75,2008-08-01,2008,8,373.9141683457772,84.84313061871106,103.68354311625163,80.06558502197265,160.5231347147624,240.5887132263184,42.828836263020825,129.32606694539388,263.39272033691407,461.8866514078776,897.4342822265625
MY_0p5_2.7500_112.7500,112.75,2.75,2008-08-01,2008,8,417.6257593661924,85.67665387407133,108.65355882765371,115.23823687396472,194.4554375274272,309.69367420824267,42.927606993083714,129.5688492014438,263.5991292060176,461.18424418002746,897.2798349887511
MY_0p5_2.7500_113.2500,113.25,2.75,2008-08-01,2008,8,452.08908158559643,87.6510014851888,115.70190541100881,112.91391376313709,206.94142475430928,319.85533805726067,42.971889810713506,129.68165152413502,263.7185067313058,460.9798584953187,897.351906815786
MY_0p5_2.7500_113.7500,113.75,2.75,2008-08-01,2008,8,408.76978015292224,88.75042484064771,120.03492782981533,85.03593119238592,166.98591827586955,252.0218465039684,42.736432907687636,128.94158804340728,261.95168445368483,456.3764618308681,890.0061690215092
MY_0p5_2.7500_114.2500,114.25,2.75,2008-08-01,2008,8,304.2277177255365,89.15940381303619,121.6060386367991,63.977093612091444,118.19153411478936,182.16863130014153,42.54222865044316,128.38352377203444,260.850893431072,454.129962679706,885.9065965097161
MY_0p5_2.7500_114.7500,114.75,2.75,2008-08-01,2008,8,238.4071810291072,92.03637131612012,121.95664297699167,61.698107203100896,87.25296042375504,148.95106805206106,42.418549519435615,128.1036095831804,260.69311844163633,455.0967548151685,886.3120103580934
MY_0p5_2.7500_115.2500,115.25,2.75,2008-08-01,2008,8,220.03355091541735,91.78944135786178,114.16703129673863,32.40490348059851,75.01311657879803,107.41802387409382,41.961373165921046,126.70943746480854,257.6670070338893,447.86472519883165,874.2025344436233
MY_0p5_3.2500_101.2500,101.25,3.25,2008-08-01,2008,8,223.63152567545578,106.40972927108348,120.39370519734543,21.691976933163893,37.8929858671552,59.58496470766772,42.06713111669637,127.21942664120448,259.8113943612065,456.64859186907216,885.7465566197258
MY_0p5_3.2500_101.7500,101.75,3.25,2008-08-01,2008,8,202.1799616399801,99.93858451600289,102.27429998604357,20.032308633160444,58.590375201717315,78.62268393206749,41.77209290425489,126.11953225105432,256.4361737002233,445.9418100733666,870.2696064748584
MY_0p5_3.2500_102.2500,102.25,3.25,2008-08-01,2008,8,199.78072238498265,102.36038719056144,113.85414842878068,15.869575706360832,34.6430041237483,50.51258049616738,42.0799081469339,127.20939670138888,259.5651902940538,455.3105959937686,884.1650816902282
MY_0p5_3.2500_102.7500,102.75,3.25,2008-08-01,2008,8,195.88025607338434,103.32685699945763,114.06385465211507,25.7029262373719,39.521553462064716,65.22448047203355,42.30043803589253,127.96194330046448,261.5933333771138,461.3401514367212,893.1958801655828
MY_0p5_3.2500_103.2500,103.25,3.25,2008-08-01,2008,8,189.27943226568863,105.59389679750323,104.81755026155653,32.732779263673464,38.621536105774126,71.35431659959427,40.53650898886814,121.55144751732047,248.57460086586423,438.4753757936558,849.1379511830085
MY_0p5_3.2500_112.2500,112.25,3.25,2008-08-01,2008,8,379.45914442274307,85.691084628635,104.64996185302734,85.01711714002822,161.3973141140408,246.4144280327691,42.819409688313804,129.2940643310547,263.3216383192275,461.74943237304683,897.1845513237847
MY_0p5_3.2500_112.7500,112.75,3.25,2008-08-01,2008,8,433.94291637789814,87.57096296741115,112.69561542448452,117.71904310632925,185.02016398945793,302.73920628281894,42.91554322789927,129.5432475355805,263.6177463218814,461.6110614714075,897.6876005579213
MY_0p5_3.2500_113.2500,113.25,3.25,2008-08-01,2008,8,478.2489830533365,90.02183317600335,120.5834605477073,115.72200448585279,189.44445292154947,305.1664501536976,42.91105309399692,129.52679177486536,263.5376500216397,461.17451407692647,897.1499959772283
MY_0p5_3.2500_113.7500,113.75,3.25,2008-08-01,2008,8,432.15535152374747,90.8425576588464,122.97547391861204,104.27667480953156,185.5758133176773,289.85248384021577,42.885718173072455,129.42119411892358,263.15434144035214,459.810362219432,895.2716006324404
MY_0p5_3.2500_114.2500,114.25,3.25,2008-08-01,2008,8,324.8783756912134,91.83849942152666,123.23267294039393,70.86749495974011,147.0533559033825,217.92084780164586,42.654069961256276,128.68859192672048,261.3621995282021,454.88753718479416,887.5923975075885
MY_0p5_3.2500_114.7500,114.75,3.25,2008-08-01,2008,8,250.78271479515516,95.42206408263772,129.04273598057452,52.910937880254856,102.29252797023507,155.2034655285489,42.58448977379283,128.57596750927584,261.6321891250125,457.26325182094695,890.055904509915
MY_0p5_3.2500_115.2500,115.25,3.25,2008-08-01,2008,8,218.73976053165484,93.80895368358756,112.39044044591202,30.142606173889547,78.61608529392676,108.75868903534322,41.88529503496387,126.45697390882272,257.0046010077754,445.93318543253065,871.2800493843947
MY_0p5_3.2500_115.7500,115.75,3.25,2008-08-01,2008,8,209.20877812417703,92.7878425683868,107.77679117609945,36.09908551848336,101.28968922475751,137.38877525758207,42.251820296383976,127.60107439019707,259.6626648635007,452.7506415549289,882.266186660595
MY_0p5_3.7500_100.7500,100.75,3.75,2008-08-01,2008,8,280.0871887207031,99.63971710205078,121.18533325195312,26.20511817932129,60.84576416015625,87.0508804321289,42.444435119628906,128.35366821289062,262.2422180175781,462.3247985839844,895.3651123046875
MY_0p5_3.7500_101.2500,101.25,3.75,2008-08-01,2008,8,242.8604499577407,98.8563883512923,120.06102320600095,26.672865667003645,73.56350959851903,100.23637679016706,42.41922624211482,128.14762300657995,261.17490374617597,457.90893465801344,889.650652542855
MY_0p5_3.7500_101.7500,101.75,3.75,2008-08-01,2008,8,219.643822333392,94.0107038704453,108.8041007898416,17.670092467289827,70.45641066921745,88.12650459435336,42.16463064691823,127.25801912538567,258.6384259849597,449.90846262160386,877.9695255741194
MY_0p5_3.7500_102.2500,102.25,3.75,2008-08-01,2008,8,219.79401501852368,95.59102119566901,110.27966928633431,19.8134403410412,61.42935863676525,81.242798699273,42.30974767775763,127.81939285520521,260.44673616923984,455.9808055090526,886.5566574823288
MY_0p5_3.7500_102.7500,102.75,3.75,2008-08-01,2008,8,212.46137273879276,99.53904028998481,109.048394484747,31.839677816724024,65.44705951024615,97.28673529246497,42.467208898635135,128.39015304323226,262.1217211526537,461.32540118505074,894.3045109824529
MY_0p5_3.7500_103.2500,103.25,3.75,2008-08-01,2008,8,198.2537281294743,101.93864836065893,104.08622125363819,41.586699377321736,72.54514032999674,114.13184066473269,42.001452202890434,126.70830514945236,258.78525019626994,455.68301427504593,883.1780204024969
MY_0p5_3.7500_113.2500,113.25,3.75,2008-08-01,2008,8,492.05038785934454,92.72666859626771,122.06989400894916,102.25857844118212,159.18749649798283,261.446065933978,42.73365671126569,129.0266483494493,262.6464343461834,459.76914702868856,894.1759093237705
MY_0p5_3.7500_113.7500,113.75,3.75,2008-08-01,2008,8,434.65690874812583,94.45371241493831,120.8398787612668,91.77775188557152,156.50983648701393,248.2875863973377,42.68832064137876,128.88373508885454,262.3145710472922,458.90363161154943,892.7902693763906
MY_0p5_3.7500_114.2500,114.25,3.75,2008-08-01,2008,8,329.8927039241484,95.74474002898685,122.88628024146671,65.32255443996854,126.35823795379154,191.6807886517237,42.54770765758696,128.46906079489085,261.4693603515625,457.1380334278894,889.6241720532615
MY_0p5_3.7500_114.7500,114.75,3.75,2008-08-01,2008,8,264.4638011629619,97.77752838134766,130.63068898518878,43.823255599491176,76.89535338386656,120.71860874720981,42.358902449834915,127.9266112070235,260.48434380425346,455.6257777622768,886.3956054687499
MY_0p5_3.7500_115.2500,115.25,3.75,2008-08-01,2008,8,228.11279558454237,93.94816315666077,112.71271289643786,28.400812245929053,76.26876835898747,104.66958279079861,41.88863301352849,126.45868801540799,256.9505717928447,445.62344515361485,870.9213342091393
MY_0p5_3.7500_115.7500,115.75,3.75,2008-08-01,2008,8,214.1211054959743,91.5040452806212,107.92123841210234,41.431417780814414,106.01483104897918,147.4462514095169,42.22725504593883,127.49779131772708,259.2659354450034,451.1300494516496,880.1210379840659
MY_0p5_4.2500_100.7500,100.75,4.25,2008-08-01,2008,8,289.1606544494629,97.44981696662003,118.40911015101844,32.54901615064972,105.5753019994619,138.1243248141542,42.636668115732625,128.84129856654576,262.84992052973536,462.35567888532375,896.6835237464126
MY_0p5_4.2500_101.2500,101.25,4.25,2008-08-01,2008,8,274.9811451638392,91.02517792525565,109.37079270478266,38.01154120864383,122.8879421015454,160.89948435497894,42.569394239194835,128.40798177536888,260.7647354223166,453.7518833427673,885.4939707373359
MY_0p5_4.2500_101.7500,101.75,4.25,2008-08-01,2008,8,265.8144508178292,91.42103476722401,109.92151410282611,24.50674508554867,91.11893392447087,115.6256760911058,42.548280392972806,128.47669500283922,261.6118356137992,458.1674985062962,890.8042932089907
MY_0p5_4.2500_102.2500,102.25,4.25,2008-08-01,2008,8,265.09035645506253,95.76768344964464,106.25141528924816,26.46032173717365,95.18791369355907,121.64823625948485,42.60937201405486,128.69395402902234,262.2214547544242,459.9973240081495,893.5221395766774
MY_0p5_4.2500_102.7500,102.75,4.25,2008-08-01,2008,8,252.1481287281984,97.3788681273248,99.15994406050177,31.9830204301579,97.09314866278582,129.07616541188236,42.55056926702998,128.47761190620957,261.47468722398116,457.1144081650266,889.6172907155031
MY_0p5_4.2500_103.2500,103.25,4.25,2008-08-01,2008,8,226.30955505371097,102.15638653160389,97.60000150461231,33.935768765439555,80.3786293853866,114.31439650266427,42.49511313355343,128.44696161888203,262.15302109136815,460.97825638508544,894.0733814837624
MY_0p5_4.2500_113.7500,113.75,4.25,2008-08-01,2008,8,370.6143006824311,99.00699777314158,117.91597387925634,57.75230443702554,98.13911841050634,155.89141946468712,42.2395885755431,127.56781610452903,259.71159708274985,453.6566245600862,883.1756194492557
MY_0p5_4.2500_114.2500,114.25,4.25,2008-08-01,2008,8,318.2023735525219,99.74972560691097,120.45946859116724,47.255141107271996,91.36735408002345,138.6224914904267,42.23628170057614,127.57198899316973,259.79258557176036,454.0932738550842,883.6941099424621
MY_0p5_4.2500_114.7500,114.75,4.25,2008-08-01,2008,8,278.2577754720053,100.30640879313152,128.79138799031577,53.56983716328939,72.68676762898762,126.2566087849935,42.195448939005544,127.45454640706382,259.55512410481776,453.64494140625004,882.8500504557293
MY_0p5_4.2500_115.2500,115.25,4.25,2008-08-01,2008,8,245.915347788069,98.0097055170271,119.6280093987783,25.240985287560356,58.62501552369859,83.86600115564134,41.64087373680538,125.68436151080662,255.14988607830472,441.14744091033936,863.6225770314534
MY_0p5_4.2500_115.7500,115.75,4.25,2008-08-01,2008,8,232.80594503111763,93.9315271151268,108.30033843476895,38.10026065373825,89.63476045252914,127.73501879158668,42.125576083942995,127.16955380197301,258.40717204465705,448.55444263522924,876.2567705574684
MY_0p5_4.2500_116.2500,116.25,4.25,2008-08-01,2008,8,238.89164743190864,104.0589320950392,103.52456130051033,61.40479573970889,102.84747207455521,164.25225862642617,42.29948960281,127.67826559485458,259.4538641208556,450.94841356975286,880.3800476818551
MY_0p5_4.2500_116.7500,116.75,4.25,2008-08-01,2008,8,241.56925673291863,110.22995065678062,99.04929091613417,77.16928689328233,90.91755327875217,168.0868404145875,42.261439020234036,127.65311277532855,259.88472364127983,453.5411862059136,883.3404802090861
MY_0p5_4.2500_117.2500,117.25,4.25,2008-08-01,2008,8,243.40469697935393,115.90265723034345,98.23101712117153,78.70616963479371,76.13885714100526,154.8450251216382,42.304477860442304,127.91663782575492,261.13962413146436,458.7200945288734,890.080856728343
MY_0p5_4.2500_117.7500,117.75,4.25,2008-08-01,2008,8,225.8776230771318,117.01454090868307,94.98933511717708,61.42347110846104,70.49107551574708,131.91454122820474,40.95123643141527,122.9389307071001,251.114252726237,441.84437965327857,856.8488140921307
MY_0p5_4.2500_118.2500,118.25,4.25,2008-08-01,2008,8,186.0708950109649,116.79413390577888,88.20584436890427,47.2873928045771,50.39792479982801,97.68531770159487,38.26236389548916,113.09900772191916,230.98446004102183,406.36301708828876,788.7088521969547
MY_0p5_4.2500_118.7500,118.75,4.25,2008-08-01,2008,8,163.07267196090135,117.27634938557941,84.3770751953125,42.910888671875,34.1242561340332,77.03514862060547,36.66077423095703,107.26195526123047,219.08065795898438,385.5035095214844,748.5068969726562
MY_0p5_4.7500_100.2500,100.25,4.75,2008-08-01,2008,8,311.1874186197917,98.42804463704428,,,,,,,,,
MY_0p5_4.7500_100.7500,100.75,4.75,2008-08-01,2008,8,302.77068436853426,93.78713334911932,113.28212871396445,25.724464106365915,89.53703199557172,115.26149228724037,42.346655093557466,127.80367765969376,259.8510510204284,453.07907724768165,883.0804406142815
MY_0p5_4.7500_101.2500,101.25,4.75,2008-08-01,2008,8,298.4078492245432,85.67146003359841,99.84825894794766,33.993283032614094,121.84404299297029,155.8373319111173,42.50800579010494,128.16283193921288,259.92764117528526,450.76238684275796,881.3608530195934
MY_0p5_4.7500_101.7500,101.75,4.75,2008-08-01,2008,8,290.4752391645103,89.82512391105533,102.55965794154577,30.71310279482887,106.05996062263608,136.77305758037267,42.60326149350121,128.60291660853798,261.6475235227555,457.3481900654142,890.2019011966769
MY_0p5_4.7500_102.2500,102.25,4.75,2008-08-01,2008,8,279.29553774879093,95.22461736769903,94.94803110758464,40.65585109165737,123.99994601295109,164.65580240885419,42.72181327456519,128.95118350074404,262.27101324172247,458.2041509719122,892.1481741768973
MY_0p5_4.7500_102.7500,102.75,4.75,2008-08-01,2008,8,260.04208476072654,98.14570807195771,90.52738811711596,46.82771532095161,123.0569863531999,169.88470230588482,42.7364859368391,129.04264326156323,262.6632261822937,459.64850903164796,894.0908498581806
MY_0p5_4.7500_103.2500,103.25,4.75,2008-08-01,2008,8,234.20730127994486,104.09334194126416,86.80283687915312,43.61337453412834,97.65106609386713,141.2644401916279,41.11658528458149,123.28501506397208,251.1918410973356,440.0585472416615,855.6519619987461
MY_0p5_4.7500_103.7500,103.75,4.75,2008-08-01,2008,8,217.44111954538445,107.384033203125,79.42584268148843,29.23336697863294,48.78185876623377,78.01522420907949,37.199565590202035,109.18776048932757,222.88020166174155,391.6649403757863,760.9324673739346
MY_0p5_4.7500_113.7500,113.75,4.75,2008-08-01,2008,8,292.1995849609375,101.43375396728516,,,,,,,,,
MY_0p5_4.7500_114.2500,114.25,4.75,2008-08-01,2008,8,292.1995849609375,103.06046485900879,123.05655670166016,47.512657165527344,62.56220245361328,110.07485961914062,42.079524993896484,127.15950775146484,259.193115234375,453.5813903808594,882.0135498046875
MY_0p5_4.7500_114.7500,114.75,4.75,2008-08-01,2008,8,278.4660897203671,107.07627360026044,132.55714802075457,63.32930288007183,77.73971852948588,141.06901550292972,42.244097350746074,127.60708790440715,259.8990514611685,454.48499257077447,884.2352163663475
MY_0p5_4.7500_115.2500,115.25,4.75,2008-08-01,2008,8,251.71147982279453,107.17367605368294,133.15604599316916,39.03652957081794,68.28701039155324,107.3235388000806,41.995063543319695,126.73140505949655,257.28806328773493,445.85982529322297,871.8743368784585
MY_0p5_4.7500_115.7500,115.75,4.75,2008-08-01,2008,8,238.8363301595052,102.3086441040039,118.21279805501301,28.215120636470733,67.69475698319692,95.90987711104134,41.894198487296926,126.42938716827877,256.7103324769035,444.81843348911826,869.852359250992
MY_0p5_4.7500_116.2500,116.25,4.75,2008-08-01,2008,8,235.75496293325264,104.57208922855435,114.08212919689355,40.9037256997729,75.735305640811,116.63903471931577,42.14708181714254,127.23646404932416,258.65140371171253,449.7810512966579,877.8159977988589
MY_0p5_4.7500_116.7500,116.75,4.75,2008-08-01,2008,8,240.92695989488044,108.13905636268326,104.2964457982703,55.75308605387241,72.57516525365129,128.3282498709763,41.97693175303785,126.77124458023266,257.85371234748936,448.37794330452056,874.9798303917993
MY_0p5_4.7500_117.2500,117.25,4.75,2008-08-01,2008,8,256.23397158668155,111.64940190390935,97.06597682407924,68.98162887815447,66.81326412624783,135.79489082457525,41.88110602242606,126.54424089704241,257.6453910706535,448.5847427610367,874.6554786318824
MY_0p5_4.7500_117.7500,117.75,4.75,2008-08-01,2008,8,233.19571019426175,114.91206678559507,96.22427665131,54.305692141569104,55.27038653892806,109.57607957381236,41.913892673540715,126.67545183399056,258.14073973064177,450.5899253555491,877.3200293432309
MY_0p5_4.7500_118.2500,118.25,4.75,2008-08-01,2008,8,185.74377380064385,117.58654106561863,98.73299948534176,46.571695337343456,47.60649187480985,94.17818493100268,42.00834362470924,127.00638472974002,259.10881142161,453.77410213911355,881.8976428161315
MY_0p5_4.7500_118.7500,118.75,4.75,2008-08-01,2008,8,155.29788111433197,118.7679914643493,104.19797206830373,47.05852836898611,38.74350914774062,85.80203594738923,42.04527755930454,127.16981882988654,259.7332906602304,456.16696707810024,885.1153610808939
MY_0p5_5.2500_100.2500,100.25,5.25,2008-08-01,2008,8,322.096857324501,98.12718818091246,62.709320068359375,23.86214828491211,74.52745056152344,98.38959503173828,28.415802001953125,76.98463439941406,156.51495361328125,273.3780517578125,535.29345703125
MY_0p5_5.2500_100.7500,100.75,5.25,2008-08-01,2008,8,316.47390338174654,93.68844387199306,112.08088508693652,32.33928939117783,102.4362977126549,134.77558328913548,41.69794735963317,125.29583161452723,254.5008972869522,443.0446503737877,864.5393487338363
MY_0p5_5.2500_101.2500,101.25,5.25,2008-08-01,2008,8,307.7235066731771,87.98314889574807,106.02015991210936,47.33163146972656,140.17162838890437,187.50326203845796,42.74114102560375,128.90850917271203,261.65909995427205,455.03493439205107,888.3437021406869
MY_0p5_5.2500_101.7500,101.75,5.25,2008-08-01,2008,8,286.9636957448001,91.1559801769864,105.55281258844269,45.9914716125294,126.7309887879973,172.72245744838838,42.83238536081497,129.3315971034348,263.32035681852113,461.4718568643947,896.9561893924789
MY_0p5_5.2500_102.2500,102.25,5.25,2008-08-01,2008,8,257.48265138856925,101.89241001104853,96.74112611515507,43.18547873284406,115.52139267648101,158.70686938048928,42.55105809497226,128.41355074742796,261.8199564939851,460.1640908794039,892.9486527169585
MY_0p5_5.2500_102.7500,102.75,5.25,2008-08-01,2008,8,231.96811305738817,104.16228166811025,87.92880316265558,52.91282229665982,115.63097386764268,168.54380071607687,41.70405281196206,125.34200061862751,255.43625405521715,448.2127814858646,870.6950813940016
MY_0p5_5.2500_103.2500,103.25,5.25,2008-08-01,2008,8,217.29525971589268,108.44326499656395,91.13101652071074,71.13701362114449,121.70260610208882,192.8396198718579,42.637262938858626,128.79118510654996,262.65282281652674,461.4154034899427,895.4966739803166
MY_0p5_5.2500_115.2500,115.25,5.25,2008-08-01,2008,8,240.30828734367125,112.96892375330773,133.5281129430552,35.64440448948594,48.11366731612409,83.75806902275711,41.691764831542976,125.80656820828798,255.4591994989114,443.2750414238602,866.2325579533812
MY_0p5_5.2500_115.7500,115.75,5.25,2008-08-01,2008,8,233.82265138147667,111.8995228296594,126.15615917141153,19.24144813408286,35.75118493548894,54.99263275922355,41.400962053719205,124.88516951738777,253.31565081062962,438.0157876224841,857.6175586765094
MY_0p5_5.2500_116.2500,116.25,5.25,2008-08-01,2008,8,228.38896377177178,108.72020624860933,120.12013920651208,29.17186088803448,64.04597456243974,93.21783461751815,42.06737298603299,127.05583301978777,258.5908730422394,450.903342331512,878.6174171544328
MY_0p5_5.2500_116.7500,116.75,5.25,2008-08-01,2008,8,245.45881773550298,111.03663316557677,114.51450782486152,55.091569007197506,100.7794470243816,155.87101175815243,42.35497969615308,127.92952119851414,260.40249913855445,454.4489056551004,885.1359189190442
MY_0p5_5.2500_117.2500,117.25,5.25,2008-08-01,2008,8,290.2127222454737,116.12488677009704,109.07508341471355,69.2513193039667,102.76816035679407,172.01947292751737,42.38691342066205,128.05689021519254,260.82606927780876,455.9075056772383,887.1773856026786
MY_0p5_5.2500_117.7500,117.75,5.25,2008-08-01,2008,8,268.47166612413196,118.4980965508355,103.5345684717572,59.51005161830358,72.08210303896949,131.59215252588663,42.22093755328466,127.60627640012711,260.16219123961434,455.4882250589038,885.4776307121156
MY_0p5_5.2500_118.2500,118.25,5.25,2008-08-01,2008,8,191.83252070500302,119.48771541133809,101.51020018462162,47.938329538721945,39.289400422649024,87.22772680877878,42.01761599255215,127.04502951263623,259.2527443466672,454.3972561587193,882.7126350159856
MY_0p5_5.2500_118.7500,118.75,5.25,2008-08-01,2008,8,147.0693130493164,119.45089978414869,106.76313548617892,43.4348594877455,28.395429531733193,71.83028888702393,41.97400575213962,126.96080780029297,259.32585440741644,455.42289013332794,883.6835810343425
MY_0p5_5.2500_119.2500,119.25,5.25,2008-08-01,2008,8,137.13818359375,120.04350149972097,109.4065933227539,42.651817321777344,26.578954696655273,69.23077392578125,41.972835540771484,126.97594451904297,259.4575500488281,456.05926513671875,884.4656372070312
MY_0p5_5.7500_100.2500,100.25,5.75,2008-08-01,2008,8,339.47471948572104,101.27082292024079,95.7325071282343,49.998348936028435,126.99969748400768,176.99803861565547,36.13162402931704,104.91898443939489,213.65812207143242,375.1891196714629,729.8978775444381
MY_0p5_5.7500_100.7500,100.75,5.75,2008-08-01,2008,8,329.2468993171813,98.23748977903335,109.52881573994952,41.69763907114665,129.55912974039714,171.25676544189452,41.064733734130854,122.84342987060546,250.00513397216795,438.0105992635091,851.9239052327475
MY_0p5_5.7500_101.2500,101.25,5.75,2008-08-01,2008,8,314.6020095705048,95.5400780204713,114.35366502897008,54.90667829738828,142.27090430071974,197.17758220762718,42.9159399768499,129.5184221643163,263.34763810766026,460.2345349169154,896.0165566271685
MY_0p5_5.7500_101.7500,101.75,5.75,2008-08-01,2008,8,281.1343528747559,99.22917881011962,114.42659015655519,58.04555422465007,112.28535890579226,170.33091259002686,42.7360692024231,129.0879689534505,262.93278401692714,460.84812037150067,895.6049341837565
MY_0p5_5.7500_102.2500,102.25,5.75,2008-08-01,2008,8,233.55255523094763,110.34315265753331,104.29782135318023,42.106817303281844,59.81573815137047,101.92255320693506,41.57995261246909,125.17935399013737,255.38153035070755,448.66184663612034,870.802679505011
MY_0p5_5.7500_102.7500,102.75,5.75,2008-08-01,2008,8,210.76947492327008,109.33219550419778,79.81285095214844,35.145782470703125,52.69544219970703,87.84122467041016,36.134300231933594,105.27824401855469,214.67291259765625,376.7607727050781,732.8462524414062
MY_0p5_5.7500_103.2500,103.25,5.75,2008-08-01,2008,8,204.5778045654297,111.76130676269531,,,,,,,,,
MY_0p5_5.7500_115.2500,115.25,5.75,2008-08-01,2008,8,228.44620107014978,115.94632848103842,134.94444274902344,28.943714141845703,22.636754989624023,51.580467224121094,42.11180877685547,127.40799713134766,260.44622802734375,458.68292236328125,888.64892578125
MY_0p5_5.7500_115.7500,115.75,5.75,2008-08-01,2008,8,220.28911857370952,113.75190842517316,124.3188210623605,23.02710260663714,38.70536789667039,61.73246859595889,41.67025891258603,125.9283424014137,256.52028111049106,447.3112022763207,871.4300833565848
MY_0p5_5.7500_116.2500,116.25,5.75,2008-08-01,2008,8,208.81295936221167,108.64270876929872,116.59066830589656,23.55571482219393,57.37491639152406,80.93062799847314,41.62383443438817,125.69994719974578,255.56025671580477,443.49171946692087,866.3757678803943
MY_0p5_5.7500_116.7500,116.75,5.75,2008-08-01,2008,8,229.16334097726,108.23870428176151,113.08364715576171,48.59565725780669,102.98627232142857,151.58192405095173,42.27465546623109,127.6434553842696,259.57391120062937,452.00394161163814,881.4959699358259
MY_0p5_5.7500_117.2500,117.25,5.75,2008-08-01,2008,8,285.1177401858549,117.97712274304699,115.38919012027584,82.55661010742188,117.5915031072093,200.1481095082376,42.75697568538437,129.20834235061983,263.49824432469313,463.1050745245034,898.5686202665985
MY_0p5_5.7500_117.7500,117.75,5.75,2008-08-01,2008,8,274.65202481708826,122.38344980875654,111.11743502008835,94.04165756942443,71.98759194188472,166.0292492040852,42.53341754170873,128.65079866959746,262.939126033911,463.9474416643181,898.0707889019244
MY_0p5_5.7500_118.2500,118.25,5.75,2008-08-01,2008,8,204.19956791121075,122.42916199366252,107.20870883517796,85.50707967122398,38.10049285888672,123.60756930881077,42.20270104302301,127.6941916232639,261.09148261176216,460.13544854058165,891.1238343641495
MY_0p5_5.7500_118.7500,118.75,5.75,2008-08-01,2008,8,149.130065037654,121.84877865131087,106.02986145019531,79.92398834228516,31.128019332885742,111.052001953125,42.099884033203125,127.38497924804688,260.4273681640625,458.52032470703125,888.4325561523438
MY_0p5_6.2500_99.7500,99.75,6.25,2008-08-01,2008,8,376.6586070341222,112.01617431640624,128.42057019610735,81.56935314799465,130.36485184070676,211.93420019815133,42.89638696714889,129.61819777377815,264.3599484465843,465.2495017827943,902.1240191792334
MY_0p5_6.2500_100.2500,100.25,6.25,2008-08-01,2008,8,357.41325747966766,106.93007728457451,116.6969169772401,58.779369743502855,144.4085325902822,203.18789766272715,41.114153274224726,123.0229137809909,250.73307108976402,441.10383425342786,855.9739853216677
MY_0p5_6.2500_100.7500,100.75,6.25,2008-08-01,2008,8,339.58766085945047,104.58101229870182,112.03769094695457,56.137324314780216,147.33090139263848,203.46822295317781,42.27494346589195,127.20088885097431,258.6447841099331,454.61893678171754,882.7395507341187
MY_0p5_6.2500_101.2500,101.25,6.25,2008-08-01,2008,8,326.8658503605769,103.92537184495193,111.41765653170073,60.012901658278246,141.4791733961839,201.49207317645735,42.83584224994366,129.25854515662562,262.61515268179085,461.1733266977164,895.8828707181492
MY_0p5_6.2500_101.7500,101.75,6.25,2008-08-01,2008,8,257.36173880440845,111.946828351702,112.56155940464564,45.7540289742606,60.73028346470423,106.48431058611187,42.36000627790178,128.02831355503625,261.06930803571424,458.13461739676336,889.5922450474329
MY_0p5_6.2500_102.2500,102.25,6.25,2008-08-01,2008,8,218.89889844258624,115.78889804933128,108.88072967529297,30.607067108154297,19.179931640625,49.7869987487793,41.95597839355469,126.80379486083984,258.4273986816406,452.18231201171875,879.3695068359375
MY_0p5_6.2500_115.7500,115.75,6.25,2008-08-01,2008,8,188.90411064841527,115.13405834544788,129.54647827148438,26.6448917388916,37.381683349609375,64.02657318115234,41.76016616821289,126.23902893066406,257.3085632324219,449.2326965332031,874.5404663085938
MY_0p5_6.2500_116.2500,116.25,6.25,2008-08-01,2008,8,179.65116802014802,112.74573259186326,120.41682766817739,20.600860272210074,36.865094390734704,57.465953322759276,41.48994892809359,125.34547320126437,255.0565068585232,443.26629275687463,865.1582332392621
MY_0p5_6.2500_116.7500,116.75,6.25,2008-08-01,2008,8,186.63865976484993,112.68140808589875,110.92087915814113,28.445228046841088,52.01824895465185,80.46347696213495,41.54992824736095,125.47732914515903,255.09219481453061,442.60683680943083,864.7262958829365
MY_0p5_6.2500_117.2500,117.25,6.25,2008-08-01,2008,8,231.14410502115885,119.98606284005301,111.60607076977925,59.77077891637409,64.93166983468193,124.70244674682617,41.66281831529406,125.57783539787172,256.077290320018,448.67790653289313,871.9958573598709
MY_0p5_6.2500_117.7500,117.75,6.25,2008-08-01,2008,8,246.87381807963058,123.91914828618368,111.81174339606747,73.60725184211955,51.63415750425461,125.24140751710411,41.692177956564386,125.68583009954085,256.8984398200498,452.9100489923131,877.1865138003702
MY_0p5_6.2500_118.2500,118.25,6.25,2008-08-01,2008,8,241.6860248020717,124.68516050066266,113.12991278512136,79.76292201450892,37.82565293993269,117.58857808794293,42.35360935756138,128.20777184622628,262.465200151716,464.2713568551199,897.2979649135045
MY_0p5_6.7500_100.2500,100.25,6.75,2008-08-01,2008,8,364.6322221194996,109.49569651659796,124.16477590448716,58.23947471730849,140.16192828907685,198.40140387591194,42.96478737101835,129.7902229533476,264.61717807545386,465.6814287971048,903.0536113065832
MY_0p5_6.7500_100.7500,100.75,6.75,2008-08-01,2008,8,347.9826954029225,109.13042336923105,114.11780943693938,51.637688106960724,128.46236165364584,180.10004679361984,42.59975405092593,128.48357928240742,260.56671594690397,459.64566379123266,891.2956882052953
MY_0p5_6.7500_116.2500,116.25,6.75,2008-08-01,2008,8,139.2378045443831,118.23319537140603,112.37666990698838,6.9231387580313335,10.822071633687834,17.7452108801865,40.64627177540849,122.63484545451841,248.70870190131956,428.6422171243808,840.6320354182546
MY_0p5_6.7500_116.7500,116.75,6.75,2008-08-01,2008,8,152.68404432957274,119.18351000547408,106.71741627327538,8.761384556887178,13.54434244246351,22.305727826747972,39.47023521393184,118.27798193528248,239.92829581400156,413.7428112406976,811.4193163483511
MY_0p5_6.7500_117.2500,117.25,6.75,2008-08-01,2008,8,181.73649642813922,121.87600721049513,103.72923288936109,16.730368200656585,16.916186086899412,33.64655493002022,38.83056281098222,115.72110606505808,235.22113995847445,407.96903532585213,797.7418439746958
MY_0p5_6.7500_117.7500,117.75,6.75,2008-08-01,2008,8,212.69585630628796,124.31885698106555,109.74560379981995,30.701044261455532,22.877358376979828,53.578402638435364,40.05467331409454,119.82559561729433,244.71346616744995,429.91057682037354,834.5043354034424
MY_0p5_7.2500_116.7500,116.75,7.25,2008-08-01,2008,8,124.40797520434764,121.64828388274663,101.43467022439707,4.587183264027471,1.0310663508332294,5.618249644403872,37.70716771664827,112.2844000774881,226.55258311396062,386.0955492102581,762.6396882430367
MY_0p5_7.2500_117.2500,117.25,7.25,2008-08-01,2008,8,125.39387890240093,122.29506470276428,99.41738899632503,4.611359440652947,0.6440065214508457,5.255366089469508,36.983027769389906,109.72776738217003,221.24785605982728,376.51260889956825,744.4712460166529
MY_0p5_0.7500_110.2500,110.25,0.75,2008-09-01,2008,9,236.49624962439907,89.30813551682694,101.0750210101788,31.72254967322716,115.98249840369591,147.7050480769231,42.56157291118915,128.65687795785757,262.3602280836839,460.0337148813102,893.6124089167669
MY_0p5_0.7500_110.7500,110.75,0.75,2008-09-01,2008,9,242.7409683227539,90.87484708513533,109.9179445539202,44.06505339486259,98.95873173304966,143.02378823416572,42.69159949166434,129.14552110944473,263.90181492396766,465.5250095912388,901.2639343261719
MY_0p5_0.7500_111.7500,111.75,0.75,2008-09-01,2008,9,240.3716837565104,91.30596657404824,117.97552114819725,50.69065275646391,95.75360543387276,146.44425819033668,42.506033518957715,128.57241482204861,262.5762629433284,461.90200175936263,895.5567123170883
MY_0p5_1.2500_103.2500,103.25,1.25,2008-09-01,2008,9,179.32441326252467,106.81659283684294,106.09337095780806,17.595721851695668,48.379203883084394,65.97492894259366,38.68656947396018,114.99510106173429,235.30770631269976,414.71048528497874,803.6998721036044
MY_0p5_1.2500_103.7500,103.75,1.25,2008-09-01,2008,9,184.0988058442051,106.0605723556963,97.357957414053,20.15753710848614,61.82400931200935,81.98154997594149,39.950562856729746,119.74891062616145,245.1283538225785,432.623387308954,837.4512228363926
MY_0p5_1.2500_104.2500,104.25,1.25,2008-09-01,2008,9,188.73928070068357,106.87973927089146,87.57138061523438,23.342281341552734,78.12214660644531,101.46443176269531,41.62815475463867,126.03553771972656,258.1104431152344,456.2754821777344,882.0496215820312
MY_0p5_1.2500_109.7500,109.75,1.25,2008-09-01,2008,9,222.99769776125987,91.71668372096786,99.29285440100246,50.05616420148367,108.35248078495624,158.40864857133616,42.80841965273202,129.4659405444042,264.53549267872273,467.0992148525744,903.9090443806476
MY_0p5_1.2500_110.2500,110.25,1.25,2008-09-01,2008,9,237.87960020087402,90.11941428166101,101.80662224375605,37.66774904405749,118.6314724366177,156.29922037603313,42.64712776272454,128.9160287039621,262.96154431670794,461.73700375354446,896.2617222848547
MY_0p5_1.2500_110.7500,110.75,1.25,2008-09-01,2008,9,244.02841961573037,90.91519881959944,110.94123595707,45.590713973272415,106.59607434953962,152.1867905389695,42.748494417705224,129.30629839215956,264.2021743047805,466.1077026367187,902.3646740141368
MY_0p5_1.2500_111.2500,111.25,1.25,2008-09-01,2008,9,239.83704602908784,90.44392221956588,114.72151227957144,48.26193688243343,101.5535698790139,149.81550559144432,42.64339919897696,128.98458096927726,263.4716541424346,464.17113487560533,899.2707907582243
MY_0p5_1.2500_111.7500,111.75,1.25,2008-09-01,2008,9,241.26676359630764,90.26841590518043,117.2871090116955,46.929391830686534,102.56258428664435,149.49197605678012,42.54097529820033,128.65222749255952,262.6309572250124,461.66973876953125,895.493898421999
MY_0p5_1.2500_112.2500,112.25,1.25,2008-09-01,2008,9,249.02911485391218,90.06351846607808,120.14317155247413,49.2777574413319,118.36556875161106,167.643327587147,42.602277029589345,128.7881540211324,262.69222929513995,461.05867895136015,895.1413685755076
MY_0p5_1.2500_112.7500,112.75,1.25,2008-09-01,2008,9,262.02259890238446,91.03523715337117,122.32095050811768,54.12143484751383,145.25562795003253,199.3770669301351,42.59784372647603,128.6476806004842,261.77977625528973,456.9333953857422,889.9586931864419
MY_0p5_1.2500_113.2500,113.25,1.25,2008-09-01,2008,9,269.79881724482,94.60441887896994,125.7728361710258,62.29880036063816,130.6402017344599,192.93900504734205,42.491579039200495,128.3361430292544,261.16161180579144,455.6326177182405,887.6219445270041
MY_0p5_1.2500_113.7500,113.75,1.25,2008-09-01,2008,9,279.7051007819898,96.60806534507057,127.7515284798362,63.7719432368423,126.03323739947693,189.80517855557525,42.489859898885086,128.33458258888936,261.1699792110558,455.7196375528971,887.7140507553562
MY_0p5_1.2500_114.2500,114.25,1.25,2008-09-01,2008,9,296.37218995220894,96.1999910067668,127.93316859692598,65.54421419801965,133.327554280779,198.8717739138983,42.557501565038635,128.51771423879978,261.4673383594614,456.17628438493847,888.7188558662888
MY_0p5_1.2500_114.7500,114.75,1.25,2008-09-01,2008,9,294.25479913526965,94.50856141121156,118.94727005497101,60.38853922197895,128.92941038070185,189.31794689547627,42.49691710933562,128.30665785266507,260.82984776650704,453.9775656423261,885.6110150737147
MY_0p5_1.7500_102.7500,102.75,1.75,2008-09-01,2008,9,168.81140077706863,106.06038189461219,113.78702592849731,11.873386323451998,39.36115217208862,51.234538078308105,40.930207014083855,123.03386187553404,251.75733089447021,444.7182455062866,860.4396514892578
MY_0p5_1.7500_103.2500,103.25,1.75,2008-09-01,2008,9,175.91827645909376,104.96337434039613,113.62321617126464,13.713032770156861,48.92488571166992,62.63792093276978,40.78116724014283,122.52800605773928,250.7162767028809,442.51782867431643,856.5432824707032
MY_0p5_1.7500_103.7500,103.75,1.75,2008-09-01,2008,9,181.0229476252688,105.34234727787066,105.42422260815584,18.548600966417336,60.94036427027062,79.4889684749555,40.77490717248072,122.66597069366068,251.03697542600992,442.90190993683245,857.3797779324689
MY_0p5_1.7500_104.2500,104.25,1.75,2008-09-01,2008,9,184.55602502822876,106.48278222084045,100.9137973046118,21.099752647932185,70.90485683707304,92.00461253084877,41.833021977151084,126.64822494151981,259.2740078711695,457.79128034724744,885.5465404894925
MY_0p5_1.7500_109.7500,109.75,1.75,2008-09-01,2008,9,225.42450465712437,92.00232709840287,99.34528350830078,51.4632453918457,108.27523040771484,159.7384796142578,42.82329559326172,129.51385498046875,264.65692138671875,467.4676208496094,904.461669921875
MY_0p5_1.7500_110.2500,110.25,1.75,2008-09-01,2008,9,238.79336830739229,91.70567930587616,103.05947998373267,49.029730914110814,121.60653694683218,170.63626473982706,42.802352538083326,129.39420910187582,264.11121323529414,465.1130537553267,901.4208478468624
MY_0p5_1.7500_110.7500,110.75,1.75,2008-09-01,2008,9,246.41179379549894,90.91436108675869,112.76954841613768,50.58012180328369,123.55680961608886,174.13693084716795,42.8739179611206,129.66312408447266,264.878857421875,467.44667663574216,904.8626190185547
MY_0p5_1.7500_111.2500,111.25,1.75,2008-09-01,2008,9,244.157670133076,88.64238286094059,115.0220151324605,44.88591530378475,116.05100044427915,160.93691292696224,42.77992771947106,129.37331471997638,264.22562610714937,465.79139844317774,902.1702824082486
MY_0p5_1.7500_111.7500,111.75,1.75,2008-09-01,2008,9,246.85208704501764,87.04214704489405,111.79739898971361,41.90817463548876,125.76476814173444,167.6729422460628,42.75847082500215,129.2573828395409,263.7251248902912,463.75914677487134,899.5001207182677
MY_0p5_1.7500_112.2500,112.25,1.75,2008-09-01,2008,9,258.51117534334696,87.62250247531468,114.7793710375589,49.86252791389586,144.6320567781963,194.4945823548332,42.771946752639046,129.23958512563556,263.3629436190166,461.72219771127857,897.0966847253223
MY_0p5_1.7500_112.7500,112.75,1.75,2008-09-01,2008,9,269.7991297161768,90.29574570428757,120.08488592723062,60.93071394420805,149.17228146507628,210.10299803718686,42.740228065611824,129.12047293526786,262.99259304470485,460.46413971431673,895.3174413287448
MY_0p5_1.7500_113.2500,113.25,1.75,2008-09-01,2008,9,280.71536942739334,93.9005355350555,125.38560861254496,69.83591148739768,137.37757754855687,207.21349080403647,42.660585809132414,128.88946145678324,262.5599780854725,459.67535739474823,893.7853757828001
MY_0p5_1.7500_113.7500,113.75,1.75,2008-09-01,2008,9,292.5781321692088,96.34168185279484,128.55216018434555,64.8929683866955,133.6053455413334,198.49831368582588,42.598937951950795,128.67328515431237,261.9389342292907,457.6717867412264,890.8829407707093
MY_0p5_1.7500_114.2500,114.25,1.75,2008-09-01,2008,9,305.1872491745722,96.4692377726237,130.15426039922806,68.3939215523856,136.59113832504028,204.98506120954244,42.657201700361945,128.8153270418682,262.0826090494792,457.58535379076756,891.1404980856275
MY_0p5_1.7500_114.7500,114.75,1.75,2008-09-01,2008,9,299.2245307882833,95.92997619154539,125.64137505249657,71.48280409580686,123.74268511045783,195.22549280354397,42.6220485114063,128.66488291686065,261.53510233034126,455.63200101704183,888.4540411598325
MY_0p5_2.2500_101.7500,101.75,2.25,2008-09-01,2008,9,188.36303217724114,102.98453228883069,118.85041246510515,11.770893385916045,36.491761949327255,48.26265558570322,41.65049050071023,125.771704009085,257.2748696683633,453.82415185793485,878.5212297535907
MY_0p5_2.2500_102.2500,102.25,2.25,2008-09-01,2008,9,167.4773106187154,102.28947295412493,114.29850575570283,12.03205044760088,41.86447755001379,53.89652880070882,41.38256848713998,124.80057120437256,254.97988606868176,448.27223212867256,869.435259221273
MY_0p5_2.2500_102.7500,102.75,2.25,2008-09-01,2008,9,160.91251638871205,103.46839450884468,115.50076926509037,12.238327651084225,41.44045350521426,53.67878039879135,41.59764010996758,125.48657740822321,256.80858882469465,453.7493631869931,877.642176954052
MY_0p5_2.2500_103.2500,103.25,2.25,2008-09-01,2008,9,168.7530314127604,102.95907086569166,116.34944678412543,11.908992788526747,51.12975618877108,63.038751232813276,41.9454720754472,126.69963688926092,259.10477382114954,457.02565530443945,884.7755312965029
MY_0p5_2.2500_103.7500,103.75,2.25,2008-09-01,2008,9,173.19177856445313,104.99798066737287,117.4196431046825,14.828890716423423,55.592701798778464,70.42159498828951,41.75980744442697,126.06426158840374,257.8133182848914,454.4352665270789,880.0726632845603
MY_0p5_2.2500_104.2500,104.25,2.25,2008-09-01,2008,9,173.02210477503334,106.48683706144007,121.65527545519112,16.94019647078081,54.155691887721545,71.09588843731841,42.24364477740831,127.88260146211987,261.7610420668421,462.23629836405604,894.1235760144951
MY_0p5_2.2500_104.7500,104.75,2.25,2008-09-01,2008,9,166.73641967773438,107.90208435058594,,,,,,,,,
MY_0p5_2.2500_109.7500,109.75,2.25,2008-09-01,2008,9,236.24291007749497,92.47919488722279,,,,,,,,,
MY_0p5_2.2500_111.2500,111.25,2.25,2008-09-01,2008,9,250.16893231868744,86.40804395079614,102.59242641224579,44.71051894917207,124.13060816596534,168.84112503949333,42.872504122116986,129.66092749202951,264.8967895507812,467.59051468793075,905.0207456700942
MY_0p5_2.2500_111.7500,111.75,2.25,2008-09-01,2008,9,256.3224456302703,85.01778738839285,103.95696709042504,47.09848752702985,132.9922380477663,180.090721203032,42.91266219123961,129.76275223020525,265.01410687158983,467.5317932128906,905.2213127015128
MY_0p5_2.2500_112.2500,112.25,2.25,2008-09-01,2008,9,273.53685796828495,85.28682730538505,108.87981615823414,57.41917291066003,161.06998693072606,218.48915274483815,43.00385460021004,129.97608458503842,265.12707422650044,466.56261209154883,904.6696221245659
MY_0p5_2.2500_112.7500,112.75,2.25,2008-09-01,2008,9,290.82406180245533,87.83339233398438,116.2301547580295,76.9351603432307,174.10360945444256,251.03876996721542,43.0161617945111,129.99447694808717,265.03473326667904,465.76250513470364,903.8078987242684
MY_0p5_2.2500_113.2500,113.25,2.25,2008-09-01,2008,9,308.07009752061634,91.94634237138052,126.02417898026727,88.231467667837,164.70921567886595,252.94068482414124,42.9657580542186,129.84889056493367,264.7732053726439,465.3586108979726,902.946465967572
MY_0p5_2.2500_113.7500,113.75,2.25,2008-09-01,2008,9,316.4441922344739,94.51790136023415,132.44996382314946,78.27600252175634,160.4624522728256,238.73845474629468,42.85496743117707,129.4361747065677,263.5077264520187,461.1548789302006,896.9537424980842
MY_0p5_2.2500_114.2500,114.25,2.25,2008-09-01,2008,9,317.6784507145957,95.4586407616025,134.13003791930186,75.37613288031683,148.5399416000124,223.9160713316902,42.82387232704768,129.31524362715462,263.1128248426649,459.8726598346044,895.1245824420262
MY_0p5_2.2500_114.7500,114.75,2.25,2008-09-01,2008,9,304.91911699848794,95.41136683802452,128.97643425233906,75.14508856496504,125.84229406541395,200.98738570674774,42.72098300072455,128.9809044130387,262.292525359123,457.67593393633445,891.6703420331403
MY_0p5_2.2500_115.2500,115.25,2.25,2008-09-01,2008,9,285.99151611328125,95.29341125488281,118.97196197509766,50.400794982910156,89.70674133300781,140.10752868652344,42.637298583984375,128.6509552001953,261.3217468261719,455.1709899902344,887.781005859375
MY_0p5_2.7500_101.2500,101.25,2.75,2008-09-01,2008,9,196.92556762695312,98.88504028320312,116.465087890625,15.635502815246582,41.04731369018555,56.68281555175781,42.18714141845703,127.71314239501953,261.5602722167969,463.0995178222656,894.56005859375
MY_0p5_2.7500_101.7500,101.75,2.75,2008-09-01,2008,9,186.89325464126912,98.63405997536398,104.72483592640269,12.453573112487794,55.32616607666016,67.77974044799804,41.8685368902033,126.61063468239523,258.5770091663707,454.6182760342684,881.6744600053266
MY_0p5_2.7500_102.2500,102.25,2.75,2008-09-01,2008,9,170.63177111194392,98.96154148563458,116.74477376755634,8.89003371281229,41.51303638774119,50.40307068065473,41.86226383136336,126.56674660846687,258.24319778733957,452.2252313893312,878.8974245885374
MY_0p5_2.7500_102.7500,102.75,2.75,2008-09-01,2008,9,164.20922349374504,101.08037361917616,117.92361614372156,12.53141791609269,45.483359517930424,58.01477742496925,42.28359602674653,127.97628185417076,261.9463341628449,463.08583136449886,895.2920395090609
MY_0p5_2.7500_103.2500,103.25,2.75,2008-09-01,2008,9,170.24435011748295,103.17136917600206,112.67619474374564,14.730853430025137,51.51999308349221,66.25084782254164,41.39672210110221,124.66199124087193,254.92767382579245,449.75634901690637,870.7427177672173
MY_0p5_2.7500_103.7500,103.75,2.75,2008-09-01,2008,9,171.97543812627376,105.839910192075,111.15950750535535,14.069079218921573,44.90707320112237,58.97615399338683,40.5387811089441,121.55877692578575,248.64608145858836,438.78371672037014,849.527341781124
MY_0p5_2.7500_104.2500,104.25,2.75,2008-09-01,2008,9,168.87644060920266,107.17676196378818,122.72457885742188,16.028989791870117,47.57107925415039,63.600067138671875,42.36015319824219,128.23793029785156,262.5909729003906,464.62646484375,897.8154907226562
MY_0p5_2.7500_111.2500,111.25,2.75,2008-09-01,2008,9,252.4226249957907,85.81084773622712,101.80917896943933,47.5078654569738,120.87943828807157,168.38730082792395,42.77301474178539,129.41003866756662,264.5277620203355,466.9657305549173,903.6765603458181
MY_0p5_2.7500_111.7500,111.75,2.75,2008-09-01,2008,9,261.00810679451365,85.02483833813277,102.99675645499393,50.35835251314886,128.5464410453007,178.90478851055275,42.82089851642476,129.53212119793068,264.6872787475586,467.0426780437601,904.082991238298
MY_0p5_2.7500_112.2500,112.25,2.75,2008-09-01,2008,9,281.10059858877446,85.50964234750482,108.21668866475422,63.88625414530436,160.819854482015,224.70610148111982,42.95696385701497,129.8801848856608,265.1128033447265,466.95260304768874,904.9025590006511
MY_0p5_2.7500_112.7500,112.75,2.75,2008-09-01,2008,9,304.13524888437,88.00565707532664,116.33163138280942,90.49965008602867,196.0033237119264,286.50297179403185,43.09099962741514,130.22406266610832,265.5216833187055,466.7321162163457,905.5688548027714
MY_0p5_2.7500_113.2500,113.25,2.75,2008-09-01,2008,9,327.80654083736357,91.9961667742048,126.21818605453248,105.97789798312718,188.80727306547615,294.7851746574281,43.06864591326032,130.16002226329982,265.4026472788008,466.54921768430677,905.1805385044642
MY_0p5_2.7500_113.7500,113.75,2.75,2008-09-01,2008,9,333.2167231079879,94.9673864279583,133.2764828918846,103.0092659725505,176.53344833471215,279.54271634824715,42.97588712850194,129.84272027471263,264.5430454327043,464.0141612253371,901.3758255296451
MY_0p5_2.7500_114.2500,114.25,2.75,2008-09-01,2008,9,324.14783564700355,95.44369383703304,131.9789943453632,89.37932214857658,169.44135269937635,258.82066741170763,42.89186735998226,129.55194193200222,263.71102509317524,461.31868328625643,897.4735005052783
MY_0p5_2.7500_114.7500,114.75,2.75,2008-09-01,2008,9,309.17640754067975,97.58829459415121,129.47682313858326,74.15151603358565,146.17728108205614,220.32880046868777,42.84632549164401,129.39954128386864,263.37798246152846,460.7602421462915,896.3841004584245
MY_0p5_2.7500_115.2500,115.25,2.75,2008-09-01,2008,9,292.5394325600014,96.437910131506,116.504286619994,53.36215292440878,94.77485911051433,148.13700481792827,42.577172597249344,128.43920004904805,260.61714296083187,452.3469559953019,883.9804500545466
MY_0p5_3.2500_101.2500,101.25,3.25,2008-09-01,2008,9,188.32038201226132,97.43104526504932,120.49148470511231,25.052655847156093,49.68607968579007,74.73873654970399,42.32331667057735,128.12888256028467,262.3573566837534,464.2142044245501,897.0237398258906
MY_0p5_3.2500_101.7500,101.75,3.25,2008-09-01,2008,9,182.43346321537808,93.39279289002631,106.18733013663325,22.266157821485194,81.46587546767704,103.7320362625608,42.025963011820615,127.01660882743303,258.91545260484054,452.91428010782624,880.8722852962032
MY_0p5_3.2500_102.2500,102.25,3.25,2008-09-01,2008,9,179.84490385509673,97.4943614172557,120.96461816212488,14.005526149083698,45.4969485086108,59.50247483026414,42.156301807221915,127.52641112312438,260.6295792836992,458.75645655071924,889.0687534877233
MY_0p5_3.2500_102.7500,102.75,3.25,2008-09-01,2008,9,178.94489297987536,99.78337901151632,120.82518485829799,16.77613191363178,50.96438936643962,67.7405211895327,42.35909867588477,128.176205550568,262.2262615735018,463.2966862932036,896.0582462745375
MY_0p5_3.2500_103.2500,103.25,3.25,2008-09-01,2008,9,179.58763957567245,102.75797269243371,109.0037331099619,21.86583044008634,53.79442054673981,75.66024938080132,40.654508820574144,121.89245732211135,249.29093938075764,440.1922999080696,852.0302179690682
MY_0p5_3.2500_112.2500,112.25,3.25,2008-09-01,2008,9,281.6468980577257,86.5296396891276,108.38195054796007,66.32200707329645,153.87372233072918,220.1957207573785,42.90084669325088,129.74205288357206,264.95454237196185,466.9390360514323,904.536482747396
MY_0p5_3.2500_112.7500,112.75,3.25,2008-09-01,2008,9,311.96242449360506,90.12396720147902,120.21603481105117,97.27194520293689,195.9349916802078,293.20693044193456,43.06773773568576,130.1800293218894,265.537263213611,467.0240203357134,905.8090375056032
MY_0p5_3.2500_113.2500,113.25,3.25,2008-09-01,2008,9,343.5894489718559,94.44219511792176,128.9553491996996,104.10955874125162,184.83754152240172,288.9470993966768,43.01289945660215,130.03431915514398,265.31527848677206,466.7860386010372,905.1485429243608
MY_0p5_3.2500_113.7500,113.75,3.25,2008-09-01,2008,9,343.7537861173115,97.18092869349887,130.38551311190164,95.87925911555214,173.97315358964224,269.8524182516431,42.95542922247024,129.83870127844432,264.81754857623383,465.48982398623514,903.1014892578123
MY_0p5_3.2500_114.2500,114.25,3.25,2008-09-01,2008,9,325.23390722578495,99.33083389670985,128.5961678863331,78.88450600690902,173.3717903088612,252.25628943959615,42.85971729011292,129.4651349304588,263.571693080246,461.07323480107976,896.9697662159134
MY_0p5_3.2500_114.7500,114.75,3.25,2008-09-01,2008,9,310.54174231268047,102.52558872198604,130.44833378882925,69.50477440949459,149.93423014841264,219.43901066871214,42.8415699005127,129.40548584567514,263.4830264923679,461.27115140295336,897.0012298389606
MY_0p5_3.2500_115.2500,115.25,3.25,2008-09-01,2008,9,302.3093996651565,99.50081863886192,115.04572438590132,51.296609914755514,97.38204224501983,148.67864898488492,42.50971670995784,128.22021064275427,260.0261690163914,450.3891370749171,881.145253628115
MY_0p5_3.2500_115.7500,115.75,3.25,2008-09-01,2008,9,301.18554173158793,97.57860925224391,110.31019489416916,55.033245601011124,109.03403610058045,164.06729160265976,42.72453166661637,128.91339711392865,261.81138662273963,455.69376021824525,889.1430698351913
MY_0p5_3.7500_100.7500,100.75,3.75,2008-09-01,2008,9,202.32505798339844,95.0099105834961,122.16416931152344,21.00343894958496,34.90167236328125,55.905113220214844,42.262203216552734,128.00692749023438,262.3561706542969,464.70361328125,897.3289184570312
MY_0p5_3.7500_101.2500,101.25,3.75,2008-09-01,2008,9,196.03109488038203,93.33771746984192,122.42022191513703,28.965208868378575,66.63128355945972,95.59649433518692,42.32936638150015,128.07692849366023,261.8081217645442,461.15202059946404,893.3664086598025
MY_0p5_3.7500_101.7500,101.75,3.75,2008-09-01,2008,9,200.42254958433267,90.19507785967203,117.48839345555399,21.80446656949961,78.5287064716315,100.33316963341588,42.18713912234945,127.48674706137106,259.7975080939615,454.0825002876817,883.5539062888761
MY_0p5_3.7500_102.2500,102.25,3.75,2008-09-01,2008,9,210.24719170464408,92.80639408656528,123.61514427548363,21.404885234530006,67.06372997949994,88.46861623128255,42.34790139576745,128.02151484413753,261.26927296471973,458.8476598346044,890.4863506014384
MY_0p5_3.7500_102.7500,102.75,3.75,2008-09-01,2008,9,210.2968987358941,97.91917274111793,121.4899432954334,26.33893205551874,65.96000194246807,92.29893193320623,42.46982901436942,128.43672325497582,262.41593501984124,462.55601826016857,895.8784892733134
MY_0p5_3.7500_103.2500,103.25,3.75,2008-09-01,2008,9,199.94217265459648,100.78657434471098,113.12964034734989,31.84097854015874,75.78967072729971,107.6306469487209,42.045490279852174,126.83699837478937,259.10105722464766,456.63564692478553,884.6191968730852
MY_0p5_3.7500_113.2500,113.25,3.75,2008-09-01,2008,9,352.07615470886236,97.4609260559082,128.56773251392804,76.25220076764217,169.658510552078,245.91070656698258,42.855336236172036,129.6107520431769,264.64997188380505,465.8084946929431,902.924554543417
MY_0p5_3.7500_113.7500,113.75,3.75,2008-09-01,2008,9,343.31800385035257,100.34908444843595,124.61622031992694,59.95006203265638,153.5768587674138,213.52692104697616,42.760706386134075,129.3165739979173,264.02913648488067,464.5095826182937,900.6159912899475
MY_0p5_3.7500_114.2500,114.25,3.75,2008-09-01,2008,9,316.351474087338,103.65642736525763,125.62011304582869,61.034615156385634,136.0655498444088,197.10016150096106,42.75238965957884,129.2663763137091,263.8391739133805,464.09423130580353,899.9521608382937
MY_0p5_3.7500_114.7500,114.75,3.75,2008-09-01,2008,9,302.45752301897323,105.9336689055912,131.50876447889542,56.58991892981151,129.15101255386594,185.74092964293465,42.821646953764414,129.43244226849268,264.0098687065972,464.18331260075644,900.4472679501487
MY_0p5_3.7500_115.2500,115.25,3.75,2008-09-01,2008,9,299.44202396453375,100.89181949676029,116.60702434721446,52.922318740118115,103.90919499472966,156.83151337154325,42.54270828489273,128.34799610925097,260.4442014663938,451.7693926130022,883.1043224516368
MY_0p5_3.7500_115.7500,115.75,3.75,2008-09-01,2008,9,299.517937090757,97.11030814630523,113.81804903977209,51.05249953784531,113.78986424507855,164.84236748784565,42.70500377956911,128.83470439224791,261.5248924639585,454.4751878916788,887.5397848225325
MY_0p5_4.2500_100.7500,100.75,4.25,2008-09-01,2008,9,233.57468223571775,95.1201970258097,121.62305254255024,29.937814642458548,52.17937136280295,82.11718616096343,42.33822345344388,128.2115575673629,262.6317090092873,464.8038788464605,897.985382952009
MY_0p5_4.2500_101.2500,101.25,4.25,2008-09-01,2008,9,230.38890223540076,89.30582010062638,117.56015114267922,37.31207631348046,104.52632913771708,141.83840565772576,42.34828931966406,127.98613841062898,260.83969203681704,456.13240430309526,887.3065624844497
MY_0p5_4.2500_101.7500,101.75,4.25,2008-09-01,2008,9,239.40465071111205,90.27220329309044,127.2042134684115,30.021096567757215,75.49289997088644,105.51399606332994,42.469815555852826,128.43848017000926,262.3643672077801,462.0345708585014,895.3072501965604
MY_0p5_4.2500_102.2500,102.25,4.25,2008-09-01,2008,9,257.803723027531,94.86132612624489,127.7155489449303,23.503313588639042,70.7918961741292,94.29520986636226,42.53632880018923,128.62747867572043,262.7741129817292,463.26825097422255,897.2061794878196
MY_0p5_4.2500_102.7500,102.75,4.25,2008-09-01,2008,9,254.7997204239961,97.14049452277507,120.10294259429739,33.630016697440176,97.2761737799189,130.90619224499747,42.523903597692026,128.47396262588018,261.83511828768786,458.92094333915946,891.7538998354773
MY_0p5_4.2500_103.2500,103.25,4.25,2008-09-01,2008,9,227.77734272470587,101.42836562100187,113.79472029416819,38.97360859515359,87.63406010538027,126.60767324627069,42.53671145023786,128.55423526564542,262.37726425543065,461.623427759895,895.0916309954813
MY_0p5_4.2500_113.7500,113.75,4.25,2008-09-01,2008,9,314.83657255626866,104.89199580568258,122.10771567866489,46.84370893802283,132.04268905351748,178.88639198159274,42.59239517067964,128.8538206568304,263.2889179733565,463.5403399197561,898.2754758438974
MY_0p5_4.2500_114.2500,114.25,4.25,2008-09-01,2008,9,296.1363220214843,107.2754193456937,122.53065640953979,40.48395072907555,114.96513929330246,155.449085662724,42.51389134528554,128.6534334278475,263.0166921726065,463.42307154828524,897.6070938404923
MY_0p5_4.2500_114.7500,114.75,4.25,2008-09-01,2008,9,287.8553063964844,108.78800771077475,128.08274602254232,46.8851203664144,112.66231246948244,159.54742696126303,42.582627894083664,128.8222438557943,263.182470703125,463.3830434163412,897.9703894042968
MY_0p5_4.2500_115.2500,115.25,4.25,2008-09-01,2008,9,284.62520684136285,105.41019903288948,122.31422845522562,48.47936562697093,102.08994746208191,150.5693159633213,42.41973323292202,128.029642422994,259.945273399353,450.9349126815796,881.3295383453369
MY_0p5_4.2500_115.7500,115.75,4.25,2008-09-01,2008,9,283.8750916561839,99.94584976454914,115.71076300669527,47.11856276948574,121.49754144700908,168.61610428115068,42.682836914062506,128.8142839334779,261.6776990987487,455.28088854773574,888.455689304158
MY_0p5_4.2500_116.2500,116.25,4.25,2008-09-01,2008,9,283.52155136480565,108.41429952295819,114.03097213186872,42.00503600515971,123.18850740572303,165.19354350392413,42.79750584393013,129.1439807240556,262.39410270132674,457.3159322971252,891.6515156815692
MY_0p5_4.2500_116.7500,116.75,4.25,2008-09-01,2008,9,282.2697046533486,114.16237777092556,109.99483234207068,35.51732004860233,111.85912486170069,147.37644296987898,42.80671782300652,129.2041438990246,262.76207684643697,459.2851872967847,894.0581171112946
MY_0p5_4.2500_117.2500,117.25,4.25,2008-09-01,2008,9,279.5052247174018,119.8606666970042,106.26678284501608,29.045869363092745,82.97782425331859,112.02369095793867,42.679594850118185,128.94300113104086,262.8524936912334,461.782138655671,896.2572415782288
MY_0p5_4.2500_117.7500,117.75,4.25,2008-09-01,2008,9,250.67835985493463,121.35534550593451,100.24087482028538,19.651647013476776,49.67769376640646,69.3293384160751,41.02597931103829,123.09646789029114,251.12958807007882,441.37021669567144,856.6222562871427
MY_0p5_4.2500_118.2500,118.25,4.25,2008-09-01,2008,9,190.1602019371345,121.37457668014437,91.9562065464676,12.011564856122256,21.106714503780296,33.11827751937186,38.06908414318304,112.45215285963313,229.3043096262938,401.8328309271746,781.6583838979151
MY_0p5_4.2500_118.7500,118.75,4.25,2008-09-01,2008,9,155.67237401891637,121.95809088812933,87.55902862548828,9.024972915649414,8.840481758117676,17.865453720092773,36.361785888671875,106.28591918945312,216.6629180908203,379.0412292480469,738.3518676757812
MY_0p5_4.7500_100.2500,100.25,4.75,2008-09-01,2008,9,293.43807305230035,99.2223392062717,,,,,,,,,
MY_0p5_4.7500_100.7500,100.75,4.75,2008-09-01,2008,9,272.37568671518267,95.10825587363138,120.3817731345572,39.44300856241366,78.92663233066962,118.36964134278335,42.28507468370887,127.89566464928107,261.167144403225,458.7649419520929,890.1128229901072
MY_0p5_4.7500_101.2500,101.25,4.75,2008-09-01,2008,9,259.60879537291447,88.61800120520213,112.33851444304936,47.780969068739154,116.46838248116629,164.24935576423763,42.35455443367126,127.93649197533017,260.35130237397686,453.63531581333706,884.277650669643
MY_0p5_4.7500_101.7500,101.75,4.75,2008-09-01,2008,9,262.1230364756979,92.01372261652871,126.82718377491787,46.36055082290893,91.69680996849425,138.05735788496716,42.54983085753426,128.60650528196308,262.3455473400298,460.77518349299356,894.2770655071926
MY_0p5_4.7500_102.2500,102.25,4.75,2008-09-01,2008,9,277.2474525088356,96.8330313546317,123.44685349237352,44.703033447265625,108.55027749197824,153.25331159319194,42.67897484188988,128.91038614908854,262.600483921596,460.19913911365325,894.3889648437502
MY_0p5_4.7500_102.7500,102.75,4.75,2008-09-01,2008,9,268.1503718187854,98.93961805598748,117.56024823522873,48.01903786628868,115.16928158899778,163.18831901793263,42.74386987868387,129.11008696343487,263.0573173571544,461.42322982496506,896.3344866515722
MY_0p5_4.7500_103.2500,103.25,4.75,2008-09-01,2008,9,234.0209847400539,103.19852766350135,108.57672088172605,48.96074858098893,102.71046667345337,151.6712149306857,41.22314889492585,123.5891004893173,251.84380157583323,441.82667299390295,858.4827180419022
MY_0p5_4.7500_103.7500,103.75,4.75,2008-09-01,2008,9,211.62359137284128,105.13334655761719,95.6400490302544,33.71699850899833,57.479139749105876,91.19613825810418,37.33176739184887,109.53993591704926,223.53098604276582,393.20660875989245,763.6093020748782
MY_0p5_4.7500_113.7500,113.75,4.75,2008-09-01,2008,9,270.861572265625,108.05907440185547,,,,,,,,,
MY_0p5_4.7500_114.2500,114.25,4.75,2008-09-01,2008,9,270.861572265625,109.64613015311105,126.54933166503906,47.49089431762695,114.66341400146484,162.15431213378906,42.5532341003418,128.79458618164062,263.45257568359375,464.8387451171875,899.63916015625
MY_0p5_4.7500_114.7500,114.75,4.75,2008-09-01,2008,9,274.197992468393,113.75786483928722,131.3229286439957,51.485885743171934,125.52970426826069,177.0155844739688,42.61436318838468,128.9238935901273,263.4379082136257,463.9409599714382,898.9171050697245
MY_0p5_4.7500_115.2500,115.25,4.75,2008-09-01,2008,9,281.08218320210773,113.99045117696126,131.91779609521228,58.68316693107286,124.51729814211528,183.20046397050217,42.52508618434269,128.41492756207782,261.149264494578,454.9542183876037,887.0434834162393
MY_0p5_4.7500_115.7500,115.75,4.75,2008-09-01,2008,9,281.7133783249628,108.4718068440755,120.3499056134905,36.4762096707783,100.29681520007905,136.77302788628472,42.393225775824654,127.97007969447543,260.03146013532364,452.09350508432533,882.4882866753471
MY_0p5_4.7500_116.2500,116.25,4.75,2008-09-01,2008,9,275.9882979135664,109.1125778440445,119.08711807008771,36.58880657619899,112.4822768196227,149.07108677455352,42.70601455446272,128.9151177784753,262.15556417798234,457.608252921937,891.384945048983
MY_0p5_4.7500_116.7500,116.75,4.75,2008-09-01,2008,9,276.1234055531176,111.95036383520197,112.2024037083493,36.91792820073381,110.1366975277285,147.0546254990976,42.75131684315355,129.00449984586692,262.1387437265131,457.1273046565961,891.0218583119067
MY_0p5_4.7500_117.2500,117.25,4.75,2008-09-01,2008,9,283.4063557942708,114.95209667871869,104.14947897290426,31.822031317816837,85.56756327795603,117.38959268236918,42.496301511734245,128.21447705465653,260.3804578993055,453.0183179098463,884.1095398918031
MY_0p5_4.7500_117.7500,117.75,4.75,2008-09-01,2008,9,250.29099090189874,117.74176653125618,100.92113917386982,22.858518908295448,47.27361401425132,70.13213463071027,42.0853805904147,127.00582055200502,258.00238259230986,448.37381222881845,875.4673817308642
MY_0p5_4.7500_118.2500,118.25,4.75,2008-09-01,2008,9,193.5548091102485,119.8538183854453,103.21809835769425,15.696301618413113,30.237398022982347,45.93369900880747,41.910985783715944,126.54093883265205,257.35419897338255,447.9649170535294,873.7710451672425
MY_0p5_4.7500_118.7500,118.75,4.75,2008-09-01,2008,9,162.77241149129748,120.23263385627845,108.48927249184138,13.18673095220252,19.035791952398757,32.222521745705905,41.90199767486959,126.56186791914926,257.6725799946845,449.61865079855613,875.7550975944422
MY_0p5_5.2500_100.2500,100.25,5.25,2008-09-01,2008,9,314.7472518303491,100.06469117974959,65.30480194091797,64.44524383544922,58.773136138916016,123.21837615966797,28.26752281188965,76.62507629394531,156.01544189453125,272.7508850097656,533.658935546875
MY_0p5_5.2500_100.7500,100.75,5.25,2008-09-01,2008,9,299.4443401261872,97.05310618726514,119.89763957056506,46.17239432499326,91.88637485723386,138.05877255845346,41.543536986427746,125.01772352196704,254.70118029364224,445.3308508862024,866.5932785560346
MY_0p5_5.2500_101.2500,101.25,5.25,2008-09-01,2008,9,273.82530808221725,93.40145091707743,119.93023173014323,51.625845155261814,113.69256102546812,165.31841377379402,42.44015711224269,128.1549978104849,260.71024131169395,454.3444427005828,885.6498473152282
MY_0p5_5.2500_101.7500,101.75,5.25,2008-09-01,2008,9,261.5856533172025,95.53873280810704,131.6398379088967,43.688383758447735,90.90327956570182,134.59166394373418,42.553743155898566,128.58339720319032,262.1717075420793,460.05199330323825,893.360845869514
MY_0p5_5.2500_102.2500,102.25,5.25,2008-09-01,2008,9,263.05251569808667,104.9441909790039,126.65757124591026,45.396640425275095,86.7525669025008,132.14921181065262,42.40042402182414,127.99285300673951,261.1505898639655,459.44480060164335,890.9886795335515
MY_0p5_5.2500_102.7500,102.75,5.25,2008-09-01,2008,9,246.39528042175095,104.86615031540013,115.81323368913037,53.26971677359887,105.75037852141816,159.02009274757515,41.672251387773926,125.24786211434056,255.32161787647314,448.407841258938,870.649585581634
MY_0p5_5.2500_103.2500,103.25,5.25,2008-09-01,2008,9,219.87955390082465,107.54216923789373,117.52804941945264,60.7372475413533,115.75647819816294,176.49372199913125,42.7006561477463,128.94718333653043,262.9391645951705,462.33810068105726,896.9251348322088
MY_0p5_5.2500_115.2500,115.25,5.25,2008-09-01,2008,9,292.37866457047005,118.20090632284844,131.67099674412464,51.25252582987801,101.16250572829951,152.41503305904203,42.23764513359695,127.51905347480148,259.2172091124488,451.3891241355021,880.3630331070697
MY_0p5_5.2500_115.7500,115.75,5.25,2008-09-01,2008,9,291.0854080863621,116.99289396744742,124.46772191969012,34.84594300480212,84.76010724083851,119.60604773052667,42.061985908120356,126.93237296928794,257.7133159055548,447.34962996143406,874.0573097358316
MY_0p5_5.2500_116.2500,116.25,5.25,2008-09-01,2008,9,274.98146945615355,112.7185952633242,118.08927944038487,40.13001321237298,114.04509696477577,154.17511078074006,42.62652299373965,128.7309367988683,262.0129820425299,458.0904455064219,891.4608687388745
MY_0p5_5.2500_116.7500,116.75,5.25,2008-09-01,2008,9,274.06952599634093,113.68436883371085,114.4024959274485,44.665780779681626,138.4109142158605,183.0767007658753,42.863381892819945,129.38630748700493,263.13730235039435,459.7980981174903,895.1850813853588
MY_0p5_5.2500_117.2500,117.25,5.25,2008-09-01,2008,9,291.91054532490074,116.94029754154266,110.29061923556857,46.967241862463574,130.4599618336511,177.42720593649244,42.883714028010296,129.43796071854848,263.24366464766246,460.2490941607763,895.8144387865823
MY_0p5_5.2500_117.7500,117.75,5.25,2008-09-01,2008,9,266.2307702442956,118.09949517628502,105.93592938619946,40.73581913539341,93.61583121163504,134.35165056501117,42.645493958488345,128.76166565910216,262.05583127945187,458.5094458201575,891.9724500868055
MY_0p5_5.2500_118.2500,118.25,5.25,2008-09-01,2008,9,205.4165487324362,118.67534839119881,106.71247764150048,27.48785612385744,59.52258484226882,87.01043970873401,42.42632484436035,128.1988516886523,261.3897676893101,458.75461505476835,890.7695504935684
MY_0p5_5.2500_118.7500,118.75,5.25,2008-09-01,2008,9,167.44623794555667,119.0633049132332,111.65642240312366,17.81653454568651,27.420027150048153,45.23656145731608,42.15554470486111,127.37407228681776,259.64344024658203,454.9382692972819,884.1113086276584
MY_0p5_5.2500_119.2500,119.25,5.25,2008-09-01,2008,9,149.78483247103756,119.566890171596,113.79964447021484,14.689834594726562,14.790164947509766,29.479999542236328,42.0411491394043,127.01136016845703,258.80242919921875,452.86383056640625,880.71875
MY_0p5_5.7500_100.2500,100.25,5.75,2008-09-01,2008,9,329.46616342905406,102.74104652748451,100.98152839590651,76.87031793156895,100.71828166716689,177.588593649208,35.880017656798756,104.29573948011485,212.81369186541355,374.257656552376,727.2470983102781
MY_0p5_5.7500_100.7500,100.75,5.75,2008-09-01,2008,9,305.4486134362599,102.02754640125093,116.43516001383463,40.5481499226888,106.15930503845215,146.70745712280274,40.75636672973633,122.03793818155926,248.77342407226564,436.15317108154295,847.720918782552
MY_0p5_5.7500_101.2500,101.25,5.75,2008-09-01,2008,9,274.43786398820055,100.96050556813638,126.14700689841445,38.97834864188368,111.74011831208479,150.71846407792702,42.546871485672604,128.5007913544422,261.60541636549584,457.1324813722626,889.7855712410034
MY_0p5_5.7500_101.7500,101.75,5.75,2008-09-01,2008,9,252.40929272969566,103.27491693496705,136.20400428771973,34.759269094467165,77.51950685183208,112.27877572377523,42.40840919812521,128.12950181961062,261.11940040588377,457.33277893066406,888.9900950113934
MY_0p5_5.7500_102.2500,102.25,5.75,2008-09-01,2008,9,239.5253418653439,112.59097894032796,130.41462242563165,29.249491592047587,49.43730436511313,78.68679645808055,41.46035572655674,124.8217412004567,254.76950818199904,447.8192992547545,868.8709254409326
MY_0p5_5.7500_102.7500,102.75,5.75,2008-09-01,2008,9,230.96113481794083,110.1027743885818,102.36824798583984,33.1071662902832,54.83197021484375,87.93914031982422,36.10575485229492,105.16744995117188,214.4278106689453,376.33843994140625,732.0394897460938
MY_0p5_5.7500_103.2500,103.25,5.75,2008-09-01,2008,9,208.78970336914062,111.20453643798828,,,,,,,,,
MY_0p5_5.7500_115.2500,115.25,5.75,2008-09-01,2008,9,293.8019551595052,120.01592076619465,136.9709014892578,76.12212371826172,117.40839385986328,193.530517578125,42.66351318359375,129.01486206054688,263.4193115234375,463.70849609375,898.80615234375
MY_0p5_5.7500_115.7500,115.75,5.75,2008-09-01,2008,9,280.09149057587234,117.20745732594122,124.62361610049294,55.23577488490515,94.65350966680619,149.88928636823383,42.26381628853934,127.71752014160155,260.1036339169457,454.19034307570683,884.2752819242932
MY_0p5_5.7500_116.2500,116.25,5.75,2008-09-01,2008,9,256.01846778506325,110.83678152901786,114.8725603376116,43.660943252321275,95.07661844889323,138.73756362672833,42.15340356978159,127.31590736025856,258.87982390873015,450.0755485413566,878.4246622721355
MY_0p5_5.7500_116.7500,116.75,5.75,2008-09-01,2008,9,252.69740232437377,108.64497598315043,107.56100645519436,40.59989323086209,127.6010559566437,168.200949605306,42.48775547572544,128.29407309880332,260.88350350516185,454.3614472888765,886.0267799014136
MY_0p5_5.7500_117.2500,117.25,5.75,2008-09-01,2008,9,271.98934253006706,115.66451176784766,108.86402876219161,46.24376467876254,133.50329577810004,179.74706184074327,42.81956277359923,129.3948489408764,263.8229073605703,463.3663192412079,899.4036358854371
MY_0p5_5.7500_117.7500,117.75,5.75,2008-09-01,2008,9,258.50439767988905,118.25950627402655,108.37922222982317,42.47621694987252,104.20316030515121,146.67937756224768,42.805853709278495,129.42896992728214,264.34718906479395,466.404966930415,902.9869691989567
MY_0p5_5.7500_118.2500,118.25,5.75,2008-09-01,2008,9,216.71092503507373,118.81645437876384,109.54473948160808,40.00102322048611,77.4155862426758,117.4166114637587,42.693019731309676,129.1250250922309,263.90347547743056,466.14236897786463,901.8639013671875
MY_0p5_5.7500_118.7500,118.75,5.75,2008-09-01,2008,9,177.79321201031024,119.28555107116699,110.21956634521484,40.985103607177734,69.74832153320312,110.73342895507812,42.65712356567383,129.02723693847656,263.7530822753906,466.0040588378906,901.4415283203125
MY_0p5_6.2500_99.7500,99.75,6.25,2008-09-01,2008,9,378.1582569795496,107.54144601260914,135.50328844647075,121.84458763654843,160.13652961198673,281.98111103856286,42.84552791506745,129.5394638416379,264.33904035701306,464.85543184502177,901.579435126726
MY_0p5_6.2500_100.2500,100.25,6.25,2008-09-01,2008,9,326.1328586339951,106.17946931719781,122.21413175621808,83.4905884723274,131.18192555953044,214.67251225685584,40.86472807903679,122.40604715152662,249.8921344367825,439.9713904555963,853.1342940349967
MY_0p5_6.2500_100.7500,100.75,6.25,2008-09-01,2008,9,289.4888701567779,107.48080644644367,117.78309669641916,41.25504612278294,98.77855826712944,140.03360580385421,41.74212736328597,125.78958389105485,256.6038383572258,450.61476317888065,874.7503289771357
MY_0p5_6.2500_101.2500,101.25,6.25,2008-09-01,2008,9,263.27642000638525,108.2935818011944,119.49238609900843,28.48536591163049,86.4021467942458,114.88751115065355,42.23867991520808,127.64512775127706,260.21233426607574,456.0963162935697,886.1924607496995
MY_0p5_6.2500_101.7500,101.75,6.25,2008-09-01,2008,9,223.52535792759483,114.68375396728514,132.39997471400667,20.468757193429127,35.256205041067936,55.72496081760951,42.05359671456473,127.1208025251116,259.3307355608258,454.73047485351555,883.2356131417409
MY_0p5_6.2500_102.2500,102.25,6.25,2008-09-01,2008,9,217.63765843709308,116.9282457770371,133.6168975830078,14.294517517089844,13.300092697143555,27.5946102142334,41.859256744384766,126.55423736572266,258.2569580078125,452.9793701171875,879.6498413085938
MY_0p5_6.2500_115.7500,115.75,6.25,2008-09-01,2008,9,235.82402732155543,116.8544526533647,130.0638427734375,47.338340759277344,65.49240112304688,112.83074188232422,42.03071212768555,127.14793395996094,259.4120178222656,453.6298828125,882.2205200195312
MY_0p5_6.2500_116.2500,116.25,6.25,2008-09-01,2008,9,220.75682656806813,113.24551752993935,119.68467325891166,34.6581596845047,55.01465915058152,89.67281934763365,41.760498198118505,126.22365348244554,256.92791055687724,446.6246440064014,871.5366944972637
MY_0p5_6.2500_116.7500,116.75,6.25,2008-09-01,2008,9,207.30520639570932,110.70071711464534,107.25236322312128,21.81432108803401,54.76437288920085,76.57869283282567,41.70252012222532,125.96413397410558,256.0211992536273,443.6818562825521,867.3697211371527
MY_0p5_6.2500_117.2500,117.25,6.25,2008-09-01,2008,9,217.00150931222097,114.44913080609035,105.78085763113839,30.61573855384947,74.1620873587472,104.77782643636067,41.7478284078931,125.88146962968129,256.80625576443146,450.125532265315,874.5611023918029
MY_0p5_6.2500_117.7500,117.75,6.25,2008-09-01,2008,9,222.48422233263653,116.80330022176108,106.51769586752731,35.754952547843,81.57661134597154,117.33156572308458,41.90449059915822,126.34715154993603,258.26237942879663,455.50806056686315,882.022085803294
MY_0p5_6.2500_118.2500,118.25,6.25,2008-09-01,2008,9,222.6905577523368,117.83469854082381,109.20675141470772,34.59181009020124,88.68759618486676,123.27940314156669,42.672860690525596,129.10559626988,263.9450345720564,466.13177926199774,901.8552551269531
MY_0p5_6.7500_100.2500,100.25,6.75,2008-09-01,2008,9,326.79105825985175,107.71551911971147,129.14990296083337,86.76965186175178,145.78293845232795,232.55259401658,42.76852736753576,129.30893987767837,263.9457821565516,464.47330003626206,900.496551064884
MY_0p5_6.7500_100.7500,100.75,6.75,2008-09-01,2008,9,282.82094093605326,110.28790904857496,120.41638042308666,41.52407017460576,88.91415857385707,130.438230726454,42.02343622843425,127.03361341688368,259.19201999240454,455.81940714518225,884.0684678819446
MY_0p5_6.7500_116.2500,116.25,6.75,2008-09-01,2008,9,173.78515975776762,115.92811965942383,112.76143106600134,16.539825765098016,15.231076542924091,31.77090221498071,41.07129576148057,124.02408450987282,251.60623168945312,433.279360887481,849.9809957364711
MY_0p5_6.7500_116.7500,116.75,6.75,2008-09-01,2008,9,176.5456197419519,114.96317636966704,106.08446958036762,14.504452758155795,15.290624780617213,29.79507771970727,39.88929627912318,119.59092959679165,242.53711438084778,417.699250835675,819.7166050846869
MY_0p5_6.7500_117.2500,117.25,6.75,2008-09-01,2008,9,181.74854467669104,114.75594545022034,101.28938300208708,15.139885197698543,23.423570639264266,38.56345608804078,39.2250055465023,116.9530208553888,237.7732491282235,412.5884435873116,806.5397274051093
MY_0p5_6.7500_117.7500,117.75,6.75,2008-09-01,2008,9,188.93249003092447,115.32396697998048,104.66196990013123,21.222920894622803,46.4692485332489,67.69216942787169,40.3262482881546,120.72960400581358,246.86867761611938,435.0550956726074,842.9796352386475
MY_0p5_7.2500_116.7500,116.75,7.25,2008-09-01,2008,9,161.61891222375584,115.40769528585767,105.17597934888757,12.83927341958751,1.8795864053394484,14.71885985498843,38.71313642418903,115.37490851360819,232.63042841372283,395.300757366678,782.0192303201426
MY_0p5_7.2500_117.2500,117.25,7.25,2008-09-01,2008,9,162.789121060758,114.48293888676274,104.00780792236328,13.825692749023435,1.3308687379485682,15.15656156037983,38.16138124967876,113.29920895225122,228.15603107653166,386.80055959601145,766.417174008018
MY_0p5_0.7500_110.2500,110.25,0.75,2008-10-01,2008,10,389.95545842097357,88.89681772085338,116.42088188758264,96.57144939716046,170.32981590857875,266.90127234825724,43.07542572021485,130.00566406250002,264.3989929199219,462.7621351975662,900.2421987680291
MY_0p5_0.7500_110.7500,110.75,0.75,2008-10-01,2008,10,374.25684901646207,88.9787100655692,121.24590410505023,105.53533990042548,171.45924050467357,276.9945693969726,43.16811921255928,130.34762093680246,265.50158560616626,466.7758501325335,905.7931605747766
MY_0p5_0.7500_111.7500,111.75,0.75,2008-10-01,2008,10,389.55760992140995,86.46558779761905,116.45948040674604,97.42464083716983,150.9698728531126,248.39450363885788,43.083712865435885,130.08731272863963,264.94097319103423,465.53513154529395,903.6471199156747
MY_0p5_1.2500_103.2500,103.25,1.25,2008-10-01,2008,10,268.31629454973836,95.2108375030814,116.48222264376552,32.657749045978896,82.4181984988126,115.07594212618741,39.329759250987664,116.75674282420766,238.2027955488725,419.3886129205878,813.6779105446556
MY_0p5_1.2500_103.7500,103.75,1.25,2008-10-01,2008,10,254.68281066301958,96.87852278033508,105.80738112070027,33.415755021919324,89.02008389963686,122.43583419947949,40.54511809117586,121.3651061567288,247.70565203324105,436.50366181308783,846.1195311314851
MY_0p5_1.2500_104.2500,104.25,1.25,2008-10-01,2008,10,230.1485872541155,99.17032143729074,93.50544738769531,34.531497955322266,96.37033081054688,130.90182495117188,42.151702880859375,127.44255065917969,260.2484130859375,459.1033935546875,888.946044921875
MY_0p5_1.2500_109.7500,109.75,1.25,2008-10-01,2008,10,395.05585709537365,92.40937731639448,120.27613113587164,104.77894077530827,197.6585222726845,302.43747021778523,43.19730882759554,130.46853031020567,265.8421704395708,467.4457239357822,906.9537662368225
MY_0p5_1.2500_110.2500,110.25,1.25,2008-10-01,2008,10,382.55841099801677,89.96385740773559,118.13034858850898,97.42358089137724,170.79073372034495,268.2143142287796,43.091727297278446,130.0813673453902,264.6897638387202,463.88103152241956,901.7438861154683
MY_0p5_1.2500_110.7500,110.75,1.25,2008-10-01,2008,10,368.8863219246031,89.46990770612445,123.27484930129279,103.4519031100803,167.16989193870907,270.62178804912264,43.15120852031404,130.31219463045633,265.5052173432849,467.0576666937933,906.0262801881819
MY_0p5_1.2500_111.2500,111.25,1.25,2008-10-01,2008,10,370.5574520220772,87.87123887912153,121.87132558121849,94.17126330780907,146.62184308816833,240.79310802910655,43.06859982280305,130.06516209806497,265.0082738711812,466.0808035268571,904.2228418904754
MY_0p5_1.2500_111.7500,111.75,1.25,2008-10-01,2008,10,386.6547149173797,85.98535870748853,116.48873271639384,97.322877793085,151.7803800068204,249.10325162372885,43.08061708722796,130.0736268058656,264.89005824497764,465.3290100097656,903.3733045789929
MY_0p5_1.2500_112.2500,112.25,1.25,2008-10-01,2008,10,411.7174253512155,84.70926356436638,116.36130659229258,106.6764256046508,168.9550098090002,275.63142852008644,43.154701581461175,130.26709565293365,265.15625077455786,465.4206762943171,903.9987312742901
MY_0p5_1.2500_112.7500,112.75,1.25,2008-10-01,2008,10,443.4186833699544,84.82323233286539,116.01960992813112,132.0775241851807,196.11479123433432,328.1923147837321,43.220020055770874,130.4003912607829,265.0760078430176,463.79450162251794,902.4908917744954
MY_0p5_1.2500_113.2500,113.25,1.25,2008-10-01,2008,10,472.2453562860904,87.12211489470107,121.54710149350373,119.43314275326937,205.45422655188517,324.88736452849014,43.26718371847401,130.49161788277002,265.0230333411175,462.9112063200577,901.693041461447
MY_0p5_1.2500_113.7500,113.75,1.25,2008-10-01,2008,10,476.65183443011654,88.90753202727346,127.48344629461114,99.19103397022593,188.40363069014114,287.59466968883163,43.210422949357465,130.29622199318624,264.52347888368547,461.6275232488458,899.6576602820195
MY_0p5_1.2500_114.2500,114.25,1.25,2008-10-01,2008,10,471.20093691665517,89.45137138704283,134.92487976614353,106.02177381937483,173.05459905303687,279.07636429778245,43.176977073196824,130.21557725214325,264.45830056519634,461.85811135621196,899.7090000388897
MY_0p5_1.2500_114.7500,114.75,1.25,2008-10-01,2008,10,439.0223122873614,89.3024402741463,137.95767408801663,125.38573874196697,181.31368624779486,306.6994097309727,43.208440226893266,130.28722160093247,264.4658203125,461.2835112540953,899.2450246503275
MY_0p5_1.7500_102.7500,102.75,1.75,2008-10-01,2008,10,258.2386258794458,92.14217654907902,123.47191286087035,22.119579315185547,87.55049490928651,109.67007231712341,41.3797972202301,124.22947216033937,253.55540561676028,446.8514766693115,866.0161705017091
MY_0p5_1.7500_103.2500,103.25,1.75,2008-10-01,2008,10,259.6919708841096,92.99376036301544,123.98234443664552,27.742134838104253,94.99855094909668,122.7406834411621,41.32742158889771,123.99863739013672,253.0250555419922,445.77047988891604,864.1215814208985
MY_0p5_1.7500_103.7500,103.75,1.75,2008-10-01,2008,10,249.7514907740339,95.55321169503128,112.9220009091534,35.40503142755242,88.51232724250117,123.91735545291176,41.310674836363965,124.10722322101833,253.2753486150428,446.07625077645986,864.7694914612588
MY_0p5_1.7500_104.2500,104.25,1.75,2008-10-01,2008,10,234.70950078964233,97.99089899063111,105.2590524836104,40.076836903889976,83.42096751604893,123.49780060524165,42.282803202784336,127.83807976301327,260.9983714495518,459.84572488947435,890.964968659157
MY_0p5_1.7500_109.7500,109.75,1.75,2008-10-01,2008,10,394.8442208933276,92.7281129970107,120.39720916748047,104.97428131103516,197.64060974121094,302.6148986816406,43.19663619995117,130.47218322753906,265.87786865234375,467.6126403808594,907.1593627929688
MY_0p5_1.7500_110.2500,110.25,1.75,2008-10-01,2008,10,374.6371014198561,91.86786031241371,121.09157986564432,99.55324754357976,174.10589069223658,273.65912518016796,43.13516808576125,130.2643296348857,265.3322316542029,466.23135718687337,904.9631138765876
MY_0p5_1.7500_110.7500,110.75,1.75,2008-10-01,2008,10,361.8909787264737,90.26595410433681,126.88828239440916,97.40540313720702,156.4541374206543,253.8595458984375,43.10546741485595,130.21519241333007,265.49818725585936,467.705760192871,906.5246215820313
MY_0p5_1.7500_111.2500,111.25,1.75,2008-10-01,2008,10,369.8731747581845,88.02896367633153,124.19210815429686,84.31125058906024,141.20704005041787,225.51828485533247,43.04002527636151,130.01500783521078,265.08545305119003,466.8378342739371,904.9782978856286
MY_0p5_1.7500_111.7500,111.75,1.75,2008-10-01,2008,10,384.4197739226908,84.60923523238941,116.48328428630586,92.29204694530631,169.76235986057713,262.05440424665613,43.126592539533775,130.2212205717835,265.23363803911803,466.05721205699285,904.6386716818505
MY_0p5_1.7500_112.2500,112.25,1.75,2008-10-01,2008,10,413.71174888005334,83.22203088185144,114.43680003332712,103.2293941437252,188.5776412237258,291.807036578466,43.19359548659551,130.3716325063554,265.2903348408048,465.25439453125,904.1099634564113
MY_0p5_1.7500_112.7500,112.75,1.75,2008-10-01,2008,10,442.3298548138331,84.24985274057539,114.53984786745102,123.98038930741566,201.0663284059555,325.0467172774058,43.233455197773274,130.4671145484561,265.3498486715649,464.8462253146701,903.8966217525423
MY_0p5_1.7500_113.2500,113.25,1.75,2008-10-01,2008,10,470.2817632765997,86.35455947149367,118.4536133539109,120.42340116954983,208.3762441483755,328.7996419270833,43.27221887982081,130.5544890873016,265.3903450133309,464.4914673820374,903.7085238017734
MY_0p5_1.7500_113.7500,113.75,1.75,2008-10-01,2008,10,475.377207438151,88.31828245132688,122.99098033602276,107.5756817772275,202.42315412248882,309.9988369411892,43.250764586433526,130.4452926393539,264.94212229895214,462.78937145414807,901.4275565011161
MY_0p5_1.7500_114.2500,114.25,1.75,2008-10-01,2008,10,462.37351684570314,89.56656569223554,130.9634522453187,111.2058885362413,182.34510110522072,293.550982375372,43.18374301970951,130.2571040077815,264.62239757719493,462.37510569738964,900.4383701869418
MY_0p5_1.7500_114.7500,114.75,1.75,2008-10-01,2008,10,424.1647302499089,90.13981893272597,134.17949925556084,106.40613449175741,172.3628717135889,278.76900075013157,43.10936003769001,130.0279159941204,264.07355795746645,460.84576574137793,898.0566067868565
MY_0p5_2.2500_101.7500,101.75,2.25,2008-10-01,2008,10,282.6118422999527,87.76078965928819,126.24453958838879,34.27822490653606,86.9895318541864,121.26775676072246,42.276348306675146,127.49057638765586,260.0403248180043,457.66528320312506,887.4725310971039
MY_0p5_2.2500_102.2500,102.25,2.25,2008-10-01,2008,10,255.6900129546389,87.31783455296566,122.95306513298073,25.106211904133335,80.04952656139027,105.15573820999364,42.015098827307305,126.535010780444,257.8192372299267,452.5093605735085,878.8786977375523
MY_0p5_2.2500_102.7500,102.75,2.25,2008-10-01,2008,10,243.467847799953,88.72553202472155,123.24071345751797,19.870231731028493,77.33208552493325,97.20231659804719,42.019652028627036,126.61147762250299,258.4989722529544,455.7752177564403,882.9053207590609
MY_0p5_2.2500_103.2500,103.25,2.25,2008-10-01,2008,10,239.93895229763453,89.69792955186631,123.12617080930679,22.000059152027916,82.10073917933873,104.10079796200706,42.29597388373481,127.6218240889292,260.41814788333954,458.34678199404766,888.6827096121651
MY_0p5_2.2500_103.7500,103.75,2.25,2008-10-01,2008,10,235.72291989084022,93.27055162332826,120.07019146418166,30.290534772711283,62.77043958760923,93.06097282797602,41.943766745874434,126.50206329862952,258.1646864034362,453.77354932882014,880.3840652724443
MY_0p5_2.2500_104.2500,104.25,2.25,2008-10-01,2008,10,232.83008035799352,95.6817798149295,120.71119645804414,34.88575892803098,42.42022377203319,77.30598071389947,42.25974491213965,127.82535054861022,261.08397226885336,459.247702354242,890.4167717547457
MY_0p5_2.2500_104.7500,104.75,2.25,2008-10-01,2008,10,231.33438110351562,97.68567657470703,,,,,,,,,
MY_0p5_2.2500_109.7500,109.75,2.25,2008-10-01,2008,10,399.8913967993952,93.25204320107737,,,,,,,,,
MY_0p5_2.2500_111.2500,111.25,2.25,2008-10-01,2008,10,385.21465921401983,87.03512457013129,115.50706212660845,86.00545019261978,184.30484569773955,270.3102924122529,43.17738196429084,130.4128299039953,265.81956257539633,467.8747311760397,907.2845360251032
MY_0p5_2.2500_111.7500,111.75,2.25,2008-10-01,2008,10,396.4377604166666,83.89099402049231,114.90711296929254,86.95027955070374,188.09062504844061,275.0409033396887,43.192283727252295,130.4504148937407,265.86119336325027,467.84038890051465,907.3442973787822
MY_0p5_2.2500_112.2500,112.25,2.25,2008-10-01,2008,10,417.2155566018725,82.11806250678168,112.40492904905288,103.13363310798766,204.6261008610801,307.7597394670759,43.24554341634114,130.57934362017917,265.9546537853422,467.3897922092014,907.1693219866071
MY_0p5_2.2500_112.7500,112.75,2.25,2008-10-01,2008,10,439.15546749054437,82.34708988250249,112.15962657625712,124.64340767027839,222.09692649235797,346.740337844122,43.3005388532366,130.70670306493366,266.02125912620903,466.8074438670325,906.835940406436
MY_0p5_2.2500_113.2500,113.25,2.25,2008-10-01,2008,10,462.2185731918093,84.33575495159816,115.85496797107518,127.46660461425783,224.69646107507134,352.1630705333892,43.31463328770229,130.72669716486857,265.9689265175472,466.416922045511,906.4271831209699
MY_0p5_2.2500_113.7500,113.75,2.25,2008-10-01,2008,10,457.92186205900174,86.2186182722261,117.96447845652135,114.81078797352467,221.18264992629426,335.99343447142013,43.270330924022055,130.5479128873801,265.32255776320835,463.913771037814,903.0545791432828
MY_0p5_2.2500_114.2500,114.25,2.25,2008-10-01,2008,10,431.9800334627665,88.29385141039651,123.17945147317553,99.91284438844711,190.5176797533792,290.4305293007502,43.10709992666093,130.0602521139478,264.3097420828683,461.69843895321804,899.1755324590773
MY_0p5_2.2500_114.7500,114.75,2.25,2008-10-01,2008,10,401.1272393011278,89.33378950549712,128.82030445221932,87.27092437744143,156.2001567963631,243.47107829432338,42.953009057814086,129.6051279867849,263.3751439248362,459.75478810956406,895.6880782588838
MY_0p5_2.2500_115.2500,115.25,2.25,2008-10-01,2008,10,367.5011291503906,89.95018005371094,132.6017303466797,75.49082946777344,117.11368560791016,192.60452270507812,42.62938690185547,128.6565704345703,261.4489440917969,455.5863037109375,888.3212280273438
MY_0p5_2.7500_101.2500,101.25,2.75,2008-10-01,2008,10,322.93572998046875,85.00257110595703,121.90360260009766,43.98762130737305,130.5224609375,174.5100860595703,42.79408645629883,129.34567260742188,263.9679870605469,465.3509216308594,901.4586791992188
MY_0p5_2.7500_101.7500,101.75,2.75,2008-10-01,2008,10,291.6267956023521,83.90980016534978,110.695991377397,47.05594922152432,121.24019056840375,168.29614682284267,42.562244096235794,128.54057384144176,261.78391135475846,459.2955029296874,892.1822343306109
MY_0p5_2.7500_102.2500,102.25,2.75,2008-10-01,2008,10,257.74702220357904,83.77492280219012,123.3302388768287,25.357938985156405,84.00867044242324,109.36660752023103,42.65707430262474,128.77613296022838,262.01546036058176,458.5012433483343,891.9499062702154
MY_0p5_2.7500_102.7500,102.75,2.75,2008-10-01,2008,10,235.0487035437475,85.49319981925095,121.38489728034295,19.064124590233913,73.19128502471537,92.25541015818149,42.69850940945782,129.08756811407548,263.6364414842823,465.24831448325625,900.6708343119561
MY_0p5_2.7500_103.2500,103.25,2.75,2008-10-01,2008,10,226.68081383188823,88.3018350783427,114.14033996679221,22.18079452150187,61.15559772321373,83.33639239657457,41.614962474555725,125.24441287775709,255.76477624200712,450.6744705491764,873.2986353005574
MY_0p5_2.7500_103.7500,103.75,2.75,2008-10-01,2008,10,224.30834091849948,92.23813111678413,109.70767465055263,22.810701853668636,35.90440103205668,58.71510093442856,40.50924686133038,121.41834568428006,248.02089849375363,436.43364409697216,846.3821388631372
MY_0p5_2.7500_104.2500,104.25,2.75,2008-10-01,2008,10,228.53004567763384,95.15820974462173,118.59066772460938,20.327930450439453,18.712970733642578,39.04090118408203,42.023834228515625,127.17534637451172,259.970703125,457.4041442871094,886.5740356445312
MY_0p5_2.7500_111.2500,111.25,2.75,2008-10-01,2008,10,386.81761053677263,86.6009107918575,114.35416681626263,75.78617208144243,149.8309496711282,225.6171246696921,43.05839875165154,130.09097155402688,265.34953218347886,467.6470220229205,906.1459512149586
MY_0p5_2.7500_111.7500,111.75,2.75,2008-10-01,2008,10,391.7605444486023,84.13774649823297,113.58816771671688,78.23407705898941,160.66861928742506,238.9026983853044,43.0966426421856,130.1936991461392,265.4971145103718,467.7175492911503,906.5050159322805
MY_0p5_2.7500_112.2500,112.25,2.75,2008-10-01,2008,10,405.8362476976612,82.66963058181956,112.29433377583821,92.15321329752605,176.88098561604818,269.0342029825847,43.14370498657227,130.3189251200358,265.66019531250004,467.65908986409505,906.781909383138
MY_0p5_2.7500_112.7500,112.75,2.75,2008-10-01,2008,10,429.22141835659363,82.66645849203762,113.84861767442919,117.87987214100511,220.3026495342013,338.18252186835565,43.295864032793645,130.71611998352822,266.1679510768456,467.546392706376,907.7263309140748
MY_0p5_2.7500_113.2500,113.25,2.75,2008-10-01,2008,10,457.99763522677944,84.1602531554207,118.77346397278801,133.28944164457772,248.889899844215,382.1793417309957,43.41024447244311,131.0027124314081,266.49325580899676,467.32601211790046,908.2322434198288
MY_0p5_2.7500_113.7500,113.75,2.75,2008-10-01,2008,10,453.07125689269634,86.18045427844783,120.90852586782663,116.21073673029613,239.92923153433833,356.1399609025117,43.3335318960202,130.7351818206204,265.7397545492573,464.93758076467327,904.7460599279708
MY_0p5_2.7500_114.2500,114.25,2.75,2008-10-01,2008,10,421.58707756332205,87.81012976924076,122.24294679376143,88.01165382771552,208.41661158694495,296.42826437648336,43.160963118830814,130.20476647871962,264.55071751075457,462.0035567464708,899.9200157455251
MY_0p5_2.7500_114.7500,114.75,2.75,2008-10-01,2008,10,388.5730506265239,90.63536584453216,125.99075013664878,84.23472881924576,166.67432308804456,250.90904950184427,42.977087737648354,129.70834967740782,263.76199923958745,461.1187037571221,897.5661679407592
MY_0p5_2.7500_115.2500,115.25,2.75,2008-10-01,2008,10,358.64455846838047,90.3236678527282,128.61089572390992,70.20679515116923,110.95706190504468,181.16386427320873,42.46887866870776,128.15642602594048,260.25044896581153,452.159752648156,883.0355175121409
MY_0p5_3.2500_101.2500,101.25,3.25,2008-10-01,2008,10,321.1190016004775,83.0270631248385,125.91390492480089,45.79552170274786,150.31773756450252,196.11326308194765,43.01366616037569,129.96147731677104,265.02598827080044,466.81400165483643,904.8151606103326
MY_0p5_3.2500_101.7500,101.75,3.25,2008-10-01,2008,10,301.9570975825471,79.03387978426211,109.90975859818187,47.57969942518101,143.72314601339355,191.30284573014376,42.75309506799006,129.01489986735547,262.22209449330717,458.05225629867266,892.042368311791
MY_0p5_3.2500_102.2500,102.25,3.25,2008-10-01,2008,10,265.6259484185113,81.73139684767949,122.0969692896283,24.497476844182092,91.61032051207528,116.10779348706441,42.76475774371435,129.1662391299293,263.19549851190476,462.34827289884055,897.474788217696
MY_0p5_3.2500_102.7500,102.75,3.25,2008-10-01,2008,10,237.447704701484,83.48593726339219,119.63652540762212,24.426932642731487,88.53195965440966,112.95889108392257,42.74621520464933,129.1857790403728,263.6074903464015,464.37394482576394,899.9134575566158
MY_0p5_3.2500_103.2500,103.25,3.25,2008-10-01,2008,10,221.28364393998436,86.43014491575161,106.95353803106552,26.526158255163935,67.99708057614801,94.52324239128188,40.811737246932736,122.28195585567711,249.69300121593167,439.9379262520359,852.7246449622736
MY_0p5_3.2500_112.2500,112.25,3.25,2008-10-01,2008,10,397.57156100802956,83.50327674018011,112.90930226643883,80.44921756320531,157.96693488226998,238.41615125868057,43.07290513780382,130.1312964545356,265.4159796820747,467.67758789062503,906.2977701822917
MY_0p5_3.2500_112.7500,112.75,3.25,2008-10-01,2008,10,425.46415587394466,84.33976948645807,117.0960096765737,107.30190083237946,200.68343866066857,307.9853343025583,43.235557868832444,130.55838500476275,265.9743374683818,467.66813184394215,907.4364068703572
MY_0p5_3.2500_113.2500,113.25,3.25,2008-10-01,2008,10,462.3996588914914,86.58021336032036,121.77934221787885,124.3059737176606,222.38409978693178,346.6900746894605,43.3351200132659,130.80826233372545,266.2526024327134,467.4792138301965,907.8751958211262
MY_0p5_3.2500_113.7500,113.75,3.25,2008-10-01,2008,10,459.4503749302455,88.31571941072978,120.49380706302703,121.61633232964411,235.92710634261846,357.54343300471226,43.355793895418685,130.82130330403643,266.0467072986421,466.2048004634796,906.4286068870907
MY_0p5_3.2500_114.2500,114.25,3.25,2008-10-01,2008,10,428.7321216558954,90.549462142264,120.92424081693031,108.12589465584722,241.8478443121454,349.97373097413663,43.32764687507775,130.66475468532292,265.3403876237809,463.26086629879694,902.5936531990196
MY_0p5_3.2500_114.7500,114.75,3.25,2008-10-01,2008,10,388.59238312350726,94.00633208159431,127.64785044967749,94.77354145657486,210.9331693224087,305.70670532420945,43.21035614742595,130.36568344019022,264.9739692833773,463.37878845603615,901.9287980195065
MY_0p5_3.2500_115.2500,115.25,3.25,2008-10-01,2008,10,345.60417774055577,91.95163895812216,124.18860771082623,58.7689287813404,109.68698390526106,168.45591151563428,42.45136279094068,128.07460430000404,259.9439258816876,451.00887810429447,881.478778307951
MY_0p5_3.2500_115.7500,115.75,3.25,2008-10-01,2008,10,329.76986385731215,90.67329586757702,121.30935780385907,74.00204424911671,122.46445045042574,196.46648809883033,42.48184958468662,128.23082450266634,260.57074831844716,453.2937375186534,884.5771456943469
MY_0p5_3.7500_100.7500,100.75,3.75,2008-10-01,2008,10,349.26983642578125,82.2434310913086,129.93051147460938,53.17027282714844,178.1341552734375,231.30442810058594,43.184818267822266,130.41883850097656,265.6822204589844,467.1771545410156,906.4630126953125
MY_0p5_3.7500_101.2500,101.25,3.75,2008-10-01,2008,10,347.46999834685045,79.43628583988327,127.54234649756965,56.749931211996234,172.07507343971227,228.82501087373902,43.155380113225156,130.3043618310231,265.288706066539,465.69090680860006,904.4393614735034
MY_0p5_3.7500_101.7500,101.75,3.75,2008-10-01,2008,10,329.93380400713755,75.77638490032999,118.81450653076175,43.554607974495866,131.2081255335717,174.76273598640591,42.886421689561985,129.41781966093998,263.04059654284436,459.3967474676242,894.7415753990224
MY_0p5_3.7500_102.2500,102.25,3.75,2008-10-01,2008,10,287.98299502418155,77.92619326152499,122.32901928614056,37.128494625999814,111.77889222644625,148.90738806346104,42.833857375856425,129.3330341641865,263.28534555586555,461.44525969974575,896.8975136408728
MY_0p5_3.7500_102.7500,102.75,3.75,2008-10-01,2008,10,251.40498468308223,81.80999910869296,118.30027066185359,33.89917596483987,106.66351582360646,140.56269095284594,42.77087653023855,129.2227058531746,263.44207502092627,462.96634686182415,898.402005828373
MY_0p5_3.7500_103.2500,103.25,3.75,2008-10-01,2008,10,227.00812801041926,84.25604691828389,106.91298068177467,34.99233060350605,93.10887615727444,128.1012125651042,42.11242375093348,126.97250270469517,259.00296882180606,455.1135573443244,883.2014473709406
MY_0p5_3.7500_113.2500,113.25,3.75,2008-10-01,2008,10,466.5272245407105,89.61387777328493,121.54335272116741,120.58123991919346,207.22356877561478,327.80481757492316,43.28014486344134,130.64610015368854,265.92631355660865,466.8697784924117,906.7223150534709
MY_0p5_3.7500_113.7500,113.75,3.75,2008-10-01,2008,10,474.95567799577816,91.83129454113187,117.09150034092777,115.4194351739482,219.96940514030584,335.38884283269493,43.315363454973046,130.70976978289656,265.86125721360486,466.06177646674,905.9481416473883
MY_0p5_3.7500_114.2500,114.25,3.75,2008-10-01,2008,10,468.29094801531727,94.22551712762741,117.84277568998792,121.25972512865823,244.81894923618864,366.07867296006947,43.39751509409102,130.9025700644841,266.0022884308346,465.4498946901352,905.7522614009797
MY_0p5_3.7500_114.7500,114.75,3.75,2008-10-01,2008,10,430.0424358065166,95.98258092971075,123.82680068243118,111.80526167854431,228.51522047254772,340.3204864501953,43.31626727391803,130.68402419317337,265.6735783652653,465.1472040085565,904.8210489908852
MY_0p5_3.7500_115.2500,115.25,3.75,2008-10-01,2008,10,365.4681329636346,91.60601528107175,119.13593059721447,51.600650436159164,111.74463992648656,163.3452918643043,42.55251693725586,128.36070159427703,260.5110411628844,452.3430666000124,883.7673157707093
MY_0p5_3.7500_115.7500,115.75,3.75,2008-10-01,2008,10,335.6012990388939,89.1435453016981,120.54249841703783,66.67370726221756,118.93575478972292,185.60945700226927,42.53844869051048,128.35680943770376,260.6307748478951,452.82260022060467,884.3486205176483
MY_0p5_4.2500_100.7500,100.75,4.25,2008-10-01,2008,10,418.6258018493653,82.76798050046905,125.6453991948342,80.15209057866312,194.9315161880182,275.08362077985487,43.23100263634507,130.54312638263315,265.83632102499206,467.0341055733818,906.6445648816168
MY_0p5_4.2500_101.2500,101.25,4.25,2008-10-01,2008,10,408.6431395064953,76.53805121646565,119.39898596599606,89.65595928119248,202.2836098640588,291.9395591104107,43.16206279681746,130.22930451411352,264.531150477707,461.45361298968083,899.376089496977
MY_0p5_4.2500_101.7500,101.75,4.25,2008-10-01,2008,10,373.2498322057561,77.0349651982609,127.74409265487722,46.97114862192173,130.1770172606642,177.14816298804726,42.91628707788242,129.6207851129599,264.05889570827304,463.6431686840119,900.2391649922623
MY_0p5_4.2500_102.2500,102.25,4.25,2008-10-01,2008,10,321.9734252344686,80.72940355977312,125.48336550679072,34.197986212782205,98.82239907846666,133.0203861809386,42.720795494298976,129.0658583960975,263.10795042385314,462.28500317460816,897.1796091097995
MY_0p5_4.2500_102.7500,102.75,4.25,2008-10-01,2008,10,274.2791849124204,82.19738822985607,114.06372813814006,38.10634468467373,110.2757354784923,148.38207565599186,42.62198122595526,128.68573411103267,261.8112156375958,457.36373347385677,890.4826819547424
MY_0p5_4.2500_103.2500,103.25,4.25,2008-10-01,2008,10,234.56322820007568,85.91586500427034,101.83951212387882,31.133529756127334,87.46779544843614,118.60132218736392,42.43338568285368,128.22648721621843,261.4698060996026,458.5722219221269,890.7019140795134
MY_0p5_4.2500_113.7500,113.75,4.25,2008-10-01,2008,10,527.7124776688834,96.67423837835139,114.83542050055738,95.99918912491708,192.6783789868625,288.6775806355027,43.208638065266165,130.40101465189232,265.2699014915611,465.06173187831666,903.9412813006708
MY_0p5_4.2500_114.2500,114.25,4.25,2008-10-01,2008,10,545.056015972313,97.72648096268702,113.7984331639117,92.53439908414273,196.90016704544598,289.4345585296513,43.237760079873574,130.46230672593285,265.2985410948057,464.89979594462636,903.8983910755761
MY_0p5_4.2500_114.7500,114.75,4.25,2008-10-01,2008,10,501.9734539794922,97.92746668497725,118.55653396606448,128.89038635253908,223.7730854288737,352.6634608968099,43.3438912455241,130.74182840983076,265.67374247233073,464.94688842773445,904.7063187662761
MY_0p5_4.2500_115.2500,115.25,4.25,2008-10-01,2008,10,412.458505206638,94.73399927881029,116.61638177765742,61.37969884607528,116.98437062899272,178.36406649483578,42.60130409399669,128.5136604838901,260.81083658006463,452.86894692314996,884.7947427961562
MY_0p5_4.2500_115.7500,115.75,4.25,2008-10-01,2008,10,356.49124424821247,90.47292565814521,114.05762194617319,60.050304205942965,110.87461653887216,170.9249187404827,42.51458140227755,128.28344524836137,260.46371408236234,452.40528667902544,883.6669866012317
MY_0p5_4.2500_116.2500,116.25,4.25,2008-10-01,2008,10,333.68362687273725,97.91647390039957,117.4462349124071,82.67135941110007,135.76044291984746,218.43179870233305,42.62224888220066,128.6411445431593,261.37730686839035,454.85565613537307,887.4963725020247
MY_0p5_4.2500_116.7500,116.75,4.25,2008-10-01,2008,10,324.54683019384487,102.7329509051549,115.74047454657584,84.99970979635427,143.65471194934295,228.65442556039451,42.635361577734095,128.73028723215094,261.84260938346733,456.80514790970466,890.0134330264409
MY_0p5_4.2500_117.2500,117.25,4.25,2008-10-01,2008,10,324.8570503977548,107.81585089084322,114.36130972668134,71.72750648566053,126.21373600242411,197.94124549258075,42.55971932200204,128.6021330166707,262.10222213880155,459.18596345344474,892.4500386736037
MY_0p5_4.2500_117.7500,117.75,4.25,2008-10-01,2008,10,300.0751053247697,109.673703511556,107.3766241155119,45.02679306421525,74.89771608205942,119.92451020591281,40.7505548754309,122.25407445532646,249.173329801641,435.8172201825003,847.9951844826724
MY_0p5_4.2500_118.2500,118.25,4.25,2008-10-01,2008,10,245.7501500893755,110.99556665253223,96.91954332096563,28.465892621666008,29.657857931343614,58.12375196226085,37.68238636186928,111.23422246070426,226.38880774625548,394.0349614817626,769.3403845137093
MY_0p5_4.2500_118.7500,118.75,4.25,2008-10-01,2008,10,214.4685408980758,112.54989708794487,91.6920394897461,26.023996353149414,15.378174781799316,41.40217208862305,35.994205474853516,105.10435485839844,213.7444305419922,371.2077941894531,726.05078125
MY_0p5_4.7500_100.2500,100.25,4.75,2008-10-01,2008,10,469.8823615180122,89.57937876383464,,,,,,,,,
MY_0p5_4.7500_100.7500,100.75,4.75,2008-10-01,2008,10,456.7395751117028,83.3336162427916,119.40950502225054,87.78440137413459,198.03812061092717,285.8225354450505,43.23655753407052,130.51363900037316,265.49809302353276,465.18957990940993,904.4378954879636
MY_0p5_4.7500_101.2500,101.25,4.75,2008-10-01,2008,10,428.8634979765294,76.50930841839502,111.76034361824158,99.49407338944691,203.33347521585134,302.82754506913443,43.15923293582977,130.2019468761626,264.35265163845486,460.4769061376178,898.1907383510046
MY_0p5_4.7500_101.7500,101.75,4.75,2008-10-01,2008,10,382.4117829146659,79.49248768639943,125.65400126623732,79.96387752956814,164.66031295534162,244.62418987940234,43.02625604054285,129.9154697478764,264.44348687065974,463.43066193111366,900.8158772786461
MY_0p5_4.7500_102.2500,102.25,4.75,2008-10-01,2008,10,328.43818126860117,83.03987230573381,120.99982183547247,72.75043258666992,172.05132591610865,244.80175301688055,42.94006674630301,129.62213541666668,263.66592290969123,460.9584777832032,897.1865734281993
MY_0p5_4.7500_102.7500,102.75,4.75,2008-10-01,2008,10,278.1160302617747,84.74417359661902,110.46743980942254,52.7863849105349,147.92967199823656,200.71605609480739,42.72914373798734,129.044077247571,262.68315202263506,459.37560413141904,893.8319900415503
MY_0p5_4.7500_103.2500,103.25,4.75,2008-10-01,2008,10,237.2240729309371,88.86469200475894,96.13038018708741,40.848074585749224,114.96258898238857,155.81066894531253,41.00134064790508,122.95591617598308,250.47193351267015,437.94396308251424,852.3731498014445
MY_0p5_4.7500_103.7500,103.75,4.75,2008-10-01,2008,10,209.16997246993216,91.2264404296875,82.86905848515498,20.42039732499556,62.55214517766778,82.97254448432426,37.12118242932604,108.94338969441202,222.24635493290887,389.56495289988334,757.8758536995231
MY_0p5_4.7500_113.7500,113.75,4.75,2008-10-01,2008,10,622.313232421875,100.21561431884766,,,,,,,,,
MY_0p5_4.7500_114.2500,114.25,4.75,2008-10-01,2008,10,622.313232421875,100.79427119663784,114.81455993652344,111.4800796508789,220.11341857910156,331.593505859375,43.31611251831055,130.71127319335938,265.7996520996094,465.7363586425781,905.5634155273438
MY_0p5_4.7500_114.7500,114.75,4.75,2008-10-01,2008,10,572.5171259398101,102.6524170906313,118.25927570302,150.44891447662025,254.15292883432042,404.6018305952831,43.44915197228873,131.03575035833543,266.11221772880964,465.1633034982989,905.7604028845348
MY_0p5_4.7500_115.2500,115.25,4.75,2008-10-01,2008,10,481.7892510096232,102.17018373807271,117.9462889432907,94.16756455103554,174.51556249459583,268.68310912450147,42.92392818133036,129.4952594041824,262.89738623301184,457.5074954032896,892.8240960439045
MY_0p5_4.7500_115.7500,115.75,4.75,2008-10-01,2008,10,408.3671925378224,97.19971369183253,112.74030364505829,58.95627217368474,109.77945583282956,168.73572576613654,42.572549099392354,128.4473455035497,260.76285497271823,453.1109024290055,884.8936754014758
MY_0p5_4.7500_116.2500,116.25,4.75,2008-10-01,2008,10,344.4168170262896,97.82398998926553,117.95879192049537,60.2461111280653,112.9677821810283,173.21389426579546,42.61864924355158,128.63132968478732,261.4337733677454,455.5848661876859,888.268654862661
MY_0p5_4.7500_116.7500,116.75,4.75,2008-10-01,2008,10,312.4843591617633,100.5304710774482,115.13611704186546,59.60637870015976,115.24125125740147,174.84762978855568,42.50247302236437,128.2841465624073,260.7363969827,454.0796748294106,885.6027310528333
MY_0p5_4.7500_117.2500,117.25,4.75,2008-10-01,2008,10,319.0693112327939,103.742627195328,110.7582035851857,52.478525821746345,102.4152082655165,154.89373745388454,42.296727789015996,127.69561113630019,259.6270406087239,451.87162727477056,881.4910173688615
MY_0p5_4.7500_117.7500,117.75,4.75,2008-10-01,2008,10,292.7118692518789,107.38569534881205,108.93042810657356,38.40828428389151,67.70728100402447,106.11556707454633,41.916347793385945,126.55944087837314,257.28651544112194,447.07798757432374,872.8402785289136
MY_0p5_4.7500_118.2500,118.25,4.75,2008-10-01,2008,10,247.43743260062524,110.81404754025255,110.11735803038631,32.432802861659376,37.57287716506115,70.00568125355784,41.5464266293013,125.40742251142187,254.7006500090786,441.2345216070587,862.8890120156445
MY_0p5_4.7500_118.7500,118.75,4.75,2008-10-01,2008,10,222.2336244220975,112.72449850734276,112.51865676686734,31.0974195456203,20.000630427010453,51.09805138503448,41.386049681071995,124.92389263684238,253.73040076147151,439.44251183618474,859.4828514388845
MY_0p5_5.2500_100.2500,100.25,5.25,2008-10-01,2008,10,456.826768467192,92.25020811047858,67.3488540649414,47.51888656616211,120.51132202148438,168.03021240234375,28.585233688354492,77.47401428222656,157.29164123535156,273.9974060058594,537.3482666015625
MY_0p5_5.2500_100.7500,100.75,5.25,2008-10-01,2008,10,437.63580491807727,87.27626390095,116.35829855381758,79.40173896701857,179.34569751257186,258.74743512033046,42.2691751019708,127.09227831610318,258.49685861872535,452.19156585342586,880.0498706335309
MY_0p5_5.2500_101.2500,101.25,5.25,2008-10-01,2008,10,401.07342868381073,82.38468673948258,113.23895513140965,81.08173895941839,181.61007268996465,262.6918181888641,43.01672053261408,129.8207769969153,263.8032593742249,460.0310005309089,896.67178703187
MY_0p5_5.2500_101.7500,101.75,5.25,2008-10-01,2008,10,354.12442444236416,83.6890667957865,124.29267953763345,73.36292908297985,158.15906874541267,231.52199855731558,42.970330305160246,129.75262664989305,264.139415862454,462.84076821879984,899.7031467705018
MY_0p5_5.2500_102.2500,102.25,5.25,2008-10-01,2008,10,304.73831818210084,90.74087150233565,119.49355828837983,63.69939333921784,148.28929726181514,211.9886962987815,42.60869156175358,128.5657024019083,261.96746243033436,459.6741231930484,892.815980170183
MY_0p5_5.2500_102.7500,102.75,5.25,2008-10-01,2008,10,260.50423230099756,91.2053279998196,107.74772289728712,53.58462727433544,129.64062829745018,183.2252532958984,41.55482909639003,124.88389015844314,254.35759277343752,445.11339866508865,865.9096814171742
MY_0p5_5.2500_103.2500,103.25,5.25,2008-10-01,2008,10,234.59212725604024,93.9895427239635,105.88933434424463,54.75346102033343,123.61467284660834,178.36813394125406,42.333483832223074,127.87164346273843,260.5955846216772,456.006310797357,886.8070111955916
MY_0p5_5.2500_115.2500,115.25,5.25,2008-10-01,2008,10,528.8091420819683,106.061155996015,118.27242028908653,89.92435905581615,177.81427477226885,267.7386279496991,42.862249718337765,129.24739925196914,262.15928774974384,455.7735445616675,890.0424944768187
MY_0p5_5.2500_115.7500,115.75,5.25,2008-10-01,2008,10,483.62479791035224,104.46691162978546,115.07366149385096,64.13241446543547,126.41008595612091,190.54249846894862,42.58050468574136,128.38930526992021,260.32780130677304,451.813437148272,883.1110701221529
MY_0p5_5.2500_116.2500,116.25,5.25,2008-10-01,2008,10,377.2685240733473,100.3857073964952,115.2020681839955,56.33932648429388,110.14496868471558,166.48429474649552,42.6140205648881,128.62604921075362,261.53237055524994,456.44813363763353,889.2205903258505
MY_0p5_5.2500_116.7500,116.75,5.25,2008-10-01,2008,10,324.35484400881995,101.51647309411928,116.16094753410242,65.67642104474804,126.59890505633774,192.27532756177686,42.65093205850335,128.72395669961276,261.6413501787789,456.08651829973047,889.1027681374851
MY_0p5_5.2500_117.2500,117.25,5.25,2008-10-01,2008,10,337.2063281831287,105.06114102318175,115.22512902153862,71.91835627480158,140.71208694700212,212.63044399685327,42.713338361467635,128.9549159458705,262.323379952567,458.11064288426957,892.102285233755
MY_0p5_5.2500_117.7500,117.75,5.25,2008-10-01,2008,10,314.9004243396577,107.7192670307462,112.26596829853361,69.91907363164992,115.8585724845765,185.77764994303382,42.50391676161025,128.36552249968997,261.29594978453616,456.5702213347904,888.7356216672868
MY_0p5_5.2500_118.2500,118.25,5.25,2008-10-01,2008,10,264.38752886314535,110.43993222181962,112.18646478349235,59.467491186348504,72.06445243252311,131.53194514960998,42.13731596879898,127.28460430947078,259.17954881024207,452.56100949815874,881.1625033822031
MY_0p5_5.2500_118.7500,118.75,5.25,2008-10-01,2008,10,228.64456832885747,112.86719561380053,113.69090949164496,39.196462366316055,30.017627980973987,69.21409098307292,41.65997076034546,125.81652545928956,255.98221121893988,445.4254383511014,868.8841637505426
MY_0p5_5.2500_119.2500,119.25,5.25,2008-10-01,2008,10,205.77296991217625,114.58986794607979,114.2646255493164,30.86509895324707,14.389988899230957,45.255088806152344,41.46638107299805,125.2157974243164,254.64556884765625,442.3548583984375,863.6826171875
MY_0p5_5.7500_100.2500,100.25,5.75,2008-10-01,2008,10,429.46139402647276,96.53310559246991,104.06869996797055,57.7605939742622,154.13097458585688,211.8915780443664,36.20603354917754,105.1779019417019,214.17224373073753,375.7716789595578,731.32783102333
MY_0p5_5.7500_100.7500,100.75,5.75,2008-10-01,2008,10,406.3759358723958,93.849781363351,116.01994364420571,67.32133083343506,158.78579854329428,226.10712738037105,41.171155586242676,123.20608149210611,250.80765299479168,439.51337178548175,854.698251546224
MY_0p5_5.7500_101.2500,101.25,5.75,2008-10-01,2008,10,374.75476338544235,90.980743708573,119.90992691760928,57.8272075953446,147.24794568039303,205.0751595684863,42.83351614343839,129.33354018804596,263.13120035486895,459.8183395505891,895.1166208822898
MY_0p5_5.7500_101.7500,101.75,5.75,2008-10-01,2008,10,327.450568262736,91.80043592453002,126.62971550623578,48.910650889078774,100.20572417577108,149.11637550989795,42.56927839914959,128.6128883679708,262.0177619934082,458.8429227193197,892.0428718566897
MY_0p5_5.7500_102.2500,102.25,5.75,2008-10-01,2008,10,275.2307253128443,99.07863492232102,117.33321470523923,41.66928363889957,52.126738975345084,93.79602710967914,41.330578274197045,124.4611983893295,253.96605952099117,445.46593899197046,865.2237906407828
MY_0p5_5.7500_102.7500,102.75,5.75,2008-10-01,2008,10,246.81231933593753,97.02726171549084,92.01387786865234,34.20119094848633,50.02395248413086,84.22514343261719,35.88923645019531,104.55496978759766,213.16412353515625,373.1700744628906,726.7783813476562
MY_0p5_5.7500_103.2500,103.25,5.75,2008-10-01,2008,10,228.07827758789062,98.65151977539062,,,,,,,,,
MY_0p5_5.7500_115.2500,115.25,5.75,2008-10-01,2008,10,555.7725911458333,107.53377202351888,126.38121795654297,125.8121109008789,229.4353485107422,355.2474670410156,43.317447662353516,130.74583435058594,265.938232421875,465.95562744140625,905.9571533203125
MY_0p5_5.7500_115.7500,115.75,5.75,2008-10-01,2008,10,498.579396440939,104.89953931562741,119.00642918178015,104.24591340564547,154.64036262148903,258.8862803141276,42.74054797944569,128.93871154785157,261.7665649414063,455.6353777204241,889.0812203543527
MY_0p5_5.7500_116.2500,116.25,5.75,2008-10-01,2008,10,395.42873234824526,99.50641288151816,112.15499316018723,84.90028756762307,110.84758039202009,195.74786803230407,42.37284635513548,127.78167148166231,259.0707897367932,448.7979519314236,878.0232764834449
MY_0p5_5.7500_116.7500,116.75,5.75,2008-10-01,2008,10,328.53372899615573,98.50016353546627,106.45812017047218,72.71371836586604,99.44942984202552,172.16314757816374,42.26759431627062,127.48829941522506,258.5575981987847,447.7017763168092,876.015277390253
MY_0p5_5.7500_117.2500,117.25,5.75,2008-10-01,2008,10,334.30528398868785,105.56864132565278,108.50547119044356,81.74830762219355,114.96068816079702,196.70899948938413,42.562878244682814,128.55836303903476,261.75939931779254,457.84244101731935,890.7230831110138
MY_0p5_5.7500_117.7500,117.75,5.75,2008-10-01,2008,10,317.0607111855159,109.49735548231337,108.16056859573261,85.61469896047707,107.28543984329941,192.9001397254483,42.611560207085326,128.8100769759825,262.88165692835054,462.391102835636,896.6943943100489
MY_0p5_5.7500_118.2500,118.25,5.75,2008-10-01,2008,10,279.01126184597825,111.31376015345255,109.11425944010416,98.33347632514106,96.3086686537001,194.64214497884115,42.41375122070313,128.18670071072052,261.47928249782984,458.9460957845053,891.0258314344618
MY_0p5_5.7500_118.7500,118.75,5.75,2008-10-01,2008,10,239.91943520766043,113.27452703622671,109.8594741821289,105.29876708984375,94.82844543457031,200.12721252441406,42.33457565307617,127.92518615722656,260.8330383300781,457.1784973144531,888.2713012695312
MY_0p5_6.2500_99.7500,99.75,6.25,2008-10-01,2008,10,432.67472211052393,104.26896069096583,143.08027436012446,106.50281702085982,204.26423928903978,310.7670529387718,43.19527311103289,130.44994762331942,265.67383664153346,466.47669592569036,905.7957423010538
MY_0p5_6.2500_100.2500,100.25,6.25,2008-10-01,2008,10,396.88082158565527,100.91750773787498,126.5297224395129,63.124371026486756,167.50784283073577,230.63222270109213,41.15946250448422,123.1876246861049,251.03705456792093,441.1889434191645,856.5730692960776
MY_0p5_6.2500_100.7500,100.75,6.25,2008-10-01,2008,10,370.89099109310905,99.72137851788732,120.8752242276107,53.87586225413909,144.25237506881183,198.1282424632187,42.17310309686256,126.95848548918619,258.3873597369692,453.08820970454275,880.607142857143
MY_0p5_6.2500_101.2500,101.25,6.25,2008-10-01,2008,10,348.95285081129805,99.23114459698019,120.09597813532903,50.887756758469806,126.18062873253454,177.06839153583235,42.63195530818059,128.72062589205228,261.84147291917066,458.3661076472356,891.5601553109976
MY_0p5_6.2500_101.7500,101.75,6.25,2008-10-01,2008,10,284.27461286272313,102.47954777308871,124.1472481863839,32.645367649623324,44.209271458217074,76.85463823590959,42.05685403006417,127.15632237025667,259.36148856026784,454.37027936662946,882.9449567522321
MY_0p5_6.2500_102.2500,102.25,6.25,2008-10-01,2008,10,253.75211270650232,103.79561070698063,121.22415161132812,25.239303588867188,15.052314758300781,40.29161834716797,41.74522018432617,126.23001861572266,257.4970397949219,450.6761169433594,876.1484375
MY_0p5_6.2500_115.7500,115.75,6.25,2008-10-01,2008,10,432.00250799005676,104.16038010337137,127.42300415039062,113.66444396972656,109.76679229736328,223.4312286376953,42.59467315673828,128.5303955078125,261.0318603515625,454.4774169921875,886.6343383789062
MY_0p5_6.2500_116.2500,116.25,6.25,2008-10-01,2008,10,383.0916167142098,101.88110438564368,118.10911865906566,85.39502916041974,80.36859774484506,165.76362283849505,42.114290766779014,126.98501667577264,257.3136741873451,445.0540997341341,871.4670681722363
MY_0p5_6.2500_116.7500,116.75,6.25,2008-10-01,2008,10,322.78030531141496,101.18956727527436,106.56930265880767,57.14633997357081,51.37282638549805,108.51916600787449,41.67503846183656,125.61979781862289,254.2444087921627,437.67525547572546,859.2144926525297
MY_0p5_6.2500_117.2500,117.25,6.25,2008-10-01,2008,10,305.2234450567336,106.13502650185237,104.2751482524569,59.65808708554223,59.1989067017086,118.85699666341146,41.48900777423192,124.9132330516028,253.98485446506075,441.98622911241324,862.3733237614707
MY_0p5_6.2500_117.7500,117.75,6.25,2008-10-01,2008,10,296.22678518295294,109.46727621555328,104.3554811979595,57.77937834444102,63.25110077439693,121.03048331277414,41.58303659004077,125.24264490674115,255.39942530581828,447.6817775079382,869.9068714164155
MY_0p5_6.2500_118.2500,118.25,6.25,2008-10-01,2008,10,292.80643354143416,110.93970162527901,106.43443298339842,58.48108523232596,67.67958750043597,126.16067341395787,42.31101853506906,127.92140116010394,261.1148485456194,458.842991420201,890.1902356828962
MY_0p5_6.7500_100.2500,100.25,6.75,2008-10-01,2008,10,385.4667670306037,102.63746227937587,134.3696420332965,65.7904034502366,169.30367088317868,235.0940808688893,43.029672398286706,129.9805912691004,264.85603467155903,465.31924438476557,903.1855387968175
MY_0p5_6.7500_100.7500,100.75,6.75,2008-10-01,2008,10,349.7438275372541,102.58958265516493,122.50487603081599,46.99358382048431,120.28296124493635,167.27654972782844,42.450110541449654,128.11035721390337,260.33404993127897,456.25788935908565,887.1524070457177
MY_0p5_6.7500_116.2500,116.25,6.75,2008-10-01,2008,10,322.7499501897001,105.6359030257824,110.59004434725135,52.05699436839035,27.86136403897914,79.9183584073695,41.1893083525867,124.0536428311976,250.52489490043826,429.21099779082505,844.978810380145
MY_0p5_6.7500_116.7500,116.75,6.75,2008-10-01,2008,10,308.6031738756232,105.94280624389648,104.13925252318855,45.55042526184806,24.23490321494845,69.78532825816761,40.00059215259175,119.70330804515734,242.06036533762816,415.79969805691076,817.5639559176599
MY_0p5_6.7500_117.2500,117.25,6.75,2008-10-01,2008,10,287.8999543801332,107.3002795031947,98.8412523860425,42.925885765953396,23.613191866241724,66.53907873778216,39.162665139257385,116.60467883759895,236.50623827908947,408.86797312508645,801.1415653735136
MY_0p5_6.7500_117.7500,117.75,6.75,2008-10-01,2008,10,275.84983317057294,108.75439940558539,101.23215866088867,47.57390248775482,30.862847685813907,78.436753988266,39.91963195800781,119.28838205337526,242.89552402496338,423.6106214523316,825.7141609191895
MY_0p5_7.2500_116.7500,116.75,7.25,2008-10-01,2008,10,286.4896309920183,107.77738867865668,100.18761609948199,40.369755255657694,12.584503347977348,52.95425862851349,38.81882005774457,115.607470703125,233.32583923339843,398.86251061480976,786.6146388841711
MY_0p5_7.2500_117.2500,117.25,7.25,2008-10-01,2008,10,275.00851412936373,107.95623043850735,98.42279887952303,35.2656434711657,10.116930238824143,45.382573499177624,38.28197053608142,113.65541952032791,229.5547398617393,393.0105552271793,774.5026971114308
MY_0p5_0.7500_110.2500,110.25,0.75,2008-11-01,2008,11,360.4888775165265,89.69981173001803,104.81362656813403,60.99929938683144,176.0963550274189,237.09565805288463,43.1300282404973,130.22353891225964,265.11401085486784,465.01277465820317,903.4803485576924
MY_0p5_0.7500_110.7500,110.75,0.75,2008-11-01,2008,11,358.95331290108817,90.97598604474749,112.42593351091656,70.32050661359514,175.9561050415039,246.27660696847096,43.14687461853027,130.32819628034318,265.62284851074213,467.20921238490513,906.3071358816964
MY_0p5_0.7500_111.7500,111.75,0.75,2008-11-01,2008,11,368.24279736715647,87.33108944363065,114.00000363304503,72.51827760726687,166.67588660830543,239.19416179354226,43.12514435298859,130.26410226973277,265.4903433663505,467.0159674750434,905.8955330016121
MY_0p5_1.2500_103.2500,103.25,1.25,2008-11-01,2008,11,302.2516123947588,83.31146240234375,93.59996136752044,39.73095980557529,142.14960514415395,181.88056494972926,39.547592856667265,117.38491457158871,239.3537739840421,421.1140906594017,817.4003656560725
MY_0p5_1.2500_103.7500,103.75,1.25,2008-11-01,2008,11,306.9828381584686,84.13435319326457,86.41011802895555,44.43411614131002,156.1009214827158,200.5350324019645,40.831777998544645,122.18833382615767,249.1935589244065,438.726464428948,850.9401280671648
MY_0p5_1.2500_104.2500,104.25,1.25,2008-11-01,2008,11,306.9689910888672,85.28890489850725,78.36708068847656,49.88271713256836,172.39956665039062,222.2822723388672,42.52513885498047,128.51060485839844,262.1560363769531,461.94464111328125,895.1364135742188
MY_0p5_1.2500_109.7500,109.75,1.25,2008-11-01,2008,11,369.8754007730139,91.24916379997529,103.2991714477539,75.4143404213779,180.77847970250141,256.1928275234728,43.18758033844362,130.4364546810288,265.81195436041037,467.65578010283326,907.0917748141001
MY_0p5_1.2500_110.2500,110.25,1.25,2008-11-01,2008,11,363.372147490159,90.40992813404925,104.95989430549065,68.35272070984125,184.77760933540964,253.13033003052234,43.17570681185337,130.35894875544844,265.39798680603735,465.6850029787042,904.6176515085817
MY_0p5_1.2500_110.7500,110.75,1.25,2008-11-01,2008,11,361.76589413597463,91.01884620303198,112.56912839374844,68.31217920212518,177.63515029180616,245.9473257397848,43.164657653324184,130.3773235987103,265.71519872271824,467.42026163736983,906.6774541945683
MY_0p5_1.2500_111.2500,111.25,1.25,2008-11-01,2008,11,363.0702180222582,89.03031911636695,113.01430062973462,72.16918572374047,166.4443923413944,238.6135844757763,43.11073215472432,130.22881119700668,265.46800548809415,467.100232401595,905.9077879689374
MY_0p5_1.2500_111.7500,111.75,1.25,2008-11-01,2008,11,369.3159053741939,86.4246576702784,112.27912854391431,80.38688562786768,165.72447834317646,246.1113630022321,43.11858955262199,130.24144393678694,265.42790101066464,466.8248276483444,905.6127435593377
MY_0p5_1.2500_112.2500,112.25,1.25,2008-11-01,2008,11,378.8258299851781,84.11975078292303,112.70656659276351,92.19024786005166,168.69769945483523,260.8879486703631,43.125766483055145,130.24245673629838,265.3321324072513,466.29060371515106,904.9909451092559
MY_0p5_1.2500_112.7500,112.75,1.25,2008-11-01,2008,11,389.51001103719074,82.48906612396242,111.70556275049844,116.25633939107259,182.20826880137125,298.46461550394696,43.16252215703329,130.28645515441895,265.0652224222819,464.3949069976807,902.9090881347655
MY_0p5_1.2500_113.2500,113.25,1.25,2008-11-01,2008,11,399.4837797745414,83.53933251422383,115.14848413882048,117.37639956266983,176.49290479577107,293.8693003778872,43.12347173276155,130.15279912533967,264.670604407269,463.0632425059443,901.0101228133491
MY_0p5_1.2500_113.7500,113.75,1.25,2008-11-01,2008,11,420.6151039817117,83.90302189913662,117.85286938060413,107.60251386237866,187.09467408151335,294.6971823952415,43.17964415116744,130.31251364043263,264.94173269560844,463.41025843764794,901.8441666111802
MY_0p5_1.2500_114.2500,114.25,1.25,2008-11-01,2008,11,451.7728220171633,83.02343675731558,116.97567776030144,107.40403815075359,211.08482698423674,318.4888694560633,43.27858943432834,130.6053955618259,265.5144745143114,464.4758905731471,903.874383166828
MY_0p5_1.2500_114.7500,114.75,1.25,2008-11-01,2008,11,463.2452727287046,81.68972655265563,112.2074712937878,123.57288360595705,259.18353222262476,382.7564303490424,43.46710721908077,131.1312255859375,266.3948826943674,465.5459319083921,906.5391786636845
MY_0p5_1.7500_102.7500,102.75,1.75,2008-11-01,2008,11,285.65039264826487,80.80336103913534,98.9133927822113,21.673896372318268,113.97046971321106,135.64436531066895,41.493536949157715,124.5860948562622,254.3323125839233,448.4654426574707,868.877384185791
MY_0p5_1.7500_103.2500,103.25,1.75,2008-11-01,2008,11,296.3030528654003,81.34370204380582,99.27503810882567,33.36969570159912,137.01784832000732,170.38753913879395,41.49128063201904,124.48818161010745,253.97648986816407,447.36968154907225,867.325637512207
MY_0p5_1.7500_103.7500,103.75,1.75,2008-11-01,2008,11,301.12593600116196,82.94650715212279,92.97409622578681,42.76397565044933,147.76299080667616,190.52696155596382,41.58219166043438,124.91218117822574,254.854653949979,448.94159283215487,870.2906165786936
MY_0p5_1.7500_104.2500,104.25,1.75,2008-11-01,2008,11,301.80391902923583,84.43172874450684,89.25364945286005,48.189690493798075,159.41199747721353,207.60168114004207,42.687746802041694,129.02723764818768,263.3028093678082,464.0819191156432,899.0997129928235
MY_0p5_1.7500_109.7500,109.75,1.75,2008-11-01,2008,11,365.7829921633698,91.28700216426407,103.28860473632812,76.60552215576172,181.32266235351562,257.9281921386719,43.191261291503906,130.44898986816406,265.8470458984375,467.77081298828125,907.2581176757812
MY_0p5_1.7500_110.2500,110.25,1.75,2008-11-01,2008,11,366.6276263976365,91.68177964952257,105.35506826798544,81.07099004735284,197.3634301659895,278.4344139711104,43.24695581038368,130.57710592504495,265.89506930590954,467.01617594836233,906.735325124812
MY_0p5_1.7500_110.7500,110.75,1.75,2008-11-01,2008,11,366.2475405606356,90.85726512562142,112.5819164276123,63.52485313415527,176.42921905517576,239.95407104492185,43.1841194152832,130.43259353637694,265.83845520019526,467.8267822265625,907.2819732666014
MY_0p5_1.7500_111.2500,111.25,1.75,2008-11-01,2008,11,365.84137699187744,87.53492121620783,111.55196785150571,72.22210079459256,166.58888769815135,238.81098526355836,43.13416332865871,130.29352033748182,265.590142396439,467.4210574127907,906.4388964275983
MY_0p5_1.7500_111.7500,111.75,1.75,2008-11-01,2008,11,368.69681191746184,83.832609297354,106.59519627728038,89.90388689161854,168.4685309204874,258.37242445161064,43.1336019250411,130.28196204463134,265.4976951502546,466.9564777808852,905.8697306958934
MY_0p5_1.7500_112.2500,112.25,1.75,2008-11-01,2008,11,374.82309173099577,81.61498008606925,108.09341665600975,97.0874015202598,171.72567942785838,268.8130904909164,43.134405517578124,130.26047096857948,265.31786004929313,466.0507189553881,904.7634443979414
MY_0p5_1.7500_112.7500,112.75,1.75,2008-11-01,2008,11,382.31268223353794,81.96629142155723,111.11177930075024,102.24005294073196,169.8592295813182,272.09928831070187,43.11646250164698,130.18673003665984,265.0533714657738,465.06624513656374,903.4227992466518
MY_0p5_1.7500_113.2500,113.25,1.75,2008-11-01,2008,11,391.2462377154638,83.31141989571707,114.6668697054424,108.64031238858661,167.87407982235862,276.5143893771701,43.085950857495504,130.08305039178757,264.74963068886404,464.02686409117683,901.9455072312126
MY_0p5_1.7500_113.7500,113.75,1.75,2008-11-01,2008,11,412.48277994791664,83.91015285915798,117.36156858413938,107.62329803951202,188.6324061318049,296.25570189460876,43.16492353166852,130.28077140687003,264.9260846819197,463.48538866799976,901.8571796719989
MY_0p5_1.7500_114.2500,114.25,1.75,2008-11-01,2008,11,443.45924382285466,83.3727089775933,117.9702147953094,107.07013372996497,213.22287883455792,320.2930237785218,43.29486037965805,130.66239992171998,265.6706770639571,464.9510614304315,904.5790192134797
MY_0p5_1.7500_114.7500,114.75,1.75,2008-11-01,2008,11,446.76155446106907,82.82523432914458,116.28971012886326,110.13156246521311,237.33044077818874,347.46200925204425,43.40163210142462,130.9617594190212,266.19203573434464,465.72406922967934,906.2795283658517
MY_0p5_2.2500_101.7500,101.75,2.25,2008-11-01,2008,11,355.28820276742033,75.07108615143132,104.63876080753828,48.675107551343515,168.77529105754815,217.4503999960543,42.64438340158174,128.56115152378277,262.09962848701866,461.3275676688763,894.6327391345092
MY_0p5_2.2500_102.2500,102.25,2.25,2008-11-01,2008,11,298.06872514788614,75.78344419926547,99.8657993517424,32.40851226149564,134.11388601640766,166.52239230945347,42.28793962834554,127.41585621080898,259.9204745498,457.62779257742403,887.2520743192097
MY_0p5_2.2500_102.7500,102.75,2.25,2008-11-01,2008,11,274.08201734325553,77.49654716781423,99.98361249513263,25.333293148233917,121.25757043572922,146.59086097041262,42.220094970509976,127.21080987664718,259.68641112122356,457.94826005380355,887.06557493572
MY_0p5_2.2500_103.2500,103.25,2.25,2008-11-01,2008,11,282.6303522987971,77.84874018109033,101.37884979248047,33.851799810500374,129.6119371202257,163.46373586503287,42.5511347089495,128.38540634881883,261.94601382300965,461.300539046999,894.1830779544891
MY_0p5_2.2500_103.7500,103.75,2.25,2008-11-01,2008,11,285.71711105088053,80.5503441762116,103.40856788764566,40.83263547218451,126.93805663545253,167.77069143521584,42.36401218478962,127.76279664120432,260.7758330781581,459.35875357934987,890.2613833669889
MY_0p5_2.2500_104.2500,104.25,2.25,2008-11-01,2008,11,283.18542703768105,82.29019506190852,107.05913096025955,45.59787031441681,129.3889137457225,174.98678223160672,42.8692524492248,129.63326433670423,264.76427415579803,467.0279689820345,904.2947549110603
MY_0p5_2.2500_104.7500,104.75,2.25,2008-11-01,2008,11,269.7066650390625,82.36801147460938,,,,,,,,,
MY_0p5_2.2500_109.7500,109.75,2.25,2008-11-01,2008,11,345.3185936712449,90.83098873015373,,,,,,,,,
MY_0p5_2.2500_111.2500,111.25,2.25,2008-11-01,2008,11,362.05805456638336,85.33574703335762,101.54905543607823,85.36735815160414,180.15218218635107,265.51954381606157,43.19061834671918,130.45732610365923,265.88519107594203,467.8961585549747,907.4292925666359
MY_0p5_2.2500_111.7500,111.75,2.25,2008-11-01,2008,11,360.2243066212488,82.6153824094742,102.59767720055959,81.31177334255642,175.31870742071246,256.6304844447545,43.17133135114398,130.40702882796998,265.81683727446057,467.86697203621037,907.262175060454
MY_0p5_2.2500_112.2500,112.25,2.25,2008-11-01,2008,11,358.6620550246465,80.36421753414093,106.06411806136842,76.35015680222283,165.80938376774864,242.15954270135788,43.12394570244683,130.27554389105902,265.57636912512396,467.39494522336935,906.3708147321429
MY_0p5_2.2500_112.7500,112.75,2.25,2008-11-01,2008,11,362.7398943219866,80.39272981673952,110.6226358080667,83.50888076055617,161.0140926300533,244.52296927315845,43.08667756337967,130.15444447350882,265.2630579388331,466.4686983623202,904.9728794642858
MY_0p5_2.2500_113.2500,113.25,2.25,2008-11-01,2008,11,372.8022240048363,82.1356177435981,116.04080192929221,93.5647425575862,157.77261042519223,251.33735249837244,43.05402331882053,130.047710164388,264.9778473384797,465.59253113761787,903.6721090649804
MY_0p5_2.2500_113.7500,113.75,2.25,2008-11-01,2008,11,390.1962517846989,83.01521062247362,119.28727063046226,95.43613687346254,178.63572813589363,274.0718687999098,43.114792727216894,130.15404341492473,264.7653001229975,463.4615229353121,901.4956444848942
MY_0p5_2.2500_114.2500,114.25,2.25,2008-11-01,2008,11,413.4981315491691,83.12530982607888,120.87833729093038,90.16154150584387,194.0395072331504,284.2010555206783,43.229528723822696,130.48800828721787,265.413326687283,464.7908541240389,903.9217052641369
MY_0p5_2.2500_114.7500,114.75,2.25,2008-11-01,2008,11,424.6748345159716,82.81214924473917,118.95347036546278,90.64411621093751,210.57123541062882,301.2153451242755,43.30439993335356,130.70486553561307,265.8350592828566,465.62080255323843,905.4651503039947
MY_0p5_2.2500_115.2500,115.25,2.25,2008-11-01,2008,11,416.4143371582031,82.33546447753906,119.07846069335938,79.9985580444336,205.45254516601562,285.45111083984375,43.311405181884766,130.725830078125,265.9475402832031,466.32293701171875,906.3076782226562
MY_0p5_2.7500_101.2500,101.25,2.75,2008-11-01,2008,11,395.5263366699219,70.08287811279297,105.11801147460938,65.5342788696289,227.41131591796875,292.9455871582031,43.224273681640625,130.49310302734375,265.6522521972656,466.537841796875,905.907470703125
MY_0p5_2.7500_101.7500,101.75,2.75,2008-11-01,2008,11,375.07756659325133,70.61449240944602,93.589804798473,64.39311270973897,221.40351429332384,285.7966280850497,43.06634934858842,129.99828158291902,264.5791766912286,464.4162691983309,902.0600543767755
MY_0p5_2.7500_102.2500,102.25,2.75,2008-11-01,2008,11,315.9788513183594,71.7853229789977,102.05793652868574,51.58071328424344,182.49625493918256,234.07696907383615,43.15413574656104,130.3257565346493,265.4823765845815,466.40252170441255,905.3647779719845
MY_0p5_2.7500_102.7500,102.75,2.75,2008-11-01,2008,11,286.60081742685054,73.41049983833409,101.34035518501378,43.54359764388845,153.36702066735376,196.91061860096605,43.03544772425784,130.0509633897226,265.3091617053068,467.4319950538346,905.8275741383999
MY_0p5_2.7500_103.2500,103.25,2.75,2008-11-01,2008,11,294.2654784378732,75.37363008632781,99.16417368506171,51.04592512823214,142.92388106911048,193.96981165211673,42.02511002607406,126.41744103401328,257.8562512245907,453.87918965527973,880.1779654921999
MY_0p5_2.7500_103.7500,103.75,2.75,2008-11-01,2008,11,291.5010803222656,78.82521558015243,100.02237005277715,50.85631385486796,135.16809767622001,186.024411038869,41.12444718532299,123.18511938279676,251.28953024868588,442.1931314072851,857.7922222647251
MY_0p5_2.7500_104.2500,104.25,2.75,2008-11-01,2008,11,277.24626518698295,81.09711714351877,108.88937377929688,45.50571823120117,117.66712188720703,163.17283630371094,42.80486297607422,129.4605712890625,264.5072326660156,466.79034423828125,903.56298828125
MY_0p5_2.7500_111.2500,111.25,2.75,2008-11-01,2008,11,351.3150695800781,84.02085802801724,100.42836312686696,74.7040257173426,150.94819416719324,225.65222167968753,43.06566956463982,130.1332536585191,265.47338687672334,467.92804852653956,906.600341796875
MY_0p5_2.7500_111.7500,111.75,2.75,2008-11-01,2008,11,346.26992960445216,82.41063977851242,101.58068074851201,78.16328456484037,151.73344802856445,229.89673140953326,43.071547919306255,130.14907310748922,265.4926179030846,467.91463733541553,906.6278770709858
MY_0p5_2.7500_112.2500,112.25,2.75,2008-11-01,2008,11,343.1450569056257,81.03922148595882,105.04995129903156,79.512970606486,149.12023915608722,228.63320638020832,43.05757085164388,130.11086639404297,265.42137023925784,467.7606234741211,906.3504431152344
MY_0p5_2.7500_112.7500,112.75,2.75,2008-11-01,2008,11,351.59621091432206,81.13971524298945,109.99702938900718,94.96091668817063,173.8590229855308,268.81993537613107,43.15270020690145,130.35285708270493,265.6822369732434,467.4448911449577,906.6326981556566
MY_0p5_2.7500_113.2500,113.25,2.75,2008-11-01,2008,11,369.61054687499995,82.64525868249316,115.46853761218843,101.17663373190258,180.14569978259854,281.32233198862224,43.17360528612893,130.40358935159352,265.70152558826265,467.1502868652343,906.4290075877356
MY_0p5_2.7500_113.7500,113.75,2.75,2008-11-01,2008,11,385.3645196416575,83.82602924905764,119.04379393948112,98.0032235163792,181.4242741773083,279.42749383039535,43.16361936338388,130.33794859867947,265.33129309393036,465.39906651199243,904.2319359263038
MY_0p5_2.7500_114.2500,114.25,2.75,2008-11-01,2008,11,399.2151589695411,83.57420296005056,120.20682832259166,97.95784829538078,198.31846980807146,296.27631870704363,43.25154147570646,130.56617900993248,265.59880712967885,465.192606189583,904.6091364607024
MY_0p5_2.7500_114.7500,114.75,2.75,2008-11-01,2008,11,407.42780260219695,85.01144088453547,121.01378830830762,89.50223232682343,204.60190353879503,294.1041224777319,43.30311188424469,130.71313666082492,265.9142460914174,466.07103714669586,906.0015548414484
MY_0p5_2.7500_115.2500,115.25,2.75,2008-11-01,2008,11,408.9528217487507,83.31241745132583,118.95649918564804,61.57365977656733,197.55732328397733,259.1309929925042,43.21684770326356,130.3884229230451,264.96525889903575,463.0696015229096,901.6401136243664
MY_0p5_3.2500_101.2500,101.25,3.25,2008-11-01,2008,11,394.1907857259115,68.47405967267107,107.51334235640353,71.40297194306488,241.31397054353116,312.71693485720147,43.38103600884226,130.93609821007874,266.43248027400745,467.5389053997826,908.2885093837398
MY_0p5_3.2500_101.7500,101.75,3.25,2008-11-01,2008,11,391.3587774312721,65.53463604192066,92.98852597376346,93.52390056051267,270.9567691778681,364.4806791657855,43.33610863898211,130.72354208587842,265.611773934334,464.6030398812264,904.2744366105196
MY_0p5_3.2500_102.2500,102.25,3.25,2008-11-01,2008,11,344.9943561856709,68.90223669627356,103.50902712382967,73.21454000321646,226.0632994152251,299.2778377472408,43.360102904789024,130.88162754603792,266.35881987072173,467.41240040612604,908.0129332527282
MY_0p5_3.2500_102.7500,102.75,3.25,2008-11-01,2008,11,322.01492946962765,70.21513320826277,103.22396942331822,62.385515575167496,195.8147788711741,258.2002961846846,43.22317894802817,130.54317455050312,265.9747818572612,467.63501768474333,907.3761484653133
MY_0p5_3.2500_103.2500,103.25,3.25,2008-11-01,2008,11,328.37549404678595,72.56661286493855,98.34792566454762,70.29903104949851,184.4546884542956,254.75371623582873,41.36986593936087,123.85306288132064,252.3508132288433,443.42612877264867,860.999876736818
MY_0p5_3.2500_112.2500,112.25,3.25,2008-11-01,2008,11,337.86847195095487,81.88004845513238,104.50247684054905,83.45450829399957,135.73143853081598,219.18594360351565,43.00872099134657,129.98268907335068,265.2639316134983,467.8696411132813,906.1249864366321
MY_0p5_3.2500_112.7500,112.75,3.25,2008-11-01,2008,11,353.5080915881741,83.08580706196446,110.97677230834962,96.39468196181001,178.87095229352104,275.26563850778047,43.1796748364558,130.42784756519757,265.8232832111296,467.76019787397536,907.1910230292648
MY_0p5_3.2500_113.2500,113.25,3.25,2008-11-01,2008,11,383.31484182257407,85.89014153731495,115.21489056673916,100.76601976336855,187.23210537072384,287.9981222441702,43.216325340848975,130.52427835175484,265.94379864316994,467.73572505604136,907.4201317989465
MY_0p5_3.2500_113.7500,113.75,3.25,2008-11-01,2008,11,395.88980693514384,87.14713062104724,115.96542702326697,106.9334471445235,191.2774041069878,298.21084362211684,43.222560180179656,130.53104684012274,265.84364110553076,466.98527802966885,906.5825371636284
MY_0p5_3.2500_114.2500,114.25,3.25,2008-11-01,2008,11,399.0708034053729,87.26295813785237,118.16101691373593,106.82284453568184,220.64345263827374,327.4662886698534,43.342144632035755,130.82212484566267,266.0561806259641,465.90804626076084,906.1285161303867
MY_0p5_3.2500_114.7500,114.75,3.25,2008-11-01,2008,11,399.3868021387964,89.36049304646293,123.06339385403193,92.63034411144864,205.14266515841152,297.77300485987575,43.31383301801743,130.7420481785088,265.9795445727695,466.29369971402895,906.3291136140277
MY_0p5_3.2500_115.2500,115.25,3.25,2008-11-01,2008,11,398.5386754289458,85.66473429716085,116.2152518260328,50.677357589142225,194.0893751699713,244.76673739469504,43.157376615307,130.18809398216536,264.4191361439379,461.2888273408141,899.0534567531151
MY_0p5_3.2500_115.7500,115.75,3.25,2008-11-01,2008,11,396.9076959845725,82.23603855090195,111.72793356220373,63.469310031847996,230.86909999204482,294.33840393752195,43.35434821482455,130.7881742327401,265.7489462863193,464.57912659377195,904.4705920272999
MY_0p5_3.7500_100.7500,100.75,3.75,2008-11-01,2008,11,327.2496643066406,68.36685943603516,108.16010284423828,39.211647033691406,184.5277557373047,223.73941040039062,43.20818328857422,130.4889373779297,265.9158935546875,467.94012451171875,907.5531616210938
MY_0p5_3.7500_101.2500,101.25,3.75,2008-11-01,2008,11,378.66527376046633,65.09319389367953,105.82939026965295,73.76066512814617,242.50223533852588,316.26288878801955,43.41237618159322,131.0036877382149,266.44302338535346,466.9689753757711,907.8281042598984
MY_0p5_3.7500_101.7500,101.75,3.75,2008-11-01,2008,11,425.01830033694995,62.604443981389345,98.58550984084988,89.21340687259747,256.3753028918224,345.58872324949624,43.430887331628504,131.02759347903503,266.30027051792024,465.8750628817614,906.6338135543145
MY_0p5_3.7500_102.2500,102.25,3.75,2008-11-01,2008,11,447.44555257161454,64.75275648813398,103.64735909113806,81.73338649689205,240.24287104530939,321.97625548347594,43.38603895883711,130.92596963549417,266.2687236483134,466.44904039171,907.0297799246651
MY_0p5_3.7500_102.7500,102.75,3.75,2008-11-01,2008,11,461.6631803966703,67.49985109359497,104.15253431532119,90.25909368121434,236.90610390314976,327.1651951381138,43.36502410646469,130.9009533110119,266.39016801137774,467.3102803548177,907.9664389958458
MY_0p5_3.7500_103.2500,103.25,3.75,2008-11-01,2008,11,458.31721150067693,69.34458622419501,102.31686544979321,103.48357077205883,244.62756431429992,348.11113831763174,42.86511302274816,129.09599609375002,262.7106288535922,460.6402056525735,895.3119389552696
MY_0p5_3.7500_113.2500,113.25,3.75,2008-11-01,2008,11,391.7861819267273,89.74893736839294,113.40017037313493,97.74012231045083,177.86769329133583,275.6078120997695,43.184530914806935,130.43642162885823,265.82536691134095,467.7759309362193,907.2222620229253
MY_0p5_3.7500_113.7500,113.75,3.75,2008-11-01,2008,11,398.55993796197663,92.32951216924756,110.66024424728838,100.5663737818647,174.2695708537179,274.83595547475477,43.17032128244542,130.40043941362006,265.77041458080504,467.68101842195085,907.022200797368
MY_0p5_3.7500_114.2500,114.25,3.75,2008-11-01,2008,11,393.4370111299864,92.70176829988995,114.10922190348306,91.24910481770833,192.68011387416294,283.9292090037512,43.25303347148593,130.6115269736638,266.0136313786582,467.49695628332717,907.3751575288318
MY_0p5_3.7500_114.7500,114.75,3.75,2008-11-01,2008,11,385.96542774987597,93.18267168317522,119.76259877038382,71.35167361062672,194.05473395453558,265.4064061240544,43.262594870915486,130.62958214169456,265.9808301168775,467.16082424587665,907.0338487413195
MY_0p5_3.7500_115.2500,115.25,3.75,2008-11-01,2008,11,377.24697052486357,86.57294919452968,110.92624363974917,67.23981433444553,219.43140752883187,286.67121150909907,43.229501040019684,130.42735779777405,264.9778316437252,462.4913106282552,901.1260005890376
MY_0p5_3.7500_115.7500,115.75,3.75,2008-11-01,2008,11,376.3467435768182,81.2286761167238,109.7376013007953,76.89431318104695,241.95655998394642,318.8508706950455,43.35443255198087,130.78022788068373,265.64927245215546,463.8618442892171,903.6457475621066
MY_0p5_4.2500_100.7500,100.75,4.25,2008-11-01,2008,11,330.16264114379885,69.49955313975417,103.58917077512159,45.660821766756015,167.78430935606667,213.44513537348536,43.11862304064693,130.24642053720905,265.5451757314254,467.58566906987414,906.495883988361
MY_0p5_4.2500_101.2500,101.25,4.25,2008-11-01,2008,11,368.9413473439771,62.62297808896206,95.67482465999143,81.8506795312189,216.07205326541975,297.9227383364538,43.251806769401405,130.49503486779085,265.218797720162,463.57084373911476,902.5365048548218
MY_0p5_4.2500_101.7500,101.75,4.25,2008-11-01,2008,11,472.7247528390787,63.77349959547147,101.67536146267537,96.98105821213403,224.91821503563054,321.8992745396429,43.33182501259704,130.79127336690985,266.12951075154757,466.7157183272389,906.9683447889629
MY_0p5_4.2500_102.2500,102.25,4.25,2008-11-01,2008,11,610.8507838630068,66.54682830956797,103.69828045634799,121.96072207319853,263.32851738975455,385.2892393654528,43.46540951957338,131.15214845700007,266.66999695019217,467.0427067668294,908.3302760505069
MY_0p5_4.2500_102.7500,102.75,4.25,2008-11-01,2008,11,687.2396948747574,66.46710008268904,101.21695441956734,148.01858088013472,307.8985997582697,455.9171880248246,43.595220978852296,131.49543344291155,267.10648729846736,466.8092477397555,909.0064195766571
MY_0p5_4.2500_103.2500,103.25,4.25,2008-11-01,2008,11,685.6788462763249,69.61938468587525,101.77146249698013,188.15073477183486,318.66194594114086,506.81269948075453,43.5422848026927,131.3456571891333,266.91413119113406,466.6810177261406,908.4831032570231
MY_0p5_4.2500_113.7500,113.75,4.25,2008-11-01,2008,11,387.53890409923736,97.52262884197813,105.89872748896762,74.50496788744657,139.41065230459537,213.91562379081296,42.99658728545567,129.93975657337117,265.11869408949366,467.26356823039504,905.3186397912369
MY_0p5_4.2500_114.2500,114.25,4.25,2008-11-01,2008,11,380.83462154117086,97.52460733067575,106.69446168995273,61.99430611510996,136.14184923797964,198.1361597127436,42.984960445566074,129.92589960871518,265.1723108475733,467.6035407224678,905.6867367070614
MY_0p5_4.2500_114.7500,114.75,4.25,2008-11-01,2008,11,369.41498270670576,96.27484430948894,113.4633470662435,77.93545857747397,173.8964892578125,251.83193969726565,43.14608736673991,130.34603302001955,265.6899615478516,467.41954793294275,906.6016300455731
MY_0p5_4.2500_115.2500,115.25,4.25,2008-11-01,2008,11,348.1859771940443,90.83957465489706,108.01171694861517,63.92158765263027,190.4710094134013,254.39260170194842,43.01777362823486,129.8548648622301,263.99979326460095,460.7886126836141,897.6610181596544
MY_0p5_4.2500_115.7500,115.75,4.25,2008-11-01,2008,11,332.70072414592164,82.53110721394168,102.81263709634038,59.02138114541264,196.35823891849842,255.37962098202462,43.066970450191185,129.9742637504966,264.1880088676841,461.14182532358984,898.3710602323889
MY_0p5_4.2500_116.2500,116.25,4.25,2008-11-01,2008,11,317.80097700909874,86.78150684077565,105.3029385543451,58.08413063607565,189.84000694460985,247.9241375806855,43.04295079301044,129.92160676165327,264.2095813286014,461.7004846712438,898.8746122034586
MY_0p5_4.2500_116.7500,116.75,4.25,2008-11-01,2008,11,309.9704506934723,89.73905869853292,102.4449545358647,56.340013559154016,164.82180724392046,221.1618247500734,42.92144444636527,129.61196255546082,263.85152175109516,461.97644713297063,898.3613852793083
MY_0p5_4.2500_117.2500,117.25,4.25,2008-11-01,2008,11,303.75577578924407,93.15985637428489,98.2861712632981,48.84261121159107,124.39430645292839,173.23692206998845,42.75409100962951,129.2175121476165,263.5889656269445,463.4047183146519,898.9653079952815
MY_0p5_4.2500_117.7500,117.75,4.25,2008-11-01,2008,11,282.6898293780465,94.76362094716131,91.72956447112254,31.832690801375957,89.60285982311281,121.43555274376504,41.20222936124883,123.68937070145566,252.59217338888055,444.8776063837557,862.3613990718483
MY_0p5_4.2500_118.2500,118.25,4.25,2008-11-01,2008,11,242.0654255827965,96.25893549333539,83.06612303909984,26.38879615637907,67.14320533898227,93.53200336626382,38.45588387653327,113.71394085732237,232.3073090960266,409.32675987292254,793.8039049282197
MY_0p5_4.2500_118.7500,118.75,4.25,2008-11-01,2008,11,219.3061647768374,97.99141975685401,78.45597839355469,28.721656799316406,60.14122772216797,88.86288452148438,36.8680305480957,107.92440795898438,220.51028442382812,388.6417236328125,753.9444580078125
MY_0p5_4.7500_100.2500,100.25,4.75,2008-11-01,2008,11,288.2405022515191,78.3375727335612,,,,,,,,,
MY_0p5_4.7500_100.7500,100.75,4.75,2008-11-01,2008,11,332.46078212511594,71.22136084006651,99.51966122883121,53.35638106741557,170.52414591719466,223.88053707960174,43.050899629670425,130.00498366937404,264.80594417913176,464.8883634737836,902.7502228031312
MY_0p5_4.7500_101.2500,101.25,4.75,2008-11-01,2008,11,385.42306249586204,63.14708426339286,89.06053050207713,98.95408125377836,222.7124383835566,321.66652677021324,43.19992553468734,130.34012330070377,264.8408954923115,462.2320411318824,900.6129878937252
MY_0p5_4.7500_101.7500,101.75,4.75,2008-11-01,2008,11,541.3029789043841,64.7370836772616,100.10695190429689,139.91391366625592,257.56023874434214,397.4741541302394,43.40994722881015,130.97966681586374,266.26169346400667,465.89039258200035,906.5417127821182
MY_0p5_4.7500_102.2500,102.25,4.75,2008-11-01,2008,11,761.090972609747,66.53412279401508,96.46162930443172,189.12151184082032,314.53682803199405,503.6583374023438,43.54581291562035,131.33098696754095,266.64063313802086,465.063676234654,906.581103515625
MY_0p5_4.7500_102.7500,102.75,4.75,2008-11-01,2008,11,881.8561397479597,66.9717058801347,96.21261854232495,223.70891575904403,381.68045908933976,605.3893623109076,43.719766155170014,131.8164648068179,267.43084813986604,465.71266543637404,908.6797399824591
MY_0p5_4.7500_103.2500,103.25,4.75,2008-11-01,2008,11,883.5298843745372,71.04167428657192,96.43921382664756,256.4820102255283,389.69854916505716,646.1805523523986,42.23683118644236,126.40276727993111,256.38295258807085,446.1868253475626,871.209378963907
MY_0p5_4.7500_103.7500,103.75,4.75,2008-11-01,2008,11,875.8176333778783,73.96858215332031,90.52041209827769,233.3755980652648,297.7577780191,531.1333760843648,38.21680341448102,111.97523617434808,227.316458169516,396.28060596020185,773.7891076818688
MY_0p5_4.7500_113.7500,113.75,4.75,2008-11-01,2008,11,370.93243408203125,100.93248748779297,,,,,,,,,
MY_0p5_4.7500_114.2500,114.25,4.75,2008-11-01,2008,11,370.93243408203125,101.30351012093682,105.8056640625,65.08853149414062,140.18040466308594,205.26893615722656,42.998897552490234,129.9842529296875,265.3230285644531,467.9385986328125,906.2448120117188
MY_0p5_4.7500_114.7500,114.75,4.75,2008-11-01,2008,11,363.2137851509996,102.32359231928342,112.66461821525327,95.03821842644805,169.24790938182542,264.286127726237,43.10422827607842,130.24179618589338,265.54462785618284,467.23274345808136,906.1234340872817
MY_0p5_4.7500_115.2500,115.25,4.75,2008-11-01,2008,11,350.7015159924825,99.04374734560646,111.60518236955004,75.95612762371698,167.95873149236039,243.91485905647275,42.875140845775604,129.4647360642751,263.36654170354205,459.96114285786945,895.6675697962443
MY_0p5_4.7500_115.7500,115.75,4.75,2008-11-01,2008,11,335.4934494745164,89.94877186124288,104.22693856859964,39.836247531951415,137.8790289984809,177.7152800060454,42.6795781574552,128.86262546115452,262.101509312221,457.2940172952319,890.9377139136905
MY_0p5_4.7500_116.2500,116.25,4.75,2008-11-01,2008,11,316.6282013423858,87.78667730906652,108.47861136784628,42.291040777781646,138.25985000852552,180.55089188833082,42.77465862698025,129.17167397150916,262.9172372000557,459.84150148422,894.7050571986604
MY_0p5_4.7500_116.7500,116.75,4.75,2008-11-01,2008,11,305.1065294289891,88.32158494297462,106.31016929240167,43.79963043068029,145.55448966690255,189.3541191680522,42.81382908398592,129.29861208758774,263.2206266379054,460.6298286341414,895.9629014413568
MY_0p5_4.7500_117.2500,117.25,4.75,2008-11-01,2008,11,302.22289312453495,89.25740777878535,99.36786414252387,41.68666059705946,133.3147179982019,175.00137832883803,42.69301715426975,128.9686197916667,262.65841597299726,459.6850453210256,894.0050860692585
MY_0p5_4.7500_117.7500,117.75,4.75,2008-11-01,2008,11,277.6999821723262,91.22332903705065,94.09405855589274,38.29317690450934,100.0507653876196,138.3439435355271,42.529723807226254,128.55511638786217,262.1521323481692,459.7489342025563,892.9858925734894
MY_0p5_4.7500_118.2500,118.25,4.75,2008-11-01,2008,11,241.71825336092087,93.99769795480087,93.8555172484125,44.1730805976906,84.16941718480096,128.34250107961685,42.52039017030343,128.568153343009,262.4263239721557,461.3482150743955,894.8630815822277
MY_0p5_4.7500_118.7500,118.75,4.75,2008-11-01,2008,11,220.43972256817395,95.12581760068483,94.9461062467551,45.30300121065937,77.64795617212222,122.95095796222928,42.561902686010434,128.73984865599041,263.03957009617284,463.66991569422464,898.0112351043315
MY_0p5_5.2500_100.2500,100.25,5.25,2008-11-01,2008,11,279.0333795271857,80.51162199340115,60.98637390136719,15.074149131774902,37.536312103271484,52.61045837402344,28.1983585357666,76.43359375,155.75535583496094,272.7782897949219,533.1655883789062
MY_0p5_5.2500_100.7500,100.75,5.25,2008-11-01,2008,11,332.1039948307611,74.53186684620532,101.25909353672773,71.24349119471408,167.65399989862553,238.897490928913,42.0954699680723,126.5738104458513,257.4881000738035,450.0838065311827,876.2411681427354
MY_0p5_5.2500_101.2500,101.25,5.25,2008-11-01,2008,11,428.6889588371156,68.09387076241629,95.33077816433376,135.54108416844926,251.4527557857453,386.9938429090712,43.222043464297336,130.38441336495532,264.77923448350697,461.29608454628584,899.6817818777902
MY_0p5_5.2500_101.7500,101.75,5.25,2008-11-01,2008,11,621.6234390355979,66.60312407183801,102.56108766300663,204.5962788284205,300.999283225673,505.59557289074945,43.44321181667839,131.05483109783978,266.2365441777904,464.75959457105904,905.4941616179839
MY_0p5_5.2500_102.2500,102.25,5.25,2008-11-01,2008,11,870.2419501626567,71.19618703757122,100.78528723747108,248.90830983933367,353.6135987688781,602.5219074419349,43.35902795973857,130.62398436722484,265.2476070914299,462.7147234291028,901.9453412681626
MY_0p5_5.2500_102.7500,102.75,5.25,2008-11-01,2008,11,1005.7912484333649,70.79054129047758,97.70981109101893,312.7569617319915,418.4615715414791,731.2185354459084,42.704345754849705,128.08332017801575,259.7366546113612,451.6877003815215,882.2120121325476
MY_0p5_5.2500_103.2500,103.25,5.25,2008-11-01,2008,11,1010.7638888888889,73.59033195051566,105.29577730847645,380.737434288124,434.9500888973088,815.6875531085127,43.678145346703474,131.61285261674362,266.9444278865666,464.35103319836907,906.5864479758524
MY_0p5_5.2500_115.2500,115.25,5.25,2008-11-01,2008,11,382.1959169449345,101.17890277985603,114.35841344614498,74.98241562139795,154.4998424092277,229.48225327788808,42.8080961508829,129.30632069071785,263.26781576187886,460.72173822121545,896.1039568791624
MY_0p5_5.2500_115.7500,115.75,5.25,2008-11-01,2008,11,376.48118453520203,97.35810984840876,110.61246143922966,50.86467520503675,136.6222472627284,187.48692073498742,42.68646915241823,128.93303874387578,262.4716310662738,458.95533478300445,893.0464645127117
MY_0p5_5.2500_116.2500,116.25,5.25,2008-11-01,2008,11,350.8544489220728,90.61181266398368,108.30012058306343,59.74517406994783,151.13814694368386,210.88331932357596,42.894283656832535,129.5823401439039,263.98846435546875,462.9762804055516,899.4413510093206
MY_0p5_5.2500_116.7500,116.75,5.25,2008-11-01,2008,11,336.0955905189997,89.29434467267386,107.05385980726797,71.96418800836878,174.02426200576974,245.98844832408273,43.01949358590041,129.92392020889474,264.51726000822043,463.4399803258195,900.9006560120401
MY_0p5_5.2500_117.2500,117.25,5.25,2008-11-01,2008,11,334.5780797564794,90.21861773294115,102.69109429253471,69.60711815243675,174.2920744396391,243.89919336712546,43.02542380681114,129.95274919782366,264.6462640671503,463.9948511517237,901.6192884657117
MY_0p5_5.2500_117.7500,117.75,5.25,2008-11-01,2008,11,305.8441609700521,90.8921371217758,96.29551364959231,68.88307865687779,147.76750982375373,216.65059039403516,42.894127291724786,129.61348993210564,264.22002544100326,464.03370574466766,900.7613529265873
MY_0p5_5.2500_118.2500,118.25,5.25,2008-11-01,2008,11,255.3108314821572,92.6024427474684,93.74067143725742,72.65343206855142,109.06654802553213,181.71998333779112,42.70961338699243,129.12878831025142,263.56840388790056,463.8709922839122,899.2778112326458
MY_0p5_5.2500_118.7500,118.75,5.25,2008-11-01,2008,11,221.58764480590824,94.16447686089408,94.50054264068604,52.49575795067682,83.27552996741402,135.77128643459744,42.61590072843764,128.9192629920112,263.48388332790796,464.8917605082194,899.9107979668512
MY_0p5_5.2500_119.2500,119.25,5.25,2008-11-01,2008,11,204.97700166049069,96.06686815534319,94.95958709716797,42.18685531616211,75.00591278076172,117.19276428222656,42.59081268310547,128.87167358398438,263.51776123046875,465.415771484375,900.39599609375
MY_0p5_5.7500_100.2500,100.25,5.75,2008-11-01,2008,11,300.9737212035033,83.55627915665909,94.13293562022919,35.43684530695644,68.13234381719467,103.5691909790039,35.72459586607207,103.84152963620808,212.02943280421266,373.33696221867825,724.9325219950546
MY_0p5_5.7500_100.7500,100.75,5.75,2008-11-01,2008,11,373.9334201388889,79.17215886191715,100.6459951019287,100.95933937072752,202.8604317220052,303.8197710673014,41.154594802856444,123.1041672261556,250.34047932942704,437.16150502522777,851.7607338460286
MY_0p5_5.7500_101.2500,101.25,5.75,2008-11-01,2008,11,482.68308492345136,74.404644432969,101.3715734707089,213.62942715141722,354.4444100687823,568.0738453301859,43.42129738875261,130.92507309801,265.5180102971595,460.9312226302981,900.7955971064532
MY_0p5_5.7500_101.7500,101.75,5.75,2008-11-01,2008,11,698.417958323161,71.60969241460165,110.09505020777385,365.3463961283366,426.45728619893396,791.8036834716797,43.64582080841065,131.58497021993003,266.8179363250732,463.32341486612955,905.3721127827962
MY_0p5_5.7500_102.2500,102.25,5.75,2008-11-01,2008,11,957.8920280260916,75.4909821290236,115.09410521638914,411.57222709270434,430.2328648422703,841.8050964560973,42.86009146950462,128.72832465894297,261.19481373796555,454.4459054863413,887.2291150847669
MY_0p5_5.7500_102.7500,102.75,5.75,2008-11-01,2008,11,1082.0559054129465,74.1602712834923,91.57052612304688,353.71673583984375,354.7279357910156,708.4446411132812,37.11841583251953,107.99418640136719,219.00933837890625,380.4271545410156,744.549072265625
MY_0p5_5.7500_103.2500,103.25,5.75,2008-11-01,2008,11,1075.944091796875,76.34249114990234,,,,,,,,,
MY_0p5_5.7500_115.2500,115.25,5.75,2008-11-01,2008,11,400.71967773437507,100.16381861368814,117.052734375,95.00312805175781,176.16763305664062,271.1707458496094,43.12360763549805,130.3212432861328,265.7745056152344,467.8304748535156,907.0498657226562
MY_0p5_5.7500_115.7500,115.75,5.75,2008-11-01,2008,11,386.2109595924799,96.33103086319437,109.6788601103283,97.1054707845052,189.69794427780877,286.8034031459263,43.05403097243536,130.04844244094122,264.845127360026,464.4304382324219,902.3780354817708
MY_0p5_5.7500_116.2500,116.25,5.75,2008-11-01,2008,11,359.84732297867066,88.59952990819538,102.05058247399708,92.8931141202412,196.36827024429564,289.26138005332336,43.03676332746233,129.9517586844308,264.39258965386284,462.42422737242686,899.8053276909723
MY_0p5_5.7500_116.7500,116.75,5.75,2008-11-01,2008,11,344.8447912791419,85.16956724136594,92.48769100128658,84.7516881791372,196.27160242474267,281.02329716758123,43.08256414504278,130.07727661132813,264.60459430028516,462.63284185500373,900.3972712441096
MY_0p5_5.7500_117.2500,117.25,5.75,2008-11-01,2008,11,345.0329764092382,89.9569282170726,90.61218680493086,86.14849682636441,181.97077263191295,268.119269193535,43.0927282146851,130.1874748735398,265.29377655125563,465.9802842004818,904.5542612166058
MY_0p5_5.7500_117.7500,117.75,5.75,2008-11-01,2008,11,320.77374529157373,92.13402809264169,89.25450218763928,103.78462009301921,155.0119146052623,258.7965340838337,43.00525511671233,130.00414864968934,265.32384813551937,467.55679474901035,905.8900441419358
MY_0p5_5.7500_118.2500,118.25,5.75,2008-11-01,2008,11,271.71526712766837,93.04635740915936,90.10422844780817,127.62511705186633,139.83561815049916,267.4607458496094,42.9259295823839,129.80419704861112,265.0624563259549,467.43765204535595,905.2302560763889
MY_0p5_5.7500_118.7500,118.75,5.75,2008-11-01,2008,11,228.25970370952902,94.32076417482818,90.8354721069336,135.954345703125,136.13526916503906,272.0896301269531,42.90251922607422,129.74453735351562,264.97259521484375,467.3170166015625,904.9367065429688
MY_0p5_6.2500_99.7500,99.75,6.25,2008-11-01,2008,11,334.67197792202825,91.49157699884152,123.60084143350291,58.02513725813046,134.68334854480833,192.7084865126499,42.6446832168934,128.94962754360463,263.15001092955123,462.1613854696584,896.9056964253269
MY_0p5_6.2500_100.2500,100.25,6.25,2008-11-01,2008,11,363.23352110385895,86.27848741412164,113.23785188636,57.717739494479424,123.50492746781327,181.22266602808114,40.789570851228675,122.15406818000638,249.3025082957988,438.5448311941963,850.7909857302294
MY_0p5_6.2500_100.7500,100.75,6.25,2008-11-01,2008,11,445.7529755227815,82.87695038548769,106.0566845161114,145.41598077722497,265.3520955560751,410.7680788960696,42.50039216266176,127.87396770462568,259.9425652109978,453.66114813020334,883.9780864936504
MY_0p5_6.2500_101.2500,101.25,6.25,2008-11-01,2008,11,532.6886446439303,80.23863724928636,103.8672391451322,224.91189481295072,370.9733238807092,595.8852097731371,43.42279668954703,130.93541846642128,265.5893643892729,461.287551175631,901.2351515549881
MY_0p5_6.2500_101.7500,101.75,6.25,2008-11-01,2008,11,841.6853881835937,78.202369253976,119.49187338692802,436.5733956473214,451.3836478097098,887.9570539202007,43.707057516915455,131.7591792515346,267.1606070382254,464.0548339843749,906.6816946847097
MY_0p5_6.2500_102.2500,102.25,6.25,2008-11-01,2008,11,988.066680908203,78.10356302959163,127.58233642578125,485.4737854003906,443.630859375,929.1046752929688,43.74740982055664,131.88534545898438,267.4647521972656,465.0662841796875,908.163818359375
MY_0p5_6.2500_115.7500,115.75,6.25,2008-11-01,2008,11,352.9102651422674,93.60896041176534,114.41548919677734,101.40850830078125,205.16421508789062,306.5727233886719,43.20649337768555,130.51651000976562,265.8653869628906,466.8058776855469,906.394287109375
MY_0p5_6.2500_116.2500,116.25,6.25,2008-11-01,2008,11,339.69283241138123,89.89550630669844,103.60569739656826,81.9556461787959,183.9791866756221,265.9348341483901,43.054498932960264,130.038844238819,264.75730593509087,463.87942397331875,901.7300796844886
MY_0p5_6.2500_116.7500,116.75,6.25,2008-11-01,2008,11,325.7342966231089,86.94389217316157,89.06088344029018,65.4055362640865,166.11537398080978,231.52090899755083,42.94891936287048,129.7217550126333,264.11207401336185,462.4856140136719,899.2683582124255
MY_0p5_6.2500_117.2500,117.25,6.25,2008-11-01,2008,11,328.1325358072916,90.1715322100927,85.6589605906653,81.7940698532831,163.3946563236297,245.1887184748574,42.47806440080915,128.0058326842293,261.017149813213,458.9914666069878,890.4925256153894
MY_0p5_6.2500_117.7500,117.75,6.25,2008-11-01,2008,11,322.336332321167,92.25354588031769,86.37908766004776,90.30944627906844,156.38985947279903,246.69930120100054,42.34807301125332,127.56581463730127,260.3111627589889,458.562112730149,888.7871807611476
MY_0p5_6.2500_118.2500,118.25,6.25,2008-11-01,2008,11,313.16609954833984,93.09028897966658,88.77118437630789,91.84933389936175,160.65648814610074,252.5058255876814,43.02768652779716,130.06770706176758,265.4454258510045,467.77207510811945,906.3129032679966
MY_0p5_6.7500_100.2500,100.25,6.75,2008-11-01,2008,11,387.2501187044032,86.9166982314166,118.97304905162136,70.72669921201819,165.1539743086871,235.88066785475786,42.79176950454712,129.32009932574104,263.68628221399644,462.7964203778435,898.5945798088522
MY_0p5_6.7500_100.7500,100.75,6.75,2008-11-01,2008,11,482.5322209110966,84.41340439407915,112.76940183286315,166.51449782760056,295.1000072337963,461.6145109953704,43.199386596679695,130.36462176287617,264.95940483940973,462.283454047309,900.8068598994504
MY_0p5_6.7500_116.2500,116.25,6.75,2008-11-01,2008,11,309.41533441653195,91.06062760463979,91.76815498165969,70.78425942397699,144.98803264338795,215.77229271865477,42.90033610274153,129.68519368985807,264.5937820062405,465.5470499178259,902.7263630192456
MY_0p5_6.7500_116.7500,116.75,6.75,2008-11-01,2008,11,311.29395766202583,90.79746553301811,86.67955837325145,72.25583500918664,144.96530838917366,217.22113917656097,41.54679743951488,124.74154053940605,254.43393209706184,447.4116325529196,868.1339002767571
MY_0p5_6.7500_117.2500,117.25,6.75,2008-11-01,2008,11,314.9582389114249,91.17920658731053,82.56081694206306,85.1000387141135,147.38138371020293,232.4814177656596,40.48528181768096,120.81102003249447,246.42078906033947,433.4269556366237,841.1440335164028
MY_0p5_6.7500_117.7500,117.75,6.75,2008-11-01,2008,11,319.7949634128147,91.92440605163574,84.68384623527527,104.3057451248169,153.9122767448425,258.2180194854736,41.00096523761749,122.59769487380981,250.13251113891604,440.36040210723877,854.0915470123291
MY_0p5_7.2500_116.7500,116.75,7.25,2008-11-01,2008,11,301.94808503398747,91.80743172055199,88.25149542767069,77.1856585295304,124.72382925282353,201.9094899053159,40.71106972072435,121.77997781504757,248.56410124405573,437.6798087742017,848.7349747367529
MY_0p5_7.2500_117.2500,117.25,7.25,2008-11-01,2008,11,302.79693301089173,91.72416446445224,88.9022894608347,77.07514351292662,121.54858960603411,198.62373239617597,40.09859265779194,119.55242662931742,243.98041863692436,429.42961490028785,833.0610672800165
MY_0p5_0.7500_110.2500,110.25,0.75,2008-12-01,2008,12,501.4080439640926,74.83926614614633,108.39622121957633,156.6245569082407,348.8184744027945,505.44301757812514,43.741983032226564,131.8953049879808,267.7149597167969,467.331373009315,910.6836125300481
MY_0p5_0.7500_110.7500,110.75,0.75,2008-12-01,2008,12,476.7476375034877,77.71161771501814,115.12694375174387,133.8490480695452,250.52023925781248,384.3692866734096,43.42679350716727,131.07195848737445,266.6534672328404,467.6338810511997,908.7861040387834
MY_0p5_0.7500_111.7500,111.75,0.75,2008-12-01,2008,12,466.81375267392116,78.0398678249783,116.56859467521546,107.13959539504279,196.77166457403274,303.91125197637643,43.23396289159381,130.56941634889634,265.9568239242311,467.3832474965897,907.1434442429315
MY_0p5_1.2500_103.2500,103.25,1.25,2008-12-01,2008,12,290.58994419134933,84.00486910921856,111.72452250393955,44.90284304185347,80.329741044478,125.2325846932151,39.08207095753063,116.1451284235174,237.45128666270864,418.6911413019355,811.3696594238282
MY_0p5_1.2500_103.7500,103.75,1.25,2008-12-01,2008,12,308.832669156269,83.3288029791082,103.23028497788512,56.93457094211023,97.7594590418547,154.69403024321622,40.38003258566254,120.98360413486519,247.36786259030833,436.5778026395631,845.3093131352397
MY_0p5_1.2500_104.2500,104.25,1.25,2008-12-01,2008,12,319.36359950474326,82.76642717633928,93.99456787109375,71.20748138427734,118.41146087646484,189.6189422607422,42.091514587402344,127.35225677490234,260.4287414550781,460.13043212890625,890.0029296875
MY_0p5_1.2500_109.7500,109.75,1.25,2008-12-01,2008,12,559.570702242564,74.96448994831867,101.13377573403969,178.5499381559441,378.8257957366576,557.3757625717716,43.757476484919174,131.9750351503671,267.9777482733669,467.81961206642984,911.5298623693994
MY_0p5_1.2500_110.2500,110.25,1.25,2008-12-01,2008,12,508.73035009671366,75.19531927513802,107.73018431203248,167.64388145535153,374.06537996387857,541.7092531417788,43.79272963181427,132.04188991237334,267.9582056465296,467.447545821142,911.2403630437079
MY_0p5_1.2500_110.7500,110.75,1.25,2008-12-01,2008,12,484.18086402529764,77.50591503324962,115.23909912109374,129.19724661206442,261.62231232173855,390.8195563422309,43.45961195930602,131.16419508192274,266.80220356290306,467.7442868187313,909.170308237227
MY_0p5_1.2500_111.2500,111.25,1.25,2008-12-01,2008,12,482.189885538607,77.54695889896479,117.32604302842017,120.08772053581458,233.5488664913482,353.63658000714486,43.37889801122891,130.94765099473656,266.4828337160543,467.6169364368574,908.4263130163615
MY_0p5_1.2500_111.7500,111.75,1.25,2008-12-01,2008,12,477.5323060050843,77.01618109809029,114.87245747399707,113.09360249837238,208.71659802633616,321.81019035218253,43.27917117164248,130.68857901436942,266.121588812934,467.4295305524554,907.5188695514012
MY_0p5_1.2500_112.2500,112.25,1.25,2008-12-01,2008,12,480.8885719570411,76.61830650368317,113.8569697656002,104.0235142974079,208.55054268619128,312.57405655759237,43.28206679058559,130.6982054734593,266.1288831681769,467.3836691609494,907.4928390580385
MY_0p5_1.2500_112.7500,112.75,1.25,2008-12-01,2008,12,487.44382921854657,77.17587391535442,109.95786015192667,101.10646915435792,214.29369894663492,315.40016810099286,43.283289750417076,130.67407925923666,265.91495386759436,466.2312647501628,906.1036059061686
MY_0p5_1.2500_113.2500,113.25,1.25,2008-12-01,2008,12,447.9467943274456,79.47016064187754,109.59503936767578,92.29174877664317,182.88059931216034,275.1723413882048,43.09371092423149,130.1241772195567,264.83681322180706,463.94707880434777,902.0017689580502
MY_0p5_1.2500_113.7500,113.75,1.25,2008-12-01,2008,12,413.1599400838216,80.69744890386407,111.01026037967566,82.91211451906146,166.86093798550692,249.77305464311078,43.004769585349344,129.85743956132367,264.2773634014708,462.6806968920159,899.8202584006569
MY_0p5_1.2500_114.2500,114.25,1.25,2008-12-01,2008,12,376.50387951336074,80.30168516446004,112.05573232195017,72.43052983916965,161.57484679095512,234.0053723090518,42.99254263818791,129.8170816877247,264.20794542700844,462.66694303529454,899.6845119780144
MY_0p5_1.2500_114.7500,114.75,1.25,2008-12-01,2008,12,371.9706096033896,79.34994605279738,109.02977752685547,64.8850336382466,173.647464875252,238.5324977751701,43.033899491833104,129.90167876212828,264.20511258033014,462.0255333685106,899.1661928238407
MY_0p5_1.7500_102.7500,102.75,1.75,2008-12-01,2008,12,302.6589677505072,82.3700433804844,119.46889185905457,40.512372612953186,107.19520425796509,147.70757412910461,41.21089231967926,123.76846385002136,252.73456001281738,444.8528575897217,862.5667591094971
MY_0p5_1.7500_103.2500,103.25,1.75,2008-12-01,2008,12,322.81912926633385,81.40388786286462,120.66342826843261,66.72061893463135,118.77342613220216,185.49404693603515,41.186976737976075,123.64614288330078,252.49838180541994,444.53168731689453,861.8631896972657
MY_0p5_1.7500_103.7500,103.75,1.75,2008-12-01,2008,12,333.5170286154444,81.40349257746828,113.7816256269624,80.99884793728212,118.68016887616507,199.67901534068432,41.24082963677901,123.9955893407894,253.38440974754621,446.638772022875,865.2596062768864
MY_0p5_1.7500_104.2500,104.25,1.75,2008-12-01,2008,12,332.2357681274414,81.79124460220336,110.40734957909399,95.05978695181913,129.56695929238964,224.62674009337906,42.33774460193723,128.09478801165443,261.8543807628543,462.02672062363735,894.3136279675388
MY_0p5_1.7500_109.7500,109.75,1.75,2008-12-01,2008,12,575.4320504831713,74.91828199874523,100.9057846069336,179.83538818359375,379.8228454589844,559.6582641601562,43.75645065307617,131.97402954101562,267.9831237792969,467.8384704589844,911.5520629882812
MY_0p5_1.7500_110.2500,110.25,1.75,2008-12-01,2008,12,529.7679086749474,75.83194281838158,106.295268461666,184.00312527743253,409.18789656532005,593.1910243722843,43.84806095470081,132.2105845079065,268.2692962483289,467.6564654181985,911.984403069644
MY_0p5_1.7500_110.7500,110.75,1.75,2008-12-01,2008,12,504.5632171630858,76.89686861905184,114.7855270385742,114.65929679870604,275.5158386230469,390.1751266479492,43.489017677307125,131.25252456665038,266.9704879760742,467.93234710693355,909.6444030761718
MY_0p5_1.7500_111.2500,111.25,1.75,2008-12-01,2008,12,525.4708381773933,75.2721689860026,113.39499401713526,113.17701593443404,252.61429599495824,365.79130163858105,43.430735282010815,131.09055062227472,266.7194787313772,467.84047525095383,909.0812261537066
MY_0p5_1.7500_111.7500,111.75,1.75,2008-12-01,2008,12,524.2971670416335,73.90331611150425,105.94117814076094,124.70726587802548,275.2477284684965,399.95498860033246,43.509730447696725,131.2962547978268,266.9732785768146,467.71951245657993,909.4987837393072
MY_0p5_1.7500_112.2500,112.25,1.75,2008-12-01,2008,12,519.1521506657675,74.40429890950521,107.45404924665178,114.02011776878722,265.2639356340681,379.2840401785714,43.48606523786273,131.22983020600816,266.83399086604044,467.43075716533355,908.9806590246776
MY_0p5_1.7500_112.7500,112.75,1.75,2008-12-01,2008,12,499.19056473989326,76.70808672223772,109.06576320103237,106.09259151882596,239.72954116094678,345.82213134765624,43.38215817648267,130.94530770438055,266.3673646957156,466.8498487684462,907.5446860661583
MY_0p5_1.7500_113.2500,113.25,1.75,2008-12-01,2008,12,463.6173989916605,79.19041997515966,110.55430433485243,98.62466028607082,202.99664916992188,301.6213010757689,43.20689097813197,130.45738932291664,265.53263481987847,465.6048881409659,904.8017961774552
MY_0p5_1.7500_113.7500,113.75,1.75,2008-12-01,2008,12,419.96419852120533,80.73319116017174,111.81886560349238,88.91553257533482,184.7433900378999,273.65891723632814,43.1019779750279,130.14268672882565,264.8586484878782,463.97475905645456,902.078055439298
MY_0p5_1.7500_114.2500,114.25,1.75,2008-12-01,2008,12,369.9104495093936,80.7078679644872,113.19547552683997,75.54956992013113,172.2850111219618,247.8345795646546,43.05856818547324,130.0111606658451,264.6131720648871,463.62923981197287,901.3121314639137
MY_0p5_1.7500_114.7500,114.75,1.75,2008-12-01,2008,12,358.50606793813756,80.53540319729345,111.97779233468012,62.74368465996777,166.49717166880868,229.24086298967273,43.0168002034716,129.8657570478212,264.2291458999555,462.50849780146945,899.6202038384472
MY_0p5_2.2500_101.7500,101.75,2.25,2008-12-01,2008,12,321.3537816519689,78.82424595380071,119.12745080813012,33.58912038321447,86.40580425840437,119.99492468015113,41.880821420688825,126.42826195919153,258.40473922575364,455.15085886945633,881.8647029375788
MY_0p5_2.2500_102.2500,102.25,2.25,2008-12-01,2008,12,324.27602054285666,77.88970826801501,119.71188686681137,45.14842817315645,106.62377714312248,151.7722052250182,41.811037419515365,126.02081539756372,257.1996951308547,451.8990287233197,876.9305849212209
MY_0p5_2.2500_102.7500,102.75,2.25,2008-12-01,2008,12,336.1292173168327,78.34249870686591,122.11243238328379,63.44529364380655,118.04971603200404,181.49500639227372,41.948808428607414,126.41842030875293,258.1158856741989,454.3690597920478,880.8521589448181
MY_0p5_2.2500_103.2500,103.25,2.25,2008-12-01,2008,12,382.004841250465,76.56198316301618,125.8948949904669,114.10907471671938,157.55519123380145,271.66427215091767,42.42555023677765,128.02133299812436,261.1685311453683,458.96505708240323,890.580469718812
MY_0p5_2.2500_103.7500,103.75,2.25,2008-12-01,2008,12,395.1064045534295,77.69865471791412,131.5422483799821,137.31839457366425,159.46222989357122,296.78062557931673,42.27199714789957,127.5198063737255,260.28065247616524,457.5668138407044,887.6392733299124
MY_0p5_2.2500_104.2500,104.25,2.25,2008-12-01,2008,12,384.21270553464814,78.53320448960716,138.3513903657267,148.70372551531833,154.1208353594315,302.8245602442214,42.73186511835776,129.27616516617704,264.1021539357083,465.01736399753037,901.1275503615702
MY_0p5_2.2500_104.7500,104.75,2.25,2008-12-01,2008,12,378.82965087890625,76.47969055175781,,,,,,,,,
MY_0p5_2.2500_109.7500,109.75,2.25,2008-12-01,2008,12,641.6933987525201,74.26485590780935,,,,,,,,,
MY_0p5_2.2500_111.2500,111.25,2.25,2008-12-01,2008,12,585.6497707366944,72.8367438018322,95.30058972975786,147.61682409398693,382.34785730698525,529.964692508473,43.81181806676528,132.10824068854834,268.1407739975873,467.9867356244255,912.047595753389
MY_0p5_2.2500_111.7500,111.75,2.25,2008-12-01,2008,12,584.0296917627728,72.12257196335565,96.68054635184151,141.28514711894687,371.875005328466,513.1601541186136,43.7907470945328,132.0484609452505,268.0480144197979,467.9854944622706,911.872742280506
MY_0p5_2.2500_112.2500,112.25,2.25,2008-12-01,2008,12,562.4946593269469,72.905374968998,101.22251741923982,126.97674977136036,333.9419077070932,460.91864653087794,43.70272836836558,131.80591246589782,267.678470672123,467.90883750310024,911.0959664481027
MY_0p5_2.2500_112.7500,112.75,2.25,2008-12-01,2008,12,531.2747319297185,75.36357119121249,106.19218134804377,126.2594696287125,286.9213365342882,413.1808041527157,43.55168826390827,131.40629495287698,267.10895773266986,467.703280688089,909.7702212379093
MY_0p5_2.2500_113.2500,113.25,2.25,2008-12-01,2008,12,489.9570697118366,78.35288306342233,111.69793873136005,114.37977081783235,234.99142262292293,349.37119450644843,43.360738978310245,130.89632863847038,266.3674718463232,467.28523259238597,907.9097689189608
MY_0p5_2.2500_113.7500,113.75,2.25,2008-12-01,2008,12,431.73725495157373,79.80513307112683,113.65281940411919,98.56575166726415,202.9125940829893,301.4783471022981,43.19331957418708,130.39541205876992,265.2981273795985,464.7116508001014,903.5985147983214
MY_0p5_2.2500_114.2500,114.25,2.25,2008-12-01,2008,12,360.00753929501485,80.44848194425067,114.3727277725462,80.5710444616893,177.27389773414248,257.8449453686911,43.087182544526605,130.08883565266925,264.7362852066282,463.78108772398934,901.6933971586681
MY_0p5_2.2500_114.7500,114.75,2.25,2008-12-01,2008,12,341.0380759946762,80.53760471959268,112.94403580696354,64.07629788306453,154.00715976838146,218.08345952187815,42.955347824096684,129.70459215717935,263.9982941658267,462.35020555065535,899.0084362399194
MY_0p5_2.2500_115.2500,115.25,2.25,2008-12-01,2008,12,361.2460632324219,80.42481994628906,114.43827819824219,64.14199829101562,136.41229248046875,200.55429077148438,42.73508071899414,129.05239868164062,262.640625,459.203857421875,893.6319580078125
MY_0p5_2.7500_101.2500,101.25,2.75,2008-12-01,2008,12,305.9359436035156,75.33258056640625,114.20198059082031,38.91582489013672,109.64445495605469,148.56027221679688,42.410614013671875,128.30238342285156,262.2444152832031,462.3670959472656,895.3245239257812
MY_0p5_2.7500_101.7500,101.75,2.75,2008-12-01,2008,12,318.2217233211436,74.93880190762606,103.89546100963244,44.74654299649325,109.6761192737926,154.4226601340554,42.09765118685635,127.29784307306461,259.88319924094463,456.60855302290474,885.8872589666192
MY_0p5_2.7500_102.2500,102.25,2.75,2008-12-01,2008,12,356.13258109123086,73.7711894284388,120.66150371284243,61.50443332210468,120.13423615959799,181.6386709516975,42.428987199333825,128.22453871805956,261.4314387619116,458.11801273807595,890.2029877680882
MY_0p5_2.7500_102.7500,102.75,2.75,2008-12-01,2008,12,402.6660327187067,73.87411593183687,124.75996637947952,107.37676137610327,151.17413764663888,258.5508915382095,42.76988051209268,129.28351588188846,263.8270501245426,464.1468492338929,900.027287929873
MY_0p5_2.7500_103.2500,103.25,2.75,2008-12-01,2008,12,456.66328158044513,74.01581002496611,124.83498737310907,166.06315797453473,192.48033681492896,358.5434926998843,41.9631339273635,126.23053141308439,257.34320855596263,451.6024609219496,877.1393347090218
MY_0p5_2.7500_103.7500,103.75,2.75,2008-12-01,2008,12,462.9887882398523,76.232251507303,127.51800688290928,173.3034945720901,182.93164674257903,356.2351453930552,41.078496590188024,123.06961632653865,250.99876621791296,440.5932058870518,855.7400923346594
MY_0p5_2.7500_104.2500,104.25,2.75,2008-12-01,2008,12,415.9823931525735,76.7447494058048,142.30572509765625,168.60757446289062,162.8486785888672,331.4562683105469,42.763919830322266,129.36508178710938,264.25067138671875,465.2157897949219,901.595458984375
MY_0p5_2.7500_111.2500,111.25,2.75,2008-12-01,2008,12,638.1030105064655,71.83207118593414,96.26655421537512,177.7654400993796,436.0264291202321,613.7918880687041,43.93217726314769,132.44505040785845,268.63203250660615,467.93287299661074,912.9421709846048
MY_0p5_2.7500_111.7500,111.75,2.75,2008-12-01,2008,12,631.3174688620646,72.220058097214,96.6755086635721,169.2125867646316,416.7416668595938,585.9542533611428,43.89596879893335,132.34004033845045,268.4705992073848,467.95861553323675,912.6652624196018
MY_0p5_2.7500_112.2500,112.25,2.75,2008-12-01,2008,12,608.02894630915,73.99897234952903,99.91250839233398,157.26233729044597,377.0751923624674,534.337523803711,43.81115796407064,132.10162221272788,268.10628021240234,467.9369356282552,911.956017252604
MY_0p5_2.7500_112.7500,112.75,2.75,2008-12-01,2008,12,567.6363392117656,76.7488514381119,104.39322302613076,152.19213292568543,315.30357061458534,467.49570329883426,43.63629131075702,131.63718081124222,267.4531475018851,467.8500892542586,910.5767223503017
MY_0p5_2.7500_113.2500,113.25,2.75,2008-12-01,2008,12,517.5723330543154,79.44172164674788,110.74667825850227,133.59345753987628,253.04539029560388,386.63885120210193,43.43961341494605,131.1142359657893,266.72366207062254,467.7332261827257,909.0107439313614
MY_0p5_2.7500_113.7500,113.75,2.75,2008-12-01,2008,12,447.54310491282473,81.01488677103808,113.80588512056192,112.01344194837438,204.10943501466397,316.1228768901461,43.233387564397916,130.51422405850354,265.57133726861065,465.59174205998704,904.9106845734226
MY_0p5_2.7500_114.2500,114.25,2.75,2008-12-01,2008,12,361.96542165249207,81.0554357359681,114.60492534878887,92.23378386678574,178.03144479099709,270.26523580430427,43.10468128059484,130.12562725211998,264.7361543872688,463.58021960681,901.5466982684557
MY_0p5_2.7500_114.7500,114.75,2.75,2008-12-01,2008,12,329.00974919993405,82.7261173466968,115.65961043242436,71.48265673400489,149.6101562111241,221.09281508330326,42.955151746227486,129.7205298842898,264.1070975528401,462.9125813283737,899.6953552634853
MY_0p5_2.7500_115.2500,115.25,2.75,2008-12-01,2008,12,346.96189839131125,81.4288611197257,115.13497457418354,55.86106157732439,141.04786668382246,196.90892826114688,42.685810054744685,128.8535057274071,261.9532489948445,456.67473485448335,890.1672962635487
MY_0p5_3.2500_101.2500,101.25,3.25,2008-12-01,2008,12,294.314442952474,75.61726860313564,119.25056404084083,35.617831159658465,102.41806056991162,138.03588410017554,42.454733303084915,128.43519580410612,262.4888119233721,462.54152385548394,895.9202564996505
MY_0p5_3.2500_101.7500,101.75,3.25,2008-12-01,2008,12,308.3970308123894,70.08507907162806,102.84701433606969,59.254097069904304,135.93881655650534,195.19291259376868,42.21789824127392,127.56950820631283,259.87201024924116,454.11684743310246,883.7762628057201
MY_0p5_3.2500_102.2500,102.25,3.25,2008-12-01,2008,12,401.390921843998,71.83377392481243,117.93389306446862,79.62259397960844,127.25579833984376,206.8783908420139,42.53885623992436,128.58250683981274,262.2600206163195,460.12125476655507,893.502661907862
MY_0p5_3.2500_102.7500,102.75,3.25,2008-12-01,2008,12,481.03560899179195,71.74692380881007,123.79239929778664,153.77286638187454,180.86031129088582,334.6331639833088,42.85255092910573,129.5101002560386,264.09403315676917,463.7229671236835,900.1796724343601
MY_0p5_3.2500_103.2500,103.25,3.25,2008-12-01,2008,12,537.0349669813721,72.32240601082968,122.29388457556114,223.45634872983257,211.60945452463355,435.06579361210436,41.1759542285037,123.31906771582192,251.30609155710823,440.474855404335,856.2759729441293
MY_0p5_3.2500_112.2500,112.25,3.25,2008-12-01,2008,12,624.7014824761286,75.1503151787652,100.01946326361762,170.3613498263889,387.32364841037327,557.684989420573,43.83037533230252,132.15948588053385,268.2038126627604,467.96544325086813,912.1591227213543
MY_0p5_3.2500_112.7500,112.75,3.25,2008-12-01,2008,12,584.0064638199344,79.35863944022886,108.55080495115186,153.73102281914382,312.2264519363153,465.9574667508485,43.63169410580495,131.62928496814163,267.4643837350314,467.9794586681929,910.7048424892738
MY_0p5_3.2500_113.2500,113.25,3.25,2008-12-01,2008,12,538.0051521932272,82.8858193992672,116.02338683966434,142.78458288944128,258.82764521512115,401.61221625588155,43.46963003909949,131.20020652539802,266.87934031631005,467.98630130652225,909.535495411266
MY_0p5_3.2500_113.7500,113.75,3.25,2008-12-01,2008,12,467.24458860367065,84.19918343680246,114.30024268740699,133.0013259645492,230.2629455082,363.2642732166109,43.35875084286644,130.88929990738157,266.33995235382565,467.2456210666233,907.833639671689
MY_0p5_3.2500_114.2500,114.25,3.25,2008-12-01,2008,12,373.78979083990595,84.7036786170522,114.84287723614153,106.23563627984113,205.1772076552081,311.4128486973465,43.24338516915679,130.53230387693753,265.5279938521658,465.161607681566,904.4653071506766
MY_0p5_3.2500_114.7500,114.75,3.25,2008-12-01,2008,12,325.72128480558945,87.00829021186587,120.73669671708615,76.4284136826825,168.40060099219062,244.82901695883197,43.079189579957614,130.08820192373483,264.8654179664175,464.6808330754567,902.7136576464222
MY_0p5_3.2500_115.2500,115.25,3.25,2008-12-01,2008,12,325.91739799402933,84.07102872148344,112.63121361068532,49.04708029348639,136.63194772261605,185.67902837825727,42.52651097502889,128.36772257165063,260.8542559659934,453.7495167406299,885.4979972356483
MY_0p5_3.2500_115.7500,115.75,3.25,2008-12-01,2008,12,332.7400368679775,81.33289465743503,106.12553105729349,63.12998820958512,167.74891336848225,230.8789048784235,42.71068105804786,128.95363659805125,262.246735647823,457.3741256199526,891.2851699657655
MY_0p5_3.7500_100.7500,100.75,3.75,2008-12-01,2008,12,345.3296203613281,81.2405776977539,121.25218963623047,17.31230926513672,80.01026916503906,97.32257843017578,42.41619873046875,128.35345458984375,262.46954345703125,462.92523193359375,896.1644287109375
MY_0p5_3.7500_101.2500,101.25,3.75,2008-12-01,2008,12,292.94395699950076,75.07083878007907,119.8006275510325,31.24225233750822,104.72843972610423,135.97068798966393,42.36158940089945,128.11158347515615,261.5134111422937,459.083314963529,891.0698901920258
MY_0p5_3.7500_101.7500,101.75,3.75,2008-12-01,2008,12,349.2997895409079,67.0680958936169,108.74463699729581,65.60146273473266,143.7026050105976,209.30406256997665,42.397512472359246,128.07542210475657,260.6936178025167,454.67598330746796,885.8425205497986
MY_0p5_3.7500_102.2500,102.25,3.75,2008-12-01,2008,12,520.8430937267484,67.64710535927424,114.0603519500248,113.07955336797805,149.52740706186444,262.6069673084077,42.54471262371729,128.55151347811258,261.87612624395456,457.95784563337054,890.9302329411581
MY_0p5_3.7500_102.7500,102.75,3.75,2008-12-01,2008,12,636.1037006680928,69.95788005041697,121.1220465523856,218.35800839378714,196.55312897212923,414.911143469432,42.859261394682385,129.51156301347035,263.92536950489824,462.5117511083209,898.8079547216022
MY_0p5_3.7500_103.2500,103.25,3.75,2008-12-01,2008,12,668.1466538630633,70.41603088378906,124.88537507898667,304.3627526376762,232.6470475739124,537.0098027248009,42.48888997096642,128.07902347340303,260.92406999176626,456.8932850557215,888.3852665919883
MY_0p5_3.7500_113.2500,113.25,3.75,2008-12-01,2008,12,545.6940097808838,86.60805618762971,118.38032219058178,141.45727338947236,260.1662392538102,401.62349463290855,43.46777375018011,131.19672081118725,266.8775274558146,467.9552577284516,909.4972964427511
MY_0p5_3.7500_113.7500,113.75,3.75,2008-12-01,2008,12,470.9971548780448,88.47414749387711,112.11661215970432,129.81019340441065,245.13999400709824,374.95018553502354,43.415640068671465,131.05289955509517,266.663488097947,467.8774366656553,909.0094519556533
MY_0p5_3.7500_114.2500,114.25,3.75,2008-12-01,2008,12,379.09733596262055,89.3214833335271,112.97887510269408,91.14247216118706,215.23803347632997,306.380511280847,43.31975909036303,130.78538837735616,266.2330041310144,467.49757603236606,907.8357315305678
MY_0p5_3.7500_114.7500,114.75,3.75,2008-12-01,2008,12,330.5295848059276,90.36409921797495,121.02235596671937,66.46627369229756,169.39197562081472,235.858255343967,43.11815868559338,130.22491227407303,265.3169156513517,466.4242522708953,905.0842699807788
MY_0p5_3.7500_115.2500,115.25,3.75,2008-12-01,2008,12,311.7822250124008,85.05680527460008,111.06720103914776,47.40574317811027,144.55365445576012,191.9593968951513,42.618780602349176,128.65110347687252,261.5060875302269,455.4348458426339,888.2107970222595
MY_0p5_3.7500_115.7500,115.75,3.75,2008-12-01,2008,12,312.4332670582284,80.58619097153917,106.07972711796383,57.27535788446879,168.395737901866,225.67109186186207,42.7545152568131,129.06908828406026,262.4066544127979,457.4377788296706,891.6680381280912
MY_0p5_4.2500_100.7500,100.75,4.25,2008-12-01,2008,12,301.0448003768921,82.14968121145655,120.92697420704124,34.3467170871034,87.2275657186703,121.57428280577369,42.39205537134287,128.26853774713013,262.1949014469069,461.99391529316813,894.8494173011003
MY_0p5_4.2500_101.2500,101.25,4.25,2008-12-01,2008,12,292.63251844302624,71.51785125246474,111.70219518576458,47.6122221855601,133.02420665959644,180.63642249137735,42.18054711894625,127.4625394055798,259.52276076784557,452.2915495854275,881.4573574187649
MY_0p5_4.2500_101.7500,101.75,4.25,2008-12-01,2008,12,437.1519037095953,68.29976366426997,113.0759984708061,76.32413097540031,135.26733305812266,211.59146347289652,42.391675199563515,128.12126076792757,261.11166440336086,456.6965155555799,888.3211120020469
MY_0p5_4.2500_102.2500,102.25,4.25,2008-12-01,2008,12,702.0108266227163,70.45393235081683,115.46329751791666,179.37383567639435,170.2283733233857,349.6022099016574,42.6374039451916,128.843294527584,262.5194945899062,459.35597009628356,893.3561512517473
MY_0p5_4.2500_102.7500,102.75,4.25,2008-12-01,2008,12,854.8808490728878,69.11321858691562,117.70296444255077,317.6408442600518,241.0848168537116,558.7256699094347,42.908255668202784,129.59174259453064,263.63878548980523,459.8986489848726,896.0374302955192
MY_0p5_4.2500_103.2500,103.25,4.25,2008-12-01,2008,12,867.2517442062439,71.04742059475039,126.25480279689882,425.69720161251905,281.1137165774037,706.8109466871733,43.08588384169735,130.13111622242144,264.8658092113322,462.8280424855727,900.9108591112941
MY_0p5_4.2500_113.7500,113.75,4.25,2008-12-01,2008,12,419.25282554020964,92.84572138930812,110.84275386018574,86.86086445934369,235.22207411280218,322.08293756449,43.38977806523161,130.9738163498213,266.547133535709,467.9389576462081,908.8496456506117
MY_0p5_4.2500_114.2500,114.25,4.25,2008-12-01,2008,12,377.0267050515658,93.37657572035626,111.01218685312163,63.07827222669448,197.56880512016625,260.64707269263545,43.248091531996565,130.60157552004782,266.0581866525776,467.94250535412647,907.8503526370959
MY_0p5_4.2500_114.7500,114.75,4.25,2008-12-01,2008,12,341.3104431152344,93.09703491210938,117.8776545715332,58.16940213521322,169.25793314615888,227.42733317057295,43.10644175211589,130.20874125162763,265.3902317301433,466.9538588460287,905.6592651367189
MY_0p5_4.2500_115.2500,115.25,4.25,2008-12-01,2008,12,306.8941282696194,88.76590609550475,113.04054093360902,37.77795913484361,131.93641034762067,169.71437385347156,42.58710883723365,128.5634128252665,261.3569513956706,455.2395946714613,887.7470525105795
MY_0p5_4.2500_115.7500,115.75,4.25,2008-12-01,2008,12,284.63931507175255,82.0361225710077,105.23641083280921,40.99590492895094,150.37511472540388,191.37102795617056,42.74352944584217,129.02874455856065,262.3260471150026,457.43002991757163,891.5283503128311
MY_0p5_4.2500_116.2500,116.25,4.25,2008-12-01,2008,12,269.53827657932186,87.33822054979278,106.27785170950543,57.64184430750405,172.95619006273228,230.59803790580938,42.86967300787205,129.39439112965655,263.0530546234875,458.99655932914925,894.3136905577124
MY_0p5_4.2500_116.7500,116.75,4.25,2008-12-01,2008,12,261.44794830145867,90.16613240324695,102.06698745110133,58.21394903811417,170.62263797473358,228.83659062909257,42.86506258132142,129.43754048430162,263.4291283050714,460.766539821735,896.498259616036
MY_0p5_4.2500_117.2500,117.25,4.25,2008-12-01,2008,12,256.29681855598386,92.89097490563857,97.24005677214767,45.74043381952607,131.9807379731035,177.72117101618676,42.710242701842716,129.1097846242179,263.4403037012151,463.1432670660779,898.4036001019775
MY_0p5_4.2500_117.7500,117.75,4.25,2008-12-01,2008,12,243.98914513221158,92.98095827021152,89.39296644161908,28.95984498863546,82.19562419663129,111.15546749799681,41.06221981537649,123.3074707944169,251.97348687587643,443.8938408223992,860.237043853499
MY_0p5_4.2500_118.2500,118.25,4.25,2008-12-01,2008,12,221.73874329684077,92.13997101365476,80.2690937017939,21.28890681418644,58.7574693230307,80.04637418127363,38.33347286540232,113.35457581927065,231.67178315569643,408.17719011246027,791.5370417309417
MY_0p5_4.2500_118.7500,118.75,4.25,2008-12-01,2008,12,210.88839552137588,92.74626216182001,76.02877807617188,21.324565887451172,56.56121826171875,77.88578033447266,36.79862976074219,107.69561004638672,220.06346130371094,387.7055358886719,752.2632446289062
MY_0p5_4.7500_100.2500,100.25,4.75,2008-12-01,2008,12,214.41777716742624,93.30496046278212,,,,,,,,,
MY_0p5_4.7500_100.7500,100.75,4.75,2008-12-01,2008,12,259.79021910227596,83.65305812863538,121.65413668872864,47.30738011802116,122.06991673291213,169.3772959515331,42.275891745962745,127.79850254213906,260.53397983457984,455.77058509888684,886.3789908556433
MY_0p5_4.7500_101.2500,101.25,4.75,2008-12-01,2008,12,307.09870398569916,70.80010259719123,105.90751224093968,69.18994474865143,152.96287912035748,222.1528245713976,42.14466826423766,127.28284345354353,258.73865676153275,449.06332097129217,877.2294807555184
MY_0p5_4.7500_101.7500,101.75,4.75,2008-12-01,2008,12,517.9464942300395,70.04260731046163,113.74802628774492,143.55166269938152,164.76718352787077,308.3188534206815,42.32126501174201,127.85749252561538,260.19728374178453,453.2072375100757,883.5832649352059
MY_0p5_4.7500_102.2500,102.25,4.75,2008-12-01,2008,12,841.4332688104539,71.81212586902437,113.85513741629465,305.2365376790365,234.9944187709263,540.2309669131324,42.749515424455915,129.1041269938151,262.5495465959821,457.16475103469116,891.5679716564359
MY_0p5_4.7500_102.7500,102.75,4.75,2008-12-01,2008,12,1018.8153626265796,70.39824037491135,117.47270192917742,469.58491049602526,309.22504391032413,778.8099518794161,43.17165973687626,130.35892846174298,265.0646253452179,462.09677055990613,900.6919866671226
MY_0p5_4.7500_103.2500,103.25,4.75,2008-12-01,2008,12,1019.6967426318128,73.08925805163028,120.45669400823957,507.03321641309685,312.0343480409292,819.0675724494064,41.72932908455825,125.08810903401395,254.3646161406683,443.4789125787377,864.6609346171588
MY_0p5_4.7500_103.7500,103.75,4.75,2008-12-01,2008,12,1014.7933863589637,75.672607421875,115.01623663964209,439.48948213651585,226.4588056291853,665.948315905286,37.75712689486417,110.80534303343141,225.54604587307222,393.9200201653815,768.0285168932629
MY_0p5_4.7500_113.7500,113.75,4.75,2008-12-01,2008,12,353.8029479980469,95.96624755859375,,,,,,,,,
MY_0p5_4.7500_114.2500,114.25,4.75,2008-12-01,2008,12,353.8029479980469,96.73127119881765,114.92562103271484,55.958831787109375,166.2360076904297,222.19483947753906,43.09999465942383,130.22581481933594,265.59503173828125,467.9575500488281,906.8783569335938
MY_0p5_4.7500_114.7500,114.75,4.75,2008-12-01,2008,12,334.6675273936282,98.74538191928659,119.62015352966965,67.48286753828808,155.19122691821028,222.67408900107108,43.01777751471407,129.98542260610932,265.1006364719842,466.789316813151,904.8931458175823
MY_0p5_4.7500_115.2500,115.25,4.75,2008-12-01,2008,12,295.0513502756754,96.5971165895462,119.3450462023417,50.040473073720925,145.926306049029,195.96678320566807,42.73186687628428,129.02345379193622,262.4090795516968,457.92442385355616,892.0888261795043
MY_0p5_4.7500_115.7500,115.75,4.75,2008-12-01,2008,12,264.7796204097687,88.86891416519407,108.86836862715462,25.89401914808485,111.81037302168586,137.7043943374876,42.42706877693297,128.09784323071676,260.47452973865325,453.6882347470238,884.6876784551712
MY_0p5_4.7500_116.2500,116.25,4.75,2008-12-01,2008,12,233.71561100066648,87.57477509029324,108.46598418705044,28.833699859134732,115.10501922123014,143.93871188693572,42.4804229009719,128.28582608661952,261.06038295200887,455.73467920696913,887.5612984793524
MY_0p5_4.7500_116.7500,116.75,4.75,2008-12-01,2008,12,220.74153808400598,88.04428192331822,101.88679453692859,36.032616434218006,124.20183601862269,160.23445032819913,42.50648062742209,128.3824214210993,261.33701005766665,456.49848870386046,888.7243957519531
MY_0p5_4.7500_117.2500,117.25,4.75,2008-12-01,2008,12,229.74050278436573,88.38195144411117,94.7980954851423,36.253356751941496,115.52834952218191,151.78170742458767,42.38765864296565,128.06360333155072,260.85005890376976,455.8737616644965,887.1750953311011
MY_0p5_4.7500_117.7500,117.75,4.75,2008-12-01,2008,12,230.22521499440637,89.42661225041257,90.11056718947012,26.59050364433964,97.54637708543221,124.13687925700899,42.30312369141397,127.87688194950925,260.78993563108804,456.7978645034982,887.7678133807605
MY_0p5_4.7500_118.2500,118.25,4.75,2008-12-01,2008,12,226.28495642887293,91.164889733396,89.543364175001,24.729383104410605,89.32399868605725,114.05338214510053,42.38931492944459,128.18370723245133,261.6883761151952,459.75413106793735,892.0155320670738
MY_0p5_4.7500_118.7500,118.75,4.75,2008-12-01,2008,12,229.17118004907536,91.39953555336481,93.4555529823786,29.418685043914405,82.4548541684694,111.87353670144384,42.494746678992165,128.53662495673458,262.64366439626184,462.7918616186215,896.4668949948082
MY_0p5_5.2500_100.2500,100.25,5.25,2008-12-01,2008,12,192.3245632634687,96.8155799821622,75.60102081298828,5.350399494171143,20.12474822998047,25.475149154663086,27.724529266357422,75.03182220458984,152.8938751220703,266.44561767578125,522.0958251953125
MY_0p5_5.2500_100.7500,100.75,5.25,2008-12-01,2008,12,244.23146111980762,87.16417554058607,122.68706687839553,55.51416417374008,120.23750577027772,175.7516628353075,41.25211584156957,124.12888388798154,252.61821895906294,439.7684992647719,857.7677268543463
MY_0p5_5.2500_101.2500,101.25,5.25,2008-12-01,2008,12,336.2469788566468,75.038723609561,109.63988751608227,137.86321367536272,173.6698431590247,311.53306119404135,42.20827318221803,127.48821677556113,259.15569167364214,449.6949159652467,878.5471131339905
MY_0p5_5.2500_101.7500,101.75,5.25,2008-12-01,2008,12,574.8324977607485,71.55382336173089,116.09788119565151,258.8737572348042,205.7756183405591,464.6493696467891,42.52711213470266,128.4919382569137,261.49513604230947,455.5410907526686,888.0552694721587
MY_0p5_5.2500_102.2500,102.25,5.25,2008-12-01,2008,12,909.5210835645154,77.35379106072104,118.39249417736274,415.2466965207628,260.2423073349485,675.4889994821731,42.684338101915486,128.7988376981893,262.1648371994116,457.7092160753383,891.3572123339222
MY_0p5_5.2500_102.7500,102.75,5.25,2008-12-01,2008,12,1092.648363939714,74.96067958272945,117.83340736001223,569.0571323200808,305.6989635402873,874.7560776532705,42.08033493817862,126.44586101467327,257.2234054824053,448.6746066853151,874.4241955773305
MY_0p5_5.2500_103.2500,103.25,5.25,2008-12-01,2008,12,1096.291158492477,77.37583204804274,131.68344903921152,598.8071166199524,337.92064260507556,936.7277586305298,43.2049532308207,130.41364872920047,265.28714980088273,463.1191986876649,902.0249463366223
MY_0p5_5.2500_115.2500,115.25,5.25,2008-12-01,2008,12,270.7355400823778,99.12145220848824,118.81921436747568,33.59478431451517,103.70578228059362,137.3005681272413,42.406197719886656,128.0779869204662,260.7105887991483,455.5069920274078,886.7017452052384
MY_0p5_5.2500_115.7500,115.75,5.25,2008-12-01,2008,12,252.22662118765024,95.85583908950225,112.53041575803594,19.339725442660058,81.52103519762976,100.86075992907506,42.173568272994736,127.3661782474841,259.1630011089777,451.866608493611,880.5693342823093
MY_0p5_5.2500_116.2500,116.25,5.25,2008-12-01,2008,12,216.49333997315995,89.69401902790311,105.66518728038932,19.323418816433673,92.03631145139283,111.35972826993918,42.32678461678421,127.87330726430386,260.4766806107533,455.4862324195573,886.1629963162579
MY_0p5_5.2500_116.7500,116.75,5.25,2008-12-01,2008,12,208.61122300353227,88.2522154699398,100.43128337135796,26.86416258389437,112.97039502783666,139.83455962169015,42.397182295594035,128.0563707713839,260.68901226188564,455.17786677879616,886.3204376607
MY_0p5_5.2500_117.2500,117.25,5.25,2008-12-01,2008,12,235.45204152909534,88.60603855678012,96.21236705477276,31.92109852745419,126.45173429458862,158.37282971578927,42.47946635654994,128.3263913109189,261.35700557648187,456.9114766438802,889.0743423704117
MY_0p5_5.2500_117.7500,117.75,5.25,2008-12-01,2008,12,249.05528244745165,88.4557175893632,92.06137339274088,38.60668629237584,131.2762954711914,169.8829787965805,42.60686566791837,128.74789666069876,262.4484702458457,460.08355402870774,893.8867861793154
MY_0p5_5.2500_118.2500,118.25,5.25,2008-12-01,2008,12,252.11158506512206,89.15747415336074,90.60586557570537,42.527749614351116,116.64034324694592,159.16809854689677,42.62968065784236,128.87772106972469,263.02705694307946,462.4764401381183,897.0109167402717
MY_0p5_5.2500_118.7500,118.75,5.25,2008-12-01,2008,12,248.02254432678228,89.8400914025685,95.35017861260307,37.383659468756775,89.12587155236139,126.50952847798665,42.578199545542404,128.77900377909342,263.1311382717556,463.9240871005588,898.4124323527018
MY_0p5_5.2500_119.2500,119.25,5.25,2008-12-01,2008,12,234.90399964215,90.48312189011348,97.74919891357422,34.90418243408203,78.05854034423828,112.96271514892578,42.555931091308594,128.7316131591797,263.1458435058594,464.4165344238281,898.8499145507812
MY_0p5_5.7500_100.2500,100.25,5.75,2008-12-01,2008,12,176.70876188535948,101.0754398655247,117.1629564477763,8.481227970998221,27.96994835739836,36.45117617965838,34.330444510923606,99.8127139730191,204.57408982023188,360.37686269217676,699.094089893026
MY_0p5_5.7500_100.7500,100.75,5.75,2008-12-01,2008,12,254.15931512741815,91.41982436407181,121.34085881551107,89.28474348068237,116.4858713658651,205.77061068216958,40.178255310058596,120.2804384613037,244.88468556722,426.6283448282878,831.9717224121094
MY_0p5_5.7500_101.2500,101.25,5.75,2008-12-01,2008,12,370.23022208626816,80.7054221386046,117.42936535332149,271.55127661997875,215.8411120917854,487.39238793080256,42.59060580336204,128.61672577144594,261.42209775429075,454.24315817525076,886.8725867083695
MY_0p5_5.7500_101.7500,101.75,5.75,2008-12-01,2008,12,625.9152805328371,76.29351237614951,126.3307955423991,492.9765986124675,312.5071275075276,805.4837025960288,43.18867595990499,130.41515165964765,265.20940958658855,462.50400047302253,901.3172439575197
MY_0p5_5.7500_102.2500,102.25,5.75,2008-12-01,2008,12,936.398956690079,81.19535844753949,135.676894807655,534.909131085431,322.7678150729298,857.6769546868422,42.47271362458817,127.7477771746189,259.92231699111886,454.25786233510223,884.400657576744
MY_0p5_5.7500_102.7500,102.75,5.75,2008-12-01,2008,12,1120.7236160714285,78.82675978280965,110.3505630493164,494.4564514160156,264.4896545410156,758.9461059570312,36.777244567871094,107.11051177978516,217.7337188720703,379.604736328125,741.2261962890625
MY_0p5_5.7500_103.2500,103.25,5.75,2008-12-01,2008,12,1130.18017578125,80.30464935302734,,,,,,,,,
MY_0p5_5.7500_115.2500,115.25,5.75,2008-12-01,2008,12,248.16759948730467,98.07054443359375,119.68496704101562,22.12342643737793,72.96549987792969,95.08892822265625,42.499542236328125,128.55743408203125,262.6922302246094,463.1439208984375,896.8931274414062
MY_0p5_5.7500_115.7500,115.75,5.75,2008-12-01,2008,12,232.04363695390387,94.60284765512665,109.26280786423456,17.086864580426898,81.75319497244698,98.84006195068359,42.114696393694196,127.32920713878812,259.66686662946427,454.56937546502974,883.6801188151043
MY_0p5_5.7500_116.2500,116.25,5.75,2008-12-01,2008,12,206.60772821335567,87.2478761703249,100.05907546754867,15.814308874947683,94.0593045915876,109.87361680288163,42.01241624620226,126.95499904572017,258.5245291573661,450.62278839595734,878.1147073412698
MY_0p5_5.7500_116.7500,116.75,5.75,2008-12-01,2008,12,214.6077152797154,83.54459269690133,91.62632291279141,29.873479198274158,122.0893072945731,151.9627891903832,42.340890963115385,127.88782118539963,260.247020515563,453.5960410466269,884.0717798626612
MY_0p5_5.7500_117.2500,117.25,5.75,2008-12-01,2008,12,261.24804966682893,88.16924273854927,95.1125159519328,53.428713777463905,134.14819528477426,187.57691031374767,42.7142056486208,129.09166710309051,263.2296332229951,462.03489728380083,897.0704078072629
MY_0p5_5.7500_117.7500,117.75,5.75,2008-12-01,2008,12,281.5186098129031,89.75582604786709,97.4040755969566,67.14717799705147,130.0018852797131,197.1490629055356,42.794867777984415,129.4017406694041,264.2516221424077,465.70146558108746,902.1497130938023
MY_0p5_5.7500_118.2500,118.25,5.75,2008-12-01,2008,12,274.50586653875075,89.5900465965271,97.33187472873263,73.41992251926,137.77264163547093,211.19256815592448,42.79090774536133,129.3935444471571,264.23763020833337,465.539928656684,901.9620090060764
MY_0p5_5.7500_118.7500,118.75,5.75,2008-12-01,2008,12,260.4093754108136,90.3241840509268,97.03861999511719,73.07239532470703,141.4251708984375,214.49757385253906,42.79060745239258,129.38922119140625,264.20867919921875,465.356689453125,901.7451782226562
MY_0p5_6.2500_99.7500,99.75,6.25,2008-12-01,2008,12,127.44143856272979,109.22905611524395,148.82156584983647,9.543160615965379,34.56889006148937,44.112049989922106,40.51210181657658,122.94534514671147,252.0672295148983,441.22364700672233,856.7483208234921
MY_0p5_6.2500_100.2500,100.25,6.25,2008-12-01,2008,12,179.58570331335068,102.31884130835535,140.1002260792012,20.186178631685216,48.22878838363958,68.4149664586904,39.05954269097775,117.17326330068157,240.05912076988994,422.2794667769451,818.5713864696269
MY_0p5_6.2500_100.7500,100.75,6.25,2008-12-01,2008,12,279.85977049131657,93.98567567921053,129.3388947004517,135.52951418018708,143.37134955564522,278.9008635885467,41.37390169121584,124.66751225298438,254.05710245375468,443.4714202291717,863.5699328566151
MY_0p5_6.2500_101.2500,101.25,6.25,2008-12-01,2008,12,374.6358243502103,87.67870765099158,124.22847160926234,280.0480797400842,214.43819673978365,494.48627647986785,42.596635260948766,128.6818786621094,261.8119121844952,455.9545109675482,889.0449556790867
MY_0p5_6.2500_101.7500,101.75,6.25,2008-12-01,2008,12,736.5414890834262,84.11187177385602,138.58929988316126,519.738831438337,321.162997000558,840.9018415178572,43.22447139195033,130.57138410295758,265.7741437639509,464.4993312290736,904.0693237304687
MY_0p5_6.2500_102.2500,102.25,6.25,2008-12-01,2008,12,910.5438245137532,84.1229559270347,148.0303955078125,523.36083984375,326.5201721191406,849.8810424804688,43.30604553222656,130.81732177734375,266.3482666015625,466.1215515136719,906.5931396484375
MY_0p5_6.2500_115.7500,115.75,6.25,2008-12-01,2008,12,205.07567180286753,92.0746342052113,113.91815948486328,17.008407592773438,67.89765167236328,84.90605926513672,42.00196838378906,127.07093048095703,259.420166015625,454.5657958984375,883.058837890625
MY_0p5_6.2500_116.2500,116.25,6.25,2008-12-01,2008,12,210.55701212297407,88.3699686820047,105.72452457780878,22.622736830018166,89.57321684581068,112.19595595708502,42.13036521205818,127.37465308101167,259.6941618394222,454.0264534971263,883.2256214293088
MY_0p5_6.2500_116.7500,116.75,6.25,2008-12-01,2008,12,243.87592899383063,85.01258317251053,95.98187570723276,52.19485625615195,143.17019566127232,195.36505606515067,42.547439163450214,128.53558364141554,261.7231516035776,457.2724103655135,890.078596811446
MY_0p5_6.2500_117.2500,117.25,6.25,2008-12-01,2008,12,312.0233754960318,87.92738180009147,97.53138975113157,94.0120614430261,173.79718351818266,267.8092529296875,42.384690360417444,127.71505994039867,260.3386077396453,456.944183155847,887.3825557648189
MY_0p5_6.2500_117.7500,117.75,6.25,2008-12-01,2008,12,332.0363251368205,89.99109609921776,100.4656751309222,105.88707942851106,167.3971797653109,273.28426499394646,42.27265927944965,127.34301552577325,259.8315172697368,457.12642361824976,886.5736212479441
MY_0p5_6.2500_118.2500,118.25,6.25,2008-12-01,2008,12,323.2706756591797,90.63258934020998,102.85526548113143,109.16141700744629,165.77898624965124,274.9403969900949,42.909015791756765,129.74411991664343,264.85814775739397,466.3627591814314,903.8740517752511
MY_0p5_6.7500_100.2500,100.25,6.75,2008-12-01,2008,12,178.79273055581487,101.05951241885914,146.00399028553684,30.521351190174325,65.36759606529684,95.88894701004028,41.09009350047392,124.4297300787533,254.46060438717112,445.69628996007583,865.6767272949219
MY_0p5_6.7500_100.7500,100.75,6.75,2008-12-01,2008,12,282.3399856002242,93.86437225341797,138.08269981101708,139.48836432562933,138.14878958242912,277.63715390805845,42.04222022162544,127.12780563919631,259.3301962393302,453.7961787471066,882.2964161060474
MY_0p5_6.7500_116.2500,116.25,6.75,2008-12-01,2008,12,265.8133348486889,88.96472247811249,105.99690172148914,78.56494196449839,159.26298374082984,237.82793333472276,42.79226163538491,129.34530788514672,263.78960065143866,463.0959174923781,899.023081709699
MY_0p5_6.7500_116.7500,116.75,6.75,2008-12-01,2008,12,295.86385004065846,88.22200801968575,101.19094601355994,91.77169513325447,173.93230905645922,265.70400530547494,41.51929891533532,124.62930219446717,254.01370106572696,445.4892584156142,865.6515724875711
MY_0p5_6.7500_117.2500,117.25,6.75,2008-12-01,2008,12,347.2679542476295,88.26488680717274,98.94712529140234,116.69858571280422,189.2325120098823,305.9310976551697,40.54328381698744,120.93862935294094,246.42237617695224,432.191241374058,840.0955594493224
MY_0p5_6.7500_117.7500,117.75,6.75,2008-12-01,2008,12,375.5056805080838,89.30379740397136,102.59393286705017,129.8867962360382,183.8713893890381,313.758192062378,41.02041792869568,122.62020063400269,249.99628686904907,439.1379098892212,852.7748413085938
MY_0p5_7.2500_116.7500,116.75,7.25,2008-12-01,2008,12,366.38766551580954,88.27034256950256,108.23649524191151,108.32819081182065,183.4476449717646,291.7758353855299,40.811205358090604,122.04649810791015,248.8524293319039,436.90872696586285,848.618848717731
MY_0p5_7.2500_117.2500,117.25,7.25,2008-12-01,2008,12,388.3711223430462,87.8998138840134,109.52287918893913,102.55305754009046,175.23679536518296,277.78984792608964,40.173065988641035,119.75465537623354,244.1719803659539,428.5469877544202,832.6466835423519
