grid_id,longitude,latitude,date,year,month,precipitation_mm,PET_mm,actual_evapotranspiration_mm,surface_runoff_mm,subsurface_runoff_mm,total_runoff_mm,soil_moisture_0_10cm_mm,soil_moisture_10_40cm_mm,soil_moisture_40_100cm_mm,soil_moisture_100_200cm_mm,soil_moisture_total_mm
MY_0p5_0.7500_110.2500,110.25,0.75,1985-01-01,1985,1,365.95043992262623,94.36802720289965,117.16529541015626,95.41277489295373,144.99143547644985,240.40421095628008,42.42116828331581,128.1309798020583,260.7102008526142,454.43046828049887,885.6928241436299
MY_0p5_0.7500_110.7500,110.75,0.75,1985-01-01,1985,1,368.9279349190848,96.17175183977399,123.93786239624023,103.50819495064871,143.64763728550503,247.15583299909318,42.66302206856864,128.92493896484376,262.8218876429966,460.8845284598214,895.2943952287945
MY_0p5_0.7500_111.7500,111.75,0.75,1985-01-01,1985,1,319.78947182307166,96.06889149499318,121.6112569173177,58.82497708759611,110.9008303445483,169.7258046468099,42.56684154934353,128.68133932446676,262.5388939267113,461.0792522127666,894.8663136315723
MY_0p5_1.2500_103.2500,103.25,1.25,1985-01-01,1985,1,152.9725632158298,112.8684855340754,131.80469755692917,15.711567987095227,5.5956809737465605,21.3072491125627,37.09129177440297,110.64745209433816,226.98931988802823,397.0814548839222,771.8095134388317
MY_0p5_1.2500_103.7500,103.75,1.25,1985-01-01,1985,1,158.2608201110247,112.16238669978762,119.18350441941938,21.505699518814826,13.546343405269884,35.05204385924108,38.36710353962427,115.45967457595381,237.1631739347884,416.9339092958321,807.9238530131221
MY_0p5_1.2500_104.2500,104.25,1.25,1985-01-01,1985,1,152.0887451171875,112.13797073364258,104.76324462890625,28.165849685668945,23.05780029296875,51.22365188598633,39.994205474853516,121.64958953857422,250.2641143798828,442.2896728515625,854.1975708007812
MY_0p5_1.2500_109.7500,109.75,1.25,1985-01-01,1985,1,361.49109585313914,96.56597165027296,118.99035405538169,171.00057091770404,155.80387749729385,326.8044488746,42.53979919617435,128.62235471426723,262.35444806570035,459.8738138589515,893.3904183629049
MY_0p5_1.2500_110.2500,110.25,1.25,1985-01-01,1985,1,374.60958579516324,94.80539081823873,118.73875497943187,147.4704397488745,167.01058995309484,314.481029849255,42.5564448529689,128.55667821228735,261.6755705726653,456.6829698481615,889.4716617775701
MY_0p5_1.2500_110.7500,110.75,1.25,1985-01-01,1985,1,374.44720497736853,96.27437424432662,124.32885453965928,120.64490126352462,149.58009992327007,270.2250017923021,42.691751837351966,129.03010108584448,263.1137668185763,461.6918234204489,896.5274576822916
MY_0p5_1.2500_111.2500,111.25,1.25,1985-01-01,1985,1,343.81525672205726,96.27956414755923,123.84552316391432,79.3549412005245,124.07261550464571,203.4275596545527,42.53285573161068,128.5597766717783,262.1626650289225,459.7066011763991,892.9619006074656
MY_0p5_1.2500_111.7500,111.75,1.25,1985-01-01,1985,1,325.3684004526289,95.61197577582465,119.75002385699561,69.50893680633061,118.69294762989833,188.20188177199591,42.579870738680405,128.70456489684085,262.4882715618799,460.56413438585065,894.3368394639757
MY_0p5_1.2500_112.2500,112.25,1.25,1985-01-01,1985,1,324.7996471424393,94.72150765820807,117.1069701528791,72.05355889179984,126.78875604619833,198.84231822986894,42.604339289786246,128.74673485150797,262.40891184540567,459.8150591390386,893.5750658064325
MY_0p5_1.2500_112.7500,112.75,1.25,1985-01-01,1985,1,314.2222677866618,94.27814054489137,112.42322683334349,68.51839367548624,124.104532400767,192.62293370564777,42.46724589665731,128.26382446289062,260.9939765930176,455.13044802347815,886.8554903666178
MY_0p5_1.2500_113.2500,113.25,1.25,1985-01-01,1985,1,286.6973399286685,93.76846850851308,113.09635056205417,63.72899037236753,118.85193773352583,182.5809285039487,42.450411522906755,128.18381188434103,260.73181974991513,454.3585743779721,885.7245971679688
MY_0p5_1.2500_113.7500,113.75,1.25,1985-01-01,1985,1,265.0355384133079,92.98476895419033,112.61204864039566,53.10039523153594,110.72165471857244,163.82204564412433,42.38187341979055,127.95415762699011,260.15323800751656,452.8467673099402,883.336027203184
MY_0p5_1.2500_114.2500,114.25,1.25,1985-01-01,1985,1,239.34308698536023,91.20702051483424,114.02923685259523,49.54716812403856,107.61515375998168,157.16232407831512,42.332684373433615,127.7929786074478,259.76018179834415,451.90271104120575,881.7885877221032
MY_0p5_1.2500_114.7500,114.75,1.25,1985-01-01,1985,1,222.53588128858996,88.85328034431704,114.13130458708731,46.83900611631332,107.21336020192793,154.0523666874055,42.3067875523721,127.72196295953566,259.625480405746,451.48462209393904,881.1388471049647
MY_0p5_1.7500_102.7500,102.75,1.75,1985-01-01,1985,1,136.740392526869,113.32490168618895,138.61521863937378,9.268773339688778,8.63449454307556,17.903267979621887,38.78026485443115,116.7759871482849,238.93316888809204,416.6792058944702,811.1686115264893
MY_0p5_1.7500_103.2500,103.25,1.75,1985-01-01,1985,1,156.05284566400596,110.24708568911757,142.2150393676758,24.322663555145265,12.96940501689911,37.29206941604615,38.99987480163575,117.42700744628907,240.34547286987308,419.5339027404785,816.3062490844726
MY_0p5_1.7500_103.7500,103.75,1.75,1985-01-01,1985,1,160.91608776623687,109.99085349070873,129.82744443869288,30.43925758554965,16.490213852894456,46.92947276634506,39.01408150829846,117.83871641038337,241.87892126735252,424.0967831189119,822.8284989369066
MY_0p5_1.7500_104.2500,104.25,1.75,1985-01-01,1985,1,154.90211486816406,110.95035185813903,121.95942061076794,36.02980155353398,21.808396864307017,57.83820032518963,39.954483416653424,121.60382429019427,250.08751790837727,440.12049664637834,851.766320043756
MY_0p5_1.7500_109.7500,109.75,1.75,1985-01-01,1985,1,353.50793865115145,96.58567827801373,119.11389923095703,177.32516479492188,157.70468139648438,335.02984619140625,42.55061340332031,128.66111755371094,262.4605407714844,460.1680603027344,893.84033203125
MY_0p5_1.7500_110.2500,110.25,1.75,1985-01-01,1985,1,380.5888635871116,95.74233103280116,121.73154335225969,232.58932992863785,199.3264725629021,431.9158024915399,42.78646875065279,129.28960585976668,263.39875703699454,460.96013359845,896.4349515374331
MY_0p5_1.7500_110.7500,110.75,1.75,1985-01-01,1985,1,381.4912525523792,96.55466149070045,124.91253623962402,150.5085609436035,152.36001663208006,302.86857757568356,42.7169563293457,129.1525596618652,263.5697998046875,463.2680511474609,898.7073699951172
MY_0p5_1.7500_111.2500,111.25,1.75,1985-01-01,1985,1,360.0551810128348,96.31683611188616,121.33914958155434,91.8718373853107,117.83778984602108,209.7096262377362,42.482352216853656,128.44669664959576,262.06045248342116,459.8174244015716,892.8069191156432
MY_0p5_1.7500_111.7500,111.75,1.75,1985-01-01,1985,1,347.2725738332241,95.00420200975633,117.00032709821868,97.10762072213087,140.93679828885232,238.0444164517559,42.692989313149745,129.04075651530974,263.1210812918747,461.633977093274,896.4888290212123
MY_0p5_1.7500_112.2500,112.25,1.75,1985-01-01,1985,1,337.8288382393973,94.56017206585595,115.53015904502263,77.74287879580542,136.68023403107173,214.42311391679067,42.635657416449654,128.8352577330574,262.49473382859003,459.5386297316779,893.5042898995536
MY_0p5_1.7500_112.7500,112.75,1.75,1985-01-01,1985,1,317.3580143035404,94.87592388334728,115.51902269635882,66.2611724974617,123.55526965913317,189.81644587441096,42.56037338499039,128.5987799750434,261.9558830140129,458.2211413186694,891.3361638144842
MY_0p5_1.7500_113.2500,113.25,1.75,1985-01-01,1985,1,285.2328258696057,94.83797047932943,115.36899002317398,59.43182195027669,112.16133723183285,171.59315887935577,42.46519874693855,128.31355823335193,261.37185756138393,456.9361214773996,889.0867243691096
MY_0p5_1.7500_113.7500,113.75,1.75,1985-01-01,1985,1,257.09419080946174,93.98484048994762,112.48308539012122,51.89917828998868,110.07439708406964,161.97357371496773,42.30452303205217,127.79619358607698,260.063285125248,453.0683712913877,883.2323773096479
MY_0p5_1.7500_114.2500,114.25,1.75,1985-01-01,1985,1,232.11484292650982,92.23172297402033,113.74608728317986,55.52656260899135,106.44354751829117,161.97011432950458,42.267527456132186,127.65660519070096,259.6419026692708,451.81618390764504,881.3822531079488
MY_0p5_1.7500_114.7500,114.75,1.75,1985-01-01,1985,1,221.32237646863868,90.7446821934201,114.26083820718557,58.04645587743255,107.63646464767852,165.68292568384675,42.258377628622895,127.66028341975237,259.7121637374009,451.88580844068775,881.5166480504171
MY_0p5_2.2500_101.7500,101.75,2.25,1985-01-01,1985,1,103.1749635946871,115.19416169445924,139.0699023622455,3.3961117147195226,5.641864429820669,9.037976438348943,39.132785026473236,118.41639339562619,242.20638668175903,422.15739024769175,821.9129496873028
MY_0p5_2.2500_102.2500,102.25,2.25,1985-01-01,1985,1,112.50529662501867,112.3850838693135,136.207619114926,2.3206411959451922,9.796757953589042,12.117398752550189,38.819174533825745,117.41387220318808,240.34100772547376,419.0709472364216,815.6450201153184
MY_0p5_2.2500_102.7500,102.75,2.25,1985-01-01,1985,1,130.67205076579808,110.44371621819992,141.93124771118164,10.741455951068977,9.876949672457538,20.618405776687815,39.33092934572244,118.90734233131892,243.46213956422443,425.45597955245006,827.1563996906522
MY_0p5_2.2500_103.2500,103.25,2.25,1985-01-01,1985,1,157.9429773724268,106.0850812397306,144.8963149782211,31.072127508738685,20.447202267722474,51.51933139619373,39.75970984564887,120.47433382064578,246.67798573327437,430.56700071304556,837.4790263826884
MY_0p5_2.2500_103.7500,103.75,2.25,1985-01-01,1985,1,166.46901353739074,106.59280517060876,143.72854898743708,41.97145530571371,20.33992800308486,62.311384841143074,39.45298141220868,119.74999759480103,245.80839869612353,429.20307627532435,834.2144570560779
MY_0p5_2.2500_104.2500,104.25,2.25,1985-01-01,1985,1,159.68078576064693,107.70520999567297,148.2177934883055,46.41999999747789,16.00623354635948,62.42623453691971,39.82203286541395,121.35321057532445,249.58418488305463,436.69407010669545,847.4535098745803
MY_0p5_2.2500_104.7500,104.75,2.25,1985-01-01,1985,1,147.80613708496094,106.44053649902344,,,,,,,,,
MY_0p5_2.2500_109.7500,109.75,2.25,1985-01-01,1985,1,308.83957007623485,96.186161410424,,,,,,,,,
MY_0p5_2.2500_111.2500,111.25,2.25,1985-01-01,1985,1,369.34176194667816,96.18675309419632,119.96436612746294,128.58581688824822,151.68683803782744,280.27265122357534,42.74633211248061,129.28330724379597,263.9381597182329,464.27916134105004,900.2469886330997
MY_0p5_2.2500_111.7500,111.75,2.25,1985-01-01,1985,1,371.82557673378597,96.0409446110801,120.64179295131137,123.00765247647725,150.8271236843533,273.83477478027345,42.76106856815399,129.3189792693607,263.97889433361235,464.31354341052827,900.3725031777034
MY_0p5_2.2500_112.2500,112.25,2.25,1985-01-01,1985,1,356.055270046658,96.0926506647988,121.8445579407707,98.83956800188336,143.99466882130454,242.83423738025485,42.75178032526894,129.2693613688151,263.7567333403088,463.49373595222585,899.2715996636284
MY_0p5_2.2500_112.7500,112.75,2.25,1985-01-01,1985,1,326.0470954047309,95.97939993237692,121.94177459232391,72.37337824503581,125.41849004351903,197.79186546688987,42.66616300552611,129.02423211960564,263.29487014043895,462.6176881820437,897.6029345315601
MY_0p5_2.2500_113.2500,113.25,2.25,1985-01-01,1985,1,281.09027874658983,96.10647764660062,120.91003863622275,57.22301289391896,100.81324046301464,158.03625265454488,42.44482615637401,128.39238983638705,262.1005817716084,460.18993985615083,893.1277448381699
MY_0p5_2.2500_113.7500,113.75,2.25,1985-01-01,1985,1,248.73973455308362,94.95093348056457,116.62919252130051,54.62747422954705,108.95393243620668,163.58141080639032,42.22678823108915,127.66325663313083,260.088713440714,453.63803998729855,883.6167942481705
MY_0p5_2.2500_114.2500,114.25,2.25,1985-01-01,1985,1,226.40943361312623,93.30527535090371,116.70357452876983,62.91746225508432,110.50396193246993,173.42142987932476,42.2635020906963,127.73290567549446,260.04385453481524,452.9458664667038,882.9861421130951
MY_0p5_2.2500_114.7500,114.75,2.25,1985-01-01,1985,1,219.2272572671214,91.0238036617156,116.43271388392294,63.16411674253403,110.22679844517863,173.39091895318805,42.309171381304346,127.88167857508506,260.4113622849987,453.94799479822956,884.5502224829889
MY_0p5_2.2500_115.2500,115.25,2.25,1985-01-01,1985,1,225.63499450683594,88.4285659790039,116.83482360839844,44.4482536315918,100.1064682006836,144.55471801757812,42.369686126708984,128.0738067626953,260.9991455078125,456.2006530761719,887.643310546875
MY_0p5_2.7500_101.2500,101.25,2.75,1985-01-01,1985,1,115.87083435058594,115.53407287597656,134.12196350097656,16.977724075317383,6.203190803527832,23.18091583251953,40.18074417114258,121.91389465332031,249.48390197753906,435.47698974609375,847.0555419921875
MY_0p5_2.7500_101.7500,101.75,2.75,1985-01-01,1985,1,104.82919571247506,111.64755792791192,123.11361741499466,9.939313347556373,17.64169086456299,27.58100553339178,39.41731319080699,119.50525290749287,244.14250482732595,425.3808675870028,828.4459290660511
MY_0p5_2.7500_102.2500,102.25,2.75,1985-01-01,1985,1,103.05435625307119,107.32229835364467,139.81027722206846,2.237727492478243,13.33237376030843,15.570101094094051,39.34639979319967,119.29060516843369,243.69747939383146,422.9734566075027,825.3079569628284
MY_0p5_2.7500_102.7500,102.75,2.75,1985-01-01,1985,1,115.23759064493301,106.51514562775817,142.14430492739135,7.543915937218485,7.931451489653768,15.475367443471015,39.764712526828426,120.72996817963032,247.40415708324576,432.4880757392207,840.3869167279594
MY_0p5_2.7500_103.2500,103.25,2.75,1985-01-01,1985,1,143.00251770019528,105.42152878585136,138.44047735906707,19.567195181634013,14.15848441944001,33.72567987138299,38.96585160759604,117.86754549840451,241.76179504394528,422.33756397028634,820.9327573351039
MY_0p5_2.7500_103.7500,103.75,2.75,1985-01-01,1985,1,157.426251088018,106.92789960114852,136.4873228292861,29.052543306130964,13.33317449015956,42.385718139085895,38.19193144767515,115.14106532505582,236.47054132558233,413.16094928512933,802.9644865396385
MY_0p5_2.7500_104.2500,104.25,2.75,1985-01-01,1985,1,154.61016385695513,106.3930233226103,149.08111572265625,45.05735397338867,11.713451385498047,56.77080535888672,39.7420539855957,121.15460205078125,249.32150268554688,436.4612121582031,846.6793823242188
MY_0p5_2.7500_111.2500,111.25,2.75,1985-01-01,1985,1,384.37401943864495,96.65215422531654,123.57595959831686,150.6033895155963,140.00806696274702,290.6114564783433,42.542025285608624,128.72970266903147,262.9165119844325,462.0556039249195,896.2438426298253
MY_0p5_2.7500_111.7500,111.75,2.75,1985-01-01,1985,1,388.6789375680392,96.96650104835386,124.65823242582124,148.0409901059907,151.91864723994811,299.9596373459388,42.6702000519325,129.0833579754007,263.5493216679014,463.2584031203697,898.5612903463428
MY_0p5_2.7500_112.2500,112.25,2.75,1985-01-01,1985,1,371.5333325349832,97.47089897831783,126.31258733113604,123.66514658610028,149.2707489522298,272.93589009602863,42.72237789154053,129.2293413798014,263.8272275797526,463.92352844238275,899.7024827067058
MY_0p5_2.7500_112.7500,112.75,2.75,1985-01-01,1985,1,335.3656270473818,97.56470936159545,125.22571411615685,84.82522674753696,119.16484250901621,203.99006338964534,42.58001774172239,128.8417983236192,263.2030840523635,463.1085588479343,897.7334662328792
MY_0p5_2.7500_113.2500,113.25,2.75,1985-01-01,1985,1,282.6604292612227,97.51600550091456,126.08268442305307,66.8974122789171,92.62813805474175,159.52555033365886,42.40690474737258,128.35433458600724,262.3402191646515,461.6255471850197,894.7270143539184
MY_0p5_2.7500_113.7500,113.75,2.75,1985-01-01,1985,1,251.64321690456126,96.8702941943126,126.44605473803867,65.97675271246842,107.5064352485025,173.48319244384766,42.3549329429675,128.0985375422581,261.2794129195487,457.37994938747136,889.1128300952304
MY_0p5_2.7500_114.2500,114.25,2.75,1985-01-01,1985,1,237.81173208695427,94.23646494708483,124.87340144869648,71.84116125710402,123.90836324571055,195.74952292140523,42.40565698358077,128.17062609708762,261.037640728528,455.48449117926106,887.0984047032609
MY_0p5_2.7500_114.7500,114.75,2.75,1985-01-01,1985,1,232.1231344915499,93.35357345289485,123.1669626661167,75.30873038662467,124.91240677560212,200.2211368342114,42.499306040964306,128.47120787991082,261.7913441263186,457.6020361055994,890.3638900465265
MY_0p5_2.7500_115.2500,115.25,2.75,1985-01-01,1985,1,234.27717631571997,89.37252594544006,115.8384314872123,37.76543106903901,94.87100350319801,132.6364305513399,42.17594260138434,127.43929503844664,259.3664756981102,451.4057361499683,880.3874566705376
MY_0p5_3.2500_101.2500,101.25,3.25,1985-01-01,1985,1,124.04649353027344,115.23081023219957,147.12764588589798,19.230764797225536,5.315323601436986,24.54608902393148,40.39123361491044,122.45056680760959,250.3110000669724,436.0953376265352,849.2481337966623
MY_0p5_3.2500_101.7500,101.75,3.25,1985-01-01,1985,1,110.57837124230726,105.57605046071825,128.26801737402656,14.015846786984973,25.04067602886516,39.056523881900084,39.61051277597999,120.04527839126102,244.75474329662936,423.07247399980093,827.4829892686979
MY_0p5_3.2500_102.2500,102.25,3.25,1985-01-01,1985,1,90.18536282493953,104.2351064288427,141.3069077264695,6.799855687883165,10.372997238522485,17.172852319384376,39.690928940545945,120.32714841327972,245.73492509145586,426.03705744667656,831.7900689019096
MY_0p5_3.2500_102.7500,102.75,3.25,1985-01-01,1985,1,89.35205971440182,103.83433419239672,140.77984087980246,4.965775935710231,7.56461166581021,12.530387136000622,39.50100838383542,120.03164728381967,245.97318098816686,428.6431988100462,834.1490302749827
MY_0p5_3.2500_103.2500,103.25,3.25,1985-01-01,1985,1,111.94488440895704,104.83841516451263,135.09950151971574,10.88649240611819,6.809070094012283,17.69556193398342,38.017464466902645,114.46253619364884,234.56754300493373,408.3508957853535,795.398443663159
MY_0p5_3.2500_112.2500,112.25,3.25,1985-01-01,1985,1,376.2067606608073,98.18902740478516,128.33679928249785,130.45442945692275,151.32833658854167,281.78275960286464,42.72421027289497,129.25225626627605,263.9364135742188,464.3025912814671,900.215492078993
MY_0p5_3.2500_112.7500,112.75,3.25,1985-01-01,1985,1,334.48928217734056,99.05340176243935,127.0096586258685,81.82580760267915,106.41620292038213,188.24200714611615,42.41304560176661,128.39425996874198,262.4698706454918,461.94218419809806,895.2193803630892
MY_0p5_3.2500_113.2500,113.25,3.25,1985-01-01,1985,1,282.89254003539116,99.96430748387387,129.82749823367953,69.8625081091216,93.98474964951023,163.8472627581972,42.28823119943792,128.04402455416593,261.8385562318744,460.74096633448744,892.9117961074367
MY_0p5_3.2500_113.7500,113.75,3.25,1985-01-01,1985,1,264.53982485816596,99.63068416534907,131.39375639415923,70.73002174014137,112.10116431826637,182.83119308229473,42.43826699635339,128.4124541751922,262.28346499488464,460.8290137881324,893.9632134331597
MY_0p5_3.2500_114.2500,114.25,3.25,1985-01-01,1985,1,264.2561774770166,97.36764037988748,130.04515503318447,74.1114744927473,129.04299052050158,203.15446447870534,42.47879489971574,128.39749952182646,261.59094014744846,457.0645803463686,889.5318205037694
MY_0p5_3.2500_114.7500,114.75,3.25,1985-01-01,1985,1,258.29012910879345,97.49991214047573,130.58522706730352,85.36837565671108,126.74839328352813,212.11677376328,42.59212994423641,128.73426014602566,262.33726462588953,459.0220657640202,892.6857346455762
MY_0p5_3.2500_115.2500,115.25,3.25,1985-01-01,1985,1,246.4198153049131,92.32307817966122,114.02704552759097,44.11022594307042,103.90344281739826,148.01367059538637,42.15736428997184,127.37210157853139,259.1225195776058,450.3072259637374,878.9592041788221
MY_0p5_3.2500_115.7500,115.75,3.25,1985-01-01,1985,1,253.29248989833874,87.56659227006891,113.4159341019191,58.12147016203805,128.98409554127898,187.10557127534673,42.459724983472505,128.2930177838615,261.18120789260007,455.55042566878075,887.4843907731303
MY_0p5_3.7500_100.7500,100.75,3.75,1985-01-01,1985,1,133.0320281982422,118.70409393310547,147.55409240722656,16.865453720092773,0.9815281629562378,17.846982955932617,40.61985778808594,123.00274658203125,251.1395263671875,437.216552734375,851.9786987304688
MY_0p5_3.7500_101.2500,101.25,3.75,1985-01-01,1985,1,127.99740018972902,112.71773059931388,153.4607864429264,20.06177752226302,9.803881762868764,29.865660170521167,40.17795355343125,121.65267282627934,247.95338830052842,429.04091034429365,838.8249553198953
MY_0p5_3.7500_101.7500,101.75,3.75,1985-01-01,1985,1,107.69769620895387,99.95652858466859,143.31837191247638,20.168106795875893,21.81965458165309,41.98776294319494,39.78227084457495,120.40832339730234,244.94560815118683,421.11909455706365,826.2552892599897
MY_0p5_3.7500_102.2500,102.25,3.75,1985-01-01,1985,1,80.4076176961263,97.94665982685392,140.71133185492621,10.198649625929574,13.220327047317745,23.418976441640698,39.50563415042937,119.75885586208766,244.25894436306427,421.2920958503844,824.8155540829612
MY_0p5_3.7500_102.7500,102.75,3.75,1985-01-01,1985,1,73.41938091459728,100.38408084445528,141.60781414698042,7.795416129581512,11.28317792983282,19.078593668861995,39.476022169325084,119.87854413229321,245.1732741582961,424.91430111839657,829.4421626984127
MY_0p5_3.7500_103.2500,103.25,3.75,1985-01-01,1985,1,89.41880467023508,102.19763043772178,139.91723369523592,13.246392096725165,10.39734536713245,23.64373739653943,39.00044391108494,118.20954607795267,241.90685466691556,419.3618885713465,818.4787391812195
MY_0p5_3.7500_113.2500,113.25,3.75,1985-01-01,1985,1,281.61644268035894,102.70430099964142,130.80623964403497,65.05174630587219,94.0109887044938,159.06273863745517,42.21178723944992,127.81165738965646,261.32418423011654,459.44392319976305,890.7915889552382
MY_0p5_3.7500_113.7500,113.75,3.75,1985-01-01,1985,1,271.0316779653633,103.38076760428292,129.32984714446332,61.96352921026039,98.29736258991328,160.26089092365746,42.25629808987615,127.89369258448531,261.34669045260034,459.22915363003136,890.7258541761479
MY_0p5_3.7500_114.2500,114.25,3.75,1985-01-01,1985,1,275.6829374748794,102.31962551540798,130.4516126844618,82.69593801347035,112.14703308589874,194.84296564980158,42.51805372692289,128.60555487738714,262.56297869001116,461.3497996496775,895.0363988482763
MY_0p5_3.7500_114.7500,114.75,3.75,1985-01-01,1985,1,266.47003469315786,101.29728894914899,130.4383572290814,96.6436892918178,117.33584681919643,213.97953127906436,42.58154987153553,128.7867210024879,262.8754249209449,461.7683214944506,896.0120248945932
MY_0p5_3.7500_115.2500,115.25,3.75,1985-01-01,1985,1,243.54823065863715,93.98481886121961,110.26719258626301,60.60581149146671,119.54899025568886,180.15479901026166,42.23231719486297,127.64620140923395,259.8906257750496,452.4388139028398,882.2079390268477
MY_0p5_3.7500_115.7500,115.75,3.75,1985-01-01,1985,1,241.5167665550177,87.72693848095352,112.93561422224525,69.2047339240424,131.87498770514838,201.07971893969196,42.437566661148615,128.1967393614405,260.8263488330429,454.2179084613168,885.6785462743086
MY_0p5_4.2500_100.7500,100.75,4.25,1985-01-01,1985,1,125.7734965801239,118.50139065239372,150.76418469487405,22.248146516449598,3.725032913441561,25.9731795019033,40.51733781464247,122.62223183768137,250.028258405413,434.5579275948661,847.7257710359536
MY_0p5_4.2500_101.2500,101.25,4.25,1985-01-01,1985,1,115.85204924354258,105.98632440749248,146.9267263230245,20.768583394919236,20.79450197774134,41.5630854649149,39.768472987375446,120.2850669812245,244.4774080507315,420.9281992335229,825.4591762275453
MY_0p5_4.2500_101.7500,101.75,4.25,1985-01-01,1985,1,95.74501050706584,98.8111001157913,150.03835723194453,17.651221302751537,11.633861124325104,29.285084044971413,39.75701770234032,120.26375194708,244.49773594670407,420.4916038635059,825.0101205259086
MY_0p5_4.2500_102.2500,102.25,4.25,1985-01-01,1985,1,73.19754518259069,99.61244182160108,144.09846301581535,8.837144799887563,9.165350371656327,18.002494623104987,39.33783918143081,119.15275980794013,242.75055916393148,418.4135951813037,819.6547789162341
MY_0p5_4.2500_102.7500,102.75,4.25,1985-01-01,1985,1,66.2562610358949,96.9579345314366,137.6065539220336,6.935870114405445,18.20171013911059,25.137581084184585,39.056787174978076,118.50306684651953,241.85663031316872,417.3144275640986,816.7309263192924
MY_0p5_4.2500_103.2500,103.25,4.25,1985-01-01,1985,1,77.62771715005867,100.46372023525969,141.84515205409883,25.900483108148343,16.815740776394303,42.716225308408305,39.52303498962615,119.93304225376677,245.01391287880074,423.78633548324535,828.2563161816747
MY_0p5_4.2500_113.7500,113.75,4.25,1985-01-01,1985,1,271.2415771484375,107.21680092089105,126.98211029340638,51.184770152253925,82.86822516963169,134.05299751713594,42.13181168178343,127.58478812451632,260.9241094049418,458.8089049717165,889.4496051140552
MY_0p5_4.2500_114.2500,114.25,4.25,1985-01-01,1985,1,273.6642831459205,107.05508034017558,127.15841763176053,63.44052673398758,78.5779897623541,142.01851651107023,42.30754624002228,128.1044164237829,262.04237395179786,461.69792782109687,894.1522805939311
MY_0p5_4.2500_114.7500,114.75,4.25,1985-01-01,1985,1,259.9822005208334,105.12345509847006,127.15895889282227,103.79862442016602,107.38941584269207,211.18803385416672,42.49272254943849,128.6064851888021,262.81427144368496,462.45652079264335,896.370008951823
MY_0p5_4.2500_115.2500,115.25,4.25,1985-01-01,1985,1,227.87878592809045,98.77545081244575,113.4038903448317,61.89342070950402,117.18903528319466,179.08245219124692,42.156614250606964,127.46888664033679,259.6207533942329,451.8926334381104,881.1388812594944
MY_0p5_4.2500_115.7500,115.75,4.25,1985-01-01,1985,1,204.85583459886456,90.50327419992222,112.09262271169891,54.86196165569759,117.2357785499702,172.0977388026351,42.25863267284329,127.68816807633742,259.8357165320445,452.08751365532316,881.8700002896585
MY_0p5_4.2500_116.2500,116.25,4.25,1985-01-01,1985,1,184.62623224025822,96.5555788365806,120.22000954790812,73.529811068279,135.92627234575227,209.45609083408266,42.38371288485644,128.07710131203257,260.7921051397557,454.73983541349094,885.9927584020103
MY_0p5_4.2500_116.7500,116.75,4.25,1985-01-01,1985,1,174.59386792486117,101.05507474689813,119.20395056222907,86.56511837071767,133.57291793823245,220.13803607742224,42.39426084749961,128.19355681314633,261.44102010561556,457.4140226331061,889.44285980401
MY_0p5_4.2500_117.2500,117.25,4.25,1985-01-01,1985,1,168.58439163613107,105.22292648585497,117.56953271511382,60.66946056669793,90.7183980351001,151.3878556648187,42.167269107514784,127.67239882882718,261.0725963221187,458.8678145957204,889.7800776388792
MY_0p5_4.2500_117.7500,117.75,4.25,1985-01-01,1985,1,151.2323256924621,106.34392166137697,111.62946326100929,25.55206323281313,52.517506982526214,78.06957182924972,40.39988886189257,121.50380820901987,248.70088058862933,437.07184111766327,847.6764176849628
MY_0p5_4.2500_118.2500,118.25,4.25,1985-01-01,1985,1,118.75121450145342,106.86373089349759,102.172105728441,15.617926220984977,33.71265294749266,49.33058052305963,37.465782457096566,110.92068505742749,226.99547921927868,397.8846367514058,773.2665626866043
MY_0p5_4.2500_118.7500,118.75,4.25,1985-01-01,1985,1,97.62667677137586,107.91264908402056,96.81255340576172,17.15397834777832,26.860708236694336,44.014686584472656,35.81464767456055,104.91748809814453,214.71083068847656,375.98712158203125,731.4300537109375
MY_0p5_4.7500_100.2500,100.25,4.75,1985-01-01,1985,1,95.76970926920575,128.7195587158203,,,,,,,,,
MY_0p5_4.7500_100.7500,100.75,4.75,1985-01-01,1985,1,102.0515489621794,117.9333704927542,150.72693826318758,13.337681006609907,11.18680320134977,24.52448325428536,39.54196531404324,119.55149289262972,243.0038350423177,419.1439176730024,821.2412342598767
MY_0p5_4.7500_101.2500,101.25,4.75,1985-01-01,1985,1,93.07798811055846,102.32547469366165,138.22843036954364,13.035443738907102,19.381050981794086,32.41649555024646,39.24212839035761,118.53585280161056,240.26130802215096,411.53058636377733,809.5698668464782
MY_0p5_4.7500_101.7500,101.75,4.75,1985-01-01,1985,1,80.3736258828716,97.9361072600834,148.63648386152968,18.484464616624138,11.600271715436666,30.0847357310946,39.42304720197406,119.13070211259148,241.59962904188367,413.9462010943701,814.0995622907367
MY_0p5_4.7500_102.2500,102.25,4.75,1985-01-01,1985,1,69.19436238606771,98.51058306012834,138.44444391159783,7.684542238144648,15.093918500627789,22.778461038498648,39.08157279604957,118.36457330612909,240.86782778785337,414.26924641927087,812.5832205636161
MY_0p5_4.7500_102.7500,102.75,4.75,1985-01-01,1985,1,68.24539996104635,96.13214334864523,133.87459904373065,8.975425052035384,22.40876618767999,31.38419117897179,39.289237392935775,119.23140784585547,243.5045562063812,420.77868535716055,822.8039127033985
MY_0p5_4.7500_103.2500,103.25,4.75,1985-01-01,1985,1,78.25234074163212,100.56893698848897,128.21138076500702,11.193892255480442,20.15086228557179,31.3447557041126,37.968775675305594,114.41531408668887,233.94800525397838,404.5357965560857,790.8678863638003
MY_0p5_4.7500_103.7500,103.75,4.75,1985-01-01,1985,1,84.24688399465462,104.70933532714844,115.39129688213397,14.095825616415445,8.961743330026602,23.057568946442043,34.48935293222402,101.57010551551718,207.91932916021963,360.38170911120125,704.3604902787641
MY_0p5_4.7500_113.7500,113.75,4.75,1985-01-01,1985,1,261.2547302246094,109.46624755859375,,,,,,,,,
MY_0p5_4.7500_114.2500,114.25,4.75,1985-01-01,1985,1,261.2547302246094,110.5358453478132,125.64195251464844,50.17344665527344,49.808135986328125,99.98158264160156,42.0117301940918,127.30659484863281,260.6513366699219,459.12933349609375,889.0989990234375
MY_0p5_4.7500_114.7500,114.75,4.75,1985-01-01,1985,1,241.44647298833377,112.57689502675048,128.39119597404235,85.6043689686765,88.4877566675986,174.0921197706653,42.28941812822897,128.05624906478388,261.8550014700941,460.6510836693549,892.8517547935569
MY_0p5_4.7500_115.2500,115.25,4.75,1985-01-01,1985,1,199.0347459316253,109.40454836686452,122.8122134208679,64.45036375522612,89.36909973621367,153.81946382919944,41.887338419755295,126.71201487382253,258.17626571655273,449.0288987159729,875.8045291900634
MY_0p5_4.7500_115.7500,115.75,4.75,1985-01-01,1985,1,169.56858874124194,100.44682188488189,114.57960209922184,24.135703659057615,58.69968857538133,82.83539443243117,41.56308518667069,125.60802249000186,255.42649739583334,442.2673337906126,864.8649245489211
MY_0p5_4.7500_116.2500,116.25,4.75,1985-01-01,1985,1,142.99747832767545,99.11097346714563,117.35821005200579,21.87742669847276,54.31969800676618,76.1971240815662,41.542534334697415,125.5941951206752,255.67957550533228,443.7271408807662,866.5434393988714
MY_0p5_4.7500_116.7500,116.75,4.75,1985-01-01,1985,1,137.89939445785328,100.52312998228435,113.7951268546189,27.184886075273344,64.05374594579769,91.23863293852988,41.55477899237524,125.71838151955909,256.29694376112536,445.85965400406076,869.429758385767
MY_0p5_4.7500_117.2500,117.25,4.75,1985-01-01,1985,1,158.86511119055368,101.64293849884515,111.52982361808654,34.51170469617087,72.05226532466828,106.56397012377542,41.50618126278832,125.62741338336278,256.33029092455666,446.4945041232639,869.9583935934398
MY_0p5_4.7500_117.7500,117.75,4.75,1985-01-01,1985,1,147.72488074966623,103.50676765924767,111.94358188291137,41.6777537985693,67.18768054624147,108.86543592622007,41.35032193871993,125.23561818086648,255.80779184269002,446.25966277303576,868.6533836654469
MY_0p5_4.7500_118.2500,118.25,4.75,1985-01-01,1985,1,115.26190319732208,105.90682500331246,113.67291884685883,36.5524378254186,61.58838132158598,98.14081964540723,41.20143691019797,124.85287674947,255.281887265306,445.80128655361773,867.1374855233198
MY_0p5_4.7500_118.7500,118.75,4.75,1985-01-01,1985,1,90.17396477807927,106.67620984813836,117.38910926142825,25.295939071268972,50.81269643276553,76.10863601105123,41.02530602563785,124.4390957023524,254.84033647368224,445.892112635359,866.1968445596815
MY_0p5_5.2500_100.2500,100.25,5.25,1985-01-01,1985,1,72.6703019996599,133.00780941296173,78.10282135009766,0.7466427087783813,0.31438401341438293,1.061026692390442,25.8975887298584,69.7971420288086,142.24969482421875,244.20358276367188,482.14801025390625
MY_0p5_5.2500_100.7500,100.75,5.25,1985-01-01,1985,1,71.23403939390494,121.80524275574504,148.35226940286574,9.96349659870411,7.939192384481431,17.90268823059126,37.88630884543233,113.98382086041332,230.92971801757812,394.70559341606054,777.5054672065824
MY_0p5_5.2500_101.2500,101.25,5.25,1985-01-01,1985,1,66.06778024340433,106.37782224624875,141.23800756060888,13.650630326498122,16.073882408747597,29.724514001513285,38.99535722278413,117.80434567890468,238.65860823373944,408.0829375736297,803.5412553090897
MY_0p5_5.2500_101.7500,101.75,5.25,1985-01-01,1985,1,64.75856406825363,98.14534723075333,144.48192785955538,14.964738468455662,12.79911977925878,27.76385900776857,39.13869528557844,118.37677733305914,240.40896737651462,412.92828165042175,810.8527320813223
MY_0p5_5.2500_102.2500,102.25,5.25,1985-01-01,1985,1,68.41903028062954,103.16815768685309,137.05583720602047,10.448744512667322,12.403423467259499,22.852168708849863,39.05608810133235,118.32375906683076,241.57173997429524,417.55901059679167,816.5106288642639
MY_0p5_5.2500_102.7500,102.75,5.25,1985-01-01,1985,1,77.5980028282936,100.64252294552553,128.64519454180183,9.90145261408919,18.448617910934704,28.35007090164443,38.15413227404578,115.34708440748311,236.32284675210207,409.8035579358117,799.6276263738082
MY_0p5_5.2500_103.2500,103.25,5.25,1985-01-01,1985,1,88.49818250868056,104.58095796776826,131.40210094699611,6.586740862239491,18.627695461372276,25.214435856063645,38.96780804225377,118.58158066984898,243.60717367197014,424.0009654651989,825.1575170739904
MY_0p5_5.2500_115.2500,115.25,5.25,1985-01-01,1985,1,157.29726619105188,114.89815693516888,125.12183205026095,33.087224413136965,35.93931320847059,69.02653644124015,41.12196881653833,124.44013676877881,253.51181855748914,439.50262951460047,858.5765400870903
MY_0p5_5.2500_115.7500,115.75,5.25,1985-01-01,1985,1,142.65517216302877,111.82973060125036,119.7784560898603,16.341232610152936,25.909744973910055,42.25097768751242,40.83160874964827,123.50571697687697,251.25025831319516,433.7697388729806,849.3573070461467
MY_0p5_5.2500_116.2500,116.25,5.25,1985-01-01,1985,1,132.28390758852416,105.50041674360445,114.83745009989678,13.423430539384674,30.016683143905446,43.440113321135314,40.91461718836918,123.83212475837031,252.36307525634766,437.4236076451555,854.5334362561189
MY_0p5_5.2500_116.7500,116.75,5.25,1985-01-01,1985,1,149.82027681568,103.83525768714613,114.10317428202568,25.470416895950894,54.729822605471064,80.20023931430865,41.038712042796455,124.22378474851197,253.26167200788666,439.2848998443989,857.8090806792053
MY_0p5_5.2500_117.2500,117.25,5.25,1985-01-01,1985,1,201.965230499752,103.92210412403894,114.02270120287697,53.81720282539489,78.0226304311601,131.83983394077845,41.18929013449049,124.75748252263145,254.69040929400728,443.0735965789311,863.7107774522569
MY_0p5_5.2500_117.7500,117.75,5.25,1985-01-01,1985,1,190.89484020414804,102.89459921216208,113.78592911977616,73.42686258951824,90.9443870907738,164.37124585348462,41.40371649605887,125.43411543104382,256.29919607979906,447.14926680307536,870.2862915039062
MY_0p5_5.2500_118.2500,118.25,5.25,1985-01-01,1985,1,127.42888247311771,104.04945757434626,116.24020947012932,61.73738790621423,92.65751876345105,154.39490353529618,41.547395147335756,125.884028732397,257.36626030988754,450.028388150938,874.8260519428617
MY_0p5_5.2500_118.7500,118.75,5.25,1985-01-01,1985,1,82.9978964996338,105.57027786497085,119.61205503675674,31.879684342278374,61.48244116041395,93.3621260325114,41.11988766988119,124.76289876302084,255.60305489434134,447.7023921542697,869.1882002088757
MY_0p5_5.2500_119.2500,119.25,5.25,1985-01-01,1985,1,60.75348208701773,107.55283842540922,120.9474868774414,19.44212532043457,46.239437103271484,65.68156433105469,40.903541564941406,124.1904296875,254.67962646484375,446.38079833984375,866.1543579101562
MY_0p5_5.7500_100.2500,100.25,5.75,1985-01-01,1985,1,45.84595561671901,136.62895182016732,116.07521701077803,0.5750005019298935,0.21947312423395451,0.7944736081525821,28.171081088004854,84.72878251381971,176.62538272962658,324.38013787225844,613.9053837487456
MY_0p5_5.7500_100.7500,100.75,5.75,1985-01-01,1985,1,46.571714879596044,125.89867062038846,142.82948816935223,2.008496877749761,6.732053346137205,8.740550149679184,36.18510546366374,108.68661898295085,221.2458517456055,382.43677998860676,748.5543670654296
MY_0p5_5.7500_101.2500,101.25,5.75,1985-01-01,1985,1,47.05656461640607,112.58971065611352,140.9098665733037,3.092424231251394,12.727086209875395,15.819510580047849,38.46348229355699,116.44957174466352,236.7168457151398,406.1767597348672,797.8066680187317
MY_0p5_5.7500_101.7500,101.75,5.75,1985-01-01,1985,1,53.75940721829734,103.7155550956726,139.98356049855553,6.092628246545792,12.241565747062367,18.33419398069382,38.78960396448771,117.69510224660237,240.16228332519535,414.0408063252768,810.6877698262533
MY_0p5_5.7500_102.2500,102.25,5.75,1985-01-01,1985,1,65.35118967447525,109.2523298019018,135.697358693338,9.021388660777697,5.060018654724564,14.081407261215878,38.28832465791541,115.82581373015637,236.9302029593625,409.7221698183002,800.7665062079124
MY_0p5_5.7500_102.7500,102.75,5.75,1985-01-01,1985,1,80.44201328822544,106.15452275692837,109.59838104248047,7.144308090209961,5.930159091949463,13.074466705322266,33.18025588989258,96.94782257080078,198.6826629638672,345.4349670410156,674.2457275390625
MY_0p5_5.7500_103.2500,103.25,5.75,1985-01-01,1985,1,93.57227325439453,108.66448974609375,,,,,,,,,
MY_0p5_5.7500_115.2500,115.25,5.75,1985-01-01,1985,1,126.44082336425781,116.80057067871095,127.47661590576172,15.544451713562012,7.335058689117432,22.8795108795166,40.62959671020508,123.24955749511719,252.09617614746094,438.84521484375,854.820556640625
MY_0p5_5.7500_115.7500,115.75,5.75,1985-01-01,1985,1,126.34267313202466,113.6897534329467,118.96221284412202,15.378205944242932,17.978646160307385,33.35685228620257,40.34262368338449,122.28661942254931,249.50811767578128,431.73140113467264,843.8687587193081
MY_0p5_5.7500_116.2500,116.25,5.75,1985-01-01,1985,1,131.72346796913752,106.10196499294706,112.48992808508494,23.065135277642145,36.77562743898422,59.84076191735645,40.50007203117249,122.66844596257285,249.97029370504714,431.75250166635664,844.8913091750372
MY_0p5_5.7500_116.7500,116.75,5.75,1985-01-01,1985,1,172.00933358328683,101.0010764227973,110.25801859053354,69.14217107863654,89.40797601124598,158.5501457093254,41.392956288655604,125.27066701253254,255.35657988048735,443.22872052873885,865.2489292689733
MY_0p5_5.7500_117.2500,117.25,5.75,1985-01-01,1985,1,248.80663836265592,105.49126350089956,117.8371764703504,134.62168501604245,122.03536407278163,256.6570464414001,42.01498883605379,127.22439688312517,259.91827190411203,454.85105217292863,884.0087160898684
MY_0p5_5.7500_117.7500,117.75,5.75,1985-01-01,1985,1,244.06897394089472,106.14608006553046,122.37594307509048,120.96627257174295,112.93712490517022,233.9033956335695,42.13512238880133,127.68433628466306,261.37609863281256,459.6912043014629,890.8867562313208
MY_0p5_5.7500_118.2500,118.25,5.75,1985-01-01,1985,1,157.01691726899483,105.2005608558655,123.76621799045138,76.96953752305772,88.388039449056,165.35757941351997,42.008501603868275,127.3497403971354,260.8818853081597,459.29662380642367,889.5367399088542
MY_0p5_5.7500_118.7500,118.75,5.75,1985-01-01,1985,1,88.34294267801138,106.16165850712704,123.51261901855469,61.88688278198242,76.24783325195312,138.1347198486328,41.9437141418457,127.1650619506836,260.5355224609375,458.70550537109375,888.3497924804688
MY_0p5_6.2500_99.7500,99.75,6.25,1985-01-01,1985,1,14.082337772144992,143.16611555510877,134.0727219692496,0.09666917706991353,0.44128680021263833,0.5379559716512992,31.75582726057186,106.81301187914472,221.20693260015443,381.1859180539153,740.9617181822312
MY_0p5_6.2500_100.2500,100.25,6.25,1985-01-01,1985,1,28.896225154399875,137.6804875135422,141.2232991121253,0.4615355281349347,0.7805502625144257,1.2420858266402262,31.71444284867267,99.52313690185545,207.38127790178572,375.3240220673229,713.9428815569196
MY_0p5_6.2500_100.7500,100.75,6.25,1985-01-01,1985,1,33.998827967404395,128.33031054169055,147.87571109491887,1.13801435338024,5.223306453366077,6.361320970601557,36.29532377324049,110.52170268172924,226.36984529826634,395.3682742321353,768.5551380761342
MY_0p5_6.2500_101.2500,101.25,6.25,1985-01-01,1985,1,34.29154164240911,119.98607142521786,144.50828012319712,1.2419700072361872,7.156269410940317,8.398239429180439,37.928552304781405,115.12081416203425,234.76966998760517,404.0483755258414,791.8674260066106
MY_0p5_6.2500_101.7500,101.75,6.25,1985-01-01,1985,1,49.81749311174665,113.87432447160994,140.17346976143972,4.775930922372,3.7629722467490607,8.538903045654296,38.40242582048689,116.87237636021204,239.31967250279018,413.8497794015066,808.4442400251115
MY_0p5_6.2500_102.2500,102.25,6.25,1985-01-01,1985,1,60.81646768252055,114.68609079500524,140.6851348876953,8.578450202941895,0.32817646861076355,8.90662670135498,38.89371871948242,118.24362182617188,241.79200744628906,417.24322509765625,816.1725463867188
MY_0p5_6.2500_115.7500,115.75,6.25,1985-01-01,1985,1,128.79392311789775,114.76706782254305,130.09715270996094,19.55351448059082,19.967201232910156,39.520713806152344,40.53736114501953,122.91240692138672,251.01303100585938,435.17962646484375,849.6423950195312
MY_0p5_6.2500_116.2500,116.25,6.25,1985-01-01,1985,1,148.10076462595086,110.16447612695526,124.5188234640113,39.32450578496319,49.95570232374552,89.28020504182655,40.994987101281794,124.21086197907704,253.54300195635153,440.2922520574494,859.0410847264764
MY_0p5_6.2500_116.7500,116.75,6.25,1985-01-01,1985,1,206.5610162644159,105.43058149549697,119.39032616993738,102.87409076993427,108.45413343641492,211.32822454543341,41.763689216734875,126.44203009226966,258.0653536357577,449.9406788659474,876.2117454892112
MY_0p5_6.2500_117.2500,117.25,6.25,1985-01-01,1985,1,299.1861662365141,107.35325290740481,124.26846468486482,175.2152179536365,136.63638305664062,311.8515992179749,41.633668445405505,125.77277086046008,257.15581287202383,450.93535001240076,875.4975948273188
MY_0p5_6.2500_117.7500,117.75,6.25,1985-01-01,1985,1,315.5394094785055,108.41005611419679,129.65315469663742,184.3954990676969,137.02778714720966,321.4232804147821,41.586617720754525,125.62796359592016,257.21490032352204,452.44808353178684,876.87756704587
MY_0p5_6.2500_118.2500,118.25,6.25,1985-01-01,1985,1,288.78193446568076,108.25887680053711,134.7962602887835,169.93515014648438,142.734009878976,312.66916002546037,42.24301528930665,128.0798214503697,262.37963649204795,461.97615487234935,894.6786455426897
MY_0p5_6.7500_100.2500,100.25,6.75,1985-01-01,1985,1,21.59476578936857,136.5385254130644,150.01838369930493,0.4101846962619354,1.3878828149069757,1.7980675977819105,34.23348710116218,108.2562318689683,224.0682181190042,392.7048662971048,759.2628084070542
MY_0p5_6.7500_100.7500,100.75,6.75,1985-01-01,1985,1,25.124172281335902,128.1987129493996,152.70051292136864,0.5639076409516511,3.266402090037311,3.8303098501982515,36.481251610649956,111.93166690402563,230.02764949092162,401.62555496780965,780.0661395037616
MY_0p5_6.7500_116.2500,116.25,6.75,1985-01-01,1985,1,193.80259897517064,112.0461636920308,132.10361462104612,87.59894394293065,96.68823726002763,184.2871812029583,41.95540656113043,127.14121246337892,260.16839674042495,456.6320130883194,885.8970262480946
MY_0p5_6.7500_116.7500,116.75,6.75,1985-01-01,1985,1,232.30288435049096,110.99298483133316,127.26472648047647,109.97525404376005,101.37789916992189,211.35315604831862,40.66151946900862,122.38306858228603,250.40458371610978,439.3973241512012,852.8465018894361
MY_0p5_6.7500_117.2500,117.25,6.75,1985-01-01,1985,1,303.66418639615046,110.03223070323978,125.91284942626955,161.73621841025565,113.98756104865961,275.72378283475354,39.67093872812997,118.71388470810071,243.00001424603758,426.79284316881564,828.1776960254772
MY_0p5_6.7500_117.7500,117.75,6.75,1985-01-01,1985,1,361.7597910563151,109.56097878350151,132.04731559753418,220.96385669708252,130.85065460205078,351.8145112991333,40.21956479549408,120.66741347312927,247.16513681411743,434.80215549468994,842.8542919158936
MY_0p5_7.2500_116.7500,116.75,7.25,1985-01-01,1985,1,241.36268219234435,112.6756359281994,132.99915632164996,93.8022865627123,70.07233763985012,163.87462357230808,39.67017138937245,119.02764103101647,243.89882082731827,428.4514797044837,831.0481296705162
MY_0p5_7.2500_117.2500,117.25,7.25,1985-01-01,1985,1,259.32184635196717,112.46227374377551,133.29248801783513,92.21035389147306,56.9208020461233,149.13115523488898,38.98998248451634,116.61715537623354,238.98774960166529,419.6355606882196,814.2304771021793
MY_0p5_0.7500_110.2500,110.25,0.75,1985-02-01,1985,2,403.07935697115386,95.32952904334435,115.44276381272537,243.84691795936,276.91735370342553,520.7643118051383,43.37732543945313,130.9087125338041,266.04526554987984,464.3866957444411,904.7180053710939
MY_0p5_0.7500_110.7500,110.75,0.75,1985-02-01,1985,2,434.46441824776787,97.1675470624651,119.52937665666852,172.53097294398717,230.81302664620534,403.34401201520643,43.213724354335234,130.48955732073102,265.57682015555247,464.9640210832868,904.2441319056919
MY_0p5_0.7500_111.7500,111.75,0.75,1985-02-01,1985,2,409.09129648359993,97.0933120969742,117.63419572133867,107.98766435895647,183.27449180966332,291.2621513245598,43.0194571358817,129.96932571653335,264.84048994760667,464.77076939174106,902.6000317770338
MY_0p5_1.2500_103.2500,103.25,1.25,1985-02-01,1985,2,124.9035320096803,102.34120852275959,105.99595676768911,22.198452017524026,4.243887605992231,26.4423396804116,38.0451700037176,113.04910451715644,230.52195635708898,400.86387703635484,782.4801372181286
MY_0p5_1.2500_103.7500,103.75,1.25,1985-02-01,1985,2,104.77132726873009,100.54845746975501,96.17684129140909,22.4977480786518,16.895207103016308,39.39295520597292,39.134378525817276,117.31033206680446,239.4416148361651,417.50040798742793,813.3867460084193
MY_0p5_1.2500_104.2500,104.25,1.25,1985-02-01,1985,2,86.31349291120257,100.29295719691684,84.77596282958984,22.51062774658203,31.848621368408203,54.359249114990234,40.54730987548828,122.83372497558594,250.9187774658203,438.47845458984375,852.7782592773438
MY_0p5_1.2500_109.7500,109.75,1.25,1985-02-01,1985,2,347.19505585819843,95.97555900481811,116.55897016410367,194.67411050451807,226.10579451595447,420.7799193600575,43.224446629903404,130.58420369711268,265.99184114387236,466.5281997129142,906.3287007894862
MY_0p5_1.2500_110.2500,110.25,1.25,1985-02-01,1985,2,402.03190901472766,95.51809285874535,116.56448502706286,247.30823407854356,269.83901193979625,517.1472793638017,43.37369974791774,130.92059803377248,266.15811251489356,464.95510510772357,905.4075225476594
MY_0p5_1.2500_110.7500,110.75,1.25,1985-02-01,1985,2,431.72072860475566,97.13639242989674,120.99018174428788,167.98654123942057,227.7249703543526,395.711525375124,43.22799367753286,130.5435797312903,265.7369907924107,465.511441282242,905.020007905506
MY_0p5_1.2500_111.2500,111.25,1.25,1985-02-01,1985,2,421.2886709389976,97.46664180085301,119.93394087526364,133.46787252212866,207.422159359478,340.89003268598367,43.1562734366225,130.33813890938566,265.39008601862025,465.17499062047614,904.0595005023214
MY_0p5_1.2500_111.7500,111.75,1.25,1985-02-01,1985,2,412.1221172998822,96.55424838595921,117.16482652936661,114.22227696010044,196.07303970579116,310.2953093998016,43.0723995027088,130.10240681966147,264.996580578032,464.678702218192,902.850085061694
MY_0p5_1.2500_112.2500,112.25,1.25,1985-02-01,1985,2,408.831078853704,95.31709456080712,119.21180856772484,97.53824239817973,213.49244085786304,311.0306748133625,43.11732304761857,130.20273958002855,265.06027082259277,464.2864985587029,902.6668344875277
MY_0p5_1.2500_112.7500,112.75,1.25,1985-02-01,1985,2,411.2378692626953,94.76717106501262,122.52046124140422,92.83818451563518,230.79092343648276,323.6291116078695,43.196250438690186,130.36538060506186,265.03739611307776,463.02455902099615,901.6235733032227
MY_0p5_1.2500_113.2500,113.25,1.25,1985-02-01,1985,2,404.8062072753906,95.64271605118462,129.7630347210428,74.78424629543139,174.8693277110224,249.6535740064538,43.05543849779211,129.9359716000764,264.1167844025985,461.20816703464675,898.3163696289062
MY_0p5_1.2500_113.7500,113.75,1.25,1985-02-01,1985,2,373.9317236235647,96.22568928111683,133.66283751979017,70.79390236825654,127.36257766954823,198.15648408369586,42.82483493920528,129.2420494773171,262.6482654918324,458.0099401762991,892.7250916452118
MY_0p5_1.2500_114.2500,114.25,1.25,1985-02-01,1985,2,324.88820573924914,94.396695364893,135.30467224121094,68.50413236364854,104.15396124915739,172.6580946930742,42.690336514363246,128.81019322218094,261.59183657485823,455.23647693195176,888.3288239335592
MY_0p5_1.2500_114.7500,114.75,1.25,1985-02-01,1985,2,283.92399252614666,91.56538981776083,130.07664342080392,59.93334173387097,91.59217785250756,151.52552303191158,42.617169903170684,128.52980435279107,260.6784923922631,452.22189724829894,884.0473613123739
MY_0p5_1.7500_102.7500,102.75,1.75,1985-02-01,1985,2,138.73989353917582,102.69933319091798,120.86035752296448,21.546589016914364,3.006527207791805,24.553117275238037,39.469446539878845,118.25625538825989,239.57613515853885,411.25403881073,808.5558776855469
MY_0p5_1.7500_103.2500,103.25,1.75,1985-02-01,1985,2,121.23719404655074,99.72998550591782,119.67892292022705,29.11318561553955,5.576297092437744,34.689483928680424,39.65808433532715,119.05467529296875,242.53058212280274,420.6702171325684,821.9135589599608
MY_0p5_1.7500_103.7500,103.75,1.75,1985-02-01,1985,2,102.70540558537348,98.91221722470054,107.03922554209264,28.053021551687504,13.029199007191233,41.08222047588493,39.61197632173948,119.2123264119595,243.31449672843831,423.1835654536381,825.3223757200602
MY_0p5_1.7500_104.2500,104.25,1.75,1985-02-01,1985,2,90.37313442230223,99.56785516738891,100.18442783799283,28.210463235544605,21.1729855056881,49.38344778016556,40.448344563328945,122.5779396471127,250.36449544743977,435.8338684555172,849.2246543233708
MY_0p5_1.7500_109.7500,109.75,1.75,1985-02-01,1985,2,340.9743285068246,95.92299403700717,116.7267837524414,196.23880004882812,224.71446228027344,420.9532775878906,43.22587966918945,130.59246826171875,266.02716064453125,466.68011474609375,906.525634765625
MY_0p5_1.7500_110.2500,110.25,1.75,1985-02-01,1985,2,390.81385014566143,95.9564534582273,118.09577076957825,239.84203473259421,251.57226399304395,491.41431398442734,43.33060512440728,130.8434032909373,266.2165142202123,465.86793885256526,906.2584691991142
MY_0p5_1.7500_110.7500,110.75,1.75,1985-02-01,1985,2,422.2918007590553,97.25457555597477,123.1158233642578,150.73661613464355,217.62250061035152,368.35913085937494,43.22828426361083,130.57626876831054,265.9508804321289,466.54629669189444,906.3017211914062
MY_0p5_1.7500_111.2500,111.25,1.75,1985-02-01,1985,2,408.79296816871283,97.3550299992637,120.39354876141215,125.74013852851337,190.65153162756633,316.39167352720756,43.123987721287925,130.27596925247548,265.4188399913699,465.84985379950945,904.6686690929324
MY_0p5_1.7500_111.7500,111.75,1.75,1985-02-01,1985,2,411.2127643054044,95.72763442993161,115.97039063369171,122.58218982551668,201.0178398904921,323.6000231972223,43.13897650754903,130.29398070709613,265.35379211812074,465.3568093022213,904.1435585504843
MY_0p5_1.7500_112.2500,112.25,1.75,1985-02-01,1985,2,412.2002526661706,94.71541195824032,117.77297188895089,108.6730277651832,208.25959957062256,316.9326222253224,43.143109469943575,130.2801042344835,265.2061875116257,464.622691514757,903.2520943777901
MY_0p5_1.7500_112.7500,112.75,1.75,1985-02-01,1985,2,410.8526703365265,95.27138146294487,123.57846059647815,96.69103122287328,208.28717646523128,304.9782085115947,43.174840618315194,130.33958183167474,265.1836667015439,464.2052423386347,902.9033265128969
MY_0p5_1.7500_113.2500,113.25,1.75,1985-02-01,1985,2,406.99564257424976,96.34105793786426,131.3511507548983,82.51258898538255,168.50905795627168,251.02164616660468,43.08242974659753,130.04495844765313,264.518357921782,462.87841380285835,900.524160815042
MY_0p5_1.7500_113.7500,113.75,1.75,1985-02-01,1985,2,372.83132702055434,96.97201601058717,135.46690291147382,75.19268985324436,117.40202639140779,192.59472094339037,42.744204990447514,128.9790311298673,262.0248389834449,456.58065776522193,890.3287217881945
MY_0p5_1.7500_114.2500,114.25,1.75,1985-02-01,1985,2,314.6702585371713,95.08731481158544,137.55971728128097,61.167752414279505,85.37769937666636,146.54545438251796,42.476208726186606,128.1400168282645,260.08195122612847,451.71272369869166,882.4108815026661
MY_0p5_1.7500_114.7500,114.75,1.75,1985-02-01,1985,2,275.46282152561326,93.40489860890442,133.66140415013763,46.21417596056054,56.91042335786968,103.12459833016668,42.01090534981051,126.66924764208225,256.5676795287454,442.74260778871843,867.9904336089298
MY_0p5_2.2500_101.7500,101.75,2.25,1985-02-01,1985,2,170.7374706846295,105.12564842147057,127.05547494599314,13.726856539947818,3.3603751346318407,17.087231799809622,40.09344590312303,120.50659734552556,243.0175038347341,414.25616485903964,817.8737256599195
MY_0p5_2.2500_102.2500,102.25,2.25,1985-02-01,1985,2,153.2366112521961,101.26109010979319,123.37725778972133,13.236983586726575,3.1261520522633237,16.3631360040327,39.60576330303575,118.8450221011513,239.21186054722543,405.9910656504653,803.6537198153409
MY_0p5_2.2500_102.7500,102.75,2.25,1985-02-01,1985,2,137.21944697899153,98.86664296403715,126.74532238441178,17.73345237140414,2.896051881434042,20.629504943195776,40.02847432486619,120.31299306169339,243.517587251301,417.5416151602057,821.4006803488429
MY_0p5_2.2500_103.2500,103.25,2.25,1985-02-01,1985,2,117.60322544158451,95.34509829566592,127.13267885238407,24.288163327413894,5.9293715007721435,30.217535860576326,40.27788662380642,121.52402891128781,246.97303510393417,425.60713975694443,834.382079109313
MY_0p5_2.2500_103.7500,103.75,2.25,1985-02-01,1985,2,100.12293114096431,96.30939175880562,122.26189019154694,31.284665369583383,5.298532922389144,36.583198883573885,39.83050257795948,120.36446036645921,245.39336521989208,423.63361206054685,829.2219455525025
MY_0p5_2.2500_104.2500,104.25,2.25,1985-02-01,1985,2,91.82005620196584,98.31824518219244,123.58198219488476,35.96856342662465,4.277280882370373,40.24584443904153,40.258452580980034,122.12986824729226,249.57802033227338,432.318441595913,844.2847875169487
MY_0p5_2.2500_104.7500,104.75,2.25,1985-02-01,1985,2,77.62422180175781,100.32072448730469,,,,,,,,,
MY_0p5_2.2500_109.7500,109.75,2.25,1985-02-01,1985,2,310.4109378937752,95.46815096947454,,,,,,,,,
MY_0p5_2.2500_111.2500,111.25,2.25,1985-02-01,1985,2,375.31738531589514,97.33742290735245,115.00469241422765,115.72091966516831,163.1320820976706,278.85300939223345,43.01249173108269,130.02039404476386,265.22609261905444,466.54727890912216,904.8062600528491
MY_0p5_2.2500_111.7500,111.75,2.25,1985-02-01,1985,2,389.59742857917905,96.69090409051803,116.20033610510447,120.84659607902405,167.55780499170694,288.4044050913008,43.044478038000676,130.10158478267607,265.3364065987723,466.63367832728795,905.1161468021453
MY_0p5_2.2500_112.2500,112.25,2.25,1985-02-01,1985,2,406.43818155924475,95.99546273852151,120.16860106937467,126.34277958945621,176.63872385176398,302.9814981127542,43.109142727322045,130.24985898941281,265.4668720548115,466.4406319754465,905.266494799417
MY_0p5_2.2500_112.7500,112.75,2.25,1985-02-01,1985,2,409.81054367792035,96.15986267574249,126.62643485901849,111.137378777398,172.85826018802703,283.99564141167536,43.11213308667379,130.21952727787078,265.2680631122892,465.7314310709635,904.33115718781
MY_0p5_2.2500_113.2500,113.25,2.25,1985-02-01,1985,2,398.82427532862107,97.33982788570344,135.2600092327784,95.78410525851781,134.05336560446122,229.8374728248233,42.933855862087675,129.66575796944758,264.0645165821863,463.19278486948167,899.8569105360244
MY_0p5_2.2500_113.7500,113.75,2.25,1985-02-01,1985,2,359.1746931438205,97.59770581692081,139.34102823764465,64.09215217300608,80.79542228843593,144.88757758804516,42.37862870663029,127.87608600568169,259.69677251501935,451.45733574975895,881.408813862861
MY_0p5_2.2500_114.2500,114.25,2.25,1985-02-01,1985,2,296.8158959767175,95.97872740730408,141.2531306675502,44.7492067730616,54.83997469705249,99.58918398902529,42.079593815879214,126.92503320603144,257.41225828140495,445.4611980135478,871.8780792720735
MY_0p5_2.2500_114.7500,114.75,2.25,1985-02-01,1985,2,261.81849301245904,93.82023541850431,135.9131948901761,44.1955555085213,42.04815855949156,86.24371246830111,41.75497491898076,125.9000484835717,254.9596540389523,439.2883356894217,861.9030007639241
MY_0p5_2.2500_115.2500,115.25,2.25,1985-02-01,1985,2,253.4440155029297,90.55852508544922,126.03998565673828,37.4594612121582,26.54220962524414,64.00167083740234,41.468570709228516,124.89041137695312,252.1968231201172,431.8908996582031,850.4467163085938
MY_0p5_2.7500_101.2500,101.25,2.75,1985-02-01,1985,2,191.7174072265625,105.57147979736328,128.8925323486328,27.359905242919922,22.070865631103516,49.43077087402344,41.80853271484375,126.3372573852539,257.2072448730469,448.5702209472656,873.9232788085938
MY_0p5_2.7500_101.7500,101.75,2.75,1985-02-01,1985,2,176.0741909595246,101.7864277232777,116.0891251997514,22.744103608564895,21.280674660422584,44.0247771765969,40.71504366787997,122.67110634543678,247.73648709383878,424.21367143110785,835.3363281249999
MY_0p5_2.7500_102.2500,102.25,2.75,1985-02-01,1985,2,154.49158205651932,96.89673439560423,128.91125444545867,10.066115661791175,2.516897642498563,12.583013668181788,40.06856832079067,120.48677279235451,241.9171089609717,408.208832273058,810.6812936576308
MY_0p5_2.7500_102.7500,102.75,2.75,1985-02-01,1985,2,137.60229912287073,94.42578970027876,132.14028800288332,12.227045530005345,1.723338195040256,13.950383602818356,40.34618392171738,121.54242810116537,245.24625391899784,417.916830425021,825.0517068211036
MY_0p5_2.7500_103.2500,103.25,2.75,1985-02-01,1985,2,126.59704769644766,94.00012340667142,125.46367018389856,16.47807540103888,3.2393338748603866,19.717409133911133,39.372294322700256,118.32943317389032,239.8206787109375,410.53338312039716,808.0557890485047
MY_0p5_2.7500_103.7500,103.75,2.75,1985-02-01,1985,2,112.31564934771994,96.60885882170302,118.48383798906882,24.240166536673975,3.056679477340065,27.296846600721512,38.5905008623677,115.72477556923018,235.54351405833725,405.4026468162712,795.261448451451
MY_0p5_2.7500_104.2500,104.25,2.75,1985-02-01,1985,2,94.80760406045353,98.28355351616355,124.2132568359375,35.227725982666016,3.095974922180176,38.32370376586914,40.211368560791016,122.05458068847656,249.61526489257812,432.7535705566406,844.634765625
MY_0p5_2.7500_111.2500,111.25,2.75,1985-02-01,1985,2,368.73135691675645,97.63322059368265,117.50054146261776,156.24685601627124,183.82095695944395,340.0678253173828,43.05249842475442,130.14599833768958,265.42458298627065,466.4651345645681,905.0882424747243
MY_0p5_2.7500_111.7500,111.75,2.75,1985-02-01,1985,2,393.58326145860013,97.33645989464932,119.10204574979583,159.7485221994334,178.82573726259426,338.5742613693763,43.07335675995925,130.19311069620065,265.49281705659007,466.71178949290305,905.4710767022493
MY_0p5_2.7500_112.2500,112.25,2.75,1985-02-01,1985,2,415.27969727335096,97.1923933149893,123.79533627827962,161.44243581136067,173.85235137939452,335.2947823079427,43.09382811228434,130.2312446085612,265.5264366658528,466.8633934529622,905.7148822021485
MY_0p5_2.7500_112.7500,112.75,2.75,1985-02-01,1985,2,410.64614134196995,97.4189477027217,129.2143804815751,111.89502445655532,145.32819924173475,257.2232292271867,42.97398645666581,129.88066603262214,264.9143581148944,466.12511772445487,903.8941339420367
MY_0p5_2.7500_113.2500,113.25,2.75,1985-02-01,1985,2,379.35633971199155,98.26800101143972,136.4287859719897,88.92606714642237,99.19759182400173,188.1236600361173,42.747750394306486,129.22242024739583,263.6767343672495,464.0394249325707,899.6863300626239
MY_0p5_2.7500_113.7500,113.75,2.75,1985-02-01,1985,2,335.72007051698716,98.99488283874122,140.8362368443969,56.81316205650377,61.21333894911845,118.02650252421189,42.300074510513596,127.76021865067207,260.0197118285355,453.9156045124029,883.9956089675804
MY_0p5_2.7500_114.2500,114.25,2.75,1985-02-01,1985,2,282.7058036900774,97.2750861493847,140.4507152702235,48.930264038375654,53.192357908321334,102.12262066708335,42.0629777787607,126.9061500935615,257.48836256582524,445.9204074521608,872.3779157807556
MY_0p5_2.7500_114.7500,114.75,2.75,1985-02-01,1985,2,253.2446462060236,97.11435862255705,136.0414174316795,58.871956624802515,39.87303466553901,98.7449912053005,41.67822990903429,125.66123906518243,254.43795776367188,438.26909185518883,860.0465293932873
MY_0p5_2.7500_115.2500,115.25,2.75,1985-02-01,1985,2,248.20559018796627,91.92462914269248,122.22487008034643,37.527342822100664,21.742954425983598,59.27029985994906,41.1214079642081,123.78799857749593,249.53341069951784,425.1341516993067,839.5769444371128
MY_0p5_3.2500_101.2500,101.25,3.25,1985-02-01,1985,2,194.0478990342882,105.2510034583422,138.61332043599526,27.33865741625834,22.11814943454609,49.456806850804426,42.039601351964336,127.0107668568652,258.61445920476655,451.7373937465801,879.4022361666312
MY_0p5_3.2500_101.7500,101.75,3.25,1985-02-01,1985,2,182.37111787616084,96.50689604935373,119.57543128918692,20.51492889064133,22.694238779651133,43.20916721015979,40.78174010355762,122.92563906141149,248.4944351585048,425.50317635505826,837.7049900710963
MY_0p5_3.2500_102.2500,102.25,3.25,1985-02-01,1985,2,157.5757774716332,94.6310824197436,130.35612042139445,12.24440067230709,3.019551991281055,15.263953042408778,40.28249425736685,121.27167137993706,244.1743385436043,414.1818235367064,819.9103306361608
MY_0p5_3.2500_102.7500,102.75,3.25,1985-02-01,1985,2,145.35689443274387,93.74604758733435,129.99829526490802,16.1825264586678,1.062687709927559,17.245213940173763,39.75584976582587,119.70367376110221,240.8205324486841,407.52818433544303,807.8082327540917
MY_0p5_3.2500_103.2500,103.25,3.25,1985-02-01,1985,2,148.28453734953942,94.5497859495082,120.30497319224605,22.767224283870735,1.0990303176233744,23.866254607706974,38.17933802651272,114.12640082642001,230.58107183499914,391.97019516140324,774.8570170946153
MY_0p5_3.2500_112.2500,112.25,3.25,1985-02-01,1985,2,422.54216105143234,97.82805853949654,125.28869357638891,176.94746534559465,168.05684305826824,345.00429958767364,43.07524744669597,130.1901869032118,265.50752020941843,467.07247653537326,905.8454074435765
MY_0p5_3.2500_112.7500,112.75,3.25,1985-02-01,1985,2,403.58920854137784,98.67352350296511,131.74618442723008,95.30925863297259,103.86718030835762,199.17644188052319,42.763695044595686,129.29274649698226,263.91346465564163,464.8095337914639,900.7794364553982
MY_0p5_3.2500_113.2500,113.25,3.25,1985-02-01,1985,2,343.53234679716866,99.88780335734661,137.80424337676078,76.02187104658647,57.06043991898044,133.0823103008848,42.530946543722436,128.61831595680928,262.66659649935633,462.8125657746286,896.6284364642519
MY_0p5_3.2500_113.7500,113.75,3.25,1985-02-01,1985,2,303.8505543542287,100.83021480015344,139.63711823962984,62.57039337158203,50.33978577871171,112.91017737010168,42.39857247973245,128.1603830004495,261.40633496481274,459.00615815662195,890.9714516291542
MY_0p5_3.2500_114.2500,114.25,3.25,1985-02-01,1985,2,271.4186230313246,100.21849662634975,138.28719762328325,48.41068714895066,46.03821048615085,94.44889870418864,42.00382335930113,126.73170874528822,257.1405175081484,445.42262316661265,871.2986782584219
MY_0p5_3.2500_114.7500,114.75,3.25,1985-02-01,1985,2,250.5900725346462,101.57533239862721,137.22902822798227,54.14771048430425,31.101730814405308,85.2494401628045,41.546003754731196,125.28328879775518,253.74735026754394,437.12760322716593,857.7042494852831
MY_0p5_3.2500_115.2500,115.25,3.25,1985-02-01,1985,2,240.37724299370484,94.52169937423513,120.58731450913828,41.381134540219854,23.757416682907294,65.1385510722293,41.048974954629244,123.58966180342662,249.16775937623612,424.3045815576481,838.1109688674346
MY_0p5_3.2500_115.7500,115.75,3.25,1985-02-01,1985,2,236.76198535019094,86.6995834179139,115.51282398352463,44.94552307986142,31.643399227870987,76.588922564903,41.428788860192455,124.82414682795492,252.27195311128423,432.3738080999824,850.8986699822244
MY_0p5_3.7500_100.7500,100.75,3.75,1985-02-01,1985,2,183.85293579101562,108.18702697753906,138.1583251953125,17.509183883666992,5.875446796417236,23.38463020324707,41.997467041015625,126.85552978515625,258.1837158203125,450.42529296875,877.4620361328125
MY_0p5_3.7500_101.2500,101.25,3.75,1985-02-01,1985,2,187.60442636258935,103.31082592812943,141.69792298745955,22.012753316885448,13.818349916958116,35.831101790986786,41.77095140376909,126.03572828175567,255.7800532961355,443.06612082669653,866.6528699560073
MY_0p5_3.7500_101.7500,101.75,3.75,1985-02-01,1985,2,190.44770740060244,92.65548356171628,131.87131429781581,18.125173301453803,19.08359590077856,37.20877060313134,40.96863645808712,123.4417967340749,249.3210927392267,426.0305949411576,839.7621345277046
MY_0p5_3.7500_102.2500,102.25,3.75,1985-02-01,1985,2,194.0175107441251,91.37545132107203,128.64024822901163,12.21486958700513,2.2280744393666585,14.442944190615698,39.76279638381231,119.61178954593719,240.1262977721199,404.5904661148314,804.0913622659349
MY_0p5_3.7500_102.7500,102.75,3.75,1985-02-01,1985,2,197.70996316576762,93.69324023534381,129.39137854197668,19.991061837332587,1.739436257831634,21.730497790139818,39.832788425021704,119.98675859239366,241.36940569196426,407.71449924045135,808.9034495520214
MY_0p5_3.7500_103.2500,103.25,3.75,1985-02-01,1985,2,198.1202858244755,94.19773047093851,124.82658152860755,28.33173870011872,2.038494545805688,30.370233438529226,39.39739903468712,118.60610581940296,239.59751341576668,407.3917621687347,804.9927813361672
MY_0p5_3.7500_113.2500,113.25,3.75,1985-02-01,1985,2,322.7705883979798,102.17400479316713,136.10916688012296,63.09262428909052,27.31189033633373,90.40451362484791,42.30441165361249,127.93480719894661,261.22932409067624,459.7083174908748,891.1768658747441
MY_0p5_3.7500_113.7500,113.75,3.75,1985-02-01,1985,2,281.60963445079045,103.17799869113497,133.8975260712954,44.149984797999316,19.546638927027633,63.696623965760274,42.07402679295216,127.15041277246569,259.14428049229497,453.8055514733768,882.1742903329795
MY_0p5_3.7500_114.2500,114.25,3.75,1985-02-01,1985,2,251.22688985254217,103.19408641996839,135.83106607104105,41.720984480116094,27.809990946451823,69.53097357371497,42.146094537159755,127.35750051831442,259.55137823195685,454.5255177331349,883.5804811507935
MY_0p5_3.7500_114.7500,114.75,3.75,1985-02-01,1985,2,233.00812881711926,103.99633464510477,137.72686910477896,45.39092392694383,24.628925353761705,70.01985018291171,41.84405297173394,126.36231340680804,256.98875780862477,447.2921250116257,872.4872362893725
MY_0p5_3.7500_115.2500,115.25,3.75,1985-02-01,1985,2,220.1347190735832,96.32363966684494,117.65463591076077,46.48190452938988,21.204661590333966,67.68656601678758,40.74629023718455,122.78650045243519,247.90512269035216,422.42970077272446,833.8676323784722
MY_0p5_3.7500_115.7500,115.75,3.75,1985-02-01,1985,2,219.8268492993691,86.44083596648072,115.90243469896934,47.055972284550286,29.513889614626653,76.5698631890386,41.19313982407824,124.11595499601295,250.7590674530688,428.9116606129159,844.9798052671144
MY_0p5_4.2500_100.7500,100.75,4.25,1985-02-01,1985,2,181.49062337875367,109.44049991397408,138.09797487842795,19.540788813999722,18.98672004232602,38.52751053790658,42.064879826137,127.0943989033602,258.8622541155134,452.50926663145725,880.5307853854434
MY_0p5_4.2500_101.2500,101.25,4.25,1985-02-01,1985,2,171.8263213874758,98.56688976895278,134.65784731336458,13.82371951668126,14.361204291604889,28.184924623768808,41.11581437906642,123.8116291799363,249.8373046194672,426.57646820651496,841.3412279262664
MY_0p5_4.2500_101.7500,101.75,4.25,1985-02-01,1985,2,198.61149397912308,93.33136429954261,140.53373913262217,15.10117072876269,8.45209942572414,23.553271150436647,40.94654347721381,123.25909935704436,248.46846783427767,423.35612317167545,836.0302586174622
MY_0p5_4.2500_102.2500,102.25,4.25,1985-02-01,1985,2,257.8608870338708,95.06524107326715,135.26742763336475,11.585185639012737,1.647020523540509,13.232206469526687,39.8893980446715,119.88849861705647,240.08077817679217,402.877508193921,802.7361690045927
MY_0p5_4.2500_102.7500,102.75,4.25,1985-02-01,1985,2,286.64340797958863,93.87172997833058,126.18900303931756,19.169617822975113,2.9158895034698924,22.085506518175645,39.299230150356415,118.32920992905927,237.31860322405578,397.9576201226302,792.904677858778
MY_0p5_4.2500_103.2500,103.25,4.25,1985-02-01,1985,2,277.57908937959337,95.10907668269886,127.8023903344982,52.98683966659919,9.64080915550737,62.62764713406978,40.568889990085516,122.46028660897177,247.8640292496631,423.7783220138284,834.6715158070423
MY_0p5_4.2500_113.7500,113.75,4.25,1985-02-01,1985,2,239.4155475677006,106.01164193586871,128.26914805286336,26.984202762819688,7.177060469141547,34.161263088010394,41.665695154441984,125.89971168086215,256.3639203917306,446.96348744518355,870.8928343574955
MY_0p5_4.2500_114.2500,114.25,4.25,1985-02-01,1985,2,218.15230723105714,105.55185961631275,128.98034723937283,28.601812075463965,8.89693396616166,37.498745656841976,41.8161797983766,126.45585520387156,258.01376166030707,451.88101726517255,878.166813323857
MY_0p5_4.2500_114.7500,114.75,4.25,1985-02-01,1985,2,204.70073323567712,105.46249857584637,135.21526509602867,57.79089225769044,27.384074986775715,85.1749653116862,42.000028915405274,126.97536305745444,258.9193357340495,453.29946451822923,881.1941605631512
MY_0p5_4.2500_115.2500,115.25,4.25,1985-02-01,1985,2,190.46485985649957,101.20027944776747,123.81333065032959,44.1645194027159,24.873618609375423,69.03813976711697,40.912666492991974,123.3402947584788,249.2485455407037,425.6750067604913,839.1765221489802
MY_0p5_4.2500_115.7500,115.75,4.25,1985-02-01,1985,2,189.20604910123149,90.18840399273374,118.39321462340278,45.673173897953376,33.074033656362765,78.747208986444,41.27880827047058,124.40442104016323,251.47124101024565,430.6870346845207,847.8415268720208
MY_0p5_4.2500_116.2500,116.25,4.25,1985-02-01,1985,2,201.7971176519627,91.8779187551359,124.09296873139172,56.937288609946656,54.38724028773425,111.32452511205908,41.94268603441191,126.45136195857351,256.1020588758515,441.75643604557695,866.2525534280918
MY_0p5_4.2500_116.7500,116.75,4.25,1985-02-01,1985,2,223.55398965295342,93.97463442411038,123.63358703789686,59.95280408032369,60.99707816239727,120.9498767081024,42.27881580418934,127.59631532878547,259.17477787436786,450.55931611695047,879.6092437567738
MY_0p5_4.2500_117.2500,117.25,4.25,1985-02-01,1985,2,256.2516844082723,96.25875037539322,121.24905942393616,50.15523706284245,33.46000672230679,83.61524342224664,42.04669373436312,126.99308081432784,258.43772253526,450.80529150498654,878.2827999148749
MY_0p5_4.2500_117.7500,117.75,4.25,1985-02-01,1985,2,254.0817625909789,95.70961621276334,114.00317699073727,29.29654362670377,10.195158127026682,39.49170216943464,39.9315067193447,119.62074266743456,242.84269851293323,420.14421824919873,822.5391717894466
MY_0p5_4.2500_118.2500,118.25,4.25,1985-02-01,1985,2,221.36903631199172,94.77073807744256,105.38549425647517,24.892387414434157,3.498055717747683,28.390443534608103,37.21507763710751,109.6455045080489,222.1037794951421,382.24563229311804,751.2100219726562
MY_0p5_4.2500_118.7500,118.75,4.25,1985-02-01,1985,2,197.8234258581091,95.08424857810691,101.61050415039062,32.55338668823242,3.438490390777588,35.991878509521484,35.979671478271484,104.9171142578125,212.5423126220703,366.40234375,719.8414916992188
MY_0p5_4.7500_100.2500,100.25,4.75,1985-02-01,1985,2,176.79950120713977,117.4477310180664,,,,,,,,,
MY_0p5_4.7500_100.7500,100.75,4.75,1985-02-01,1985,2,174.54667788988922,109.17594464155879,129.34809323442659,8.863676222359262,4.9837199226627495,13.847396145022012,40.30347273601749,121.28259987559744,243.90457655743856,413.0188604835572,818.509545551083
MY_0p5_4.7500_101.2500,101.25,4.75,1985-02-01,1985,2,162.1180033021054,96.02253665015812,123.83128381153894,6.389274094596742,4.541635225689601,10.930908999367364,39.91264725942461,119.86825491284567,239.81859436035157,401.07078140500994,800.6702863420758
MY_0p5_4.7500_101.7500,101.75,4.75,1985-02-01,1985,2,206.22690834968716,94.23516862657335,138.5648942251054,17.90551917363727,5.272047860281808,23.17756796034556,40.48441360715836,121.76075173029825,244.49336126418348,412.09900144546765,818.8375296456475
MY_0p5_4.7500_102.2500,102.25,4.75,1985-02-01,1985,2,297.31885811941964,96.09312475295293,134.8251677013579,33.16937557402111,6.700531605311801,39.86990723382859,40.60672814505441,122.13522128150579,244.95057460239957,411.10387166341144,818.796397763207
MY_0p5_4.7500_102.7500,102.75,4.75,1985-02-01,1985,2,338.28838518470707,95.14941899487926,131.5998393745179,61.341963932013044,14.80045558540684,76.14241964498142,41.02620497782518,123.63311811313504,249.1440021004646,422.3836550378495,836.1869852831408
MY_0p5_4.7500_103.2500,103.25,4.75,1985-02-01,1985,2,320.7231728793321,97.09252867058143,123.5294767429028,80.7218112734411,16.738008544893724,97.45981651390613,39.7469087298066,118.94280851019266,240.1369495462228,408.76211637940355,807.5887750717108
MY_0p5_4.7500_103.7500,103.75,4.75,1985-02-01,1985,2,308.82092445775083,99.26246643066406,108.46448497029093,77.6129128592355,9.193943605794535,86.80685444621295,36.246854212376974,106.13005442433543,214.58999653605667,366.2161500608766,723.1830182756696
MY_0p5_4.7500_113.7500,113.75,4.75,1985-02-01,1985,2,174.0040740966797,108.7312240600586,,,,,,,,,
MY_0p5_4.7500_114.2500,114.25,4.75,1985-02-01,1985,2,174.0040740966797,108.91901479448592,127.21327209472656,20.970457077026367,5.005470275878906,25.975927352905273,41.58595275878906,125.76114654541016,256.4905700683594,448.1988525390625,872.0364990234375
MY_0p5_4.7500_114.7500,114.75,4.75,1985-02-01,1985,2,168.2174021402995,110.68395175728747,135.66483167422717,43.25509169793899,14.327628981682563,57.582722304969714,41.762928747361705,126.25822087769868,257.3580476494246,449.66602579752606,875.0452067057294
MY_0p5_4.7500_115.2500,115.25,4.75,1985-02-01,1985,2,155.145895242691,109.74565378824866,133.42390473683673,27.35787813862164,16.951787166297432,44.30966647466023,40.70566664139429,122.72351431846616,247.92784500122065,423.1132647196451,834.4702784220377
MY_0p5_4.7500_115.7500,115.75,4.75,1985-02-01,1985,2,157.15757417224702,99.74400523352244,125.15296362014041,16.95907442607577,14.03340729304722,30.992480904715396,40.612629493834476,122.27080066014848,246.47105456155444,419.38052513485866,828.735000658792
MY_0p5_4.7500_116.2500,116.25,4.75,1985-02-01,1985,2,171.778859843905,95.3432199629526,125.5773772951156,23.34794564625573,16.5469888626583,39.89493405781094,40.91275461590478,123.17937304784377,248.51726980057967,424.23236975291405,836.8417443653891
MY_0p5_4.7500_116.7500,116.75,4.75,1985-02-01,1985,2,203.4370630481575,94.50123504445523,124.72844860221767,45.213760291473776,33.976243984850136,79.1900028639202,41.64758064173446,125.5012513414214,253.85721119747888,436.50722194623347,857.5132666479183
MY_0p5_4.7500_117.2500,117.25,4.75,1985-02-01,1985,2,256.16303207155255,93.844703722757,120.21092655242435,50.722784157404824,31.989244479224794,82.71202688065786,41.607597314743764,125.41610078357517,253.7775696769593,436.43751152886284,857.2387887137276
MY_0p5_4.7500_117.7500,117.75,4.75,1985-02-01,1985,2,259.4232536026194,93.91106994242605,117.76726869993573,42.08490300480322,16.938312222685994,59.02321414706073,41.21101043797746,124.22704930848712,251.29140709019916,431.2055837896805,847.9350435281101
MY_0p5_4.7500_118.2500,118.25,4.75,1985-02-01,1985,2,227.3948697804207,95.32928788841672,119.7989078310866,46.97380746429291,13.110299786131588,60.08410675202183,41.23881118621061,124.33637444577624,251.65149585206308,432.45729287305676,849.6839516797859
MY_0p5_4.7500_118.7500,118.75,4.75,1985-02-01,1985,2,199.10032074360907,95.8425609733485,117.07615304295021,44.5461061212081,6.8006468483164335,51.3467531807815,40.77348752565022,123.02179090282584,249.04583933383606,426.9378430330301,839.7789538419698
MY_0p5_5.2500_100.2500,100.25,5.25,1985-02-01,1985,2,164.50442848867073,118.45525395387858,62.36372756958008,1.6794180870056152,0.012961112894117832,1.692379117012024,25.9669189453125,69.19469451904297,137.44924926757812,227.64625549316406,460.2571105957031
MY_0p5_5.2500_100.7500,100.75,5.25,1985-02-01,1985,2,163.79874903859655,110.88050050373319,129.31518523994535,9.137390449129303,3.738318536441303,12.875709036300924,38.74946041764885,115.72735867555114,230.49618670584144,383.07108999668867,768.0441070205864
MY_0p5_5.2500_101.2500,101.25,5.25,1985-02-01,1985,2,160.5693367609902,100.131863621303,131.40990726531498,9.534548747350298,3.6026839714201664,13.13723307715522,39.67521267845517,118.96329510401165,236.7700650169736,392.04529176742307,787.4538665287077
MY_0p5_5.2500_101.7500,101.75,5.25,1985-02-01,1985,2,210.0386381210036,95.52712640944561,141.2776746810622,31.132953097106547,4.833831914291261,35.96678652125559,40.41931983316021,121.533475037593,243.4971431562096,407.5887535726949,813.0386811274633
MY_0p5_5.2500_102.2500,102.25,5.25,1985-02-01,1985,2,300.27427906595216,101.11039077855978,137.73735231047223,64.02584877743084,8.952285131831077,72.97813451973495,40.628288086812205,122.20205841550401,245.86811988976348,415.90400122381317,824.6024490648015
MY_0p5_5.2500_102.7500,102.75,5.25,1985-02-01,1985,2,337.6230618852746,98.82940511035311,130.1997384022858,117.71583179538531,23.35446534237619,141.07029623257912,40.19416346145888,120.47405535164525,242.79521510237353,413.01327597407965,816.4766833289194
MY_0p5_5.2500_103.2500,103.25,5.25,1985-02-01,1985,2,319.69379588939523,100.8289166808759,136.25069145103555,196.41935997504694,40.161061045411344,236.58041718718295,41.729356889600886,125.77447063891918,254.15867892178625,435.9584019648564,857.6209082665382
MY_0p5_5.2500_115.2500,115.25,5.25,1985-02-01,1985,2,124.10926277406755,113.6866306181877,133.32921612849003,13.265269494447553,5.282737301998451,18.54800720293014,39.74317431840741,119.84107971191406,241.88035883668996,411.26678316710434,812.7313992859888
MY_0p5_5.2500_115.7500,115.75,5.25,1985-02-01,1985,2,125.78322022096769,110.28406167332129,127.9574510994604,10.652070675866076,4.958419516935187,15.610490417480468,39.54535936258607,119.14113316940048,240.00377497268934,406.6590759277343,805.3493435099973
MY_0p5_5.2500_116.2500,116.25,5.25,1985-02-01,1985,2,144.0137825977953,102.21217353434503,124.0753319414356,21.947094924842254,8.815060045145735,30.762155620357657,40.131281961368614,120.85187165948409,243.55686144285565,414.02077802827085,818.5607956512065
MY_0p5_5.2500_116.7500,116.75,5.25,1985-02-01,1985,2,187.85390728334835,98.85797160184836,128.89173881917057,53.88065193272845,29.4407509731341,83.32140340684336,41.39428293252293,124.65984916687012,251.68615119064907,430.94864432419405,848.6889312357843
MY_0p5_5.2500_117.2500,117.25,5.25,1985-02-01,1985,2,263.1635852632068,96.67203124515595,127.80127989753845,84.40337071494451,46.62608750358461,131.02945634145584,41.971047719319664,126.546534656343,256.31837608700704,442.4282575334821,867.2641998775422
MY_0p5_5.2500_117.7500,117.75,5.25,1985-02-01,1985,2,276.9099410768539,94.75883839925129,123.66773831806486,93.84623376755486,47.14580359080481,140.9920367528522,42.06740450177874,126.96094931950643,257.8091646709139,447.4947969951326,874.3323123992436
MY_0p5_5.2500_118.2500,118.25,5.25,1985-02-01,1985,2,239.6781258495736,95.28253944056809,122.0455153398453,101.88362311102023,36.68124361098952,138.56486622998668,42.075136585600056,127.1131655456154,258.7387108286475,451.2865028138373,879.2135108899158
MY_0p5_5.2500_118.7500,118.75,5.25,1985-02-01,1985,2,193.83644294738772,95.59779091486854,113.96967813703748,64.20970800187852,12.729308048884073,76.93901549445258,40.749073929256866,123.11787668863933,249.8762995402018,430.1974703470866,843.9407382541233
MY_0p5_5.2500_119.2500,119.25,5.25,1985-02-01,1985,2,144.13856798981968,96.38484344482423,109.98011016845703,43.957759857177734,2.448669910430908,46.406429290771484,40.08819580078125,121.11203002929688,245.36386108398438,419.3000183105469,825.8641357421875
MY_0p5_5.7500_100.2500,100.25,5.75,1985-02-01,1985,2,142.0031748247576,117.83631869479342,84.79542954471133,1.6484579963421604,0.023956997063728648,1.6724149349632613,28.401030216742,80.1385852218768,154.53787217446424,307.41032339673524,570.4878232063504
MY_0p5_5.7500_100.7500,100.75,5.75,1985-02-01,1985,2,147.65877976190475,112.35178912934802,126.31007446289063,4.985894798437754,0.24138787815968193,5.2272827386856076,36.10638038635254,106.67598055521646,209.74412928263345,349.8016674804688,702.3281583658853
MY_0p5_5.7500_101.2500,101.25,5.75,1985-02-01,1985,2,154.56179665392781,105.57093075128994,136.4258019154466,9.056381831957601,0.5120579995742934,9.568439924810816,38.368457283560694,114.78868989118443,226.61222767266705,370.4427580345334,750.2121084618757
MY_0p5_5.7500_101.7500,101.75,5.75,1985-02-01,1985,2,203.95744825998943,99.58870445887247,138.91012217203777,29.22279515465101,1.5462231183424597,30.7690187116464,39.183490689595544,117.7265051841736,234.63660392761233,388.32406450907393,779.870671081543
MY_0p5_5.7500_102.2500,102.25,5.75,1985-02-01,1985,2,269.44943198179584,104.1057302523882,133.88411106405033,37.01626198380082,3.926538010645243,40.94280021359222,38.78102666681463,116.28706028485539,233.3142776232376,391.98402749006993,780.3663847952178
MY_0p5_5.7500_102.7500,102.75,5.75,1985-02-01,1985,2,321.74601213727675,102.23692410663493,109.7136001586914,56.946807861328125,9.355247497558594,66.30205535888672,34.45397186279297,99.83283996582031,200.75962829589844,340.7997741699219,675.84619140625
MY_0p5_5.7500_103.2500,103.25,5.75,1985-02-01,1985,2,313.13818359375,103.83900451660156,,,,,,,,,
MY_0p5_5.7500_115.2500,115.25,5.75,1985-02-01,1985,2,98.17213872273763,114.84329935709634,129.44607543945312,2.6393191814422607,0.8558526039123535,3.4951717853546143,38.599853515625,116.59077453613281,235.83274841308594,402.1112976074219,793.1346435546875
MY_0p5_5.7500_115.7500,115.75,5.75,1985-02-01,1985,2,103.51269877615151,111.80934971534403,120.336105128697,2.747552626473563,2.8697211469922745,5.6172738347734725,38.38571980794271,115.93278873988561,234.26528392973404,398.8422029041109,787.4259910946802
MY_0p5_5.7500_116.2500,116.25,5.75,1985-02-01,1985,2,118.41242232549759,104.46609303307912,116.20376434326171,5.586768552992078,7.53742973312499,13.12419800985427,38.92282060895647,117.46830354720825,237.20664687383743,403.7483308337984,797.3460939437624
MY_0p5_5.7500_116.7500,116.75,5.75,1985-02-01,1985,2,172.187895226857,98.49093237982855,119.68612808954147,29.271416739811972,32.43834671444363,61.70976350572374,40.94617549351284,123.525510394384,250.10389588371152,429.5742446172805,844.1498070126488
MY_0p5_5.7500_117.2500,117.25,5.75,1985-02-01,1985,2,260.75705066765147,100.32082369350108,126.11834683102387,91.2611407692124,64.85473382510597,156.1158737519562,42.22422842272449,127.63224879123435,260.07664436797614,454.5659919040812,884.4991148939645
MY_0p5_5.7500_117.7500,117.75,5.75,1985-02-01,1985,2,285.47503972129215,99.88322770860462,126.66358666131963,121.24436233827734,59.76817472829116,181.01253478799094,42.44554869120553,128.4046173607743,262.32697413911757,461.9080400914955,895.0851710786757
MY_0p5_5.7500_118.2500,118.25,5.75,1985-02-01,1985,2,253.21114983357174,98.14767214457194,124.6163210720486,118.52827829996747,51.3516753133138,169.8799551730686,42.381491292317705,128.24752258300782,262.17410061306424,462.0794980197483,894.8825935872395
MY_0p5_5.7500_118.7500,118.75,5.75,1985-02-01,1985,2,203.11197075477014,97.54933349902814,123.63914489746094,118.5798568725586,51.989627838134766,170.56948852539062,42.35527801513672,128.1806640625,262.0796813964844,461.9322509765625,894.5478515625
MY_0p5_6.2500_99.7500,99.75,6.25,1985-02-01,1985,2,82.23135106703815,121.1530475990445,93.72736465099247,0.439733789410702,0.012062119558280291,0.4517959099869395,29.87613314251567,97.73243926292243,198.47750180266624,338.3924319245094,664.4785184638445
MY_0p5_6.2500_100.2500,100.25,6.25,1985-02-01,1985,2,113.3993208706379,116.5652177333832,100.20155717499401,1.3316617160427324,0.038249944610407156,1.3699116150943598,30.64437699609873,91.42919815997688,179.3405292744539,346.09583167251276,647.50994399713
MY_0p5_6.2500_100.7500,100.75,6.25,1985-02-01,1985,2,128.57914141798574,113.46432153414577,125.03595141554432,4.076287412275219,0.12891203153547634,4.205199214482399,35.35038215313179,105.23105777460637,206.7345975780119,357.0970658114519,704.4131172798776
MY_0p5_6.2500_101.2500,101.25,6.25,1985-02-01,1985,2,134.4652270977314,110.19594233586238,132.39359248234678,5.951815245701717,0.16819907610233015,6.1200141099783085,36.962867619441106,110.7241416344276,218.38679903470552,360.433740234375,726.5075711763823
MY_0p5_6.2500_101.7500,101.75,6.25,1985-02-01,1985,2,187.64121398925778,106.34082881382531,134.0989562988281,12.520580823080877,0.17742211589855805,12.698003455570763,38.055356706891736,114.4857208251953,228.3874607631138,380.2509687151227,761.1795148577008
MY_0p5_6.2500_102.2500,102.25,6.25,1985-02-01,1985,2,221.02918434143066,106.84295947377275,131.6876678466797,11.857694625854492,0.0309783723205328,11.888673782348633,38.36897277832031,115.72909545898438,232.19525146484375,388.1012268066406,774.39453125
MY_0p5_6.2500_115.7500,115.75,6.25,1985-02-01,1985,2,91.71585256403142,112.59663512490013,127.0273208618164,2.114626407623291,2.3337738513946533,4.448400020599365,38.14143371582031,115.47037506103516,234.18336486816406,400.0945129394531,787.8897094726562
MY_0p5_6.2500_116.2500,116.25,6.25,1985-02-01,1985,2,105.52813740780479,108.84782858062208,123.78553099779305,6.899924049293417,6.195103730399178,13.095027719825376,39.025232743586734,117.97429401548948,239.0114376387407,408.45683738943757,804.4677979053379
MY_0p5_6.2500_116.7500,116.75,6.25,1985-02-01,1985,2,156.15839359343997,104.34772743346197,122.82358689081101,34.18991300794813,25.397902143569215,59.58781356206016,40.83895591856941,123.33037620423333,250.19700351291232,430.9696457635789,845.335974702381
MY_0p5_6.2500_117.2500,117.25,6.25,1985-02-01,1985,2,246.14359440879215,104.69969562348864,126.09920571947855,90.45879148453001,49.0760149637858,139.53480706593348,41.61796067252992,125.49888099791511,255.92019285171753,447.85880059136286,870.8958548409598
MY_0p5_6.2500_117.7500,117.75,6.25,1985-02-01,1985,2,282.5865155855815,105.03775393962862,126.5292833562483,111.70141869260553,46.7713544968276,158.47277394791098,41.7153509708873,125.79976221274214,257.10010425946865,452.821823744746,877.4370538365771
MY_0p5_6.2500_118.2500,118.25,6.25,1985-02-01,1985,2,281.0366679600307,104.80599893842425,127.81781714303153,106.1181150163923,34.436282294137136,140.55439104352678,42.33261135646275,128.13021169389998,262.0321851457868,462.15244511195596,894.647467476981
MY_0p5_6.7500_100.2500,100.25,6.75,1985-02-01,1985,2,100.5745548360488,116.32822850171257,106.24645317302031,1.0318704181734253,0.04789898446624112,1.0797693595728455,31.8995446878321,98.41674311020795,197.53298176036162,351.2096317515654,679.0588948866899
MY_0p5_6.7500_100.7500,100.75,6.75,1985-02-01,1985,2,113.73745699282046,113.63851702654804,122.0767014114945,3.4323887030283613,0.06666177069699322,3.499050259590149,34.387729220920136,103.5365764476635,205.2421355070891,357.34974161783856,700.5161743164062
MY_0p5_6.7500_116.2500,116.25,6.75,1985-02-01,1985,2,110.01794126664086,112.4668487726256,128.09333503537061,17.848906633330554,7.843544634377085,25.692450872281704,40.49856334779321,122.39628210300354,248.5931720268436,428.1722575862234,839.6602604563643
MY_0p5_6.7500_116.7500,116.75,6.75,1985-02-01,1985,2,145.2074101666996,111.03726750612259,123.67101580352181,36.010272663101375,14.886061076590194,50.89633257115782,39.81011430642351,119.50348017997892,243.0813988244581,421.1243219790251,823.5193148526278
MY_0p5_6.7500_117.2500,117.25,6.75,1985-02-01,1985,2,211.25458141881174,109.31907272338866,121.16784803002282,70.28609189733994,25.35899491858693,95.64508573143883,39.49635107327351,117.91765017214075,240.4914446130263,420.54693819569275,818.4524004100699
MY_0p5_6.7500_117.7500,117.75,6.75,1985-02-01,1985,2,269.1803376939562,108.10870276557075,124.49017858505248,103.40635704994202,32.26366305351257,135.6700201034546,40.332895398139954,120.75420546531679,246.75604104995728,434.3879919052124,842.2311573028563
MY_0p5_7.2500_116.7500,116.75,7.25,1985-02-01,1985,2,133.34473160871372,113.89726233103919,120.66006529434867,18.34106908051864,3.578866023602693,21.919935143512227,38.66867012355639,115.65048761782438,235.46384502908455,408.00231217094085,797.7853075110394
MY_0p5_7.2500_117.2500,117.25,7.25,1985-02-01,1985,2,148.09254730499543,113.64481065079971,118.33884124755859,18.426607935052168,3.1982025221774455,21.62481032923648,38.115650217156656,113.6434575131065,231.5427300704153,401.8151229055305,785.1169542814556
MY_0p5_0.7500_110.2500,110.25,0.75,1985-03-01,1985,3,399.1429401104267,107.95014131986179,152.44282813439006,140.80122164212744,200.4419548621545,341.2431765042819,43.16110141460713,130.30342759352467,265.17858135516826,464.68923715444714,903.3323711688703
MY_0p5_0.7500_110.7500,110.75,0.75,1985-03-01,1985,3,446.4939187186105,108.41543971470423,152.79788208007812,125.48209936959402,173.2296646118164,298.7117771693638,43.11213945661272,130.22059762137278,265.3745823451451,466.6215488978794,905.3288556780134
MY_0p5_0.7500_111.7500,111.75,0.75,1985-03-01,1985,3,510.1197073800223,106.9394301157149,132.63611348470053,154.21269831581722,182.4181889125279,336.63089764307415,43.180258311922586,130.35567752898686,265.3576185438368,465.754640125093,904.6482292054192
MY_0p5_1.2500_103.2500,103.25,1.25,1985-03-01,1985,3,308.4541516350311,112.08952375986044,150.17224953391337,47.05030129172585,41.308390140533454,88.35869112881748,38.913957769220524,115.52102574435148,235.66166132146665,413.73237679221415,803.828993363814
MY_0p5_1.2500_103.7500,103.75,1.25,1985-03-01,1985,3,295.28845659274504,110.25563308567678,137.18556072642502,50.28400017451314,54.04382544582331,104.32782723139792,40.05960423738055,119.88505169025902,244.49822346215112,429.1383281818871,833.5811880167249
MY_0p5_1.2500_104.2500,104.25,1.25,1985-03-01,1985,3,276.0988786969866,109.90113329206194,122.52823638916016,53.91755294799805,68.04093933105469,121.95849609375,41.56488037109375,125.6041030883789,256.05108642578125,449.1098327636719,872.3298950195312
MY_0p5_1.2500_109.7500,109.75,1.25,1985-03-01,1985,3,362.5563847185618,110.07715716993953,159.512060326266,118.48575711537556,122.83084841808642,241.31660553346197,42.89798814704619,129.6622200471809,264.67989634318525,466.78909228221477,904.0291858351374
MY_0p5_1.2500_110.2500,110.25,1.25,1985-03-01,1985,3,405.19966355253837,108.57913266922058,154.7798721136734,147.27185497504865,188.57438859976398,335.84623865547326,43.1220245066757,130.21416370288748,265.1376869466775,465.13814423903546,903.6120221347883
MY_0p5_1.2500_110.7500,110.75,1.25,1985-03-01,1985,3,453.1080274793836,108.69434439038474,156.52890562027216,128.93043939499626,170.12079346671933,299.0512413388207,43.10879588051448,130.21689462813117,265.40756080264134,466.88607255239333,905.6193121047246
MY_0p5_1.2500_111.2500,111.25,1.25,1985-03-01,1985,3,487.5546350448658,107.794449608166,148.19323013841918,135.21722994673368,183.27225379821974,318.48949386060434,43.1763575008502,130.37497923244686,265.5371763576715,466.5801930777943,905.6687247669355
MY_0p5_1.2500_111.7500,111.75,1.25,1985-03-01,1985,3,520.6392512245784,106.54223305838448,133.10729544503351,165.2812185136099,189.43505132765995,354.7162771073598,43.20038380698551,130.41492764911953,265.43936447870163,465.7002006409661,904.754893469432
MY_0p5_1.2500_112.2500,112.25,1.25,1985-03-01,1985,3,557.8632406631702,105.19016509854853,130.92118316495478,172.69029607627596,201.06287790676058,373.75317398303656,43.23841104652676,130.50414357451618,265.4851802303101,465.2556085731777,904.4833516542076
MY_0p5_1.2500_112.7500,112.75,1.25,1985-03-01,1985,3,603.4146436055502,103.58024009068805,129.42154788970947,214.62901051839194,269.06492869059247,483.6939392089844,43.48047542572021,131.14314905802408,266.3230641682943,465.12925148010254,906.0759353637696
MY_0p5_1.2500_113.2500,113.25,1.25,1985-03-01,1985,3,573.0603319251019,102.19078037427818,129.90710077700408,180.10492129118546,256.8994884988536,437.00440726902167,43.431334686279286,131.0181919263757,266.2006729789402,465.36706516431724,906.0172644573709
MY_0p5_1.2500_113.7500,113.75,1.25,1985-03-01,1985,3,546.5147834546638,100.75495113026012,131.27237539580372,157.20034304532138,255.7609545389811,412.9612953879616,43.44535385478627,131.04921086629233,266.22888830936313,465.38571236350316,906.1091937440814
MY_0p5_1.2500_114.2500,114.25,1.25,1985-03-01,1985,3,517.9194038863731,98.99872852426715,134.79950707359652,137.6946138365079,275.38382552155355,413.0784393580614,43.516477061583934,131.23840723628493,266.5030117878872,465.55286940853154,906.8108066795147
MY_0p5_1.2500_114.7500,114.75,1.25,1985-03-01,1985,3,472.3906505953881,97.49657243297946,134.57088593513737,122.7660847325479,244.03125098443797,366.7973357169859,43.376194123298895,130.8374515656502,265.7272043535786,463.9615252094884,903.9023831275201
MY_0p5_1.7500_102.7500,102.75,1.75,1985-03-01,1985,3,316.505883148362,114.27848272165544,148.58993196487427,42.469438910484314,31.032638669013977,73.5020786523819,40.831881046295166,122.35588574409485,248.49008989334106,432.46167373657227,844.1395416259766
MY_0p5_1.7500_103.2500,103.25,1.75,1985-03-01,1985,3,313.3514548047629,111.11417194499012,157.2004638671875,56.542043266296396,48.653352527618416,105.19539730072022,40.88781080245972,122.57666004180909,249.50097122192386,436.2917831420899,849.2572024536132
MY_0p5_1.7500_103.7500,103.75,1.75,1985-03-01,1985,3,299.33946865419796,109.58869185628768,147.28148960161815,59.85349061217489,46.37866057625299,106.23215305956103,40.76233106927026,122.36939575098737,249.16199918336503,435.62741175784333,847.9211275124851
MY_0p5_1.7500_104.2500,104.25,1.75,1985-03-01,1985,3,283.438846206665,109.6591990470886,139.87437267451324,65.00118660741998,50.07508081243944,115.07627123455667,41.66031664471294,125.82928496368172,256.10688675281614,447.2597985082819,870.856279240098
MY_0p5_1.7500_109.7500,109.75,1.75,1985-03-01,1985,3,362.3822429568268,110.14812274311865,159.817138671875,118.5643081665039,120.7838363647461,239.34814453125,42.89176559448242,129.65087890625,264.6958923339844,466.9664306640625,904.2049560546875
MY_0p5_1.7500_110.2500,110.25,1.75,1985-03-01,1985,3,408.28116119041874,109.64756058201647,158.10016848314254,151.35695236124457,159.94502054306275,311.3019590326809,43.02610701290682,129.98214607442765,264.94942453965785,465.8430154565822,903.8006575477314
MY_0p5_1.7500_110.7500,110.75,1.75,1985-03-01,1985,3,467.6218622381036,109.03562060269441,162.7426902770996,127.08473320007323,157.72181396484376,284.80654296874997,43.07861213684081,130.1413261413574,265.3459701538086,467.20238189697267,905.7682861328125
MY_0p5_1.7500_111.2500,111.25,1.75,1985-03-01,1985,3,504.21914091564355,107.79224185035339,152.98011864950493,141.02655362861103,185.65981871139172,326.6863827727562,43.194472485919334,130.43482375034066,265.6757697526799,466.92644710097204,906.2315205418788
MY_0p5_1.7500_111.7500,111.75,1.75,1985-03-01,1985,3,550.657500254957,105.88654402237901,136.8633225839349,187.29541778564447,224.47448624236674,411.7699040280112,43.31264334087129,130.74499444116518,266.03054886829995,466.4450230658808,906.5331984894183
MY_0p5_1.7500_112.2500,112.25,1.75,1985-03-01,1985,3,598.2990827287947,104.68681105356369,132.46819080171127,214.71524677579364,264.0049386160714,478.72018800765744,43.45951287405831,131.10660632905504,266.3869988335503,465.7888153560578,906.7419259207587
MY_0p5_1.7500_112.7500,112.75,1.75,1985-03-01,1985,3,607.834726484995,103.97996688116166,131.57345290411084,208.6402387830946,266.7968879820808,475.43712972005204,43.47982855902778,131.1654039655413,266.5088734460255,466.0802512517051,907.2343441917782
MY_0p5_1.7500_113.2500,113.25,1.75,1985-03-01,1985,3,577.0808332170759,103.00721232096353,131.7233682783823,174.5280764625186,245.0433029901413,419.5713755774119,43.39021878923688,130.92857191297742,266.2120379735553,466.1592276436942,906.6900572761656
MY_0p5_1.7500_113.7500,113.75,1.75,1985-03-01,1985,3,540.8992259192088,101.52758302234467,131.08058437771265,146.65135168650795,231.83719419449093,378.48854418557784,43.32607275342184,130.72489832318018,265.71329781668527,464.7644368489583,904.5287235320561
MY_0p5_1.7500_114.2500,114.25,1.75,1985-03-01,1985,3,500.4195378379216,100.08586680094399,135.4437286376953,122.38983701675656,233.22733609638513,355.61716541108626,43.328392755417596,130.7051734561012,265.5439001658606,463.9948134649367,903.5723067026289
MY_0p5_1.7500_114.7500,114.75,1.75,1985-03-01,1985,3,446.10891217641876,99.42245590130901,137.92430929075252,113.69835603545985,194.60139441613708,308.29975393028457,43.150488838630636,130.16745635511964,264.4010833582112,461.4441588406736,899.1631963067722
MY_0p5_2.2500_101.7500,101.75,2.25,1985-03-01,1985,3,250.59909273398048,116.92923906114368,153.22656234587083,26.53861733638879,20.262120892303162,46.80073797823203,41.53150866730045,124.96782206525705,253.44032487965595,439.89393107096356,859.8336009015941
MY_0p5_2.2500_102.2500,102.25,2.25,1985-03-01,1985,3,293.57424882952677,114.6850787441126,150.93339808705892,29.68864131544195,21.091094578282117,50.77973443355286,41.335538708992544,124.1545642688514,251.2195707622327,433.95338578657663,850.6630526455966
MY_0p5_2.2500_102.7500,102.75,2.25,1985-03-01,1985,3,319.3173421545874,112.90719230265556,154.1977014662344,45.99534932872917,32.82490571541122,78.82025488117073,41.50864191900325,124.82371665858015,253.51401766040655,441.410104679156,861.2564793840239
MY_0p5_2.2500_103.2500,103.25,2.25,1985-03-01,1985,3,323.04905540829617,108.92342819940477,160.44307299417164,67.74538961743552,52.99828381008573,120.74367382715619,41.82581784687345,125.97327316526382,255.8291324676029,445.0907971578931,868.7190195234996
MY_0p5_2.2500_103.7500,103.75,2.25,1985-03-01,1985,3,311.06593234821895,108.5663127317267,161.95463608563955,82.2852905532061,36.695621115474374,118.9809123411017,41.436046626204146,124.72348291429422,253.20442225569383,439.38968205856065,858.7536480402542
MY_0p5_2.2500_104.2500,104.25,2.25,1985-03-01,1985,3,295.1068842197821,109.55657648846388,166.88863126896632,94.93223754630603,29.89471943122296,124.82696079222625,41.817452548949184,126.23237616168566,256.48152349803075,445.5682786673554,870.0996305607569
MY_0p5_2.2500_104.7500,104.75,2.25,1985-03-01,1985,3,268.0730895996094,111.1081771850586,,,,,,,,,
MY_0p5_2.2500_109.7500,109.75,2.25,1985-03-01,1985,3,357.0420158140121,109.9403563468687,,,,,,,,,
MY_0p5_2.2500_111.2500,111.25,2.25,1985-03-01,1985,3,511.4994926452637,107.44190374016762,142.73980959723977,210.2964686225442,233.37562762989717,443.67209625244135,43.3014123580035,130.75281502218806,266.2543855554917,467.5234518612132,907.8320761287913
MY_0p5_2.2500_111.7500,111.75,2.25,1985-03-01,1985,3,565.6161865234375,106.42438979375929,141.57215266152033,217.21713823590957,247.77399345276848,464.9911366296193,43.36002360752651,130.90473027304998,266.45611194428943,467.56996072436135,908.2908325195314
MY_0p5_2.2500_112.2500,112.25,2.25,1985-03-01,1985,3,616.4114474826388,105.67027796185205,137.74174610925098,224.69379020569818,281.73002106197293,506.4238201807416,43.508647034660214,131.28412005712116,266.92718234592013,467.5341560484871,909.2540982685392
MY_0p5_2.2500_112.7500,112.75,2.25,1985-03-01,1985,3,619.9841531420511,104.61709679497613,136.38375573536706,192.89371899801588,262.6894126286582,455.5831315297929,43.46323313637386,131.15194929819256,266.69272596571176,467.2874891493056,908.5953923301092
MY_0p5_2.2500_113.2500,113.25,2.25,1985-03-01,1985,3,573.2969393291171,103.72122214181083,137.63104107569137,157.73474033900672,232.64850187755772,390.3832326737661,43.34402177598742,130.8263905843099,266.1938628665985,466.865179249597,907.2294646732392
MY_0p5_2.2500_113.7500,113.75,2.25,1985-03-01,1985,3,519.8111727750755,102.23724833621255,136.01895286463485,133.47508997856818,201.8324207837069,335.30750660956664,43.18149904661541,130.30583741393272,264.89546145668515,463.1754075062426,901.5582047474537
MY_0p5_2.2500_114.2500,114.25,2.25,1985-03-01,1985,3,460.9718782939608,101.36542520674448,138.8325849260603,109.96796661861357,177.03004930284285,286.9980097695002,43.101181817433186,130.0462007552858,264.29334464905753,461.80177932012646,899.2425004262773
MY_0p5_2.2500_114.7500,114.75,2.25,1985-03-01,1985,3,406.8222776351436,100.19848335020005,139.6015624015562,97.48352791570849,161.2390962908345,258.7226235174364,42.97688318067982,129.6817879461473,263.56568829936367,460.22981813492316,896.4541718513736
MY_0p5_2.2500_115.2500,115.25,2.25,1985-03-01,1985,3,343.296630859375,99.63931274414062,144.84739685058594,57.31565856933594,98.68885040283203,156.00450134277344,42.57659149169922,128.52853393554688,261.33282470703125,455.8093566894531,888.247314453125
MY_0p5_2.7500_101.2500,101.25,2.75,1985-03-01,1985,3,272.8250732421875,116.12610626220703,152.93667602539062,51.38587188720703,79.68646240234375,131.0723419189453,42.524330139160156,128.48690795898438,262.02337646484375,461.0592041015625,894.0938720703125
MY_0p5_2.7500_101.7500,101.75,2.75,1985-03-01,1985,3,275.7006246363863,113.86462441184304,141.0374902898615,52.136940210515796,79.32381965637205,131.46075977672228,42.090352269952945,126.93157592773437,257.500356944691,447.6244125088778,874.1467089843749
MY_0p5_2.7500_102.2500,102.25,2.75,1985-03-01,1985,3,314.48182163117036,110.92705885771734,155.2892517770172,31.240473097297038,25.10110344248972,56.341574845040675,41.874183982800524,126.12583692514212,254.89971666275318,438.70232678067157,861.6020612777418
MY_0p5_2.7500_102.7500,102.75,2.75,1985-03-01,1985,3,347.66670922388005,109.81041961380197,160.17598169061205,58.93259483047678,40.807974006556265,99.74056963377362,42.277142705796635,127.55810027786447,259.0512378547765,451.07575872879994,879.9622315998317
MY_0p5_2.7500_103.2500,103.25,2.75,1985-03-01,1985,3,369.33481272314765,107.80322693259853,158.06367716212182,107.19198783339968,68.66611758918519,175.85810771869245,41.32303844136038,124.0730059921362,251.79811742503173,437.34520463882745,854.5393632050532
MY_0p5_2.7500_103.7500,103.75,2.75,1985-03-01,1985,3,357.7698203708814,108.65987943566364,154.7164022559944,121.28092773718768,57.924675427274224,179.20560307656564,40.27223720638434,120.4141343639743,244.45123537125127,424.2794857464628,829.4170996318765
MY_0p5_2.7500_104.2500,104.25,2.75,1985-03-01,1985,3,310.1032692404354,109.49530657599954,168.33180236816406,109.61639404296875,36.8713493347168,146.4877471923828,41.834632873535156,126.30802917480469,256.7987060546875,446.7065734863281,871.64794921875
MY_0p5_2.7500_111.2500,111.25,2.75,1985-03-01,1985,3,535.156588218952,107.45894370243468,146.27308475269993,254.19395895565256,215.39291292078354,469.58687187643613,43.20951259837431,130.51029923382927,265.89891860064336,467.2170140883502,906.8357238769531
MY_0p5_2.7500_111.7500,111.75,2.75,1985-03-01,1985,3,584.516369428791,106.7566629315986,143.97293834028568,253.42045948423186,238.41756682560361,491.83803545195474,43.28532015044114,130.70833140406114,266.15663370592836,467.17721505000674,907.3274975480704
MY_0p5_2.7500_112.2500,112.25,2.75,1985-03-01,1985,3,625.8270203795614,106.37440502794483,141.02318094889324,234.388781636556,261.9019381713867,496.29072102864586,43.38458574930826,130.95304005940756,266.4364708455404,467.0649006144205,907.8389975992839
MY_0p5_2.7500_112.7500,112.75,2.75,1985-03-01,1985,3,624.0629637512981,105.81681683697279,139.14932415153407,199.08328855490382,253.41917979566358,452.5024614937698,43.38481404509725,130.93143535565724,266.3389026303834,466.86388175095186,907.5190284825578
MY_0p5_2.7500_113.2500,113.25,2.75,1985-03-01,1985,3,575.4192675393725,104.93147822788782,140.60127548944382,171.34589131673178,235.0777163550967,406.42360161675344,43.342813970172216,130.82145870148187,266.1941678486173,466.92335534474205,907.2817942785839
MY_0p5_2.7500_113.7500,113.75,2.75,1985-03-01,1985,3,511.7156040653302,104.08696034911331,141.24401787435932,145.24750008552698,221.4085169992629,366.6560197575077,43.275128127662995,130.58099025070288,265.4678393321432,464.53122278687306,903.8551674618084
MY_0p5_2.7500_114.2500,114.25,2.75,1985-03-01,1985,3,436.3751695850227,102.66207113145273,142.250217099733,115.68266557138178,205.80609410925757,321.48876373677314,43.226813823361944,130.40260802643206,264.9358422967452,462.86722101139117,901.4324926062474
MY_0p5_2.7500_114.7500,114.75,2.75,1985-03-01,1985,3,372.6553113414983,103.46633920851788,141.6882608984686,82.84473873551484,154.49164904454713,237.33638520453385,42.932851123202376,129.56621595249052,263.4427540773039,460.4575399410952,896.3993619687997
MY_0p5_2.7500_115.2500,115.25,2.75,1985-03-01,1985,3,322.7403982351492,101.05713454237929,141.95175253378378,37.110749803147876,70.86629946596987,107.97704686345281,42.15040523082286,127.13205973307292,257.8322762154244,446.34465178068695,873.4594066722971
MY_0p5_3.2500_101.2500,101.25,3.25,1985-03-01,1985,3,306.4129570855035,115.68010025915005,164.91574749779608,63.49867002138368,108.6775514476494,172.17622909842763,42.84594670158416,129.42567437910384,263.8110365811953,464.24728975407345,900.3299798037756
MY_0p5_3.2500_101.7500,101.75,3.25,1985-03-01,1985,3,328.4802145903965,108.45315573625506,147.51448690815337,68.63842184224706,112.77271412284512,181.41113626273577,42.47800536672022,128.05039134906357,259.4520484778532,449.87984821295294,879.8602778926778
MY_0p5_3.2500_102.2500,102.25,3.25,1985-03-01,1985,3,360.1533981081039,108.28070763481986,158.89633256215896,49.03979615711031,47.6896100362142,96.72940896654886,42.270837244911796,127.47357134137835,258.39307047526046,447.8739133804563,876.0113839285714
MY_0p5_3.2500_102.7500,102.75,3.25,1985-03-01,1985,3,399.20630346370643,107.23868302453921,161.20550010777725,85.26758315895177,66.97535281845285,152.24293894707398,42.41971483109872,127.94785859313191,259.4825945504104,450.29802761802193,880.1481838950627
MY_0p5_3.2500_103.2500,103.25,3.25,1985-03-01,1985,3,446.2871325365495,107.01915139561757,153.40389810866566,155.57132832778782,93.01796595669724,248.58928836984046,40.634325394024685,121.4933867563254,246.45138947427856,427.284108015924,835.8631895978599
MY_0p5_3.2500_112.2500,112.25,3.25,1985-03-01,1985,3,626.604318576389,106.80860833062066,142.5364498562283,238.48434651692708,256.1831976996528,494.6675401475695,43.34082056681316,130.8335598415799,266.2414442274306,466.7872714572483,907.203097873264
MY_0p5_3.2500_112.7500,112.75,3.25,1985-03-01,1985,3,618.0663329093686,106.78147506713869,141.77924084272541,201.51642483570538,232.0263982053663,433.54281816326204,43.285148839481536,130.655394006948,265.8990158331199,466.404468723985,906.2440165535348
MY_0p5_3.2500_113.2500,113.25,3.25,1985-03-01,1985,3,578.6600415222626,106.48320896464183,145.3880955089222,173.52816338972613,213.0558021429813,386.58395605376273,43.24075590480458,130.55200750177553,265.8112909721605,466.7011277169892,906.3051653775302
MY_0p5_3.2500_113.7500,113.75,3.25,1985-03-01,1985,3,515.408037361266,106.313672843812,144.74794151669457,156.1662341405475,225.67356601291232,381.8397991846478,43.28686926705497,130.6645582411024,265.8912329295325,466.2913427928138,906.1339946444073
MY_0p5_3.2500_114.2500,114.25,3.25,1985-03-01,1985,3,424.4346599214395,106.06080464648592,144.68636910019407,116.88808635541587,198.45206441697042,315.34014698198644,43.14886755244748,130.1994432097028,264.6362004371206,462.490160219229,900.4746779909558
MY_0p5_3.2500_114.7500,114.75,3.25,1985-03-01,1985,3,349.743424628191,108.25276261833825,147.99947167657743,74.31801735215886,147.6867704209249,222.00479223166306,42.94554187993336,129.59477496299016,263.51522739677677,460.88201884858927,896.9375472342134
MY_0p5_3.2500_115.2500,115.25,3.25,1985-03-01,1985,3,294.0623599668092,104.95513744595685,138.99180593369883,35.037017930912064,62.90132418765297,97.93833925754207,41.985952232457414,126.59620347807679,256.46893706502794,442.49766105941575,867.5487587844268
MY_0p5_3.2500_115.7500,115.75,3.25,1985-03-01,1985,3,254.57642201627237,101.61278148179643,139.69301853822859,48.771418582187614,59.35499135563883,108.12640612312917,41.928642187225684,126.5301186207975,256.74580263287834,444.1523098034806,869.3568574712516
MY_0p5_3.7500_100.7500,100.75,3.75,1985-03-01,1985,3,343.6127014160156,117.73902893066406,162.6571502685547,58.30378723144531,87.49720764160156,145.80099487304688,42.8327751159668,129.43943786621094,264.0972900390625,465.661865234375,902.0313720703125
MY_0p5_3.7500_101.2500,101.25,3.75,1985-03-01,1985,3,340.9063697438604,114.12247118903596,170.7431562108901,67.88013505164088,110.62648504065852,178.5066269562854,42.913248858405545,129.55697133085874,263.639915688524,462.1220620164593,898.2321686482352
MY_0p5_3.7500_101.7500,101.75,3.75,1985-03-01,1985,3,358.87376616982857,104.82778444715368,158.16725119815516,64.59082045828461,96.64165939039486,161.23248052900763,42.55989307962406,128.34305980706674,260.1982398549463,451.2288385865035,882.33001106408
MY_0p5_3.7500_102.2500,102.25,3.75,1985-03-01,1985,3,392.8207629007006,102.81341855488127,159.7674359518384,70.56455988808283,68.89696616520956,139.46153196304562,42.359700847807375,127.62386150057354,258.07725500682045,444.96316993350064,873.023977515811
MY_0p5_3.7500_102.7500,102.75,3.75,1985-03-01,1985,3,432.5395699637277,104.63533620682972,161.28817734491255,102.31546020507812,95.24627058241103,197.56173318529883,42.44772082132006,127.96979428245908,259.2669021848648,448.82723504929317,878.5116590711805
MY_0p5_3.7500_103.2500,103.25,3.75,1985-03-01,1985,3,471.8960977379544,105.01724863242342,158.26959318273208,161.93627343271294,111.86920342538872,273.8054803586474,41.92565545474782,126.10460085401348,255.5066473268995,442.1692942899816,865.7061841777727
MY_0p5_3.7500_113.2500,113.25,3.75,1985-03-01,1985,3,580.0506248474121,108.2621476650238,147.3498067386815,149.07827658731432,189.58096613649462,338.6592422235208,43.12847587710522,130.2570700723617,265.3939479139985,466.42330632444293,905.2028128201845
MY_0p5_3.7500_113.7500,113.75,3.75,1985-03-01,1985,3,495.23144870334204,109.27739604162791,145.46465071891117,116.62201952394159,177.39008723879323,294.01210293569227,43.106414980101356,130.18296354719737,265.2368574914037,466.2399422358541,904.7662013773007
MY_0p5_3.7500_114.2500,114.25,3.75,1985-03-01,1985,3,378.08425687440337,110.4374502999442,148.3343674432664,80.7991212390718,143.71923065185547,224.51835482158356,42.98287756783622,129.8226354205419,264.5788079155816,465.23332335456973,902.6176250155011
MY_0p5_3.7500_114.7500,114.75,3.75,1985-03-01,1985,3,303.36683640252977,112.84601057748944,151.33207014780197,56.37680504208519,116.61904962933252,172.99585338774182,42.85497259715247,129.43475118970116,263.78112163240945,463.6450349353609,899.7158877418153
MY_0p5_3.7500_115.2500,115.25,3.75,1985-03-01,1985,3,253.86244967021636,107.52133016434925,135.38099680098276,40.469760458809986,64.50118040054564,104.97093786814855,41.97745823935857,126.64248945448134,256.8145655071924,443.6137914264013,869.048317173549
MY_0p5_3.7500_115.7500,115.75,3.75,1985-03-01,1985,3,229.12655079793586,101.42503411821323,139.32815771308734,50.720784276509455,62.19024636248032,112.91103198373918,41.90503637739223,126.440069075111,256.41303478213524,442.8099670410156,867.5680945965884
MY_0p5_4.2500_100.7500,100.75,4.25,1985-03-01,1985,3,335.42422847747804,118.30101454727293,161.21938271035955,60.92238360035177,67.98601058648559,128.9083975655692,42.68058850035376,129.00508005570393,263.2721867775431,464.0560502032845,899.0139364437183
MY_0p5_4.2500_101.2500,101.25,4.25,1985-03-01,1985,3,333.41302336463633,109.42072901148708,165.04051631271463,80.57398107249266,122.24387971914501,202.81786783789377,42.87256893230852,129.2326248557704,261.89117208104227,454.6302527166476,888.626655335639
MY_0p5_4.2500_101.7500,101.75,4.25,1985-03-01,1985,3,361.2405076698749,105.5016300335479,164.72337633809346,76.12888526307128,84.12793342907209,160.25681858245557,42.590414223960416,128.48771840543415,260.82543643061734,453.8629404866277,885.7665005522415
MY_0p5_4.2500_102.2500,102.25,4.25,1985-03-01,1985,3,414.0514197791346,106.00444893638927,160.74403556848108,75.52107041331527,55.41787358975639,130.93894105368912,42.21873279120595,127.21790535533773,257.373353513285,443.8957901732229,870.7057584817419
MY_0p5_4.2500_102.7500,102.75,4.25,1985-03-01,1985,3,450.19754903027956,104.02184370976344,154.9167862910374,96.85989083454108,71.73580484329516,168.59569321164662,42.133350311570865,126.84557060679056,255.94183942466785,438.7008840961821,863.6216436495446
MY_0p5_4.2500_103.2500,103.25,4.25,1985-03-01,1985,3,464.88685613941306,105.52963860275852,155.24338305536466,149.50032506005692,101.7419607182413,251.2422863897131,42.284859235278404,127.58278475239717,259.00726297092774,449.72756001010595,878.6024654800468
MY_0p5_4.2500_113.7500,113.75,4.25,1985-03-01,1985,3,366.77748991951114,114.1157460646196,143.8138187336472,74.34648261879975,100.17606209808926,174.5225467322008,42.74434690655403,129.12982350475383,263.2269583648106,462.67951072836826,897.7806551951282
MY_0p5_4.2500_114.2500,114.25,4.25,1985-03-01,1985,3,288.15045166015625,115.08102319783687,145.79015058716294,52.0213680635548,78.73295681633086,130.75432348067235,42.67768334053659,128.99588584163473,263.2937233236306,463.99383556704726,898.961127910835
MY_0p5_4.2500_114.7500,114.75,4.25,1985-03-01,1985,3,241.70017059326176,116.17998448689781,150.455575764974,38.121634063720705,82.52810231526693,120.64973520914715,42.64120864868165,128.90054260253908,263.142504272461,463.6789267985027,898.363202311198
MY_0p5_4.2500_115.2500,115.25,4.25,1985-03-01,1985,3,203.405328379737,114.05220116509332,138.7731407483419,29.046191480424667,59.261711292796676,88.30790127648248,41.668229129579345,125.7812225288815,255.27726470099554,440.972393989563,863.6991312238906
MY_0p5_4.2500_115.7500,115.75,4.25,1985-03-01,1985,3,187.72531753798668,105.79963984085343,139.10427313335873,31.8483276108564,53.87001613035041,85.71834529294806,41.629991111108815,125.62711913545255,254.75860512943595,439.44571481478425,861.461437160686
MY_0p5_4.2500_116.2500,116.25,4.25,1985-03-01,1985,3,189.35698672038754,112.2661139325398,153.68660559305334,32.12367281099645,60.69502297843376,92.81869390534192,41.92498318741961,126.50738781254468,256.6606910519484,443.95510380442545,869.0481638094274
MY_0p5_4.2500_116.7500,116.75,4.25,1985-03-01,1985,3,195.71857298040672,117.57117735581589,157.00850470217668,29.703846628266263,55.63520874729046,85.33905459277203,41.97500561840962,126.77283102928561,257.84128213342217,448.6017374909683,875.1908636368769
MY_0p5_4.2500_117.2500,117.25,4.25,1985-03-01,1985,3,205.44231374284865,122.09828209666024,160.3095087372096,29.155689028512057,32.24147017656174,61.39716114618083,41.935455406661575,126.76849203194139,258.4686134810996,452.14019545833634,879.3127616949843
MY_0p5_4.2500_117.7500,117.75,4.25,1985-03-01,1985,3,201.6962128337632,122.12890207665599,151.87461611755893,19.69133452880077,11.51082391005296,31.202159311017425,39.87960044339172,119.53326500786676,242.98629741179636,421.45467161520935,823.8538364508213
MY_0p5_4.2500_118.2500,118.25,4.25,1985-03-01,1985,3,185.2584696987219,121.4990338777241,137.68647775832258,17.154876150143373,6.267684116485013,23.4225607647258,37.02569626243251,109.21096651113719,221.87512576352262,383.7251328389356,751.836931556653
MY_0p5_4.2500_118.7500,118.75,4.25,1985-03-01,1985,3,170.97767130533853,122.04216229474103,131.05224609375,21.5507869720459,8.23783016204834,29.788618087768555,35.73057174682617,104.3983154296875,212.6126708984375,369.71875,722.4603271484375
MY_0p5_4.7500_100.2500,100.25,4.75,1985-03-01,1985,3,289.41634114583337,124.59566497802734,,,,,,,,,
MY_0p5_4.7500_100.7500,100.75,4.75,1985-03-01,1985,3,310.19402128594106,118.1580919697337,156.68695911934705,41.85205766631336,36.32465629267499,78.17671014429106,42.09687522950211,126.82192797777128,256.3814892032282,441.465473454173,866.7657465740917
MY_0p5_4.7500_101.2500,101.25,4.75,1985-03-01,1985,3,317.62179430945446,106.70822611006479,149.77792343866258,61.1414452083527,69.2232438344804,130.3646893940275,42.23048257979136,127.07519787985181,256.0677608429439,437.5532715812562,862.9267070467511
MY_0p5_4.7500_101.7500,101.75,4.75,1985-03-01,1985,3,357.94705093286603,106.19015730600509,159.4004100496807,92.89418087913877,88.74229150196864,181.6364715091766,42.336669958205455,127.66090119377016,258.7146407838852,447.5728899274554,876.2851244729665
MY_0p5_4.7500_102.2500,102.25,4.75,1985-03-01,1985,3,422.73856666201635,107.10344187418622,155.17849077497212,146.9755161830357,117.37685575939359,264.3523687453497,42.41113397507441,127.93562709263394,259.53202776227675,449.88982543945315,879.7686226981027
MY_0p5_4.7500_102.7500,102.75,4.75,1985-03-01,1985,3,457.1879699123892,105.56214511166709,152.38922469023683,176.51186186189102,126.8534044642357,303.36525546517333,42.39350699163545,127.9687246091806,259.9982693423131,452.02552630187586,882.3860390049635
MY_0p5_4.7500_103.2500,103.25,4.75,1985-03-01,1985,3,455.090592370779,108.04382392541687,144.6282514170967,186.0415531735579,107.43290671035375,293.47445701233136,40.797540249419825,122.30511874378388,248.78373014443042,433.05211692894517,844.9385094449091
MY_0p5_4.7500_103.7500,103.75,4.75,1985-03-01,1985,3,453.7636686626234,109.7832260131836,130.61330403910054,150.04759890073305,72.98312516645952,223.03072406719255,37.03873706173587,108.63385059307149,221.170678076806,385.7263992111404,752.569692636465
MY_0p5_4.7500_113.7500,113.75,4.75,1985-03-01,1985,3,185.0815887451172,118.50717163085938,,,,,,,,,
MY_0p5_4.7500_114.2500,114.25,4.75,1985-03-01,1985,3,185.0815887451172,119.36327988760813,143.44000244140625,41.15971374511719,34.825477600097656,75.98519134521484,42.3090934753418,127.95258331298828,261.32318115234375,460.0307312011719,891.6156005859375
MY_0p5_4.7500_114.7500,114.75,4.75,1985-03-01,1985,3,178.19801789970808,123.46001327678722,148.59456609910535,29.481496718622022,27.833175361797373,57.3146719983829,41.99551645914714,126.99522613197244,259.2494692238429,455.2470132150958,883.4872088688677
MY_0p5_4.7500_115.2500,115.25,4.75,1985-03-01,1985,3,163.93220893541968,125.34877733389534,146.92296401659644,13.409500350554781,26.364682021240387,39.77418137093384,40.79439522822697,123.04830539226529,249.07252709070838,427.3093256950377,840.2245473861692
MY_0p5_4.7500_115.7500,115.75,4.75,1985-03-01,1985,3,162.29664941212488,117.01014912923176,144.69324830070374,17.52939946008107,22.99776372152661,40.527161952427456,40.84809377761114,123.10020817347936,248.56321478949653,424.38779054671994,836.8992914109004
MY_0p5_4.7500_116.2500,116.25,4.75,1985-03-01,1985,3,168.6754669189453,115.51898425874255,155.41635233561195,24.943110027010473,28.84077752733987,53.783887699672135,41.38865086388966,124.7210250370086,252.02660939050094,431.9327957395522,850.0690699017237
MY_0p5_4.7500_116.7500,116.75,4.75,1985-03-01,1985,3,183.15037275869636,118.05699674389031,155.2092946209485,29.069072439700744,49.596705593640294,78.66577943970886,41.643294793141045,125.71700610390191,255.26007128365427,441.75563454929795,864.3760059211828
MY_0p5_4.7500_117.2500,117.25,4.75,1985-03-01,1985,3,207.76525220114084,119.94923391190785,155.01605941530258,32.118777211507165,51.51280706496466,83.63158743722097,41.77979199848477,126.14796401735337,256.3491046239459,444.7007737901475,868.9776371062748
MY_0p5_4.7500_117.7500,117.75,4.75,1985-03-01,1985,3,208.8831497385532,120.96688171579868,155.28470799892762,25.22866046881374,28.688247089144546,53.91690955584562,41.374833517436734,124.86520151548747,253.4379056616675,438.20419610904736,857.8821492255487
MY_0p5_4.7500_118.2500,118.25,4.75,1985-03-01,1985,3,193.68722557182892,122.34153214651138,156.96728968021262,28.16677297659256,21.923203128067094,50.089976612646986,41.17420664264929,124.34300396789858,252.67139476986986,437.4683641596656,855.6569818084564
MY_0p5_4.7500_118.7500,118.75,4.75,1985-03-01,1985,3,174.98882747601857,122.4288059669205,159.8086692713484,31.15557887886144,13.881300902064844,45.036880155152915,41.035635211799715,123.99609877187993,252.0854747144482,436.3805943742583,853.4978019617781
MY_0p5_5.2500_100.2500,100.25,5.25,1985-03-01,1985,3,260.87520383272556,126.52469246924956,71.13697814941406,3.2065858840942383,0.012620436027646065,3.2192063331604004,26.00334358215332,69.34000396728516,137.71759033203125,226.74075317382812,459.8016662597656
MY_0p5_5.2500_100.7500,100.75,5.25,1985-03-01,1985,3,276.3794130312851,120.15252424795418,153.53130314267918,38.66702920540997,36.45915114119563,75.12617773845278,40.83633407505079,122.345125307982,246.09313158057202,418.0607163001751,827.33531066193
MY_0p5_5.2500_101.2500,101.25,5.25,1985-03-01,1985,3,301.2960054912265,110.82222818041603,151.0981455485026,65.94248396858336,63.20891199263315,129.15140162876673,41.90180113050672,126.11459256126766,254.2021001906622,433.65378912062863,855.8723001147073
MY_0p5_5.2500_101.7500,101.75,5.25,1985-03-01,1985,3,351.09747256139286,107.84516534987532,157.10001601686903,92.32105196813112,83.945485922941,176.266531488698,42.04376722445154,126.86379246802848,257.4027314398699,445.6736623193049,871.9839786602436
MY_0p5_5.2500_102.2500,102.25,5.25,1985-03-01,1985,3,415.46159654362185,113.59134307180999,155.72420875889478,126.74188638189034,102.15114593505858,228.89302864803625,41.98340673507399,126.68594693226417,257.8962110774532,449.967174068378,876.5327546915431
MY_0p5_5.2500_102.7500,102.75,5.25,1985-03-01,1985,3,450.68265764565734,110.63071123353996,149.25238947464246,184.82340933589612,120.78129716000312,305.604711293366,41.232057306322,123.93401978056306,252.34683786165914,440.26727812168957,857.7801877813823
MY_0p5_5.2500_103.2500,103.25,5.25,1985-03-01,1985,3,450.46060338903357,112.89766378251332,154.5546408318854,266.7007201553939,123.3522600941844,390.05300269188825,42.17559071330281,127.45012412133156,259.82826331993203,454.3271294135552,883.7811104910714
MY_0p5_5.2500_115.2500,115.25,5.25,1985-03-01,1985,3,147.09505634923136,132.20220331991874,150.71054177206074,9.954822305773124,5.471936941391132,15.426759477521554,39.46319530049309,118.82630970438973,238.8916811083184,404.01774121894215,801.1989105724899
MY_0p5_5.2500_115.7500,115.75,5.25,1985-03-01,1985,3,145.50112312852738,130.26700717588014,148.72405881720073,9.81999621633756,4.436726046416719,14.256722741207835,39.31476896900241,118.24985773118874,236.98376661397637,398.30036983166707,792.8487391585011
MY_0p5_5.2500_116.2500,116.25,5.25,1985-03-01,1985,3,140.49632386316227,123.61375936677184,150.77511060690577,14.188381569294991,14.352452773082108,28.540835338302806,40.00789863248415,120.56436162055293,243.0272580883171,413.28739340094074,816.886910547184
MY_0p5_5.2500_116.7500,116.75,5.25,1985-03-01,1985,3,155.83057560498202,123.35836340505865,156.83114947548395,30.643060442767563,47.409388795683654,78.05244841153107,41.099880158146725,124.1309869017782,252.08198344556587,435.4186498907548,852.73150036003
MY_0p5_5.2500_117.2500,117.25,5.25,1985-03-01,1985,3,196.32405976795013,124.00951414562407,159.03041163853237,54.745862179710755,66.63892343914698,121.38478475903709,41.59621235680958,125.66722475082156,255.62344350663446,443.8993627154638,866.7862347315229
MY_0p5_5.2500_117.7500,117.75,5.25,1985-03-01,1985,3,210.40650465223524,122.80897374228823,157.3570126003689,64.92417525034101,64.02017701164124,128.94435201977925,41.61990590171208,125.74173283652651,255.94481811523437,445.40713539729035,868.7135862320188
MY_0p5_5.2500_118.2500,118.25,5.25,1985-03-01,1985,3,202.72069177872098,122.54101513905131,158.93450621586697,63.144691576623615,55.025014196991165,118.1697048017174,41.65380948060637,125.91548564935185,256.68232989463075,448.1788821858205,872.4304898984873
MY_0p5_5.2500_118.7500,118.75,5.25,1985-03-01,1985,3,170.91928009033208,121.7752696688213,160.8772383795844,43.52941873338487,22.77644289864434,66.30586200290256,41.16530301835802,124.41116491953531,253.04426108466254,438.68227852715387,857.3029878404406
MY_0p5_5.2500_119.2500,119.25,5.25,1985-03-01,1985,3,118.79249165156115,121.11284681047714,161.39820861816406,34.365745544433594,7.88181209564209,42.24755859375,40.90394973754883,123.59733581542969,251.04869079589844,433.4216613769531,848.9716186523438
MY_0p5_5.7500_100.2500,100.25,5.75,1985-03-01,1985,3,230.14733116905967,129.70818978386956,100.86310213421464,4.7274087372176155,0.016168584705356065,4.743577432194981,30.210558655065135,86.40457419299204,163.56441840775517,301.3921284806837,581.5716832712155
MY_0p5_5.7500_100.7500,100.75,5.75,1985-03-01,1985,3,253.36634550548735,124.6338867429703,148.1919362894694,32.62195799827576,9.645976689097782,42.26793523152669,38.70044564565023,114.96874684651691,228.4010306294759,383.479816792806,765.5500465901694
MY_0p5_5.7500_101.2500,101.25,5.75,1985-03-01,1985,3,287.9645471047229,118.29302251620557,156.844852057029,64.61870013259528,32.42694845725233,97.04565213421199,41.51972237534411,124.80864718579872,250.47907413272412,422.5322604442207,839.3397079828218
MY_0p5_5.7500_101.7500,101.75,5.75,1985-03-01,1985,3,338.81793479919435,114.41426817576092,161.6524540583293,102.13578742345175,56.03794798851013,158.17373339335123,41.78012736638387,125.99733168284098,255.066111946106,439.04499715169277,861.888552347819
MY_0p5_5.7500_102.2500,102.25,5.75,1985-03-01,1985,3,378.9483978075858,119.34154733022051,154.36902245929343,94.47811110011655,47.6904706296696,142.1685858575583,40.66104625611995,122.32620095403908,248.6305126357159,430.78612757210783,842.4038926455307
MY_0p5_5.7500_102.7500,102.75,5.75,1985-03-01,1985,3,428.337796282087,115.33729368043177,125.9119873046875,117.03380584716797,59.36750411987305,176.40130615234375,35.55598831176758,103.54669952392578,211.11166381835938,368.6190185546875,718.8333740234375
MY_0p5_5.7500_103.2500,103.25,5.75,1985-03-01,1985,3,442.1998596191406,117.17280578613281,,,,,,,,,
MY_0p5_5.7500_115.2500,115.25,5.75,1985-03-01,1985,3,132.0036666870117,135.90914204915364,142.26296997070312,2.296525001525879,0.14140857756137848,2.4379334449768066,36.52867126464844,110.29399108886719,221.66458129882812,372.48834228515625,740.9755859375
MY_0p5_5.7500_115.7500,115.75,5.75,1985-03-01,1985,3,126.1920695392632,133.22906746893574,135.83187953404018,3.599743888491677,1.6877923939909254,5.287536235082718,36.88531617664155,111.37829226539249,223.54600801013765,374.5201509021578,746.329764811198
MY_0p5_5.7500_116.2500,116.25,5.75,1985-03-01,1985,3,118.27969028533451,126.43628448001921,134.87069392128595,5.872432878282336,6.802199510827897,12.674632382771325,37.827286735413566,114.22401384626117,229.76372002495657,386.7099527994791,768.5249734545512
MY_0p5_5.7500_116.7500,116.75,5.75,1985-03-01,1985,3,138.78892960321335,122.04069284106059,144.16573898073227,25.766706935943116,33.66085956210182,59.42756535969083,40.07137752714611,121.07555810837516,245.5244603717138,421.0716641865079,827.7430739629838
MY_0p5_5.7500_117.2500,117.25,5.75,1985-03-01,1985,3,187.05829646835568,126.09950593292527,155.2190075702848,79.21387188066068,71.65357428469493,150.86744644213175,41.24435142011673,124.76914588133995,254.33881799354916,442.51626606168054,862.8685857249359
MY_0p5_5.7500_117.7500,117.75,5.75,1985-03-01,1985,3,208.8358766101656,125.86336781335257,159.50534078098786,126.02808572141917,78.67478131287851,204.70287159145278,41.618544162519825,125.96907048577431,257.33795022644455,450.52853373073094,875.454081900168
MY_0p5_5.7500_118.2500,118.25,5.75,1985-03-01,1985,3,208.41438694627072,124.18062855402628,161.14643886990015,122.63798875596788,64.58173804389105,187.21972622341582,41.634534505208336,126.0425725640191,257.62753729926214,451.70869805230035,877.0133452690973
MY_0p5_5.7500_118.7500,118.75,5.75,1985-03-01,1985,3,179.3109273176927,123.21031262324408,161.82830810546875,114.48345184326172,58.71000289916992,173.19345092773438,41.638282775878906,126.05072784423828,257.63043212890625,451.775390625,877.0948486328125
MY_0p5_6.2500_99.7500,99.75,6.25,1985-03-01,1985,3,158.0734988941866,142.09913365981157,108.72404888064361,2.2149940479633417,0.0023186624883998965,2.2173128682513568,32.257401843403656,99.03847876260447,191.50048047442766,316.2828078159066,639.0791625976562
MY_0p5_6.2500_100.2500,100.25,6.25,1985-03-01,1985,3,211.01587814092636,134.7872353196144,119.76433818583584,6.052458318398923,0.026803902256283527,6.079262229374477,33.410825067636914,99.46118064413265,188.55810509506534,335.82907179229113,657.2591874103156
MY_0p5_6.2500_100.7500,100.75,6.25,1985-03-01,1985,3,243.74745431553902,129.9406274626154,148.21991090516786,34.40524474626342,6.522059193564198,40.92730384811932,38.71039148279139,115.65875853903046,227.13814093983774,387.47343898463896,768.980758608078
MY_0p5_6.2500_101.2500,101.25,6.25,1985-03-01,1985,3,264.6046921950121,126.13921344463644,156.6373671311599,55.76644791823167,14.767655798105093,70.5341059758113,40.685239879901594,122.0407457791842,242.9161595271184,408.32611647385824,813.9682804987981
MY_0p5_6.2500_101.7500,101.75,6.25,1985-03-01,1985,3,315.32883126395086,123.3246364048549,159.9685738699777,69.95583506992884,15.767733015332903,85.72357155936105,40.948203059605184,123.36825016566685,248.70196489606585,423.0808776855468,836.0992815290177
MY_0p5_6.2500_102.2500,102.25,6.25,1985-03-01,1985,3,331.38566970825195,123.08905071165505,156.95350646972656,56.8723258972168,4.890407085418701,61.762733459472656,40.66344451904297,122.6155776977539,247.5728302001953,421.6671447753906,832.5189819335938
MY_0p5_6.2500_115.7500,115.75,6.25,1985-03-01,1985,3,104.3354899666526,135.43633859807795,143.56976318359375,3.303342819213867,0.37200215458869934,3.675344944000244,36.42139434814453,110.12477111816406,221.1036376953125,369.6231689453125,737.2730102539062
MY_0p5_6.2500_116.2500,116.25,6.25,1985-03-01,1985,3,110.16162249916476,131.64338781122575,144.06287010965895,8.681196427030185,6.904086156169749,15.585282567314113,37.8525766381083,114.3955620585034,230.58766967504556,389.3567115010669,772.1925409123761
MY_0p5_6.2500_116.7500,116.75,6.25,1985-03-01,1985,3,134.552708628821,127.70935145786832,148.40067937941777,31.900224352639817,33.170152791341145,65.07037644159226,40.14113838559105,121.33152385893322,246.31441819932724,423.5217916821676,831.3088731553821
MY_0p5_6.2500_117.2500,117.25,6.25,1985-03-01,1985,3,180.29015919518847,128.47820594424292,152.83807310074093,70.88021207536971,62.92760971311539,133.80781867617654,40.47611975291419,122.18224567231677,249.37562628851995,434.31068173363093,846.3446639772445
MY_0p5_6.2500_117.7500,117.75,6.25,1985-03-01,1985,3,201.96845682462057,128.6751750310262,154.01370462339526,99.6860952990794,68.21455369915878,167.90064609817594,40.317654726798075,121.73315090603299,248.98556875485426,435.2261593467311,846.2625175609924
MY_0p5_6.2500_118.2500,118.25,6.25,1985-03-01,1985,3,205.18988146100722,128.60497283935547,157.05525643484933,127.43173789978026,69.11753218514579,196.54927008492606,40.85587392534528,123.86532538277763,253.64550508771626,444.00980813162664,862.3764997209821
MY_0p5_6.7500_100.2500,100.25,6.75,1985-03-01,1985,3,200.6772575378418,136.87522787206314,126.12677041222067,6.686851415564032,0.03600858873858884,6.722859862972708,34.869285106658936,105.53660331052892,203.10724976483513,338.7895655912511,682.3026971256031
MY_0p5_6.7500_100.7500,100.75,6.75,1985-03-01,1985,3,232.80379683883106,132.92564279061776,142.29016169795287,17.548653637921372,0.9958180293992714,18.544471281546134,37.519041838469334,112.38615219681353,218.07003671151625,369.37792177553536,737.3531674985534
MY_0p5_6.7500_116.2500,116.25,6.75,1985-03-01,1985,3,117.7989387073736,135.78415697674419,156.75251844452652,22.867175730263316,13.121418324912469,35.988594334299975,40.31374573126072,121.85211274682024,247.3949372826553,425.5702469988568,835.1310588557546
MY_0p5_6.7500_116.7500,116.75,6.75,1985-03-01,1985,3,133.07563490811953,134.14547365903854,150.0660651889243,36.44236271371955,26.59473183974918,63.03709420667807,39.274142389712125,117.9562253989721,240.06881852583453,415.2645845073956,812.5637740184197
MY_0p5_6.7500_117.2500,117.25,6.75,1985-03-01,1985,3,163.94479676597143,131.9924609192416,145.22539783579057,56.946897236646805,41.79468171786418,98.74157843125604,38.412949334203674,114.7891711344761,234.4181701525123,408.2972759145551,795.9175514963877
MY_0p5_6.7500_117.7500,117.75,6.75,1985-03-01,1985,3,191.12051222059463,130.4826316833496,148.50817680358887,80.35271310806273,51.508397817611694,131.86111092567444,38.85916566848755,116.51698565483092,238.51924562454224,417.13786602020264,811.0332374572754
MY_0p5_7.2500_116.7500,116.75,7.25,1985-03-01,1985,3,130.30086487296998,136.41899314759272,146.38426221764607,24.361910347316574,10.37409959876019,34.73601100755774,37.72558053058127,112.91627986742103,229.7504998248556,395.8455661939538,776.2379261846128
MY_0p5_7.2500_117.2500,117.25,7.25,1985-03-01,1985,3,133.95769816905528,135.8151889835392,142.4915657445004,25.172833824157717,11.98144557711325,37.154280552111175,36.85574971249229,110.02515242727179,224.0576276277241,385.95513241416535,756.8936587685033
MY_0p5_0.7500_110.2500,110.25,0.75,1985-04-01,1985,4,293.4864584115836,112.13131291316108,142.95111835186302,42.95101429865911,126.99044506366438,169.94146564190206,42.848228454589844,129.35440579927885,263.18574782151444,460.5857107309196,895.9740948016828
MY_0p5_0.7500_110.7500,110.75,0.75,1985-04-01,1985,4,320.3526275634766,114.10494689941406,144.17698669433594,49.01951293945312,110.87946036202565,159.89897635323658,42.88928647722517,129.55948813302174,264.09774605887276,464.57276218959265,901.1193219866071
MY_0p5_0.7500_111.7500,111.75,0.75,1985-04-01,1985,4,321.63327462332586,113.04734753805494,128.0845692952474,58.76187606084914,121.82405853271484,180.58593217153398,42.88161183917333,129.55679393949964,264.13736300998266,464.50510176401286,901.0808832077753
MY_0p5_1.2500_103.2500,103.25,1.25,1985-04-01,1985,4,208.56870351254364,115.62935808792855,122.26805097406562,16.362713835456155,37.43961759047075,53.80233383178712,38.90083035555753,115.56508775190873,236.09829919988462,415.68005093661225,806.2442862770774
MY_0p5_1.2500_103.7500,103.75,1.25,1985-04-01,1985,4,208.30206209941977,113.29984698249298,110.68146048240293,17.692148884523263,50.5755149693165,68.26766434456539,40.11014334669392,120.12891410160992,245.3465996899651,431.7674919054346,837.3531559323801
MY_0p5_1.2500_104.2500,104.25,1.25,1985-04-01,1985,4,198.91209280831472,112.89668502807618,97.7516098022461,19.4150333404541,65.22338104248047,84.63841247558594,41.71184539794922,126.15400695800781,257.5567932128906,453.0007019042969,878.42333984375
MY_0p5_1.2500_109.7500,109.75,1.25,1985-04-01,1985,4,248.01999875723595,114.86931665259674,145.71520793868837,50.65881320080126,103.4766180199313,154.135423591338,42.83412106065865,129.44594141948656,264.092480027532,465.2982648366905,901.6708006341775
MY_0p5_1.2500_110.2500,110.25,1.25,1985-04-01,1985,4,289.08020131468317,113.04050625245084,143.7538063903573,49.03657892588023,123.28110686784548,172.31769134639316,42.85608060387572,129.40982002641246,263.4634660993304,461.79879690045107,897.528157709188
MY_0p5_1.2500_110.7500,110.75,1.25,1985-04-01,1985,4,315.4463769337487,114.41476568797277,145.8595450749473,47.12257609291682,103.67055041600787,150.79313088068884,42.87412961929563,129.5339575389075,264.16693347749253,465.1940003410218,901.769044906374
MY_0p5_1.2500_111.2500,111.25,1.25,1985-04-01,1985,4,322.23503488168933,113.9573185832356,140.0971365249195,50.474652128859454,114.78438441364912,165.25903656688365,42.88572823277678,129.55092360036443,264.1071615493336,464.60102273861827,901.1448235557485
MY_0p5_1.2500_111.7500,111.75,1.25,1985-04-01,1985,4,319.92349436926463,112.74225519573876,128.55622088719926,57.104699452718094,121.11790236215742,178.22260126991875,42.87323960803804,129.51080903552827,263.9667523096478,463.93925839378716,900.290072002108
MY_0p5_1.2500_112.2500,112.25,1.25,1985-04-01,1985,4,309.5674196814522,111.54111194126496,126.45645586972309,52.115317446326245,115.5464427967362,167.6617581904842,42.834721599133495,129.38837359278335,263.6723216100392,463.14696831872624,899.0424027031448
MY_0p5_1.2500_112.7500,112.75,1.25,1985-04-01,1985,4,295.99164009094244,110.63877360026041,124.53573067982992,45.74287041028341,110.91705576578777,156.65992800394693,42.74442346890768,129.0447066624959,262.580467859904,459.3784580230713,893.7480608622233
MY_0p5_1.2500_113.2500,113.25,1.25,1985-04-01,1985,4,282.69922511888586,109.70755820896315,124.12593642525052,45.318626005753224,110.96014682935632,156.27877011506453,42.72092308376146,128.94007926609203,262.1933553944463,457.9294242527174,891.7837726095448
MY_0p5_1.2500_113.7500,113.75,1.25,1985-04-01,1985,4,317.0746644915956,108.47026651555841,124.52914330453584,48.3749345143636,124.57215025930692,172.94708436908144,42.80430293805671,129.1715958335183,262.5827232129646,458.4638949307528,893.0225178111683
MY_0p5_1.2500_114.2500,114.25,1.25,1985-04-01,1985,4,387.5271017699115,105.76643621394065,126.98449382950774,55.728983651220275,148.07461169757676,203.80360615147956,42.971937128927856,129.67408954991706,263.62763693480366,460.7737977694622,897.0474648264659
MY_0p5_1.2500_114.7500,114.75,1.25,1985-04-01,1985,4,436.91804455172627,101.99880661502961,125.65719801379788,80.6641112296812,193.41250610351562,274.07662570091986,43.21348670221144,130.38168876401838,264.9871225664692,463.2690764396421,901.8513537991432
MY_0p5_1.7500_102.7500,102.75,1.75,1985-04-01,1985,4,192.25655841300502,119.17355582727255,127.3255226612091,10.215552300214766,26.927668571472168,37.14322006702423,40.72920775413513,122.32868957519531,249.74339675903317,438.6308765411377,851.4321804046631
MY_0p5_1.7500_103.2500,103.25,1.75,1985-04-01,1985,4,200.67668446426686,115.44919064790588,128.74383239746092,15.370730600357057,39.60730298995971,54.978033256530765,40.78807624816895,122.43790233612062,249.97247909545902,439.40563949584964,852.604105834961
MY_0p5_1.7500_103.7500,103.75,1.75,1985-04-01,1985,4,200.3468455061128,113.47913768623448,118.48179360884652,16.79591957225075,41.28243712232083,58.07835700240316,40.71697093867049,122.33338522609277,249.49571986138065,437.36802625052536,849.9141030613379
MY_0p5_1.7500_104.2500,104.25,1.75,1985-04-01,1985,4,195.1059965133667,113.19870162010191,111.65854656603909,18.10222792810248,44.678739118945686,62.780966292980104,41.65505324962527,125.90825363277465,256.57772259379544,448.84665295504783,872.9876794149709
MY_0p5_1.7500_109.7500,109.75,1.75,1985-04-01,1985,4,246.20646348110466,115.08829870889352,145.70556640625,50.87944793701172,102.06060791015625,152.94004821777344,42.83397674560547,129.4512176513672,264.1348571777344,465.51751708984375,901.9375610351562
MY_0p5_1.7500_110.2500,110.25,1.75,1985-04-01,1985,4,278.0221735064903,114.72001663362137,144.8477778307257,60.63274752774978,115.71093211454503,176.34368251861736,42.86886386565346,129.51255055799842,264.007931469596,464.2168060139539,900.6061339352858
MY_0p5_1.7500_110.7500,110.75,1.75,1985-04-01,1985,4,307.0079359574751,114.90617994828656,148.24849472045895,43.70252037048339,87.51639289855957,131.2189208984375,42.83704261779784,129.46796340942382,264.3059875488281,466.54539184570314,903.1563720703124
MY_0p5_1.7500_111.2500,111.25,1.75,1985-04-01,1985,4,311.6814996628534,114.06865733313181,142.63545411575672,48.86236199667288,104.79440534724746,153.6567732700082,42.865465527911525,129.50633580407433,264.1555445471476,465.3441860465116,901.8715102084849
MY_0p5_1.7500_111.7500,111.75,1.75,1985-04-01,1985,4,312.72122308272344,112.56433274474321,130.79479405849793,59.04898385156558,110.01985972440693,169.06884683536572,42.834023318713214,129.3996616315238,263.8217190126829,464.0521845757206,900.1076123201392
MY_0p5_1.7500_112.2500,112.25,1.75,1985-04-01,1985,4,306.32742454892116,111.63453449067613,128.05572846427796,54.7510619996086,115.95439646887401,170.70546317933096,42.81340163700164,129.3070940290179,263.42760310097344,462.3314468625992,897.879558454241
MY_0p5_1.7500_112.7500,112.75,1.75,1985-04-01,1985,4,298.02899460565476,111.5634798806811,127.57780720544238,48.47170614817785,108.62130812387618,157.0930168999566,42.76237726362924,129.14462231832837,263.0247309609065,461.19235142299107,896.1240782722595
MY_0p5_1.7500_113.2500,113.25,1.75,1985-04-01,1985,4,287.69567900158114,111.43894694494823,127.83881172301278,50.86597493489583,110.906223042806,161.77219378758988,42.78707616896857,129.19644726950025,263.03041323707214,460.90805673750623,895.9219757564483
MY_0p5_1.7500_113.7500,113.75,1.75,1985-04-01,1985,4,322.7489173525856,110.1169911702474,126.82812131851439,53.80079526144361,123.6893072461325,177.49009704589844,42.81071454002743,129.22246093750002,262.8314241923983,459.46528436569946,894.3298956008184
MY_0p5_1.7500_114.2500,114.25,1.75,1985-04-01,1985,4,393.73442218114457,107.14174022371807,129.42655038984992,59.80619669111948,148.28629193987163,208.09249790736604,42.967489890446736,129.68565339587983,263.75441226050964,461.3589347718254,897.7664876302083
MY_0p5_1.7500_114.7500,114.75,1.75,1985-04-01,1985,4,432.9027672011617,104.76428479604772,128.9437815611844,76.91231951935922,180.95932552357414,257.87165318622493,43.14629213797614,130.2250665852443,264.8415914743058,463.5352631405845,901.7482353566224
MY_0p5_2.2500_101.7500,101.75,2.25,1985-04-01,1985,4,180.92682331740252,121.58261609318282,135.61437695435802,12.306756395282168,13.882949694238528,26.189706917965054,41.26915105183919,124.39785674124052,253.201806270715,441.59522378324255,860.4640515260022
MY_0p5_2.2500_102.2500,102.25,2.25,1985-04-01,1985,4,178.20971175928437,120.7853427503668,131.98146480578555,10.137687436701578,18.7188838931362,28.856571425661517,41.11450334028764,123.81211060884465,251.99685077575975,439.2576850270541,856.1811301491477
MY_0p5_2.2500_102.7500,102.75,2.25,1985-04-01,1985,4,180.30542291568804,119.271768449228,131.68678455111348,10.354210289218758,18.83435170559943,29.18856173527391,41.28663636461089,124.37806873080096,253.61107017420514,444.20114319233954,863.4769246548036
MY_0p5_2.2500_103.2500,103.25,2.25,1985-04-01,1985,4,183.53946833534846,115.26971028645832,131.01420031350756,12.795040599883551,25.57362476530529,38.3686648050944,41.481277659582716,125.06836252363901,254.48504638671875,443.5353491404699,864.5700478205605
MY_0p5_2.2500_103.7500,103.75,2.25,1985-04-01,1985,4,180.85530152401682,114.43114980923926,128.75140923968814,12.093871556298206,15.9757282305572,28.06960008912167,40.95850788698358,123.34338759082858,250.4643258822166,433.77428681971656,848.5405000331039
MY_0p5_2.2500_104.2500,104.25,2.25,1985-04-01,1985,4,174.74758799483138,114.6721905343901,130.90546196551364,11.648037335104194,8.417229475068652,20.065267420997305,41.21287382141618,124.43426948736523,252.61218400435018,436.7173484613088,854.9766704464748
MY_0p5_2.2500_104.7500,104.75,2.25,1985-04-01,1985,4,154.4909210205078,115.10822296142578,,,,,,,,,
MY_0p5_2.2500_109.7500,109.75,2.25,1985-04-01,1985,4,240.02945389286162,115.35447569816343,,,,,,,,,
MY_0p5_2.2500_111.2500,111.25,2.25,1985-04-01,1985,4,303.3331081867218,113.76503759622574,134.78261319328755,81.06295114405013,102.43145673415239,183.49440787820254,42.8328426024493,129.47981127570657,264.3645037482766,466.46183731976674,903.1390344956341
MY_0p5_2.2500_111.7500,111.75,2.25,1985-04-01,1985,4,303.9051049610925,113.78641003805495,134.57269432431173,76.86214088561043,105.30580083453465,182.1679441421751,42.83978146749829,129.4923329186818,264.35074249751983,466.2815780397445,902.9644614567833
MY_0p5_2.2500_112.2500,112.25,2.25,1985-04-01,1985,4,303.6005078512525,113.67387690468439,133.7652361673022,67.79680051046704,116.22493756006632,184.02174329000806,42.85096590556795,129.49268629286024,264.1717569018167,465.1691273522755,901.6845385354663
MY_0p5_2.2500_112.7500,112.75,2.25,1985-04-01,1985,4,303.6673061794705,113.42379116482205,133.80024375310018,64.52421183510432,121.08955330016121,185.61376904684397,42.874058266291534,129.53626335991754,264.1304791162885,464.64258781312,901.1833823552207
MY_0p5_2.2500_113.2500,113.25,2.25,1985-04-01,1985,4,304.1049532451327,113.34451984223867,134.445159476144,69.04794570680649,125.8787528143989,194.92669832744295,42.931094832647425,129.68250538659476,264.33696570017986,464.884147716704,901.8346995520213
MY_0p5_2.2500_113.7500,113.75,2.25,1985-04-01,1985,4,334.95825359489345,111.39143021499054,131.62252851075763,69.58149824263175,133.84397465669656,203.42546496813813,42.85552034498771,129.38288676587842,263.2898597234412,460.8166504871996,896.3449249267579
MY_0p5_2.2500_114.2500,114.25,2.25,1985-04-01,1985,4,389.8897293333023,108.79311976357111,132.15568198552208,68.90756918286519,150.41069156707277,219.3182654971168,42.929322875492154,129.5986512199281,263.66278008355033,461.2932967897445,897.4840456039186
MY_0p5_2.2500_114.7500,114.75,2.25,1985-04-01,1985,4,430.0939538771107,105.92162660168063,130.57795420000633,92.7143522693265,181.65618113856164,274.3705268613754,43.14158946621803,130.23039929789883,264.91636293472783,463.85548725743445,902.143856516192
MY_0p5_2.2500_115.2500,115.25,2.25,1985-04-01,1985,4,454.68896484375,104.31390380859375,128.0822296142578,106.15148162841797,192.25332641601562,298.4048156738281,43.23270797729492,130.48199462890625,265.3946533203125,464.920166015625,904.0294799804688
MY_0p5_2.7500_101.2500,101.25,2.75,1985-04-01,1985,4,180.53843688964844,119.61561584472656,131.58631896972656,17.2239933013916,26.025211334228516,43.249202728271484,42.020774841308594,127.204345703125,260.2826232910156,459.42584228515625,888.93359375
MY_0p5_2.7500_101.7500,101.75,2.75,1985-04-01,1985,4,177.72682923661898,118.84882049560545,122.38102164528586,17.17319760756059,48.59909627047451,65.77229766152121,41.7121516418457,125.97840132279828,256.362982899059,447.3597914817116,871.4133216441761
MY_0p5_2.7500_102.2500,102.25,2.75,1985-04-01,1985,4,170.42239064016158,117.88278091333474,136.06743660702068,9.638093854211697,17.336735330569514,26.974828707944056,41.478233799053605,125.13424330304382,253.8259263251238,438.87539138307994,859.3137846539735
MY_0p5_2.7500_102.7500,102.75,2.75,1985-04-01,1985,4,166.90651292438747,118.35986692694169,135.00739906407608,9.97421229338344,7.368452102323121,17.342664501335047,41.553419040728215,125.4859941699837,255.2299351752559,444.07958192463167,866.348932000655
MY_0p5_2.7500_103.2500,103.25,2.75,1985-04-01,1985,4,168.03473381479833,116.44649104707561,126.21463491354778,10.165939826114922,8.009669461827368,18.175609770853807,40.37777445118899,121.2520072110899,245.95051691334717,424.93667398440607,832.5169920708723
MY_0p5_2.7500_103.7500,103.75,2.75,1985-04-01,1985,4,166.94408927585766,116.21550216674802,120.4588085473408,8.640032183739446,4.170772906272642,12.810805641561062,39.22829289590159,117.22811682213286,237.41750388431112,408.0931770570816,801.9670899562573
MY_0p5_2.7500_104.2500,104.25,2.75,1985-04-01,1985,4,162.3403540218578,115.24508891386147,129.44337463378906,6.748995780944824,2.074176549911499,8.823172569274902,40.82392120361328,123.2284927368164,249.87954711914062,430.223876953125,844.1558227539062
MY_0p5_2.7500_111.2500,111.25,2.75,1985-04-01,1985,4,295.6283941860857,113.97796299375337,138.4039701573989,77.34558531817268,95.00795880485983,172.35353941075942,42.77005206837374,129.30332318474265,264.0311871696921,465.78010738597203,901.8846597110523
MY_0p5_2.7500_111.7500,111.75,2.75,1985-04-01,1985,4,297.77112291680004,114.47498531028873,137.99696692104996,76.76225875986032,100.58899011283084,177.3512485767233,42.80945493435037,129.4084186553955,264.20826010868467,466.07371415763055,902.499855567669
MY_0p5_2.7500_112.2500,112.25,2.75,1985-04-01,1985,4,303.167800227298,114.93019002600562,137.93631398518878,76.81092241923014,114.04837262471516,190.85929478963217,42.866175982157394,129.55745834350583,264.4108711751302,466.1277529907226,902.9622668457031
MY_0p5_2.7500_112.7500,112.75,2.75,1985-04-01,1985,4,310.6175975558124,115.10473567624635,137.340539232085,85.84970529773567,137.405871137788,223.25557819801037,42.956979232498355,129.79907583888573,264.71077757243864,465.95531019379814,903.4221442500248
MY_0p5_2.7500_113.2500,113.25,2.75,1985-04-01,1985,4,318.6256786528088,114.91165979778955,137.20345197405132,89.60960325210813,141.96377510191903,231.57338121202255,42.9676637074304,129.8204316154359,264.6984618171813,465.6971218532986,903.1836636982265
MY_0p5_2.7500_113.7500,113.75,2.75,1985-04-01,1985,4,346.2120031854909,113.4310017239516,135.55017468883733,90.97084592102439,141.45028317202429,232.42112693057697,42.90689957977101,129.57119104664795,263.86500636787173,462.73363694112015,899.0767038916326
MY_0p5_2.7500_114.2500,114.25,2.75,1985-04-01,1985,4,389.0498514296133,110.26586416703236,133.17780221866656,92.61305451694923,162.21314340905298,254.82620760760727,42.991772036009195,129.7735952063452,263.98711762247206,461.9032574424261,898.6557155560843
MY_0p5_2.7500_114.7500,114.75,2.75,1985-04-01,1985,4,421.1907146478155,109.69657820197428,132.30069445956286,114.63105589265275,189.3456483585819,303.9767054661064,43.18393690267186,130.35582320097902,265.18498249418417,464.5002460844198,903.2249676163789
MY_0p5_2.7500_115.2500,115.25,2.75,1985-04-01,1985,4,437.74605580922713,105.79496263383746,125.52006578875017,88.59706060736028,172.49747322701117,261.09453644623625,43.09849713299725,130.03932904767558,264.22757590354024,461.341016064893,898.7064252973677
MY_0p5_3.2500_101.2500,101.25,3.25,1985-04-01,1985,4,176.09151713053387,118.97698039489032,140.7123518175652,20.366655238407596,35.5206739373708,55.8873285820512,42.24819686533412,127.86351042869956,261.528146587921,461.61977923797724,893.2596328675979
MY_0p5_3.2500_101.7500,101.75,3.25,1985-04-01,1985,4,173.9627604358601,113.9591264663988,125.96569518071071,16.851996765015233,62.74414973653808,79.59614674149046,41.832096148448386,126.28707513991438,256.63229608232047,445.9844394367971,870.7358781365073
MY_0p5_3.2500_102.2500,102.25,3.25,1985-04-01,1985,4,160.87341681586372,116.43192128983756,139.09798390221974,9.854543763115291,18.801866655501108,28.656410132514107,41.5777602665008,125.47637983049665,254.7848157125806,441.7854617164248,863.6244270445808
MY_0p5_3.2500_102.7500,102.75,3.25,1985-04-01,1985,4,154.08056790315652,117.33723430392108,133.32299032090586,7.8721118923984,5.425002752980099,13.297114402432983,41.07498883597457,123.92818764795231,251.37521516824066,434.2191640153715,850.5975575507442
MY_0p5_3.2500_103.2500,103.25,3.25,1985-04-01,1985,4,154.90763024942106,117.39817705682513,119.6603001150324,8.048809803269974,3.8103588734076936,11.859168534170145,39.216528032035704,117.17467856640148,237.34060524806918,408.2990838961027,802.0308927355838
MY_0p5_3.2500_112.2500,112.25,3.25,1985-04-01,1985,4,303.690273030599,115.4361826578776,139.45943806966147,75.73048587375217,105.76070488823785,181.4911875406901,42.83696602715386,129.48128255208334,264.3234266493056,466.24449123806426,902.8861802842882
MY_0p5_3.2500_112.7500,112.75,3.25,1985-04-01,1985,4,317.14020809050527,116.21015481025941,140.4778009633549,90.98813491571146,132.33709191494302,223.32522908195122,42.94169416583952,129.76939404597047,264.71771790551355,466.2313359995357,903.6601452436604
MY_0p5_3.2500_113.2500,113.25,3.25,1985-04-01,1985,4,332.35008641293166,116.6173124958698,142.2267853707978,95.71160946470319,129.93502778717968,225.64663915923148,42.88449329318422,129.62411984530362,264.52260057853925,465.9929030447295,903.0241095803001
MY_0p5_3.2500_113.7500,113.75,3.25,1985-04-01,1985,4,356.4941916813926,116.09898076133122,139.82959468781002,100.7220990377759,139.30122869582402,240.02332773359996,42.91442057291667,129.66401270306298,264.3929893856956,465.0400602794828,902.0114656963045
MY_0p5_3.2500_114.2500,114.25,3.25,1985-04-01,1985,4,391.3762922347731,114.67456863792077,135.4578930800128,112.81996266553357,172.21166875559814,285.0316441043927,43.04565824520815,129.94238796355617,264.38423506621336,462.95523547518786,900.3275080395352
MY_0p5_3.2500_114.7500,114.75,3.25,1985-04-01,1985,4,408.9437635871256,115.52400076313384,135.90199236049773,117.38512635686597,182.96407308396263,300.34920943922305,43.142056046018176,130.25245992089532,265.07219185798795,464.5770520252787,903.0437400477708
MY_0p5_3.2500_115.2500,115.25,3.25,1985-04-01,1985,4,411.73954212816454,109.12440662142596,122.24836540222165,68.55276104166536,155.44391970091226,223.99668338630772,42.94766752025749,129.59138025211382,263.2659666809854,458.88811280455775,894.693156761459
MY_0p5_3.2500_115.7500,115.75,3.25,1985-04-01,1985,4,426.49518028002103,105.14074192690045,116.99828587221296,81.09223835120041,163.89432894245962,244.98656832234244,43.106273779708346,130.0358687840151,264.1283583051703,461.0532398009569,898.3237716160463
MY_0p5_3.7500_100.7500,100.75,3.75,1985-04-01,1985,4,173.6553192138672,120.19635772705078,144.84725952148438,22.491329193115234,56.76081848144531,79.25215148925781,42.48166275024414,128.54849243164062,262.86785888671875,464.1959533691406,898.093994140625
MY_0p5_3.7500_101.2500,101.25,3.75,1985-04-01,1985,4,179.67011517580315,116.12854840917495,145.92314251649728,24.800520517293688,57.37454665594502,82.17506616092423,42.34260473899471,127.99480475268318,261.04314217675466,458.0265357748976,889.4070894803045
MY_0p5_3.7500_101.7500,101.75,3.75,1985-04-01,1985,4,176.59984078126797,109.93758759225251,134.91783564865213,12.052110872450909,35.480238325276964,47.532350254666284,41.49475651637765,125.12865173437037,253.50333453135895,436.94687035433054,857.0735928480793
MY_0p5_3.7500_102.2500,102.25,3.75,1985-04-01,1985,4,158.89583996969554,111.35284031459264,135.87969568646145,8.30665269730583,15.524419848124186,23.831072459145197,41.21326138935392,124.24364950997489,251.55227268763952,433.03614453512523,850.0453295510913
MY_0p5_3.7500_102.7500,102.75,3.75,1985-04-01,1985,4,147.5391665019686,115.30411122639973,128.8325216141958,6.403819185589987,6.7500021767994705,13.15382113078284,40.87589437091161,123.24093000623914,249.51068192739336,429.000356813461,842.6278564453124
MY_0p5_3.7500_103.2500,103.25,3.75,1985-04-01,1985,4,145.28238054860637,116.26491367294494,118.61914131314147,6.7591033112769034,6.525070046911053,13.284173550325283,40.356614400826246,121.39419600542854,245.8572754504634,422.8093474743413,830.4174242206649
MY_0p5_3.7500_113.2500,113.25,3.75,1985-04-01,1985,4,339.44561862945557,118.40702056884767,143.73423892161887,91.36062109274943,120.24784575915729,211.60846422539385,42.87115872492556,129.5996508989178,264.55452540663424,466.4206467925526,903.4459858878714
MY_0p5_3.7500_113.7500,113.75,3.75,1985-04-01,1985,4,360.5343289873015,119.0536636836945,138.7053470549846,88.00028855900935,129.00150064511595,217.0017922410687,42.91212379430876,129.6995743439807,264.6591650706665,466.3155621278633,903.5864384228358
MY_0p5_3.7500_114.2500,114.25,3.75,1985-04-01,1985,4,385.9772747076592,119.21840575687469,136.22336309523808,87.53331579783607,143.8958933027964,231.42921249147443,42.98481061420743,129.85298776777964,264.70668751550096,465.603679547991,903.1481978159102
MY_0p5_3.7500_114.7500,114.75,3.75,1985-04-01,1985,4,388.2214600578187,118.89093656994046,137.13898819211929,104.6335048251682,167.20359041728668,271.8370856391059,43.079666585770866,130.12056879921565,265.1051787845672,465.75477934337795,904.0601975213915
MY_0p5_3.7500_115.2500,115.25,3.75,1985-04-01,1985,4,374.7823478577629,110.15617167154949,120.86175113254122,57.68189728752015,138.38011973547557,196.06202116466704,42.88462214394221,129.37211773584758,262.70741586836556,457.5162773011222,892.4804077148438
MY_0p5_3.7500_115.7500,115.75,3.75,1985-04-01,1985,4,392.51953783652766,103.88635462479625,119.80473470344816,77.54835872512928,176.39200268203402,253.94036656661,43.171989660468896,130.207996615403,264.3653327338129,461.0734797415973,898.8187853037881
MY_0p5_4.2500_100.7500,100.75,4.25,1985-04-01,1985,4,207.35157823562622,118.97477055346872,143.4273857895209,26.0189831402837,50.84084338752592,76.85982167769454,42.3277341725875,128.04710319674746,261.65489763532366,461.0279859893177,893.0577126016423
MY_0p5_4.2500_101.2500,101.25,4.25,1985-04-01,1985,4,201.9010134556497,110.57724054907538,138.19615615553158,22.996516725819586,71.26659576756181,94.26311480771206,42.10907943385423,127.12553806669393,258.41570996327005,449.3623640704307,877.0126966731565
MY_0p5_4.2500_101.7500,101.75,4.25,1985-04-01,1985,4,185.38718112801362,110.28476417712129,140.90054881915498,14.066611765291748,20.814714709029033,34.88132665713375,41.56029051028121,125.35734845731207,254.22702387118113,439.51848721732733,860.6631551626773
MY_0p5_4.2500_102.2500,102.25,4.25,1985-04-01,1985,4,163.0605858263497,113.9827246864002,134.23222692325092,7.42149816762906,8.185215197432157,15.606713200529546,40.996226106588836,123.49177190518608,249.5676279281275,427.9128769944652,841.9685093693842
MY_0p5_4.2500_102.7500,102.75,4.25,1985-04-01,1985,4,146.07443120677,114.07930566095241,120.29448255308117,6.536559513420057,11.807182056888655,18.343740812532463,40.72748913127147,122.6550858370058,247.58702009650554,422.8216607160629,833.791260154384
MY_0p5_4.2500_103.2500,103.25,4.25,1985-04-01,1985,4,136.61110961672816,116.65433839804618,113.61630020407436,5.664328648238232,8.421790991926025,14.086119369347337,40.728659520165856,122.7660949388032,248.48131452287947,426.5446515764509,838.5207011259391
MY_0p5_4.2500_113.7500,113.75,4.25,1985-04-01,1985,4,364.1438363695902,121.22732676881735,134.32751637584758,64.63779924500665,108.93336630767247,173.57116353736734,42.7369287958685,129.21320890030773,263.82354765118293,464.9045617445461,900.6782485674013
MY_0p5_4.2500_114.2500,114.25,4.25,1985-04-01,1985,4,371.9053131486581,121.57616677891794,133.0846420347,63.14075318266527,104.92963444772376,168.07038696760378,42.71532276698522,129.15413050117644,263.74999646514544,464.9364898563813,900.5559369532759
MY_0p5_4.2500_114.7500,114.75,4.25,1985-04-01,1985,4,362.06311442057296,120.92361389160156,136.09414967854818,103.53297993977866,148.41818328857423,251.95115112304694,42.987262115478515,129.8680646769206,264.732421875,465.52335917154954,903.111123046875
MY_0p5_4.2500_115.2500,115.25,4.25,1985-04-01,1985,4,333.9224857754177,114.96025008625456,125.81267555554709,59.17861885494657,120.66072816318935,179.83935027652316,42.79462831550175,129.0412317381965,261.65598413679334,454.08983029259576,887.5816427866619
MY_0p5_4.2500_115.7500,115.75,4.25,1985-04-01,1985,4,346.3583662647313,106.46046354649432,122.38125108621894,67.07193179373014,155.57280051021255,222.64473628674526,43.02422614663335,129.69091889979478,262.9161682128907,456.75550919872217,892.3868058544094
MY_0p5_4.2500_116.2500,116.25,4.25,1985-04-01,1985,4,407.935105486614,113.00855492382516,126.7723707338659,156.68120658688431,263.6637447636301,420.3449511644317,43.550470421953904,131.25145926126623,266.12998031988377,463.6580922196552,904.589991499738
MY_0p5_4.2500_116.7500,116.75,4.25,1985-04-01,1985,4,442.83884725405306,116.93419532555377,126.02715645497936,194.06463870009932,301.5745622932567,495.6391936726652,43.68816313991657,131.63304341046108,266.797297659637,464.6840959670227,906.8026056014044
MY_0p5_4.2500_117.2500,117.25,4.25,1985-04-01,1985,4,466.56798209131296,119.52644064574118,124.8209412161228,148.5625211327477,220.79943449307336,369.36195549078747,43.34782678047113,130.71596493341227,265.4524622554273,463.9353046248445,903.4515656327779
MY_0p5_4.2500_117.7500,117.75,4.25,1985-04-01,1985,4,432.0582270173946,118.72016085111177,117.27677337124817,70.29110996539775,89.43044830387475,159.72155826927252,41.06535689851158,122.85918618878749,248.87381907406015,431.65552709856604,844.4538845486112
MY_0p5_4.2500_118.2500,118.25,4.25,1985-04-01,1985,4,336.4688146044637,116.90170176545084,108.09401503641895,19.330001454444453,13.647010617954718,32.977011698826104,37.64250513550583,110.69957480460975,223.2187584555073,382.30903188134454,753.869881988331
MY_0p5_4.2500_118.7500,118.75,4.25,1985-04-01,1985,4,281.76821673357927,116.08596010561344,104.11038208007812,13.536432266235352,2.6710822582244873,16.2075138092041,35.878387451171875,104.36869812011719,210.21571350097656,358.74053955078125,709.203369140625
MY_0p5_4.7500_100.2500,100.25,4.75,1985-04-01,1985,4,229.3938429090712,120.14374372694229,,,,,,,,,
MY_0p5_4.7500_100.7500,100.75,4.75,1985-04-01,1985,4,225.9111959379013,116.36655935579843,136.12332953476323,19.364751947604542,42.67365936341324,62.03841153586782,41.80474065765132,126.26552708943686,256.74463628753415,446.3335666811563,871.1484563563896
MY_0p5_4.7500_101.2500,101.25,4.75,1985-04-01,1985,4,212.80205579854675,107.84768686445932,125.3864269196041,18.114327984764465,46.93846276298402,65.05279077196879,41.53290949019175,125.2306357731895,253.57507997543095,436.243844749814,856.5824720594618
MY_0p5_4.7500_101.7500,101.75,4.75,1985-04-01,1985,4,188.5781086721238,111.19265083434091,134.33158685593378,16.341782130892316,21.537646237630693,37.87942674424914,41.320156388055715,124.49700227767703,251.67059578062998,431.8979966905382,849.3857445126488
MY_0p5_4.7500_102.2500,102.25,4.75,1985-04-01,1985,4,159.9492758614676,115.39208875383649,123.47259165445966,10.895891789027623,15.87852428072975,26.774416024344312,41.00511180332729,123.4598179408482,249.14124668666298,425.6738975888207,839.280069405692
MY_0p5_4.7500_102.7500,102.75,4.75,1985-04-01,1985,4,138.96037020349195,115.74203532516573,114.9609370383487,7.820376778863795,15.492222931734313,23.312599710598107,40.9461237306048,123.33419066022155,249.1824472998357,426.58794417654616,840.05071788229
MY_0p5_4.7500_103.2500,103.25,4.75,1985-04-01,1985,4,128.41413470806103,118.63945366019635,105.26675873928845,6.837799837668444,11.637319365110786,18.475119200139908,39.31139083806,117.52675392179034,237.58813684892834,406.73357422325455,801.1598476958893
MY_0p5_4.7500_103.7500,103.75,4.75,1985-04-01,1985,4,121.54634776868319,120.36927032470703,93.60106698568765,6.461236551210478,4.84191735069473,11.303153892616173,35.74134108308074,104.51568494524274,211.5868401465478,363.05457018567364,714.8984359146713
MY_0p5_4.7500_113.7500,113.75,4.75,1985-04-01,1985,4,330.23663330078125,123.14093017578125,,,,,,,,,
MY_0p5_4.7500_114.2500,114.25,4.75,1985-04-01,1985,4,330.23663330078125,123.4455680847168,134.79391479492188,61.2899284362793,93.48555755615234,154.77548217773438,42.60995864868164,128.86669921875,263.25970458984375,464.11663818359375,898.8529663085938
MY_0p5_4.7500_114.7500,114.75,4.75,1985-04-01,1985,4,317.3035042055191,125.16217680900328,140.0559577531712,97.68123901531261,133.238942341138,230.92016888690256,42.95663562897713,129.755366991925,264.3878577447707,464.53845050770747,901.6383063203546
MY_0p5_4.7500_115.2500,115.25,4.75,1985-04-01,1985,4,292.90132872263587,123.21176759401953,136.77371788024897,42.96019280950227,85.49646308024722,128.45665438969928,42.4816770752271,127.98216295242307,258.8435362974802,446.4126936594644,875.7200695673624
MY_0p5_4.7500_115.7500,115.75,4.75,1985-04-01,1985,4,303.10182223849824,115.06132410443017,129.79212244427393,42.77240915449839,81.31100686693948,124.08341849190846,42.33802066379123,127.44113333565848,257.2912519182478,442.26435963464155,869.334764656188
MY_0p5_4.7500_116.2500,116.25,4.75,1985-04-01,1985,4,344.3960388183593,113.9567459833054,133.28959985157798,85.02524104042656,150.6281352209666,235.65337640671498,42.88000359913658,129.19870886424226,261.6653918069506,453.79719790504083,887.5413146003842
MY_0p5_4.7500_116.7500,116.75,4.75,1985-04-01,1985,4,382.5542942481705,115.64174601397936,130.8566712005229,124.12665253651294,191.8192481511756,315.9458951829355,43.12394057648092,129.91190724433224,263.0637222483188,456.46770709073996,892.5672617079335
MY_0p5_4.7500_117.2500,117.25,4.75,1985-04-01,1985,4,417.50088433159726,117.13192107185485,126.51072862413194,99.04032282753596,153.8351023113917,252.87541886586988,42.98852641998775,129.58974529448005,262.82252022879464,457.31234586201015,892.7131235274057
MY_0p5_4.7500_117.7500,117.75,4.75,1985-04-01,1985,4,384.31053180936016,117.95630660238143,124.33683878258812,52.82889386672008,69.81568709506263,122.64458064791523,42.355999910378756,127.64356895639928,258.49320491356184,447.4712628714645,875.9640118562721
MY_0p5_4.7500_118.2500,118.25,4.75,1985-04-01,1985,4,305.4347159994308,117.8302806681724,126.2744279410971,26.173172054578313,26.511903609462724,52.68507596116571,41.63850870563756,125.29090850676727,252.68077417114876,432.89528667507466,852.5054624931298
MY_0p5_4.7500_118.7500,118.75,4.75,1985-04-01,1985,4,254.78229049489468,116.89844358420069,130.29879123349735,18.301215063167525,7.80527796624582,26.106492730635633,41.05259694932382,123.35673223567915,247.852914158302,420.86002282251286,833.1222688699071
MY_0p5_5.2500_100.2500,100.25,5.25,1985-04-01,1985,4,218.9986715151395,120.59327137676968,64.99862670898438,6.695683002471924,0.04173130914568901,6.737414360046387,26.467975616455078,70.69557189941406,140.29107666015625,230.11268615722656,467.5672912597656
MY_0p5_5.2500_100.7500,100.75,5.25,1985-04-01,1985,4,215.5072486229192,116.66786894013613,131.6944362596534,17.17025891117666,27.38559023808988,44.55585075246877,40.3309590569858,120.96996316142466,244.18638873922416,417.6602546428812,823.1475581026626
MY_0p5_5.2500_101.2500,101.25,5.25,1985-04-01,1985,4,207.8194651285807,111.48848067995102,127.05907483782086,13.501816237918913,20.82274800255185,34.32456480964781,40.885083831302694,123.07277953132751,248.06267196413071,422.414507281591,834.4350529746404
MY_0p5_5.2500_101.7500,101.75,5.25,1985-04-01,1985,4,184.0062371515165,112.46678713172865,129.89699520426953,9.27703277776196,7.56660594606096,16.84363802527167,40.4736452284892,121.77119819981282,245.11117995924252,416.1326559273301,823.4886571799113
MY_0p5_5.2500_102.2500,102.25,5.25,1985-04-01,1985,4,148.86811726564054,121.13180170241434,119.91782150754503,6.777855548129718,6.364616081213495,13.142471319550921,40.23242894555353,121.00863365610692,244.20874344163636,416.7449505070972,822.1947439400252
MY_0p5_5.2500_102.7500,102.75,5.25,1985-04-01,1985,4,126.45265123199563,120.21580340148536,109.16886291503906,6.441956895892902,8.199012380939418,14.640969257031458,39.39035269527111,117.98934240826105,238.2819539215605,407.1006456278138,802.7623282739671
MY_0p5_5.2500_103.2500,103.25,5.25,1985-04-01,1985,4,121.33486751980253,122.71189928811692,112.72167270214527,8.381433836825483,8.767849118678601,17.14928295085957,40.50195639474052,121.99604594243038,246.75154381293757,422.9165576092609,832.1661222383574
MY_0p5_5.2500_115.2500,115.25,5.25,1985-04-01,1985,4,267.2327935003466,126.48846657045426,138.50487630875386,20.829857021081644,21.35450863648878,42.18436592915019,41.096094913169985,123.34863906610208,246.80170978483608,415.8570361528241,827.1034836065575
MY_0p5_5.2500_115.7500,115.75,5.25,1985-04-01,1985,4,274.55234320905294,124.04753199710123,134.34209279205837,16.055886174864686,17.56066658900956,33.61655188091731,40.805467249983444,122.34807434082032,244.1261153398934,408.6715133408369,815.9511784957626
MY_0p5_5.2500_116.2500,116.25,5.25,1985-04-01,1985,4,300.05915591083,118.55403262754028,131.41015064867236,26.943022727966305,28.35893910444236,55.30196268347245,41.10757254347016,123.31024252010296,246.553445260736,415.19299461268173,826.1642707148685
MY_0p5_5.2500_116.7500,116.75,5.25,1985-04-01,1985,4,333.8047393605679,118.090597080279,132.8280243692519,56.756141131437275,68.1966751436644,124.95281924477105,41.86139062084729,125.78856731366507,252.86741474006746,430.86425984056683,851.381648582748
MY_0p5_5.2500_117.2500,117.25,5.25,1985-04-01,1985,4,377.6242547898065,119.8528047107515,132.81009124271452,72.2900352599129,99.81239762079149,172.10243278382316,42.25992030794658,127.18147004142638,256.68216794937376,441.06034700908356,867.1839107452877
MY_0p5_5.2500_117.7500,117.75,5.25,1985-04-01,1985,4,356.4926593114459,119.91379014272538,130.5401686411055,52.1566915602911,72.4123281569708,124.56901758587549,42.21052891564747,127.12542719765315,256.9736061701699,442.8544194297184,869.1639927455357
MY_0p5_5.2500_118.2500,118.25,5.25,1985-04-01,1985,4,281.79312312646664,118.74676559837,130.942699262291,28.408854709309377,41.00360004157776,69.41245697410243,41.98901003940849,126.47533999886481,255.78069130478394,441.29841419390056,865.543446534758
MY_0p5_5.2500_118.7500,118.75,5.25,1985-04-01,1985,4,233.73003265380862,116.46460849822513,133.54240947299533,20.314423667060005,14.1178085009257,34.43223269780477,41.20678811603123,123.88320583767361,249.24924002753363,424.771800994873,839.1110390557184
MY_0p5_5.2500_119.2500,119.25,5.25,1985-04-01,1985,4,217.60879182162347,114.12639312744139,134.58885192871094,18.333890914916992,2.928196668624878,21.262086868286133,40.834983825683594,122.64286041259766,246.07188415527344,416.54595947265625,826.095703125
MY_0p5_5.7500_100.2500,100.25,5.75,1985-04-01,1985,4,203.04287231720247,122.16021085859418,93.91014589082212,6.069681500076154,0.018213496701535558,6.087895039024702,30.496346202465368,88.07554906442624,172.50031021538132,296.1930875165747,587.2652985459074
MY_0p5_5.7500_100.7500,100.75,5.75,1985-04-01,1985,4,199.86869022429934,120.03669985816592,125.62254257202147,15.310759344100951,10.80898993146916,26.119749816258746,38.301310297648115,114.0945354207357,228.82441431681315,388.11107157389324,769.3313267008464
MY_0p5_5.7500_101.2500,101.25,5.75,1985-04-01,1985,4,197.18432617187503,118.25977334450552,133.01722543070636,17.973874197231506,15.33732828756017,33.31120400165949,40.63999344232515,122.26188140028106,246.1323464461199,418.0888108381137,827.1230540838768
MY_0p5_5.7500_101.7500,101.75,5.75,1985-04-01,1985,4,173.7077672958374,118.32937504450481,132.00525099436445,8.978958894809088,5.658733727037908,14.6376926501592,40.000620476404826,120.3562457084656,242.26678187052408,411.01762708028156,813.64127146403
MY_0p5_5.7500_102.2500,102.25,5.75,1985-04-01,1985,4,134.29739181811993,125.6495445691622,116.90015886608597,4.060025045767376,1.3423786482927371,5.402403649256285,38.6630595942539,115.95021172725794,233.86899394539472,397.719067917127,786.2013477877736
MY_0p5_5.7500_102.7500,102.75,5.75,1985-04-01,1985,4,117.10248857770648,123.4326575936623,90.07688903808594,2.868972063064575,1.6142138242721558,4.483185768127441,33.70509338378906,97.5908432006836,197.0498809814453,336.4861755371094,664.83203125
MY_0p5_5.7500_103.2500,103.25,5.75,1985-04-01,1985,4,115.97051239013672,124.86542510986328,,,,,,,,,
MY_0p5_5.7500_115.2500,115.25,5.75,1985-04-01,1985,4,248.31075032552081,126.89232101440429,137.32040405273438,6.500295162200928,0.05093512311577797,6.551230430603027,38.83823013305664,115.50874328613281,224.5643310546875,358.4336242675781,737.344970703125
MY_0p5_5.7500_115.7500,115.75,5.75,1985-04-01,1985,4,251.8283258917873,124.09955756064574,129.03158467610677,8.849735577901205,4.684023233680498,13.533758372352237,38.7797721862793,115.43653121221634,224.89653698149183,360.88491908482143,739.9977725074406
MY_0p5_5.7500_116.2500,116.25,5.75,1985-04-01,1985,4,260.48150547572544,117.84253806462364,124.87499079628597,16.586990171765525,11.89976448005154,28.48675429631793,39.26704911731538,117.11097971598306,229.7030344160776,373.4386236281622,759.5196928478423
MY_0p5_5.7500_116.7500,116.75,5.75,1985-04-01,1985,4,288.1173131549169,115.44014456612722,127.00332668243894,37.7788965739901,27.411977770971873,65.1908761221265,40.610032762799946,121.61663401770213,242.09595327225944,404.2057420518663,808.5283685593379
MY_0p5_5.7500_117.2500,117.25,5.75,1985-04-01,1985,4,327.90414043631085,121.66436818119855,132.62683192111714,44.328381270640286,27.342675354202466,71.6710582697053,41.05171941281869,123.25751483327582,247.13747307329146,418.14453288658933,829.5912329255594
MY_0p5_5.7500_117.7500,117.75,5.75,1985-04-01,1985,4,321.09511466858885,122.6697476826017,131.75946362386614,33.970403748070645,20.56982752300749,54.540231218274016,40.96579961328699,123.23408956335695,248.0897661759549,422.8307463370714,835.12039860463
MY_0p5_5.7500_118.2500,118.25,5.75,1985-04-01,1985,4,274.43546936321707,120.29431565602623,129.163307156033,30.681974538167317,12.467839203145768,43.14981372409396,40.81535803900824,122.81244530571833,247.28644714355474,421.2292011176216,832.1434418402778
MY_0p5_5.7500_118.7500,118.75,5.75,1985-04-01,1985,4,230.60218268174393,117.87588266225963,128.54461669921875,31.99222183227539,9.239906311035156,41.23212814331055,40.84754943847656,122.89871215820312,247.43435668945312,421.330322265625,832.5109252929688
MY_0p5_6.2500_99.7500,99.75,6.25,1985-04-01,1985,4,181.80737873152188,126.38703065759994,115.01700432356014,4.932972275933554,0.001077557605323057,4.934049706126368,34.77824419598247,105.59832071703535,199.76282873819042,305.41143443972567,645.5508039607558
MY_0p5_6.2500_100.2500,100.25,6.25,1985-04-01,1985,4,187.04428672790527,124.75700989365579,115.4235760124362,6.23389378567131,0.030478525080965182,6.2643722981822725,34.1470828309351,102.05947891546755,198.4298645019531,330.15114085917565,664.7875777264029
MY_0p5_6.2500_100.7500,100.75,6.25,1985-04-01,1985,4,182.65434353508084,124.55612503699815,125.44855469810457,8.65630510138729,5.408282117695192,14.064587223023524,37.963232725283355,113.79095541464315,227.04607512131622,388.8226512776379,767.62292150549
MY_0p5_6.2500_101.2500,101.25,6.25,1985-04-01,1985,4,175.81647925743687,124.25901395357573,128.0870781531701,10.529232523991514,7.633021604097806,18.16225412808932,39.442577420748194,118.46417635404147,237.74304034893333,407.90346304086535,803.5532630333535
MY_0p5_6.2500_101.7500,101.75,6.25,1985-04-01,1985,4,143.09946332659038,127.68805062430246,125.07682669503346,5.648852293831961,2.6636438884905402,8.312496137619016,39.14575740269252,117.9146288190569,237.8403398786272,404.87896554129463,799.7797119140624
MY_0p5_6.2500_102.2500,102.25,6.25,1985-04-01,1985,4,123.42571862538655,129.2272183488055,118.83135986328125,3.763413429260254,0.09298215806484222,3.8563954830169678,38.83443069458008,117.03821563720703,236.11807250976562,401.0617980957031,793.0525512695312
MY_0p5_6.2500_115.7500,115.75,6.25,1985-04-01,1985,4,232.6971182389693,123.74569875543769,132.6486358642578,7.978726387023926,0.06532491743564606,8.044051170349121,37.71005630493164,112.1323471069336,217.01235961914062,346.06793212890625,712.9227294921875
MY_0p5_6.2500_116.2500,116.25,6.25,1985-04-01,1985,4,235.5787148057369,120.69246984782973,130.17289065054334,10.232550146296159,1.3550398458074369,11.587590165075227,38.27123163030011,114.08734510648618,223.0770482134714,361.55251765986367,736.9881720857998
MY_0p5_6.2500_116.7500,116.75,6.25,1985-04-01,1985,4,246.01369410923547,118.85845990862167,128.54929954892114,17.683596786620125,3.731697968641917,21.415295853690495,39.314903598361546,117.65656336224266,233.46984809996587,387.1023043193515,777.5436304485987
MY_0p5_6.2500_117.2500,117.25,6.25,1985-04-01,1985,4,266.03323698497957,122.5405995444646,128.57741752503412,24.676303460862904,3.247201659187438,27.923505855741958,39.28438023158482,117.4764415680416,234.41299641927085,391.8510494171627,783.0248672727554
MY_0p5_6.2500_117.7500,117.75,6.25,1985-04-01,1985,4,277.04418357213336,123.97957944869998,127.65114633660569,21.93689007229275,1.2562490397988006,23.193138914498668,38.95162785401819,116.49136281152917,232.58323169730562,388.63586247315885,776.6620865314328
MY_0p5_6.2500_118.2500,118.25,6.25,1985-04-01,1985,4,278.4491560799735,124.04647963387626,128.43983159746443,15.383515289851598,0.10658804633255516,15.490103142602102,39.21882656642369,117.74344880240304,234.8937247140067,391.3555286952427,783.2115260532925
MY_0p5_6.7500_100.2500,100.25,6.75,1985-04-01,1985,4,180.39546147514793,125.77676099889418,124.80022514567656,6.673268409336314,0.05291129483820815,6.726179634823519,36.15133624918321,108.9629519406487,211.0808277130127,336.1944382611443,692.389560475069
MY_0p5_6.7500_100.7500,100.75,6.75,1985-04-01,1985,4,171.8935004340278,127.02869358769172,122.74905706334997,5.779726293351916,0.915818129700643,6.6955444018046055,36.71496087533457,109.82878847475408,216.05974607114442,369.0787771719474,731.6823007089121
MY_0p5_6.7500_116.2500,116.25,6.75,1985-04-01,1985,4,198.63044265220904,122.42859268188477,134.13032010706462,4.9940109020326195,0.6007583737373353,5.594769256870921,38.071046782702936,114.07884848990092,226.90471779427878,378.3971282214653,757.451762873952
MY_0p5_6.7500_116.7500,116.75,6.75,1985-04-01,1985,4,202.0187697948649,122.26427718997002,126.59293464992359,6.082948311515477,0.6346197419251378,6.7175680469618495,37.15596925034354,110.54395734462814,220.0071484712744,366.83196514868456,734.539043924083
MY_0p5_6.7500_117.2500,117.25,6.75,1985-04-01,1985,4,212.17224942720856,122.72471703423395,119.9441866916893,8.93406085208454,0.4670340892883529,9.401094896603476,36.375258673608826,107.59188741498289,214.30991748370957,356.9595361220098,715.2365868492464
MY_0p5_6.7500_117.7500,117.75,6.75,1985-04-01,1985,4,231.0297258165147,123.73668670654297,121.77192616462708,13.122908353805544,0.2227677794871852,13.345675945281982,36.973997473716736,109.6998574733734,218.66437196731567,363.5252170562744,728.863431930542
MY_0p5_7.2500_116.7500,116.75,7.25,1985-04-01,1985,4,154.8796633022038,121.70726975940524,119.80511826224948,3.4494013827780026,0.06035059369776559,3.509752107703168,34.91555053047512,103.44399108886718,205.5304050611413,343.53787204908286,687.4278049634851
MY_0p5_7.2500_117.2500,117.25,7.25,1985-04-01,1985,4,149.54403459703602,121.4073119292388,115.22731869346217,3.5943861735494513,0.03973749052046945,3.6341237996753897,33.96253413150185,100.31507905658921,199.22465242084704,333.4764034873561,666.9786492598683
MY_0p5_0.7500_110.2500,110.25,0.75,1985-05-01,1985,5,236.09386127178487,106.78815119816707,135.45562532865085,42.841729824359604,90.69423992450422,133.53597693810096,42.353173358623806,127.96380756084736,260.7626676119291,456.3075890174279,887.3872521033654
MY_0p5_0.7500_110.7500,110.75,0.75,1985-05-01,1985,5,267.9397966657366,109.03137108939033,142.27935289655412,56.64762229919434,105.99648088727677,162.64409375871932,42.77408670697893,129.3025240216936,263.994198172433,465.41615339006694,901.4869724818637
MY_0p5_0.7500_111.7500,111.75,0.75,1985-05-01,1985,5,303.33595881386407,105.83438740079366,126.0716091337658,67.55827174111019,120.83625975109281,188.39452907017298,42.83722444564577,129.46983070979044,264.2267707945809,465.48446316189234,902.0183115156871
MY_0p5_1.2500_103.2500,103.25,1.25,1985-05-01,1985,5,215.35761253579147,107.03799053303246,120.31116173484111,18.592488418925893,65.42948133295234,84.02196814797142,39.09528758309105,116.17600042169744,237.53219500454995,419.29408749667084,812.0975660844283
MY_0p5_1.2500_103.7500,103.75,1.25,1985-05-01,1985,5,213.35939781411182,106.32837958474761,111.93889854949654,20.218031003637222,80.97192042082258,101.18995051708036,40.3832717821436,120.98695410571052,247.3941352622023,437.03011670158907,845.7944685556356
MY_0p5_1.2500_104.2500,104.25,1.25,1985-05-01,1985,5,203.65956682477676,106.33314862932475,102.43543243408203,22.505569458007812,99.05902862548828,121.5645980834961,42.07587432861328,127.3028335571289,260.3513488769531,460.31439208984375,890.04443359375
MY_0p5_1.2500_109.7500,109.75,1.25,1985-05-01,1985,5,192.49709292492236,110.68969046351422,142.10261737869448,30.173365834247637,46.75286819274167,76.92623772678606,42.388367572462705,128.21628129338646,262.134906814759,462.6193432175969,895.35889554311
MY_0p5_1.2500_110.2500,110.25,1.25,1985-05-01,1985,5,235.23985054870377,108.29479188072177,137.07277918046046,41.86179838585578,86.98059756599338,128.84240183590921,42.42015735523121,128.18856790903456,261.37700815090346,458.2772225044869,890.2629587769969
MY_0p5_1.2500_110.7500,110.75,1.25,1985-05-01,1985,5,267.85548192584326,109.61688058035713,143.02778877379401,54.39329778277684,98.74795505584231,153.141244918581,42.76344770401242,129.28039071219305,264.02338886563734,465.82343585301965,901.890662202381
MY_0p5_1.2500_111.2500,111.25,1.25,1985-05-01,1985,5,286.1595080683407,107.92543361286006,138.18786004404674,59.84643329218173,126.43920925250072,186.28563634122904,42.882018750468006,129.59585966165076,264.4648032873965,465.99868481913325,902.9413592548798
MY_0p5_1.2500_111.7500,111.75,1.25,1985-05-01,1985,5,303.49768017965647,105.31876639714316,125.34206366160558,68.69807440137107,132.72589426192025,201.42396472749257,42.892427050878126,129.61496213882688,264.42300851004467,465.5534067305308,902.4838169642857
MY_0p5_1.2500_112.2500,112.25,1.25,1985-05-01,1985,5,318.63758501546636,102.85678205151244,121.6242261392816,84.63634529694687,138.067112724188,222.70344977209407,42.913163373918096,129.671362552546,264.4910657853644,465.4715867405615,902.547177387373
MY_0p5_1.2500_112.7500,112.75,1.25,1985-05-01,1985,5,351.70170593261724,100.28175338109334,117.35231526692708,102.35820643107097,177.34723663330075,279.70544306437176,43.06601230303446,130.0408671696981,264.7721748352051,464.2866414388021,902.1657002766926
MY_0p5_1.2500_113.2500,113.25,1.25,1985-05-01,1985,5,382.45207386846124,99.33037812606149,115.92281328284221,106.33886984120244,202.90930308466375,309.2481729258662,43.190679931640624,130.37352666440216,265.2482575789742,464.5954109523607,903.4078629203465
MY_0p5_1.2500_113.7500,113.75,1.25,1985-05-01,1985,5,396.8582756736061,98.1988292462898,114.95064203666918,116.75275137930205,215.3239228219697,332.0766751838453,43.2466166525176,130.50681998512962,265.34892018636066,464.2065253980232,903.3088818174419
MY_0p5_1.2500_114.2500,114.25,1.25,1985-05-01,1985,5,406.21589323060704,96.21647272700757,116.56376539922395,101.72057882663424,231.15506548586146,332.8756346575982,43.35058391199703,130.80353782451257,265.91259738618294,465.41120438027167,905.477950644704
MY_0p5_1.2500_114.7500,114.75,1.25,1985-05-01,1985,5,383.7941372779108,93.6018314976846,115.59817357217113,80.84928647933468,231.93493898453252,312.78423776934227,43.330706811720326,130.74070641302293,265.75260383852066,464.88403024981096,904.7080471900202
MY_0p5_1.7500_102.7500,102.75,1.75,1985-05-01,1985,5,211.41623464341984,108.20779777231797,118.55271148681639,22.889801740646362,59.89185309410095,82.7816526889801,41.10255610942841,123.38474678993225,251.74142265319824,442.75012588500977,858.9788513183594
MY_0p5_1.7500_103.2500,103.25,1.75,1985-05-01,1985,5,212.70108686174666,106.15091599276626,124.27954666137695,20.12077838897705,70.10565296173095,90.22642765045167,41.103545436859136,123.37201042175295,251.93807632446294,444.02599487304684,860.4396313476564
MY_0p5_1.7500_103.7500,103.75,1.75,1985-05-01,1985,5,211.1862241044829,105.76475565946555,116.83011581324322,20.073732430421856,69.1613400012632,89.23507147197482,41.04015502446814,123.35236052018176,251.94463589825207,443.7774336609659,860.1145703279518
MY_0p5_1.7500_104.2500,104.25,1.75,1985-05-01,1985,5,206.0274667739868,106.21442985534668,111.26830067006192,20.849264041397923,70.08566065352092,90.93492392606512,41.98418698569601,126.96671531736388,259.27415407166,456.2283221104349,884.4533540001212
MY_0p5_1.7500_109.7500,109.75,1.75,1985-05-01,1985,5,193.72549145720723,110.89236405838366,142.3562469482422,30.18844985961914,45.190635681152344,75.37908935546875,42.399173736572266,128.25442504882812,262.2496032714844,463.015625,895.9188232421875
MY_0p5_1.7500_110.2500,110.25,1.75,1985-05-01,1985,5,229.78439142462912,110.84147162389274,140.03383632394718,40.41956457862242,78.31478877756047,118.73435713008125,42.54003516620494,128.60085765818226,262.5477990135152,462.1520193171374,895.8406933463193
MY_0p5_1.7500_110.7500,110.75,1.75,1985-05-01,1985,5,267.3209963711825,110.32912826538083,143.66182861328124,50.842041397094725,80.15263328552246,130.99467353820802,42.727176856994625,129.19721755981445,264.03094482421875,466.64530181884754,902.6006164550781
MY_0p5_1.7500_111.2500,111.25,1.75,1985-05-01,1985,5,278.21439596509174,108.00073033892919,137.378721086369,52.167551014035254,122.74122034117235,174.90876542911977,42.89294261488804,129.6310331832531,264.57154782317406,466.4546666344931,903.5501586914063
MY_0p5_1.7500_111.7500,111.75,1.75,1985-05-01,1985,5,297.95586916766587,104.54450817349588,123.76788588415215,62.752170152302014,147.36042744600317,210.1125931558729,42.977035679394675,129.84554454948326,264.80175423923924,466.1060692509517,903.7303845369362
MY_0p5_1.7500_112.2500,112.25,1.75,1985-05-01,1985,5,321.7714461069258,101.8930161006867,120.0394771273174,92.42881682865205,156.10741344633556,248.53622504340277,42.99557195996481,129.8735857766772,264.69015251038564,465.1648864746094,902.7242077055432
MY_0p5_1.7500_112.7500,112.75,1.75,1985-05-01,1985,5,346.98253173828124,100.99670490083241,119.03769310845269,98.54795890687004,162.36803249782983,260.9159914046999,43.01058043222579,129.89151495070686,264.594293891059,464.4849040682354,901.9812968905011
MY_0p5_1.7500_113.2500,113.25,1.75,1985-05-01,1985,5,373.66825958736354,100.65571778312561,119.07643047514416,94.85979236421132,188.19202938988093,283.05181981646825,43.13293834867931,130.22703368171813,265.12193564763146,465.0490137493799,903.5309171161954
MY_0p5_1.7500_113.7500,113.75,1.75,1985-05-01,1985,5,391.30114920479906,99.31055985708086,117.11184900677394,102.83587297712054,217.84171815902465,320.67759254092266,43.24256740751721,130.49361882285464,265.34018670944937,464.27992989676335,903.3562953404017
MY_0p5_1.7500_114.2500,114.25,1.75,1985-05-01,1985,5,401.7691215394035,97.08466905866351,118.21176074800034,87.71172412690662,228.7463193378751,316.45803135463166,43.33179756043448,130.7521488734654,265.852554079086,465.4597754100012,905.3962995256697
MY_0p5_1.7500_114.7500,114.75,1.75,1985-05-01,1985,5,379.41062223602455,95.4741142549663,118.32532291708834,87.57827292328672,219.20831947129005,306.786585990629,43.29768533657251,130.65001192241135,265.641478069088,465.0295772256011,904.6187595505788
MY_0p5_2.2500_101.7500,101.75,2.25,1985-05-01,1985,5,212.47001509232956,108.1832996715199,121.38356727060646,27.511078266182334,50.9656183262064,78.47669751716383,41.83082168270843,126.16322889231672,257.3616157300545,452.11665452128716,877.4723011363637
MY_0p5_2.2500_102.2500,102.25,2.25,1985-05-01,1985,5,213.9267686177669,107.06748268821022,118.22281117416455,28.96078259408759,62.272047453519825,91.23282765657707,41.70487167504415,125.59689331054689,255.8503192372299,448.22863316878176,871.3806940836199
MY_0p5_2.2500_102.7500,102.75,2.25,1985-05-01,1985,5,210.8547925345505,106.69786721241624,119.96674730807918,23.306941382492646,59.93364366700378,83.24058370952366,41.79365172567247,125.91059424001958,256.9531058782264,452.1960568005525,876.8534041778951
MY_0p5_2.2500_103.2500,103.25,2.25,1985-05-01,1985,5,205.69810248480903,104.6523714580233,121.77907521081349,23.0899293324304,61.702619328574535,84.79254576667905,42.04583504086449,126.80516444614956,258.4374662853422,453.3324837820871,880.620944359189
MY_0p5_2.2500_103.7500,103.75,2.25,1985-05-01,1985,5,205.0400730456336,105.54077950170483,119.7058027881687,20.303743090872032,36.05883655709735,56.36257920346018,41.46692647125761,124.92919006347654,254.20976976297663,443.32401195461466,863.929878881422
MY_0p5_2.2500_104.2500,104.25,2.25,1985-05-01,1985,5,207.5255427166699,106.57824068146994,120.9411949599085,16.398345663527813,15.853064225724907,32.251409010453656,41.56848913775988,125.53455945479969,255.26578717192345,443.647622857212,866.0164204747224
MY_0p5_2.2500_104.7500,104.75,2.25,1985-05-01,1985,5,216.11790466308594,107.4771957397461,,,,,,,,,
MY_0p5_2.2500_109.7500,109.75,2.25,1985-05-01,1985,5,201.09849302230342,110.64934785904423,,,,,,,,,
MY_0p5_2.2500_111.2500,111.25,2.25,1985-05-01,1985,5,263.56871765851974,107.44287902116776,126.40571010813994,42.2470967909869,116.86129199757296,159.10838878855984,42.851389548357794,129.54108855303593,264.5498437320485,466.8984769933364,903.840762867647
MY_0p5_2.2500_111.7500,111.75,2.25,1985-05-01,1985,5,281.6409408327133,105.68350747729104,125.43028569297184,49.602422926161026,119.80109010726687,169.40351426866317,42.86809639098153,129.58299492730035,264.5924313499814,466.84847441173736,903.8919718424478
MY_0p5_2.2500_112.2500,112.25,2.25,1985-05-01,1985,5,311.14196903289314,103.6959497845362,122.97216290670728,72.95924714103576,128.263327898298,201.22257729182166,42.89652908567398,129.63253236800904,264.5086612761966,466.0269290984623,903.0646602570063
MY_0p5_2.2500_112.7500,112.75,2.25,1985-05-01,1985,5,333.95295216393845,102.69174075656466,123.08889220706999,81.62444918193515,132.44713439941407,214.07158561585442,42.88472325158497,129.56885555206782,264.2370420425657,464.9128343370226,901.6034530397445
MY_0p5_2.2500_113.2500,113.25,2.25,1985-05-01,1985,5,349.5212367466518,102.29815804617746,124.50294276646207,72.74451490129744,154.49546034071184,227.23997676788815,42.984287576826794,129.83613266717822,264.62809293232266,465.18076772538456,902.6292920309401
MY_0p5_2.2500_113.7500,113.75,2.25,1985-05-01,1985,5,365.87960854059537,100.06473188762425,122.43756460841699,70.77876700630672,194.19427702698528,264.97304539740844,43.11383152008057,130.11049203027653,264.60114124153233,462.9663309990606,900.7917924711977
MY_0p5_2.2500_114.2500,114.25,2.25,1985-05-01,1985,5,382.98901667519226,97.55099436442056,123.11014137873573,75.62645228552441,221.0997330438523,296.726179383293,43.285156068347746,130.59323187934024,265.4663436647445,464.48266310918893,903.8273980034722
MY_0p5_2.2500_114.7500,114.75,2.25,1985-05-01,1985,5,370.99440622637354,95.65066274827527,121.70451192548201,87.21055482433688,212.91830887333046,300.1288528934602,43.2664490607477,130.5736394082346,265.56833939090853,465.1548426474295,904.5632901099422
MY_0p5_2.2500_115.2500,115.25,2.25,1985-05-01,1985,5,335.3357238769531,94.88465881347656,121.07077026367188,77.00983428955078,140.8360137939453,217.84585571289062,42.86454772949219,129.44949340820312,263.55438232421875,461.6358642578125,897.5042724609375
MY_0p5_2.7500_101.2500,101.25,2.75,1985-05-01,1985,5,212.1215362548828,107.17218017578125,118.1376724243164,20.237411499023438,53.240821838378906,73.47823333740234,42.27788543701172,127.9288558959961,261.6977844238281,462.4775390625,894.382080078125
MY_0p5_2.7500_101.7500,101.75,2.75,1985-05-01,1985,5,214.42224731445316,105.42844615589486,108.62194696599786,27.95399375915527,82.51696380615233,110.4709600275213,42.222947276722294,127.59691159335048,260.21650956587354,457.11715320933945,887.1535402610084
MY_0p5_2.7500_102.2500,102.25,2.75,1985-05-01,1985,5,221.61967779268886,103.78275471584053,120.66491862011563,31.690081887943727,73.52510124255137,105.21517905460043,42.39333160060226,128.00390503512827,260.4963453742349,455.33144850032346,886.2250259302223
MY_0p5_2.7500_102.7500,102.75,2.75,1985-05-01,1985,5,220.70054100133194,104.54135747499105,120.10587395293803,29.29443912868258,63.39756378946425,92.69200337084034,42.483790542505965,128.39442598367037,261.9644976265822,460.86788950087146,893.7105919560298
MY_0p5_2.7500_103.2500,103.25,2.75,1985-05-01,1985,5,210.01366968823086,105.22280446435238,113.23109377721313,28.673730661914604,53.497600737650686,82.17133237753704,41.311034864680785,124.17772412148248,252.8023140779726,442.0248426692501,860.3158967813869
MY_0p5_2.7500_103.7500,103.75,2.75,1985-05-01,1985,5,205.45520523734714,106.97935555499534,108.84669325868106,22.553838641962148,25.810762183457474,48.364600889144405,40.023318172050516,119.69112983387187,243.10913725822206,422.0069364908104,824.8305031209497
MY_0p5_2.7500_104.2500,104.25,2.75,1985-05-01,1985,5,208.4727325439453,107.1000737582936,117.24098205566406,14.227765083312988,3.5466392040252686,17.774404525756836,41.264427185058594,124.51956176757812,252.6444549560547,436.55450439453125,854.98291015625
MY_0p5_2.7500_111.2500,111.25,2.75,1985-05-01,1985,5,251.5166967983904,107.36602193898169,130.4577230565688,34.41225293103386,79.14068087409524,113.55293498319737,42.65548234827378,129.00814864214732,263.72532653808594,466.05429346421187,901.4432337143842
MY_0p5_2.7500_111.7500,111.75,2.75,1985-05-01,1985,5,266.75307239469936,106.57762983978772,128.91703201162403,41.27608115097572,88.32772011592469,129.6038029440518,42.712793761286235,129.17105878632643,264.00100418616984,466.4371194510624,902.3219591338059
MY_0p5_2.7500_112.2500,112.25,2.75,1985-05-01,1985,5,289.96852778181244,105.83163688756244,128.2080736541748,52.509742431640625,90.46761408487954,142.97735626220702,42.7338282140096,129.20918563842773,263.9691780598958,466.0964948527018,902.0086836751302
MY_0p5_2.7500_112.7500,112.75,2.75,1985-05-01,1985,5,308.53337937367115,105.21660705759554,128.68026132221462,60.761790166927284,99.29138533676726,160.05317726618128,42.76112634924394,129.25377191471148,263.8784754306455,465.3014108199107,901.1947782492334
MY_0p5_2.7500_113.2500,113.25,2.75,1985-05-01,1985,5,317.682270062159,104.33131561279296,130.02148527115108,62.08052462623233,114.90846262129526,176.9889934237041,42.831976415240575,129.42906310066343,264.0604890369234,465.07750253828743,901.3990354507689
MY_0p5_2.7500_113.7500,113.75,2.75,1985-05-01,1985,5,342.8421132276012,101.65839777175029,129.67941080081235,68.71701165217503,160.53728110926926,229.2542931137571,42.992771889753406,129.79847829053355,264.22707449554633,463.25449395635326,900.2728211226737
MY_0p5_2.7500_114.2500,114.25,2.75,1985-05-01,1985,5,380.6676109410539,98.0331070574024,128.79281628282766,84.61249987686736,214.44241617902924,299.05491193940367,43.25595825533323,130.50362666649153,265.25044810621046,463.9184594456154,902.9284901679316
MY_0p5_2.7500_114.7500,114.75,2.75,1985-05-01,1985,5,383.4661744719098,97.56501663110818,128.09297680702937,95.15475359388216,234.8189445058252,329.97368675280524,43.35967165953034,130.8450255667328,266.07707301826235,466.05646393405397,906.3382531427275
MY_0p5_2.7500_115.2500,115.25,2.75,1985-05-01,1985,5,355.94636824324317,95.75117252109285,120.83894581837694,82.76430655814505,163.58199220949462,246.34630096710478,42.93772334880657,129.60569983130102,263.571097434104,460.51567558769705,896.6302171311937
MY_0p5_3.2500_101.2500,101.25,3.25,1985-05-01,1985,5,211.98035007052954,106.63338520925798,124.88981794661585,29.995616779253172,71.6212966562709,101.61691343552407,42.49898631470676,128.57860983763223,262.943896223135,464.5874883154487,898.6089985769546
MY_0p5_3.2500_101.7500,101.75,3.25,1985-05-01,1985,5,219.34086937094628,101.24274099556504,110.93355902896566,39.31827757161135,121.97868412771045,161.29696322398584,42.49723040829799,128.3182556492508,261.13594492529614,456.6384700119116,888.5898857359674
MY_0p5_3.2500_102.2500,102.25,3.25,1985-05-01,1985,5,235.90682779947915,102.04023144434369,121.7831508091518,37.15276776268369,90.0970965673053,127.24986967056518,42.62785829816546,128.76136619931177,262.37875744047614,460.48331521654876,894.251290263827
MY_0p5_3.2500_102.7500,102.75,3.25,1985-05-01,1985,5,238.4733820082266,103.85906055305577,118.26104560079452,36.561856209477284,74.45696067810059,111.01881797404228,42.49349659304075,128.3283987407443,261.34590052351166,457.9496539152121,890.1174548185323
MY_0p5_3.2500_103.2500,103.25,3.25,1985-05-01,1985,5,224.59318746262346,106.5104142477924,105.46219493356513,34.00313647639868,68.03577087601157,102.03890976300069,40.56065297825717,121.37083686058219,246.97987087386437,431.409357425056,840.3207109184141
MY_0p5_3.2500_112.2500,112.25,3.25,1985-05-01,1985,5,279.46829359266496,106.80008494059246,130.65528394911024,44.14271918402778,70.02039710150825,114.16311306423611,42.64652294582791,128.9749972873264,263.63966403537324,465.9746337890626,901.2358086480035
MY_0p5_3.2500_112.7500,112.75,3.25,1985-05-01,1985,5,287.6019095143964,106.8634478046048,133.35583933845896,50.48788133214732,76.80626484605132,127.29414542776638,42.663383390082686,128.9837251256724,263.44958095863217,464.90973925981365,900.0064312043737
MY_0p5_3.2500_113.2500,113.25,3.25,1985-05-01,1985,5,281.5592230316392,106.60683871391123,135.2721135110566,44.722940791736946,61.55898956819014,106.2819317037409,42.49973515308264,128.4432535171509,262.091771328088,461.19584632642335,894.230613708496
MY_0p5_3.2500_113.7500,113.75,3.25,1985-05-01,1985,5,321.77977595253594,104.37934032621837,133.76961408342632,63.38073359898158,107.06955255175392,170.45028645348927,42.73260276431129,129.08849383157397,263.1393568250868,462.40784708658856,897.3682971772693
MY_0p5_3.2500_114.2500,114.25,3.25,1985-05-01,1985,5,393.2241201218526,101.38314377122623,131.859647471434,94.1366696934791,186.39561870599246,280.53229561580974,43.113567874689764,130.1167639957112,264.6006939153003,462.9672409349186,900.7982776423167
MY_0p5_3.2500_114.7500,114.75,3.25,1985-05-01,1985,5,414.98811029324867,101.29418359744322,133.82738361237156,106.61204613849615,241.3022845322919,347.9143221909833,43.3630900777829,130.8511581906847,266.04721098492865,465.76695377811507,906.0284176966187
MY_0p5_3.2500_115.2500,115.25,3.25,1985-05-01,1985,5,386.2254352811017,98.26381586774994,119.76922749869429,107.55331645434416,192.13567912427683,299.68898942198933,43.06203687643703,129.9491330883171,264.11072559598125,460.97550607029393,898.0974186764488
MY_0p5_3.2500_115.7500,115.75,3.25,1985-05-01,1985,5,380.814556336135,96.6841925288854,117.45214175106435,122.1307395334994,201.14451719134044,323.27524352341555,43.045249424623634,129.95820960569918,264.38774880398523,462.3063063032171,899.6974754762115
MY_0p5_3.7500_100.7500,100.75,3.75,1985-05-01,1985,5,225.14039611816406,109.00062561035156,126.71556091308594,32.944786071777344,84.91625213623047,117.86103820800781,42.680030822753906,129.12322998046875,264.0696105957031,466.9728698730469,902.845703125
MY_0p5_3.7500_101.2500,101.25,3.75,1985-05-01,1985,5,225.5256314127969,104.61651794038545,127.50144830104988,52.009241591765274,121.28750612820622,173.29675051000896,42.73578310475766,129.18176457179788,263.6091430071488,463.7544254438777,899.2811350405796
MY_0p5_3.7500_101.7500,101.75,3.75,1985-05-01,1985,5,237.6940070881563,97.81170146480488,118.5915919504348,47.325718156851025,128.37863380286345,175.70435240921702,42.68260890207473,128.80013260568026,261.7472770350754,456.35001037986416,889.5800182561208
MY_0p5_3.7500_102.2500,102.25,3.75,1985-05-01,1985,5,253.4210776677207,98.48332371787419,118.88065040225074,47.547197674948066,115.60282587929376,163.1500272720579,42.68129277304997,128.8307867625403,262.0360852438306,457.9042722671751,891.4524425688244
MY_0p5_3.7500_102.7500,102.75,3.75,1985-05-01,1985,5,251.214111812531,102.7620885455419,113.84576333666604,48.21877067202613,107.99771660698785,156.21648612854975,42.56256710234142,128.44423033699158,261.074183000837,455.43600289481026,887.5169652545262
MY_0p5_3.7500_103.2500,103.25,3.75,1985-05-01,1985,5,231.3215243274947,105.64910992018254,104.1443780637255,49.578520561667055,123.66299629959407,173.24151976342296,42.105237534466916,126.79390905043658,257.8438330556832,450.02545692593446,876.7684268727022
MY_0p5_3.7500_113.2500,113.25,3.75,1985-05-01,1985,5,264.1420946121216,108.39861202239992,134.9600434850474,35.22667137521212,49.338834043409,84.56550673187758,42.416659058117475,128.23990243380186,261.8862819984311,461.35022973232583,893.8930834160476
MY_0p5_3.7500_113.7500,113.75,3.75,1985-05-01,1985,5,318.1696812279698,107.87946220276847,129.92122724218277,42.49074940851206,73.71238799851304,116.20314050569505,42.604068731412916,128.79361475478484,262.9961217985184,463.68280987292053,898.0766224290174
MY_0p5_3.7500_114.2500,114.25,3.75,1985-05-01,1985,5,402.2291561997588,105.77230709015376,131.95812624976747,75.50861053466797,155.66929718501984,231.1779054187593,43.058753870403955,130.0321502201141,264.9151433066716,465.6895344083271,903.6955705915178
MY_0p5_3.7500_114.7500,114.75,3.75,1985-05-01,1985,5,427.20919547913564,104.2427467951699,134.064426894415,120.60223635718934,240.62211860777836,361.2243532211061,43.386527458069814,130.93538861955915,266.31113969106525,466.75481480189734,907.3878607855903
MY_0p5_3.7500_115.2500,115.25,3.75,1985-05-01,1985,5,405.7693603515625,98.84375600663442,116.81143312000093,116.59689394027468,201.64246990869916,318.2393576970176,43.094028642442495,130.05491400824653,264.34530048673116,461.489996047247,898.984231034536
MY_0p5_3.7500_115.7500,115.75,3.75,1985-05-01,1985,5,393.77214149090884,96.08957068354104,117.35126171523717,116.98953137294852,212.7272435469593,329.7167751394587,43.08824454108588,130.07328686611257,264.5402748601899,462.2501929852602,899.9519894826326
MY_0p5_4.2500_100.7500,100.75,4.25,1985-05-01,1985,5,236.0194211006165,108.28265233678144,125.23572720897442,47.740583988111844,119.69924593555687,167.43982301050303,42.832815006801056,129.52289839764032,264.56238353495695,466.9199987294723,903.8381033761162
MY_0p5_4.2500_101.2500,101.25,4.25,1985-05-01,1985,5,252.19569166316543,100.19402935246754,120.43397342171639,64.94137523432447,174.98832369761863,239.9296984338457,42.987567427811356,129.75406918859784,263.81661938709817,460.84136817106014,897.399645568459
MY_0p5_4.2500_101.7500,101.75,4.25,1985-05-01,1985,5,267.4827113200709,97.70456685806616,122.47798380988856,48.3677409357918,126.9246678458997,175.29240592980923,42.88298414918943,129.46547920787677,263.52606376672327,461.9396448104908,897.8141610142521
MY_0p5_4.2500_102.2500,102.25,4.25,1985-05-01,1985,5,273.2503991660219,100.6516580063695,117.73825197555006,40.54174647468348,103.77318590060591,144.3149340937313,42.7469836713407,129.05034947014462,262.5950408058045,459.6729215676793,894.0652824621232
MY_0p5_4.2500_102.7500,102.75,4.25,1985-05-01,1985,5,259.2200786809253,100.96447889971887,106.52533061033601,45.081331058672276,122.04991499785403,167.13124094191633,42.63432743291187,128.60104700562303,261.023383851264,453.82032114988675,886.0790735718552
MY_0p5_4.2500_103.2500,103.25,4.25,1985-05-01,1985,5,224.33952029985878,105.6498021248741,98.45399650547148,40.39495102619876,109.5464468766588,149.9413985408557,42.46272394798359,128.08601703710258,260.1193173504873,452.6385104614683,883.3065621512278
MY_0p5_4.2500_113.7500,113.75,4.25,1985-05-01,1985,5,368.14731440468444,110.44667238177676,123.8794055434893,29.063904816249632,50.85927783318286,79.92318502462135,42.453071738189124,128.3533587185842,262.1396812582916,462.0036695948187,894.9497749760466
MY_0p5_4.2500_114.2500,114.25,4.25,1985-05-01,1985,5,409.5658169670584,109.44251130446506,125.43302790814847,50.298319275314746,86.76084505176912,137.05916150656446,42.71509158749378,129.09412722790103,263.4577214892767,464.29414279304416,899.5610792241042
MY_0p5_4.2500_114.7500,114.75,4.25,1985-05-01,1985,5,422.90868794759115,106.87030349731447,131.1722412109375,111.56612121582032,225.85378072102867,337.4199063110352,43.32675084431966,130.7805665079753,266.133901163737,466.95737325032565,907.1985807291667
MY_0p5_4.2500_115.2500,115.25,4.25,1985-05-01,1985,5,412.40079074435766,102.45271102587382,120.77864326371089,114.59064592255486,215.95470147662692,330.5453528298272,43.15787018669976,130.2582170168559,264.7741702397664,462.3552019331191,900.5454599592421
MY_0p5_4.2500_115.7500,115.75,4.25,1985-05-01,1985,5,397.9987253997286,98.65494413214216,117.8559587898901,114.92570606813592,223.8194597664526,338.74516301559197,43.147928490073,130.22198838056147,264.70551416429424,462.1699413234906,900.2454025009932
MY_0p5_4.2500_116.2500,116.25,4.25,1985-05-01,1985,5,373.8974015770889,107.0856310216392,123.6546827641929,136.7081275102569,261.19342459701915,397.9015445244022,43.28208855884831,130.62913438750476,265.52721535287253,463.6950510536752,903.1335099383099
MY_0p5_4.2500_116.7500,116.75,4.25,1985-05-01,1985,5,348.48948748814576,113.1154885705496,122.57668542586309,122.14377752756107,232.13453859538706,354.27831960689133,43.114673019144576,130.19803711995917,264.96696727951144,463.52064840504204,901.8003384805139
MY_0p5_4.2500_117.2500,117.25,4.25,1985-05-01,1985,5,316.4309383156026,118.47373192711214,124.42572082249465,78.47881779628518,166.12323436905854,244.60205496728952,42.893047484676394,129.63344654994728,264.36440607931763,464.4559223546391,901.346824713513
MY_0p5_4.2500_117.7500,117.75,4.25,1985-05-01,1985,5,282.72010411971655,119.2619702917898,118.5135033762353,44.26969674917368,90.42830521021135,134.69800287230404,41.12030220031738,123.43387812426968,251.90731733273242,442.7311157487397,859.192627735627
MY_0p5_4.2500_118.2500,118.25,4.25,1985-05-01,1985,5,236.80137072111435,118.68210931967573,108.53794379750637,33.16706222485585,45.725211586921844,78.89227450425459,38.25835151429389,113.0895417328853,230.74906697850318,405.14882431516224,787.2458084009255
MY_0p5_4.2500_118.7500,118.75,4.25,1985-05-01,1985,5,208.3330728036386,118.57567709463615,103.7818603515625,33.545204162597656,36.36967468261719,69.91487884521484,36.70394515991211,107.3902816772461,219.1216583251953,384.9371032714844,748.1530151367188
MY_0p5_4.7500_100.2500,100.25,4.75,1985-05-01,1985,5,215.6798739963108,110.52874332004124,,,,,,,,,
MY_0p5_4.7500_100.7500,100.75,4.75,1985-05-01,1985,5,233.62367150990386,105.99427734152243,120.11752065022786,30.561552474169225,111.06077349282862,141.62232428449926,42.69755748035462,128.9825922027836,262.80963531742253,461.02850403824476,895.5183155090828
MY_0p5_4.7500_101.2500,101.25,4.75,1985-05-01,1985,5,255.14243019233317,96.69320213681175,110.09209822397384,53.45933285062275,158.0964122469463,211.55574786473832,42.890772525847915,129.41947142585875,262.85255243210565,457.69311707511787,892.8559401739212
MY_0p5_4.7500_101.7500,101.75,4.75,1985-05-01,1985,5,266.74142227658797,97.7351052904886,114.90792563302178,43.20719311426557,123.7701403178866,166.97733057415675,42.84219990079365,129.35676821754097,263.33472183469746,461.43774355933783,896.9714320591519
MY_0p5_4.7500_102.2500,102.25,4.75,1985-05-01,1985,5,262.3839114234561,100.9611820765904,107.1010009765625,46.77000877743676,130.99618951706663,177.76619538806736,42.83503875732422,129.30674990699404,263.01215384347097,459.71775309244794,894.8717064267113
MY_0p5_4.7500_102.7500,102.75,4.75,1985-05-01,1985,5,243.2690746040101,102.22043750544262,100.08997354689674,39.378389431412806,127.59543604759651,166.97382208951714,42.82331724227613,129.25945777650088,262.82132064916516,459.0394765282892,893.9435834945384
MY_0p5_4.7500_103.2500,103.25,4.75,1985-05-01,1985,5,210.45575356144477,107.44089639008936,90.26595610446158,35.17479060408814,102.41192279266699,137.58670652044657,41.09928038199451,123.09402865589327,250.04728276439266,435.3445381643149,849.5851577815096
MY_0p5_4.7500_103.7500,103.75,4.75,1985-05-01,1985,5,188.8772205553557,110.6867904663086,78.89593317601589,18.306194231107636,35.36210835444463,53.66830265986454,36.89272739360859,108.06241399591619,219.41295712954036,380.8757300438819,745.2438552658278
MY_0p5_4.7500_113.7500,113.75,4.75,1985-05-01,1985,5,416.8970031738281,111.81687927246094,,,,,,,,,
MY_0p5_4.7500_114.2500,114.25,4.75,1985-05-01,1985,5,416.8970031738281,112.30496515546525,123.99036407470703,42.789791107177734,69.28179168701172,112.07158660888672,42.576717376708984,128.7332763671875,262.91900634765625,463.6419677734375,897.8709716796875
MY_0p5_4.7500_114.7500,114.75,4.75,1985-05-01,1985,5,416.76201670656917,112.2747036513462,129.5371601555937,70.85527420043947,160.8179189210297,231.67318848640687,43.02749211301086,129.98240710842995,264.94805153467325,465.96076456705737,903.9187320175993
MY_0p5_4.7500_115.2500,115.25,4.75,1985-05-01,1985,5,413.73436864217115,110.29295591513313,131.61824862162268,106.288104613622,221.06145564715064,327.3495670954386,43.23622971773147,130.43069076538086,264.9085232416789,462.2407279014587,900.8161630630492
MY_0p5_4.7500_115.7500,115.75,4.75,1985-05-01,1985,5,395.72635953388516,105.8854215833876,125.64313228546628,71.6698265196785,178.1232204861111,249.79305100213915,42.99284456041124,129.72906377883183,263.6037898956783,459.8988984607514,896.2246014307416
MY_0p5_4.7500_116.2500,116.25,4.75,1985-05-01,1985,5,356.8621615939669,106.94298195006354,130.58199617900544,75.76183047824435,197.23637249658978,272.9981930687313,43.106780799986815,130.10098247225318,264.56179518926706,462.64046204582087,900.4100211976064
MY_0p5_4.7500_116.7500,116.75,4.75,1985-05-01,1985,5,327.9474925753437,109.95549902131286,128.48417171043687,73.24672418908229,195.08363689953768,268.3303509482854,43.01791917825047,129.86713394937635,264.1874004315727,461.90136969844,898.9738277000716
MY_0p5_4.7500_117.2500,117.25,4.75,1985-05-01,1985,5,310.99830826047867,113.50302823990108,128.4892032199436,67.2867221166217,190.35320730057973,257.63992309570307,42.97207659766788,129.76148332868303,264.0892710852245,461.9851207914807,898.8079506525916
MY_0p5_4.7500_117.7500,117.75,4.75,1985-05-01,1985,5,272.7818110985092,116.20329893088038,129.91512317898906,51.350686833828306,148.61497231978402,199.96565212780914,42.82016634639305,129.3698326786862,263.6220285922666,462.30342826360385,898.1154649951791
MY_0p5_4.7500_118.2500,118.25,4.75,1985-05-01,1985,5,223.14052692969238,117.86056254017895,131.0768620476651,45.766056655040344,99.77727424199858,145.54332499288438,42.57234402757195,128.63324212309107,262.1663309221891,459.6534256671541,893.0253314300999
MY_0p5_4.7500_118.7500,118.75,4.75,1985-05-01,1985,5,183.94268451159513,118.16799482514588,136.0871216979208,41.64895757844177,58.892813501478756,100.54176716864863,42.102539110787305,127.12981096098694,258.60611444787133,451.03006135964694,878.8685125037084
MY_0p5_5.2500_100.2500,100.25,5.25,1985-05-01,1985,5,208.58519793383647,110.7452622341972,60.51371765136719,6.268261432647705,0.8301993608474731,7.098460674285889,27.67220687866211,74.58470153808594,150.5795135498047,257.8285217285156,510.6649475097656
MY_0p5_5.2500_100.7500,100.75,5.25,1985-05-01,1985,5,217.20286874210132,105.7365471562253,114.41557855715696,18.121555684626788,79.81605419756353,97.93760849415571,41.552578586271444,124.90670969294406,253.84226042648845,441.97039900154914,862.2719435417789
MY_0p5_5.2500_101.2500,101.25,5.25,1985-05-01,1985,5,232.34025723896332,98.34228193495008,109.85693843781002,34.71532619415767,115.50180603511748,150.21713205973307,42.59942291501969,128.49669482518755,260.7705755324591,452.7993133060515,884.6660222129215
MY_0p5_5.2500_101.7500,101.75,5.25,1985-05-01,1985,5,234.43649321149113,98.51640468038572,110.80888898813042,29.348421874319676,78.06451874477848,107.41294330852048,42.43251420282256,128.0194854007405,259.97411492220164,452.2700965055236,882.6962369687998
MY_0p5_5.2500_102.2500,102.25,5.25,1985-05-01,1985,5,222.18191231891606,106.21403377071306,103.78093775366521,26.209597484321353,70.85282333033858,97.0624196726805,42.13690724949928,127.00650223653028,258.0400277884902,449.474346185186,876.6577686868654
MY_0p5_5.2500_102.7500,102.75,5.25,1985-05-01,1985,5,205.9216912980965,107.13486939934408,95.18577808444783,32.8291246155561,91.10982047905357,123.93894160642462,41.49144091848599,124.5415080959514,252.9456750384832,440.40340834795416,859.3820269051243
MY_0p5_5.2500_103.2500,103.25,5.25,1985-05-01,1985,5,191.04845366301362,111.05429618068474,96.45619018356521,45.85332599243561,106.21718367044029,152.070513440417,42.57831310916257,128.48373125745107,261.380167973506,456.81533278428117,889.2575568657418
MY_0p5_5.2500_115.2500,115.25,5.25,1985-05-01,1985,5,405.8525676112021,115.30632055959394,137.71720511014345,76.68459670270076,146.86772899940365,223.55233026723394,42.79042541003618,128.91540302214077,260.8863657966989,451.35663242027414,883.9488315269597
MY_0p5_5.2500_115.7500,115.75,5.25,1985-05-01,1985,5,389.1998825838734,113.84320020072066,134.44032044491524,52.73439434504104,116.73437929315082,169.46877658650027,42.626075809284785,128.40180803719213,259.71734267412603,448.56570806988213,879.3109360517082
MY_0p5_5.2500_116.2500,116.25,5.25,1985-05-01,1985,5,339.37821303741845,110.37420294556438,132.38708464707003,42.13355088535744,129.41690609123134,171.550451592554,42.78551717347736,129.06178404409675,262.01941140090366,456.27253423763227,890.1392265995846
MY_0p5_5.2500_116.7500,116.75,5.25,1985-05-01,1985,5,303.9276638755315,111.297165279147,133.51634706424764,39.236208360406415,155.72745663606668,194.9636682920818,42.88062595415719,129.4574533293519,263.3777167404754,460.4822093142738,896.1980123399178
MY_0p5_5.2500_117.2500,117.25,5.25,1985-05-01,1985,5,286.79691607762896,114.68036903502448,136.34515564933656,38.012171391078404,144.38608689081101,182.39825979565816,42.81596309116908,129.30043664357018,263.244233921596,460.8479879712302,896.2086191328744
MY_0p5_5.2500_117.7500,117.75,5.25,1985-05-01,1985,5,250.83473365420383,116.18170623779298,136.24227154444134,38.91892449515206,120.33095364040801,159.24987591940263,42.672959318615135,128.93607821994357,262.8024279397631,460.95269329737096,895.3641642252604
MY_0p5_5.2500_118.2500,118.25,5.25,1985-05-01,1985,5,199.57982157612895,117.0994211427725,136.839675271587,30.546083644696857,73.71700846921105,104.26309357175403,42.41147476244884,128.19504999051426,261.5220075473664,459.22503137284775,891.3535451706807
MY_0p5_5.2500_118.7500,118.75,5.25,1985-05-01,1985,5,157.83593452453616,117.36642242916047,141.07724867926703,28.44663757748074,35.59485779868232,64.04149638281928,41.79764307869805,126.18798785739475,256.53831905788843,446.4392492506239,870.9631898668077
MY_0p5_5.2500_119.2500,119.25,5.25,1985-05-01,1985,5,130.92429508575023,117.25732000441776,142.982666015625,28.822420120239258,22.654417037963867,51.476837158203125,41.52315902709961,125.27824401855469,254.2154083251953,440.2934875488281,861.310302734375
MY_0p5_5.7500_100.2500,100.25,5.75,1985-05-01,1985,5,199.75352436787372,110.93142817041894,91.40203465452981,4.949020497295834,0.3057920922516683,5.254812603696771,33.68103454309866,96.70731843720883,192.25220118531394,319.9934935963482,642.6340276035694
MY_0p5_5.7500_100.7500,100.75,5.75,1985-05-01,1985,5,203.69595162527904,107.58187573145307,106.9956334177653,12.64425384044647,51.89840675110618,64.54265762646993,40.230101559956864,120.16898145039879,243.54481719970704,421.6616121419271,825.6055133056641
MY_0p5_5.7500_101.2500,101.25,5.75,1985-05-01,1985,5,213.85307756559118,103.07751530925121,110.91823749091684,18.380668917978845,80.84831039548861,99.22897876529245,42.358609492384545,127.77604116605026,259.358220378245,450.29150979349936,879.784373606284
MY_0p5_5.7500_101.7500,101.75,5.75,1985-05-01,1985,5,209.0717344919841,103.64188273747762,113.11740039189658,11.44572345018387,32.92571300566197,44.37143640915554,41.65732275644938,125.53511854807536,253.9870779673259,437.0086853027344,858.188223775228
MY_0p5_5.7500_102.2500,102.25,5.75,1985-05-01,1985,5,185.09977159744653,112.00579528319528,102.23584189880576,6.9183272625059375,5.9496590078679805,12.867986006367488,40.12959216339419,120.29744481558751,242.65926774663956,414.1379467485729,817.2242296006943
MY_0p5_5.7500_102.7500,102.75,5.75,1985-05-01,1985,5,179.15172241210936,111.08558791817971,79.33114624023438,8.009860038757324,10.141853332519531,18.151714324951172,35.18449020385742,101.98872375488281,205.83168029785156,352.3747863769531,695.3796997070312
MY_0p5_5.7500_103.2500,103.25,5.75,1985-05-01,1985,5,176.03408813476562,112.82560729980469,,,,,,,,,
MY_0p5_5.7500_115.2500,115.25,5.75,1985-05-01,1985,5,393.88103027343755,117.70804239908853,142.27593994140625,41.584556579589844,40.11179733276367,81.69635772705078,42.03150177001953,126.28117370605469,253.3725128173828,428.97528076171875,850.6604614257812
MY_0p5_5.7500_115.7500,115.75,5.75,1985-05-01,1985,5,367.20506202370115,115.68186440497088,135.36407150995163,33.214630762736,64.48701753162202,97.70164896647135,42.07372821626209,126.46832696823847,254.01788242885047,430.5732099260603,853.1331403459822
MY_0p5_5.7500_116.2500,116.25,5.75,1985-05-01,1985,5,318.14843149336565,110.83919265989272,129.95830988808282,30.18734459649949,91.96892918178015,122.1562755281963,42.24200236002604,127.14249417743986,256.3029121520027,437.82363000294515,863.511027405754
MY_0p5_5.7500_116.7500,116.75,5.75,1985-05-01,1985,5,277.85350099593876,109.05716363816035,129.083693586077,32.65914588807121,129.6613522241986,162.32049977136037,42.59543312920464,128.55579693506633,261.15772104414685,454.0940847245474,886.4030412946429
MY_0p5_5.7500_117.2500,117.25,5.75,1985-05-01,1985,5,255.13843822780095,115.42610187711024,136.6889245066357,29.65820539336099,95.60154294516384,125.25974418086582,42.54976839372413,128.5922136998703,262.20499225219345,460.01816026946346,893.3651357945585
MY_0p5_5.7500_117.7500,117.75,5.75,1985-05-01,1985,5,225.87381281777033,118.05692419627357,138.86623244317587,24.317436768704617,46.22338195135129,70.54081723514021,42.27497321007236,127.79128562364005,260.75282308079255,458.1022394167497,888.9213166716916
MY_0p5_5.7500_118.2500,118.25,5.75,1985-05-01,1985,5,190.52489489344924,117.94557555516562,139.54087449815538,18.629664111667207,24.08682084189521,42.71648492601184,42.05276760525173,127.0958342827691,259.19729709201386,454.4632945421007,882.8091805013021
MY_0p5_5.7500_118.7500,118.75,5.75,1985-05-01,1985,5,152.43075620211087,117.8451170554528,139.9497528076172,16.524600982666016,18.81155776977539,35.336158752441406,42.02474594116211,127.02569580078125,259.1278076171875,454.51873779296875,882.6969604492188
MY_0p5_6.2500_99.7500,99.75,6.25,1985-05-01,1985,5,200.33188404756433,114.17413674148858,114.2397109630496,6.388416345729384,0.21414224041062732,6.602558180343273,39.34352812656137,117.2378621655841,228.91404333779977,356.4682922363281,741.9637053733649
MY_0p5_6.2500_100.2500,100.25,6.25,1985-05-01,1985,5,194.1271445155144,112.18899869918825,110.50736557318238,5.265274715423584,1.8973198177254929,7.1625945266412225,38.091143502994456,112.76425027652662,223.2372166224888,366.07322786292247,740.1658193160076
MY_0p5_6.2500_100.7500,100.75,6.25,1985-05-01,1985,5,193.73055093536968,110.55540828631192,108.13800481847815,11.361914235192378,31.560017760886193,42.92193358653301,40.47616669938372,121.11294608686883,242.84440795427128,418.6344047163444,823.0679321289062
MY_0p5_6.2500_101.2500,101.25,6.25,1985-05-01,1985,5,195.24522282527042,109.02673997145435,106.59015221228967,14.890283173781176,43.22923689622146,58.119521038348864,41.454345350999105,124.56731226994442,250.5514127291166,436.69318565955535,853.266264460637
MY_0p5_6.2500_101.7500,101.75,6.25,1985-05-01,1985,5,180.50125645228795,113.25534166608537,108.12804347446986,7.195486409323556,11.594830515554971,18.79031675883702,40.66159918648856,122.36316462925501,246.41631469726565,419.11044747488836,828.551522391183
MY_0p5_6.2500_102.2500,102.25,6.25,1985-05-01,1985,5,165.01023133595783,116.23973925520733,105.06422424316406,4.294792652130127,0.15473785996437073,4.449530124664307,40.20008087158203,120.90068054199219,243.03033447265625,411.0137634277344,815.1448364257812
MY_0p5_6.2500_115.7500,115.75,6.25,1985-05-01,1985,5,317.97986047918147,116.5054799860174,142.92254638671875,27.938764572143555,39.502044677734375,67.44081115722656,41.66188049316406,125.02076721191406,249.66848754882812,416.4787292480469,832.829833984375
MY_0p5_6.2500_116.2500,116.25,6.25,1985-05-01,1985,5,292.0581045318068,113.81608722084447,137.49149460309403,24.517344088281305,48.34614413845381,72.8634882183327,41.71050358238725,125.3171609214749,251.24081703219645,423.12499758010387,841.3934603115534
MY_0p5_6.2500_116.7500,116.75,6.25,1985-05-01,1985,5,249.31673254588293,112.10307694692459,132.6728511265346,18.293648108225018,59.87368372054327,78.16733107793898,41.83235933818514,125.97530909946985,254.35306299603175,435.66984727647565,857.8305762881324
MY_0p5_6.2500_117.2500,117.25,6.25,1985-05-01,1985,5,214.59379945785278,116.32237420460534,133.74955236041356,14.395729906596834,40.023648319547135,54.41937754797556,41.27802404978918,124.20025658985924,252.0494414314391,436.7442886594742,854.2720104399182
MY_0p5_6.2500_117.7500,117.75,6.25,1985-05-01,1985,5,199.29297439257306,118.8085801204046,134.82051006116365,12.517187369497199,14.653136230003067,27.17032209474441,40.924258605778576,123.0791428326166,249.86739291363992,433.0508799413492,846.921677617302
MY_0p5_6.2500_118.2500,118.25,6.25,1985-05-01,1985,5,196.76263482230053,119.22680500575476,138.1091297694615,10.354244317327227,1.1533494048884936,11.507593563624791,41.29951408931187,124.53522954668317,252.26622281755718,434.642703465053,852.7436828613282
MY_0p5_6.7500_100.2500,100.25,6.75,1985-05-01,1985,5,192.20989305832808,112.72631948134479,117.06261876050164,6.254379882532008,3.748097249142387,10.002477035802954,40.089843076818134,119.91542468351476,237.3764731463264,386.53622346765854,783.9179566327264
MY_0p5_6.7500_100.7500,100.75,6.75,1985-05-01,1985,5,187.1091133400246,112.59571979663991,108.13610755072702,7.744020232447873,9.669764112543175,17.41378434499105,39.78303513703523,118.55979297779227,233.5535707826968,403.4341984501591,795.3305867513021
MY_0p5_6.7500_116.2500,116.25,6.75,1985-05-01,1985,5,239.0487618281923,116.56985030063363,135.00884153784776,10.124970389575495,8.921863108146482,19.046833503537066,40.3701370983589,120.98854958138817,240.7949643018769,398.9576624428354,801.111314727039
MY_0p5_6.7500_116.7500,116.75,6.75,1985-05-01,1985,5,222.50970405548927,116.44537737965585,129.08132964726022,9.092287214377183,9.351341765153078,18.443629072588895,39.19247608410982,116.70544735150848,232.7918465354226,387.68356841920394,776.3733221363174
MY_0p5_6.7500_117.2500,117.25,6.75,1985-05-01,1985,5,194.49886061187482,117.43993279872797,124.73484731353489,7.34564694472119,6.565338784482627,13.910985836940528,38.25034279949897,113.36271204990622,227.10472262222154,381.779166297575,760.496929337493
MY_0p5_6.7500_117.7500,117.75,6.75,1985-05-01,1985,5,175.86611472235788,118.81612269083658,128.790785074234,6.509541839361191,2.914949801750481,9.424491673707964,38.99386727809906,116.15296506881714,234.36232995986938,400.04278469085693,789.5519542694092
MY_0p5_7.2500_116.7500,116.75,7.25,1985-05-01,1985,5,200.08132417934146,117.85246870252821,123.62015155294667,6.155222822272259,0.08517102009576301,6.240393982762875,37.03548375005307,109.25883410909901,214.61275754182236,343.7330224078635,704.64009319803
MY_0p5_7.2500_117.2500,117.25,7.25,1985-05-01,1985,5,189.12240091959634,117.76529349937096,121.8854093852796,6.038277575844212,0.054063088421121626,6.09234084581074,36.32623712640059,106.69177045320208,208.9752528140419,332.194928620991,684.188179738898
MY_0p5_0.7500_110.2500,110.25,0.75,1985-06-01,1985,6,132.69381021352916,115.61112353985128,121.13985431377705,12.73840491955097,24.091514880840595,36.82991896409255,41.52929851825421,125.21428680419923,253.7219106820914,437.826094876803,858.2915931114784
MY_0p5_0.7500_110.7500,110.75,0.75,1985-06-01,1985,6,144.35038059779575,119.49873646327426,129.03516366141181,20.889490836007255,25.716131891523087,46.605621174403595,42.016875294276645,126.95432902744838,258.68483014787944,452.39272678920196,880.0487374441964
MY_0p5_0.7500_111.7500,111.75,0.75,1985-06-01,1985,6,151.43438866024925,118.20703488304501,134.78951977926587,32.06070600237165,50.02875791277204,82.08946651882596,42.349821847582625,128.05191657656715,261.34737626333083,459.21126883370533,890.9603804330976
MY_0p5_1.2500_103.2500,103.25,1.25,1985-06-01,1985,6,99.65124052473642,116.33896036981378,116.02018547058105,9.650996988469904,9.854351650584828,19.505348639054734,38.16916838559238,113.5622265555642,232.69973304054955,409.6773383400657,794.1084719571201
MY_0p5_1.2500_103.7500,103.75,1.25,1985-06-01,1985,6,112.55703039076722,114.3872288824285,107.4163597625436,10.993283762515171,23.72828592837436,34.721569690889524,39.49348083051663,118.51492642893373,243.02309217730772,429.1044367817999,830.1359460330704
MY_0p5_1.2500_104.2500,104.25,1.25,1985-06-01,1985,6,118.27094759259904,114.32882570539202,97.65227508544922,12.661510467529297,40.497711181640625,53.15922164916992,41.237091064453125,125.02317810058594,256.5788879394531,454.510009765625,877.3491821289062
MY_0p5_1.2500_109.7500,109.75,1.25,1985-06-01,1985,6,108.48617066532734,120.87263295736659,125.15345010412746,11.674768447875977,10.142690084066736,21.817459428166767,41.778195162853564,126.26729133330194,257.4244963864246,450.31931167051016,875.7892647249153
MY_0p5_1.2500_110.2500,110.25,1.25,1985-06-01,1985,6,127.59435460742374,117.97787463803091,123.11718225663233,14.00371362251665,23.498788397284553,37.5025014472284,41.66989194656431,125.71404499068686,255.14260917280632,441.9977019910187,864.524243682508
MY_0p5_1.2500_110.7500,110.75,1.25,1985-06-01,1985,6,136.66016252305772,120.77469046456471,130.65745413643972,20.051356100657628,19.891186085958328,39.94254062592037,42.05135224357483,127.08796379452659,259.125510563926,453.9892615908667,882.2540715293277
MY_0p5_1.2500_111.2500,111.25,1.25,1985-06-01,1985,6,134.71765329281746,120.67904884899006,132.774479290167,20.8302863063142,27.37753097241679,48.207817735763406,42.0469932799903,127.07084758136983,258.99398218709445,453.2478610395243,881.3596944108178
MY_0p5_1.2500_111.7500,111.75,1.25,1985-06-01,1985,6,144.75111752464656,118.26397051130022,133.89633130270337,28.341472777109296,49.4286756364126,77.77015019976903,42.258622426835316,127.75035858154297,260.5854879712301,457.0785754975819,887.6730443560887
MY_0p5_1.2500_112.2500,112.25,1.25,1985-06-01,1985,6,161.64090167205347,115.85109470580433,134.82796730002775,31.598663543081525,58.28508109852747,89.8837449514321,42.314445398785736,127.91190218078302,260.8911129714268,457.5808700329156,888.6983081798263
MY_0p5_1.2500_112.7500,112.75,1.25,1985-06-01,1985,6,174.3752873738607,114.36013126373291,133.9225203196208,30.873562057813004,76.81711339950562,107.6906746228536,42.2801775932312,127.67897288004558,259.7765973409017,452.9745508829753,882.7102711995443
MY_0p5_1.2500_113.2500,113.25,1.25,1985-06-01,1985,6,183.5224450152853,112.80284125286599,131.3711932638417,30.371469447923744,73.75194144870923,104.12341049857763,42.16112677532694,127.27827055557914,258.70044821034304,449.837464175017,877.9772736922554
MY_0p5_1.2500_113.7500,113.75,1.25,1985-06-01,1985,6,197.0796150438713,110.88945712465227,127.21494189175692,37.243014046640106,84.61750313729951,121.86051680824971,42.19516976674397,127.37908161047733,258.8671932798443,449.94580008766866,878.3872412479285
MY_0p5_1.2500_114.2500,114.25,1.25,1985-06-01,1985,6,211.8465014432384,108.2094686727608,122.05977029716018,41.281103016000934,97.35834840757657,138.6394514235775,42.313824105051765,127.74276733398438,259.6707353169939,451.79855967833936,881.5258832273229
MY_0p5_1.2500_114.7500,114.75,1.25,1985-06-01,1985,6,214.71607331306703,105.05811949699157,113.00436155257685,38.3645521594632,103.66491157777848,142.02946029170866,42.384853239982355,127.92594688169417,259.91309873519407,451.8356264175907,882.0594935263356
MY_0p5_1.7500_102.7500,102.75,1.75,1985-06-01,1985,6,78.24267481176894,120.51661340702965,129.1711914539337,3.089579962193966,9.043788015842438,12.133367747068405,39.535166025161736,118.91130089759827,243.21904134750363,425.5386075973511,827.2041015625001
MY_0p5_1.7500_103.2500,103.25,1.75,1985-06-01,1985,6,96.1879060369661,116.43406753834611,126.95459625244142,6.31356705904007,15.328661222457887,21.642227716445927,39.85555185317994,119.88910720825196,245.60439979553226,431.7171598815918,837.0662240600586
MY_0p5_1.7500_103.7500,103.75,1.75,1985-06-01,1985,6,108.49850142756594,114.81867312177825,117.08477382418475,9.333977801890311,23.10440616969821,32.43838435185107,40.140161610856836,120.92388042015364,247.90574452846863,436.9293109555787,845.8991061826296
MY_0p5_1.7500_104.2500,104.25,1.75,1985-06-01,1985,6,113.22142415046692,114.87159466743469,112.10330194281053,11.06306590590366,31.63431484015413,42.6973815149115,41.262194138164666,125.1113625459893,256.6228417684865,453.1349548812984,876.1313670550205
MY_0p5_1.7500_109.7500,109.75,1.75,1985-06-01,1985,6,107.65216215266736,121.47720057465308,125.4965591430664,11.932613372802734,9.975983619689941,21.908597946166992,41.823463439941406,126.42424774169922,257.85382080078125,451.535400390625,877.6369018554688
MY_0p5_1.7500_110.2500,110.25,1.75,1985-06-01,1985,6,118.20054823628972,121.83538729735098,126.63016371293502,16.781458818976255,22.101089666233978,38.88254855150845,41.91145491982527,126.59306841355593,257.730117226667,449.80944318312373,876.0440673828125
MY_0p5_1.7500_110.7500,110.75,1.75,1985-06-01,1985,6,121.85008690573952,122.85257200761275,133.8600875854492,19.33595848083496,8.146908164024353,27.48286542892456,42.15430393218994,127.47820739746092,260.374739074707,458.34387512207024,888.3511322021484
MY_0p5_1.7500_111.2500,111.25,1.75,1985-06-01,1985,6,116.36829332624163,122.16610092889692,134.1987208166788,14.07003059387207,17.502494093429213,31.57252420824628,41.95225897500682,126.81135658441589,258.60319824218755,452.9255718852199,880.2924046716024
MY_0p5_1.7500_111.7500,111.75,1.75,1985-06-01,1985,6,127.3385524991192,119.14053805870344,132.10965004450156,16.964410401597807,35.52272009547751,52.48713006248957,42.028498601309856,127.0426789778697,259.0787600746637,453.76957229421095,881.919518965709
MY_0p5_1.7500_112.2500,112.25,1.75,1985-06-01,1985,6,153.5083295549665,116.64288383362782,132.20928523956783,21.8049870385064,51.39576121738978,73.20074838305277,42.11528024824839,127.25555773538255,259.2487947009858,453.0899884905134,881.7096270848836
MY_0p5_1.7500_112.7500,112.75,1.75,1985-06-01,1985,6,170.05352623349145,115.544407847571,133.28585166325644,24.6360626614283,59.55682073926169,84.19288311912901,42.131780981639075,127.26910235692584,259.11068589952254,452.2205117846292,880.7320657397074
MY_0p5_1.7500_113.2500,113.25,1.75,1985-06-01,1985,6,176.4299315437438,114.76162782699342,133.14523296053449,28.032708806840198,61.591876414465524,89.62458459763299,42.163350701710534,127.33688613649397,259.11563081287204,451.8537076435391,880.4695446196055
MY_0p5_1.7500_113.7500,113.75,1.75,1985-06-01,1985,6,190.4515198722718,112.71597336057633,129.7921682690817,35.083956993950736,79.43194059341673,114.51589706663101,42.19108688112289,127.37753683423236,258.93180677625867,450.40831889803445,878.9087534102183
MY_0p5_1.7500_114.2500,114.25,1.75,1985-06-01,1985,6,210.52705175006201,109.7339335365901,125.78059987870473,37.56251741439577,94.67540452745224,132.2379232255239,42.32671150328621,127.77927137102398,259.75232524569066,452.1091233026413,881.9674329969617
MY_0p5_1.7500_114.7500,114.75,1.75,1985-06-01,1985,6,217.14214194500389,107.7261520148559,121.49920871714853,34.94849020211808,98.66460817959643,133.6130997257529,42.42687458571992,128.06743795760556,260.31430069523157,453.27284311877634,884.0814325994778
MY_0p5_2.2500_101.7500,101.75,2.25,1985-06-01,1985,6,42.541332976986666,122.80554561422329,132.94494705970843,1.5843246007206464,5.564043179906981,7.148367901041051,39.51721827189128,119.40780755245324,243.8695436728121,424.54000022194606,827.3345669833097
MY_0p5_2.2500_102.2500,102.25,2.25,1985-06-01,1985,6,54.9470679543235,121.84081761118328,129.27726566734495,1.9712981059790797,10.70715361234674,12.678451866624458,39.70238954826975,119.82580705122514,244.72446569415368,426.4517538992411,830.7044286408492
MY_0p5_2.2500_102.7500,102.75,2.25,1985-06-01,1985,6,69.619696858563,121.20600574831417,130.87956727909136,3.3350549875935425,10.454540083679971,13.789595042602924,40.191361004793194,121.34383793118633,248.3102878618844,435.04536196551743,844.8908478942097
MY_0p5_2.2500_103.2500,103.25,2.25,1985-06-01,1985,6,86.38590984041728,117.48827938503688,130.21974400111608,4.706399657234313,21.222585756816564,25.928985728914775,40.73948979453435,123.25662410675531,252.4067465645926,442.87124469091026,859.2740966796875
MY_0p5_2.2500_103.7500,103.75,2.25,1985-06-01,1985,6,97.4105555906134,117.04657272080242,129.82729937019994,6.885309814194501,20.150567801524016,27.03587863728151,40.72341992653021,123.15176262289792,252.2107726016287,442.38569098003836,858.4716443077992
MY_0p5_2.2500_104.2500,104.25,2.25,1985-06-01,1985,6,99.31318528090067,117.55211465727024,133.59398619596624,8.184890274173958,12.574858767927187,20.759750035183487,41.17643009532582,124.84525053166162,255.7037378736764,448.54091827140365,870.2663518732246
MY_0p5_2.2500_104.7500,104.75,2.25,1985-06-01,1985,6,96.56244659423828,118.80664825439453,,,,,,,,,
MY_0p5_2.2500_109.7500,109.75,2.25,1985-06-01,1985,6,104.83285054852884,122.34035147390057,,,,,,,,,
MY_0p5_2.2500_111.2500,111.25,2.25,1985-06-01,1985,6,110.34669739007951,121.80507519841196,131.61400761323816,13.77472289870767,9.596678488394794,23.371401169720816,41.97502310135785,126.99557248283833,259.5694409538718,456.95760659610517,885.4976214240577
MY_0p5_2.2500_111.7500,111.75,2.25,1985-06-01,1985,6,121.85741264706566,120.40721745566717,132.07713138640875,14.875504578484431,12.28391551517305,27.159419789389954,42.019074624682226,127.11197909400576,259.73696744404145,457.10931125217013,885.977326311384
MY_0p5_2.2500_112.2500,112.25,2.25,1985-06-01,1985,6,143.1351140097966,119.2798595367916,132.64236416286892,19.219220037308947,24.450065061781142,43.669284420921684,42.06339751955063,127.17943115234375,259.5252655513703,455.42528444320436,884.1934045216393
MY_0p5_2.2500_112.7500,112.75,2.25,1985-06-01,1985,6,158.29882846408418,118.05330473884703,133.17365034799727,19.836362333146354,35.468600294325086,55.30496241251627,42.035970936124286,127.05542929513112,259.0396899026538,453.47429916139635,881.6053941514757
MY_0p5_2.2500_113.2500,113.25,2.25,1985-06-01,1985,6,166.8659904843285,117.17723693847655,135.5315812852648,23.921811978779147,47.42718808613127,71.34899965316531,42.16300396389432,127.4280477856833,259.7784350198413,454.98862760029147,884.358098687066
MY_0p5_2.2500_113.7500,113.75,2.25,1985-06-01,1985,6,184.67839692514156,114.17466163635254,134.53697436368918,31.393966650661035,76.09059596967094,107.48456377922736,42.20727041703237,127.45982483972477,259.2685691736922,451.73583385612403,880.6714933371243
MY_0p5_2.2500_114.2500,114.25,2.25,1985-06-01,1985,6,209.86264876108322,111.36450636121963,132.7921665736607,36.413385397290426,96.65153249104817,133.06492299882188,42.389643496558776,127.98530573769223,260.25228697761656,453.4711325024802,884.0983524383062
MY_0p5_2.2500_114.7500,114.75,2.25,1985-06-01,1985,6,220.49778855846776,108.94731563445062,126.91291705716043,35.72348822316816,91.66431865076866,127.38781076246694,42.454231557538435,128.16712769539126,260.6305593182964,454.4506280714467,885.7025473317793
MY_0p5_2.2500_115.2500,115.25,2.25,1985-06-01,1985,6,220.1391143798828,107.97229766845703,120.16938781738281,34.25154113769531,80.83985137939453,115.09139251708984,42.503631591796875,128.28802490234375,260.809814453125,454.7952575683594,886.396728515625
MY_0p5_2.7500_101.2500,101.25,2.75,1985-06-01,1985,6,31.167253494262695,122.99961853027344,124.31800079345703,1.1517090797424316,3.433567523956299,4.5852766036987305,39.89889907836914,121.03462982177734,247.90432739257812,433.3906555175781,842.228515625
MY_0p5_2.7500_101.7500,101.75,2.75,1985-06-01,1985,6,39.13805257107349,120.63827470259233,113.20874231511895,1.8252519637888125,15.67237361040982,17.497625839926975,39.97798549305309,121.1157837191495,247.60466336337,432.33920854048284,841.0376551402699
MY_0p5_2.7500_102.2500,102.25,2.75,1985-06-01,1985,6,53.029793332336816,120.34895225087547,129.04959172048385,3.6378771423534215,18.13525994719973,21.77313720192879,40.48058401703076,122.54491312792346,250.14979431735486,435.2465588029023,848.4218433161449
MY_0p5_2.7500_102.7500,102.75,2.75,1985-06-01,1985,6,66.2880099574222,121.43536046185069,129.87829855423936,5.765602897239637,12.076189436490024,17.841792607609232,41.064704786373085,124.4238929748535,254.7987087587767,447.48563935485066,867.7729515365406
MY_0p5_2.7500_103.2500,103.25,2.75,1985-06-01,1985,6,78.25328836623271,120.40306769207025,123.07884745992673,6.063223226055217,15.361353111874527,21.42457679578453,40.22949428922811,121.33237525308209,248.44066211676142,435.83885795447475,845.8413937319616
MY_0p5_2.7500_103.7500,103.75,2.75,1985-06-01,1985,6,86.96194879283077,120.52874188630479,121.30064188170543,7.498695751489033,11.721584416754235,19.220280511038645,39.427364841584236,118.39369043446905,242.37268952400453,424.76787795668923,824.9616178872948
MY_0p5_2.7500_104.2500,104.25,2.75,1985-06-01,1985,6,91.53528168622185,119.15337259629193,133.6939697265625,7.629569053649902,6.128425598144531,13.757994651794434,41.04289627075195,124.41436004638672,254.63470458984375,445.76251220703125,865.8544921875
MY_0p5_2.7500_111.2500,111.25,2.75,1985-06-01,1985,6,106.93043376001819,121.69273860536774,131.50534730799058,11.61657439961153,3.752508962855619,15.369083544787237,41.77066544925466,126.39142204733456,258.30284118652344,454.01639152975645,880.4812909294577
MY_0p5_2.7500_111.7500,111.75,2.75,1985-06-01,1985,6,117.82643380712291,121.08983768400599,132.00901439272124,14.589205269155832,5.543163276951889,20.13236884413094,41.921031392853834,126.83787102534852,259.23543982670225,456.1811916745941,884.1755092226225
MY_0p5_2.7500_112.2500,112.25,2.75,1985-06-01,1985,6,132.86500530001484,120.99146722238275,133.5867524719238,18.773520736694337,12.306453590393065,31.079974149068196,42.066376508076985,127.25063514709473,260.01951416015623,457.8018403116862,887.1383770751952
MY_0p5_2.7500_112.7500,112.75,2.75,1985-06-01,1985,6,145.88453543940676,120.6007788935794,135.23038352290286,21.683356025550935,25.163355428961257,46.84671109839331,42.1635573181925,127.5155538486529,260.4342465943928,458.2179818455176,888.3313643057136
MY_0p5_2.7500_113.2500,113.25,2.75,1985-06-01,1985,6,154.70184704008557,119.59179530068047,137.0451713925316,21.343581232948907,33.53664795406281,54.88022846040271,42.17584846133277,127.54443381173269,260.4339183020213,457.898695688399,888.0528795030381
MY_0p5_2.7500_113.7500,113.75,2.75,1985-06-01,1985,6,173.7144335121106,116.71104540490799,136.3009755808836,21.143937250611128,52.81307086823092,73.95701015982658,42.02535787205787,126.96818889933786,258.5724074248296,451.4846967952266,879.0506278845914
MY_0p5_2.7500_114.2500,114.25,2.75,1985-06-01,1985,6,200.75135779079002,112.92317643950257,132.3081117460999,28.82011500793167,82.33867893943304,111.15879985954189,42.168525019778485,127.33855257155018,258.98822108401527,451.0036607573304,879.4989492681962
MY_0p5_2.7500_114.7500,114.75,2.75,1985-06-01,1985,6,217.17111225492633,112.23328343774104,128.94922234602038,39.258958275910395,87.3941770419953,126.65313492307239,42.428490365386764,128.13780856284365,260.8019731849622,455.5683802707939,886.9366542548889
MY_0p5_2.7500_115.2500,115.25,2.75,1985-06-01,1985,6,222.21614349640168,109.43871925972601,119.45268304498346,33.50993302491334,92.52226875923775,126.03219906918638,42.474269282710445,128.17871588629646,260.40358232377883,453.1033974037514,884.1599396026885
MY_0p5_3.2500_101.2500,101.25,3.25,1985-06-01,1985,6,29.469293594360355,124.83410662343066,128.6651892161091,1.6649998398606416,3.8719732418134516,5.536972999572754,40.03657185892187,121.40256467589144,248.44331152058763,433.4543398845984,843.3367917546966
MY_0p5_3.2500_101.7500,101.75,3.25,1985-06-01,1985,6,37.504142768428004,118.81648140196589,111.62603541088713,2.402350815238467,26.77281042117222,29.175160435354638,40.13816107002793,121.553865444888,248.0862756716978,430.81064328722135,840.5889717636596
MY_0p5_3.2500_102.2500,102.25,3.25,1985-06-01,1985,6,54.11456516810826,121.67064557756696,127.35190931047713,4.662855451069181,18.76847351316422,23.431329266987152,40.88934619237506,123.83410663907489,253.14137607150607,442.27861211867554,860.1434403676835
MY_0p5_3.2500_102.7500,102.75,3.25,1985-06-01,1985,6,65.77342208427719,122.2391101499147,125.54264718067796,8.437230715268774,16.498220712323736,24.93545133252687,41.212155414533015,124.83325654041917,255.46664018268828,448.2290877330152,869.7411566625666
MY_0p5_3.2500_103.2500,103.25,3.25,1985-06-01,1985,6,71.05963706348928,122.48563954107925,114.2164454755255,8.535161453271924,10.631322981868582,19.16648389151508,39.53644432540049,118.65721664677227,242.7890084232492,425.58432593330116,826.5670042752442
MY_0p5_3.2500_112.2500,112.25,3.25,1985-06-01,1985,6,129.24712117513022,121.78959723578559,133.92876790364585,15.548601701524522,6.115401776631673,21.66400375366211,41.99789216783312,127.06557685004341,259.7613694932726,457.70183648003473,886.5266750759549
MY_0p5_3.2500_112.7500,112.75,3.25,1985-06-01,1985,6,138.91481916366084,122.12209775370935,137.56617911917263,18.874872192007597,16.93780206461422,35.812674506765894,42.067846986114006,127.23671165841525,259.9504021816566,457.61299008228735,886.8679654480981
MY_0p5_3.2500_113.2500,113.25,3.25,1985-06-01,1985,6,141.66570895775817,121.9906224702534,139.5347539728338,17.356538935141128,16.88883211034717,34.24537074927128,41.97120308153557,126.9274130445538,259.19099564985794,455.45156975948447,883.5411834716797
MY_0p5_3.2500_113.7500,113.75,3.25,1985-06-01,1985,6,158.08262343633743,120.06730387854198,136.45158299037388,15.165597921704487,25.813454125419494,40.97905298868815,41.90028338962131,126.66226840549045,258.3646193731398,452.6939071413071,879.6210743737599
MY_0p5_3.2500_114.2500,114.25,3.25,1985-06-01,1985,6,184.37273936666497,117.64974936710041,129.5149200828212,19.27211936112422,58.17055368119743,77.44267353130752,41.898886127836384,126.52061311758246,257.3077541278426,447.65832305713826,873.3855901827477
MY_0p5_3.2500_114.7500,114.75,3.25,1985-06-01,1985,6,207.2454119639792,117.54982981104763,130.7180511328825,29.447225977660747,66.53760162888061,95.9848253772517,42.1455108739768,127.28248982520621,259.03088301154463,451.81218763217817,880.2710944497661
MY_0p5_3.2500_115.2500,115.25,3.25,1985-06-01,1985,6,225.87270065500766,112.35064059873169,120.43082126182846,34.33370760422718,100.0580623481847,134.39176812956603,42.39252410357511,127.92579781254634,259.82084317750565,451.49334813371485,881.6325192994709
MY_0p5_3.2500_115.7500,115.75,3.25,1985-06-01,1985,6,241.01313318831194,109.5137856301297,116.91550488418409,59.215660952450186,122.6637058900983,181.87935972749517,42.746410669905416,129.03482690018214,262.3918635336201,458.18494235263785,892.3580363412922
MY_0p5_3.7500_100.7500,100.75,3.75,1985-06-01,1985,6,33.7354621887207,128.52793884277344,132.34750366210938,2.863022804260254,0.846416175365448,3.7094390392303467,40.31608581542969,122.1848373413086,249.93873596191406,436.0514221191406,848.4910888671875
MY_0p5_3.7500_101.2500,101.25,3.75,1985-06-01,1985,6,32.32933976725078,125.4322492482207,129.19715994924405,3.645600206257842,10.685760795298519,14.331360638720318,40.294228464268556,122.00066889296843,248.99605784987168,432.5011822845558,843.7921221588036
MY_0p5_3.7500_101.7500,101.75,3.75,1985-06-01,1985,6,42.639104934299695,118.2117761988549,120.43595123291017,3.1861225841151684,27.7296481922174,30.915770327209675,40.48767301231433,122.45995765734632,249.42896742122196,431.7685171722607,844.1451097233281
MY_0p5_3.7500_102.2500,102.25,3.75,1985-06-01,1985,6,61.0050545102074,118.59068470303974,122.62752729143413,6.62123969850086,26.65349118066212,33.27473063393244,41.02415506272089,124.11568409753224,253.19276297433032,440.8265958271329,859.1592042953249
MY_0p5_3.7500_102.7500,102.75,3.75,1985-06-01,1985,6,70.55143095955016,121.84032694498696,119.94281851147848,13.945745056394545,26.57380635095021,40.51955091688368,41.45742566547697,125.4885746304951,256.46483822777157,449.2433479430183,872.654176936074
MY_0p5_3.7500_103.2500,103.25,3.75,1985-06-01,1985,6,69.76751772815963,122.2087313283487,113.86158638748469,15.512628701153922,27.327280757006477,42.83990812114641,41.08521716547948,124.10474700927735,253.85716193704042,445.56237302293965,864.6094894109988
MY_0p5_3.7500_113.2500,113.25,3.75,1985-06-01,1985,6,135.4526736736298,124.28954219818117,140.83262884421427,13.836715291758052,10.204485830713493,24.041201294445603,41.81276978039351,126.43808658787462,258.14387136990905,453.14367375608356,879.5384011190447
MY_0p5_3.7500_113.7500,113.75,3.75,1985-06-01,1985,6,144.38627064509024,124.22403886583115,136.9024561415984,14.219769190816047,20.832710864860264,35.052480185301945,41.97458964721285,126.94311995027907,259.29107991931505,455.91886630258904,884.1276335978584
MY_0p5_3.7500_114.2500,114.25,3.75,1985-06-01,1985,6,157.27629687931756,123.30336000957185,132.11609821622335,16.831477791922435,41.23489151000977,58.066370331294955,42.034301564050104,127.11904432508679,259.56567935035343,455.9585233173673,884.6775305369542
MY_0p5_3.7500_114.7500,114.75,3.75,1985-06-01,1985,6,174.9108431377108,121.93394247388082,133.46277555435424,16.32023530384851,42.258850642613,58.57908580719478,41.94712639460488,126.8259295266772,258.81893029591396,453.7976846361917,881.3896433996774
MY_0p5_3.7500_115.2500,115.25,3.75,1985-06-01,1985,6,198.89606265113466,114.08056529211619,120.84863358754961,28.472888728550505,81.8449701944987,110.31786227756076,42.03156420995319,126.85656156994048,257.66641981336807,447.03608979724703,873.5906596834697
MY_0p5_3.7500_115.7500,115.75,3.75,1985-06-01,1985,6,220.7700289719396,109.06855724526824,119.99964432750676,56.70285665388588,124.30563760661393,181.0084969499986,42.61453280002951,128.62001981666617,261.4023046699359,455.4104295908976,888.0472921467513
MY_0p5_4.2500_100.7500,100.75,4.25,1985-06-01,1985,6,39.18250949382782,128.2192970335953,132.91323254643655,4.67819371515391,4.644515038509759,9.322708343972964,40.46478617142658,122.59903741953326,250.77510481853878,438.2402231644611,852.0791665836257
MY_0p5_4.2500_101.2500,101.25,4.25,1985-06-01,1985,6,41.48842462643173,121.29014806079259,121.38358860866282,8.050631029590681,31.34297204795917,39.39360449800066,40.52374155809925,122.52619190580526,249.44767459942278,431.8199794307636,844.3175752481837
MY_0p5_4.2500_101.7500,101.75,4.25,1985-06-01,1985,6,53.92965496364739,118.88835087980328,123.74984187897023,7.258819599882864,25.00594131177226,32.26476053231821,40.898055262458975,123.72463521256616,252.4055293269051,439.47585854819795,856.504081165448
MY_0p5_4.2500_102.2500,102.25,4.25,1985-06-01,1985,6,72.58493913400669,120.79044951417578,119.79929098305993,10.831914982475793,26.868480993155096,37.70039591926356,41.22597453693232,124.72605184244271,254.5993219930143,444.4055440006927,864.9568963096546
MY_0p5_4.2500_102.7500,102.75,4.25,1985-06-01,1985,6,79.58581688753358,119.54809159685853,111.43335969281043,14.595158938389675,44.1765914540382,58.771749848772764,41.38932882904247,125.16269647391738,255.16214188496784,444.20448069967284,865.9186502444516
MY_0p5_4.2500_103.2500,103.25,4.25,1985-06-01,1985,6,72.99313128324366,121.71677696414113,109.57888102780649,15.267356703090337,37.018417384981696,52.28577282204444,41.54036744546393,125.72771921722733,256.98445692959564,450.23344139604205,874.4860046599385
MY_0p5_4.2500_113.7500,113.75,4.25,1985-06-01,1985,6,121.37392867557587,128.3367829178319,136.90809415421396,12.279605964444722,16.443792945933794,28.723398910378513,41.78817590677514,126.42953843890497,258.40430579995206,454.36910953161856,880.9911228395858
MY_0p5_4.2500_114.2500,114.25,4.25,1985-06-01,1985,6,115.87326787206419,128.47547517872223,134.2276760381161,8.912499497756077,19.766159528931137,28.678659512729723,41.687047538610045,126.17733741082742,258.06805372790484,453.92286322752034,879.8553099171996
MY_0p5_4.2500_114.7500,114.75,4.25,1985-06-01,1985,6,127.56185099283856,126.5888319905599,134.6502800496419,10.959741032918295,34.50278666178386,45.46252667744955,41.79884173075358,126.47259831746422,258.46094360351566,454.00009155273443,880.7324735514323
MY_0p5_4.2500_115.2500,115.25,4.25,1985-06-01,1985,6,147.2476148605347,120.00026684337195,126.75635830561323,23.051317208343086,70.0601138273875,93.11143340004816,41.668539219432404,125.79671223958334,255.56158314810858,442.70454258388946,865.7313832177057
MY_0p5_4.2500_115.7500,115.75,4.25,1985-06-01,1985,6,166.13792109085347,112.06415865623345,120.31861856751526,41.86197604163219,106.47918626171048,148.34116547148108,42.19159029944469,127.40004474187306,259.0078085689222,450.3241144729874,878.9235500529662
MY_0p5_4.2500_116.2500,116.25,4.25,1985-06-01,1985,6,181.84830307379002,116.12239535261946,120.32238015895938,44.102632883118424,116.21005393237604,160.31268296590667,42.5347786414914,128.4328702600991,261.2326701094465,455.5817271907155,887.7820397353755
MY_0p5_4.2500_116.7500,116.75,4.25,1985-06-01,1985,6,180.9824517751705,118.72873714204472,115.72461929762294,32.12682251020663,93.68604728390028,125.81286718114954,42.52503702681878,128.45011152146182,261.5761175431268,457.6441668030844,890.1954222221598
MY_0p5_4.2500_117.2500,117.25,4.25,1985-06-01,1985,6,166.1224603568558,120.71680068969727,114.01572627514864,24.712120111009718,67.64679073232465,92.35891045089319,42.50618902560885,128.50047464286334,262.28510750289513,461.50874841740705,894.8005222556867
MY_0p5_4.2500_117.7500,117.75,4.25,1985-06-01,1985,6,147.08632076296033,119.54343124128815,109.33467829125559,15.304982298459763,37.43371906443539,52.73870001898872,40.84997093983185,122.61548823169156,250.30468697833206,440.07979185968384,853.8499210716315
MY_0p5_4.2500_118.2500,118.25,4.25,1985-06-01,1985,6,118.43139840287775,117.43280131914463,103.6893217730674,9.307907765078697,18.23164738211662,27.539554729583166,38.06111264076962,112.50864604779868,229.66432753641897,403.44314089246615,783.6771943888087
MY_0p5_4.2500_118.7500,118.75,4.25,1985-06-01,1985,6,103.70318433973524,116.4828689010055,101.38129425048828,8.625866889953613,15.022543907165527,23.64841079711914,36.547691345214844,106.96844482421875,218.4816131591797,384.3860168457031,746.3837280273438
MY_0p5_4.7500_100.2500,100.25,4.75,1985-06-01,1985,6,54.171387990315765,128.25382147894967,,,,,,,,,
MY_0p5_4.7500_100.7500,100.75,4.75,1985-06-01,1985,6,51.82694916746932,125.77554660992031,126.8826332092285,5.188248256357704,19.40785209531706,24.596101249136577,40.21248079315434,121.70824723902756,248.23070631569962,430.8304035217781,840.9818710699313
MY_0p5_4.7500_101.2500,101.25,4.75,1985-06-01,1985,6,55.80095717866543,117.74476642911395,111.96524815635075,8.19689574014573,40.0870105561756,48.28390561058408,40.6365990048363,122.78357313852464,249.5827434237041,430.5916941809276,843.5946075923861
MY_0p5_4.7500_101.7500,101.75,4.75,1985-06-01,1985,6,66.34310603293645,118.9658188835023,117.62534671359592,9.297344427260143,33.240890999445845,42.538235231429816,41.03034240480454,124.04114365350635,252.69842069111172,438.95087241520963,856.7208065941222
MY_0p5_4.7500_102.2500,102.25,4.75,1985-06-01,1985,6,79.90651790073939,121.28676859537761,109.99682537260512,15.31657746632894,47.365706525530136,62.682282511393225,41.3597901117234,125.05560157412575,254.8795197986421,443.48438662574415,864.7792881556919
MY_0p5_4.7500_102.7500,102.75,4.75,1985-06-01,1985,6,83.2663471683575,120.04394528820255,105.10969686811895,14.512013900052207,54.14486072321605,68.65687386093624,41.533164929432466,125.62556343321585,256.26445585603165,446.9095960483429,870.3328009927346
MY_0p5_4.7500_103.2500,103.25,4.75,1985-06-01,1985,6,75.3421139468514,122.58800090960605,98.47434245880241,10.607747074422802,45.027093394656035,55.63484032831509,39.99787324293074,120.10858765211493,245.17132376920694,427.7800348148136,833.0578198872811
MY_0p5_4.7500_103.7500,103.75,4.75,1985-06-01,1985,6,69.79455325478001,124.18345642089844,88.47004085392146,5.0304569640716945,18.458718163626536,23.489174632283,36.24633571079799,106.46327873329062,217.49015055074318,379.9590026062804,740.1587825626522
MY_0p5_4.7500_113.7500,113.75,4.75,1985-06-01,1985,6,86.47758483886719,131.00843811035156,,,,,,,,,
MY_0p5_4.7500_114.2500,114.25,4.75,1985-06-01,1985,6,86.47758483886719,131.41803904942105,137.80392456054688,6.009390830993652,6.927086353302002,12.936476707458496,41.39213180541992,125.35140228271484,256.5483093261719,450.9355163574219,874.2273559570312
MY_0p5_4.7500_114.7500,114.75,4.75,1985-06-01,1985,6,97.72107483238302,132.02334939279868,138.13340398316743,6.580235158243488,15.24776058299567,21.827995495129656,41.41026974749822,125.31494739491454,256.0921594763315,448.92560733261934,871.7430144279235
MY_0p5_4.7500_115.2500,115.25,4.75,1985-06-01,1985,6,120.17881075541176,129.11847873528797,136.05058976014453,17.85494624574979,62.28911107778547,80.14405918121336,41.47132225831349,125.28289624055225,254.79054546356198,441.8570586840311,863.4018398920692
MY_0p5_4.7500_115.7500,115.75,4.75,1985-06-01,1985,6,135.43791809082032,120.64550999232699,125.33766217912947,22.02947460356212,74.56863580128503,96.59811081659225,41.71691026233491,126.02274678548176,256.34338688926084,445.13131549169145,869.2143651568699
MY_0p5_4.7500_116.2500,116.25,4.75,1985-06-01,1985,6,147.4541815379309,118.01823018391926,122.48209170386902,30.25131756010509,90.93016379220143,121.18147825210809,42.116092342800556,127.24716559516055,259.0626691545758,451.6462404281373,880.0721485925096
MY_0p5_4.7500_116.7500,116.75,4.75,1985-06-01,1985,6,152.61823340307308,118.03747674483287,115.76817068268981,19.005991573575177,79.05537750147566,98.06136918369728,42.08553006377401,127.1347610859931,258.76437513134147,450.8801933964596,878.8648527121244
MY_0p5_4.7500_117.2500,117.25,4.75,1985-06-01,1985,6,149.6175814674014,117.95037989540708,109.95236036512588,8.740122580149817,60.925875878712475,69.66599913097564,41.96466269114661,126.77464643205916,258.0824177091083,449.70960170200885,876.5313131665426
MY_0p5_4.7500_117.7500,117.75,4.75,1985-06-01,1985,6,133.13704056075855,117.87356362161756,109.82118447219268,5.409343822847438,45.03879323790344,50.4481375126899,41.86852284926402,126.51576742341244,257.76249269895914,449.8938980102539,876.0406648660007
MY_0p5_4.7500_118.2500,118.25,4.75,1985-06-01,1985,6,108.93830959760965,117.67164976033735,114.74178797276178,5.0410715395481756,31.353983337555707,36.39505581879736,41.82039799522516,126.39447761420631,257.68078444591123,450.4382034378435,876.3338788669914
MY_0p5_4.7500_118.7500,118.75,4.75,1985-06-01,1985,6,96.47824289828915,116.49786125859129,120.8016789110401,5.387727921522116,19.22744606718232,24.615174522882775,41.335192909723595,124.8701557207711,254.2221160116075,442.7579380469986,863.1854309854629
MY_0p5_5.2500_100.2500,100.25,5.25,1985-06-01,1985,6,64.72314558966312,127.02975494737571,69.4245834350586,2.716482162475586,1.1386040449142456,3.855086088180542,27.356931686401367,73.90599822998047,150.3470916748047,260.184326171875,511.7943420410156
MY_0p5_5.2500_100.7500,100.75,5.25,1985-06-01,1985,6,66.77636223836663,124.13064094736608,121.29578803051477,3.553757119452817,26.50546471140851,30.059222273442938,39.66033205492744,119.36818309213923,242.8165291972544,419.6285926555765,821.4736401788119
MY_0p5_5.2500_101.2500,101.25,5.25,1985-06-01,1985,6,72.00919097415985,119.20147697812034,114.44647078741163,6.929694702511741,45.07448616633339,52.00417967296782,40.90839813474625,123.55909489222934,251.0964651440817,433.65855499751973,849.2225386362228
MY_0p5_5.2500_101.7500,101.75,5.25,1985-06-01,1985,6,77.32593339567731,118.91744237037224,115.64352572495773,7.025029786832775,32.575222194574444,39.60025196622132,41.090636538851804,124.1873783427439,252.8512814272741,438.88069026485374,857.009978859288
MY_0p5_5.2500_102.2500,102.25,5.25,1985-06-01,1985,6,81.22640906169916,126.07961620646677,108.58871856009125,8.405495494793934,29.36504219443934,37.770538026360185,41.022375945073016,123.88892068073248,252.56646028749503,439.91649263224025,857.3942676714272
MY_0p5_5.2500_102.7500,102.75,5.25,1985-06-01,1985,6,80.38113612072476,124.0809322770234,100.47377658132778,11.110677602735615,40.98868778358071,52.09936424837274,40.39388957912639,121.5137913332147,247.8226094908633,432.1008505611096,841.8311287572828
MY_0p5_5.2500_103.2500,103.25,5.25,1985-06-01,1985,6,76.0253256338614,125.97069501119947,103.61149384139422,12.837723502865087,43.079034495663336,55.91675797995034,41.55307544361462,125.69891793387278,256.8623753337117,450.02065227558086,874.1350323565593
MY_0p5_5.2500_115.2500,115.25,5.25,1985-06-01,1985,6,128.45743794595043,133.28379994053995,139.09143016377436,12.274867511186443,46.912183448916586,59.18705130405113,41.53997358728628,125.57695632684427,255.9033423251793,446.03868078012937,869.0589439517162
MY_0p5_5.2500_115.7500,115.75,5.25,1985-06-01,1985,6,133.83244777921848,130.72246706033056,131.94396900241657,12.69437283014847,50.734503367795774,63.42887539621126,41.53851033873477,125.5427213765807,255.66663508011118,444.94289064568983,867.690764036017
MY_0p5_5.2500_116.2500,116.25,5.25,1985-06-01,1985,6,137.30695608597767,123.29075303862365,123.04553645170188,18.673827968066252,62.65419992615905,81.32802646974974,41.92238847515251,126.72118285939663,258.26983526688593,451.01830117913744,877.9317173052439
MY_0p5_5.2500_116.7500,116.75,5.25,1985-06-01,1985,6,143.18896440916424,121.2938800280607,118.94611472117748,16.53934655612028,68.03070477594304,84.57005124152461,41.977340082579026,126.81394243843947,258.1080139739604,449.43728685982614,876.3365762444989
MY_0p5_5.2500_117.2500,117.25,5.25,1985-06-01,1985,6,151.93901730492,121.35252910795666,116.63600044855995,15.221183240981327,64.36585393027654,79.58703866383387,42.10337680634998,127.1950241815476,258.97586621481275,451.76966329907617,880.0439288426958
MY_0p5_5.2500_117.7500,117.75,5.25,1985-06-01,1985,6,138.1128912062872,119.88697001139322,113.34935084751673,11.20592592027452,45.181923772418315,56.38785125490219,42.028286973256904,126.98380020383804,258.70887402731273,452.03756219773067,879.7585141136534
MY_0p5_5.2500_118.2500,118.25,5.25,1985-06-01,1985,6,105.69911934429909,117.8572793462474,112.37222239014449,5.814669146659267,21.041515903108436,26.856185250980836,41.584043114048654,125.65398878352657,256.01595573668266,446.57827574128555,869.8322439011495
MY_0p5_5.2500_118.7500,118.75,5.25,1985-06-01,1985,6,93.08664638519288,115.51927618601964,119.8464028040568,4.646160294612249,9.915901250309414,14.562061574723986,40.78368748558892,123.12976614634196,250.2009760538737,433.2338485717774,847.3482776217991
MY_0p5_5.2500_119.2500,119.25,5.25,1985-06-01,1985,6,100.53265861615742,114.38795224144344,123.52700805664062,4.677290439605713,7.017219066619873,11.694509506225586,40.447113037109375,122.05835723876953,247.6850128173828,427.38226318359375,837.57275390625
MY_0p5_5.7500_100.2500,100.25,5.75,1985-06-01,1985,6,83.51672937204172,126.76707943065746,114.52989560748459,3.9121386917359238,0.6489482463226407,4.561086820899893,32.98218431385285,95.35059860649459,192.8689086634085,332.2970110692015,653.4986964234519
MY_0p5_5.7500_100.7500,100.75,5.75,1985-06-01,1985,6,83.22120969257656,125.399537222726,116.8808129119873,6.531276550292969,37.23358271668355,43.76485876083374,39.42835249582927,118.02704483032225,240.23360315958658,417.437771097819,815.1267944335938
MY_0p5_5.7500_101.2500,101.25,5.75,1985-06-01,1985,6,84.50690078735353,123.14910393061602,115.76239893755576,9.924588271013397,52.22618795379879,62.150772590336835,41.46160080676944,125.2561816117895,254.7979093536618,441.8578548881951,863.3735745647763
MY_0p5_5.7500_101.7500,101.75,5.75,1985-06-01,1985,6,84.37475007375082,123.12721366882325,117.29883769353233,5.5108457465966545,23.458154112348957,28.96900092363358,40.978132947285964,123.72071698506673,251.25504798889162,433.91592788696295,849.869817352295
MY_0p5_5.7500_102.2500,102.25,5.75,1985-06-01,1985,6,80.47485483609712,130.260199155563,108.88602663290621,3.0781088967114583,5.298598461154133,8.376707305811873,39.464746931185225,118.56761428884384,240.2631085842145,412.54176674788243,810.8372286915377
MY_0p5_5.7500_102.7500,102.75,5.75,1985-06-01,1985,6,77.73532213483539,127.3177815039181,85.55277252197266,3.8116817474365234,9.767571449279785,13.579253196716309,34.700531005859375,100.8384780883789,204.81109619140625,354.0699462890625,694.4200439453125
MY_0p5_5.7500_103.2500,103.25,5.75,1985-06-01,1985,6,75.22786712646484,127.64769744873047,,,,,,,,,
MY_0p5_5.7500_115.2500,115.25,5.75,1985-06-01,1985,6,134.59210739135742,136.08660786946615,143.86129760742188,20.501895904541016,27.863740921020508,48.36563491821289,42.041812896728516,127.30044555664062,260.5931396484375,459.8689270019531,889.8043212890625
MY_0p5_5.7500_115.7500,115.75,5.75,1985-06-01,1985,6,133.3055286056425,132.86753517572134,132.46391834077383,15.024245970589774,40.15327339172364,55.177520352318176,41.581445239839105,125.7463596888951,256.4010934012277,447.4700596400669,871.1989589146206
MY_0p5_5.7500_116.2500,116.25,5.75,1985-06-01,1985,6,130.333446296813,125.42520548502603,123.30725601438493,12.034548714047387,47.4700745900472,59.50462497529529,41.43247356112042,125.17458733452688,254.57201131184897,441.3582877991691,862.5373571971106
MY_0p5_5.7500_116.7500,116.75,5.75,1985-06-01,1985,6,133.30203094482422,120.50982038709851,116.78941262865823,13.840050502050488,55.77721620589968,69.61726686992344,41.752928246392145,126.05515982007222,256.10270022437686,443.8269343300471,867.7377191452753
MY_0p5_5.7500_117.2500,117.25,5.75,1985-06-01,1985,6,146.7120688645998,123.64439310260376,119.09474608123492,17.24583426033285,40.59493920780507,57.84077402469863,42.08688703470801,127.17927495914304,259.19275306677594,453.40543035753893,881.864352927223
MY_0p5_5.7500_117.7500,117.75,5.75,1985-06-01,1985,6,138.04871792263455,122.90583995031933,116.88105241404283,14.21152567383427,12.717801161260413,26.929326889498924,41.95307578016448,126.82463736822142,258.782335524591,454.0610830831848,881.6211203760748
MY_0p5_5.7500_118.2500,118.25,5.75,1985-06-01,1985,6,108.65330598499852,120.2996306737264,113.91003268771702,9.495392159356012,5.025068541632758,14.520460162692599,41.66960259331598,125.94351884629992,256.8050217013889,449.21731635199654,873.6354646809895
MY_0p5_5.7500_118.7500,118.75,5.75,1985-06-01,1985,6,92.00785226088304,117.55317915402925,112.80158233642578,7.965693950653076,4.47414493560791,12.439838409423828,41.606693267822266,125.76248931884766,256.4637451171875,448.4468994140625,872.2798461914062
MY_0p5_6.2500_99.7500,99.75,6.25,1985-06-01,1985,6,123.87094400443283,125.73560198615579,153.82066983954851,5.59482004476148,1.449032093203345,7.043852340343387,38.5361091258914,116.4895081630973,234.3328541600427,392.0415571345839,781.4000386082848
MY_0p5_6.2500_100.2500,100.25,6.25,1985-06-01,1985,6,106.03129699826242,126.46458601951599,141.22172023228237,4.568111575379663,2.852925548261526,7.421036949936225,37.209327059375994,111.14187413429724,224.4567359768614,383.6980347925303,756.5059590242347
MY_0p5_6.2500_100.7500,100.75,6.25,1985-06-01,1985,6,98.32816500277133,127.56061459692289,122.54316634837265,6.90566467410349,31.678016482633055,38.58367969998982,39.824765533093775,119.72861050638915,242.26010650281282,424.05770461623734,825.8712007382661
MY_0p5_6.2500_101.2500,101.25,6.25,1985-06-01,1985,6,96.80745673546426,127.23153393085187,114.41403174767127,9.62621685908391,41.23625881488506,50.862474940373346,40.927115161602316,123.41314650315506,249.6817385160006,438.9221477801984,852.9441537710337
MY_0p5_6.2500_101.7500,101.75,6.25,1985-06-01,1985,6,85.29026576450892,131.4133377075195,112.63643580845422,5.419908196585518,10.295585991442202,15.71549410820007,39.9658106122698,120.49283033098492,243.56201389857702,416.5035583496093,820.5242222377232
MY_0p5_6.2500_102.2500,102.25,6.25,1985-06-01,1985,6,78.7323826154073,133.29537377706387,110.0192642211914,2.29842472076416,0.11205191165208817,2.4104764461517334,39.24302673339844,118.24748992919922,238.4208221435547,404.6700744628906,800.5814208984375
MY_0p5_6.2500_115.7500,115.75,6.25,1985-06-01,1985,6,131.75613368641245,133.73154172030362,143.634765625,13.659550666809082,31.254613876342773,44.91416549682617,41.401611328125,125.20732116699219,255.17965698242188,444.11138916015625,865.8999633789062
MY_0p5_6.2500_116.2500,116.25,6.25,1985-06-01,1985,6,125.72763714037444,129.4114981868811,133.60498846785086,10.54297674279906,30.329018718870724,40.87199532933172,41.22021373463097,124.55515359886944,253.3101820756685,438.7543763820295,857.8399123137217
MY_0p5_6.2500_116.7500,116.75,6.25,1985-06-01,1985,6,122.78697378976005,125.01054014175658,120.97108096168155,9.012384523664203,32.659001538110154,41.67138504754929,41.234061383444164,124.4685540335519,252.59666641477554,435.9349410768539,854.2342182462177
MY_0p5_6.2500_117.2500,117.25,6.25,1985-06-01,1985,6,132.02536206926615,125.27042209685793,118.40652240571522,11.0351069616893,22.664063595968578,33.69917019435338,40.9179797823467,123.17637450203063,250.19209071568082,433.55401504758794,847.8404560391865
MY_0p5_6.2500_117.7500,117.75,6.25,1985-06-01,1985,6,133.1495752334595,124.5396367708842,118.04362643950167,9.485838131597864,7.257445412769653,16.743283414004143,40.55497884471514,121.96418882671158,247.54885257475556,428.41315428973644,838.4811661926627
MY_0p5_6.2500_118.2500,118.25,6.25,1985-06-01,1985,6,129.180787222726,123.80665206909181,119.1279765537807,7.405173471995762,1.0224847091095788,8.427658191749028,40.84185859135219,123.1481353214809,249.4062303815569,429.31775120326455,842.7139718191964
MY_0p5_6.7500_100.2500,100.25,6.75,1985-06-01,1985,6,115.66056144938749,125.96397326974306,149.8420541426715,4.952963601140415,5.396096551242996,10.349059890298284,39.21813737644869,118.42362134596881,239.18883346108828,406.45597143734204,803.2865439022288
MY_0p5_6.7500_100.7500,100.75,6.75,1985-06-01,1985,6,109.30751546223959,128.52230693675855,127.54986911349827,3.930085341135661,11.173438107525861,15.10352381953487,39.06316432246456,117.31389957004124,234.23051509150753,415.35458034939245,805.962158203125
MY_0p5_6.7500_116.2500,116.25,6.75,1985-06-01,1985,6,110.79404826547906,132.6938048961551,129.11410038645676,4.8211538966109115,8.045980034804925,12.867133908155491,40.04855802582532,120.6878894712867,243.49422696741618,414.4741411906917,818.7048146317645
MY_0p5_6.7500_116.7500,116.75,6.75,1985-06-01,1985,6,112.82519926078591,130.7576098740101,119.71784572073594,4.880753543537125,8.820091281012585,13.700844821251428,38.89481662855789,116.35784694988266,234.68152880762878,399.36234147746575,789.2965247112772
MY_0p5_6.7500_117.2500,117.25,6.75,1985-06-01,1985,6,118.35750142937032,128.1093642732017,112.37117129300549,5.136187555515661,6.371750007952209,11.507937397577066,37.952777474327426,112.78681722995455,227.33747181850197,386.61858712255423,764.6956395512133
MY_0p5_6.7500_117.7500,117.75,6.75,1985-06-01,1985,6,125.35496457417806,125.64635467529297,114.9431827068329,5.5209567099809655,2.5156994741410017,8.03665579110384,38.507078409194946,114.72062349319458,231.47364807128906,394.75397205352783,779.4553031921388
MY_0p5_7.2500_116.7500,116.75,7.25,1985-06-01,1985,6,102.65591022161047,131.91962675064332,117.03460772970448,2.4361704183661415,0.18881193723367606,2.6249823549519413,36.57798442011295,108.59335944134257,216.51714981742532,358.81154970915424,720.5000493588655
MY_0p5_7.2500_117.2500,117.25,7.25,1985-06-01,1985,6,101.68429194269955,130.38361970368805,114.33528378135279,2.165290679429707,0.11358518917113544,2.278875893040707,35.76470714368318,105.7443095157021,210.29019630833676,346.2666635613692,698.0658781352796
MY_0p5_0.7500_110.2500,110.25,0.75,1985-07-01,1985,7,297.41160325270437,102.34465848482573,129.87733083871697,55.26829657921425,92.51468599759617,147.78297893817611,42.623546893780045,128.48842632587142,260.47364689753607,452.2959129920373,883.8815138596756
MY_0p5_0.7500_110.7500,110.75,0.75,1985-07-01,1985,7,310.001950945173,105.70435834612164,134.98016444614953,52.1704889025007,67.32796641758509,119.49845221383231,42.53894451686314,128.41155482700893,261.24234357561386,456.97302507672987,889.1658665248325
MY_0p5_0.7500_111.7500,111.75,0.75,1985-07-01,1985,7,323.0731738862537,104.02403404599144,131.36098104809957,90.03717331659226,111.82198684934585,201.85916016593814,42.74448933677068,129.0415286109561,262.5813913496714,459.6888166155133,894.0562220982143
MY_0p5_1.2500_103.2500,103.25,1.25,1985-07-01,1985,7,210.9416154287394,103.30903647709819,109.0111432508989,15.06351744044911,4.003547554666346,19.067065672440965,38.275075912475586,113.37591830166905,230.17023294622248,399.1112088290128,780.9324451793324
MY_0p5_1.2500_103.7500,103.75,1.25,1985-07-01,1985,7,217.09233108076077,101.18958275063524,101.24472771801993,18.933583676236346,25.003971856774637,43.93755503534113,39.607172845636754,118.33743841671252,240.48564992367642,418.5035112992074,816.9337851515095
MY_0p5_1.2500_104.2500,104.25,1.25,1985-07-01,1985,7,222.74751979282922,101.0428609575544,92.59774017333984,23.514925003051758,50.12811279296875,73.64303588867188,41.351341247558594,124.82495880126953,253.94468688964844,443.6210021972656,863.7420043945312
MY_0p5_1.2500_109.7500,109.75,1.25,1985-07-01,1985,7,283.52244843632343,106.02273623914604,132.27503213537744,56.21061067696077,84.06164504821044,140.2722447406815,42.63067112198795,128.61520532814853,261.37261779049794,456.6284289991999,889.2469026496611
MY_0p5_1.2500_110.2500,110.25,1.25,1985-07-01,1985,7,296.66934239450114,104.35201419550482,131.91603642172797,64.88887785392379,104.16441112503583,169.05328619526165,42.73024383014695,128.84036284339936,261.3935618750377,454.94194637578437,887.9060904602287
MY_0p5_1.2500_110.7500,110.75,1.25,1985-07-01,1985,7,306.9756559826078,106.72285936143665,137.72470204186817,52.95305074055989,72.6222636147151,125.57531110975478,42.60286646040659,128.6141814216735,261.7402760339162,458.3824749658978,891.3397933717757
MY_0p5_1.2500_111.2500,111.25,1.25,1985-07-01,1985,7,311.40816841491113,106.2477464036058,137.53859089129267,62.89135464311789,84.16124993467484,147.05260574779572,42.621097710947645,128.64347907605645,261.6485480652831,457.60065009266424,890.513796480319
MY_0p5_1.2500_111.7500,111.75,1.25,1985-07-01,1985,7,314.6543273925781,103.73387690952843,131.41485571482824,80.85592366778661,104.35169934469558,185.20762343633743,42.66637420654297,128.75315832713295,261.7183915395585,457.0772908528646,890.2152177114336
MY_0p5_1.2500_112.2500,112.25,1.25,1985-07-01,1985,7,309.9948306011064,101.27176352563846,130.24821464422388,71.29513174144144,100.41210399182314,171.70723619799926,42.54566895538175,128.33216524850292,260.5815330544099,453.81800989451136,885.2773750421359
MY_0p5_1.2500_112.7500,112.75,1.25,1985-07-01,1985,7,289.61791801452637,99.5338363647461,127.35003709793092,53.126698732376106,78.72879393895468,131.8554983139038,42.14820464452108,126.95889314015707,256.78171094258624,442.7796160380046,868.6683934529623
MY_0p5_1.2500_113.2500,113.25,1.25,1985-07-01,1985,7,282.7321504012398,98.72810343866763,126.51720667300016,50.3061419279679,81.1997031170389,131.50584623917288,42.1228341475777,126.83918025804601,256.32191878609035,441.219518246858,866.5034370754076
MY_0p5_1.2500_113.7500,113.75,1.25,1985-07-01,1985,7,290.9401994185014,97.78845417138301,125.93529984445281,49.074240540013164,87.24877744732481,136.32301191850144,42.22879877957431,127.172826015588,257.09171757553565,442.96076803496396,869.454110810251
MY_0p5_1.2500_114.2500,114.25,1.25,1985-07-01,1985,7,307.39731105028,96.29199785890832,127.23347196325793,45.61555028594701,86.39018634357285,132.0057377097881,42.32183166098805,127.48671492855105,257.9253691276618,445.15563910830343,872.8895728187224
MY_0p5_1.2500_114.7500,114.75,1.25,1985-07-01,1985,7,316.8133633521295,94.23235296433971,123.8375485327936,48.26043565811649,95.51410158218876,143.7745376094695,42.392809960149954,127.73566732098979,258.591062484249,446.77202581590217,875.4915574596774
MY_0p5_1.7500_102.7500,102.75,1.75,1985-07-01,1985,7,205.3038872987526,105.93063346061916,117.29750871658325,11.59814617037773,2.7740802988409996,14.372226774692535,39.69923138618469,118.46434950828552,238.43440151214602,406.77829933166504,803.3763046264647
MY_0p5_1.7500_103.2500,103.25,1.75,1985-07-01,1985,7,211.04630123418272,102.14697595544766,114.77838012695311,13.346265969276429,5.095291063785553,18.441557478904727,39.91409774780274,119.32163906097414,241.37277481079101,415.6810827636719,816.2896163940429
MY_0p5_1.7500_103.7500,103.75,1.75,1985-07-01,1985,7,216.9678057899958,100.8098117490358,107.38443251501154,19.155917397028283,21.152530996105337,40.30844843538502,40.31295056886311,120.85305870635601,245.37533912175817,426.05961357792717,832.6009818934185
MY_0p5_1.7500_104.2500,104.25,1.75,1985-07-01,1985,7,220.79779415130614,101.13347153663635,103.44385185537412,23.96540485056796,37.38232581560001,61.34773029652677,41.504244723061255,125.26178765112114,254.64655191584148,443.7732967406281,865.1858993648558
MY_0p5_1.7500_109.7500,109.75,1.75,1985-07-01,1985,7,284.3503229895303,106.26926111620527,132.38914489746094,56.990177154541016,85.25232696533203,142.24249267578125,42.64832305908203,128.6840362548828,261.59906005859375,457.36846923828125,890.2998657226562
MY_0p5_1.7500_110.2500,110.25,1.75,1985-07-01,1985,7,294.4246262111021,107.5393384297689,135.30862451237152,81.88757185502486,121.58705388033455,203.4746247153869,42.89867339924695,129.40492191416698,262.91872858873666,459.5083397849995,894.7306339039523
MY_0p5_1.7500_110.7500,110.75,1.75,1985-07-01,1985,7,297.19739046963775,108.35973739624022,142.89898223876952,58.08757095336914,86.9426368713379,145.03020515441892,42.773244285583495,129.16499023437498,263.12963562011714,462.3444458007812,897.412301635742
MY_0p5_1.7500_111.2500,111.25,1.75,1985-07-01,1985,7,283.35409691220235,107.2186591012137,139.58088875704036,49.41808196666629,73.68384463288064,123.10192966904752,42.52949064387832,128.32975378701855,260.8330271166424,455.51903104560324,887.2113298283067
MY_0p5_1.7500_111.7500,111.75,1.75,1985-07-01,1985,7,280.6174517281447,103.77898001369039,129.21699296975436,46.77958678595626,69.18542636195313,115.96501393861405,42.365981560719156,127.76602322542213,259.27752714519255,450.87625720832904,880.2858007889757
MY_0p5_1.7500_112.2500,112.25,1.75,1985-07-01,1985,7,280.7964334154886,101.24288528684585,127.6964392283606,44.22062650408064,71.67459527878533,115.89522361149864,42.27876939319429,127.44350975884332,258.3132763090588,447.7863513764881,875.8219075520833
MY_0p5_1.7500_112.7500,112.75,1.75,1985-07-01,1985,7,277.4715558733259,100.45638401092044,128.08023575071306,42.064322844005765,62.85890707591223,104.923234037369,42.08049649435376,126.78047974601624,256.56761944483196,442.97190697079606,868.4004826621403
MY_0p5_1.7500_113.2500,113.25,1.75,1985-07-01,1985,7,270.3890178377666,100.01528029668899,128.70535825699093,41.98817763555618,63.80195968870133,105.79013846261161,42.051000673808744,126.6721206422836,256.25265347919765,442.0312508719308,867.007004704551
MY_0p5_1.7500_113.7500,113.75,1.75,1985-07-01,1985,7,279.8423850407676,98.81766839405847,127.33153776138548,44.66169151427253,73.0436170668829,117.70530364021421,42.07716851612878,126.70518309578063,256.07641620938733,440.81327359638516,865.672032141307
MY_0p5_1.7500_114.2500,114.25,1.75,1985-07-01,1985,7,302.388090297154,97.08657924107142,127.87672429160465,40.79924964299277,69.24261968703497,110.0418713282025,42.10908622136191,126.82213703942675,256.41931820824027,441.69268256293395,867.0432419549851
MY_0p5_1.7500_114.7500,114.75,1.75,1985-07-01,1985,7,313.0027592318046,95.83943081396232,125.50500895445829,43.86320377013844,78.58665207383547,122.44985400580373,42.237131504197194,127.26704375113849,257.60833337022854,444.7557989723324,871.8683114323592
MY_0p5_2.2500_101.7500,101.75,2.25,1985-07-01,1985,7,187.97296420010653,109.99894159490412,118.44772647125555,8.694504169502645,2.793644068217037,11.488147812660294,39.14299153799963,117.03355569550487,233.92056829279122,394.16360381155306,784.2607230754816
MY_0p5_2.2500_102.2500,102.25,2.25,1985-07-01,1985,7,197.12276163055563,106.64190031352797,115.71265535491504,9.581801209153172,3.578854977799374,13.16065628106514,39.59857502622467,118.42870695853347,237.4295961662913,401.9185103274989,797.3753913258821
MY_0p5_2.2500_102.7500,102.75,2.25,1985-07-01,1985,7,203.93634429159044,104.96323657941214,116.96502997000006,10.884895219078548,2.7882023695149,13.673097495791279,40.21334039712254,120.45797381823576,242.5594609900366,414.09067236019087,817.3214487969121
MY_0p5_2.2500_103.2500,103.25,2.25,1985-07-01,1985,7,208.88659677656867,101.73310195680648,114.38763745020306,11.661245137169248,6.354623926253545,18.015869058881485,40.72967190212673,122.3498813205295,246.9869570293124,423.4187750922309,833.4853048657613
MY_0p5_2.2500_103.7500,103.75,2.25,1985-07-01,1985,7,214.31332009525622,101.79739925578488,113.83484954833983,16.429235316131074,9.967485541004244,26.396721254769012,40.85258726992849,122.81000110173629,248.65638360492255,428.5991874048265,840.9181735798463
MY_0p5_2.2500_104.2500,104.25,2.25,1985-07-01,1985,7,217.47302506609662,102.27805266341544,117.27383536346689,20.226973904065847,10.885069263868097,31.112043932449723,41.4076766337245,124.86965450570604,253.19227486602531,437.7173762045616,857.1869996126034
MY_0p5_2.2500_104.7500,104.75,2.25,1985-07-01,1985,7,222.1571044921875,102.184814453125,,,,,,,,,
MY_0p5_2.2500_109.7500,109.75,2.25,1985-07-01,1985,7,288.0606541787424,105.94891800418978,,,,,,,,,
MY_0p5_2.2500_111.2500,111.25,2.25,1985-07-01,1985,7,249.1939959526062,106.79801389575006,123.16539551230036,28.245256031260766,33.15445397881901,61.3997090844547,42.099932838888726,127.03997589560115,258.15289261761836,449.79912971047787,877.0919351016772
MY_0p5_2.2500_111.7500,111.75,2.25,1985-07-01,1985,7,241.0351593501984,105.24195004417781,123.55705307249038,27.673126571897477,34.4677006554982,62.14082717895507,42.11731809585813,127.1038814968533,258.3455362955729,450.350064329117,877.9168108258929
MY_0p5_2.2500_112.2500,112.25,2.25,1985-07-01,1985,7,242.93628874279204,103.69641660660032,125.14380730523003,27.599355413043313,41.25150650872124,68.85086340525793,42.14067973787822,127.1545165289016,258.34368014865447,449.9012444390191,877.5401248992437
MY_0p5_2.2500_112.7500,112.75,2.25,1985-07-01,1985,7,244.62662905738466,102.5316439916217,128.37457730732268,28.687450850956026,44.1298090374659,72.81726184421115,42.049007766965836,126.77991318475634,257.0712335980127,445.73181985522064,871.6319543263268
MY_0p5_2.2500_113.2500,113.25,2.25,1985-07-01,1985,7,246.06655273437505,101.65671706426711,131.79300958542598,31.446844446091433,38.033837309337805,69.48068343874009,41.86412082248265,126.1318577599904,255.3004620264447,440.8185460650732,864.1149702768478
MY_0p5_2.2500_113.7500,113.75,2.25,1985-07-01,1985,7,261.54558370083197,99.43741088577467,130.9329547399207,39.16252453719513,50.98868207086491,90.15120687364023,41.795805774157564,125.79313295098801,253.8914585354962,435.6635554832749,857.1439454283897
MY_0p5_2.2500_114.2500,114.25,2.25,1985-07-01,1985,7,288.24205419146824,97.38976464649986,129.0533382839627,41.67792874290829,55.866867465064644,97.54479777018229,41.87798771933903,126.06839834546287,254.56619688972594,437.14663967556424,859.6592329721601
MY_0p5_2.2500_114.7500,114.75,2.25,1985-07-01,1985,7,308.56191189673643,96.04077552057083,126.38595531832789,45.97694214851626,76.0557950665874,122.03273384340348,42.23954558833954,127.29876969860447,257.79038120392835,445.5658501409716,872.894551923198
MY_0p5_2.2500_115.2500,115.25,2.25,1985-07-01,1985,7,322.8067321777344,95.8532943725586,119.50044250488281,65.425048828125,116.19781494140625,181.62286376953125,42.73653030395508,128.9737548828125,262.1388244628906,457.30780029296875,891.1568603515625
MY_0p5_2.7500_101.2500,101.25,2.75,1985-07-01,1985,7,175.63121032714844,112.57845306396484,115.9338607788086,7.84761905670166,8.081273078918457,15.928893089294434,39.27904510498047,117.88916778564453,236.25233459472656,399.1509704589844,792.571533203125
MY_0p5_2.7500_101.7500,101.75,2.75,1985-07-01,1985,7,183.63742006991774,107.41138852206142,105.197050892223,11.010904586098409,17.668203037435358,28.679108144586735,39.72167791193182,119.2132885464755,239.16277820933942,406.203057084517,804.3007994495739
MY_0p5_2.7500_102.2500,102.25,2.75,1985-07-01,1985,7,192.28291194454118,104.57353492299463,116.81758032634758,9.928661987280389,3.2588440544286352,13.18750638718818,40.217934906103046,120.72616684057151,242.12614251397977,409.27292599040226,812.3431643346313
MY_0p5_2.7500_102.7500,102.75,2.75,1985-07-01,1985,7,198.83659048925472,104.41491324992118,115.44277809239642,13.416824920267999,3.0487861618211,16.465611083598073,40.964615399324444,123.28224614300304,248.8945786681356,426.7618705652937,839.9032897949218
MY_0p5_2.7500_103.2500,103.25,2.75,1985-07-01,1985,7,202.8066142865807,104.67299090828867,107.32518812045929,14.59771274153594,4.86298164440568,19.460694507428794,40.213704941379035,120.52564190907084,243.64006819998383,418.4706135160604,822.8500329278836
MY_0p5_2.7500_103.7500,103.75,2.75,1985-07-01,1985,7,207.96302198327103,105.38519502722697,104.77355538645098,15.486397202663156,4.075254181013679,19.561651361702776,39.474345440139416,117.84578543104884,238.4665262248659,410.2265099028838,806.0131796559981
MY_0p5_2.7500_104.2500,104.25,2.75,1985-07-01,1985,7,214.0978265650132,103.5002514334286,114.85093688964844,15.441702842712402,2.6041674613952637,18.045869827270508,41.05685043334961,123.7411117553711,250.48373413085938,430.8944396972656,846.1761474609375
MY_0p5_2.7500_111.2500,111.25,2.75,1985-07-01,1985,7,223.5457916259766,106.66817279684132,121.74035599652457,26.101107990040497,18.547095298767086,44.64820211073932,41.8523328444537,126.19805796006146,255.90378660314224,443.61587614171646,867.5700414321001
MY_0p5_2.7500_111.7500,111.75,2.75,1985-07-01,1985,7,217.58431156346055,106.00892010673147,122.04668985564132,23.798436970546327,17.867544739410793,41.665981440708556,41.860531658961854,126.2741088209481,256.3267357267182,445.2218480603448,869.6832246451543
MY_0p5_2.7500_112.2500,112.25,2.75,1985-07-01,1985,7,216.05319793314874,105.8503614015217,124.39630790710449,22.673115889231365,18.82017428080241,41.49329083760579,41.84559757232666,126.24402216593424,256.3522333780924,445.5287970987955,869.9706372070314
MY_0p5_2.7500_112.7500,112.75,2.75,1985-07-01,1985,7,220.54008131389375,105.16648152508313,128.4022636896447,28.14911982379382,29.20048451725441,57.34960566894917,41.901357964624324,126.35746654075912,256.3248339785805,444.69043644772296,869.2740733472607
MY_0p5_2.7500_113.2500,113.25,2.75,1985-07-01,1985,7,230.3164531889416,103.54860919770739,133.33534943111357,32.67198278033543,33.936458545260955,66.60844380212208,41.84374465942382,126.0718080066499,255.2081375848679,440.8935825892857,864.017262098524
MY_0p5_2.7500_113.7500,113.75,2.75,1985-07-01,1985,7,250.42299739570376,100.75411105307803,135.31822743992896,37.21110320850542,40.76150188931994,77.97260763083293,41.62319222225505,125.19406813117348,252.3320459742455,431.9430502144395,851.0923537722058
MY_0p5_2.7500_114.2500,114.25,2.75,1985-07-01,1985,7,278.6136263593843,97.51708660850043,132.64964564842515,46.285568840896026,60.463312450843524,106.74888169010983,41.744962619829785,125.5465962132321,252.95364186733582,432.67563976819,852.920855365222
MY_0p5_2.7500_114.7500,114.75,2.75,1985-07-01,1985,7,303.94948291171124,97.53544050568986,131.49868599472532,51.99694881317722,83.96260257891029,135.9595541741438,42.26160813592801,127.32464679790908,257.6948712585838,445.22444405525357,872.5055761640999
MY_0p5_2.7500_115.2500,115.25,2.75,1985-07-01,1985,7,324.31901041666663,96.337735768911,122.73238118489583,57.48941339028849,121.74795869019654,179.23736957172017,42.73129530210752,128.87741748706713,261.5484566903329,454.76720036687067,887.9243427998309
MY_0p5_3.2500_101.2500,101.25,3.25,1985-07-01,1985,7,176.31429545084637,114.08056866241337,126.79705288066938,8.432378293939138,2.89317933826595,11.32555768276467,39.59546498101973,118.78397517816568,237.72384281381096,400.2188080665203,796.3221010438199
MY_0p5_3.2500_101.7500,101.75,3.25,1985-07-01,1985,7,178.6613298524101,105.76788152706852,110.20732993836617,12.697046425691838,15.68143985529614,28.37848651181361,40.06871269614834,120.26396171909988,241.0892226103765,407.35816430741824,808.7800514561357
MY_0p5_3.2500_102.2500,102.25,3.25,1985-07-01,1985,7,184.2015673925006,106.50701415046814,118.63833976624502,9.853309670705645,2.6588703776162768,12.512179955982026,40.33474580068437,121.19476185147724,243.5167667933873,412.5936068095858,817.639892578125
MY_0p5_3.2500_102.7500,102.75,3.25,1985-07-01,1985,7,189.16825156875805,105.88411886480787,112.96929113170768,12.666646942307677,3.2533299538153635,15.919977420493016,40.80168452443956,122.79975690720954,247.83941925628272,424.19124738475944,835.6321169696276
MY_0p5_3.2500_103.2500,103.25,3.25,1985-07-01,1985,7,192.9603779945001,106.9167672570443,99.26154779688932,16.25363813394056,4.156693881808352,20.410332558597727,39.467446603681836,117.83241977753781,238.47908000138375,410.3907635716739,806.1696966214755
MY_0p5_3.2500_112.2500,112.25,3.25,1985-07-01,1985,7,209.68731858995227,106.80633290608723,124.80847761366104,19.462647332085506,7.212618785434299,26.675267198350692,41.641121080186636,125.55997467041017,254.60789930555555,441.0053378634983,862.8143079969619
MY_0p5_3.2500_112.7500,112.75,3.25,1985-07-01,1985,7,212.97471594041392,106.5455299500496,131.57885135588097,24.962038259037207,13.74379484770728,38.705833904078744,41.62945522245814,125.43296463763127,253.8743782668817,438.22526275134476,859.1620568447426
MY_0p5_3.2500_113.2500,113.25,3.25,1985-07-01,1985,7,224.7235588704733,105.37517676676126,138.7660653663404,28.57817007556106,19.29435477473519,47.87252624107129,41.59830182971377,125.23476589087284,252.95077231436062,434.9334321455521,854.7172588001598
MY_0p5_3.2500_113.7500,113.75,3.25,1985-07-01,1985,7,245.52930263943142,103.10559612455822,138.91973886641244,29.563473280649337,23.398573191203766,52.962047758556544,41.48075416201637,124.78287203349765,251.609045071072,431.1998884897383,849.0725661504837
MY_0p5_3.2500_114.2500,114.25,3.25,1985-07-01,1985,7,273.2606759526927,100.33531371195603,136.17620281049398,32.0444749844302,36.517875270479045,68.56234930730929,41.442497690771795,124.56742185847773,250.61918163906995,427.2259618674114,843.8550656069616
MY_0p5_3.2500_114.7500,114.75,3.25,1985-07-01,1985,7,300.33101581160435,100.41212091628157,138.91031010135725,38.347878535082394,49.23034836228487,87.57822868930307,41.731693474350465,125.53016927439695,253.05024354776765,433.3691029153813,853.6812005498608
MY_0p5_3.2500_115.2500,115.25,3.25,1985-07-01,1985,7,326.3997181759605,97.50758991965763,125.59357602083229,50.23981186106234,110.5901159696941,160.82992379876632,42.617739146268825,128.4298519665682,260.13023588928996,450.30754234217386,881.4853430639339
MY_0p5_3.2500_115.7500,115.75,3.25,1985-07-01,1985,7,344.93989717290646,95.96782315714974,118.80078725064737,66.38654944602023,147.18220022823033,213.56874307353849,42.930488800734615,129.50813756364116,263.06061545382727,458.77215096120085,894.2713691625702
MY_0p5_3.7500_100.7500,100.75,3.75,1985-07-01,1985,7,174.85462951660156,119.11284637451172,135.3926544189453,8.025970458984375,0.07072532176971436,8.096695899963379,39.828834533691406,119.43156433105469,238.65721130371094,400.1487121582031,798.0663452148438
MY_0p5_3.7500_101.2500,101.25,3.75,1985-07-01,1985,7,172.24229937497813,114.51993027474117,133.84730035973212,11.873109212585252,2.787081613895577,14.660190603879665,40.064177331029406,120.11731006412445,240.00722767851502,402.61569371887015,802.8044095826381
MY_0p5_3.7500_101.7500,101.75,3.75,1985-07-01,1985,7,172.6659313650692,107.00169032394507,120.12364245372216,12.45124046058412,7.717668947520529,20.16890876004651,40.32687626978395,120.97675430395043,242.09998841498313,407.2938974951483,810.6975041286203
MY_0p5_3.7500_102.2500,102.25,3.75,1985-07-01,1985,7,178.7831387474423,105.75805090041388,117.48592396085223,11.886588811117505,7.351188434116422,19.237777752346464,40.67822472708565,122.25544801742308,245.7648698110429,417.02230185856894,825.7208554222469
MY_0p5_3.7500_102.7500,102.75,3.75,1985-07-01,1985,7,182.33520260765437,107.01520988827659,109.97717093815878,12.658316621326264,9.843952266753664,22.502268721565365,41.13999421861437,123.89331829737102,250.3931230817522,429.7826618497333,845.2090787372891
MY_0p5_3.7500_103.2500,103.25,3.75,1985-07-01,1985,7,183.04497446006985,107.44268540462176,99.21432629753562,17.635742860681873,14.824225436939914,32.45996843225816,41.08815098182828,123.58977251239853,250.63219724168965,433.69547107172946,849.0055781345742
MY_0p5_3.7500_113.2500,113.25,3.75,1985-07-01,1985,7,223.1192150115967,106.81458532810211,141.46623480124552,22.519820197683863,6.595352774760762,29.115174090276,41.40412984128859,124.58650307577166,251.25876905097337,430.4459248527152,847.6953255074924
MY_0p5_3.7500_113.7500,113.75,3.75,1985-07-01,1985,7,244.32914857190065,105.8974391150096,140.1790955182418,26.03326248119564,19.98312300771571,46.016384680294294,41.60200843687582,125.24370253973409,253.00022488195916,435.18323534129127,855.0291554472594
MY_0p5_3.7500_114.2500,114.25,3.75,1985-07-01,1985,7,269.42772338474674,104.10563947889538,139.92460152762277,25.83940748184446,19.566572443644205,45.40597807869079,41.537351832314144,124.9908181568933,252.22565462627108,432.9212034195188,851.6750356522816
MY_0p5_3.7500_114.7500,114.75,3.75,1985-07-01,1985,7,286.68999159071177,102.61916436089409,142.1022776285807,24.241387733580574,16.779139391581218,41.02052637736002,41.395351458352714,124.44875473749069,250.5315596323165,427.83826865544387,844.2139084588913
MY_0p5_3.7500_115.2500,115.25,3.75,1985-07-01,1985,7,300.6552070738777,96.98190256754556,125.6540296039884,43.6286366538396,76.22421976725259,119.8528579227508,42.268248591347344,127.27173432849702,257.1888952830481,442.68743053617925,869.4163320390005
MY_0p5_3.7500_115.7500,115.75,3.75,1985-07-01,1985,7,317.391971944905,94.53518325476337,120.49860299748481,56.456283898662306,117.8931158052074,174.3493946541985,42.665481924153056,128.62210829480946,260.7632850262758,452.34738093314405,884.3982759105215
MY_0p5_4.2500_100.7500,100.75,4.25,1985-07-01,1985,7,161.33324937820433,119.1744103319063,133.24161663444676,6.857697428489219,0.49003812512572936,7.347735617112142,39.461829967888036,118.39881283507056,237.0012990523358,399.6464433942523,794.5083560865753
MY_0p5_4.2500_101.2500,101.25,4.25,1985-07-01,1985,7,160.74362365959226,111.65969389411296,128.29284182020055,13.01959505202664,9.936973499644335,22.956568535725786,40.33692656353021,120.93911006951791,241.85134795365062,407.26328243571487,810.3906632927574
MY_0p5_4.2500_101.7500,101.75,4.25,1985-07-01,1985,7,166.12561292091192,109.2963299979798,125.73141732992839,10.834056482528347,4.314467855154897,15.148524595144842,40.61275221364567,121.91367608213581,244.4573940484288,413.2333016197522,820.2171285708492
MY_0p5_4.2500_102.2500,102.25,4.25,1985-07-01,1985,7,175.62130907930126,109.77681819927959,116.64486774773644,11.73757069864974,7.4610593417962905,19.198629562085433,40.99356601946652,123.27082534643789,248.23157372032873,423.11113673201015,835.6070977841703
MY_0p5_4.2500_102.7500,102.75,4.25,1985-07-01,1985,7,177.9542563371598,107.56551944222421,102.73176273418841,13.07030917732579,18.42812880892663,31.498439065969677,41.254346811088034,124.15900105275928,250.52778192993944,428.6650905730618,844.6062268299661
MY_0p5_4.2500_103.2500,103.25,4.25,1985-07-01,1985,7,172.12868044404647,109.03329635247952,94.67488138019415,18.123958262001597,18.843155711370063,36.967115129743306,41.57265057713313,125.29830557793274,253.88505761548615,438.55130536547944,859.3073360429825
MY_0p5_4.2500_113.7500,113.75,4.25,1985-07-01,1985,7,256.16514974927145,107.74678594415838,138.81207822403817,21.506291605391596,14.739411943363695,36.245704021093985,41.31879191128713,124.28162420020915,250.49618760594782,428.7265181631413,844.8231137833505
MY_0p5_4.2500_114.2500,114.25,4.25,1985-07-01,1985,7,266.6573856625098,106.81308469440948,136.83783129835683,16.20929183370819,5.760821677543023,21.97011351125121,41.112611557065755,123.62195825760891,248.9458201051219,424.9713676776665,838.6517527223094
MY_0p5_4.2500_114.7500,114.75,4.25,1985-07-01,1985,7,266.66725463867186,104.66311340332032,140.53623758951824,22.8828376642863,15.59621630350749,38.4790539042155,41.40558753967286,124.52154291788737,250.90936289469408,429.29025777180993,846.1267390950522
MY_0p5_4.2500_115.2500,115.25,4.25,1985-07-01,1985,7,253.7740044063992,99.96599666277568,129.9204623699188,30.80502721336153,38.603747579786514,69.40877698527443,41.59017960230509,125.00820112228395,251.44111866421176,428.1538924111261,846.1933803558351
MY_0p5_4.2500_115.7500,115.75,4.25,1985-07-01,1985,7,251.09380989721268,95.6623270067118,120.65362685898603,36.333277123661375,62.444662966970675,98.77794246350305,42.08190996848931,126.71635175801944,256.06455853995635,440.34656278965844,865.2094056210277
MY_0p5_4.2500_116.2500,116.25,4.25,1985-07-01,1985,7,258.2550483331448,102.52730011358494,120.21147727966307,44.23340193818255,84.72162256008242,128.95502820829068,42.3964748615172,127.82968134996369,259.19838937898965,449.2780395135648,878.7025942918733
MY_0p5_4.2500_116.7500,116.75,4.25,1985-07-01,1985,7,269.5285585436518,107.02618231800939,117.07984015845152,44.87239213623753,91.13658710986894,136.00897895945295,42.51955973895299,128.30748942821702,260.75522185750094,454.50561452876633,886.0878796880646
MY_0p5_4.2500_117.2500,117.25,4.25,1985-07-01,1985,7,284.4048638807989,111.51038137790374,117.66609802921262,38.00485327391498,90.57423519033246,128.57908556102655,42.607323368038756,128.6962727234427,262.2352135582308,460.06734162727287,893.606157961145
MY_0p5_4.2500_117.7500,117.75,4.25,1985-07-01,1985,7,281.8159436608991,112.05424819033372,114.10378571860811,29.351230311597515,75.20696889437161,104.55819920596915,41.11720777984359,123.32026929936856,251.3360076643463,441.1052529098642,856.8787520971055
MY_0p5_4.2500_118.2500,118.25,4.25,1985-07-01,1985,7,263.5218498720761,111.32013349923476,105.99391927536887,23.47913435917751,51.10361111391882,74.58274637210141,38.28314204124889,113.06609757538814,230.31948259681653,403.4323110398214,785.1010345653365
MY_0p5_4.2500_118.7500,118.75,4.25,1985-07-01,1985,7,250.44529385036893,111.35780532271774,101.44309997558594,23.03111457824707,41.151668548583984,64.18278503417969,36.65419006347656,107.16706085205078,218.3303985595703,382.3543395996094,744.5059814453125
MY_0p5_4.7500_100.2500,100.25,4.75,1985-07-01,1985,7,169.38357713487414,123.02728356255425,,,,,,,,,
MY_0p5_4.7500_100.7500,100.75,4.75,1985-07-01,1985,7,162.29288311962668,119.06634346063991,128.8102569580078,4.136876294283363,1.1158097231291175,5.252686031465607,38.9111810699711,116.55123172542913,232.43527420168,389.5049485617537,777.402633542937
MY_0p5_4.7500_101.2500,101.25,4.75,1985-07-01,1985,7,162.27052534717626,110.26494937472873,119.45999896337118,6.96509871104407,7.716542203085764,14.681640544770255,40.131322806222094,120.2914772639199,240.33167249891494,403.22640593998017,803.9808828202505
MY_0p5_4.7500_101.7500,101.75,4.75,1985-07-01,1985,7,165.3872467818534,111.02652379596047,120.5028698875791,7.743368041326129,6.242824568067279,13.986193051413883,40.50440400138734,121.5836641099718,243.7705125112382,411.6820265997024,817.540609499008
MY_0p5_4.7500_102.2500,102.25,4.75,1985-07-01,1985,7,169.86549421037947,112.42899307977586,107.91117263067336,11.924571845644996,18.203141457693917,30.127713957287025,41.16848111833845,123.79510919480097,249.30433058965775,424.9863470168341,839.2542805989583
MY_0p5_4.7500_102.7500,102.75,4.75,1985-07-01,1985,7,168.03586116717875,110.33399671809686,97.30157769561573,14.593788784780315,25.607909834308984,40.20169840041239,41.45627272053128,124.80826371794289,252.06932398316195,432.2988038275651,850.6326912072051
MY_0p5_4.7500_103.2500,103.25,4.75,1985-07-01,1985,7,159.61531320002408,111.83899967706026,87.00618569349453,17.175385133806632,23.636609453996613,40.811994425924944,40.01692482642144,119.60846203455628,241.77970227456186,415.2428538192243,816.6479366063194
MY_0p5_4.7500_103.7500,103.75,4.75,1985-07-01,1985,7,154.60984400699013,112.7804946899414,75.94817877435065,12.743298220944094,9.041416242525175,21.784714463469268,36.22554947493913,105.88689660406732,214.06411386465095,367.4576994660613,723.6342258205661
MY_0p5_4.7500_113.7500,113.75,4.75,1985-07-01,1985,7,271.9862976074219,108.69155883789062,,,,,,,,,
MY_0p5_4.7500_114.2500,114.25,4.75,1985-07-01,1985,7,271.9862976074219,108.81797000340053,135.78221130371094,14.953564643859863,1.3763697147369385,16.32993507385254,40.95440673828125,123.09521484375,247.64422607421875,421.86712646484375,833.5609741210938
MY_0p5_4.7500_114.7500,114.75,4.75,1985-07-01,1985,7,258.3865471296413,108.8789998536469,139.96053109117733,25.608810414550128,15.72171622706998,41.33052659803822,41.33802286783854,124.25117254769931,250.0342174242902,426.7769995248446,842.4004214707242
MY_0p5_4.7500_115.2500,115.25,4.75,1985-07-01,1985,7,234.09763479232788,107.32901056607561,136.86165213584897,22.256656162440773,20.48264624675115,42.739301328857735,41.112523555755615,123.47070789337155,247.7807195981343,419.7299237251281,832.0938727060952
MY_0p5_4.7500_115.7500,115.75,4.75,1985-07-01,1985,7,222.333499000186,102.11387544662233,125.82018236432755,16.1779664660257,21.614877840072392,37.792844003344335,41.14331278725275,123.66634528750464,248.7267058841766,423.01564069475444,836.5519833519345
MY_0p5_4.7500_116.2500,116.25,4.75,1985-07-01,1985,7,223.4782108367435,102.59233788384329,126.62889619857543,25.414297297644232,35.7079849000961,61.12228015718004,41.74328580583844,125.6630740453326,253.80300147646943,435.8119175502231,857.0212785993301
MY_0p5_4.7500_116.7500,116.75,4.75,1985-07-01,1985,7,235.69263752804528,105.14941133426716,120.90087603315526,30.07658477372761,51.839333027224,81.91591769834108,42.08084841619564,126.80329076549675,256.7409875604171,443.3331039042412,868.9582262642775
MY_0p5_4.7500_117.2500,117.25,4.75,1985-07-01,1985,7,261.46043701171874,108.01637115478515,116.66912560841394,34.03983736795092,62.21543571835473,96.2552748422774,42.20770900665767,127.2423422434973,257.9519858708457,446.8326944018167,874.2347171843998
MY_0p5_4.7500_117.7500,117.75,4.75,1985-07-01,1985,7,266.60541524766364,110.32990552202055,117.41397695903535,29.756860551954823,55.991789648804485,85.74864991103546,42.20456219926665,127.26240901705584,258.1852818742583,448.15179984177206,875.8040462445609
MY_0p5_4.7500_118.2500,118.25,4.75,1985-07-01,1985,7,256.1843465680453,112.13859845645464,120.54606816277435,25.725490665915025,42.669185935552406,68.3946744065788,42.12861999435042,127.06100088148263,257.937202031888,448.29637905101686,875.4231966104938
MY_0p5_4.7500_118.7500,118.75,4.75,1985-07-01,1985,7,246.15154855462572,112.40367010575306,126.68729178513153,26.648001538047307,27.757374642770504,54.405374357971965,41.8562645731093,126.1055672561066,255.26563755469982,440.98300750346124,864.2104700788666
MY_0p5_5.2500_100.2500,100.25,5.25,1985-07-01,1985,7,180.50292271961365,121.95877763163836,70.29138946533203,7.173103332519531,0.3313472867012024,7.50445032119751,27.19786834716797,72.96143341064453,146.3585205078125,247.21348571777344,493.7312927246094
MY_0p5_5.2500_100.7500,100.75,5.25,1985-07-01,1985,7,178.70255723342396,118.69000000289726,126.37838403109848,5.1627632009572,3.322179816920182,8.484943088443801,38.742336053957885,115.47988023429082,229.99658378513385,384.02027331823587,768.2390848795574
MY_0p5_5.2500_101.2500,101.25,5.25,1985-07-01,1985,7,175.9857663109189,113.25708974202475,121.41304306756881,8.47049539656866,12.28633400107187,20.756829039255777,40.36864458114381,121.03814648825023,241.98621864924354,406.6791730608259,810.0721933516244
MY_0p5_5.2500_101.7500,101.75,5.25,1985-07-01,1985,7,169.92635904299988,112.43272667174128,119.47508490009675,7.390983712141681,6.7586338026508415,14.149617504921688,40.50454952458667,121.57447443190657,243.69207049327292,411.43877017270233,817.2098781318423
MY_0p5_5.2500_102.2500,102.25,5.25,1985-07-01,1985,7,161.42427582953385,118.79790003588245,107.81772795756152,9.08891566695681,10.599511529230009,19.68842689854324,40.721431161188015,122.3344148040577,246.4536130868705,420.34344113100866,829.8528860298691
MY_0p5_5.2500_102.7500,102.75,5.25,1985-07-01,1985,7,153.32056464279125,115.85395555435471,95.86467541193558,14.310716675903835,21.390798911401777,35.70151407597429,40.261781983456366,120.58566987635724,243.6248924126059,418.1839926509533,822.6563230352886
MY_0p5_5.2500_103.2500,103.25,5.25,1985-07-01,1985,7,147.7025166829427,116.79455166771298,96.40916264521611,23.569250552685233,29.564167716286402,53.13341639877915,41.55377462312773,125.22734476064709,253.8520680217,438.86099044997974,859.4941588562805
MY_0p5_5.2500_115.2500,115.25,5.25,1985-07-01,1985,7,240.80151711740805,111.66111238541144,139.88682681224387,17.271205526883485,15.624397809388208,32.89560393036389,40.83959773329438,122.68287471083345,246.49646971655673,418.9388732910157,828.9578167024207
MY_0p5_5.2500_115.7500,115.75,5.25,1985-07-01,1985,7,233.03879468018397,110.20590663861624,133.446987035719,11.005581239926611,12.44757755732132,23.453159167402877,40.637286519196074,122.08266363628839,245.30497338246485,416.6707565048994,824.6956634004238
MY_0p5_5.2500_116.2500,116.25,5.25,1985-07-01,1985,7,221.7906622584862,105.81779735903197,128.38275863550885,17.862254154833057,27.46839651276794,45.33065174199358,41.538750286343735,125.05186042302773,252.57189448875715,433.6766187450554,852.8391177020495
MY_0p5_5.2500_116.7500,116.75,5.25,1985-07-01,1985,7,228.2864147137992,106.90189226367806,124.98649908621098,32.6321151829973,52.29237406766867,84.92449133909201,42.01489217975471,126.55084682416312,255.9578466294687,441.0783722310127,865.601961353157
MY_0p5_5.2500_117.2500,117.25,5.25,1985-07-01,1985,7,256.38439311678445,110.90105348617311,124.48222116137308,45.36776901729523,73.12002774193174,118.48779832143633,42.3402597336542,127.63756578233505,258.78135666620165,448.765765187097,877.5249488467261
MY_0p5_5.2500_117.7500,117.75,5.25,1985-07-01,1985,7,264.17610057043646,112.32143581329831,123.81375737265932,43.37750869024368,72.52085968501984,115.89836699470641,42.433784194219676,128.00662982274616,260.00801052517363,452.9467313251799,883.395150514633
MY_0p5_5.2500_118.2500,118.25,5.25,1985-07-01,1985,7,255.0511125278124,112.63323440065808,124.86088880308117,31.9297857709751,42.17833237739125,74.10811585833312,42.10937485421539,126.9603662430101,257.5340564509106,447.1617423865445,873.7655293652964
MY_0p5_5.2500_118.7500,118.75,5.25,1985-07-01,1985,7,242.5138339996338,111.89266807919456,130.62972715165878,28.228180408477783,18.652317762374878,46.880498038397896,41.61673874325223,125.21139844258626,252.53586239284937,432.98109351264105,852.3450826009115
MY_0p5_5.2500_119.2500,119.25,5.25,1985-07-01,1985,7,227.2128185115448,111.00469868977866,133.28794860839844,27.880762100219727,11.62035846710205,39.501121520996094,41.42831039428711,124.52700805664062,250.5038604736328,427.05010986328125,843.50927734375
MY_0p5_5.7500_100.2500,100.25,5.75,1985-07-01,1985,7,179.78614057936107,123.49045968270515,106.17921475751685,6.500596453290467,0.271635152365363,6.772231342595651,32.352500355571784,92.51224825797826,184.01496131267024,318.48625673066584,627.3659550378081
MY_0p5_5.7500_100.7500,100.75,5.75,1985-07-01,1985,7,180.4178029378255,120.8720024229988,117.9641109975179,9.766324090957642,11.219431810354193,20.985755592981974,38.831622797648116,115.51138603210448,231.95237965901694,394.666975402832,780.9623667399088
MY_0p5_5.7500_101.2500,101.25,5.75,1985-07-01,1985,7,180.78448624498262,118.33355208269256,121.47556779516026,16.865348628186805,28.880313565411907,45.745660526545976,41.24134933291458,123.98995932631605,249.51321447177196,424.8776245117188,839.6221450445221
MY_0p5_5.7500_101.7500,101.75,5.75,1985-07-01,1985,7,169.44403642018636,117.76234134038292,121.62859195073447,11.095332924524943,9.953798840008677,21.049131782849628,40.64341910680137,122.09669653574626,245.1096519470215,415.095219039917,822.9450055440267
MY_0p5_5.7500_102.2500,102.25,5.75,1985-07-01,1985,7,149.0730551939744,124.1885493596395,109.41596584127406,6.220155969613328,2.317676431671889,8.537832385361794,39.02563927390358,116.62045457628037,233.42296556671857,392.97959535129945,782.0486649535723
MY_0p5_5.7500_102.7500,102.75,5.75,1985-07-01,1985,7,141.48290941510882,120.13903093800961,84.34276580810547,6.087734699249268,4.510353088378906,10.598088264465332,34.378265380859375,99.45481872558594,200.1728515625,341.7044677734375,675.7103881835938
MY_0p5_5.7500_103.2500,103.25,5.75,1985-07-01,1985,7,139.8790283203125,119.74651336669922,,,,,,,,,
MY_0p5_5.7500_115.2500,115.25,5.75,1985-07-01,1985,7,247.31114807128907,113.91138000488282,146.2840576171875,25.253734588623047,18.972864151000977,44.22659683227539,41.76384735107422,125.83110809326172,254.7672576904297,440.3348693847656,862.6970825195312
MY_0p5_5.7500_115.7500,115.75,5.75,1985-07-01,1985,7,236.96745197319547,111.12765741640806,134.67154875255767,18.06434527805873,18.31600471678234,36.380348714192706,41.08255335489909,123.58350924537295,249.0784390404111,425.57930268787203,839.3238124302455
MY_0p5_5.7500_116.2500,116.25,5.75,1985-07-01,1985,7,218.65804685562378,105.03610561310299,125.42450566367498,14.897130693708146,21.524967681037054,36.422097281804156,40.89852385748,122.9787122211759,247.51490793379526,421.19239598834326,832.5845495799231
MY_0p5_5.7500_116.7500,116.75,5.75,1985-07-01,1985,7,215.2488060360863,103.56385980030848,119.67162252759178,21.075761343940858,36.947750663757326,58.023511850266225,41.45449446420821,124.81269967215401,252.03509734623017,431.9894006153894,850.291697281126
MY_0p5_5.7500_117.2500,117.25,5.75,1985-07-01,1985,7,240.1827477295692,111.51887353361593,125.58300323967678,37.58770809113416,51.1545542407111,88.74226292751564,42.12312142405224,127.08443766211862,258.09220356745675,448.78648804866174,876.0862623148537
MY_0p5_5.7500_117.7500,117.75,5.75,1985-07-01,1985,7,250.84197978670636,114.322682964991,129.04975967919268,47.06317293563946,62.40719732502164,109.47037201439775,42.44224253916901,128.1660644736066,261.026585418906,457.60411419964487,889.2389921661992
MY_0p5_5.7500_118.2500,118.25,5.75,1985-07-01,1985,7,251.64921433712956,113.83282400767007,130.20016411675348,44.538749338785806,55.98737443712023,100.52612226698133,42.45286532931857,128.17995510525174,260.99494520399304,457.5105777994792,889.1383151584201
MY_0p5_5.7500_118.7500,118.75,5.75,1985-07-01,1985,7,244.57346710791956,113.08114983485295,130.34275817871094,43.09951400756836,51.941741943359375,95.04125213623047,42.45241928100586,128.17852783203125,261.0037536621094,457.5693054199219,889.2039794921875
MY_0p5_6.2500_99.7500,99.75,6.25,1985-07-01,1985,7,152.43599117503445,126.86413978127871,132.15040233523348,6.026361720506535,0.5223756699368011,6.548737659010776,37.24581563195517,111.8913898911587,222.731903785883,369.69447646030164,741.563601471657
MY_0p5_6.2500_100.2500,100.25,6.25,1985-07-01,1985,7,157.9081305861473,125.51755031943323,126.15090724400109,5.926656440812714,0.5403267084944005,6.4669829504830485,36.15657225628288,106.99553667963765,212.8273087482063,364.198049864477,720.1774633290815
MY_0p5_6.2500_100.7500,100.75,6.25,1985-07-01,1985,7,164.59330089672193,124.42140895887692,118.32477666788583,10.970357327847868,13.179972147044069,24.150328960197776,39.32682049136364,117.38513389793604,234.7102589846578,405.91839729220715,797.3405978523168
MY_0p5_6.2500_101.2500,101.25,6.25,1985-07-01,1985,7,168.18252868652343,123.41654076209436,115.13794168325573,15.933437347412113,24.81414307814378,40.74757942786583,40.754847423846904,122.17948737511269,244.91899343637323,424.4789250300482,832.3322547325721
MY_0p5_6.2500_101.7500,101.75,6.25,1985-07-01,1985,7,154.68030003138952,126.56595785958426,114.78983982631138,9.611869607652936,7.043416078122599,16.655286080496648,39.51166294642857,118.4790305001395,236.5529366629464,397.4175720214844,791.9612234933035
MY_0p5_6.2500_102.2500,102.25,6.25,1985-07-01,1985,7,139.0396288235982,127.89265348853134,110.32617950439453,4.707726955413818,0.023826854303479195,4.73155403137207,38.4991569519043,115.2456283569336,228.85313415527344,379.5884704589844,762.1864013671875
MY_0p5_6.2500_115.7500,115.75,6.25,1985-07-01,1985,7,226.80464657870203,111.39825803583321,144.63153076171875,19.431249618530273,9.130951881408691,28.56220245361328,40.82423782348633,122.72008514404297,246.7983856201172,419.267333984375,829.6100463867188
MY_0p5_6.2500_116.2500,116.25,6.25,1985-07-01,1985,7,208.77796380561693,108.12871059618496,135.2106864357835,14.008477376946267,9.236519428076722,23.244997171578426,40.552452625157024,121.8685053350642,244.87927851067766,415.1452760402326,822.4455106625998
MY_0p5_6.2500_116.7500,116.75,6.25,1985-07-01,1985,7,195.0924527122861,106.38252251034692,124.87908722408234,12.009281717027935,16.31844157794165,28.32772321246919,40.65606496901739,122.25867529975044,246.03125915527346,418.34123748294894,827.2872380332342
MY_0p5_6.2500_117.2500,117.25,6.25,1985-07-01,1985,7,210.2634701683408,111.56160644046845,126.08414728073845,22.21258458637056,25.013206301795112,47.225790926009886,40.81861305842324,122.61206345331101,247.8756995791481,426.2435395740327,837.5499275328621
MY_0p5_6.2500_117.7500,117.75,6.25,1985-07-01,1985,7,222.4900823434194,114.31663302580517,128.17906358506943,27.100521154570995,20.91145954721155,48.01198064792923,40.85535002591318,122.67105954711201,248.2013335646245,428.15950806377924,839.8872566446227
MY_0p5_6.2500_118.2500,118.25,6.25,1985-07-01,1985,7,229.14666802542553,114.88880266462053,131.2203047616141,28.517029149191718,13.26689477743847,41.783923966544016,41.53671441759382,125.09581947326662,252.8634305681501,435.4793951851981,854.9753548758371
MY_0p5_6.7500_100.2500,100.25,6.75,1985-07-01,1985,7,149.01899786556467,125.8181676303639,131.77431129006777,5.82084355284186,0.9085070150082601,6.729350440642413,37.97259535508997,113.86946212544161,227.06931854696833,381.91992883121264,760.8313078038832
MY_0p5_6.7500_100.7500,100.75,6.75,1985-07-01,1985,7,152.60769709834346,126.41918634485316,118.18749830457901,7.0256420418068215,3.5755619384624344,10.60120416570593,38.43231031629775,114.28779771592883,225.6465742323134,396.39231476960356,774.7589970341436
MY_0p5_6.7500_116.2500,116.25,6.75,1985-07-01,1985,7,174.23753128928698,111.34051345115483,130.08602384241618,5.466571377544869,1.6131453979306105,7.079716356789193,39.15247614790754,117.29119519489569,233.79457762183216,390.94025253668065,781.1785025247714
MY_0p5_6.7500_116.7500,116.75,6.75,1985-07-01,1985,7,178.4727900761111,111.11332905292511,123.97153138172015,6.220116977163925,2.6969121871258426,8.917029052854998,38.28314691475729,113.92774336140147,227.37883086072597,380.7732174839427,760.362941576087
MY_0p5_6.7500_117.2500,117.25,6.75,1985-07-01,1985,7,187.25740664229434,112.02105830265924,119.8174778761062,7.8934269753177615,2.8074428311227693,10.700869864067146,37.652612922465906,111.43828427475111,222.82778552570173,374.3669079805897,746.2855824158255
MY_0p5_6.7500_117.7500,117.75,6.75,1985-07-01,1985,7,197.16618474324545,113.45188395182292,124.24007034301758,10.306054890155792,1.5199979417957366,11.826052665710447,38.47601342201233,114.27370858192444,229.0928502082825,386.80812549591064,768.650671005249
MY_0p5_7.2500_116.7500,116.75,7.25,1985-07-01,1985,7,165.37589426115744,111.93283813718764,120.95728215756625,3.7854641375334364,0.06188893169164657,3.8473530520563544,36.03422781902811,106.11496310026749,208.63748129139776,341.15878720490826,691.9454653532608
MY_0p5_7.2500_117.2500,117.25,7.25,1985-07-01,1985,7,167.2251175889024,111.66429914869704,119.92925929019326,3.891691642058523,0.047939646758727326,3.9396312512849505,35.37778501008686,103.69472840961656,203.23092940481084,330.43932784231083,672.7427798622533
MY_0p5_0.7500_110.2500,110.25,0.75,1985-08-01,1985,8,244.368841787485,120.30205841064455,119.32985123854418,34.58284527705266,76.3937008197491,110.97654606745795,42.25437117356521,127.68925828200122,260.12681180513823,454.55594294621403,884.6263484074519
MY_0p5_0.7500_110.7500,110.75,0.75,1985-08-01,1985,8,264.27341221400667,122.94804676600863,124.36386958530971,40.118479483468185,65.21149520874023,105.32997436523438,42.41305727277483,128.28494764055523,262.02509460449215,461.1811444963727,893.9042628696986
MY_0p5_0.7500_111.7500,111.75,0.75,1985-08-01,1985,8,312.02085561600944,118.75284031459263,124.74897269597129,53.703978281172496,102.05906447153244,155.7630363343254,42.670324234735396,129.01441083635603,263.3725271073599,463.66994076683403,898.7272135416667
MY_0p5_1.2500_103.2500,103.25,1.25,1985-08-01,1985,8,179.0590206998066,114.16097785431205,135.00492304021665,16.289699402722448,14.1705511266535,30.460252133282754,38.48930462923918,114.49511458657005,234.45776609940964,413.2455014315519,800.6876831054689
MY_0p5_1.2500_103.7500,103.75,1.25,1985-08-01,1985,8,173.57746472405,114.26484072787089,122.69707970480317,17.45197091519254,22.477843941994088,39.929814894222524,39.68373404197323,119.05259282380632,243.89000620425327,430.35448033601335,832.9808118505385
MY_0p5_1.2500_104.2500,104.25,1.25,1985-08-01,1985,8,165.7525150844029,115.56590532575333,108.36766052246094,18.328336715698242,31.992523193359375,50.320858001708984,41.228179931640625,124.95535278320312,256.08282470703125,452.23907470703125,874.5054321289062
MY_0p5_1.2500_109.7500,109.75,1.25,1985-08-01,1985,8,234.52033794357118,122.73737895919616,128.14760736672275,44.73869146783668,71.28002258668462,116.01871775431805,42.60128926656333,128.86778829183922,263.3818057876036,465.02533473738714,899.8762420286616
MY_0p5_1.2500_110.2500,110.25,1.25,1985-08-01,1985,8,248.6473587802018,121.77120638814213,122.87998494034109,41.680940804794496,84.47729224127693,126.15823446737755,42.39716318491344,128.13823078405903,261.19154894029776,457.48507160201507,889.2120099748886
MY_0p5_1.2500_110.7500,110.75,1.25,1985-08-01,1985,8,270.06023288302947,123.56335623604909,127.44465443444628,43.896530720544234,67.46765882703993,111.3641894143725,42.47309117392888,128.460205804734,262.4060357956659,462.21342366536453,895.5527735150049
MY_0p5_1.2500_111.2500,111.25,1.25,1985-08-01,1985,8,293.575260930168,121.99213294861036,127.28277987641651,49.76151329259904,83.48359182924509,133.24510278183814,42.56976442672194,128.7235348734993,262.8279444295378,462.71792758539465,896.8391943983378
MY_0p5_1.2500_111.7500,111.75,1.25,1985-08-01,1985,8,315.79384988451756,118.39562189011346,125.17448764377168,54.81935222565181,105.83617485894098,160.655521453373,42.69228338816809,129.06440371558782,263.4082283141121,463.5290866427951,898.6940016973588
MY_0p5_1.2500_112.2500,112.25,1.25,1985-08-01,1985,8,335.58839036970573,114.96977807059504,126.93117116550503,60.272763847699615,115.87947489162389,176.15223260095277,42.76294398428824,129.25423032499205,263.69057700839744,463.79030070813167,899.498042227653
MY_0p5_1.2500_112.7500,112.75,1.25,1985-08-01,1985,8,367.07447878519696,112.30882326761882,128.02898041407266,92.3441373507182,155.73955694834393,248.083690961202,42.90775934855143,129.58056004842123,263.8108247121175,462.05696741739905,898.3560880025228
MY_0p5_1.2500_113.2500,113.25,1.25,1985-08-01,1985,8,384.6496385657269,111.41505704133405,126.20171064293902,100.73518457827362,150.3185284158458,251.05371014138927,42.856088953432824,129.41001666525136,263.3691814920177,460.722776728091,896.3580375339673
MY_0p5_1.2500_113.7500,113.75,1.25,1985-08-01,1985,8,388.75629147616297,109.96704026424523,122.84441450870398,113.41264291243118,153.96512938990736,267.3777777931907,42.87520177436597,129.43984569202772,263.2938274036754,460.1053862138228,895.7142653031782
MY_0p5_1.2500_114.2500,114.25,1.25,1985-08-01,1985,8,385.13154831607784,107.26788721675366,118.34151451988558,107.69285421455855,147.7268813141679,255.41973228792173,42.8508807494577,129.37674922436742,263.19428948596516,459.97622464610413,895.3981442071695
MY_0p5_1.2500_114.7500,114.75,1.25,1985-08-01,1985,8,377.6829548497354,103.48507961150139,113.12893602924963,85.37071154194493,157.74714020759828,243.11784412014867,42.8790407488423,129.44361631331904,263.25886781754036,459.81582838489163,895.3973605248236
MY_0p5_1.7500_102.7500,102.75,1.75,1985-08-01,1985,8,177.60605996484915,112.94016573574002,136.5564284324646,11.328088492155075,21.2487753033638,32.576864063739784,40.64723491668701,122.02134227752684,248.83091115951535,435.94999408721924,847.4494628906249
MY_0p5_1.7500_103.2500,103.25,1.75,1985-08-01,1985,8,176.9143554216186,112.23883050749203,138.5428436279297,13.836507496833802,18.023767042160035,31.8602756023407,40.487611293792725,121.61654014587404,248.52307846069337,436.7058587646484,847.3330700683593
MY_0p5_1.7500_103.7500,103.75,1.75,1985-08-01,1985,8,171.31131536749345,113.5591164601,130.38973197454138,17.920123070101194,23.738285994227926,41.658409468735314,40.49068879477585,121.89963084836549,249.60117822960962,439.9824762465079,851.9739640634272
MY_0p5_1.7500_104.2500,104.25,1.75,1985-08-01,1985,8,165.15312366485594,115.11042289733886,123.66077594609223,19.32858694801035,29.590486570846206,48.91907314921534,41.45169493209483,125.63360784959423,257.4373604234799,454.1852464306262,878.7079004095506
MY_0p5_1.7500_109.7500,109.75,1.75,1985-08-01,1985,8,229.75215938479403,122.78059706577032,128.56849670410156,45.56447219848633,71.78123474121094,117.34571075439453,42.6227912902832,128.93846130371094,263.564208984375,465.5721435546875,900.6976318359375
MY_0p5_1.7500_110.2500,110.25,1.75,1985-08-01,1985,8,251.51734332824023,124.02655850034773,129.11745889429102,52.78203960153508,94.72610693946878,147.50815031490225,42.63859048119204,128.91189256963884,263.1016881606158,462.9772285012638,897.6294503441469
MY_0p5_1.7500_110.7500,110.75,1.75,1985-08-01,1985,8,278.9685779918323,124.26975943825461,133.60093231201174,49.627231407165525,68.30802879333496,117.9352596282959,42.57455005645751,128.7612510681152,263.1038330078125,464.2890487670898,898.7286865234374
MY_0p5_1.7500_111.2500,111.25,1.75,1985-08-01,1985,8,289.7818835061694,122.05157310849144,132.74996607580852,51.95478524496389,80.3088697211687,132.26365164823312,42.62813655054847,128.90155050588208,263.2833909145622,464.23142856331765,899.0444878156795
MY_0p5_1.7500_111.7500,111.75,1.75,1985-08-01,1985,8,309.31760387179213,118.15284248545197,128.83418539505968,54.421582040907445,92.32715355595454,146.74873332735856,42.67657502089874,129.02326863928684,263.4104223130624,464.01128551628005,899.1215372206287
MY_0p5_1.7500_112.2500,112.25,1.75,1985-08-01,1985,8,333.2797541542659,114.88574315631199,128.75650922987194,68.43582894461495,116.99852483840215,185.4343486483135,42.74943026588077,129.18995685880148,263.4495659722222,462.90089963882684,898.2898460751488
MY_0p5_1.7500_112.7500,112.75,1.75,1985-08-01,1985,8,355.3668879433283,113.23111640082465,130.90550524999225,88.60157012939453,136.85418279738653,225.45574936639693,42.82747329227508,129.397755359468,263.7163055904328,462.8291372147817,898.7706665039062
MY_0p5_1.7500_113.2500,113.25,1.75,1985-08-01,1985,8,375.4404230026971,112.77502843463232,132.05152144659132,92.14370657300191,136.6544203016493,228.79812651134674,42.828062136211095,129.3848410470145,263.6296070886037,462.453524828714,898.2960309709821
MY_0p5_1.7500_113.7500,113.75,1.75,1985-08-01,1985,8,385.40849057152155,111.16258392333985,129.52789740183997,99.314183480399,150.7636973063151,250.07788473462298,42.87525885445731,129.46070125519284,263.4586673797123,460.9411378890749,896.7357788085938
MY_0p5_1.7500_114.2500,114.25,1.75,1985-08-01,1985,8,387.37682824513263,108.2213411603655,125.85340656098865,102.86026419987753,159.45711573040674,262.31737719339037,42.93689089578295,129.63566245427205,263.7665988498264,461.45276334247893,897.7919144887773
MY_0p5_1.7500_114.7500,114.75,1.75,1985-08-01,1985,8,390.37616298853425,105.66686055079643,124.86452033482685,93.88643084906542,189.32370161145462,283.21013882493725,43.05792773943491,129.98314457236177,264.42307657034286,462.6382628129554,900.1024223683412
MY_0p5_2.2500_101.7500,101.75,2.25,1985-08-01,1985,8,148.8519963736486,112.70157916136462,130.22411631574533,5.156952198105629,4.418687425478541,9.575639676566075,39.62135646319149,119.23734291153727,241.1489285555753,413.0918760973998,813.0995088827731
MY_0p5_2.2500_102.2500,102.25,2.25,1985-08-01,1985,8,164.1482347552286,109.53541765714948,130.3793883255224,6.734235364284242,10.0373425141476,16.771577675376783,40.397667661237946,121.52053369403455,246.46946628698322,425.44022511751456,833.8279045141485
MY_0p5_2.2500_102.7500,102.75,2.25,1985-08-01,1985,8,172.8367994767201,110.1704182685176,135.713342594195,8.910471940342383,14.660184190243102,23.570656263375582,41.083405675767345,123.72476881968824,252.0305893330634,440.07661399358426,856.9153732106655
MY_0p5_2.2500_103.2500,103.25,2.25,1985-08-01,1985,8,170.44274476066468,110.03221372574095,136.34249175540984,9.673352235461039,17.140340066334556,26.813692589411662,41.33875703357515,124.74340321374318,254.21373329768105,443.74938625759546,864.0452592153397
MY_0p5_2.2500_103.7500,103.75,2.25,1985-08-01,1985,8,163.50184217549986,112.98449257026283,140.4245970127946,16.35377896195751,22.046017630625574,38.39979745897196,41.27996395563675,124.64933575129103,254.7081942283501,446.7181999594478,867.3556948904263
MY_0p5_2.2500_104.2500,104.25,2.25,1985-08-01,1985,8,156.41629896706684,114.79838053385417,147.36886710174815,21.02871177610287,23.727590907703746,44.75630459115525,41.82707680946539,126.74088249521807,259.53995431947317,457.07032511056957,885.1782377889334
MY_0p5_2.2500_104.7500,104.75,2.25,1985-08-01,1985,8,138.68353271484375,116.61473083496094,,,,,,,,,
MY_0p5_2.2500_109.7500,109.75,2.25,1985-08-01,1985,8,206.93939947312876,121.8921853342364,,,,,,,,,
MY_0p5_2.2500_111.2500,111.25,2.25,1985-08-01,1985,8,260.26333546638494,120.62189534306528,134.69589323156018,47.43060858109418,48.537300390355725,95.9679089714499,42.559944545521454,128.77052307128903,263.41372815300434,466.081303764792,900.8255211325252
MY_0p5_2.2500_111.7500,111.75,2.25,1985-08-01,1985,8,267.7091329907614,118.75460091242714,134.4384517609127,50.634819987463565,50.664072696746345,101.29889206659227,42.55175564478314,128.74084206232948,263.3180621434771,465.7082325768849,900.3189044286333
MY_0p5_2.2500_112.2500,112.25,2.25,1985-08-01,1985,8,295.5018446180555,116.76131940569196,134.24779231964595,64.56829160660033,68.68780681065151,133.25609566824778,42.56821639045836,128.75372377425904,263.10184926835313,464.2011644151475,898.6249517531621
MY_0p5_2.2500_112.7500,112.75,2.25,1985-08-01,1985,8,323.5105761331225,114.89466153099423,137.2338822622148,82.51998206244575,98.35198931012835,180.87196756998696,42.68221952650282,129.05587337433346,263.47716345408605,464.0112471323165,899.2265322730655
MY_0p5_2.2500_113.2500,113.25,2.25,1985-08-01,1985,8,351.56592630053325,114.06928182934959,141.61005961100264,83.89248785594154,110.10040152413505,193.9928927466983,42.74549834236267,129.2222910563151,263.7200513082838,464.2148646763393,899.9027213929193
MY_0p5_2.2500_113.7500,113.75,2.25,1985-08-01,1985,8,375.07331790199765,111.43960624405102,139.5235796578323,79.95170337338992,130.94958302944522,210.901282926149,42.74635213538062,129.127616689175,262.98726644395276,460.54892547221124,895.4101539322094
MY_0p5_2.2500_114.2500,114.25,2.25,1985-08-01,1985,8,395.04170958503846,108.53363087972005,137.43078138563368,95.8670892382425,166.14096829853358,262.0080562531002,42.97137965853251,129.75097031366255,264.05816737583706,462.26455610971595,899.0450578962053
MY_0p5_2.2500_114.7500,114.75,2.25,1985-08-01,1985,8,407.37203142719886,105.86496786302136,131.9778639024304,96.36961847120718,195.40922615297382,291.778851515247,43.09894575303601,130.1212884718372,264.7778379378781,463.6593898650139,901.6574644027218
MY_0p5_2.2500_115.2500,115.25,2.25,1985-08-01,1985,8,425.4713134765625,103.81611633300781,122.4977035522461,86.161376953125,202.10848999023438,288.2698669433594,43.117557525634766,130.17564392089844,264.9362487792969,464.2089538574219,902.4384155273438
MY_0p5_2.7500_101.2500,101.25,2.75,1985-08-01,1985,8,135.8063507080078,111.9124755859375,120.36835479736328,1.2689399719238281,5.253101825714111,6.5220417976379395,38.22919845581055,115.70886993408203,234.46641540527344,400.43621826171875,788.8406982421875
MY_0p5_2.7500_101.7500,101.75,2.75,1985-08-01,1985,8,134.33879478941574,108.53803297563032,110.58959375554865,2.8880159343372687,14.21945181933316,17.1074677363309,39.673481500799,119.7924407126687,242.88474365234376,418.18240212180393,820.5330801669033
MY_0p5_2.7500_102.2500,102.25,2.75,1985-08-01,1985,8,151.96061312924525,106.66185979174962,127.20674373845387,4.223816839752683,8.060199669212293,12.284016357106008,40.60064014507707,122.52467756818055,248.3795472163303,427.2628790011072,838.767762591125
MY_0p5_2.7500_102.7500,102.75,2.75,1985-08-01,1985,8,159.997940449775,108.16927072066294,131.47531229333032,8.19969255712968,8.102896611901778,16.302589169031457,41.53641345832921,125.56083799917486,255.92075536220887,446.7375841744338,869.7556038385706
MY_0p5_2.7500_103.2500,103.25,2.75,1985-08-01,1985,8,156.16331428479236,110.82872568118346,128.189925758702,11.566443330922704,13.922063059108272,25.488506390030974,40.73266910139922,122.5974004466063,250.02317878091412,436.8713484843066,850.2245924639855
MY_0p5_2.7500_103.7500,103.75,2.75,1985-08-01,1985,8,152.94687811810036,113.90703221196712,130.6056919361589,15.618907910887549,17.80574701898109,33.424655439666886,40.056246093890636,120.15154136270972,245.54672993602844,430.90545598043275,836.6599877704673
MY_0p5_2.7500_104.2500,104.25,2.75,1985-08-01,1985,8,149.42128596586338,115.0864350935992,148.52297973632812,21.26657485961914,21.222761154174805,42.48933792114258,41.87531280517578,126.85269165039062,259.6451416015625,457.0738525390625,885.447021484375
MY_0p5_2.7500_111.2500,111.25,2.75,1985-08-01,1985,8,242.70301597858295,119.7505063287143,139.18433739157283,57.864759781781366,45.45569274004768,103.32045252182905,42.564273946425494,128.80524444580078,263.56035658892466,466.6479007496553,901.5777964872473
MY_0p5_2.7500_111.7500,111.75,2.75,1985-08-01,1985,8,251.44245785572488,118.60360326923306,138.0519006005649,54.26929232169841,39.364492679464405,93.63378435989904,42.513410831319874,128.65353373823496,263.2531291040881,465.9688038003855,900.388888391955
MY_0p5_2.7500_112.2500,112.25,2.75,1985-08-01,1985,8,275.1679528151886,117.65740904023376,138.81372456868488,64.20008356730143,44.12882377624512,108.32890614827474,42.50230589548746,128.6022090148926,263.04523417154945,465.1249634806315,899.2747111002604
MY_0p5_2.7500_112.7500,112.75,2.75,1985-08-01,1985,8,300.394017183328,116.67036208623573,141.12174992621698,78.21344747422617,68.42832871932018,146.64177587967885,42.59780253639703,128.84723291517813,263.3175268052499,464.83192559737194,899.5944938176794
MY_0p5_2.7500_113.2500,113.25,2.75,1985-08-01,1985,8,325.4164967370412,115.62054995582216,143.7570147801959,78.7963419354151,77.22652675083705,156.02286764477927,42.616834658668154,128.89374050564237,263.33202921549474,464.4546140640501,899.2972166031125
MY_0p5_2.7500_113.7500,113.75,2.75,1985-08-01,1985,8,352.79830077347486,112.94100109027451,143.30247706516533,72.95909279015414,100.25226437513996,173.21135454117112,42.61736858878166,128.7963183457684,262.60102436041376,460.84589410283763,894.8606141691754
MY_0p5_2.7500_114.2500,114.25,2.75,1985-08-01,1985,8,382.0744182731532,108.99767631820487,138.94840602633317,79.04349030120463,142.2276452704321,221.27113506462,42.80009508736526,129.25668735745586,263.10810755476166,460.3344396277319,895.4993133544922
MY_0p5_2.7500_114.7500,114.75,2.75,1985-08-01,1985,8,399.61228729053664,108.3486570370425,135.2544915509072,90.22619451534976,173.5394883854374,263.765674566767,43.014217267370526,129.88329062492224,264.3744355219944,463.1464850553282,900.4184304012614
MY_0p5_2.7500_115.2500,115.25,2.75,1985-08-01,1985,8,402.7255928108284,104.71039120785824,123.10413649275495,65.17859790561435,177.47794128967834,242.6565417040576,42.92989672411669,129.59687571482615,263.5945184381158,460.5924891566371,896.7137720606347
MY_0p5_3.2500_101.2500,101.25,3.25,1985-08-01,1985,8,127.33347998725046,110.63076990031082,125.23448673945919,1.8454736401598741,2.348706021846964,4.194179662006839,38.98211634298244,117.79744919357597,238.60295674958581,407.4775233881019,802.8600444867917
MY_0p5_3.2500_101.7500,101.75,3.25,1985-08-01,1985,8,115.41624260668485,103.68799423412155,110.12448285339745,2.7289171249243864,16.629252874167864,19.35817029218006,39.89839983897605,120.44353966196631,244.18759976526735,419.33816761575696,823.8677136852484
MY_0p5_3.2500_102.2500,102.25,3.25,1985-08-01,1985,8,133.93251696389817,106.4072520180354,123.9773914397709,3.4360895989433167,5.418182161119249,8.854271558731321,40.32325024074979,121.69955078609405,246.7619628421844,424.01506270151293,832.7998560345361
MY_0p5_3.2500_102.7500,102.75,3.25,1985-08-01,1985,8,142.03713327721704,108.14315095732483,126.7761100334457,8.863884147209456,6.710994637465175,15.574878734878347,41.07398566716834,124.03728390947171,252.11060676091833,437.05018770242043,854.2720694240134
MY_0p5_3.2500_103.2500,103.25,3.25,1985-08-01,1985,8,135.94533267937578,111.34411263232899,119.12605638535092,12.879995026106943,9.459313603876469,22.33930905867089,39.7827590171988,119.21417171714359,243.12484726300067,424.4478316415793,826.569620635688
MY_0p5_3.2500_112.2500,112.25,3.25,1985-08-01,1985,8,272.93282606336805,118.35478447808161,140.67825486924914,63.42731068929037,37.35256474812826,100.77987704806858,42.494866858588324,128.58754509819877,263.07672390407987,465.504625108507,899.6637613932292
MY_0p5_3.2500_112.7500,112.75,3.25,1985-08-01,1985,8,292.10102401241176,117.92127818446005,144.07053675417038,73.3827558423652,50.369631689102924,123.75238787541623,42.50667665825516,128.6054693753602,262.95556665639407,464.52586189645234,898.593563392514
MY_0p5_3.2500_113.2500,113.25,3.25,1985-08-01,1985,8,299.5164805247372,117.56933097552536,147.1092366883249,66.15308806390473,44.91379539894335,111.06688135320489,42.45231206489331,128.4497663902514,262.6347106008818,463.7178221037894,897.2546143965287
MY_0p5_3.2500_113.7500,113.75,3.25,1985-08-01,1985,8,319.87467108832465,115.67147580101374,145.89252668108256,65.83950865003797,66.74018701220315,132.57969505673364,42.545642368377194,128.65575590587795,262.7355917309958,462.8828684004526,896.8198620024181
MY_0p5_3.2500_114.2500,114.25,3.25,1985-08-01,1985,8,350.9623427664398,112.80574589626045,139.68779122905366,62.32404966415113,107.83093594593605,170.15498109076432,42.618215317938734,128.72600764377862,262.0873503472395,458.43828811159557,891.8698415573992
MY_0p5_3.2500_114.7500,114.75,3.25,1985-08-01,1985,8,365.8813660251108,112.68959550796802,139.63093627638122,65.20442430532663,126.94538043562777,192.1498028700519,42.788990713228856,129.22581020282334,263.13572994159284,461.0024505420855,896.1529677081262
MY_0p5_3.2500_115.2500,115.25,3.25,1985-08-01,1985,8,367.83634234078323,106.87196564976172,121.211083858828,37.160084169122236,140.71346546124806,177.87354949758023,42.65485610237604,128.76598435413987,261.7933739770817,456.2329350725005,889.4471406574492
MY_0p5_3.2500_115.7500,115.75,3.25,1985-08-01,1985,8,385.71628699141945,103.21159054188247,116.91873709003578,63.2088543752606,176.04501411352265,239.25385858771506,42.96021347903134,129.7159871304973,263.98212047105426,461.95197356149055,898.6103179588746
MY_0p5_3.7500_100.7500,100.75,3.75,1985-08-01,1985,8,186.56605529785156,110.04283142089844,124.2253189086914,2.084181785583496,0.11134819686412811,2.1955299377441406,39.51103973388672,119.0284194946289,240.22605895996094,408.7356262207031,807.5011596679688
MY_0p5_3.7500_101.2500,101.25,3.75,1985-08-01,1985,8,148.003197708472,106.89111278743806,125.98036937034631,2.2252566930159783,5.020522480113221,7.245779343021725,39.93049409242896,120.39385391284733,243.42308824656462,415.7026879764298,819.4501508694251
MY_0p5_3.7500_101.7500,101.75,3.75,1985-08-01,1985,8,138.25733221278472,101.10346501344328,119.71385530605438,3.265566579095877,12.258051765192848,15.523617802911504,40.24796629255745,121.31195158259885,245.18002615764647,418.6588261112287,825.3987871886819
MY_0p5_3.7500_102.2500,102.25,3.75,1985-08-01,1985,8,161.80772801959324,102.31451738145616,121.66426355271112,5.184986931937081,11.666929529583642,16.85191545637827,40.675214616079174,122.64714987618582,248.27642575218565,425.9224642314607,837.521257672991
MY_0p5_3.7500_102.7500,102.75,3.75,1985-08-01,1985,8,168.6836947486514,106.99655248248386,120.09155576191252,10.288558230324396,10.728282213967944,21.016839987134176,41.026694113110736,123.82344522627572,251.33530728779138,434.1495261540489,850.3349979461186
MY_0p5_3.7500_103.2500,103.25,3.75,1985-08-01,1985,8,156.40472667435728,110.22633477321183,116.33742825377222,16.779376624612247,15.328377431981703,32.107753155278225,40.925905908322804,123.456016181497,251.71289517271754,438.85136144301475,854.9462005016851
MY_0p5_3.7500_113.2500,113.25,3.75,1985-08-01,1985,8,286.6018190383911,119.45779359340669,147.46452606701462,46.49074304299277,21.406129618160058,67.89687247354476,42.290598134525496,127.98139103123398,261.76378694127817,462.155415019051,894.1911851226307
MY_0p5_3.7500_113.7500,113.75,3.75,1985-08-01,1985,8,291.23085736104537,119.11344478546627,143.8993375710299,39.86275888338058,32.3043546830952,72.16711376400056,42.391922392119874,128.2645622179346,262.3229131112207,463.40710696124717,896.386495942051
MY_0p5_3.7500_114.2500,114.25,3.75,1985-08-01,1985,8,299.29740351342696,117.38951970660496,140.55858120388453,36.92032460409497,50.05261236523825,86.97293451702784,42.46833772205171,128.44241865854417,262.42407003735735,462.688918922061,896.0237455822173
MY_0p5_3.7500_114.7500,114.75,3.75,1985-08-01,1985,8,300.0915374271453,115.55303935701886,141.38786657424197,41.694457862490694,69.067775132921,110.76223343137708,42.5282217116583,128.53190748426647,262.1778101360987,460.79795047820556,894.0358888656374
MY_0p5_3.7500_115.2500,115.25,3.75,1985-08-01,1985,8,297.57960243830604,106.88246040949745,116.1413565741645,21.36850608946785,95.92020825582836,117.28871367923796,42.24556047954257,127.5339546566918,259.17942495194694,450.3238942948598,879.2828336201017
MY_0p5_3.7500_115.7500,115.75,3.75,1985-08-01,1985,8,327.41603911694864,101.68184502690815,114.3327609823762,41.11219164621916,140.79378998022284,181.90597534179685,42.6789523886262,128.85993101270935,262.08388228382137,457.16186391706947,890.7846420617412
MY_0p5_4.2500_100.7500,100.75,4.25,1985-08-01,1985,8,209.13875102996826,109.50637526024046,119.38011761100927,3.383062565083407,0.9111189708417777,4.294181432529372,39.46076080945074,118.74166328274474,238.99553565200497,405.7656357122928,802.9635829380582
MY_0p5_4.2500_101.2500,101.25,4.25,1985-08-01,1985,8,195.27002296152043,101.93778323519763,118.31989446263405,5.185527484887725,18.193171944255663,23.3786986618285,40.620385127462406,122.34048848243276,247.0433145024974,422.2494921836124,832.2536753271797
MY_0p5_4.2500_101.7500,101.75,4.25,1985-08-01,1985,8,201.6523451133283,101.52653795918718,123.62839717682179,4.4074263862146745,7.813748553157236,12.221174953082881,40.67954428432087,122.55310594845123,247.7368750039001,424.40644968051123,835.3759547224444
MY_0p5_4.2500_102.2500,102.25,4.25,1985-08-01,1985,8,227.98879064005405,105.28510840175251,120.41430403249335,8.797612993100202,17.224333952029294,26.021947616967154,41.41894403280923,124.96692425907612,253.62796917510113,438.74824616551024,858.762087885945
MY_0p5_4.2500_102.7500,102.75,4.25,1985-08-01,1985,8,232.38473549618084,106.93501969355687,112.28819289480805,15.1829623204128,37.543211766868644,52.726173285466096,41.608395218089896,125.57716253001219,254.9995615284914,441.46913137253694,863.6542716056678
MY_0p5_4.2500_103.2500,103.25,4.25,1985-08-01,1985,8,211.42611730522788,112.4641665681314,113.05072608974336,21.25026454327414,36.926642620605044,58.17690824714688,41.69987830716974,126.0892719973255,257.22477844450947,449.4486070161082,874.4625307940441
MY_0p5_4.2500_113.7500,113.75,4.25,1985-08-01,1985,8,237.85964699397013,121.3514770161022,139.19737920221291,17.32587994269605,13.590569091293046,30.916448377213392,41.803873457998606,126.48649302068746,258.42314982864093,453.86211380868593,880.5756421359082
MY_0p5_4.2500_114.2500,114.25,4.25,1985-08-01,1985,8,219.98233089686437,120.19874717093805,137.70598781983367,13.223959506708685,9.742730840292678,22.96668968053398,41.722839340740194,126.16234538545942,257.35225262144826,450.3911776156039,875.6286326522534
MY_0p5_4.2500_114.7500,114.75,4.25,1985-08-01,1985,8,214.87024505615236,117.5946086629232,141.37696146647139,26.74304615020752,44.17216663360596,70.91521504720053,42.24759048461915,127.73381174723309,260.6966900634766,458.07972371419277,888.7577893066407
MY_0p5_4.2500_115.2500,115.25,4.25,1985-08-01,1985,8,204.8297281795078,111.05538400014242,117.64651539590625,10.413255830605825,53.80257374710507,64.21582929293315,41.458233118057244,125.15208419164021,254.03021732966107,438.63763576083716,859.2781480153401
MY_0p5_4.2500_115.7500,115.75,4.25,1985-08-01,1985,8,219.73446169061182,103.89070152670652,109.20806427001956,18.327237323179084,83.38594298281913,101.71318002474511,42.004772600076976,126.83682509600106,257.80147110243973,447.3568077992585,873.9998901367189
MY_0p5_4.2500_116.2500,116.25,4.25,1985-08-01,1985,8,255.5446109306522,112.61051201238865,115.14962521994988,44.6351927140864,117.86793908840276,162.50313833283215,42.51137377576131,128.3699526903106,261.11715093473106,455.26264544231134,887.2611337056975
MY_0p5_4.2500_116.7500,116.75,4.25,1985-08-01,1985,8,265.81030970226135,118.26857316562896,116.74724283383763,57.40179016686588,128.16886994466617,185.57066561307522,42.704581663098644,129.00641314556145,262.7691946746297,460.16014742989074,894.6403431093072
MY_0p5_4.2500_117.2500,117.25,4.25,1985-08-01,1985,8,257.31488280169737,123.6477127750363,116.27885234461422,41.521273739570006,93.16937455033835,134.69065090618304,42.54306821907516,128.65782138520638,262.73067359586736,462.3914412776981,896.3230261338497
MY_0p5_4.2500_117.7500,117.75,4.25,1985-08-01,1985,8,220.0573149461013,124.19273343860596,111.46116661006569,21.25765032442207,55.26253693735499,76.5201875898573,40.869106977413864,122.79515160454645,251.12698233840817,442.70200941297753,857.4932535285625
MY_0p5_4.2500_118.2500,118.25,4.25,1985-08-01,1985,8,146.28200031302828,123.45135011728745,103.88954075126891,10.14655318533539,26.785376348313253,36.93192913274097,38.010032532321425,112.47793443035928,230.04019398294437,405.10382235581716,785.6319587853305
MY_0p5_4.2500_118.7500,118.75,4.25,1985-08-01,1985,8,103.58462609185112,123.75405149106626,99.64664459228516,7.581989288330078,13.656322479248047,21.238311767578125,36.383670806884766,106.56048583984375,217.88748168945312,383.3929443359375,744.2245483398438
MY_0p5_4.7500_100.2500,100.25,4.75,1985-08-01,1985,8,278.31317816840277,110.9315914577908,,,,,,,,,
MY_0p5_4.7500_100.7500,100.75,4.75,1985-08-01,1985,8,256.92731158809573,107.23048431507861,119.09122702745888,7.209208657101887,4.801061537207627,12.01027061493416,39.713922934803534,119.11401171800566,237.98313091247059,399.1287843037427,795.9398476205221
MY_0p5_4.7500_101.2500,101.25,4.75,1985-08-01,1985,8,253.08303931284757,98.51751805865577,112.3158931671627,14.416143782176666,35.174099307590055,49.59024279760936,41.19073035830542,123.92597731332928,249.66958022344681,425.52287384517604,840.3091690305679
MY_0p5_4.7500_101.7500,101.75,4.75,1985-08-01,1985,8,261.78513287586776,102.38555557008773,117.68037392752512,14.067962307400174,21.92449053204249,35.99245260329474,41.30133396935842,124.34953761025083,251.09406379820814,430.2074833945624,846.9524183485244
MY_0p5_4.7500_102.2500,102.25,4.75,1985-08-01,1985,8,278.5468994140625,107.34203135172525,110.86736181349983,19.580058088756743,57.77683468773252,77.35689377557664,42.07482575916109,126.92259870256697,257.6172555106027,446.823914155506,873.4385637555804
MY_0p5_4.7500_102.7500,102.75,4.75,1985-08-01,1985,8,275.28254495608576,109.55834968226726,107.26709936834445,27.486895901382344,81.24606342680133,108.73295768203248,42.37624432023162,127.94318807808452,260.25421395271445,453.94440115181493,884.5180248090414
MY_0p5_4.7500_103.2500,103.25,4.75,1985-08-01,1985,8,251.1177664661859,115.62309948366081,105.1019707992948,33.7763667089033,74.82990159319777,108.60626797834448,40.797067494409994,122.33126873283811,249.07221331719546,434.7788601695832,846.9794115580319
MY_0p5_4.7500_103.7500,103.75,4.75,1985-08-01,1985,8,233.48231586657076,118.85518646240234,98.19789599133776,24.772795689570437,32.58848596548105,57.36128165505149,36.87296785627092,108.21683185131519,220.56340660986965,385.4396849793273,751.0929192877435
MY_0p5_4.7500_113.7500,113.75,4.75,1985-08-01,1985,8,149.8802947998047,121.96624755859375,,,,,,,,,
MY_0p5_4.7500_114.2500,114.25,4.75,1985-08-01,1985,8,149.8802947998047,122.34261894226073,137.19293212890625,6.064918518066406,2.8118233680725098,8.876742362976074,41.112361907958984,124.37240600585938,253.64390563964844,441.8501281738281,860.9788208007812
MY_0p5_4.7500_114.7500,114.75,4.75,1985-08-01,1985,8,151.91497326922675,122.87252233361686,142.87315007691745,13.217878577529746,16.02504236467423,29.242920260275564,41.77715875769175,126.36968715216524,258.0284484535136,452.4543667044691,878.6296636109712
MY_0p5_4.7500_115.2500,115.25,4.75,1985-08-01,1985,8,157.877961953481,120.18013608455655,128.97260693709052,8.785739332437513,31.362380499641098,40.148119817177445,41.04579349358876,123.86149636904395,251.1569186051686,432.46063439051295,848.5248114267984
MY_0p5_4.7500_115.7500,115.75,4.75,1985-08-01,1985,8,168.27036675347222,112.95408627949064,114.83463602217417,7.769428231981064,34.985867878747364,42.7552969554114,41.04398480369931,123.77230486188616,250.66250402056977,430.8695587642608,846.3483237614706
MY_0p5_4.7500_116.2500,116.25,4.75,1985-08-01,1985,8,185.1801945762028,113.74709387885197,117.9605076138935,13.828951647924995,59.498572794596335,73.32752443343873,41.88865955897739,126.46647455124626,257.03506193615135,446.2468337286085,871.637028188554
MY_0p5_4.7500_116.7500,116.75,4.75,1985-08-01,1985,8,198.81526821474486,116.54896161526064,116.25672835337966,16.73927249787729,79.79204214071925,96.53131497057178,42.21435175062735,127.51115859309331,259.54874536055553,452.60977047304567,881.8840386113035
MY_0p5_4.7500_117.2500,117.25,4.75,1985-08-01,1985,8,208.5911866687593,119.35747033982051,111.5759533352322,14.830576560610815,76.13231339227585,90.9628901163737,42.172479647681826,127.43453543526783,259.60465242900545,453.33411254882816,882.5457709418401
MY_0p5_4.7500_117.7500,117.75,4.75,1985-08-01,1985,8,179.340847353392,121.85127753245678,110.56159248834923,9.248078833652448,50.42034942288941,59.668428891821755,41.85797294182113,126.51211151895643,257.8474623281744,450.21186857585667,876.4294076267676
MY_0p5_4.7500_118.2500,118.25,4.75,1985-08-01,1985,8,126.39855608149392,123.92144951748492,114.07429811103862,6.227167544053428,32.46145213908287,38.68862136764144,41.645715397206985,125.92213102561146,256.85642154252713,448.8231316187873,873.2474046256676
MY_0p5_4.7500_118.7500,118.75,4.75,1985-08-01,1985,8,94.23174256916288,124.53612624542623,119.8595948038222,4.54925205435934,21.836555311951457,26.38580848597273,41.333414633062816,125.017491980444,255.09520402739324,445.6226362397399,867.0687533994263
MY_0p5_5.2500_100.2500,100.25,5.25,1985-08-01,1985,8,314.19709998334764,109.43802356168715,64.5965805053711,36.7461051940918,42.088417053222656,78.83451843261719,28.185388565063477,76.31670379638672,155.1234588623047,270.2642822265625,529.8898315429688
MY_0p5_5.2500_100.7500,100.75,5.25,1985-08-01,1985,8,310.16193055794906,105.98946675167811,121.07291149270947,26.217300458886157,39.87399704154881,66.0912964919518,40.39310790752542,120.80108072565889,242.28323451952005,409.86392597768497,813.3413373574444
MY_0p5_5.2500_101.2500,101.25,5.25,1985-08-01,1985,8,306.85577605716765,100.92909015473865,118.62812453981431,41.57004427228656,82.5983804006425,124.16842572651211,41.956896996876544,126.27729516407801,254.79906751844615,436.8202769445994,859.8535419766863
MY_0p5_5.2500_101.7500,101.75,5.25,1985-08-01,1985,8,303.88812751527047,103.72608940464677,119.65535306019387,41.47094494521998,71.06927548548221,112.54022459771225,42.186959904470264,127.12461775275554,257.3887767427286,444.935129056311,871.6354978524956
MY_0p5_5.2500_102.2500,102.25,5.25,1985-08-01,1985,8,300.2694034454928,114.61818957480655,109.48073094361906,40.033695743342115,75.49930990425644,115.5330042747935,42.15643529223788,127.05439748581807,258.1539440762465,449.89770031582776,877.2624669166127
MY_0p5_5.2500_102.7500,102.75,5.25,1985-08-01,1985,8,285.2976216369032,115.69364768836148,100.4694372144796,44.19707351943194,88.449597698147,132.64666740288166,41.37674939430366,124.25376648983713,252.65563892429157,440.75112728830106,859.0372684802039
MY_0p5_5.2500_103.2500,103.25,5.25,1985-08-01,1985,8,266.5629751699942,119.82679086513619,108.63100106375558,63.15676481073553,121.07138819508741,184.22814926543793,42.55497258669371,128.49692322371843,261.80632980148516,458.83156417252184,891.6897741540686
MY_0p5_5.2500_115.2500,115.25,5.25,1985-08-01,1985,8,172.67504710535852,125.43758909163938,132.32271038117955,11.4367187531268,20.125719054800566,31.562437182567162,40.66961845022734,122.63653414366675,248.30066918545083,427.2625297171171,838.869360751793
MY_0p5_5.2500_115.7500,115.75,5.25,1985-08-01,1985,8,180.47341776053642,123.51568939112411,123.66948037874899,7.77970032449496,19.26233570616124,27.042036004793843,40.35209214808577,121.57129508842857,245.57227576304288,420.3117302328853,827.8074078058792
MY_0p5_5.2500_116.2500,116.25,5.25,1985-08-01,1985,8,190.18294742439366,118.75317445585999,118.78835685343682,13.771769586997697,51.48850325089467,65.26027235200134,41.72917218751545,125.96316011646125,255.93477340891397,444.21128681038,867.8383988006206
MY_0p5_5.2500_116.7500,116.75,5.25,1985-08-01,1985,8,206.20181781430787,119.90775270099881,116.12755302236047,20.787949338743957,90.70079762422586,111.48874495301064,42.24924423121198,127.6365131909334,259.88586136057404,453.5153672423544,883.2870095168488
MY_0p5_5.2500_117.2500,117.25,5.25,1985-08-01,1985,8,229.74950309632314,123.93790154835536,114.00970679389104,20.902696043347554,93.29906143915086,114.20175754607669,42.3278083922371,127.93487439836775,260.81737157428074,456.48741522894966,887.5674729120163
MY_0p5_5.2500_117.7500,117.75,5.25,1985-08-01,1985,8,202.51768207852803,125.1158959040566,112.09901287744916,13.68669261629619,61.087584383525545,74.77427816239614,42.06427605038598,127.18216262090775,259.4783809601314,454.4718473888579,883.196658954923
MY_0p5_5.2500_118.2500,118.25,5.25,1985-08-01,1985,8,133.82643107878857,125.14825820922852,113.88047149075062,8.863211981050528,30.665921156573447,39.52913393640215,41.71111442177159,126.17419934120906,257.6710401401398,451.5157886675209,877.0721550230767
MY_0p5_5.2500_118.7500,118.75,5.25,1985-08-01,1985,8,91.11536949157716,124.59098135327534,120.80393176608615,4.231751653883192,17.474861039055718,21.706613487667507,41.128857877519394,124.40740892622206,253.8466928270128,443.16670396592883,862.5496749877931
MY_0p5_5.2500_119.2500,119.25,5.25,1985-08-01,1985,8,74.12579836910717,124.77993345714751,123.91199493408203,2.3100273609161377,13.966659545898438,16.276687622070312,40.88092803955078,123.64686584472656,252.15301513671875,439.3537902832031,856.0346069335938
MY_0p5_5.7500_100.2500,100.25,5.75,1985-08-01,1985,8,357.6438916180585,110.06605845958262,98.55512993488837,71.74138333381863,68.96588701720631,140.70726923111383,35.40570670311604,102.42976288401752,207.06940145230075,358.34655229760966,703.2514094081494
MY_0p5_5.7500_100.7500,100.75,5.75,1985-08-01,1985,8,349.0117176843068,108.60428403824093,116.46019991556804,65.58926692962648,119.67686180114744,185.2661262003581,40.69651709238688,121.53717539469402,246.29410115559892,427.2920229085286,835.8198270670573
MY_0p5_5.7500_101.2500,101.25,5.75,1985-08-01,1985,8,339.4670667272853,107.38474474929451,122.9460126321147,77.38985791544278,151.77673796405944,229.166589812031,42.75117916197289,128.91234204149623,261.5672726368341,454.7791259044738,888.0099073995756
MY_0p5_5.7500_101.7500,101.75,5.75,1985-08-01,1985,8,324.12104339599614,110.4391494115194,123.54447037378948,71.72497064272564,117.61979344685871,189.3447697957357,42.50848654111228,128.1335903167725,259.70446510314946,450.4757712046306,880.8223162333171
MY_0p5_5.7500_102.2500,102.25,5.75,1985-08-01,1985,8,300.06230965638764,120.93721397106465,109.3070470893423,48.15692349957296,61.285262653723315,109.44218313814413,41.001913834902574,122.88797806248519,247.91878147317905,425.1856410993069,836.9942982477772
MY_0p5_5.7500_102.7500,102.75,5.75,1985-08-01,1985,8,286.0248735700335,119.48120528285942,82.00918579101562,41.71904754638672,53.02406692504883,94.74311065673828,35.6911506652832,103.61599731445312,209.58230590820312,361.6472473144531,710.5366821289062
MY_0p5_5.7500_103.2500,103.25,5.75,1985-08-01,1985,8,270.56207275390625,121.68233489990234,,,,,,,,,
MY_0p5_5.7500_115.2500,115.25,5.75,1985-08-01,1985,8,179.44863891601562,128.4581309000651,137.94406127929688,12.517254829406738,14.749634742736816,27.266889572143555,41.83998107910156,126.54476928710938,258.3883056640625,453.2626037597656,880.03564453125
MY_0p5_5.7500_115.7500,115.75,5.75,1985-08-01,1985,8,177.93732372822208,125.54391643313541,125.24759608677456,9.307944742838542,23.161426526024226,32.46937125069754,41.20479772658575,124.40618540445965,252.74833853585383,437.6241835821243,855.983507719494
MY_0p5_5.7500_116.2500,116.25,5.75,1985-08-01,1985,8,176.26101645817832,118.82417503235831,115.7106947641524,9.645758780222089,36.580059239220994,46.22581685384114,41.084731522817464,123.93832317533948,251.21687132820253,432.5591638958643,848.7991013299851
MY_0p5_5.7500_116.7500,116.75,5.75,1985-08-01,1985,8,191.7483441065228,116.75876571413072,109.94735216413225,20.190895051804798,71.24763238089425,91.4385257781498,41.76850863259936,126.07319084046378,256.04207264733697,443.66124974810884,867.5450232127356
MY_0p5_5.7500_117.2500,117.25,5.75,1985-08-01,1985,8,221.1361590364378,125.60772481250461,113.88153557521689,30.590871967351777,75.80802678008936,106.39890039004737,42.31073168926058,127.94028610085087,261.14280917291006,458.4468756353818,889.8407053661646
MY_0p5_5.7500_117.7500,117.75,5.75,1985-08-01,1985,8,204.72203320700027,128.70579942975723,115.83408350592494,24.733439234279146,46.51156220660114,71.24500121046233,42.31186249752174,128.0738994419175,262.1248797730311,463.1630881904756,895.6737222351484
MY_0p5_5.7500_118.2500,118.25,5.75,1985-08-01,1985,8,146.38713209841734,127.86234242121378,118.58203342013888,17.54784322950575,27.485047641330294,45.032890794542105,42.14429648505316,127.59959384494358,261.2504633246528,461.5323975965712,892.5267469618055
MY_0p5_5.7500_118.7500,118.75,5.75,1985-08-01,1985,8,97.62061698620138,126.84572953444263,119.73588562011719,15.88278865814209,22.87820816040039,38.7609977722168,42.072696685791016,127.38961029052734,260.8136291503906,460.50262451171875,890.778564453125
MY_0p5_6.2500_99.7500,99.75,6.25,1985-08-01,1985,8,423.58849200080425,113.24137998094746,125.12715450553007,115.862266008244,64.85840828474177,180.72067118799964,41.48248787813408,124.9283053375954,251.75689377895623,428.7728945709938,846.940584404524
MY_0p5_6.2500_100.2500,100.25,6.25,1985-08-01,1985,8,387.75141584873194,112.47270470857622,118.2401859517,88.2504953189772,71.9905493132922,160.24104128467792,39.98297829141421,119.15126822335378,240.37520571338882,413.34906441824774,812.8585122867505
MY_0p5_6.2500_100.7500,100.75,6.25,1985-08-01,1985,8,365.58385688457713,113.24409826565895,116.20688193184992,80.53365364221992,128.62176080652188,209.1554135944853,41.67493247249412,125.0338988433013,251.7442866144954,440.60763644067487,859.0607693351834
MY_0p5_6.2500_101.2500,101.25,6.25,1985-08-01,1985,8,353.87862079326925,113.92781994159405,115.57859590970554,82.88728614220253,145.4057835505559,228.29306969275842,42.42809254572942,127.74997840294472,257.22480938251203,452.72114070012026,880.1240328275239
MY_0p5_6.2500_101.7500,101.75,6.25,1985-08-01,1985,8,307.0170741489955,121.88873378208704,116.09625265938894,56.21259869166783,65.2043407167707,121.41693899972097,41.624528830392016,125.19360198974609,252.0783486502511,430.36726510184144,849.2637433733258
MY_0p5_6.2500_102.2500,102.25,6.25,1985-08-01,1985,8,283.8392690022786,125.14580000900641,111.40233612060547,28.519838333129883,13.899443626403809,42.419281005859375,40.87287139892578,122.62004852294922,245.1007537841797,410.9737548828125,819.5674438476562
MY_0p5_6.2500_115.7500,115.75,6.25,1985-08-01,1985,8,151.23090900074354,127.09284418279475,133.64437866210938,8.344956398010254,20.346158981323242,28.691116333007812,41.166015625,124.34488677978516,252.76939392089844,437.4167175292969,855.697021484375
MY_0p5_6.2500_116.2500,116.25,6.25,1985-08-01,1985,8,146.12903501276384,123.55632664864522,122.80685149205412,6.157855420385689,17.04612059635213,23.203976862231013,40.54009109026534,122.34166354544887,247.94630559845643,425.920423196801,836.7484924047528
MY_0p5_6.2500_116.7500,116.75,6.25,1985-08-01,1985,8,149.91848825121684,121.6406241280692,111.56572825113932,8.241453747522264,25.75260213291834,33.99405685909211,40.47573594592866,122.08643193320621,247.1261962890625,423.62981799897693,833.3181764632938
MY_0p5_6.2500_117.2500,117.25,6.25,1985-08-01,1985,8,175.35933387393044,127.3095973665752,112.98138413202193,18.946868534693643,36.06435996767074,55.01123029012529,41.02066047305153,123.56982099745008,251.43221968393476,437.3661872984871,853.3888877263144
MY_0p5_6.2500_117.7500,117.75,6.25,1985-08-01,1985,8,183.01048318545025,130.18241810798645,114.39398086280154,21.419763927571257,28.193247282714175,49.61301213537742,41.15806414509378,124.0272737915753,253.07770899722456,443.50187299404934,861.7649407637746
MY_0p5_6.2500_118.2500,118.25,6.25,1985-08-01,1985,8,177.93431145804269,130.51195907592773,117.24734660557338,18.16632568836212,22.188278421759602,40.354602575302124,41.90246772766113,126.77421815054758,259.08159092494424,455.59408787318637,883.3523842947824
MY_0p5_6.7500_100.2500,100.25,6.75,1985-08-01,1985,8,400.5029694052303,113.79862594604492,124.16623721403235,93.04089871574851,66.48665015837724,159.52754222645478,41.673098395852485,125.41462415807386,252.94886925641228,433.5134613934685,853.5500645357021
MY_0p5_6.7500_100.7500,100.75,6.75,1985-08-01,1985,8,378.5690420645255,116.71980511700666,115.55546541567202,63.476068002206304,73.42187810827186,136.89794300220632,41.350049054181135,123.96574062771269,245.4875657823351,435.20398966471356,846.0073649088542
MY_0p5_6.7500_116.2500,116.25,6.75,1985-08-01,1985,8,108.44114413206604,128.29770465229834,112.4372355763505,1.6545071136660692,1.509088522050439,3.1635954787091514,38.22792862682808,115.20268882193217,231.45039256026107,388.76554089057737,773.6465468988188
MY_0p5_6.7500_116.7500,116.75,6.75,1985-08-01,1985,8,117.11189685628572,127.86391249299051,107.49952890750448,2.0777187875137026,3.664286508861738,5.7420053444361026,37.651319390700266,112.66078406171837,226.83601892041597,382.9073749285913,760.0555009804225
MY_0p5_6.7500_117.2500,117.25,6.75,1985-08-01,1985,8,135.5799397525624,128.7805071121607,105.11118799395265,4.55953459929576,5.26287235359175,9.822407108492555,37.579312839339266,111.79429163974999,225.79187889436704,384.55080717643807,759.7163050828782
MY_0p5_6.7500_117.7500,117.75,6.75,1985-08-01,1985,8,156.59847768147787,130.25806257459854,110.98219609260559,8.211113438010216,4.500634716823698,12.71174818277359,38.993943095207214,116.36701703071593,235.89330959320068,406.30226612091064,797.556547164917
MY_0p5_7.2500_116.7500,116.75,7.25,1985-08-01,1985,8,92.04318129171537,128.82284000941686,100.54906184984289,0.7255896117376244,0.07766422188800313,0.8032538382903389,35.07712143607761,104.39734589949899,208.32343298870586,342.46758396314533,690.2654870074728
MY_0p5_7.2500_117.2500,117.25,7.25,1985-08-01,1985,8,92.51708482622027,128.2710392582524,98.01480648643091,0.6386059516354611,0.07503040314553991,0.7136363716501939,34.38982419465717,102.04546436510586,203.5986053466797,333.5059117367393,673.539804559005
MY_0p5_0.7500_110.2500,110.25,0.75,1985-09-01,1985,9,210.77073927659256,108.72083611121546,122.63023928128757,13.861334712688741,43.67093822772687,57.53226952185998,41.85197213979868,126.36996096097508,256.98542715219355,447.0370239257813,872.2443763146035
MY_0p5_0.7500_110.7500,110.75,0.75,1985-09-01,1985,9,221.4243192400251,110.60521240234375,127.82879616873603,26.901210703168594,56.77956308637346,83.68077261788504,42.40286794389997,128.17875126429965,261.563756452288,459.8031463623047,891.9485151018414
MY_0p5_0.7500_111.7500,111.75,0.75,1985-09-01,1985,9,224.23640780978732,108.60534135122147,124.05541108146546,45.94335035293821,64.6027474176316,110.54609898158482,42.350057632204084,127.95909627278647,260.79672483413935,457.126462906126,888.2323463076636
MY_0p5_1.2500_103.2500,103.25,1.25,1985-09-01,1985,9,194.34409487826153,99.63690681827877,124.55761354619808,19.684620423750445,13.754093598235738,33.438714634288445,38.58585262298584,114.5073934034868,233.40247102217245,408.61667702414775,795.1124045632104
MY_0p5_1.2500_103.7500,103.75,1.25,1985-09-01,1985,9,195.87978948204264,97.94200941659872,114.56344737821414,22.7103029825155,30.18663154296505,52.896935768497805,39.84687564442459,119.22538305486292,243.0226084885088,425.859234263596,827.9541098585407
MY_0p5_1.2500_104.2500,104.25,1.25,1985-09-01,1985,9,195.99705766950333,98.3367798941476,103.15558624267578,26.23960304260254,49.27158737182617,75.51119232177734,41.475303649902344,125.31892395019531,255.37754821777344,447.6481628417969,869.8199462890625
MY_0p5_1.2500_109.7500,109.75,1.25,1985-09-01,1985,9,189.04650915674418,109.7364902726139,131.26700288703645,16.441778677055638,32.23066578141179,48.67244440101716,42.278682984501486,127.89743087952395,261.4810746893825,461.2966179905168,892.9537897684488
MY_0p5_1.2500_110.2500,110.25,1.25,1985-09-01,1985,9,209.5644302073593,109.51759067373388,125.82612757148891,16.010324614388605,44.005761975026964,60.0160848698561,41.98993438367218,126.82419656878734,258.1507619025625,450.3566992328894,877.3215923530255
MY_0p5_1.2500_110.7500,110.75,1.25,1985-09-01,1985,9,219.13148624480718,110.82191210549973,130.39090498666914,28.030893374246258,56.69955238463386,84.73044392419239,42.45607739403134,128.37052457294766,262.1210451156374,461.5872819204178,894.5349202473958
MY_0p5_1.2500_111.2500,111.25,1.25,1985-09-01,1985,9,216.1642776830509,110.00597259716486,126.97126238643173,32.6356999028605,57.31599711457761,89.95169927822515,42.374155940339215,128.08267748165437,261.28472422639396,458.88459529206403,890.6261787780179
MY_0p5_1.2500_111.7500,111.75,1.25,1985-09-01,1985,9,220.75231352306548,108.02255164252385,123.95418754456537,43.34388623918805,61.2794546097044,104.6233405461387,42.29436577690972,127.76597837417846,260.2671692863343,455.5428495861235,885.8703690786209
MY_0p5_1.2500_112.2500,112.25,1.25,1985-09-01,1985,9,229.12847474383824,106.35990545592333,127.60102944930797,50.53616656385702,76.51421360073961,127.05038026141635,42.445571473407256,128.17009281991096,260.9219818889792,456.5276540378628,888.0653100957725
MY_0p5_1.2500_112.7500,112.75,1.25,1985-09-01,1985,9,256.6329809824626,105.63749408721924,128.78638823827106,70.87239782015482,101.88404369354248,172.7564436594645,42.462235530217484,128.09832572937012,260.13737169901526,452.5404141743978,883.238333384196
MY_0p5_1.2500_113.2500,113.25,1.25,1985-09-01,1985,9,313.1214090098505,105.9770185387653,132.37278349503225,94.5313961526622,141.42469416079314,235.95609794284985,42.773963596509844,129.0311745021654,262.02154541015625,456.3266689134681,890.1533298658288
MY_0p5_1.2500_113.7500,113.75,1.25,1985-09-01,1985,9,332.5338537042791,105.56296319672555,131.69729036273375,77.8038696231264,138.7605064276493,216.56438122373638,42.813982876864344,129.15925436308888,262.31056583288944,456.99438823353154,891.2781755851977
MY_0p5_1.2500_114.2500,114.25,1.25,1985-09-01,1985,9,335.66893559008577,103.66522216796876,130.21855379627868,65.52774010717341,127.16325844283654,192.69099790860068,42.793681254429096,129.1158391901877,262.30271655057385,457.2348827260786,891.4471311316026
MY_0p5_1.2500_114.7500,114.75,1.25,1985-09-01,1985,9,334.06890376921626,100.5544642786826,124.59832566784274,63.307008312594505,134.5499523532006,197.85696411132812,42.81992573891917,129.17501092726184,262.3104759954637,456.7372574344758,891.0426753874748
MY_0p5_1.7500_102.7500,102.75,1.75,1985-09-01,1985,9,190.88710089414823,99.97633290159109,132.20502281188962,13.6521817445755,20.501398980617523,34.153581142425544,40.846861720085144,122.62792706489563,250.19401168823242,439.6442766189575,853.3130722045898
MY_0p5_1.7500_103.2500,103.25,1.75,1985-09-01,1985,9,193.49122943657247,97.5540471905447,132.60515968322755,17.332611117362976,23.439085264205936,40.77169681549073,40.736646804809574,122.2277437210083,249.33352172851565,437.7716886901855,850.0695993041994
MY_0p5_1.7500_103.7500,103.75,1.75,1985-09-01,1985,9,194.55626287339607,97.04354853569706,123.44602715214597,22.794949121113063,27.27935829041879,50.0743086488941,40.66640865953663,122.13320488265798,248.95074163509318,436.1909490657758,847.9413121863257
MY_0p5_1.7500_104.2500,104.25,1.75,1985-09-01,1985,9,194.72623291015626,97.93212847709654,118.09567787111268,25.884946202122887,34.703012776929285,60.587960117547084,41.617907561073004,125.72993161696796,256.0633595784505,447.8270658744398,871.2382784111555
MY_0p5_1.7500_109.7500,109.75,1.75,1985-09-01,1985,9,191.9505672011265,109.58466263704521,131.6551055908203,16.84453010559082,31.832372665405273,48.676902770996094,42.3027229309082,127.9793701171875,261.704345703125,461.9666442871094,893.9530639648438
MY_0p5_1.7500_110.2500,110.25,1.75,1985-09-01,1985,9,206.52782294455542,110.67004849212339,131.52433776855472,20.736149028023295,44.87145606464243,65.6076067756204,42.26111231513202,127.72165455537684,260.4769212039397,457.0463279683322,887.506034973471
MY_0p5_1.7500_110.7500,110.75,1.75,1985-09-01,1985,9,214.6351789994673,110.80892042680219,135.38183135986327,31.969742298126217,56.34641323089599,88.31615257263182,42.565403366088866,128.76323623657225,263.262158203125,465.2704864501953,899.8612762451171
MY_0p5_1.7500_111.2500,111.25,1.75,1985-09-01,1985,9,210.5101373097253,108.82016165597099,131.14799286598384,31.802472713381746,48.33246183173602,80.13493538789972,42.34368106930755,128.03321831281795,261.3800989905069,459.7699874523074,891.5269940043605
MY_0p5_1.7500_111.7500,111.75,1.75,1985-09-01,1985,9,212.70669797100592,106.45003178753427,125.7213048814218,36.74954009961477,46.22388812560069,82.97342598589158,42.20307172702837,127.51465019998668,259.856014106847,455.0019199033326,884.5756571323055
MY_0p5_1.7500_112.2500,112.25,1.75,1985-09-01,1985,9,223.39553774879093,105.685449945359,125.12759924994575,44.56404194907536,59.98074156746032,104.54478100973463,42.20866978963216,127.43474712069074,259.2182944645957,452.05901789589535,880.9207314143105
MY_0p5_1.7500_112.7500,112.75,1.75,1985-09-01,1985,9,252.58447202652223,106.19137369791667,127.47126433357359,65.3640245831202,82.61340158856103,147.97742820618643,42.34493789672852,127.7979292370024,259.7605128696987,452.53897143167165,882.4423461914063
MY_0p5_1.7500_113.2500,113.25,1.75,1985-09-01,1985,9,301.3711325993613,107.00963408455016,131.08743722098214,86.38896113804408,116.0191114153181,202.40807708255826,42.63536068144299,128.65927656870042,261.50599520244293,456.2100177098834,889.0106352306547
MY_0p5_1.7500_113.7500,113.75,1.75,1985-09-01,1985,9,325.68405597020705,106.76416633242651,130.69534689282614,76.80956759982638,126.75963108123292,203.56920321025544,42.71718030657087,128.87029627239892,261.7255590045263,455.8585758269779,889.1715882316468
MY_0p5_1.7500_114.2500,114.25,1.75,1985-09-01,1985,9,330.6225286574591,104.94724796840121,129.39733150421625,63.605805993458574,114.85345831976996,178.45926252092633,42.703775375608416,128.84669388059586,261.7428860134549,456.05253751240076,889.3458951435391
MY_0p5_1.7500_114.7500,114.75,1.75,1985-09-01,1985,9,329.174709656078,103.18246479726209,125.0916364205316,57.679906854975414,114.28500239713205,171.96491000318775,42.72208011212127,128.8998076285723,261.8211535518033,456.02720207253884,889.470249946871
MY_0p5_2.2500_101.7500,101.75,2.25,1985-09-01,1985,9,209.74140745220762,101.81133617054334,125.56435787316525,11.412824081652092,4.764729432385378,16.17755363926743,40.025467265735976,119.86024058948864,240.05532328287762,406.5195888943142,806.4606261590515
MY_0p5_2.2500_102.2500,102.25,2.25,1985-09-01,1985,9,195.90250568298632,98.47590889086563,126.17684118827563,12.7496908680674,9.228858600963244,21.97854953747617,40.505447223426046,121.61508145857084,245.69253072784275,422.2856078809528,830.098662015924
MY_0p5_2.2500_102.7500,102.75,2.25,1985-09-01,1985,9,189.43681996985327,97.53360593771633,132.42314143120487,14.100789266296578,17.1852291716805,31.286019264897213,41.322581508491616,124.41186279586599,253.38495095168486,443.31004468700553,862.429445870315
MY_0p5_2.2500_103.2500,103.25,2.25,1985-09-01,1985,9,192.38893326047864,95.57399558415489,134.002439468626,16.601950887649778,25.889108984810964,42.49106054154653,41.73482431078714,125.82662319607205,256.1398167201451,447.6704480367993,871.3717114645336
MY_0p5_2.2500_103.7500,103.75,2.25,1985-09-01,1985,9,192.46825483936374,96.69397045070842,134.4892149327165,20.039162192910403,17.540077164213535,37.579239680403376,41.34693657826569,124.56780894651251,253.4272647146451,441.56805813029655,860.910082387116
MY_0p5_2.2500_104.2500,104.25,2.25,1985-09-01,1985,9,190.53247492100166,98.04057448472435,138.99651216869515,20.279292193326086,8.950427000187647,29.229718736380587,41.61744765604823,125.68322230567617,255.62508020322184,444.7062690671811,867.6320457773761
MY_0p5_2.2500_104.7500,104.75,2.25,1985-09-01,1985,9,184.23834228515625,99.81681060791016,,,,,,,,,
MY_0p5_2.2500_109.7500,109.75,2.25,1985-09-01,1985,9,205.62441770492063,108.27027277792654,,,,,,,,,
MY_0p5_2.2500_111.2500,111.25,2.25,1985-09-01,1985,9,210.8429321050644,106.8655216395855,130.52549878288715,37.23491360159481,31.616514290080346,68.85142881730022,42.275565035202916,127.88504118077894,261.3842064352596,460.8714684879078,892.4162875904755
MY_0p5_2.2500_111.7500,111.75,2.25,1985-09-01,1985,9,212.71103224981397,105.68031645275298,129.89251776801214,38.55629082331582,35.02187130640423,73.57816217816064,42.27376896691701,127.86117391434927,261.2427366226438,460.2578537713913,891.6355342804438
MY_0p5_2.2500_112.2500,112.25,2.25,1985-09-01,1985,9,220.42185484871027,105.96353377084884,127.60589771573507,44.499089086623414,45.11325969393291,89.61234847780257,42.23611109900096,127.65839289105126,260.3687518407428,456.83921431284097,887.1024757021949
MY_0p5_2.2500_112.7500,112.75,2.25,1985-09-01,1985,9,241.19985923161576,106.8718275766524,127.18863813612195,53.75851774669828,54.61593601287357,108.37445363847034,42.235430956643725,127.5722181532118,259.7982149638827,454.35955733041914,883.9654250372024
MY_0p5_2.2500_113.2500,113.25,2.25,1985-09-01,1985,9,275.78988230871784,107.99492914109003,131.29145144507999,65.32506178598557,71.92202620733353,137.24708726671008,42.43184902857221,128.1278498573909,260.8406215122768,456.43838394407254,887.8386964828251
MY_0p5_2.2500_113.7500,113.75,2.25,1985-09-01,1985,9,297.93258290351196,107.39510294757314,132.61974460263798,60.747707982606535,89.3318909270854,150.07960032209567,42.48904746091819,128.1730282457569,260.25392933133287,452.8067936957638,883.7227914544602
MY_0p5_2.2500_114.2500,114.25,2.25,1985-09-01,1985,9,310.34208509657117,105.9229688129728,130.41668056911894,58.89041628156389,101.54682532416449,160.43723880828372,42.60090540325831,128.51575191437252,260.9629673549107,454.1667318677146,886.2463406032988
MY_0p5_2.2500_114.7500,114.75,2.25,1985-09-01,1985,9,322.5706639443675,103.80527909801854,125.76950422717681,58.58694585984754,111.61948798394971,170.20643005371096,42.73424690000473,128.94635182042276,261.9894321564705,456.75467942760844,890.4247216009327
MY_0p5_2.2500_115.2500,115.25,2.25,1985-09-01,1985,9,337.5240173339844,102.32482147216797,121.95661926269531,71.91592407226562,132.3117218017578,204.22764587402344,42.885868072509766,129.4469757080078,263.2450866699219,460.12017822265625,895.6981201171875
MY_0p5_2.7500_101.2500,101.25,2.75,1985-09-01,1985,9,230.0526885986328,100.787841796875,115.57601165771484,13.149118423461914,13.021565437316895,26.170684814453125,39.807037353515625,118.95451354980469,235.6123504638672,391.9097595214844,786.2836303710938
MY_0p5_2.7500_101.7500,101.75,2.75,1985-09-01,1985,9,213.9243468588971,98.10002005837181,110.72389357133343,16.38606212269176,31.715552760037507,48.101612673672754,40.51627022483132,121.51870555530893,243.14346968217328,411.9877211692116,817.1661510120738
MY_0p5_2.7500_102.2500,102.25,2.75,1985-09-01,1985,9,200.96162492302574,95.64650288964532,126.51403684676833,12.335015254415524,8.088571961518307,20.423587865890212,40.95926390483881,123.16010379183821,247.84373075643165,422.3201392106949,834.2832491929364
MY_0p5_2.7500_102.7500,102.75,2.75,1985-09-01,1985,9,193.8221747482879,95.46881352195257,131.02137606657,15.345321775991703,15.212357907355583,30.55768057666247,41.86110247841364,126.36920603015754,256.95352520520174,447.73824706258654,872.9220901682406
MY_0p5_2.7500_103.2500,103.25,2.75,1985-09-01,1985,9,193.69014322074355,96.47940437657059,126.67265973425215,17.116100888343375,16.9401651021022,34.05626661458593,40.91849909010966,122.94693846004024,249.9250333263616,434.8840069618954,848.6744684110021
MY_0p5_2.7500_103.7500,103.75,2.75,1985-09-01,1985,9,191.71510069473928,98.2992411074431,124.75213612499326,16.363631121024557,8.73282199631089,25.096453178862824,39.81856698594335,119.10346239503077,241.97502037786668,419.82264899328555,820.719710811492
MY_0p5_2.7500_104.2500,104.25,2.75,1985-09-01,1985,9,187.11860320147346,99.02436245188993,137.66917419433594,14.76082992553711,4.410202980041504,19.171031951904297,41.38758087158203,124.9714126586914,254.0459442138672,441.0286865234375,861.4336547851562
MY_0p5_2.7500_111.2500,111.25,2.75,1985-09-01,1985,9,215.64834447400324,105.8922506398168,131.88857897590188,47.16202051499311,32.145623543683215,79.30764523674459,42.2557487487793,127.85106367223403,261.38153524959785,460.96789640538833,892.4562557444852
MY_0p5_2.7500_111.7500,111.75,2.75,1985-09-01,1985,9,219.63688459552702,105.2929063703193,132.18886572739171,47.19111902960415,34.44667434692383,81.63779377115183,42.311124045273345,127.99921693473026,261.6506142451845,461.5753923613449,893.5363451201338
MY_0p5_2.7500_112.2500,112.25,2.75,1985-09-01,1985,9,226.2702124390421,105.85730163960515,132.47046178181964,54.16959130605062,44.62269008636475,98.79228139241536,42.404909362792964,128.23978006998698,261.9939177449544,461.98122019449863,894.6198177083334
MY_0p5_2.7500_112.7500,112.75,2.75,1985-09-01,1985,9,241.14425726781917,107.14995693255075,131.81082172635234,63.67692406569855,60.832609297354004,124.50953015194662,42.43450178073931,128.2592961757998,261.6906918875779,460.1634183473225,892.5479180058346
MY_0p5_2.7500_113.2500,113.25,2.75,1985-09-01,1985,9,266.04159381200395,108.64607778882223,133.73971451047868,67.36955827985491,69.88809637644935,137.25765526181175,42.48234279572017,128.35527135455416,261.67668854244164,459.4632237994481,891.9775311182416
MY_0p5_2.7500_113.7500,113.75,2.75,1985-09-01,1985,9,285.55444345656474,108.86694005492386,135.8459356028563,59.253648952314045,85.20385900120826,144.4575068965839,42.5534401304403,128.43013685675945,261.11450273064287,455.86762844984696,887.9657316754577
MY_0p5_2.7500_114.2500,114.25,2.75,1985-09-01,1985,9,300.739793415311,106.59283925309965,131.8548005019562,60.859450581707534,108.29172680045987,169.15118263341205,42.68918653077718,128.786411381975,261.5342166755773,455.47469349148906,888.4845046031323
MY_0p5_2.7500_114.7500,114.75,2.75,1985-09-01,1985,9,318.67229019456613,106.60497468596051,127.41453889980438,69.07690389596732,119.54857808009834,188.62548410209124,42.795724710841085,129.164512391303,262.60711971210065,458.6763778006196,893.2437157114601
MY_0p5_2.7500_115.2500,115.25,2.75,1985-09-01,1985,9,338.5389024889147,103.0074220949465,120.31819262805286,75.71846331347214,135.43233331903681,211.1508004128396,42.845429841462554,129.2731199522276,262.58880092861415,457.5540988681553,892.2614564637879
MY_0p5_3.2500_101.2500,101.25,3.25,1985-09-01,1985,9,233.51517062717016,99.57882141232027,120.86371624423373,17.100989553251154,6.114083688082862,23.215074687616372,40.59368378457392,121.67426163491572,242.7607945542391,408.09382777826335,813.1225766430568
MY_0p5_3.2500_101.7500,101.75,3.25,1985-09-01,1985,9,219.19114402914946,93.31486720188408,112.28948736494515,18.978186206453167,35.64303273000536,54.62121555911508,41.17983194824997,123.68226293090042,248.18870733953585,421.48301065044046,834.5337909285431
MY_0p5_3.2500_102.2500,102.25,3.25,1985-09-01,1985,9,210.74037586999316,94.63796706426712,126.70436609661768,11.82735432821607,6.884972012232222,18.712326891460116,40.95859351990715,123.06749158586774,247.15686844114273,419.3824084085132,830.56537078373
MY_0p5_3.2500_102.7500,102.75,3.25,1985-09-01,1985,9,203.27695827242695,94.94679593436325,129.63300516635556,20.5997509111332,19.58847195287294,40.18822306017332,41.77375317827055,125.95513747010048,255.2713420723058,441.7451375647436,864.7453783252571
MY_0p5_3.2500_103.2500,103.25,3.25,1985-09-01,1985,9,197.1439533544286,97.067900716676,120.61635050323189,25.706649910743536,25.134306941047942,50.840956691033675,40.1939577108874,120.2343926445281,244.34680851740634,425.0013816411021,829.7765246462744
MY_0p5_3.2500_112.2500,112.25,3.25,1985-09-01,1985,9,230.8323757595486,106.10106709798178,134.47742072211372,61.876483832465276,45.90060492621528,107.77708875868056,42.471999698215065,128.47015584309898,262.6256429036459,463.933482530382,897.5012627495661
MY_0p5_3.2500_112.7500,112.75,3.25,1985-09-01,1985,9,249.11580608737083,107.71747349154565,135.53089216888927,72.64176778324315,64.00248124169521,136.64424908747438,42.5388117305568,128.6102662633677,262.6067807557153,462.8438180391905,896.5996954245645
MY_0p5_3.2500_113.2500,113.25,3.25,1985-09-01,1985,9,272.0498253384927,109.45013576880433,138.3952848839037,69.65955147598729,65.01226988705722,134.67181934009898,42.52727001363581,128.5503556800611,262.35034272165007,461.8325085495457,895.2604714595911
MY_0p5_3.2500_113.7500,113.75,3.25,1985-09-01,1985,9,286.6724779885912,110.62675255669487,137.2120626782614,60.372659677172464,74.7109623984685,135.08361763121587,42.53982238769532,128.50526219928076,261.8685238792783,459.522461421906,892.4360644143725
MY_0p5_3.2500_114.2500,114.25,3.25,1985-09-01,1985,9,300.7403710237733,110.32310301179339,132.44557661311643,57.796734062729364,102.8653001238586,160.6620360939366,42.64744605532117,128.68167940370597,261.4371006473614,455.6660958065349,888.4323238688668
MY_0p5_3.2500_114.7500,114.75,3.25,1985-09-01,1985,9,318.24180593308375,111.31112527543573,131.02770286608654,66.03013732327018,115.6044276292157,181.63456721214735,42.79553389093679,129.18021169285868,262.74822803667394,459.4459477321357,894.1698899967656
MY_0p5_3.2500_115.2500,115.25,3.25,1985-09-01,1985,9,339.63392310806466,105.19392537467088,117.81756224813338,69.04921266097055,124.8710466215882,193.92026032073588,42.73034552079212,128.88328899914706,261.54081619842145,454.4456514768962,887.6001034507268
MY_0p5_3.2500_115.7500,115.75,3.25,1985-09-01,1985,9,355.2247235587473,101.22255741076523,114.75752472609616,91.22132530641021,157.0388516201062,248.2601738404692,42.9662135692125,129.6519377633427,263.4471037789677,459.63399754213475,895.6992523536254
MY_0p5_3.7500_100.7500,100.75,3.75,1985-09-01,1985,9,278.2342224121094,98.9076919555664,117.7568359375,9.004952430725098,0.1719568967819214,9.176909446716309,40.49205780029297,121.56924438476562,243.39755249023438,409.96795654296875,815.4268188476562
MY_0p5_3.7500_101.2500,101.25,3.75,1985-09-01,1985,9,255.37669269921,96.03798275549434,124.52001775352701,21.375131252128327,14.353724813384147,35.728856358327526,41.34480194289322,124.23298516628425,249.52953933666436,423.9766099059466,839.0839304507358
MY_0p5_3.7500_101.7500,101.75,3.75,1985-09-01,1985,9,243.8018419602338,90.6990192680602,121.57537253798955,17.060607855487024,27.332353714165418,44.39296093715984,41.48094093419944,124.66188233976914,250.5840158158807,426.10869097861524,842.8355322187875
MY_0p5_3.7500_102.2500,102.25,3.75,1985-09-01,1985,9,245.44041718982515,91.03611442929221,126.78699699280752,16.976053885808064,27.55367842174711,44.529732380216075,41.68426726810516,125.42684258355034,252.93372802734373,433.1199309818328,853.1647734142483
MY_0p5_3.7500_102.7500,102.75,3.75,1985-09-01,1985,9,237.4469327411954,94.09785793243893,127.1899419390966,26.386431606232172,38.43342742919922,64.81985903543138,42.13478379022507,127.05301818847656,257.6244125124008,446.66786944676954,873.4800794813367
MY_0p5_3.7500_103.2500,103.25,3.75,1985-09-01,1985,9,220.0134448169237,96.15393893177291,122.66450060676127,39.26025242524989,56.35184174331964,95.61209350286745,41.91561481251436,126.25255731320848,256.8056516161152,448.3351978975184,873.3090128580731
MY_0p5_3.7500_113.2500,113.25,3.75,1985-09-01,1985,9,275.4265065193176,110.8932046890259,140.21904792160285,68.6571074939165,62.74247435272717,131.3995876624936,42.580558839391486,128.7340335533267,262.8688704693904,463.5356055087731,897.7190621798156
MY_0p5_3.7500_113.7500,113.75,3.75,1985-09-01,1985,9,289.7814835570878,112.41450878324963,136.0486542044334,60.37579413602267,65.77095093464774,126.14674421884482,42.56254528255525,128.65407105479812,262.6169459271971,462.70377288127025,896.5373440344357
MY_0p5_3.7500_114.2500,114.25,3.75,1985-09-01,1985,9,304.7789336078803,113.6825459313771,133.08904709588913,56.79950766184974,80.44470103430369,137.2442106216673,42.62829641917395,128.79011966765873,262.6218707372272,461.7440364777096,895.7843548487102
MY_0p5_3.7500_114.7500,114.75,3.75,1985-09-01,1985,9,319.6592073955233,113.43293113102987,133.9586708189949,59.93208239116366,95.35621505010697,155.28829486180862,42.770697106255426,129.1923257010324,263.3051851787264,462.7430646623884,898.0112388005333
MY_0p5_3.7500_115.2500,115.25,3.75,1985-09-01,1985,9,337.1252136230469,105.14407898433623,117.35592876615978,73.13181668236143,127.60444091312468,200.7362575954861,42.78011679270911,129.01664792015438,261.75864364381823,454.8484210301959,888.4038153754341
MY_0p5_3.7500_115.7500,115.75,3.75,1985-09-01,1985,9,349.8570255855862,99.55882806572126,115.01016943403285,85.45456865708604,148.62786733503822,234.08243599212426,42.89818158595681,129.4095379946043,262.7488447230497,457.43269578673,892.489240687528
MY_0p5_4.2500_100.7500,100.75,4.25,1985-09-01,1985,9,297.0472303390504,97.75792528888373,114.45722905373088,15.761120792311067,5.178537699641015,20.939658931810033,40.34256272607921,121.1580509730748,242.83415315589127,410.6779055225606,815.0126487264829
MY_0p5_4.2500_101.2500,101.25,4.25,1985-09-01,1985,9,284.40288052817647,91.08872529048071,117.66719176662957,31.444806867344365,45.79207460629713,77.23687853782799,41.684338539269326,125.43164448829214,252.90238836009036,432.7636647801491,852.7820689207431
MY_0p5_4.2500_101.7500,101.75,4.25,1985-09-01,1985,9,285.4263230156654,90.6333665207933,127.89563539157659,25.23866541317096,29.478425650550918,54.71709283700767,41.93887392476725,126.27027234939723,255.08724687960208,438.92611977086665,862.2225236496606
MY_0p5_4.2500_102.2500,102.25,4.25,1985-09-01,1985,9,300.5856938956264,93.45971496874532,127.91793623366677,25.521624970359927,59.588133522496825,85.10976078411262,42.44727249876761,128.02577177785076,259.93816295294715,452.7848890018159,883.1960930869984
MY_0p5_4.2500_102.7500,102.75,4.25,1985-09-01,1985,9,291.65610402101163,94.41119149080508,122.00811804024276,36.16378490180726,94.94707976177241,131.11086126193877,42.69513879763853,128.78689993111192,261.50298022616437,455.53056510390746,888.5155503582802
MY_0p5_4.2500_103.2500,103.25,4.25,1985-09-01,1985,9,255.83613918138593,98.01762307728623,119.53428551544296,42.6826308512937,82.08418733816113,124.76681566404551,42.641081567425346,128.7142047416873,261.9055492653664,458.3352847215606,891.5961008105129
MY_0p5_4.2500_113.7500,113.75,4.25,1985-09-01,1985,9,304.21741376604353,113.34245704882075,131.09714493661556,48.04689173428518,31.64760290901616,79.69449327576837,41.97461862384149,126.71690526998269,257.7563695367777,449.952105252248,876.3999881384508
MY_0p5_4.2500_114.2500,114.25,4.25,1985-09-01,1985,9,313.18117634920895,113.73048165221934,128.46554406361233,39.174434161094176,19.516910339414387,58.69134509701527,41.83649472564344,126.28170349238924,256.7414536641832,447.2175204597386,872.077193919296
MY_0p5_4.2500_114.7500,114.75,4.25,1985-09-01,1985,9,322.23798461914066,113.03032719930013,132.47018981933596,54.09228663126628,63.96943270365398,118.06171641031904,42.44384346008301,128.2114267985026,261.2644694010417,458.3735711669923,890.2933133951824
MY_0p5_4.2500_115.2500,115.25,4.25,1985-09-01,1985,9,333.3017067379422,107.09260675642227,120.35214795006648,68.74550829993356,92.14776147736444,160.89326879713275,42.38120207521651,127.67645547125076,258.2936152352227,445.6418517430623,873.9931282467312
MY_0p5_4.2500_115.7500,115.75,4.25,1985-09-01,1985,9,337.22483230849446,99.94037886797373,112.47635322182867,63.998314304675105,118.57987125202764,182.57817941439356,42.686302353163896,128.72494770631954,261.10547392247094,453.27515951900165,885.7918864621956
MY_0p5_4.2500_116.2500,116.25,4.25,1985-09-01,1985,9,333.3037996989925,106.7008770268138,114.90793069979043,57.306957547257575,136.26210645350014,193.56906025584152,42.850889252453314,129.2928918047649,262.68491810124095,458.007690987936,892.8363677234186
MY_0p5_4.2500_116.7500,116.75,4.25,1985-09-01,1985,9,335.0710389242007,111.48049252019455,115.50745775520457,58.253558980247185,139.75608636051248,198.00964373108968,42.91240343744356,129.54601398093163,263.5784211792698,461.29173358189587,897.3285515404851
MY_0p5_4.2500_117.2500,117.25,4.25,1985-09-01,1985,9,341.16871467522816,116.25033221624595,116.45381735067454,49.290597578065594,109.36857608356308,158.6591759740779,42.82201399001401,129.38266139747822,263.79954191224766,463.83879332415825,899.8430011040342
MY_0p5_4.2500_117.7500,117.75,4.25,1985-09-01,1985,9,317.47075424846423,117.17378593510034,111.74158155001126,35.21517303662422,57.43700946905675,92.6521842174041,41.080214329254936,123.24414740668404,251.270986312475,441.18510658720623,856.7804429796007
MY_0p5_4.2500_118.2500,118.25,4.25,1985-09-01,1985,9,260.61331087525133,116.42415021037499,103.86062349939044,30.334939094106105,32.180673076848315,62.515612195251855,38.230952560522006,112.91179817345493,229.95294014511595,402.47396811710047,783.5696461671478
MY_0p5_4.2500_118.7500,118.75,4.25,1985-09-01,1985,9,226.61540504738136,116.41434761329934,99.8772201538086,31.626903533935547,31.715133666992188,63.342037200927734,36.67169189453125,107.19573211669922,218.24037170410156,381.7535400390625,743.861328125
MY_0p5_4.7500_100.2500,100.25,4.75,1985-09-01,1985,9,350.738274468316,101.41370900472006,,,,,,,,,
MY_0p5_4.7500_100.7500,100.75,4.75,1985-09-01,1985,9,330.51923624674487,96.79950747524734,118.54780215751833,27.008190713277674,30.640746372502026,57.64893663607962,41.31734175023024,124.24634623333692,250.01703736840224,426.1860293256558,841.7667432335335
MY_0p5_4.7500_101.2500,101.25,4.75,1985-09-01,1985,9,318.3675044690149,89.33545534648592,112.70756508963449,40.29020848349919,89.18978333246139,129.47999473450676,42.236270892430866,127.29259156726656,257.69912903800844,444.7604964967758,871.9885038829984
MY_0p5_4.7500_101.7500,101.75,4.75,1985-09-01,1985,9,317.9115392599896,91.91270737420946,124.02204270135789,45.13155103410993,87.29081789047,132.42236877925816,42.59552355569507,128.52496347578744,261.1112483917721,455.12944597516747,887.3611680772568
MY_0p5_4.7500_102.2500,102.25,4.75,1985-09-01,1985,9,326.7810727074032,95.71651785714286,119.53632398332869,62.39530043829054,143.73190264020647,206.12721019926525,42.98270928519113,129.71266101655507,263.72958257766,461.13427879696803,897.5592354910716
MY_0p5_4.7500_102.7500,102.75,4.75,1985-09-01,1985,9,308.15475531899995,97.26807163019846,115.29523521471931,70.75177453885411,166.849516558799,237.6012942563196,43.13635646309821,130.19310133624225,264.85064570918956,464.0318210869077,902.2119541046724
MY_0p5_4.7500_103.2500,103.25,4.75,1985-09-01,1985,9,262.1652790087659,101.31264094452362,109.52050750281981,65.9216036497447,127.85036797893008,193.77196741983903,41.47280343256314,124.27791190059423,252.91458788657104,443.2033699289021,861.8686600012974
MY_0p5_4.7500_103.7500,103.75,4.75,1985-09-01,1985,9,232.25500970137745,103.13146209716797,98.70380490786069,32.43020605112051,61.35904366629464,93.78924956879058,37.421438341016895,109.79011486103006,223.692168991287,392.6358365145596,763.5395293793121
MY_0p5_4.7500_113.7500,113.75,4.75,1985-09-01,1985,9,323.8666076660156,113.48312377929688,,,,,,,,,
MY_0p5_4.7500_114.2500,114.25,4.75,1985-09-01,1985,9,323.8666076660156,113.75674247741698,130.3134307861328,49.46751022338867,12.811735153198242,62.27924728393555,41.4338264465332,124.82144927978516,252.4583740234375,434.6242980957031,853.3379516601562
MY_0p5_4.7500_114.7500,114.75,4.75,1985-09-01,1985,9,328.37839696740593,114.4456033193937,134.38464995353453,71.9550880103983,58.48575462833528,130.44083999305644,42.23462266819452,127.48557568621894,259.2267715290029,452.3423550513483,881.2893276419693
MY_0p5_4.7500_115.2500,115.25,4.75,1985-09-01,1985,9,336.81821934382117,112.77007265885669,127.9273808399836,80.1546640296777,83.90248943368593,164.05715346336362,42.29017613331476,127.36563376585639,257.4928880532582,443.8735626538594,871.0222721099851
MY_0p5_4.7500_115.7500,115.75,4.75,1985-09-01,1985,9,333.1699647933718,106.25141119578528,115.28435005309089,41.64996150183299,68.5121841672867,110.16214478507875,42.06571392483181,126.67018214634487,255.97209298270084,440.53469838944693,865.2426697746154
MY_0p5_4.7500_116.2500,116.25,4.75,1985-09-01,1985,9,318.71284383138016,105.89124399820962,117.22418842618424,43.28656547183081,100.72890089731366,144.01546640547494,42.66159184773761,128.6594789050874,261.0998593284969,454.10808337983616,886.5290099128844
MY_0p5_4.7500_116.7500,116.75,4.75,1985-09-01,1985,9,322.96899916250493,108.28765243819997,115.23164766046065,54.414390225953696,123.56214636790601,177.97654275049135,42.851185448562035,129.30001869684534,262.745856369598,458.51466678667674,893.4117201793042
MY_0p5_4.7500_117.2500,117.25,4.75,1985-09-01,1985,9,350.03700590587795,110.92729622977122,111.85674339173332,51.96375390915644,115.05182514493427,167.01558053152903,42.75153996301076,129.0150387718564,262.21588376968623,457.5344045487661,891.5168722485737
MY_0p5_4.7500_117.7500,117.75,4.75,1985-09-01,1985,9,328.2394967380958,113.0476549124416,111.14863468121878,38.75313356858265,77.04042053222655,115.79355565807487,42.413769577122935,127.98898914192294,260.03526161290426,452.87257607375517,883.3106140909314
MY_0p5_4.7500_118.2500,118.25,4.75,1985-09-01,1985,9,276.33935454862205,114.34253313074163,114.42994344893413,32.883825330878025,48.498559347948245,81.38238586732491,42.22848476237389,127.41210220566947,258.7593294843358,450.1022762126061,878.5021938918225
MY_0p5_4.7500_118.7500,118.75,4.75,1985-09-01,1985,9,248.1900912900514,113.6830231871786,120.16621746594393,30.681700742697416,25.856797797770444,56.538498166241226,42.00674023205721,126.61736896370032,256.47748150402987,443.72326891935325,868.8248468712916
MY_0p5_5.2500_100.2500,100.25,5.25,1985-09-01,1985,9,371.739608323643,101.38957620080495,66.53898620605469,38.6066780090332,74.57113647460938,113.17781829833984,28.393959045410156,76.94580841064453,156.48558044433594,273.3867492675781,535.2120971679688
MY_0p5_5.2500_100.7500,100.75,5.25,1985-09-01,1985,9,362.7570799783944,97.39994292923168,119.97855035189924,41.85583912641153,85.60016430383442,127.45600163251507,41.47807452322423,124.56189640089013,252.57189362624598,437.81358495251885,856.4254339810076
MY_0p5_5.2500_101.2500,101.25,5.25,1985-09-01,1985,9,348.3532348632813,92.72295791383773,117.56902812170604,53.61322696019732,138.92406865680027,192.5372953626845,42.72787892175099,128.89483918689544,261.72969030955477,455.39783577086433,888.750252859933
MY_0p5_5.2500_101.7500,101.75,5.25,1985-09-01,1985,9,333.04850458035804,94.42735723021684,122.23545295569548,58.761887228412995,137.89185027104278,196.65373234839956,42.93562264655047,129.6327563729256,263.93420896104953,462.8643588898289,899.366958326595
MY_0p5_5.2500_102.2500,102.25,5.25,1985-09-01,1985,9,317.0702470913054,103.10621494852053,116.83621179374161,63.71231554116412,148.32695206563182,212.03927004868817,42.813551738763316,129.14380402777604,263.122990213382,462.56715616602804,897.647495537047
MY_0p5_5.2500_102.7500,102.75,5.25,1985-09-01,1985,9,281.88873807925745,103.48694936181329,107.86110348459016,74.2391542596332,148.64229922537075,222.88145529536877,41.993389414124564,126.15425433142708,256.9272774906482,451.1770496433064,876.2519727803893
MY_0p5_5.2500_103.2500,103.25,5.25,1985-09-01,1985,9,241.95879652235246,106.25548848147115,112.47953300971491,84.46356902184425,144.96505583725965,229.42863226556162,42.92142590609463,129.57266606912987,264.06255618008703,464.3246202345019,900.8812683898133
MY_0p5_5.2500_115.2500,115.25,5.25,1985-09-01,1985,9,344.72778271090607,114.90217848747008,127.08941700419442,59.19412700465469,63.58535128734151,122.77947772917202,41.605986986003934,125.22887408147092,252.84837766553537,435.3795551237514,855.0628051757812
MY_0p5_5.2500_115.7500,115.75,5.25,1985-09-01,1985,9,337.84339348528295,113.14320788805998,119.84453225863182,35.01335417537366,46.64904154761363,81.66239466263076,41.2587713855808,124.07110934499966,249.8985819671113,427.8516692597987,843.0801542637711
MY_0p5_5.2500_116.2500,116.25,5.25,1985-09-01,1985,9,312.76078400430805,108.5939388516583,118.53674760649476,42.198735695851,94.80683671975436,137.00557216209702,42.527488358413116,128.27581526357918,260.43497447726094,453.4117871055121,884.6500856423679
MY_0p5_5.2500_116.7500,116.75,5.25,1985-09-01,1985,9,321.5051844150205,109.50771520107605,119.02194353900377,65.4381595080412,136.42072745214534,201.85889198206647,42.936348359796064,129.53857194924655,263.18832976908624,459.4003264028815,895.0635860781125
MY_0p5_5.2500_117.2500,117.25,5.25,1985-09-01,1985,9,371.8271585131448,112.76574828132752,118.5869709802052,82.73920162140377,154.97825031583272,237.7174514528305,43.073001607259116,129.95210479251924,264.0706323048425,461.4596633184524,898.555402095734
MY_0p5_5.2500_117.7500,117.75,5.25,1985-09-01,1985,9,363.27323492141,113.32915617927672,116.22329067654081,80.46357099745008,144.9780050610739,225.44157201373386,42.99281702193002,129.709720187717,263.5804166279142,460.55895996093744,896.8419028630333
MY_0p5_5.2500_118.2500,118.25,5.25,1985-09-01,1985,9,306.9259081271105,112.68764481271147,116.35618460102447,59.243662196359814,98.80097915260654,158.04464306193555,42.65300144511423,128.67176617178947,261.3354293920432,455.7263346872512,888.38650998644
MY_0p5_5.2500_118.7500,118.75,5.25,1985-09-01,1985,9,263.30583740234374,111.52632993667845,122.1351646847195,36.49458026885986,35.557285944620766,72.05186663733588,42.01687812805176,126.5396418041653,255.77628623114694,440.89171473185223,865.2245076497395
MY_0p5_5.2500_119.2500,119.25,5.25,1985-09-01,1985,9,228.68327561469926,110.48235073997861,124.8413314819336,28.32044219970703,10.432194709777832,38.75263595581055,41.746826171875,125.62213897705078,253.32717895507812,434.2066345214844,854.9027709960938
MY_0p5_5.7500_100.2500,100.25,5.75,1985-09-01,1985,9,385.580062866211,102.07817734039583,101.49246544794204,70.40519147400461,100.04752279859069,170.45271539250643,35.966445327898775,104.51074925693896,213.1478935031716,375.0221997182304,728.6472873512757
MY_0p5_5.7500_100.7500,100.75,5.75,1985-09-01,1985,9,373.17478647383433,100.41150018601189,115.6512756093343,62.906693890889485,132.30768447875977,195.21438090006507,41.00764788309733,122.7024412536621,249.8028014119466,437.6216223144532,851.1344984944661
MY_0p5_5.7500_101.2500,101.25,5.75,1985-09-01,1985,9,358.7157475028452,98.62695784080685,119.94511098185865,80.0115876986286,181.36668432040477,261.37827240951424,43.03357438215121,129.8728513942929,264.08770151213406,461.656247957485,898.6503507358823
MY_0p5_5.7500_101.7500,101.75,5.75,1985-09-01,1985,9,332.82357317606613,100.67669658660891,122.2500141143799,67.41743726730347,156.9310322125753,224.34846947987873,42.97451289494833,129.75594272613526,264.20633557637535,463.37144419352217,900.3082303365073
MY_0p5_5.7500_102.2500,102.25,5.75,1985-09-01,1985,9,296.0742787581223,109.18196335816992,114.05044154928189,64.11585561835805,102.77296226835409,166.88881788671216,41.90780895245998,126.10125267465506,257.1553774746981,452.36751610341696,877.531967830979
MY_0p5_5.7500_102.7500,102.75,5.75,1985-09-01,1985,9,265.6690665980748,107.84261159063544,88.97752380371094,62.05061340332031,96.78558349609375,158.83619689941406,36.4463005065918,106.18160247802734,216.4097137451172,380.3193664550781,739.3569946289062
MY_0p5_5.7500_103.2500,103.25,5.75,1985-09-01,1985,9,227.56890869140625,109.385498046875,,,,,,,,,
MY_0p5_5.7500_115.2500,115.25,5.75,1985-09-01,1985,9,346.92505696614586,115.75915781656902,134.99288940429688,58.49833297729492,75.97821807861328,134.47654724121094,42.66794967651367,128.9553985595703,263.15020751953125,463.4640197753906,898.2376098632812
MY_0p5_5.7500_115.7500,115.75,5.75,1985-09-01,1985,9,329.62182954191434,113.15797527289828,124.28344523111979,39.984038180396674,62.70504088628861,102.68907964797246,42.14136846633185,127.10261898949032,257.885245186942,447.8267025902158,874.9559570312501
MY_0p5_5.7500_116.2500,116.25,5.75,1985-09-01,1985,9,299.82606249612473,107.23787718273344,117.00349247039311,33.46779611981104,68.25617519560316,101.7239712427533,42.029636734250985,126.64354843866256,256.28100353422616,442.2815764896453,867.2357759021577
MY_0p5_5.7500_116.7500,116.75,5.75,1985-09-01,1985,9,306.9362676711309,105.26794995504713,115.50900777180989,52.25882528395879,114.46856284974113,166.7273836287241,42.588398161388575,128.39368961879185,260.27711704799106,451.6801199776786,882.9393169100323
MY_0p5_5.7500_117.2500,117.25,5.75,1985-09-01,1985,9,366.21761497714164,112.0655821309857,121.50188939428479,87.96124172511536,157.73562569121833,245.69686307215164,43.11938594493204,130.12454753117606,264.62719919102426,463.4920315426607,901.3631570617482
MY_0p5_5.7500_117.7500,117.75,5.75,1985-09-01,1985,9,371.8273812430246,113.88892371768044,122.56035560249484,115.74495220824379,178.14679067726905,293.8917410421692,43.24136975947643,130.5179422365739,265.6289626767972,466.3773289622877,905.7656073858275
MY_0p5_5.7500_118.2500,118.25,5.75,1985-09-01,1985,9,330.24243636870057,112.92803713480632,122.55361189100479,116.22043599446614,167.68565558539498,283.9061013454861,43.19190483940972,130.3787633599175,265.41526109483505,466.200504014757,905.1864152018229
MY_0p5_5.7500_118.7500,118.75,5.75,1985-09-01,1985,9,282.49604005080005,111.75939721327562,122.36919403076172,112.2843017578125,159.42384338378906,271.7081604003906,43.158233642578125,130.28070068359375,265.24371337890625,465.97314453125,904.65576171875
MY_0p5_6.2500_99.7500,99.75,6.25,1985-09-01,1985,9,409.79706109738817,105.22023324405446,133.96833304471747,97.47777202517487,120.25484910122184,217.732627336369,42.797315375749456,129.38124581270438,264.09064075558683,465.12880263217664,901.397984704306
MY_0p5_6.2500_100.2500,100.25,6.25,1985-09-01,1985,9,379.3063365221024,103.40749537944794,122.59973163215479,77.13253450977558,105.62993612484055,182.76247452716436,40.85540992581114,122.34829344457508,249.74589233398433,440.0502710459183,852.9998657226562
MY_0p5_6.2500_100.7500,100.75,6.25,1985-09-01,1985,9,358.9297717473682,103.9852732654704,117.32103579016727,61.407314816036745,116.0214634899007,177.42877880670852,41.9506676721757,126.25824722820269,256.83679411310027,452.211295345115,877.2570155081143
MY_0p5_6.2500_101.2500,101.25,6.25,1985-09-01,1985,9,344.56520104041465,104.2406739455003,115.50959566556492,62.67422954852765,125.68620018592247,188.36042926494892,42.538722639817465,128.34698016826923,260.6840740497296,458.35016620342543,889.9199415940506
MY_0p5_6.2500_101.7500,101.75,6.25,1985-09-01,1985,9,298.6406877790178,110.23724212646484,117.79804164341517,60.21257215227399,89.24718300955635,149.45975516183032,42.53734784807478,128.50008501325334,261.9020533970424,459.6205810546875,892.5600708007812
MY_0p5_6.2500_102.2500,102.25,6.25,1985-09-01,1985,9,275.42209974924725,112.69276270052282,116.1251220703125,44.68934631347656,56.11030578613281,100.79965209960938,42.345298767089844,127.93109130859375,260.7831726074219,457.73095703125,888.79052734375
MY_0p5_6.2500_115.7500,115.75,6.25,1985-09-01,1985,9,297.33862443403757,112.96626247059216,134.12835693359375,35.73352813720703,52.22385025024414,87.95738220214844,42.14588165283203,127.09855651855469,257.7087707519531,446.73968505859375,873.69287109375
MY_0p5_6.2500_116.2500,116.25,6.25,1985-09-01,1985,9,277.6014155337685,109.65028659084385,125.19858554386354,25.621520899465953,38.851734171879976,64.47325701020362,41.42961858337671,124.65026623562044,251.27092221970076,430.36544840136287,847.7162338458494
MY_0p5_6.2500_116.7500,116.75,6.25,1985-09-01,1985,9,275.90193849593874,107.32704797169518,117.70127607073104,26.880459579588877,50.403550216129844,77.28400677575004,41.35645394703698,124.30634935167102,250.0302187480624,426.68674665178565,842.3797551230778
MY_0p5_6.2500_117.2500,117.25,6.25,1985-09-01,1985,9,326.5285598028274,110.94355994330512,121.32451992943174,62.00113300141834,105.68067148602198,167.6817984323653,42.073517959836934,126.49169338165767,256.50454377673924,446.178886389354,871.2486368815105
MY_0p5_6.2500_117.7500,117.75,6.25,1985-09-01,1985,9,348.1011091868083,112.83737274010979,123.14530030189204,86.00364381667467,133.91547987196182,219.9191200300964,42.28962252432841,127.17736343473022,258.53368748001185,452.5347165113305,880.5353861133954
MY_0p5_6.2500_118.2500,118.25,6.25,1985-09-01,1985,9,347.6836918422154,113.2592808859689,126.48231560843331,101.55775478907994,153.92044857570104,255.47820336478097,43.10696942465646,130.11068725585938,264.7482397896903,464.4937973022461,902.459690638951
MY_0p5_6.7500_100.2500,100.25,6.75,1985-09-01,1985,9,377.8457138959099,104.27608226327335,129.55810883465935,72.27080631256104,102.7615011439604,175.03231508591597,42.681519255918616,129.02713730755974,263.38536722519814,463.82578030754536,898.9198047413546
MY_0p5_6.7500_100.7500,100.75,6.75,1985-09-01,1985,9,351.3054911295573,105.82069962112992,118.90026572898583,44.53840580692998,90.40798413311995,134.9463919180411,42.06330744425456,126.84465931080005,257.14722809968174,456.0646961353444,882.1198956524885
MY_0p5_6.7500_116.2500,116.25,6.75,1985-09-01,1985,9,236.77821788568605,111.57046420075173,119.43852941001335,9.72345568494099,0.9361230425718354,10.659578207062513,39.106366320354184,116.77138649545066,230.52667943442742,378.48202737947787,764.8864493021151
MY_0p5_6.7500_116.7500,116.75,6.75,1985-09-01,1985,9,256.67317692500603,110.5858362019062,115.88645063558586,14.053151353074629,6.43678344568245,20.489935049426414,38.842609631685406,115.40072327263272,229.27979148894906,381.0794107188349,764.6025277239534
MY_0p5_6.7500_117.2500,117.25,6.75,1985-09-01,1985,9,292.1079250237881,110.45631242409729,114.81431242006016,28.164486404013843,32.361934782656945,60.526424492354934,39.07933084943653,115.8162331032542,232.30139909592353,394.03285365822035,781.229805195226
MY_0p5_6.7500_117.7500,117.75,6.75,1985-09-01,1985,9,322.8537029690213,111.27378463745117,120.56869864463806,50.71870160102844,75.52859592437746,126.24730396270752,40.522648334503174,120.8391661643982,244.78464031219485,424.86624145507807,831.0126705169678
MY_0p5_7.2500_116.7500,116.75,7.25,1985-09-01,1985,9,248.29565573865034,110.07345169309586,114.7220330943232,14.98665652067765,0.20401065168173416,15.190667790951936,37.41592045659604,110.08172295611838,215.2461973770805,344.66442393427303,707.4082869819973
MY_0p5_7.2500_117.2500,117.25,7.25,1985-09-01,1985,9,260.67671162373307,109.07069871232315,114.58667233115749,16.92309026216206,0.24819027319746578,17.171281513414886,37.19349212646485,109.01558789704976,213.0230120207134,339.9306470369038,699.162761487459
MY_0p5_0.7500_110.2500,110.25,0.75,1985-10-01,1985,10,283.32674607497,100.67943479097808,129.49244349553038,39.95705102773813,110.96456756591799,150.92161160982576,42.72308830848108,128.96324204664967,262.2932424692007,458.38197678786065,892.3615666316108
MY_0p5_0.7500_110.7500,110.75,0.75,1985-10-01,1985,10,283.09838344029015,102.39271371023996,132.21708504813057,45.18849852425711,118.94285550798689,164.13135441371372,42.897219794137136,129.63606392996653,264.47160600934706,465.8618395124163,902.866716657366
MY_0p5_0.7500_111.7500,111.75,0.75,1985-10-01,1985,10,324.16316489567834,101.5871568710085,129.30997418600415,64.77195588369219,158.06944371783547,222.84139699784535,43.033964429582866,130.01971847291975,265.0783216688368,466.27147323366194,904.4034704783606
MY_0p5_1.2500_103.2500,103.25,1.25,1985-10-01,1985,10,189.15525032710102,90.65950167757794,126.02122289484198,15.896358511664651,26.351915901357483,42.24827441302214,38.8810023394498,115.51742779124868,236.14670389348814,416.50446458296346,807.0496007745917
MY_0p5_1.2500_103.7500,103.75,1.25,1985-10-01,1985,10,180.04328474026286,90.02958753271011,113.70402134274974,15.62696945783004,35.423302817113196,51.050271839771455,40.049825983140074,119.99204113413987,245.4008826098396,433.1692208595647,838.6119793641916
MY_0p5_1.2500_104.2500,104.25,1.25,1985-10-01,1985,10,170.06817910330633,90.99707914079939,99.59471893310547,15.291424751281738,45.52275085449219,60.81417465209961,41.592628479003906,125.8772964477539,257.53912353515625,454.8750915527344,879.8841552734375
MY_0p5_1.2500_109.7500,109.75,1.25,1985-10-01,1985,10,271.494964967291,101.22840008103704,132.6641296019037,47.30569545332208,119.06462768187008,166.37032290539108,42.90865652245211,129.69253668727646,264.7258925840079,466.9396395396037,904.2667126023625
MY_0p5_1.2500_110.2500,110.25,1.25,1985-10-01,1985,10,274.88578083524374,101.32250776254072,130.27907282413204,39.488828047822345,111.69306663012415,151.18189130510606,42.7501226005407,129.09608500712628,262.82860420845657,460.40546691187564,895.0802939867883
MY_0p5_1.2500_110.7500,110.75,1.25,1985-10-01,1985,10,275.79302862258186,102.68714512416295,133.65189887152778,44.06114861624581,111.8193126375713,155.88046361529635,42.86940209524972,129.57459556942894,264.45883653428814,466.23437170603916,903.1371878487721
MY_0p5_1.2500_111.2500,111.25,1.25,1985-10-01,1985,10,288.3791544856355,102.14755629274411,131.13816302119736,49.914952080089826,117.47698101982142,167.39193457460252,42.873417375948485,129.57203318440497,264.3656141384722,465.6629737147128,902.4740331485248
MY_0p5_1.2500_111.7500,111.75,1.25,1985-10-01,1985,10,318.1515115404886,101.23846907842729,128.70385185120597,61.943999880836124,151.0533972846137,212.9973953489273,42.98925787305075,129.88877214704243,264.82497248573907,465.77377222454726,903.4767717633928
MY_0p5_1.2500_112.2500,112.25,1.25,1985-10-01,1985,10,357.0779449927625,100.71143464993705,132.33152306261402,73.9884118404485,177.52646664072412,251.51488157940392,43.09895245314854,130.17791422732589,265.2369706981678,466.0213683462385,904.5352296780815
MY_0p5_1.2500_112.7500,112.75,1.25,1985-10-01,1985,10,416.71925163269043,101.35716708501181,134.89389514923096,116.80595397949219,230.38612620035806,347.1920795440674,43.29269750912984,130.6581745147705,265.7195924123128,465.1973527272542,904.867815653483
MY_0p5_1.2500_113.2500,113.25,1.25,1985-10-01,1985,10,476.25434649923574,102.43723589026409,133.85097271463144,119.3183784816576,224.79127276876696,344.1096464737602,43.249357704494315,130.50116869055705,265.2773856784986,463.8609775709069,902.8889006241508
MY_0p5_1.2500_113.7500,113.75,1.25,1985-10-01,1985,10,472.8426939068418,102.87231138980749,131.46464844905967,92.71717106212269,192.17055002848306,284.88772918238783,43.085306514393196,130.00104961973247,264.21150947339606,461.50953050093216,898.8074031020656
MY_0p5_1.2500_114.2500,114.25,1.25,1985-10-01,1985,10,432.7354269112106,102.11313365835005,129.02982235798794,80.20768791806381,166.17595733372514,246.38365821500796,42.94656537486389,129.5870836646156,263.3758026393114,459.78278128024755,895.6922099695797
MY_0p5_1.2500_114.7500,114.75,1.25,1985-10-01,1985,10,392.75575994676166,100.49816180813697,123.3650635750063,87.09610280682963,177.4034916047127,264.4995958881993,43.03935856972972,129.87496554466986,264.00315610824094,461.19691516507055,898.1143779139366
MY_0p5_1.7500_102.7500,102.75,1.75,1985-10-01,1985,10,199.59126686391252,90.7054338402511,122.72253894805907,15.881388902664186,41.32834339141846,57.20973229408264,41.06313562393189,123.34441208839417,252.06657505035398,444.8129453659057,861.2870864868164
MY_0p5_1.7500_103.2500,103.25,1.75,1985-10-01,1985,10,192.9556233174092,88.70859015033973,128.0684700012207,19.289746646881103,49.53719198226929,68.82693862915039,41.013983707427975,123.15367683410646,251.74059722900392,444.4456846618652,860.3539248657227
MY_0p5_1.7500_103.7500,103.75,1.75,1985-10-01,1985,10,184.33782891382143,88.85521297213397,119.43417464630512,18.56782602358468,44.9941037214255,63.56192908709561,40.93183154094068,123.09073025667216,251.72114727165126,444.3381324478342,860.0818504623219
MY_0p5_1.7500_104.2500,104.25,1.75,1985-10-01,1985,10,176.72682580947875,90.19365010261535,111.7585474650065,16.948675473531086,43.20151229976683,60.15018643519676,41.862882096638046,126.70433393374894,259.20578925554145,457.5489802397499,885.3220053975897
MY_0p5_1.7500_109.7500,109.75,1.75,1985-10-01,1985,10,268.4840928898301,101.17948807117551,132.5821990966797,47.46880340576172,118.6976547241211,166.1664581298828,42.91156005859375,129.71083068847656,264.8111267089844,467.2836608886719,904.7171630859375
MY_0p5_1.7500_110.2500,110.25,1.75,1985-10-01,1985,10,262.74173573697556,102.26731676043887,131.77842010661243,39.45659264141226,116.39988528980928,155.8564814603265,42.82588471193365,129.42282292167135,264.0101584368211,464.6557525797962,900.9146343373997
MY_0p5_1.7500_110.7500,110.75,1.75,1985-10-01,1985,10,262.7650312943892,103.18823797052555,135.9613456726074,41.40608406066894,99.45927963256835,140.86537017822266,42.82085208892822,129.4778175354004,264.50652008056636,467.18305664062495,903.9882263183592
MY_0p5_1.7500_111.2500,111.25,1.75,1985-10-01,1985,10,269.7565003410218,102.31740599132719,132.9663346401481,42.67241381268169,100.6110600671103,143.28347387979198,42.80941146140876,129.42118643827217,264.275314543968,466.27341478924427,902.7793263989826
MY_0p5_1.7500_111.7500,111.75,1.75,1985-10-01,1985,10,299.15674504147296,100.54700911799563,127.61143834077855,54.214660910111434,127.7552464642102,181.96990638443182,42.88637411141696,129.6190584400032,264.48151542566995,465.8214093944694,902.8083639024177
MY_0p5_1.7500_112.2500,112.25,1.75,1985-10-01,1985,10,351.4123062375992,100.50065733894469,130.64661942739335,78.62705683632502,166.95241568429128,245.57947455512152,43.04169518607003,130.01040867396762,264.9150325714596,465.4111399817088,903.378275359623
MY_0p5_1.7500_112.7500,112.75,1.75,1985-10-01,1985,10,403.06315811399435,101.70785372295076,133.49339807903954,104.87651793464781,205.09418044317334,309.97069469633556,43.20238267202226,130.43165782141307,265.4848016648065,465.58210177951383,904.7009345160589
MY_0p5_1.7500_113.2500,113.25,1.75,1985-10-01,1985,10,454.1063516283792,102.90481523786272,134.03456217447916,107.53044346400668,210.01703723725817,317.54747304765004,43.2174789186508,130.45223330543155,265.4179349384611,465.0920263865637,904.1796842060392
MY_0p5_1.7500_113.7500,113.75,1.75,1985-10-01,1985,10,454.02071155366446,103.36428992861794,132.31818314809647,92.36906498500278,195.77107514880953,288.14014136904757,43.12092950003487,130.12093951512895,264.5229822552393,462.429887172154,900.1947461325024
MY_0p5_1.7500_114.2500,114.25,1.75,1985-10-01,1985,10,413.4582559252542,102.87543419731988,131.44713992164247,80.71839396158855,179.0730220734127,259.79142402770026,43.028642127627414,129.83832629975817,263.92742435515873,461.1337009006076,897.9280728779142
MY_0p5_1.7500_114.7500,114.75,1.75,1985-10-01,1985,10,375.01654495476447,102.12372968604528,127.80714131884007,79.74599824421148,174.3999632207841,254.14596249278966,43.03702272405279,129.87247099406977,264.03922441709847,461.5506707226056,898.4993905971704
MY_0p5_2.2500_101.7500,101.75,2.25,1985-10-01,1985,10,232.6081621574633,92.96897001940795,120.1240524137863,13.409971641771723,17.05812770188457,30.46809934365629,41.299200269911026,124.2366837780885,251.74563074593593,435.7483273901121,853.0298554391572
MY_0p5_2.2500_102.2500,102.25,2.25,1985-10-01,1985,10,215.88253528649727,89.70678280186995,119.70385822496914,16.268429632962604,38.182485644326825,54.4509150126334,41.59703169827256,125.18644301857104,254.65529840642756,444.96337540183913,866.402155679949
MY_0p5_2.2500_102.7500,102.75,2.25,1985-10-01,1985,10,204.90312484548062,88.3165242641787,122.40146004399168,17.018477699424647,53.61628048329413,70.63475804389277,41.82546945161457,126.04484700553024,257.45375881919375,454.0858425671542,879.4099300722532
MY_0p5_2.2500_103.2500,103.25,2.25,1985-10-01,1985,10,202.58356129479787,86.38019648960658,125.01756950257314,21.076885841006323,69.90541586497473,90.9823017665318,42.22178510635618,127.45259539891804,260.3411777072482,459.08598497178815,889.1015272352431
MY_0p5_2.2500_103.7500,103.75,2.25,1985-10-01,1985,10,197.4414241984739,87.53736921407408,125.81090806864074,22.336180011296676,55.405761654094114,77.74193958347126,41.91679320254568,126.5029999813791,258.50889551195047,455.5184054099907,882.4470787953521
MY_0p5_2.2500_104.2500,104.25,2.25,1985-10-01,1985,10,193.56769704431053,89.11048324709019,128.6168955653167,19.153240251147057,32.186012646383496,51.339251904448204,42.21877645066947,127.7844839805414,261.30823485319286,460.5820723604565,891.8935632626873
MY_0p5_2.2500_104.7500,104.75,2.25,1985-10-01,1985,10,193.93011474609375,91.37760162353516,,,,,,,,,
MY_0p5_2.2500_109.7500,109.75,2.25,1985-10-01,1985,10,261.19092682869206,100.41875826927922,,,,,,,,,
MY_0p5_2.2500_111.2500,111.25,2.25,1985-10-01,1985,10,260.93624037504196,101.51080536842348,128.53011400559367,42.48415952570298,105.44099942375631,147.92515698601218,42.80653336468864,129.46231954237993,264.56251840030444,467.38565736658427,904.2170320398666
MY_0p5_2.2500_111.7500,111.75,2.25,1985-10-01,1985,10,284.9431849888393,100.5094234648205,129.12998715355283,49.06334027487134,114.36407335069445,163.42741297161768,42.853193458678234,129.58194240993922,264.7107609824528,467.3931267632379,904.5390237475198
MY_0p5_2.2500_112.2500,112.25,2.25,1985-10-01,1985,10,329.17079283699155,101.02227693588014,130.43092380099827,73.31788675217402,142.9718985905723,216.28978654165118,42.96725079975431,129.85651051354785,264.9371208069816,466.705333406963,904.4662105499751
MY_0p5_2.2500_112.7500,112.75,2.25,1985-10-01,1985,10,365.5837738521516,101.91012316507006,131.42618471175905,86.45825616745722,165.84581143818204,252.30406368195062,43.03746604313926,130.01949821351067,265.0298067607577,465.9905585394965,904.0773218548487
MY_0p5_2.2500_113.2500,113.25,2.25,1985-10-01,1985,10,393.50983954535593,102.95515437050472,134.07150060260108,74.18789932008774,166.2672017899771,240.4550983731709,43.0421739487421,130.0196035233755,264.971485828218,465.6916672479539,903.7249410962303
MY_0p5_2.2500_113.7500,113.75,2.25,1985-10-01,1985,10,392.158609028104,103.09887989865074,134.42106773279892,63.66878996016105,165.1243489422376,228.79313490662395,42.95444068425819,129.67747207834753,263.8422498099412,461.66868697540673,898.1428759611107
MY_0p5_2.2500_114.2500,114.25,2.25,1985-10-01,1985,10,367.85604596819195,102.98665279812283,134.3026128859747,62.5510492718409,161.70841311500183,224.25945662241136,42.93939606197296,129.61337105887276,263.63290289016,461.01590333968875,897.201578000992
MY_0p5_2.2500_114.7500,114.75,2.25,1985-10-01,1985,10,348.6124306955646,101.9402059247417,129.0596475662724,67.8752841949463,155.0158555061587,222.8911341021138,42.92269397858651,129.57594880134832,263.63705759356105,461.3899293961064,897.5256262994584
MY_0p5_2.2500_115.2500,115.25,2.25,1985-10-01,1985,10,328.68377685546875,101.0320816040039,122.6359634399414,52.269126892089844,126.11305236816406,178.38218688964844,42.77000427246094,129.17068481445312,263.06011962890625,461.0052795410156,896.006103515625
MY_0p5_2.7500_101.2500,101.25,2.75,1985-10-01,1985,10,259.7320556640625,94.3428955078125,114.74243927001953,19.751665115356445,22.05610466003418,41.807769775390625,41.41722869873047,124.6482162475586,251.34962463378906,430.4091796875,847.8242797851562
MY_0p5_2.7500_101.7500,101.75,2.75,1985-10-01,1985,10,232.9877730998587,90.2990003273704,106.85837599320844,24.001831144853067,56.68641899108886,80.68825013594194,41.88985463922673,126.34119418057527,256.35949990012426,445.40024613813915,869.9908038884943
MY_0p5_2.7500_102.2500,102.25,2.75,1985-10-01,1985,10,218.94494580311382,87.0920343824253,120.3970398872521,24.07731166766707,53.20349670215777,77.28080866139406,42.303765667471914,127.67683643899905,259.57821577521645,452.85852906050957,882.4173467356686
MY_0p5_2.7500_102.7500,102.75,2.75,1985-10-01,1985,10,210.7026111747645,86.09349757810182,121.22344248807883,21.644294666338567,73.89283887645865,95.53713443611241,42.65271540533138,128.96587526345553,263.48331741139856,465.2997421071499,900.4016627058198
MY_0p5_2.7500_103.2500,103.25,2.75,1985-10-01,1985,10,209.6864856792863,86.55086021666315,117.6391771887518,21.39044795066688,70.79394939446904,92.18439641575904,41.68174561421583,125.46041313705932,256.2890670193229,452.1522491843837,875.5834863747762
MY_0p5_2.7500_103.7500,103.75,2.75,1985-10-01,1985,10,206.8002647731615,88.37751043568487,116.29444308654503,21.31151931516586,46.18182501375401,67.49334351148472,40.644188243672595,121.84025085027318,248.91742062898274,438.5773780928229,849.9792249828989
MY_0p5_2.7500_104.2500,104.25,2.75,1985-10-01,1985,10,202.02271293191347,89.50360847921932,127.36398315429688,18.882295608520508,23.954431533813477,42.836727142333984,42.17066955566406,127.62752532958984,260.9112243652344,459.5758972167969,890.2852783203125
MY_0p5_2.7500_111.2500,111.25,2.75,1985-10-01,1985,10,251.5361752214103,100.92325481546338,131.36099288042854,37.51651034635656,82.20980812521543,119.72631701301125,42.63282551484949,128.99350828282974,263.80613528980933,466.2885661405676,901.7210567698759
MY_0p5_2.7500_111.7500,111.75,2.75,1985-10-01,1985,10,271.9654817424837,100.30425784626946,131.65397249419112,43.35718838921908,99.72134429010852,143.07853422493767,42.744723418663284,129.29117781540444,264.24608954067884,466.72552042994,903.0075270554114
MY_0p5_2.7500_112.2500,112.25,2.75,1985-10-01,1985,10,306.7904693024068,100.8775532155097,132.8902835591634,61.792330996195474,126.89327245076497,188.6856053161621,42.87536223093668,129.62399780273435,264.65243357340495,466.70326741536456,903.8550807698567
MY_0p5_2.7500_112.7500,112.75,2.75,1985-10-01,1985,10,336.62149327917945,101.77849549885038,132.72632676136644,81.4860504971275,143.87711870217626,225.3631645395786,42.919045098220245,129.72105837471878,264.6724750180787,466.04304137411,903.3556277118151
MY_0p5_2.7500_113.2500,113.25,2.75,1985-10-01,1985,10,355.15445905412946,102.80567193409753,135.58958454434833,80.41610904269747,149.86226549905442,230.2783775692894,42.956571597144716,129.8166806660001,264.7914981902592,466.03871983119416,903.6034799727182
MY_0p5_2.7500_113.7500,113.75,2.75,1985-10-01,1985,10,356.598826997599,103.55895993664006,136.57849159969646,57.57678014913182,137.26613811322838,194.84291800723713,42.78127733461417,129.23648814790567,263.2978894664983,461.6842987643686,896.9999669554887
MY_0p5_2.7500_114.2500,114.25,2.75,1985-10-01,1985,10,344.6549032670033,102.83299979680702,134.33289216439934,52.31940183760244,134.85379520850847,187.1731928088997,42.76409943496124,129.1136943962001,262.7118855729888,459.37419080130655,893.963894228392
MY_0p5_2.7500_114.7500,114.75,2.75,1985-10-01,1985,10,332.0571666158688,103.58225085021583,131.75283733295026,68.76065601664743,143.92190381675766,212.68255556920533,42.90658176932365,129.55230649717294,263.7387169516011,462.2423304661064,898.4399108886719
MY_0p5_2.7500_115.2500,115.25,2.75,1985-10-01,1985,10,321.19570070558837,101.01673133094032,122.15869284964897,42.21250613100894,123.02324903333509,165.2357569514094,42.616589932828326,128.66794098175322,261.75249501821156,457.00089270789346,890.0379314250774
MY_0p5_3.2500_101.2500,101.25,3.25,1985-10-01,1985,10,266.2825351291233,93.14005965295934,121.91552164396887,31.62791024293417,56.52107654378572,88.14898678671989,42.25190638382612,127.52222552466486,259.17217720714524,452.1582317426511,881.1045529851652
MY_0p5_3.2500_101.7500,101.75,3.25,1985-10-01,1985,10,230.6837310791015,86.60779697879865,109.50910811211654,34.18043674177425,98.11579640503902,132.29622812939297,42.35050209920118,127.79329887924682,259.6387227538285,452.27251575251296,882.05504535262
MY_0p5_3.2500_102.2500,102.25,3.25,1985-10-01,1985,10,222.550837344215,86.41126762269036,121.61058705647787,23.342981925843254,43.72403459094819,67.06701509990388,42.262275792681976,127.54608793712796,259.28539341517853,452.15623546781984,881.2499833364335
MY_0p5_3.2500_102.7500,102.75,3.25,1985-10-01,1985,10,217.19074234781382,85.845846417584,121.73751579960691,24.2567797914336,75.13448532925376,99.39126403422294,42.657005189340325,128.96100857891614,263.34595334982566,464.5084066270272,899.4723916355567
MY_0p5_3.2500_103.2500,103.25,3.25,1985-10-01,1985,10,214.4200998113676,87.11358346845896,112.5568874495814,23.633113072050513,74.63240861426735,98.26552109609597,40.90098187822473,122.57748534858034,250.41074150160006,441.9890172504835,855.8782446050488
MY_0p5_3.2500_112.2500,112.25,3.25,1985-10-01,1985,10,298.8223748101129,100.96466352674696,133.99215291341147,56.93319532606338,111.94727715386286,168.88047146267363,42.803215789794926,129.43296474880643,264.38842230902776,466.58709581163197,903.2117255316841
MY_0p5_3.2500_112.7500,112.75,3.25,1985-10-01,1985,10,326.25800151209677,102.13226158388198,135.55805706586995,78.39167860687756,127.81985298531953,206.2115279651079,42.84154838812156,129.51243328657307,264.3764138143571,465.90727083800266,902.6376672963627
MY_0p5_3.2500_113.2500,113.25,3.25,1985-10-01,1985,10,339.8329603152168,103.31834646812955,138.81702446215078,80.5195137948701,126.30204382809725,206.82155921242452,42.839652740594104,129.49848094131005,264.3188866124009,465.7157807783647,902.3728029655688
MY_0p5_3.2500_113.7500,113.75,3.25,1985-10-01,1985,10,344.27268085782487,104.5158971877325,136.00270555284288,70.22162867954799,115.94590599423364,186.16753762865824,42.744269925072075,129.19522201295885,263.5938216920883,463.7935048905629,899.3268182663691
MY_0p5_3.2500_114.2500,114.25,3.25,1985-10-01,1985,10,341.17768237848946,105.18651420447476,133.593372417863,61.33682717487311,136.73939548176565,198.07622999446406,42.810753864847165,129.26448885194813,263.1016600784982,460.5681451688146,895.7450680094919
MY_0p5_3.2500_114.7500,114.75,3.25,1985-10-01,1985,10,328.35629000329675,106.87895882964897,134.77107770883356,64.88854323223138,137.65288468379123,202.54143091675584,42.91204547274645,129.5738303312071,263.8251611989016,462.67797083763566,898.9890010372089
MY_0p5_3.2500_115.2500,115.25,3.25,1985-10-01,1985,10,311.18035270594345,102.22482608843451,120.68530539017688,35.80950949463663,125.77972660789007,161.58923581280285,42.56593304646166,128.49075809913344,261.22570298593257,455.1644133555737,887.4468211886247
MY_0p5_3.2500_115.7500,115.75,3.25,1985-10-01,1985,10,321.2226113308682,99.12928197624979,118.42401628815725,67.0238870342126,171.2733025711574,238.29718857668757,42.9443437383416,129.69453087281647,264.0693589114071,462.63073284706365,899.3389556541872
MY_0p5_3.7500_100.7500,100.75,3.75,1985-10-01,1985,10,385.98406982421875,93.9464340209961,129.6772003173828,47.237571716308594,86.61621856689453,133.85379028320312,42.8271369934082,129.3134307861328,263.2586364746094,461.8631591796875,897.2623901367188
MY_0p5_3.7500_101.2500,101.25,3.75,1985-10-01,1985,10,315.57587928943036,90.38679042680364,127.15343260533602,43.12761572186615,111.84700893661352,154.97462744851714,42.821835551832876,129.3766173822594,263.762291868142,463.7064720573549,899.6671922800997
MY_0p5_3.7500_101.7500,101.75,3.75,1985-10-01,1985,10,267.9276732276468,84.32430541894998,118.67605209350587,29.448313306091702,97.6491002611294,127.0974153652313,42.54848933371769,128.44294170209557,261.1954876359102,455.67096996914813,887.8578677815239
MY_0p5_3.7500_102.2500,102.25,3.75,1985-10-01,1985,10,259.552543422154,83.77785346621556,120.99208817254927,24.03790415809268,77.61156490265377,101.64947090754431,42.52558672465975,128.4341592940073,261.55157083178324,457.9740757533482,890.4853763640873
MY_0p5_3.7500_102.7500,102.75,3.75,1985-10-01,1985,10,248.74125182136655,85.71732211642795,119.6488792056129,26.866672503758988,91.21692977178664,118.08359898158481,42.736005232069225,129.18878837464345,263.738375515408,464.92281416635666,900.5860049293154
MY_0p5_3.7500_103.2500,103.25,3.75,1985-10-01,1985,10,236.8301752098053,87.17764981334427,113.12988535563152,32.85839955946979,103.9484109317555,136.80680512072993,42.298000604966106,127.56682882869944,260.4506765328202,459.24249746285227,889.5580140356924
MY_0p5_3.7500_113.2500,113.25,3.75,1985-10-01,1985,10,333.68521595001226,104.70105826854706,137.26376417816664,70.22981049584561,99.62672124143506,169.8565351142258,42.75358156298028,129.27775098456712,264.0566936555456,465.90819862240653,901.9962338306865
MY_0p5_3.7500_113.7500,113.75,3.75,1985-10-01,1985,10,342.52295476740056,106.24427100287542,130.83795714146882,61.53748082034411,101.81327135894676,163.35075862353673,42.79101584721538,129.36955611836947,264.1685170787824,465.99307300357754,902.3221716032059
MY_0p5_3.7500_114.2500,114.25,3.75,1985-10-01,1985,10,349.0491120071656,107.91193043542286,128.6716368660094,56.02065963745117,112.38756285167877,168.40822812034972,42.833759210980126,129.44747483995226,264.11987856910343,465.2548474508618,901.6559459867932
MY_0p5_3.7500_114.7500,114.75,3.75,1985-10-01,1985,10,337.3412272135417,108.22034500364273,131.56397533113994,53.20957521711078,126.355294581822,179.56486520918588,42.87589789496528,129.52734190925716,264.06066071041045,464.4057563902839,900.8696420820933
MY_0p5_3.7500_115.2500,115.25,3.75,1985-10-01,1985,10,312.9670461503286,101.02371540372333,116.04098956395708,31.326005311996212,126.69005918956938,158.01606532505582,42.564117201547774,128.50882321312312,261.3641734289744,455.70361095610116,888.1407389322917
MY_0p5_3.7500_115.7500,115.75,3.75,1985-10-01,1985,10,316.63077177418216,96.75936082798799,116.56916298626138,56.44164896354401,163.34298804852602,219.78464217151668,42.88231433895852,129.45748539108166,263.3451145089788,460.23578166275576,895.9206960115501
MY_0p5_4.2500_100.7500,100.75,4.25,1985-10-01,1985,10,409.5325931549072,93.51828072014757,130.7624575867945,69.46008026745855,121.49449375697546,190.95457427355709,42.9515136874452,129.66465503926182,263.767125592913,461.93131701411045,898.3145958725288
MY_0p5_4.2500_101.2500,101.25,4.25,1985-10-01,1985,10,375.020465939544,86.57471261966002,124.63714174404267,76.47079155551401,198.22882913480143,274.6996209697359,43.148909732794316,130.2372348080775,264.825376474174,463.0803511309776,901.2918979134531
MY_0p5_4.2500_101.7500,101.75,4.25,1985-10-01,1985,10,342.1448442911365,85.26030811638879,126.27648457780053,34.35102290924365,118.99928961318143,153.35031566680814,42.83454973019732,129.45892865360736,264.09598841073034,464.7667293853273,901.1562209449256
MY_0p5_4.2500_102.2500,102.25,4.25,1985-10-01,1985,10,324.1825577123478,86.85439105536611,121.40172267341005,23.978474857708136,103.19000322140825,127.16847514192138,42.75853340465803,129.25633156870882,263.8381467581557,464.8217820237621,900.6748072225066
MY_0p5_4.2500_102.7500,102.75,4.25,1985-10-01,1985,10,300.7895785775155,86.90597218313034,112.30345746666003,30.346454675030557,124.85279333515531,155.19924341189633,42.76789227868341,129.21937468704905,263.3602000436965,462.13434916696747,897.4818360152517
MY_0p5_4.2500_103.2500,103.25,4.25,1985-10-01,1985,10,273.0500505168448,89.80760081221419,107.92360615481068,40.17884906409925,115.37647701888136,155.55532188282615,42.7760994409435,129.2984438906148,263.9575253795664,465.1840936215497,901.2161699354856
MY_0p5_4.2500_113.7500,113.75,4.25,1985-10-01,1985,10,360.5643586658297,108.3605403322162,126.54071044921875,45.71230564477309,99.605620546161,145.31793068939785,42.80676499852595,129.40996421957917,264.200885412828,465.8875099038178,902.3051187767173
MY_0p5_4.2500_114.2500,114.25,4.25,1985-10-01,1985,10,368.68712561699135,108.8959876690132,123.76918975358765,39.00870429963219,101.86428891922057,140.87299974360522,42.81462104532249,129.448594730333,264.36427477980214,466.53489749864264,903.162417849979
MY_0p5_4.2500_114.7500,114.75,4.25,1985-10-01,1985,10,355.92281372070323,108.29732238769533,127.0316089375814,62.1473804473877,137.9021278381348,200.04950378417973,42.92079134623211,129.7051233927409,264.5941448974609,465.9492236328125,903.1692928059897
MY_0p5_4.2500_115.2500,115.25,4.25,1985-10-01,1985,10,326.2548121346368,103.02059038480125,117.3726336426205,35.68304334746467,133.8245292769538,169.50757524702286,42.58823204040528,128.58108801311914,261.48984167310925,455.8237768809001,888.4829678005642
MY_0p5_4.2500_115.7500,115.75,4.25,1985-10-01,1985,10,313.8577159816937,96.84745217016189,110.40318189717956,42.739697989770924,141.18084768521587,183.92054531291384,42.72691389180848,128.9788901118909,262.2487525034759,457.38554770259543,891.3401102356994
MY_0p5_4.2500_116.2500,116.25,4.25,1985-10-01,1985,10,318.8683940608327,104.19240644501477,115.10896617610283,79.54017494945991,178.3946084743593,257.9347909136517,43.01384239661984,129.84463854533874,264.13090701219517,462.0160890904869,899.0054596691597
MY_0p5_4.2500_116.7500,116.75,4.25,1985-10-01,1985,10,328.41050534992553,109.3135154150814,117.1277768350061,96.17279489329785,196.68060311554484,292.85340158098694,43.11205728343457,130.16273974821058,264.93693286697305,464.35523007784286,902.566937220579
MY_0p5_4.2500_117.2500,117.25,4.25,1985-10-01,1985,10,344.6980994570572,114.38674157066683,116.7589742609885,84.50730065539874,172.03042717317564,256.5377231699175,42.96615381156449,129.82332827137634,264.7165474680673,465.42130650883234,902.9273333254114
MY_0p5_4.2500_117.7500,117.75,4.25,1985-10-01,1985,10,322.99873912843884,116.05600050575715,111.16305845211714,47.671076505612106,107.39245439187074,155.0635276207557,41.22660397260616,123.77547891730937,252.78026039579998,445.2396268926115,863.021964309562
MY_0p5_4.2500_118.2500,118.25,4.25,1985-10-01,1985,10,261.78654328284904,117.1073415655839,103.74245287658303,20.902423263355427,55.887359716330366,76.78978359927038,38.32690922925427,113.37124245030107,231.72565591411228,408.49206465216963,791.9158628427299
MY_0p5_4.2500_118.7500,118.75,4.25,1985-10-01,1985,10,223.20251351815685,118.41983682137948,99.92566680908203,14.302210807800293,40.72305679321289,55.0252685546875,36.70004653930664,107.47150421142578,219.73475646972656,387.5523681640625,751.4586791992188
MY_0p5_4.7500_100.2500,100.25,4.75,1985-10-01,1985,10,430.0377875434028,97.36580234103734,,,,,,,,,
MY_0p5_4.7500_100.7500,100.75,4.75,1985-10-01,1985,10,423.87119700810683,92.15014626161896,129.8985937475189,84.0886910291222,188.1760309110812,272.26473540019214,43.176571031896074,130.37393300126237,265.36675975768543,465.34087998304904,904.2581184201124
MY_0p5_4.7500_101.2500,101.25,4.75,1985-10-01,1985,10,410.2444570767678,84.7908212086511,119.54415903242808,80.55782708062067,227.0781499469091,307.6359802246094,43.25647270565941,130.5491226922898,265.37219180152533,463.72760532924116,902.9053883386038
MY_0p5_4.7500_101.7500,101.75,4.75,1985-10-01,1985,10,383.1752189101687,86.92801642039466,124.43666163853236,57.59450310601129,177.7013863699777,235.29589034791982,43.09099633353098,130.17729874868243,265.26612141927086,466.04058101593506,904.5750215076266
MY_0p5_4.7500_102.2500,102.25,4.75,1985-10-01,1985,10,348.8252912248884,89.33257642473492,115.50057787214007,66.95915926978701,199.05399315243676,266.01317138671874,43.15691281273252,130.3352015904018,265.3883196149553,465.47654273623516,904.3569975353423
MY_0p5_4.7500_102.7500,102.75,4.75,1985-10-01,1985,10,314.1336017778724,89.87344474549505,108.16096056798457,66.27949659991415,189.03281839941712,255.31232243434638,43.11852111330456,130.2422674385605,265.3208899042408,465.83389855646016,904.515558910977
MY_0p5_4.7500_103.2500,103.25,4.75,1985-10-01,1985,10,282.87245836303134,93.20625125828076,100.51665997945076,65.90000818400367,148.65448130364788,214.55448367410924,41.43300486490737,124.28022279070754,253.37528924132627,445.19821020597914,864.2867147860933
MY_0p5_4.7500_103.7500,103.75,4.75,1985-10-01,1985,10,262.5985669587788,95.15734100341797,88.9725197135628,46.90843661419756,78.51498284277977,125.4234159395292,37.39002232737355,109.81796175473697,224.2196764264788,394.7597148944805,766.1873636617289
MY_0p5_4.7500_113.7500,113.75,4.75,1985-10-01,1985,10,409.5166015625,109.64093017578125,,,,,,,,,
MY_0p5_4.7500_114.2500,114.25,4.75,1985-10-01,1985,10,409.5166015625,109.93191637311662,124.39727020263672,45.68134689331055,103.25205993652344,148.93341064453125,42.77428436279297,129.37796020507812,264.4034118652344,467.0348205566406,903.5904541015625
MY_0p5_4.7500_114.7500,114.75,4.75,1985-10-01,1985,10,391.1382889286165,110.65777366392075,127.95798886206843,72.38789617887107,135.53709001438594,207.92499320737778,42.90424884262906,129.68729244765416,264.67936952652474,466.450186124412,903.7210798366094
MY_0p5_4.7500_115.2500,115.25,4.75,1985-10-01,1985,10,358.45131333669025,108.93527710437775,126.12383985519406,65.32982450723645,169.82718153794605,235.1570117473602,42.81046555439631,129.23955905437467,262.780111948649,458.4411837259927,893.2712968190509
MY_0p5_4.7500_115.7500,115.75,4.75,1985-10-01,1985,10,326.11898648701015,102.965648566352,115.28107440282427,42.62759939526754,140.94528043232265,183.57288183787514,42.70038282606336,128.9002243768601,262.04996211945064,456.8849588061136,890.5355015345981
MY_0p5_4.7500_116.2500,116.25,4.75,1985-10-01,1985,10,295.3021423339843,103.55856175498354,115.78927796378966,43.601380266462044,143.99100719633554,187.59239003014937,42.82306765601747,129.32404736715648,263.29625699482256,461.0380822560143,896.4814325241815
MY_0p5_4.7500_116.7500,116.75,4.75,1985-10-01,1985,10,293.4203146439565,106.46523808829392,115.4655671662922,47.80575677412975,154.3556400733658,202.1613958334621,42.86189305027829,129.45315445525736,263.6351212127299,462.00616783431815,897.9563274142108
MY_0p5_4.7500_117.2500,117.25,4.75,1985-10-01,1985,10,326.59322480701263,109.57579367501395,113.64637482658267,52.177393425835504,157.27210446312316,209.44949282691587,42.827831958589094,129.37609204489087,263.58982824900795,462.1685993497335,897.962345377604
MY_0p5_4.7500_117.7500,117.75,4.75,1985-10-01,1985,10,310.5491621765909,112.89300645755817,115.24290360076517,44.79514953758142,133.23298478428322,178.02813706216932,42.69380335264568,129.0199104502231,263.10422863537747,462.0111792842044,896.8291204911244
MY_0p5_4.7500_118.2500,118.25,4.75,1985-10-01,1985,10,262.8437573610239,115.82293298615885,120.17032964505145,35.88632171477506,103.84909245476652,139.73541903855215,42.564999086772985,128.675726732417,262.64331913473626,461.93306099589756,895.817091745348
MY_0p5_4.7500_118.7500,118.75,4.75,1985-10-01,1985,10,232.9141434295268,116.84423673605616,126.12917646577088,27.662335939045192,83.40002142024946,111.06235996680925,42.47460865069039,128.448436495624,262.3957125506824,462.1790516527393,895.4977957810028
MY_0p5_5.2500_100.2500,100.25,5.25,1985-10-01,1985,10,422.7402830620033,98.27546952087755,67.937744140625,58.26254653930664,85.37660217285156,143.63914489746094,28.43368148803711,77.07963562011719,156.74569702148438,273.76055908203125,536.0195922851562
MY_0p5_5.2500_100.7500,100.75,5.25,1985-10-01,1985,10,419.60775238236573,93.31108882759193,126.35598193639997,74.44648676905139,202.5775955024807,277.0240820522966,42.33545136725766,127.30787132526268,259.00167916835045,453.44033918709596,882.0853348655262
MY_0p5_5.2500_101.2500,101.25,5.25,1985-10-01,1985,10,412.81148245675223,88.10099533323258,121.43282528831844,81.13263043600416,235.2787595718626,316.4113990420387,43.27711953057183,130.6195847284226,265.57374093191964,464.363578578404,903.8340223524305
MY_0p5_5.2500_101.7500,101.75,5.25,1985-10-01,1985,10,380.1274646345977,89.16298148282776,123.37470821210535,68.35588671447366,216.7860132691208,285.1418931317178,43.266926528541916,130.64806016083736,265.9788539424824,466.7379374898924,906.6317496330117
MY_0p5_5.2500_102.2500,102.25,5.25,1985-10-01,1985,10,327.1811461236067,95.89263918445369,114.2642476027179,61.84847950783505,186.74532454180869,248.59380243386434,42.883766818198424,129.40050730128195,263.6902473595491,463.39934622406196,899.3738611306353
MY_0p5_5.2500_102.7500,102.75,5.25,1985-10-01,1985,10,284.9116355075899,95.7065121110078,105.17189488815049,64.25949981172207,166.85249558788234,231.1119943909726,41.94291460716118,126.08316112453653,256.9925154863778,451.4788491459216,876.4974390062234
MY_0p5_5.2500_103.2500,103.25,5.25,1985-10-01,1985,10,264.4366158944589,98.08988964746868,109.50144091519442,80.75301011816248,159.2471593386167,240.0001695310915,42.84805414274142,129.42970924872859,263.9793169095919,464.303561718433,900.5606491287034
MY_0p5_5.2500_115.2500,115.25,5.25,1985-10-01,1985,10,383.4532657746346,112.04175112324376,127.84600730020492,63.36145932557153,138.02741053847018,201.38886698738474,42.59835446467166,128.52654929239242,260.93031135934297,453.74329163598236,885.7985139440318
MY_0p5_5.2500_115.7500,115.75,5.25,1985-10-01,1985,10,359.7299607701126,110.41915043698081,121.05151175806077,43.3850321365615,112.47842973612123,155.8634583554025,42.41751992177154,127.95764509298033,259.597832217459,450.3738795393604,880.346881000066
MY_0p5_5.2500_116.2500,116.25,5.25,1985-10-01,1985,10,310.0421701745142,106.69222923471959,115.41680517075937,42.52968161619162,135.68466017517864,178.2143434934978,42.74184000039403,129.11303730252425,262.977852060825,460.6842821338509,895.5170106525661
MY_0p5_5.2500_116.7500,116.75,5.25,1985-10-01,1985,10,304.9067941979516,107.89767902712278,116.68238801594022,57.09592714188974,171.05610304240938,228.1520280475858,42.90818747991248,129.5860016255439,263.80306572250174,461.7918677993967,898.0891113281251
MY_0p5_5.2500_117.2500,117.25,5.25,1985-10-01,1985,10,354.4052031986297,111.22513265458363,118.08521246531653,76.62918713282025,188.25504717145648,264.8842297750806,43.03504134889633,129.96368180532303,264.60709364149307,463.7267389206659,901.3325553772942
MY_0p5_5.2500_117.7500,117.75,5.25,1985-10-01,1985,10,344.8357558477493,113.16597692096045,118.96888086228144,74.98514719160777,175.96444522918213,250.94959503658237,42.99610475812639,129.87604176354787,264.6287803044395,464.5962246365017,902.0971532428076
MY_0p5_5.2500_118.2500,118.25,5.25,1985-10-01,1985,10,287.1010839441321,114.76081022031745,123.48291649788047,61.89564039145304,145.18699641136607,207.08264179594198,42.87139760157105,129.5490229904272,264.2192791981302,464.71394931282964,901.3536544119476
MY_0p5_5.2500_118.7500,118.75,5.25,1985-10-01,1985,10,240.56133331298832,115.91441800556485,129.0007349650065,33.93982903162639,97.50065739949545,131.44048669603137,42.577921602461075,128.74595748053656,262.9251713222927,463.0831676059298,897.3322321573893
MY_0p5_5.2500_119.2500,119.25,5.25,1985-10-01,1985,10,202.5212381441299,116.18248240152995,131.0772705078125,22.012598037719727,78.23829650878906,100.25089263916016,42.44926452636719,128.3927001953125,262.3448181152344,462.2855529785156,895.4723510742188
MY_0p5_5.7500_100.2500,100.25,5.75,1985-10-01,1985,10,402.7238742037936,100.0255204621736,103.64617583948538,62.12967695883654,154.67776405264476,216.8074452811425,36.20912289400713,105.1798491871685,214.14398823309384,375.6358007028562,731.168770046409
MY_0p5_5.7500_100.7500,100.75,5.75,1985-10-01,1985,10,399.9600796169705,97.01190347822886,119.99469060262044,66.5346549097697,197.91309631347656,264.44775238037107,41.364065361022945,123.7628926595052,251.89215270996092,441.7469459025065,858.7660618082682
MY_0p5_5.7500_101.2500,101.25,5.75,1985-10-01,1985,10,402.92615563099787,94.2008453128845,123.6064961350809,77.61069377388543,240.5612180814969,318.1719063586138,43.33145619189645,130.7950532567783,266.0434714490035,465.9211231141579,906.0911353404128
MY_0p5_5.7500_101.7500,101.75,5.75,1985-10-01,1985,10,368.44319279988616,94.92073949178061,124.21547733942667,65.14449106852214,192.98198636372888,258.1264705022176,43.134707848231,130.28544972737632,265.39498875935874,465.98895848592133,904.8040669759116
MY_0p5_5.7500_102.2500,102.25,5.75,1985-10-01,1985,10,304.3760339785845,101.82622026785826,115.18006822476883,51.048201833911214,120.60230255126953,171.65049982552577,41.94912759543268,126.35074438229955,258.0418393427274,454.8483385285143,881.1900371718485
MY_0p5_5.7500_102.7500,102.75,5.75,1985-10-01,1985,10,267.3868737792969,100.23301933807076,89.7153549194336,43.07536315917969,100.0777816772461,143.1531524658203,36.305789947509766,105.8455810546875,215.8898468017578,379.13592529296875,737.1771240234375
MY_0p5_5.7500_103.2500,103.25,5.75,1985-10-01,1985,10,251.88107299804688,101.65093231201172,,,,,,,,,
MY_0p5_5.7500_115.2500,115.25,5.75,1985-10-01,1985,10,394.3659006754557,113.40382156372071,129.7376708984375,104.76349639892578,171.01670837402344,275.78021240234375,43.04391860961914,130.08221435546875,265.3101501464844,466.9834899902344,905.4197998046875
MY_0p5_5.7500_115.7500,115.75,5.75,1985-10-01,1985,10,365.13151484764427,111.16693578614779,121.1494160970052,75.35415932791574,153.08970990862167,228.44386974516368,42.774537840343655,129.2104511079334,263.12135329473585,460.7458603631882,895.8522019159226
MY_0p5_5.7500_116.2500,116.25,5.75,1985-10-01,1985,10,314.4274164109003,106.10008101690383,114.47582504030258,57.73041788736979,147.8465127611917,205.57692938910594,42.66402463156079,128.82920788961744,262.0550324939546,457.33755376906623,890.8858026413691
MY_0p5_5.7500_116.7500,116.75,5.75,1985-10-01,1985,10,300.4115658714657,104.97916780502078,112.53100043402777,67.6782078213162,178.99516017853264,246.67336876278833,42.891459256126765,129.48062245202442,263.28631708054314,459.5893962557353,895.247788783482
MY_0p5_5.7500_117.2500,117.25,5.75,1985-10-01,1985,10,346.7035398272685,111.93005433669227,119.11745746504245,85.98283304401001,195.68799251712832,281.67082262490453,43.122649135649766,130.2484027850515,265.3081561067503,465.69073823272987,904.3699643107996
MY_0p5_5.7500_117.7500,117.75,5.75,1985-10-01,1985,10,345.6699286566841,114.7443123227074,121.23182406841511,78.2665870205668,159.2475463047924,237.51413122599564,42.98633575439454,129.92189988513923,265.07295052957215,466.7973320468161,904.7785101768955
MY_0p5_5.7500_118.2500,118.25,5.75,1985-10-01,1985,10,304.31393088757153,115.31600131988525,124.71539384629992,82.44185268825956,162.19188883463542,244.63374640570746,42.99064169989691,129.9297985839844,265.08555664062504,466.8062638346354,904.812241482205
MY_0p5_5.7500_118.7500,118.75,5.75,1985-10-01,1985,10,256.6635655623216,116.06437103564923,126.39205169677734,86.36873626708984,172.77590942382812,259.1446533203125,43.037322998046875,130.04942321777344,265.24566650390625,466.86236572265625,905.1947631835938
MY_0p5_6.2500_99.7500,99.75,6.25,1985-10-01,1985,10,404.2475280761719,104.69744469137753,139.4609928574673,103.86261270212573,198.7278754655705,302.5904895871185,43.12783902190452,130.29672383153164,265.5072539573492,466.3967923896258,905.3286118618278
MY_0p5_6.2500_100.2500,100.25,6.25,1985-10-01,1985,10,375.1414233446121,101.96194303035736,125.04432447783799,67.83049260353556,180.4540508659518,248.28454440369893,41.20829589220942,123.33659157266422,251.33886606644612,441.7452469806282,857.6290016641422
MY_0p5_6.2500_100.7500,100.75,6.25,1985-10-01,1985,10,367.7375290329393,100.8476086767484,122.73168462215703,58.71976697767104,182.79646584057903,241.51623523373402,42.42442825494126,127.69954572405135,259.85961148177336,456.28613681866864,886.2697023369632
MY_0p5_6.2500_101.2500,101.25,6.25,1985-10-01,1985,10,365.5222726675181,100.15897756723257,123.09141974815958,65.37124903752255,191.8953812819261,257.26663161057695,43.0733627319336,130.02408259465145,264.4358384352464,463.96640625,901.4996844951922
MY_0p5_6.2500_101.7500,101.75,6.25,1985-10-01,1985,10,325.7226379394531,103.55855778285435,124.17160666329518,38.94203153337751,115.09779619489395,154.0398260934012,42.78058264596121,129.3896296909877,264.3282662527901,466.3367824009486,902.8352608816964
MY_0p5_6.2500_102.2500,102.25,6.25,1985-10-01,1985,10,291.17230860392254,105.11340280858482,121.83900451660156,23.535518646240234,73.76083374023438,97.29634857177734,42.612667083740234,128.96710205078125,263.8863220214844,466.9106750488281,902.3767700195312
MY_0p5_6.2500_115.7500,115.75,6.25,1985-10-01,1985,10,328.7729721069336,111.56447063792837,130.2479705810547,65.82713317871094,121.58811950683594,187.41525268554688,42.67768478393555,129.0226593017578,263.2153015136719,462.3675231933594,897.283203125
MY_0p5_6.2500_116.2500,116.25,6.25,1985-10-01,1985,10,299.77336937084533,109.09979636209054,123.52949755832489,48.50733260436205,98.1560618950932,146.66339309625158,42.327038180985646,127.80992896126229,259.88875731077485,452.71105096623756,882.7367766124036
MY_0p5_6.2500_116.7500,116.75,6.25,1985-10-01,1985,10,275.684216889881,108.14924175928509,117.18112165662976,34.949886576334634,96.90994969322567,131.85983458019436,42.246682509164955,127.5023914397709,258.9548130095951,449.8185147724454,878.5223919580853
MY_0p5_6.2500_117.2500,117.25,6.25,1985-10-01,1985,10,294.80817066979785,112.64776906815787,118.00622062077598,50.19737599690755,121.60866803366042,171.80604877774678,42.13713338942755,127.0497588142516,259.27444448319693,455.8597827729725,884.3211307586184
MY_0p5_6.2500_117.7500,117.75,6.25,1985-10-01,1985,10,305.41346263885504,115.02732960383099,118.88292935020046,57.05175964177003,115.71603054470488,172.7677962096811,42.0289198445995,126.7315667581837,259.01749513860335,456.881439030519,884.6594102647568
MY_0p5_6.2500_118.2500,118.25,6.25,1985-10-01,1985,10,306.95360020228793,115.69347054617747,122.08677319117956,58.293718474251875,117.3129049028669,175.6066240583147,42.68512494223458,129.1722412109375,264.1154109409877,466.20209721156533,902.1748439243862
MY_0p5_6.7500_100.2500,100.25,6.75,1985-10-01,1985,10,365.48393406587485,102.87950257694021,132.2157325744629,73.51535813948688,180.41355211594527,253.92890458948472,43.06355543697581,130.12051548677331,265.28263899859263,466.5269977345186,904.9937039543601
MY_0p5_6.7500_100.7500,100.75,6.75,1985-10-01,1985,10,346.3622798213253,102.92553908736618,125.23415459526912,54.01745746753834,160.9424240677445,214.95987842701103,42.817877592863866,129.21599211516207,262.5157685456453,461.0091597945602,895.5587836371528
MY_0p5_6.7500_116.2500,116.25,6.75,1985-10-01,1985,10,254.78012926825164,112.65260048799735,120.7113098516697,27.117248907321837,15.901559085380741,43.01880645751953,41.32295515479111,124.5203937437476,251.43780554794688,429.3014809213033,846.5826356469132
MY_0p5_6.7500_116.7500,116.75,6.75,1985-10-01,1985,10,253.5936684218826,112.56841725111008,115.64029633292097,22.74682421175388,32.40610700162503,55.152930459486164,40.38559655050044,121.06713849094075,245.73276468510684,425.16022681436044,832.3457183234779
MY_0p5_6.7500_117.2500,117.25,6.75,1985-10-01,1985,10,257.3060978294438,113.45001116369525,112.1710761078691,25.68641584953376,56.86243934968932,82.54885519922307,39.77677392537615,118.76712677542089,242.4275188614837,425.38280223745164,826.3542205000346
MY_0p5_6.7500_117.7500,117.75,6.75,1985-10-01,1985,10,265.79139285617407,114.65378655327692,115.57055807113649,37.59759795665741,80.72104024887085,118.31863880157469,40.482698202133186,121.2566318511963,248.06744384765625,437.87994289398193,847.6867332458497
MY_0p5_7.2500_116.7500,116.75,7.25,1985-10-01,1985,10,232.53012421375183,113.43986287192693,113.29793654732082,24.600894513337508,10.181264313407565,34.78215876040252,39.34938314686651,117.46604401961616,238.0530487060547,409.23302001953124,804.1014908500338
MY_0p5_7.2500_117.2500,117.25,7.25,1985-10-01,1985,10,226.0224173605979,113.27485862938134,111.89911948756169,20.30441541169819,11.038944987246866,31.3433606398733,38.741572610955494,115.32277928402549,234.0088971589741,403.5114447342721,791.5846782483552
MY_0p5_0.7500_110.2500,110.25,0.75,1985-11-01,1985,11,274.09300490159256,98.64232658973108,124.12987412672777,45.45420303344727,130.81385169396037,176.2680577204778,42.89873692439153,129.54485919658953,263.7763840895433,462.44818631685706,898.6681884765627
MY_0p5_0.7500_110.7500,110.75,0.75,1985-11-01,1985,11,272.5999101911272,100.72031075613839,129.24295174734934,39.23814762660435,113.96077968052457,153.198930140904,42.87457580566406,129.54293256487162,264.2093440464565,465.18938337053567,901.8162388392857
MY_0p5_0.7500_111.7500,111.75,0.75,1985-11-01,1985,11,298.1736949133495,99.05748228042845,127.04023306710381,50.65078590029763,127.15050397600446,177.80129108731708,42.908138154044984,129.6271248469277,264.25522867838544,464.77258010137655,901.5630996946304
MY_0p5_1.2500_103.2500,103.25,1.25,1985-11-01,1985,11,302.9062600737637,83.4837400566027,109.5089178952304,57.035894654013894,116.20547155900435,173.2413656061346,39.46156605807219,117.14248709245162,238.95312638716265,420.7818118008701,816.3389850963247
MY_0p5_1.2500_103.7500,103.75,1.25,1985-11-01,1985,11,301.7127054455211,83.14786425840508,101.11346102223813,54.12119615425184,128.01799788984283,182.1391937848434,40.72558886333577,121.87102419658773,248.58379801037242,437.7949965393659,848.9753992765853
MY_0p5_1.2500_104.2500,104.25,1.25,1985-11-01,1985,11,286.9041373116629,83.96326086861747,91.6776123046875,50.372222900390625,140.8676300048828,191.23985290527344,42.39291000366211,128.09791564941406,261.2835388183594,460.27447509765625,892.048828125
MY_0p5_1.2500_109.7500,109.75,1.25,1985-11-01,1985,11,268.5607086549323,100.40755811944065,122.85971942579891,41.093766269913644,120.45616131518261,161.54993116999248,42.925098603030285,129.76532956778286,264.946188317724,467.5392750200019,905.1758658167827
MY_0p5_1.2500_110.2500,110.25,1.25,1985-11-01,1985,11,267.6447233104338,99.91134837971691,124.04006766536524,44.32231643853502,125.7695335181984,170.09185113501826,42.89643659554854,129.56700216757284,263.9868068621426,463.53514918029094,899.985415189883
MY_0p5_1.2500_110.7500,110.75,1.25,1985-11-01,1985,11,267.98962382967505,101.36663314577132,129.8254920111762,36.20994175502232,107.67832973419672,143.88827311197915,42.86356976221477,129.53008645678324,264.2916183229476,465.784182593936,902.4694696335565
MY_0p5_1.2500_111.2500,111.25,1.25,1985-11-01,1985,11,278.96890093038644,100.27475056023644,130.18457067812594,40.13372131201406,112.3614080020795,152.49513137378634,42.84785539425982,129.4579431210844,263.99672769662294,464.5955188495283,900.8980317039611
MY_0p5_1.2500_111.7500,111.75,1.25,1985-11-01,1985,11,296.57634383913074,98.78382861425006,125.85316891140407,53.05708954826233,134.04142519027468,187.09851558624752,42.96488783094618,129.78526911659844,264.5243079775856,465.18898179796014,902.4634738498265
MY_0p5_1.2500_112.2500,112.25,1.25,1985-11-01,1985,11,315.9109669022148,97.60747280217669,123.67339220385865,63.18702765527716,155.3115707629828,218.4985988249028,43.075886372987384,130.08821686875396,264.9856686664717,465.5812999125059,903.7310992400658
MY_0p5_1.2500_112.7500,112.75,1.25,1985-11-01,1985,11,331.8845450083415,97.04387203852336,117.68745279312134,79.6575231552124,191.68017482757568,271.3376983006795,43.171169439951576,130.30470148722333,265.03718884785974,464.04648208618164,902.5595690409343
MY_0p5_1.2500_113.2500,113.25,1.25,1985-11-01,1985,11,338.25960772970444,96.84581418244736,114.5687346085258,83.49080027704652,204.5087187393852,287.99952392578126,43.168198925515874,130.25892241104788,264.7538966966712,462.65415516728945,900.8351859714672
MY_0p5_1.2500_113.7500,113.75,1.25,1985-11-01,1985,11,346.60724154385656,96.35613227613044,112.0571977441961,76.1167680566961,190.48879588734022,266.60555706602156,43.096724047805324,130.04907631151605,264.32185433127665,461.66926343513256,899.136918963808
MY_0p5_1.2500_114.2500,114.25,1.25,1985-11-01,1985,11,355.05798528890693,94.88034152140659,113.185659290415,72.33955781649699,178.11078610040445,250.45034600992116,43.07618902425851,130.01668906422844,264.3847858800297,462.26223727876106,899.7399000319759
MY_0p5_1.2500_114.7500,114.75,1.25,1985-11-01,1985,11,356.61836981004285,92.83059569328063,116.49751601680633,80.92842274327433,192.54244404454386,273.47086063508067,43.185103877898186,130.31983258647304,264.9030574675529,463.00912278698337,901.4171339465726
MY_0p5_1.7500_102.7500,102.75,1.75,1985-11-01,1985,11,290.7290211040013,83.0972429981548,114.40195727348329,33.143186211586,96.73507404327393,129.87826132774353,41.42153859138489,124.39072513580322,254.03364086151123,448.2463626861573,868.09228515625
MY_0p5_1.7500_103.2500,103.25,1.75,1985-11-01,1985,11,298.9560903895316,81.6470669484967,115.66622352600096,45.13221973419189,109.29702545166018,154.42924575805662,41.372307720184324,124.15279151916504,253.43027328491212,446.8369296264649,865.7923049926758
MY_0p5_1.7500_103.7500,103.75,1.75,1985-11-01,1985,11,297.74892792520643,82.05983652042437,108.17726847491686,51.953293305409105,115.11499385592303,167.0682871371885,41.45396799980839,124.52682630321648,254.1160686830931,447.79283953316605,867.889691702927
MY_0p5_1.7500_104.2500,104.25,1.75,1985-11-01,1985,11,289.0439453125,83.26501784324647,103.537276157113,55.511039674744126,121.67388289104136,177.18492410349293,42.544594077176825,128.58069427253665,262.38117898157395,462.4352984761083,895.9417620518411
MY_0p5_1.7500_109.7500,109.75,1.75,1985-11-01,1985,11,273.79613370673604,100.46382008042445,122.7371826171875,40.97970199584961,119.461181640625,160.44088745117188,42.923736572265625,129.76739501953125,264.9825134277344,467.7344055175781,905.4080200195312
MY_0p5_1.7500_110.2500,110.25,1.75,1985-11-01,1985,11,260.79722286610127,101.8708988536488,123.85327262674424,43.90902883356267,118.23770618948707,162.14673186113492,42.9047734673648,129.64979871454088,264.48409006047376,465.86155056060954,902.9002277557864
MY_0p5_1.7500_110.7500,110.75,1.75,1985-11-01,1985,11,259.85442976518107,102.4287522055886,130.32428741455078,34.51391849517822,97.2818016052246,131.79571685791015,42.86060543060302,129.5652229309082,264.6030136108398,467.3742782592773,904.4031433105467
MY_0p5_1.7500_111.2500,111.25,1.75,1985-11-01,1985,11,268.22702811104904,100.86263202485584,128.72606825717662,39.349365269860556,105.51460649357286,144.86397201183235,42.876450347900395,129.578036853879,264.4349233228107,466.3089625158976,903.1983662450036
MY_0p5_1.7500_111.7500,111.75,1.75,1985-11-01,1985,11,287.6006583684607,98.48386646222463,120.53809634341467,47.44932903217364,130.61668125587173,178.0660113081147,42.99646469309359,129.9063667104214,264.9247052156472,466.62080615079844,904.4483659961554
MY_0p5_1.7500_112.2500,112.25,1.75,1985-11-01,1985,11,314.58770470997644,97.36345902700272,118.98371465773809,58.56986476353237,152.65972425672743,211.22958669511098,43.06378873794798,130.05782446482826,264.9389177594866,465.46810544937375,903.5286611405628
MY_0p5_1.7500_112.7500,112.75,1.75,1985-11-01,1985,11,331.10830475337923,97.4789311242482,117.99158153231183,65.80915775601825,169.37882051013761,235.18797781808033,43.09637395465185,130.12772807772197,264.9273793054005,464.78374449714784,902.9352384052578
MY_0p5_1.7500_113.2500,113.25,1.75,1985-11-01,1985,11,336.55135769314234,97.53956889803447,116.54150024898469,71.49551938980345,182.83827882797,254.3338024321056,43.08927726140098,130.0857662624783,264.7229577442956,463.7794631231398,901.677463688926
MY_0p5_1.7500_113.7500,113.75,1.75,1985-11-01,1985,11,342.0350467742435,96.85291319347562,113.03441346183655,67.89072596232097,175.74519343300472,243.6359102763827,42.96271832178509,129.6869935050843,263.7438734266493,460.9151714991009,897.3087661985368
MY_0p5_1.7500_114.2500,114.25,1.75,1985-11-01,1985,11,347.5480196513827,95.35247780936105,114.73879382421099,69.82950633215525,170.8300072079613,240.6595175122458,43.010483199831036,129.84325595431858,264.1237883068266,461.96735210115935,898.9448796347964
MY_0p5_1.7500_114.7500,114.75,1.75,1985-11-01,1985,11,342.9450852784468,94.041944671789,118.10317518797564,71.47656293483595,167.81658476992592,239.29315090673575,43.04615823221948,129.94062583804748,264.2794701768944,462.16923625728634,899.4354820449119
MY_0p5_2.2500_101.7500,101.75,2.25,1985-11-01,1985,11,367.42778647066365,86.79275936550565,120.33084699842664,44.411170959472656,115.41720989497021,159.8283770012133,42.46366708928888,128.01041867034604,260.97528939295296,459.37539426244876,890.8247631342724
MY_0p5_2.2500_102.2500,102.25,2.25,1985-11-01,1985,11,312.87567051061603,82.91226393412174,115.77138081235749,35.61870266490005,116.20871179754084,151.82741126831638,42.25309780796178,127.30645967328377,259.70784230209426,457.45181756270557,886.7192009008671
MY_0p5_2.2500_102.7500,102.75,2.25,1985-11-01,1985,11,286.0929527765588,80.73632332041295,116.28552765182302,33.84534870823727,109.49980581259426,143.3451597720762,42.17956003358093,127.09738840030717,259.51050606256797,457.8632405920873,886.6507122184657
MY_0p5_2.2500_103.2500,103.25,2.25,1985-11-01,1985,11,289.7512270972842,78.86576770600819,118.05331905304439,38.99933366321382,114.7582731943282,153.75760996985056,42.48213022625635,128.17999916682166,261.5808582124256,460.8450153653584,893.0880179268971
MY_0p5_2.2500_103.7500,103.75,2.25,1985-11-01,1985,11,289.31654911364535,80.35020392466399,118.98217214810646,45.928201901710636,94.39078899318888,140.31899222681076,42.24201598086599,127.37913989050912,260.00074866343346,458.0749901723054,887.6968932070974
MY_0p5_2.2500_104.2500,104.25,2.25,1985-11-01,1985,11,286.3660283282521,82.03238429868125,122.505058792997,54.69168888438831,90.31616267685062,145.00785171887105,42.748286601925685,129.23391988454773,263.90859455707647,465.5554746517465,901.4462961244191
MY_0p5_2.2500_104.7500,104.75,2.25,1985-11-01,1985,11,281.8486633300781,83.16851043701172,,,,,,,,,
MY_0p5_2.2500_109.7500,109.75,2.25,1985-11-01,1985,11,302.08331889490927,99.79855272846837,,,,,,,,,
MY_0p5_2.2500_111.2500,111.25,2.25,1985-11-01,1985,11,254.75926077365872,100.30854877829552,115.63225331025964,36.067883631762335,105.14482924517462,141.21271380256204,42.85791509291705,129.5761812995462,264.6797269933364,467.5100775325999,904.6239004696116
MY_0p5_2.2500_111.7500,111.75,2.25,1985-11-01,1985,11,273.04153679741756,99.23902866424076,116.23050822908915,38.96553275698707,115.46397918216765,154.4295113215371,42.90569139510866,129.70045020693823,264.8389433361235,467.51287473648307,904.9579698350693
MY_0p5_2.2500_112.2500,112.25,2.25,1985-11-01,1985,11,307.1175271654885,98.58277098640563,117.63706919352212,51.000940413702104,145.35823533799913,196.35917188856337,43.040289912148125,130.03719802129837,265.18016028025795,467.00129966130334,905.2589739118304
MY_0p5_2.2500_112.7500,112.75,2.25,1985-11-01,1985,11,328.9760738312252,98.09654444134425,119.24249659946987,62.697190529959535,165.26594989110552,227.9631375751798,43.1240846058679,130.24803873697917,265.3924649677579,466.67147178044394,905.436058407738
MY_0p5_2.2500_113.2500,113.25,2.25,1985-11-01,1985,11,337.688607545883,97.73561042906748,120.47849537682914,64.34622182694693,159.7559217180525,224.10214514353922,43.03754210699173,130.0028963119265,264.9207282172309,465.61125623914944,903.5724233475942
MY_0p5_2.2500_113.7500,113.75,2.25,1985-11-01,1985,11,337.2215208222595,96.35386959510515,117.32450412798532,60.79926735841776,142.15054683443867,202.94981393934805,42.77813405628446,129.19897209843504,263.01289898836166,460.2261056054997,895.2161349525935
MY_0p5_2.2500_114.2500,114.25,2.25,1985-11-01,1985,11,329.4776335216704,95.01185302734375,118.2856696961418,63.168730139353904,152.62855045379155,215.79728020562064,42.90728912353516,129.5558670770554,263.61564205109124,461.12394234793527,897.2027326311384
MY_0p5_2.2500_114.7500,114.75,2.25,1985-11-01,1985,11,324.3968860257057,93.68563697568833,119.45083647697204,63.75274471159906,144.62746094734442,208.38020895681075,42.92299248480028,129.58611912881176,263.60232189547634,460.9084346648186,897.0198569020918
MY_0p5_2.2500_115.2500,115.25,2.25,1985-11-01,1985,11,314.2212219238281,92.33573913574219,125.92365264892578,67.9070816040039,106.00350952148438,173.91058349609375,42.48279571533203,128.20033264160156,260.3616638183594,452.78033447265625,883.8251342773438
MY_0p5_2.7500_101.2500,101.25,2.75,1985-11-01,1985,11,448.4263916015625,87.98609924316406,123.78789520263672,101.89704895019531,194.35694885253906,296.2539978027344,43.15592956542969,130.25965881347656,265.0575866699219,465.1253662109375,903.5985107421875
MY_0p5_2.7500_101.7500,101.75,2.75,1985-11-01,1985,11,394.08908587516623,84.05306585138493,107.74684872713956,68.88442049893465,175.45876520330253,244.34317438299004,42.87131928877397,129.43963057084517,263.56219005237926,462.84885265003544,898.7219975142044
MY_0p5_2.7500_102.2500,102.25,2.75,1985-11-01,1985,11,331.79404852800303,80.30609842774214,119.02018708636047,55.666183702505315,151.46950394940225,207.13568178407706,43.0228261765401,129.95109582402904,264.8101504380536,465.4051246400092,903.1892037361292
MY_0p5_2.7500_102.7500,102.75,2.75,1985-11-01,1985,11,298.7359680948378,78.20296200619468,119.19345879856543,44.589866783045515,131.82074146029314,176.4106095229523,42.942593296871905,129.7806746567352,264.8586357213274,466.99410556841497,904.5760179350647
MY_0p5_2.7500_103.2500,103.25,2.75,1985-11-01,1985,11,301.7669313272853,78.138008968086,115.20341173402822,47.74909850442485,125.36445411147582,173.11355323548528,41.93971208706024,126.15824574270066,257.3741543520788,453.2015439173218,878.6736531834694
MY_0p5_2.7500_103.7500,103.75,2.75,1985-11-01,1985,11,298.7354725713315,80.25503019249958,113.89024043632543,51.48207384100708,108.55725705898304,160.03933209537908,41.02409499911119,122.87307225943712,250.67537650534632,441.3100747666601,855.8826158936673
MY_0p5_2.7500_104.2500,104.25,2.75,1985-11-01,1985,11,290.2368352553424,81.65666041654698,124.03265380859375,45.536319732666016,87.1268310546875,132.66314697265625,42.72556686401367,129.1669464111328,263.8022155761719,465.4691162109375,901.1638793945312
MY_0p5_2.7500_111.2500,111.25,2.75,1985-11-01,1985,11,252.47337299215386,100.02960115630052,115.37280295876894,38.48621637680951,107.68062995461857,146.16684633142808,42.87212697197409,129.60253098431755,264.65790782255283,467.215233297909,904.347790886374
MY_0p5_2.7500_111.7500,111.75,2.75,1985-11-01,1985,11,277.3526318659548,99.70748022736096,115.81194775680014,46.07338696512683,124.40667211598362,170.48005715731918,42.95012347451571,129.81398128641064,264.98283307305695,467.51860362085796,905.2655268702013
MY_0p5_2.7500_112.2500,112.25,2.75,1985-11-01,1985,11,318.513832382009,99.59962333003176,116.78957400004069,66.50493811289469,160.48200083414713,226.9869362386068,43.11615085601806,130.24915974934893,265.5657533772786,467.6930820719401,906.6241459147135
MY_0p5_2.7500_112.7500,112.75,2.75,1985-11-01,1985,11,350.0970521757874,98.96860021277318,118.36462788642207,98.52879652192321,192.68387280234805,291.2126629020594,43.261870565293705,130.6305483564546,266.0468468002126,467.65404433238353,907.5933285483832
MY_0p5_2.7500_113.2500,113.25,2.75,1985-11-01,1985,11,368.8944283621652,97.93632134331597,120.83258386036707,105.25069584922184,190.03785850888204,295.2885468498109,43.22690266200474,130.54019073001922,265.8911778041294,467.30937771267355,906.9676674494666
MY_0p5_2.7500_113.7500,113.75,2.75,1985-11-01,1985,11,363.6782169220554,96.4706204165319,121.84813012287114,91.1441244866438,170.58071146193583,261.72484024922557,43.0799497738006,130.08563713511083,264.8133511877363,464.3058506667993,902.284807727595
MY_0p5_2.7500_114.2500,114.25,2.75,1985-11-01,1985,11,339.29147985917103,94.51583256298984,121.86555198476286,84.20851386347904,170.68512030492855,254.89363687249676,43.078545208218735,130.04683076882662,264.54887419109104,463.00233179406274,900.6765797289112
MY_0p5_2.7500_114.7500,114.75,2.75,1985-11-01,1985,11,319.2631510351873,94.81362458247287,121.48250487503732,84.33284057325618,152.73341437661725,237.06625079501208,42.97422500172997,129.75955034972753,264.067080163652,462.3241530497363,899.1249875597134
MY_0p5_2.7500_115.2500,115.25,2.75,1985-11-01,1985,11,306.96133807757946,92.21480326609569,122.14236993188257,51.67330045957822,82.24447198816247,133.91777004207574,42.104587692398205,126.98127904668584,257.3228861490885,444.5499990652273,870.9587644284909
MY_0p5_3.2500_101.2500,101.25,3.25,1985-11-01,1985,11,476.5635647243924,86.5393816877432,126.99404052259393,111.07457575816588,206.54075610684052,317.61533186500634,43.25570436767103,130.59308745981653,265.8824568574067,467.02204639716837,906.7532619372416
MY_0p5_3.2500_101.7500,101.75,3.25,1985-11-01,1985,11,419.58414122383545,79.80949729870841,109.32662402596445,102.74666092502083,226.68892907792602,329.43559566424915,43.126653744156954,130.14280433411813,264.6220351298144,463.1814333192862,901.0729051334845
MY_0p5_3.2500_102.2500,102.25,3.25,1985-11-01,1985,11,357.005131797185,79.25962773883154,120.57550450885105,72.15736953493148,170.82503163171194,242.9824001736111,43.11890591818188,130.23094002859932,265.36761784629215,466.5684047154018,905.2858840215773
MY_0p5_3.2500_102.7500,102.75,3.25,1985-11-01,1985,11,325.29587110688414,77.58109903939163,119.35809456547602,57.50707270223883,142.68411950220036,200.19119499303116,42.9762020111084,129.85197294211085,264.8757449765749,466.59319295762464,904.2971058133282
MY_0p5_3.2500_103.2500,103.25,3.25,1985-11-01,1985,11,332.1302240725837,78.07788481075524,110.42774247657205,57.724252682167084,135.65488404016153,193.37913602648806,41.16244667127777,123.26934210562939,251.4158466351537,442.59952975096064,858.4471598572375
MY_0p5_3.2500_112.2500,112.25,3.25,1985-11-01,1985,11,327.9103108723958,100.11300269232856,116.16026848687065,70.27257690429688,156.3482394748264,226.62081637912328,43.10287526448568,130.21194695366754,265.5182766384549,467.73884345160593,906.5719211154515
MY_0p5_3.2500_112.7500,112.75,3.25,1985-11-01,1985,11,379.49388048725734,99.58584625490249,120.10726584762826,121.89139244204664,196.32322880479154,318.2146193707576,43.28399852064789,130.68693292336386,266.1271119664927,467.73466091468686,907.8327191462281
MY_0p5_3.2500_113.2500,113.25,3.25,1985-11-01,1985,11,428.23938045645116,98.94854592918453,125.10820923429546,136.84893691901004,219.22026472380665,356.0691998799642,43.3835659605084,130.94957501960522,266.4761724761038,467.7851007634943,908.594415838068
MY_0p5_3.2500_113.7500,113.75,3.25,1985-11-01,1985,11,417.7750807989211,97.93421756804935,124.77791077144562,129.09154515342107,227.0015467568049,356.09308500744044,43.40218067471943,130.98734188988095,266.43317638578867,467.1649631076389,907.9876565600199
MY_0p5_3.2500_114.2500,114.25,3.25,1985-11-01,1985,11,373.7511624864711,96.61539505393641,124.28881192055475,121.07298312825003,210.3112920773257,331.3842800650627,43.28564734975244,130.62926167287642,265.6035932796017,464.8454227326022,904.3639065687822
MY_0p5_3.2500_114.7500,114.75,3.25,1985-11-01,1985,11,330.079425107142,97.47983451405909,127.46059510054862,111.08304705285722,180.40559591305487,291.48864148376856,43.12579651850804,130.21442690320836,265.0383496618575,464.58868262418514,902.9672513342208
MY_0p5_3.2500_115.2500,115.25,3.25,1985-11-01,1985,11,296.32581590097163,93.18381432641911,120.1334327263168,41.549145565757264,72.94638025307957,114.49552567397491,41.96768513208703,126.54137896284271,256.23036546344997,441.5506083814403,866.2900255420541
MY_0p5_3.2500_115.7500,115.75,3.25,1985-11-01,1985,11,302.18210764681356,90.1740586355831,121.13103425100948,50.192568575398305,87.51506891143455,137.70763697249166,42.17904054448846,127.21116852492429,257.8937809976299,446.21996247366576,873.5039336815308
MY_0p5_3.7500_100.7500,100.75,3.75,1985-11-01,1985,11,540.4713745117188,87.96928405761719,129.0974578857422,94.13623809814453,195.01791381835938,289.1541442871094,43.25069808959961,130.61508178710938,266.101318359375,467.9776611328125,907.9447631835938
MY_0p5_3.7500_101.2500,101.25,3.75,1985-11-01,1985,11,486.93156207302764,83.17967051286914,125.7703111272028,114.43127863615462,228.04765443277208,342.4789323035181,43.35407450901266,130.86463162814144,266.2647653721683,466.9030597773185,907.386511941558
MY_0p5_3.7500_101.7500,101.75,3.75,1985-11-01,1985,11,414.9693679809571,77.42044638372533,116.2811304323233,98.79014813368488,212.58307603969695,311.37323746407867,43.22586262453894,130.4617753727421,265.32777132653894,464.44048673787705,903.455884411077
MY_0p5_3.7500_102.2500,102.25,3.75,1985-11-01,1985,11,365.4184780544704,76.9865708366273,118.78910338386656,65.52561932518368,162.49215766059027,228.01777271089097,43.05861721947079,130.00377657451327,264.67245134626114,464.3023246644035,902.0371549091641
MY_0p5_3.7500_102.7500,102.75,3.75,1985-11-01,1985,11,343.91835675920754,77.56971263582744,115.86394241575209,51.66509746975368,142.9535892062717,194.61869080558654,42.97475165715293,129.82173675052704,264.67597268725194,465.68929821196065,903.1617838541667
MY_0p5_3.7500_103.2500,103.25,3.75,1985-11-01,1985,11,352.9278810052758,77.87721790450503,110.08564360375499,52.7867239708994,154.08837489707795,206.87510064816945,42.540444153430414,128.1998664407169,261.32803643918504,459.7040080949372,891.772359451593
MY_0p5_3.7500_113.2500,113.25,3.75,1985-11-01,1985,11,459.08440446853643,100.33985531330109,125.85105595823195,136.84012040935582,218.92432466100476,355.76444782194545,43.381645515316826,130.94307296002498,266.47364031682247,467.84193845655096,908.6402878057762
MY_0p5_3.7500_113.7500,113.75,3.75,1985-11-01,1985,11,437.0727585301255,100.58068474663627,121.1945924234236,127.61811682938756,231.68564731634933,359.30375745458514,43.41447674649434,131.03479403893925,266.6143193414682,467.8604670157325,908.9240596240392
MY_0p5_3.7500_114.2500,114.25,3.75,1985-11-01,1985,11,381.6416548456026,100.11183415972997,122.72405858115543,123.06097814166355,220.5644430493552,343.6254104856461,43.36938575865731,130.907323249938,266.3815240769159,467.4297100733197,908.0879241458952
MY_0p5_3.7500_114.7500,114.75,3.75,1985-11-01,1985,11,330.7247504340278,99.3827392093719,127.6986630394345,108.01313856821209,179.51835603259858,287.5314882308718,43.16140948098803,130.3471183171348,265.4947489904979,466.3387626526847,905.3420483785961
MY_0p5_3.7500_115.2500,115.25,3.75,1985-11-01,1985,11,283.8444915287078,92.49853748139881,118.10092424665179,44.01296885656932,91.16867874387711,135.1816467769562,42.246971081930496,127.44620218428355,258.46439678858195,447.2219338068886,875.3795102074032
MY_0p5_3.7500_115.7500,115.75,3.75,1985-11-01,1985,11,285.2834196022089,88.26060052226772,120.05593773272396,42.60757715238942,88.95770894880775,131.5652809417505,42.198319030322615,127.30325915659073,258.1886311263489,446.7593006161477,874.4495024097909
MY_0p5_4.2500_100.7500,100.75,4.25,1985-11-01,1985,11,461.6185884475709,87.70441980437032,121.91392647879465,82.70387623066806,198.51141706194198,281.2152926698023,43.250338106739285,130.61337772291535,266.07171643315536,467.76652433434316,907.7019747987085
MY_0p5_4.2500_101.2500,101.25,4.25,1985-11-01,1985,11,421.10727472822794,79.41128275197025,114.13952092456213,92.16651559331616,218.08087697606183,310.24740483958254,43.223056355859065,130.43142729352238,265.0994678667396,463.1444580661264,901.8983984297249
MY_0p5_4.2500_101.7500,101.75,4.25,1985-11-01,1985,11,381.11754595045375,78.66169151330527,120.05266371169412,72.12714071548024,150.44599797550484,222.57314005598855,42.991803178391145,129.88759137723392,264.8016210196498,465.70938393102296,903.3904374095198
MY_0p5_4.2500_102.2500,102.25,4.25,1985-11-01,1985,11,360.0455655716479,80.00136583224653,117.67662372528174,48.52631041797967,115.96798072303066,164.49429126288564,42.845578336868044,129.45422036655415,263.99766613652537,464.5103142589046,900.8077554428539
MY_0p5_4.2500_102.7500,102.75,4.25,1985-11-01,1985,11,355.76446163882116,78.00026379724977,109.51408772559682,54.86170768737794,134.84058761596677,189.7022980611036,42.8740688737031,129.4545781809813,263.536829468551,461.7777340639929,897.6431742868607
MY_0p5_4.2500_103.2500,103.25,4.25,1985-11-01,1985,11,370.0232985424901,79.18027148097235,104.90560509020445,66.40620534012957,162.5614980770736,228.96770347036968,43.00948321777769,129.9068105877069,264.7655748108124,465.4466126338945,903.1284568866372
MY_0p5_4.2500_113.7500,113.75,4.25,1985-11-01,1985,11,395.4568663097563,102.94444951144133,117.73117115812482,111.748327507163,210.91563962540536,322.6639542489682,43.324183769945826,130.80367091916645,266.33819090645267,467.9566969961491,908.4227640403892
MY_0p5_4.2500_114.2500,114.25,4.25,1985-11-01,1985,11,363.1854176541253,102.73019058639939,116.58437815780346,88.50249584301099,189.01200548562304,277.51448618767347,43.22989482216854,130.56262077419916,266.0366188550088,467.94758175883055,907.7767161954783
MY_0p5_4.2500_114.7500,114.75,4.25,1985-11-01,1985,11,323.6842036946615,101.2508840942383,123.52322667439783,91.07942830403647,197.59787343343098,288.67729878743495,43.226797637939455,130.5328305053711,265.8263710530599,466.8261716715495,906.4121736653645
MY_0p5_4.2500_115.2500,115.25,4.25,1985-11-01,1985,11,272.1122827529907,96.36834208170575,119.00540346569485,45.18860116269853,104.51238732867772,149.70099237230087,42.368297815322876,127.90189544359843,259.7551458146838,450.7195796966553,880.7449311150443
MY_0p5_4.2500_115.7500,115.75,4.25,1985-11-01,1985,11,266.87433957891955,89.63307290804589,117.87157292770131,51.48416588346838,115.38348026598918,166.86765084994045,42.41294873771021,128.0228588815463,260.0217776540983,451.48195231809456,881.9395336086469
MY_0p5_4.2500_116.2500,116.25,4.25,1985-11-01,1985,11,314.2893658149534,96.38319280670912,129.44118262500297,132.63751284669087,201.86178895903797,334.49930926067077,43.03969950792267,129.88108048787933,263.81825889029153,459.60759400158395,896.3466461925972
MY_0p5_4.2500_116.7500,116.75,4.25,1985-11-01,1985,11,357.6874634847476,100.03740780339764,130.1465031618328,172.4110522408017,226.6638369698056,399.0749038960892,43.1993739177726,130.3805870100253,264.9794389140399,462.59792050047434,901.1573278173547
MY_0p5_4.2500_117.2500,117.25,4.25,1985-11-01,1985,11,409.54224064919805,103.73087975831159,127.91022656871156,151.9983452315879,178.4846381128362,330.48298928589946,43.004293121067825,129.85211755533138,264.24652221139553,462.6189080972587,899.7218306549884
MY_0p5_4.2500_117.7500,117.75,4.25,1985-11-01,1985,11,404.35502533219824,104.5267178462102,120.82997242202107,109.23754670884875,123.577149350419,232.81469609187198,41.337723397801064,123.93916327321631,252.26763876890524,441.66359625922314,859.2081144936067
MY_0p5_4.2500_118.2500,118.25,4.25,1985-11-01,1985,11,348.6226899442617,104.34187633670564,109.49797150435724,69.45142626914249,88.16215179832119,157.6135761236689,38.47114516823156,113.58345206679812,231.0858573184652,403.9567072194094,787.0971718563395
MY_0p5_4.2500_118.7500,118.75,4.25,1985-11-01,1985,11,314.45336574978296,104.96111438892505,103.02723693847656,54.502986907958984,74.32154083251953,128.82452392578125,36.81003189086914,107.57087707519531,218.80223083496094,382.1634521484375,745.3466186523438
MY_0p5_4.7500_100.2500,100.25,4.75,1985-11-01,1985,11,357.75285169813367,94.32520887586807,,,,,,,,,
MY_0p5_4.7500_100.7500,100.75,4.75,1985-11-01,1985,11,372.05622271533423,87.33251028687414,113.23562346047503,70.38952453737336,177.76363788387638,248.15316152184957,43.11130691156154,130.19407635200315,265.1819807843464,465.64334863182006,904.1307519432006
MY_0p5_4.7500_101.2500,101.25,4.75,1985-11-01,1985,11,357.84320430432336,78.57885698590961,105.52202703082372,82.5875966389974,185.77136550176712,268.35897391183033,43.01977061922587,129.82708086286272,263.8400911845858,460.2371008494544,896.9240631587921
MY_0p5_4.7500_101.7500,101.75,4.75,1985-11-01,1985,11,356.9648532745944,79.48185979449559,120.41521589491104,55.0721289619567,136.04913129049638,191.1212598528181,42.88844993228004,129.53211137075274,263.8616133432539,463.0140933082218,899.2962505037825
MY_0p5_4.7500_102.2500,102.25,4.75,1985-11-01,1985,11,373.4543849400112,80.71231631324405,114.15802278064548,46.176248386928016,124.24294942220051,170.41919555664063,42.79288984026228,129.23057730538505,263.1534086681547,461.0822759719122,896.2591831752233
MY_0p5_4.7500_102.7500,102.75,4.75,1985-11-01,1985,11,388.0175552854112,79.57580051300629,107.65903414586543,62.988814700181294,146.45610887077962,209.44492228319686,42.89694613559989,129.5584869870714,263.87785203289826,462.700545292751,899.0338230011567
MY_0p5_4.7500_103.2500,103.25,4.75,1985-11-01,1985,11,398.9134028285601,81.22987525142841,99.548347979894,81.68917565152215,160.8869580483525,242.57613105351638,41.45269607881779,124.28120534974273,253.08003595218455,443.46067376506295,862.2746187892789
MY_0p5_4.7500_103.7500,103.75,4.75,1985-11-01,1985,11,403.88848555715464,82.94564819335938,88.67278963559633,75.21685582941228,133.57673367587003,208.79359713467684,37.67336377230558,110.57433982948203,225.32816522771657,395.5707139845018,769.146570775416
MY_0p5_4.7500_113.7500,113.75,4.75,1985-11-01,1985,11,337.498779296875,104.56624603271484,,,,,,,,,
MY_0p5_4.7500_114.2500,114.25,4.75,1985-11-01,1985,11,337.498779296875,104.95377540588377,116.59429931640625,80.5836181640625,181.5128631591797,262.0964660644531,43.1790885925293,130.43359375,265.88031005859375,467.9431457519531,907.4360961914062
MY_0p5_4.7500_114.7500,114.75,4.75,1985-11-01,1985,11,313.24748607348374,106.16878558743386,123.03694349719633,83.52584641979587,188.4726206461589,271.99847116777977,43.171713347076086,130.38507244151128,265.6116142683132,466.6726655037172,905.8410828293012
MY_0p5_4.7500_115.2500,115.25,4.75,1985-11-01,1985,11,269.25283384323114,104.60758090019225,127.09724016984303,48.3626880844434,116.88605407873786,165.24874480565387,42.459874649842575,128.23640425999957,260.76053047180176,453.90462303161615,885.3614285786945
MY_0p5_4.7500_115.7500,115.75,4.75,1985-11-01,1985,11,255.24280424572174,97.90775250631665,121.45509643554685,21.13073084392245,81.09895828489273,102.2296860952226,42.09834541441902,127.09697994656034,258.2025742303757,447.98025687081474,875.3781441824776
MY_0p5_4.7500_116.2500,116.25,4.75,1985-11-01,1985,11,270.549231344556,98.07533048599484,130.162606133355,46.48343259417821,114.57075708782861,161.05418643043149,42.54113248794796,128.42845698765342,261.06963752867676,454.7934241885229,886.8326553586927
MY_0p5_4.7500_116.7500,116.75,4.75,1985-11-01,1985,11,308.0606001841871,99.45375244526923,130.68473714514624,90.79581598692303,171.75928953629506,262.5551014670843,42.99605994888499,129.7874512491347,263.86990791031076,460.83288158947903,897.4863260003585
MY_0p5_4.7500_117.2500,117.25,4.75,1985-11-01,1985,11,372.86445012168275,100.55840272449312,125.52256668333023,95.14715527731273,161.9723441956535,257.119502282521,42.92691007341657,129.56351391020274,263.33766992962546,459.55547562856515,895.383573404948
MY_0p5_4.7500_117.7500,117.75,4.75,1985-11-01,1985,11,378.63831619069543,101.65395362467704,123.01240541965146,80.3545609486254,129.58139018771013,209.9359541301486,42.72408600094951,128.96064946621277,262.1716007280953,457.57711405693726,891.4334624085245
MY_0p5_4.7500_118.2500,118.25,4.75,1985-11-01,1985,11,342.23061857750673,103.01900854062798,122.76849047023448,71.25137681817291,106.97501564984348,178.22639281306436,42.586266829140826,128.5679046017441,261.4954939799093,456.72527938152683,889.3749506197983
MY_0p5_4.7500_118.7500,118.75,4.75,1985-11-01,1985,11,317.7638746816901,102.97082741652862,123.85620165474805,75.52555528471741,83.41292354728603,158.9384773350969,42.41907988922506,128.07140118562725,260.5048082568977,454.8540332649328,885.8493289223201
MY_0p5_5.2500_100.2500,100.25,5.25,1985-11-01,1985,11,314.4398722565932,94.9465874467971,63.32658767700195,22.79136848449707,45.76864242553711,68.56001281738281,28.251630783081055,76.59800720214844,156.0814666748047,273.3852233886719,534.3163452148438
MY_0p5_5.2500_100.7500,100.75,5.25,1985-11-01,1985,11,317.56192724689157,88.5819124149371,113.1070820161666,61.701525041426734,157.61004616748332,219.3115657060996,42.190910931291256,126.89913045948951,258.36872653303476,452.97136083142516,880.430154033091
MY_0p5_5.2500_101.2500,101.25,5.25,1985-11-01,1985,11,318.74198618086547,81.97867758614676,111.50392843579488,61.53729533846415,158.55958620101688,220.096879359654,42.92317653837658,129.54779004293775,263.3660524398561,459.71000153072293,895.5470044332836
MY_0p5_5.2500_101.7500,101.75,5.25,1985-11-01,1985,11,350.2196027427722,80.46934259013766,121.80575454614724,56.99479925556549,126.50529951350708,183.50009641222138,42.78473618379824,129.24679176670733,263.3743575758236,462.1208603974361,897.5267466162421
MY_0p5_5.2500_102.2500,102.25,5.25,1985-11-01,1985,11,405.5023600584382,84.39148119300792,117.16512762664986,60.20141192150723,119.22594080153542,179.4273576189758,42.513044515233126,128.32056524191694,261.7259754739749,460.1403109799524,892.6999165723279
MY_0p5_5.2500_102.7500,102.75,5.25,1985-11-01,1985,11,436.3887307232289,82.90451178581093,107.93753072447694,76.01146591962393,139.86882463875463,215.88029511015293,41.72790236392264,125.40718802759201,255.51155695511122,447.97138982223254,870.6180128194517
MY_0p5_5.2500_103.2500,103.25,5.25,1985-11-01,1985,11,438.9661263925057,84.09413704039558,110.72353526524134,104.49515488859895,173.782127182205,278.27728221942857,42.823632624242215,129.27699309510072,263.28672443736684,461.4336938238763,896.8210322392451
MY_0p5_5.2500_115.2500,115.25,5.25,1985-11-01,1985,11,270.2971993723224,109.46491167622229,134.8700381419698,35.53920483198322,97.97519946489177,133.51440679831586,42.229041740542556,127.53754162397541,259.39588853179436,452.0682668216893,881.230742907915
MY_0p5_5.2500_115.7500,115.75,5.25,1985-11-01,1985,11,264.24838073118076,107.84576049032091,129.9410627462096,22.121015089649266,66.93897857666016,89.05999349820411,41.893508432679255,126.49992150775456,257.0692064188294,446.49749952413265,871.960132249735
MY_0p5_5.2500_116.2500,116.25,5.25,1985-11-01,1985,11,264.8467003544675,102.98599750180789,128.38041148608247,40.78287870672685,82.39580197877522,123.17868225483954,42.29028898553003,127.75455610057975,260.0397417092625,453.77609552311003,883.8606770189501
MY_0p5_5.2500_116.7500,116.75,5.25,1985-11-01,1985,11,299.6359938609449,102.23390675798247,130.75488771366167,84.8313139661958,137.47024425072007,222.30155635785454,42.7864472473724,129.19013402431824,262.7738551852069,458.90629548664333,893.6567330662208
MY_0p5_5.2500_117.2500,117.25,5.25,1985-11-01,1985,11,376.0045694018167,103.12579747760108,129.6518050420852,105.82389264787948,171.2814734080481,277.10535878983757,43.03862410045805,129.94141201443142,264.3653613862537,462.6329344734313,899.9783327132936
MY_0p5_5.2500_117.7500,117.75,5.25,1985-11-01,1985,11,391.7189200265066,102.59082789345392,124.62660880921378,107.88775625077503,159.61887303912448,267.50663403707836,42.98387615869916,129.80450705876427,264.2411453489274,463.0107335650731,900.0402665395586
MY_0p5_5.2500_118.2500,118.25,5.25,1985-11-01,1985,11,357.417459452982,102.35241898457716,123.34729511722637,93.24777795099148,132.45044142121722,225.69822172905992,42.86621212807431,129.48605030813036,263.8152974122649,463.0902454351923,899.2578047248209
MY_0p5_5.2500_118.7500,118.75,5.25,1985-11-01,1985,11,321.3544375610352,101.7440935165163,124.11125628153485,84.96583186255562,82.03880363040501,167.0046329498291,42.4516904619005,128.1958565182156,260.9135509067112,456.291256374783,887.8523720635309
MY_0p5_5.2500_119.2500,119.25,5.25,1985-11-01,1985,11,285.84444688770867,101.51405755905878,124.36170196533203,83.441650390625,59.64845657348633,143.09010314941406,42.25397872924805,127.57537078857422,259.48309326171875,452.8002624511719,882.1127319335938
MY_0p5_5.7500_100.2500,100.25,5.75,1985-11-01,1985,11,271.4168483974697,94.97355242892428,96.62114540590059,22.73647458837667,44.90765940814937,67.64413242165101,35.64105550083545,103.64062444004443,211.82250584593606,373.62666026824115,724.7308310412486
MY_0p5_5.7500_100.7500,100.75,5.75,1985-11-01,1985,11,283.7891308012463,90.52749798487103,110.86824203491209,47.33269296010335,119.95524271647136,167.2879366048177,40.98047231038411,122.70589823404949,250.14955434163411,439.3633504231771,853.1992911783854
MY_0p5_5.7500_101.2500,101.25,5.75,1985-11-01,1985,11,300.04198738158226,86.50314096766193,116.71364533431887,52.755348010326,139.754330792765,192.50967208982453,42.81317514134205,129.29659409410374,263.2362865538109,460.747675257405,896.0937276524824
MY_0p5_5.7500_101.7500,101.75,5.75,1985-11-01,1985,11,354.4164590199789,83.8353398323059,127.83454093933108,92.8366103331248,170.61065298716233,263.44726371765137,42.93949313163759,129.68102124532066,264.1114524841309,463.0187047322592,899.7506660461427
MY_0p5_5.7500_102.2500,102.25,5.75,1985-11-01,1985,11,435.09907473050623,86.76592147044646,125.53694610081939,124.88087414571334,186.02326112483888,310.90413550174594,42.20978865960632,126.96653398199113,258.65218879879524,454.04537460378526,881.8738791725852
MY_0p5_5.7500_102.7500,102.75,5.75,1985-11-01,1985,11,469.25550013950897,85.24029129917182,97.65969848632812,100.15228271484375,131.56163024902344,231.7139129638672,36.4426155090332,106.14366149902344,216.07513427734375,378.22772216796875,736.8890991210938
MY_0p5_5.7500_103.2500,103.25,5.75,1985-11-01,1985,11,461.94390869140625,86.0326156616211,,,,,,,,,
MY_0p5_5.7500_115.2500,115.25,5.75,1985-11-01,1985,11,272.7405436197917,112.25505981445312,137.75469970703125,36.84013366699219,75.49559020996094,112.33572387695312,42.54579544067383,128.728515625,263.1045227050781,464.0143737792969,898.3931884765625
MY_0p5_5.7500_115.7500,115.75,5.75,1985-11-01,1985,11,269.0726226619417,109.71357254309159,130.84366920107888,46.467856052943645,90.03562360491071,136.50348147437685,42.33572605678014,127.95413077218193,260.71911446707594,456.17457304454985,887.1835594540551
MY_0p5_5.7500_116.2500,116.25,5.75,1985-11-01,1985,11,265.8618694971478,103.39176856146918,124.61696055578808,55.163492959643165,100.07235349624875,155.235847352043,42.27309807671441,127.67453259664867,259.63057454427076,451.94541800362725,881.5236469571554
MY_0p5_5.7500_116.7500,116.75,5.75,1985-11-01,1985,11,297.5746275886657,99.74456942119295,120.8669181944832,83.14808875189887,128.8034459189763,211.9515332903181,42.56515159001426,128.52791825551836,261.28424004448783,454.93916684105284,887.3164868551587
MY_0p5_5.7500_117.2500,117.25,5.75,1985-11-01,1985,11,374.4888827447259,104.54156989930932,124.60937690133174,109.8535953124615,161.8407463290338,271.69433473412545,42.97150354956978,129.81481307838993,264.4390369499519,463.80173836596754,901.0270986466753
MY_0p5_5.7500_117.7500,117.75,5.75,1985-11-01,1985,11,397.10725359235494,105.19022182888456,124.48692275693753,126.29209039675308,168.97553063719064,295.2676219556156,43.07099398670581,130.12117101682114,265.2051767438851,466.21740906990624,904.6147499852534
MY_0p5_5.7500_118.2500,118.25,5.75,1985-11-01,1985,11,371.6597192612052,103.78220116297403,124.82528415256076,152.045861070421,172.51687167697486,324.56273559570315,43.086453976101346,130.1768792046441,265.34481743706596,466.5501628960503,905.1583113606771
MY_0p5_5.7500_118.7500,118.75,5.75,1985-11-01,1985,11,332.45819150484533,102.75246715545654,125.18631744384766,163.1390380859375,175.93869018554688,339.0777282714844,43.09942626953125,130.22418212890625,265.46209716796875,466.8057861328125,905.5914916992188
MY_0p5_6.2500_99.7500,99.75,6.25,1985-11-01,1985,11,240.65253613041895,97.54451377719057,124.11604344567587,40.06710638001908,79.80269747002181,119.86980455975198,42.4562083399573,128.40882199309593,262.2411782907885,461.38476278615553,894.4909880882085
MY_0p5_6.2500_100.2500,100.25,6.25,1985-11-01,1985,11,256.5539024472237,93.89396366477013,115.22020743233816,35.72013534234494,69.04374769561143,104.76388281997367,40.64020410654495,121.78047099210778,248.90297029456312,439.25261803451843,850.5762478575414
MY_0p5_6.2500_100.7500,100.75,6.25,1985-11-01,1985,11,279.7236078917751,91.57618834153106,115.01112233165608,51.215407544581595,119.2986018648479,170.51401133887094,42.144769911600356,126.98671731249247,259.0485858696308,455.666716822326,883.8467628744119
MY_0p5_6.2500_101.2500,101.25,6.25,1985-11-01,1985,11,298.6726529634916,89.77037658691407,117.43589078463042,58.86022497323844,148.53699880746697,207.39722031813406,42.89878545907828,129.58551095815807,264.035100379357,463.3733741173378,899.892745267428
MY_0p5_6.2500_101.7500,101.75,6.25,1985-11-01,1985,11,395.6577209472656,88.69453168596539,130.5779737200056,129.49629200526647,204.85781380789618,334.35410199846535,43.12395902361188,130.21447405133924,265.1725341796875,465.2876665387834,903.7986415318079
MY_0p5_6.2500_102.2500,102.25,6.25,1985-11-01,1985,11,448.93751462300617,88.40086704347192,133.3595428466797,169.52801513671875,223.8800506591797,393.4080505371094,43.265541076660156,130.6383819580078,266.0561828613281,467.2966003417969,907.2567138671875
MY_0p5_6.2500_115.7500,115.75,6.25,1985-11-01,1985,11,270.96863694624466,111.03547685796563,143.38851928710938,63.32316589355469,95.564208984375,158.8873748779297,42.60932922363281,128.82986450195312,262.83453369140625,461.6985778808594,895.9723510742188
MY_0p5_6.2500_116.2500,116.25,6.25,1985-11-01,1985,11,274.16148992170366,107.10354523909719,133.88049776858693,57.70644726522168,91.68410307090188,149.39054904215138,42.46335996720234,128.3058560073113,261.26602925708113,456.6065817677502,888.641837905682
MY_0p5_6.2500_116.7500,116.75,6.25,1985-11-01,1985,11,303.49501749674477,103.66822626023065,122.32516649034288,73.25290019928462,107.13446277436756,180.38736000666543,42.50537786332388,128.3653307960147,261.03819444444446,454.889491780599,886.7983762710813
MY_0p5_6.2500_117.2500,117.25,6.25,1985-11-01,1985,11,367.32095530676463,105.98395252530537,120.361452011835,101.66180281866166,133.71791454496838,235.37971176874072,42.32703646705264,127.51769578721786,259.7720303974454,455.6397539411273,885.2565305679564
MY_0p5_6.2500_117.7500,117.75,6.25,1985-11-01,1985,11,393.2259189287822,106.64174807071686,120.65980819791383,100.31531301576491,130.15562438964844,230.4709297760189,42.262549818607795,127.25300723070292,259.4180147940653,456.2132352416278,885.1468231022707
MY_0p5_6.2500_118.2500,118.25,6.25,1985-11-01,1985,11,392.1825583321708,106.28226770673479,123.05664144243512,97.24152810232981,121.34732001168389,218.58884048461914,42.88406671796526,129.56995609828402,264.21007537841797,464.9036560058594,901.5677424839565
MY_0p5_6.7500_100.2500,100.25,6.75,1985-11-01,1985,11,250.39708081413718,92.89851575739243,120.43595487931196,48.19579901414759,93.64384813869701,141.8396499858183,42.63434774735395,128.92646049050722,263.30714057473574,463.99395998786474,898.8619070614085
MY_0p5_6.7500_100.7500,100.75,6.75,1985-11-01,1985,11,273.9632427074291,91.17855863217956,119.26344327573425,63.315852836326314,137.24127564606846,200.55713003653068,42.901933175546155,129.63284301757812,264.3538117585359,465.07397573965574,901.962567364728
MY_0p5_6.7500_116.2500,116.25,6.75,1985-11-01,1985,11,298.1311424518454,109.28388932693836,127.67862198992474,69.03142259179093,73.17167403058309,142.20310192573362,42.41945899405131,128.12168084121333,260.66196199742757,455.032444651534,886.2355302019819
MY_0p5_6.7500_116.7500,116.75,6.75,1985-11-01,1985,11,320.5700214549261,108.15695691108704,120.20653310783297,85.71026777184528,94.62230679357478,180.33257483682144,41.244808905680664,123.74159095975251,251.82408316992962,440.1985474839041,857.009015350945
MY_0p5_6.7500_117.2500,117.25,6.75,1985-11-01,1985,11,360.07725733569544,107.30617076515134,114.22237730448225,102.48459996586352,117.71096261623686,220.19555751834295,40.38009862984176,120.4312641515141,245.2393759668401,429.8829212019929,835.9336634273022
MY_0p5_6.7500_117.7500,117.75,6.75,1985-11-01,1985,11,387.6766323513455,107.08607249789767,116.77392983436583,99.43378567695616,124.3738706111908,223.80764865875244,40.936734318733215,122.36320447921752,249.3452501296997,438.1736030578613,850.8188266754152
MY_0p5_7.2500_116.7500,116.75,7.25,1985-11-01,1985,11,345.96228003314167,108.4255018082876,118.61195061725118,88.627203767196,82.51811350946842,171.14531939962635,40.453112527598506,120.83351055642832,245.7330579674762,429.3415529997452,836.3612262228261
MY_0p5_7.2500_117.2500,117.25,7.25,1985-11-01,1985,11,360.45817387211434,107.63756918692374,117.0630546168277,89.33677576968543,84.52242809094881,173.859204583419,39.86628911871659,118.66610974763567,241.20731169048108,421.06722251490544,820.8069220291941
MY_0p5_0.7500_110.2500,110.25,0.75,1985-12-01,1985,12,394.98004901592554,94.43422217735879,120.4651137131911,81.11618581918569,186.17681344839244,267.29301875187804,43.11412729116587,130.1381075345553,264.78331251878006,463.8512357271635,901.886783541166
MY_0p5_0.7500_110.7500,110.75,0.75,1985-12-01,1985,12,414.67369602748323,95.82470288957867,125.71281171526226,82.18251419067383,167.7723194667271,249.9548289707729,43.11356457301548,130.2037355695452,265.3117148263114,466.6435001918247,905.2725472586494
MY_0p5_0.7500_111.7500,111.75,0.75,1985-12-01,1985,12,430.1520191979787,92.87721639966207,123.65682535322885,57.347747802734375,159.80650087386843,217.15424625457277,43.063224974132716,130.07447596958704,265.10762193467883,466.2576826791915,904.5030033172123
MY_0p5_1.2500_103.2500,103.25,1.25,1985-12-01,1985,12,238.74996696398097,90.20602883644474,116.3896357796409,35.28874735398726,93.01845671913843,128.30719444968486,39.134629769758746,116.34666807001288,237.9586157365279,419.9072813554244,813.3471790660512
MY_0p5_1.2500_103.7500,103.75,1.25,1985-12-01,1985,12,271.8336756437728,89.68627825986992,107.34119037517068,48.84237141285127,117.71435006150922,166.5567160300838,40.469822670649556,121.279505831524,247.98031897683745,437.7012343915921,847.4308767966854
MY_0p5_1.2500_104.2500,104.25,1.25,1985-12-01,1985,12,298.92537972586496,89.78305086408344,97.26519012451172,64.8685302734375,146.48114013671875,211.34967041015625,42.218101501464844,127.74032592773438,261.13427734375,461.0919189453125,892.1846313476562
MY_0p5_1.2500_109.7500,109.75,1.25,1985-12-01,1985,12,375.9622424022261,97.27523831287063,120.64223094158861,72.47405242919923,160.198119565665,232.67216436546968,43.011436462402344,129.93786896854996,264.9310835872788,466.2087531032332,904.0891753047346
MY_0p5_1.2500_110.2500,110.25,1.25,1985-12-01,1985,12,398.0896238820434,95.7857760867557,121.1294111745238,94.10305800861374,195.07935618986036,289.1824274247218,43.1654877091927,130.29612443253805,265.12913424812234,464.7059051631501,903.2966494762761
MY_0p5_1.2500_110.7500,110.75,1.25,1985-12-01,1985,12,419.1679575117807,96.40715947226872,125.65253065805584,87.69253329322451,166.77199949234253,254.46452365451384,43.111326950315444,130.2073745969742,265.3649465409536,466.9169898623512,905.6006558857266
MY_0p5_1.2500_111.2500,111.25,1.25,1985-12-01,1985,12,431.40660139089965,94.60304828192861,126.6319134745735,85.99550960162959,186.57548864200092,272.5710096267847,43.189995384825686,130.41995751134124,265.66173000152884,466.96808641330136,906.2397731988195
MY_0p5_1.2500_111.7500,111.75,1.25,1985-12-01,1985,12,435.78654261997764,92.43628801618304,123.56715320405506,67.40164753747365,172.8871183849516,240.28876119946676,43.119556245349706,130.22365194653707,265.3169105166481,466.3745693630642,905.03469218905
MY_0p5_1.2500_112.2500,112.25,1.25,1985-12-01,1985,12,436.07602455410256,90.91823070545485,122.04119443167284,73.13964158266329,163.35527332906187,236.49490666268437,43.07392736134795,130.09841787270483,265.1146574843353,466.12954866825623,904.4165503797191
MY_0p5_1.2500_112.7500,112.75,1.25,1985-12-01,1985,12,449.31196594238287,90.83785041173299,121.60682376225789,103.71536747614543,185.26466019948322,288.98002370198566,43.13925139109294,130.24144013722739,265.09113121032715,464.80375162760413,903.2755546569825
MY_0p5_1.2500_113.2500,113.25,1.25,1985-12-01,1985,12,454.92599911897076,92.24257228685461,121.84573377526324,110.66829701299251,195.20436281950575,305.87266540527344,43.13352883380392,130.21504715629246,264.9388953167459,463.91086770762564,902.1983446204143
MY_0p5_1.2500_113.7500,113.75,1.25,1985-12-01,1985,12,428.83697671601266,92.80697175228234,122.47438898953523,100.25456862016158,183.90741648818508,284.1619881138657,43.0735005754413,130.02953685413706,264.5369443026456,462.9800230084044,900.620034420129
MY_0p5_1.2500_114.2500,114.25,1.25,1985-12-01,1985,12,377.49150152965984,92.1947700027871,122.75175023711887,85.42341168158879,165.53948083388067,250.96289791681073,42.99290891664218,129.78744817413062,264.0459562318515,462.0060908224731,898.8324179860342
MY_0p5_1.2500_114.7500,114.75,1.25,1985-12-01,1985,12,341.9806154312626,91.33285300962388,118.8463371030746,75.16053501252205,171.649405694777,246.80994833669357,42.99112283029864,129.76783703219505,263.8981421685988,461.18446793094756,897.8415921118951
MY_0p5_1.7500_102.7500,102.75,1.75,1985-12-01,1985,12,219.5087589664354,90.04047368508019,119.0656795501709,26.92711406946182,90.54955458641052,117.47667169570923,40.86498832702637,122.90565705299377,251.46943378448486,443.0257339477539,858.2658042907715
MY_0p5_1.7500_103.2500,103.25,1.75,1985-12-01,1985,12,250.45408742308155,87.90959671197251,123.10596061706543,46.68389497756957,105.6167858505249,152.30067520141603,41.03070508956909,123.29948554992674,252.1608512878418,444.60945846557615,861.1004895019531
MY_0p5_1.7500_103.7500,103.75,1.75,1985-12-01,1985,12,276.2213701658611,87.97007473812828,117.37683602828014,62.50375578675089,115.00151655945598,177.50526886952073,41.21465363079988,123.99012365220469,253.5803257423111,447.53340004063864,866.31849206852
MY_0p5_1.7500_104.2500,104.25,1.75,1985-12-01,1985,12,290.94413890838626,88.84596495628358,113.79544960435972,76.10044659755027,129.50696297579032,205.60740957334062,42.346100267513776,128.17701638391776,262.17130723110466,463.0312878512597,895.7257132123607
MY_0p5_1.7500_109.7500,109.75,1.75,1985-12-01,1985,12,378.23626531556596,97.42917185051496,120.7132339477539,72.08235931396484,159.7548370361328,231.83718872070312,43.011837005615234,129.94290161132812,264.9613952636719,466.3504943847656,904.2666625976562
MY_0p5_1.7500_110.2500,110.25,1.75,1985-12-01,1985,12,399.8104806964318,97.98828953444357,122.53344824479863,114.98382878431026,206.912353923614,321.8961818103484,43.240675961907534,130.53843917438692,265.71637746229527,466.355301474505,905.8507863417028
MY_0p5_1.7500_110.7500,110.75,1.75,1985-12-01,1985,12,424.326485373757,97.24803439053622,125.70805320739744,97.11352653503417,162.89730148315428,260.0108108520507,43.09848537445068,130.19635009765625,265.4632797241211,467.53730163574215,906.2953948974608
MY_0p5_1.7500_111.2500,111.25,1.75,1985-12-01,1985,12,427.6829700288318,94.84719904339502,125.76655674424283,94.52261146722837,179.9081582712573,274.43077775822127,43.15432098743528,130.34067553143169,265.6145567428234,467.2295962311501,906.3391681050144
MY_0p5_1.7500_111.7500,111.75,1.75,1985-12-01,1985,12,437.75495041472993,91.61899385572988,121.48981654493112,83.02749001225337,183.142260104795,266.1697430188142,43.16844138616248,130.36928181708612,265.6108775078495,467.017884363102,906.166490578953
MY_0p5_1.7500_112.2500,112.25,1.75,1985-12-01,1985,12,440.7237794906374,90.17550525968036,122.26660691518632,81.77446574862041,180.21818445599268,261.99264545743426,43.157225751119945,130.32130335247706,265.4347228035094,466.35865778847347,905.2719156901044
MY_0p5_1.7500_112.7500,112.75,1.75,1985-12-01,1985,12,445.5270606631325,91.10751928904698,123.90403880770245,99.43606516520181,191.1257838657924,290.5618451799665,43.175622280060296,130.36342889694942,265.41499682229664,465.7923723493303,904.746397375682
MY_0p5_1.7500_113.2500,113.25,1.75,1985-12-01,1985,12,452.22814854213175,92.73357749817862,125.01370912582155,112.01221526615203,194.47799576047868,306.49021693638394,43.14222872295077,130.2625317285931,265.1554352291047,464.8641971648685,903.4243886796255
MY_0p5_1.7500_113.7500,113.75,1.75,1985-12-01,1985,12,420.23176347036207,93.38794364323692,124.23945254371282,96.30420684814453,174.25838545541913,270.5626001267206,42.99913359142486,129.80845743815104,264.0726829892113,461.944571843223,898.8248701791915
MY_0p5_1.7500_114.2500,114.25,1.75,1985-12-01,1985,12,357.5936133006262,92.94708249531094,124.46192898220487,74.72619502960688,154.803960164388,229.53015873015875,42.92828802683996,129.59749223012773,263.66471916077626,461.2341891818576,897.4247097439235
MY_0p5_1.7500_114.7500,114.75,1.75,1985-12-01,1985,12,319.5242548334784,92.75442801361876,121.25232629331282,54.66242696337131,133.95064750236548,188.61307474245064,42.736384574613425,129.02776190406917,262.46571595187015,458.38666451409694,892.6165426778052
MY_0p5_2.2500_101.7500,101.75,2.25,1985-12-01,1985,12,268.35918757891415,95.14367829910432,130.2862391616359,18.79171835774123,86.56809427280619,105.35981288100734,41.764899167147554,126.22335576529456,258.3887048586451,455.8631850733901,882.2401332662562
MY_0p5_2.2500_102.2500,102.25,2.25,1985-12-01,1985,12,234.65248436448675,89.92193793337881,123.43189400120785,21.864760613327395,89.28175540175734,111.14651744787773,41.53025474730861,125.37046824916126,256.44913318396755,451.5001292251514,874.8499606921912
MY_0p5_2.2500_102.7500,102.75,2.25,1985-12-01,1985,12,228.56177255171764,87.13627059550224,122.945324137241,38.93304755416098,95.94529772408401,134.87834536878367,41.629364255108406,125.63535847241364,257.05206279513203,453.20508266400685,877.5218633337865
MY_0p5_2.2500_103.2500,103.25,2.25,1985-12-01,1985,12,268.6054002065507,84.15639069572327,128.3449968610491,77.0686667669387,120.4069114563957,197.47557557121152,42.15025852748326,127.37173583015563,260.42948123992437,458.8640038868737,888.8154740590899
MY_0p5_2.2500_103.7500,103.75,2.25,1985-12-01,1985,12,286.0553151276152,85.2054327754651,135.09131443864206,95.17952676546776,112.69132967156878,207.87085581634005,42.044609005168326,126.99951409808659,259.79379344875525,458.2193336616128,887.057233803959
MY_0p5_2.2500_104.2500,104.25,2.25,1985-12-01,1985,12,281.208473267594,86.55773206261117,142.4576776677912,104.42191932615171,104.70837257322202,209.13029555643885,42.53370048586002,128.82766231820602,263.7350246965393,465.9842178723044,901.0805886008523
MY_0p5_2.2500_104.7500,104.75,2.25,1985-12-01,1985,12,259.93060302734375,86.61823272705078,,,,,,,,,
MY_0p5_2.2500_109.7500,109.75,2.25,1985-12-01,1985,12,387.27043004189767,97.116699710969,,,,,,,,,
MY_0p5_2.2500_111.2500,111.25,2.25,1985-12-01,1985,12,395.1888233423233,94.21552777290344,118.33206748962401,91.32340947319479,164.61559766881604,255.93900343951054,43.073558919570026,130.15006929285386,265.4500763837029,467.59573364257807,906.2694387996897
MY_0p5_2.2500_111.7500,111.75,2.25,1985-12-01,1985,12,407.545949687655,92.25835382370721,119.79409865121993,89.030375211201,176.37779429602247,265.40816689143105,43.13051394507998,130.29676731654575,265.6455980088976,467.67117842416917,906.7440609886532
MY_0p5_2.2500_112.2500,112.25,2.25,1985-12-01,1985,12,425.374763609871,91.03438887823194,123.43775847904267,87.497707984561,201.48377322242374,288.9814763144841,43.24514177110459,130.58833923339841,266.00271596757193,467.6158132401723,907.4520110599577
MY_0p5_2.2500_112.7500,112.75,2.25,1985-12-01,1985,12,435.19730912465894,91.56442137218656,125.30879468160961,103.83579595656622,203.0548181442987,306.89060659257194,43.227025446816086,130.5394282749721,265.8852968246217,467.17104802207336,906.8227874271454
MY_0p5_2.2500_113.2500,113.25,2.25,1985-12-01,1985,12,436.4348430330791,93.03875528971355,125.70841873411149,112.60016448005798,180.84236149863594,293.44253171890506,43.062345111180875,130.06773870558968,264.96749209449405,465.1926366412451,903.2902084108385
MY_0p5_2.2500_113.7500,113.75,2.25,1985-12-01,1985,12,395.2672304563885,93.00350099877468,122.58863239046894,87.69446001173576,152.04054409944558,239.73500988151457,42.83370131480544,129.32205813444116,263.0676979354666,459.64659939536574,894.8700567317916
MY_0p5_2.2500_114.2500,114.25,2.25,1985-12-01,1985,12,320.5255326528398,92.98385520813957,123.21457509843128,57.01745117429702,134.57531110975478,191.59276132734996,42.764296068464006,129.1111353314112,262.6398436531188,458.8464451381138,893.3617472330728
MY_0p5_2.2500_114.7500,114.75,2.25,1985-12-01,1985,12,287.7428481563445,92.67601825344948,119.79877363635649,46.963657908285825,115.79030331027123,162.75395931120843,42.60038369701755,128.6620614820911,261.86314018003407,457.4582416165261,890.5838327715476
MY_0p5_2.2500_115.2500,115.25,2.25,1985-12-01,1985,12,285.4526672363281,92.24310302734375,115.60315704345703,48.05815505981445,125.73344421386719,173.79159545898438,42.66386795043945,128.89898681640625,262.62847900390625,460.0142822265625,894.2056274414062
MY_0p5_2.7500_101.2500,101.25,2.75,1985-12-01,1985,12,299.5355529785156,97.15780639648438,128.88612365722656,50.511173248291016,137.26234436035156,187.77352905273438,42.44764709472656,128.49029541015625,262.7596130371094,463.25445556640625,896.9520263671875
MY_0p5_2.7500_101.7500,101.75,2.75,1985-12-01,1985,12,272.03457693546375,92.61911790327592,117.14268857088956,26.118244760686697,124.48126057017932,150.59950583718037,42.177100524902336,127.66034706809303,260.99494595614345,459.6776280628551,890.5100350674716
MY_0p5_2.7500_102.2500,102.25,2.75,1985-12-01,1985,12,254.8443908691406,86.68669006930793,127.5757437541986,25.01738390952918,110.27201442354044,135.28940110905154,42.252152825616726,127.88887592485756,261.3756679850779,459.37275715238735,890.8894431727708
MY_0p5_2.7500_102.7500,102.75,2.75,1985-12-01,1985,12,266.90197744248786,83.93714134602607,128.85492643525328,60.46157530289661,117.92338359205027,178.38495616671406,42.49423450759694,128.63299222535724,263.08581581598594,463.94579798058624,898.1588484365727
MY_0p5_2.7500_103.2500,103.25,2.75,1985-12-01,1985,12,313.0447241910704,83.30764027006308,130.2323090863076,104.85200245365215,130.72332943472892,235.57532894839147,41.65033747436134,125.4904615560155,256.54960574010374,451.9884014737075,875.6787972419885
MY_0p5_2.7500_103.7500,103.75,2.75,1985-12-01,1985,12,320.33809907332716,85.23433721791143,132.96732214299217,114.41188305973456,122.04074082616289,236.45262033488893,40.81200162826046,122.45052080989431,250.37958129320276,441.2500475342922,854.8921289400022
MY_0p5_2.7500_104.2500,104.25,2.75,1985-12-01,1985,12,283.83126741297104,85.75378855536965,147.00315856933594,117.1192398071289,105.0736083984375,222.19285583496094,42.53159713745117,128.83201599121094,263.76556396484375,466.0723876953125,901.2015380859375
MY_0p5_2.7500_111.2500,111.25,2.75,1985-12-01,1985,12,384.9019813274515,94.03259166849071,122.93642246021945,115.96274140301873,187.10051772173713,303.0632638370289,43.15685810762294,130.3766192267923,265.7842667523552,467.76738963407627,907.0851386575138
MY_0p5_2.7500_111.7500,111.75,2.75,1985-12-01,1985,12,402.1580107642002,93.13058133985176,121.7029370275037,116.0190731245896,193.8637164543415,309.88278987489895,43.17500144037707,130.41842355399297,265.80199708609746,467.54262989964974,906.9380619443695
MY_0p5_2.7500_112.2500,112.25,2.75,1985-12-01,1985,12,419.33935923516,92.76015646246415,121.5943878173828,116.21866760253906,205.3609932963053,321.5796585083008,43.215973777771,130.5218967183431,265.9163541666667,467.4133569335938,907.0675730387369
MY_0p5_2.7500_112.7500,112.75,2.75,1985-12-01,1985,12,426.1442915518072,93.07338226897807,121.77839419207994,118.93660009360012,204.71980855434754,323.6564040365098,43.21727252911917,130.5289165641688,265.9315784309484,467.41095472891124,907.08870938458
MY_0p5_2.7500_113.2500,113.25,2.75,1985-12-01,1985,12,422.7098992241753,93.70245802137585,121.74991774786086,111.63568638392857,186.79977969215025,298.43546694800966,43.108215404692146,130.2266900925409,265.3953955271887,466.43449571397565,905.1647935655382
MY_0p5_2.7500_113.7500,113.75,2.75,1985-12-01,1985,12,380.71263025368853,93.42349274750728,120.09918594360352,91.04074492727875,170.8076943075581,261.84843187271406,42.974655321449234,129.78738641435174,264.25563972618926,463.0280098884728,900.0456960884627
MY_0p5_2.7500_114.2500,114.25,2.75,1985-12-01,1985,12,308.552674788463,92.53145787685732,118.74789112429075,62.80168917209287,154.88858872425706,217.69027000137524,42.85692567463163,129.4066167903852,263.32466560074045,460.4692024520681,896.057426356062
MY_0p5_2.7500_114.7500,114.75,2.75,1985-12-01,1985,12,277.6562855714445,93.92624516092289,116.03816313045039,59.80974833980487,133.72629911580663,193.53604709114998,42.75126361239487,129.15437365489402,263.0756329578958,460.748089735675,895.7293534005522
MY_0p5_2.7500_115.2500,115.25,2.75,1985-12-01,1985,12,291.7782326088295,92.10491764652836,111.85027863098692,56.17530678414009,129.16874117464633,185.3440514641839,42.564116538107925,128.55254219673776,261.5850788838154,456.39411802549614,889.0958543382249
MY_0p5_3.2500_101.2500,101.25,3.25,1985-12-01,1985,12,296.0478515625,97.48149848077084,135.91101377019623,41.143891197234275,130.84707968151523,171.99097706835556,42.5033367617121,128.67219519707945,263.1559904224678,463.90239671046635,898.2339107053289
MY_0p5_3.2500_101.7500,101.75,3.25,1985-12-01,1985,12,267.02467662883254,88.10499580043138,117.61739704107787,37.709237414560505,138.29571336393903,176.0049532264661,42.182401948673714,127.65001241112971,260.6337511585017,456.9159758743967,887.3821438345941
MY_0p5_3.2500_102.2500,102.25,3.25,1985-12-01,1985,12,282.4288594563802,85.43963211301772,129.56531439887152,35.142334674653554,113.91900484599763,149.06133844284784,42.3432738894508,128.1783953469897,262.05001947312127,461.02690575009296,893.5985977415054
MY_0p5_3.2500_102.7500,102.75,3.25,1985-12-01,1985,12,319.0017473244969,83.02049185354498,133.4448309306857,84.29996158503278,131.68475747410253,215.9847151840789,42.482740933382054,128.60104838504066,262.95101069196875,463.0880747927894,897.1228689845602
MY_0p5_3.2500_103.2500,103.25,3.25,1985-12-01,1985,12,375.22494298083774,83.0732784954655,131.57436388245623,151.83903523299128,156.83371953311882,308.6727509141357,40.87612098668996,122.60301146367473,250.51148221391807,440.6288917367544,854.6195129990965
MY_0p5_3.2500_112.2500,112.25,3.25,1985-12-01,1985,12,419.8326124403212,93.73435245090062,120.51662597656251,125.57903154161242,192.6224063449436,318.2014411078559,43.14343677096897,130.33387925889758,265.64753282335073,467.17940877278653,906.3042399088542
MY_0p5_3.2500_112.7500,112.75,3.25,1985-12-01,1985,12,420.3569247338079,94.47411684836109,122.71944902763991,116.30048457911758,201.64044214467535,317.9409244724962,43.20225571804359,130.50061410372373,265.94436370349325,467.6573721463563,907.3045829397734
MY_0p5_3.2500_113.2500,113.25,3.25,1985-12-01,1985,12,410.48351580397525,94.84253761463596,123.60975317521527,93.28106585415927,192.07946176239938,285.3605338587905,43.14190607359916,130.34286961410982,265.7023869138775,467.3037305889708,906.4908800992098
MY_0p5_3.2500_113.7500,113.75,3.25,1985-12-01,1985,12,375.6107207767547,94.35980415949744,119.74431753007192,81.40388198125932,184.18948955233137,265.5933712913876,43.08308479672386,130.15862543015254,265.2564369807167,466.0429240877666,904.5410768539186
MY_0p5_3.2500_114.2500,114.25,3.25,1985-12-01,1985,12,318.23979925653737,94.11273351292701,116.84697295753818,72.05663674955915,189.99862850699455,262.0552663134921,43.08325808822729,130.09537093047123,264.81155191409357,463.93076271008533,901.9209353696009
MY_0p5_3.2500_114.7500,114.75,3.25,1985-12-01,1985,12,292.48947425404936,96.36728000033435,116.35408301869776,69.0990944273153,157.64228891263343,226.7413834492872,42.93962717967428,129.70724458147768,264.23506737970246,463.55619812011724,900.4381484499403
MY_0p5_3.2500_115.2500,115.25,3.25,1985-12-01,1985,12,302.2626800537109,93.12087908877602,109.47954032994524,58.10757729976992,123.54580603973774,181.65338187881662,42.47339601154568,128.2488588260699,260.7393465645705,453.7080090679699,885.1696186307108
MY_0p5_3.2500_115.7500,115.75,3.25,1985-12-01,1985,12,322.0974114235867,89.93632541613631,111.58337239469036,80.17507411656754,162.28895071651158,242.4640172036846,42.84295392840096,129.4026249231917,263.45703090710583,460.9713772548718,896.6739913426089
MY_0p5_3.7500_100.7500,100.75,3.75,1985-12-01,1985,12,323.34710693359375,103.36919403076172,139.75070190429688,37.79273223876953,120.4508285522461,158.24356079101562,42.603546142578125,128.95127868652344,263.68121337890625,465.0342102050781,900.270263671875
MY_0p5_3.7500_101.2500,101.25,3.75,1985-12-01,1985,12,273.8918977061729,96.6061494450739,137.4429335115797,41.00588268292375,124.94934864723182,165.95523476214856,42.3709488902663,128.26232243510128,262.1359521563385,460.7521195396251,893.5213441324079
MY_0p5_3.7500_101.7500,101.75,3.75,1985-12-01,1985,12,270.0540993634392,85.0152330337816,127.02798794788922,45.72960119794129,127.07899919740716,172.8085956937948,42.254230608606036,127.86396510130284,261.03172943698377,457.1743051322403,888.3242092254058
MY_0p5_3.7500_102.2500,102.25,3.75,1985-12-01,1985,12,342.90881473601814,82.04356374589223,132.00431271507625,50.92907625228639,128.21447453574527,179.14355274987597,42.338201250348774,128.1131371392144,261.6388732910156,459.0586476159474,891.148861064608
MY_0p5_3.7500_102.7500,102.75,3.75,1985-12-01,1985,12,409.40638253348214,82.19031783815412,136.40564720517114,110.1060554625496,161.87666068909658,271.9827118404327,42.54210374620225,128.7368220253596,262.96043352399556,461.8900894407242,896.1294542100694
MY_0p5_3.7500_103.2500,103.25,3.75,1985-12-01,1985,12,453.6906419731232,82.15954225091821,137.5123960008808,186.51859082988665,202.169471950157,388.688054821538,42.22740346871171,127.45804880179612,260.2067512063419,456.59497465245863,886.48716729856
MY_0p5_3.7500_113.2500,113.25,3.75,1985-12-01,1985,12,404.2731056213379,96.13713908195496,124.40066703421171,85.6422245463387,198.12624096479576,283.7684766425461,43.1608500871502,130.39299336417778,265.79026469246287,467.4280375496286,906.7721457559555
MY_0p5_3.7500_113.7500,113.75,3.75,1985-12-01,1985,12,382.95181140835444,96.12179688953216,118.55268714188757,82.15298728572512,197.24761785118326,279.40060908740395,43.16237031757638,130.39742518551526,265.780557971942,467.31366974173244,906.6540525368501
MY_0p5_3.7500_114.2500,114.25,3.75,1985-12-01,1985,12,354.5985680485078,96.62533118838357,115.8807390727694,78.47530662899926,190.76981704954116,269.24512484111483,43.17569845290411,130.41644601973277,265.7472435360863,467.1642711821056,906.5036702473958
MY_0p5_3.7500_114.7500,114.75,3.75,1985-12-01,1985,12,335.84964144267735,97.67069273449125,116.01396511017329,65.83644536336263,158.95367337181452,224.79012402731274,43.01196106199234,129.9597176688058,264.9822728717138,466.13688238234744,904.0908296130953
MY_0p5_3.7500_115.2500,115.25,3.75,1985-12-01,1985,12,325.1633157397073,91.97117316836402,110.86158297099762,67.55949918958875,155.08026183597627,222.639747789171,42.73843587239583,129.0628157842727,262.5569857158358,458.1358222113715,892.4940536256819
MY_0p5_3.7500_115.7500,115.75,3.75,1985-12-01,1985,12,327.41233199963466,87.54580831184661,113.8344500973928,80.77310811872962,174.77505866400628,255.5481539938947,42.87260692239665,129.47441243782316,263.48573994808055,460.4719146069863,896.3046725705373
MY_0p5_4.2500_100.7500,100.75,4.25,1985-12-01,1985,12,239.66833992004396,102.880584446464,138.31461798220266,41.802975401586416,83.50099904585859,125.30397450972579,42.3298168260224,128.17175990513394,262.2666816555724,462.6861752879864,895.4544274154975
MY_0p5_4.2500_101.2500,101.25,4.25,1985-12-01,1985,12,213.99500251001166,90.85154503014438,127.90804771860694,45.73199379064475,112.72259120576702,158.45457910428382,41.919928131589465,126.88322706283277,258.9979349124204,452.58032945766575,880.3814038319193
MY_0p5_4.2500_101.7500,101.75,4.25,1985-12-01,1985,12,280.8453917093704,84.98469341144015,133.29288087790007,42.08049417075259,84.65415986277426,126.73465706822209,42.10099668167651,127.47199183454912,260.6551611172125,458.1220192223693,888.3501838464707
MY_0p5_4.2500_102.2500,102.25,4.25,1985-12-01,1985,12,430.6256207840893,84.69430432304407,133.96498946412305,65.5075084332841,113.75241274117664,179.25992971792007,42.206879503049024,127.76118932364466,261.11762439861855,458.5935458344774,889.6792567438974
MY_0p5_4.2500_102.7500,102.75,4.25,1985-12-01,1985,12,531.4423352867176,81.49867960449998,132.19495671266205,147.14630238721324,191.0743198759237,338.2206355781313,42.42127762326769,128.33156367016446,261.7723505299562,457.6271792855233,890.1523736844397
MY_0p5_4.2500_103.2500,103.25,4.25,1985-12-01,1985,12,567.2705179448186,83.11147874572967,136.1447416298896,226.2467212211795,219.32239705261873,445.5691272057723,42.66385293089971,129.04406897780788,263.30544459113673,461.2157206784557,896.2290868460094
MY_0p5_4.2500_113.7500,113.75,4.25,1985-12-01,1985,12,415.60097249348956,98.27086708762431,114.92747310422502,92.53802432654041,189.28555312246647,281.82358997272996,43.11871938885383,130.29801984103221,265.66914022193765,467.3318009286557,906.4176917885834
MY_0p5_4.2500_114.2500,114.25,4.25,1985-12-01,1985,12,421.4102878969583,98.5398084426939,111.23712485177177,77.98744307705796,160.06202703645332,238.04947311813768,43.02078036451892,130.0401145316459,265.34682343825415,467.5064501670337,905.9141921113358
MY_0p5_4.2500_114.7500,114.75,4.25,1985-12-01,1985,12,398.38890116373705,98.4129909261068,113.30820292154948,85.31309621175131,181.05135080973312,266.36444885253906,43.08870867411296,130.19400960286458,265.43035949707036,466.82980407714854,905.5428796386719
MY_0p5_4.2500_115.2500,115.25,4.25,1985-12-01,1985,12,358.46666738722064,94.09090224901836,111.98247289657594,74.63739569981895,161.7277455329895,236.36515352461075,42.76744862397511,129.18222729365033,262.90004560682513,459.0344025293987,893.8841398027208
MY_0p5_4.2500_115.7500,115.75,4.25,1985-12-01,1985,12,334.47821686308265,87.64820654917573,112.83703486555716,87.23375275175452,189.83800643662278,277.07177056781325,42.961208265918806,129.72849400407176,263.9621458926444,461.36296386718755,898.014826370498
MY_0p5_4.2500_116.2500,116.25,4.25,1985-12-01,1985,12,327.3099091692669,94.51148814689823,120.15864795591774,97.9286557872121,208.1286969998988,306.0573639288181,43.10137148601254,130.1355863431605,264.8110878176806,463.4714349886266,901.5194918004479
MY_0p5_4.2500_116.7500,116.75,4.25,1985-12-01,1985,12,317.82567512644516,98.16965458158813,118.76505782287246,91.91525363370863,197.57566639453694,289.4909270181821,43.052713956447015,130.03617947087812,264.8242520900131,464.2407873958521,902.1539391313678
MY_0p5_4.2500_117.2500,117.25,4.25,1985-12-01,1985,12,305.4497337678893,101.44741652497147,118.15387459138854,74.58849398857726,153.92022191950707,228.50871587432593,42.84540044733908,129.5259279909387,264.3035478169939,464.89685085600456,901.5717481765073
MY_0p5_4.2500_117.7500,117.75,4.25,1985-12-01,1985,12,285.6080074473324,101.82072347657292,113.20090487879565,49.90224612472404,107.12990827641937,157.032156430758,41.17172826457227,123.65254700489533,252.6447219196548,444.9722372201773,862.4412393162395
MY_0p5_4.2500_118.2500,118.25,4.25,1985-12-01,1985,12,253.10407029536736,101.35085104780588,102.81341747113855,28.99778155916057,69.3472271573012,98.34501137703089,38.31529617309571,113.36695735469746,231.829466121212,408.6081484654906,792.1198567189988
MY_0p5_4.2500_118.7500,118.75,4.25,1985-12-01,1985,12,230.85881607620806,102.15389590793185,96.70874786376953,19.907209396362305,50.873382568359375,70.78059387207031,36.679344177246094,107.44198608398438,219.83116149902344,387.7976379394531,751.7501220703125
MY_0p5_4.7500_100.2500,100.25,4.75,1985-12-01,1985,12,139.93177710639108,111.11128828260634,,,,,,,,,
MY_0p5_4.7500_100.7500,100.75,4.75,1985-12-01,1985,12,167.23523116438358,102.0535504417698,138.22571855250413,33.9129567882879,80.77975727484478,114.69271720327981,41.932715361680444,126.98375081628319,259.6125042923098,455.6986578964606,884.2275978646627
MY_0p5_4.7500_101.2500,101.25,4.75,1985-12-01,1985,12,186.01082680912344,87.53068159799727,121.38438580225385,38.4545897953094,102.76782311333551,141.2224069504511,41.68103253803556,126.13536839560857,257.22997717478916,447.7756684802827,872.8220356290302
MY_0p5_4.7500_101.7500,101.75,4.75,1985-12-01,1985,12,306.3742619897151,84.71767030746217,133.99839126344713,63.546767473977724,92.77876976860895,156.32554166279144,41.98048954312764,127.06087661016556,259.50967600988963,454.4736422099765,883.0246942429316
MY_0p5_4.7500_102.2500,102.25,4.75,1985-12-01,1985,12,501.6282941545759,84.69504968552363,130.33608391171407,131.27969316755022,144.56694917224704,275.8466468447731,42.21976278395879,127.73931986490885,260.6191885811942,455.47113124302456,886.0494076683407
MY_0p5_4.7500_102.7500,102.75,4.75,1985-12-01,1985,12,617.1673253539261,82.37597619803846,128.56797817254517,223.02695737219156,209.56328519590338,432.59023289771585,42.53964821396358,128.69760301917978,262.5043029785155,458.81478551390813,892.5563523602331
MY_0p5_4.7500_103.2500,103.25,4.75,1985-12-01,1985,12,634.2181784101007,84.99326742940875,127.01225736836227,255.54570868798294,234.36897643817753,489.91468512616035,41.25007915144918,123.8429094715752,252.49340167168765,441.24029101832775,858.8266799757844
MY_0p5_4.7500_103.7500,103.75,4.75,1985-12-01,1985,12,645.4655279862254,87.71995544433594,117.96210667994116,219.22854772790686,197.4778549392502,416.706402667157,37.52901676722935,110.25171532568991,224.8419141893263,393.4823188286323,766.1049812614144
MY_0p5_4.7500_113.7500,113.75,4.75,1985-12-01,1985,12,481.5067138671875,99.87468719482422,,,,,,,,,
MY_0p5_4.7500_114.2500,114.25,4.75,1985-12-01,1985,12,481.5067138671875,100.5175290788923,113.55072784423828,71.75926971435547,175.6665496826172,247.4258270263672,43.0682487487793,130.18077087402344,265.598388671875,467.76611328125,906.613525390625
MY_0p5_4.7500_114.7500,114.75,4.75,1985-12-01,1985,12,448.43278946415074,102.33417724281227,117.07945850331298,113.57097330401021,216.5243817401189,330.09535020397556,43.18504891344296,130.46648940219677,265.831298828125,466.8111040669104,906.2939190608199
MY_0p5_4.7500_115.2500,115.25,4.75,1985-12-01,1985,12,385.37017138799024,100.60471709569293,117.46629401048024,96.10304598013558,170.00582198301947,266.1088694731394,42.805997629960366,129.30913619200388,263.20192114512116,459.89150444666535,895.2085609436032
MY_0p5_4.7500_115.7500,115.75,4.75,1985-12-01,1985,12,340.6673899817089,93.52697114490326,113.18510788206069,60.49808487665085,145.0470172700428,205.5451103573754,42.67156542823428,128.82317359561011,261.9591805594308,456.89314991784477,890.3470567491319
MY_0p5_4.7500_116.2500,116.25,4.75,1985-12-01,1985,12,307.1820510137648,93.4462435283358,118.07965269542873,60.84643901037791,149.36922525072853,210.21566157265312,42.79212180243597,129.23309074280752,263.0918018159411,460.384352329799,895.5013695126486
MY_0p5_4.7500_116.7500,116.75,4.75,1985-12-01,1985,12,291.19988443881647,94.80237849754623,115.02630076830899,56.48362304590925,149.81117663805995,206.29479642457602,42.7449541574792,129.13898912260802,263.0991890822785,460.854750331444,895.8379010550583
MY_0p5_4.7500_117.2500,117.25,4.75,1985-12-01,1985,12,296.4596819196428,95.88245956178694,110.70030374678355,47.37251837594169,129.78357921781995,177.15609620109439,42.55943499368335,128.63202984522258,262.2473825606088,459.4450534396701,892.8838969881572
MY_0p5_4.7500_117.7500,117.75,4.75,1985-12-01,1985,12,289.73477752299243,97.52644507492644,109.87031229236459,33.42397703701937,104.87153878996644,138.29551148716408,42.39822478234014,128.23254882233053,261.78849299949934,459.5593350567394,891.978595975079
MY_0p5_4.7500_118.2500,118.25,4.75,1985-12-01,1985,12,279.3200014967416,99.53587874216052,112.15237721965542,34.64217260734521,95.12247121993023,129.76464172823347,42.35334158662576,128.15982914450183,261.93416300251255,460.81770608413166,893.2650361180906
MY_0p5_4.7500_118.7500,118.75,4.75,1985-12-01,1985,12,273.7342042560819,99.6323290474807,117.52575992632515,46.04538750950294,94.60516647145718,140.65054939366595,42.38040064558198,128.28166024896163,262.3871162511125,462.49659593799447,895.5457647782338
MY_0p5_5.2500_100.2500,100.25,5.25,1985-12-01,1985,12,116.05092951603709,112.76350649795091,77.4139404296875,3.2273237705230713,3.4211719036102295,6.648495674133301,27.361291885375977,74.0978775024414,151.41384887695312,264.03692626953125,516.909912109375
MY_0p5_5.2500_100.7500,100.75,5.25,1985-12-01,1985,12,146.6454030703875,102.87711563593227,138.3506360985767,32.51088292845364,76.66121131798317,109.1720944218252,40.797523169681945,122.9730434198489,250.9839986165364,438.02781308930497,852.7823921291308
MY_0p5_5.2500_101.2500,101.25,5.25,1985-12-01,1985,12,200.07370058089967,89.52031463138641,125.09443025134858,73.66476384117489,115.4974391392299,189.16219741579087,41.6409317864312,126.04085320366752,257.1596216595362,447.90784602089536,872.7492710658481
MY_0p5_5.2500_101.7500,101.75,5.25,1985-12-01,1985,12,340.9060347247276,84.68823144997762,132.6220670323463,136.96220708956386,123.99975338103668,260.9619697522206,42.08633718065396,127.35541337614607,259.9540901913005,454.573524718072,883.9693772625772
MY_0p5_5.2500_102.2500,102.25,5.25,1985-12-01,1985,12,539.2740862415095,89.02048441407027,130.34909434227427,215.4661348184962,173.3323548432368,388.79849884616345,42.20570001784403,127.57299284722394,260.46409626371536,456.3306679695275,886.5734468690908
MY_0p5_5.2500_102.7500,102.75,5.25,1985-12-01,1985,12,646.8922886553338,86.33161153611104,125.70217846369339,312.2764015327066,240.78719746217888,553.0635964603747,41.634637606346,125.30214326502912,255.5291172868114,446.55367897162995,869.0195645607122
MY_0p5_5.2500_103.2500,103.25,5.25,1985-12-01,1985,12,646.3938074182581,88.80545136789794,133.2658347588081,347.01115377847253,278.5140525520622,625.5252063305347,42.65570023772004,128.99710935122008,263.1194997019582,459.9234313964844,894.6957563920455
MY_0p5_5.2500_115.2500,115.25,5.25,1985-12-01,1985,12,379.164793937437,103.20142179919829,124.74960377177256,74.03478228459593,130.0706607005635,204.1054424848713,42.446815052970514,128.14534671971055,260.54187662093364,454.2217787445569,885.3558149494111
MY_0p5_5.2500_115.7500,115.75,5.25,1985-12-01,1985,12,349.15826426222173,100.67235106456128,119.82644736079847,44.72946962259583,98.61951596534858,143.34898878194517,42.19379537550069,127.34093594308625,258.69365068855933,449.82071947000793,878.0490939900026
MY_0p5_5.2500_116.2500,116.25,5.25,1985-12-01,1985,12,298.66046297097506,95.56088078172903,115.22395655475086,47.889517965196056,115.71063797383368,163.60016120234621,42.4716395848914,128.32897741583332,261.4558649183828,457.50793756412554,889.7644023653827
MY_0p5_5.2500_116.7500,116.75,5.25,1985-12-01,1985,12,286.9658544999134,94.88409747353082,114.48615083815176,64.20002519631687,148.4702095804335,212.67024230957028,42.653793552253816,128.91534443143047,262.77749740021136,460.2830722663975,894.6297140000742
MY_0p5_5.2500_117.2500,117.25,5.25,1985-12-01,1985,12,323.29772135416664,96.05814322819786,113.06783982534257,72.45835371471587,150.93425501263332,223.39261498829677,42.63886413574218,128.89759691026475,262.85111878410214,460.71785520523315,895.1054487924728
MY_0p5_5.2500_117.7500,117.75,5.25,1985-12-01,1985,12,338.9079776824467,96.59898233565073,112.08617212204706,84.41477421351841,157.00390474834137,241.41867404513886,42.653680444142175,128.96300383068265,263.1264578683036,461.81328570653517,896.5564284551709
MY_0p5_5.2500_118.2500,118.25,5.25,1985-12-01,1985,12,338.5583149557149,97.46217178539106,114.61596052813681,92.22715032784043,150.94956362778973,243.17671534058397,42.67848493491009,129.0861606962362,263.62905184022935,463.83143625441636,899.2251559700935
MY_0p5_5.2500_118.7500,118.75,5.25,1985-12-01,1985,12,306.91524169921877,97.76720508393785,120.53312322828505,70.17753611670601,119.55115869310168,189.7286917368571,42.54601568645901,128.75644132826062,263.2708053588867,464.1748784383138,898.7481528388129
MY_0p5_5.2500_119.2500,119.25,5.25,1985-12-01,1985,12,238.60093521745236,98.30353538876489,123.08453369140625,59.49717712402344,105.67037200927734,165.16754150390625,42.480587005615234,128.58529663085938,263.0386962890625,464.0889587402344,898.1935424804688
MY_0p5_5.7500_100.2500,100.25,5.75,1985-12-01,1985,12,103.00312365282763,113.90977457407358,126.93748250138869,5.655367212558011,7.675912800185177,13.331279728390754,34.23750595652729,99.66059595510501,204.39087949980288,360.21072331699753,698.4996808253297
MY_0p5_5.7500_100.7500,100.75,5.75,1985-12-01,1985,12,148.50221223377048,104.16577659485831,131.5375138346354,69.40872749328614,77.05220413525899,146.4609378496806,39.5960710144043,118.81035875956218,242.8815147908529,424.81488159179685,826.1028151448568
MY_0p5_5.7500_101.2500,101.25,5.75,1985-12-01,1985,12,218.2828983096626,93.54500138290287,129.0329980024203,164.17119171863465,149.30980808528392,313.48098959134325,41.881023887574216,126.75080898615322,258.626676183986,451.0911885659527,878.3497184693346
MY_0p5_5.7500_101.7500,101.75,5.75,1985-12-01,1985,12,367.30735435485843,88.43586009343466,132.69675846099855,262.19475574493407,195.34321937561037,457.53798713684085,42.22463407516479,127.78799746831258,260.7831591288249,455.625039545695,886.4208600362144
MY_0p5_5.7500_102.2500,102.25,5.75,1985-12-01,1985,12,539.4776869553787,92.29796250661214,133.1727811511518,266.46548626318526,212.74547430481573,479.2109585643216,41.613365096275245,125.45330019350403,256.23524285005,448.8947192876026,872.1966398605192
MY_0p5_5.7500_102.7500,102.75,5.75,1985-12-01,1985,12,648.6642463030133,89.94159961441188,109.12406158447266,251.12615966796875,215.9394989013672,467.0656433105469,36.29978942871094,105.85369873046875,215.75836181640625,376.7008972167969,734.6127319335938
MY_0p5_5.7500_103.2500,103.25,5.75,1985-12-01,1985,12,650.277587890625,91.64247131347656,,,,,,,,,
MY_0p5_5.7500_115.2500,115.25,5.75,1985-12-01,1985,12,364.24891967773436,103.46370162963868,136.86767578125,72.10954284667969,142.82977294921875,214.93931579589844,42.786067962646484,129.39239501953125,264.3125305175781,465.96466064453125,902.4556884765625
MY_0p5_5.7500_115.7500,115.75,5.75,1985-12-01,1985,12,334.9872464607098,100.38566355324963,123.87891467866444,50.27802073160808,118.40053434826079,168.67855507986886,42.34693843296596,128.0356208437965,261.1682564871652,457.6408967517672,889.1917184012276
MY_0p5_5.7500_116.2500,116.25,5.75,1985-12-01,1985,12,287.41064365931925,93.6514907110305,113.6490721687438,43.03689982096354,117.29990990048364,160.33681018163287,42.22569776262555,127.63355417402964,260.08407602461557,454.1825682624938,884.1258926633806
MY_0p5_5.7500_116.7500,116.75,5.75,1985-12-01,1985,12,291.0578783792162,90.73033621651784,107.16370394267733,76.79348961966379,164.72574818929036,241.5192408486018,42.58526000976562,128.67565995473709,262.07821781218996,457.87083449590773,891.2099712069071
MY_0p5_5.7500_117.2500,117.25,5.75,1985-12-01,1985,12,363.86266415954015,96.41851705557163,113.35801294850249,133.11179568414056,200.58263664365944,333.69443750231045,42.924120364505036,129.7258277676459,264.46640534506236,464.0235901841606,901.1399332040492
MY_0p5_5.7500_117.7500,117.75,5.75,1985-12-01,1985,12,394.5209634447855,98.48729047018385,117.90696470529443,178.09687316177678,202.10567044251718,380.20254557564755,42.95664569675523,129.85624259590304,264.929708493636,465.7213504458435,903.4639636558176
MY_0p5_5.7500_118.2500,118.25,5.75,1985-12-01,1985,12,382.7822274221501,98.3108990351359,121.05216691758898,229.04979519314236,206.5718805609809,435.62167575412326,42.967780134412976,129.89765299479168,265.0376770019531,465.9682401529948,903.8713476562499
MY_0p5_5.7500_118.7500,118.75,5.75,1985-12-01,1985,12,338.83552140455987,98.52251669076773,121.86456298828125,244.4590606689453,207.29917907714844,451.75823974609375,42.976722717285156,129.9247283935547,265.0867614746094,466.0521545410156,904.0403442382812
MY_0p5_6.2500_99.7500,99.75,6.25,1985-12-01,1985,12,91.7996494068819,116.87926169002758,157.68113885923873,5.888291148252265,28.21721507227698,34.105507429256,40.37852300599564,122.81690216064453,252.19294951682866,441.54184456758713,856.9302070085391
MY_0p5_6.2500_100.2500,100.25,6.25,1985-12-01,1985,12,116.81795936822893,111.6735652089119,151.4207574338329,12.901628103061597,17.23797154329261,30.139599640515385,38.91455953169841,116.9159819622429,239.77684830646123,421.953039052535,817.5604018853635
MY_0p5_6.2500_100.7500,100.75,6.25,1985-12-01,1985,12,170.3332574910639,104.27109789756275,139.05286027473835,97.14625096413161,78.36773592532833,175.51399241267023,40.78601349642839,123.17743161470274,251.969265617459,441.5565759371607,857.4892898618484
MY_0p5_6.2500_101.2500,101.25,6.25,1985-12-01,1985,12,223.19992441030652,98.32909968449519,133.7125779371995,163.9490642841046,126.7661872276893,290.7152559720553,41.85020352877103,126.71143305851864,258.8086951622596,452.45316443810106,879.823500413161
MY_0p5_6.2500_101.7500,101.75,6.25,1985-12-01,1985,12,414.8881731305803,95.14626268659318,137.21383710588725,267.4306775774274,191.2055476597377,458.63622523716515,42.19622116088867,127.80692923409597,261.25883789062493,457.8817801339285,889.1437726702009
MY_0p5_6.2500_102.2500,102.25,6.25,1985-12-01,1985,12,504.5643679300943,94.97941924304497,140.0620574951172,248.7664794921875,199.166259765625,447.9327392578125,42.352725982666016,128.2819366455078,262.339599609375,460.5785827636719,893.5528564453125
MY_0p5_6.2500_115.7500,115.75,6.25,1985-12-01,1985,12,288.18430120294744,99.23784203962846,129.05137634277344,40.00603485107422,83.96522521972656,123.97126007080078,42.09678649902344,127.45199584960938,260.56024169921875,457.5639343261719,887.6729125976562
MY_0p5_6.2500_116.2500,116.25,6.25,1985-12-01,1985,12,274.7977163749828,95.85621619642828,121.47762634680659,49.0049635261166,99.88258560113444,148.8875496145912,42.161044687951716,127.55256592334628,260.3632001834819,455.92942225250374,886.006207033401
MY_0p5_6.2500_116.7500,116.75,6.25,1985-12-01,1985,12,305.84515167720735,93.2880607241676,114.81813167995877,115.23140549432664,170.94657772003657,286.17798098609563,42.59411311073909,128.71703297448536,262.2047060043093,458.2834552098834,891.7993003239707
MY_0p5_6.2500_117.2500,117.25,6.25,1985-12-01,1985,12,420.5957641601562,96.91650860498822,118.92403036450582,203.27602563282798,233.20333135695688,436.47935403490817,42.50307768564375,128.07550305563305,260.960938468812,457.42323763408353,888.9627515035962
MY_0p5_6.2500_117.7500,117.75,6.25,1985-12-01,1985,12,458.30500046412163,99.0533886750539,122.12489265308045,233.36388009054622,226.9385307267395,460.3024099249589,42.35820964344761,127.59837555467037,260.1770863672446,456.7109194749977,886.8445959258498
MY_0p5_6.2500_118.2500,118.25,6.25,1985-12-01,1985,12,447.837648664202,99.5678324018206,125.86527579171316,265.0390526907785,223.97418594360352,489.01323590959817,43.000072070530486,129.99476678030834,265.1691425868443,465.83960287911555,904.0035988943918
MY_0p5_6.7500_100.2500,100.25,6.75,1985-12-01,1985,12,121.68058159772089,109.04023776334876,155.66935651442586,19.09170861454571,25.210188655292285,44.30189763798433,40.79023835238288,123.76661732617546,253.57302284240723,444.31553178675034,862.4453789206112
MY_0p5_6.7500_100.7500,100.75,6.75,1985-12-01,1985,12,177.7448933919271,102.56893638328272,146.34097911693434,89.6689678474709,72.35504256354439,162.02401493213796,41.44095964784976,125.56808415165655,256.90718587239587,450.4744658293548,874.390683774595
MY_0p5_6.7500_116.2500,116.25,6.75,1985-12-01,1985,12,288.5494774127829,98.05759429931639,124.29296968041399,137.1696808977825,140.54458915896532,277.71427470881764,42.52635248695932,128.6365683951029,262.6321880061452,461.1964706793064,894.991587569074
MY_0p5_6.7500_116.7500,116.75,6.75,1985-12-01,1985,12,338.3755115553563,97.65407246351242,120.41442479069526,166.9949266637267,167.47342087817285,334.46834615473693,41.342037864353344,124.1704204695027,253.31518072196147,444.4572554878567,863.2849048720047
MY_0p5_6.7500_117.2500,117.25,6.75,1985-12-01,1985,12,431.9978581616003,97.9641735696385,119.4757614473326,214.31184967851217,204.40885621467524,418.72070123453057,40.471203576147026,120.78322280613722,246.22115562236417,431.7951795189781,839.2707724782217
MY_0p5_6.7500_117.7500,117.75,6.75,1985-12-01,1985,12,502.5680092705621,98.7688062455919,124.55793356895448,238.2533764839172,219.52443408966064,457.7778081893921,41.01888930797577,122.66840624809265,250.05643463134766,438.7006959915161,852.4444408416749
MY_0p5_7.2500_116.7500,116.75,7.25,1985-12-01,1985,12,379.172554556779,98.67623774210611,124.27018571936567,164.3571275793988,137.36338023310122,301.72050781249993,40.4640338068423,121.12376961086109,247.42263793945315,435.13067494268006,844.1411238960598
MY_0p5_7.2500_117.2500,117.25,7.25,1985-12-01,1985,12,404.51356520094316,98.58197248304212,124.21713851125615,144.52209119294818,122.09104236803556,266.613132838199,39.8142189427426,118.80362837942023,242.72839291221217,426.9607158460115,828.3069676449423
