grid_id,longitude,latitude,date,year,month,precipitation_mm,PET_mm,actual_evapotranspiration_mm,surface_runoff_mm,subsurface_runoff_mm,total_runoff_mm,soil_moisture_0_10cm_mm,soil_moisture_10_40cm_mm,soil_moisture_40_100cm_mm,soil_moisture_100_200cm_mm,soil_moisture_total_mm
MY_0p5_0.7500_110.2500,110.25,0.75,1984-01-01,1984,1,525.2964787409857,85.8446269108699,104.84315209021936,168.23030759371247,291.2089932955229,459.4393005371094,43.4883282001202,131.23279254619894,266.7726384089543,466.66534987229574,908.1590961162862
MY_0p5_0.7500_110.7500,110.75,0.75,1984-01-01,1984,1,484.50080304827014,87.68454655238561,109.11962269374303,122.47415989467075,225.62214856828962,348.09630083356586,43.275557436261856,130.69371599469866,266.181831577846,467.44916643415183,907.6002842494419
MY_0p5_0.7500_111.7500,111.75,0.75,1984-01-01,1984,1,450.6872984871032,88.28129335433717,111.71261354476687,81.09091295514789,149.477047632611,230.56797063918341,42.93450189015223,129.76722620403956,264.73715549045136,465.9603319924975,903.3992280505953
MY_0p5_1.2500_103.2500,103.25,1.25,1984-01-01,1984,1,419.02609075157386,96.13256235955988,106.77102331681687,117.37145892056553,115.02740912003951,232.39886925437236,39.255709474736996,116.58907803622161,238.06002842296257,419.18327678333634,813.0881139581853
MY_0p5_1.2500_103.7500,103.75,1.25,1984-01-01,1984,1,463.17075444193716,95.5724949512667,98.57666985965471,154.382497991173,143.80091302371721,298.1834045706443,40.61306221971234,121.59024995970495,248.23493335316482,437.3357887638425,847.7740377777989
MY_0p5_1.2500_104.2500,104.25,1.25,1984-01-01,1984,1,473.37866559709823,95.81679524012974,89.48246765136719,196.6409912109375,175.7795867919922,372.4205627441406,42.37562942504883,128.09671020507812,261.49761962890625,460.9861145019531,892.9560546875
MY_0p5_1.2500_109.7500,109.75,1.25,1984-01-01,1984,1,624.0392286921121,87.35655148058052,105.73081299195808,328.3249798510449,365.4369216367423,693.7618728086173,43.7366994834808,131.92751744281816,267.9262338661286,467.94278946842053,911.5332362163498
MY_0p5_1.2500_110.2500,110.25,1.25,1984-01-01,1984,1,549.5517465009654,86.21803345551362,104.74811103261116,233.77192796979637,315.51330495709163,549.2852317780603,43.55707762140105,131.4288642912758,267.0944605057764,466.92032885459406,909.0007220529683
MY_0p5_1.2500_110.7500,110.75,1.25,1984-01-01,1984,1,507.84939410497265,87.82506147112164,109.39910086979941,151.0370358179486,239.46697683182973,390.5039996434772,43.31388646685887,130.80267614939854,266.3541728670635,467.52972237723213,908.0004745241195
MY_0p5_1.2500_111.2500,111.25,1.25,1984-01-01,1984,1,480.5735442432733,87.97040828424522,109.03619043514753,104.34696858073957,194.7601084358776,299.10707721161765,43.12272012728853,130.26839473834056,265.4646891146042,466.41879360211163,905.2746139380117
MY_0p5_1.2500_111.7500,111.75,1.25,1984-01-01,1984,1,471.80651855468756,87.89031110491074,109.86575329492963,96.19317735944475,169.80690293085007,266.0000857398623,43.02695362151615,130.0168878464472,265.1092795720176,466.2435322110614,904.3966558547245
MY_0p5_1.2500_112.2500,112.25,1.25,1984-01-01,1984,1,495.06928961894226,87.64501790467857,111.89849741204742,129.84657752332348,178.4511188177893,308.29770416414675,43.08779554802754,130.18268503876504,265.37728417101243,466.61283494978386,905.2606111323166
MY_0p5_1.2500_112.7500,112.75,1.25,1984-01-01,1984,1,525.587038675944,88.01092942555745,114.36559963226317,182.81609312693277,233.05188846588138,415.86798159281415,43.28002309799194,130.66923650105795,265.90428860982263,465.94080034891766,905.7943751017252
MY_0p5_1.2500_113.2500,113.25,1.25,1984-01-01,1984,1,498.2777882451596,88.09795207148012,119.04014328666356,137.29482647439707,224.66931285028872,361.96412884256114,43.255938952902085,130.5879764722741,265.6872725777004,465.33558137313173,904.8667650305706
MY_0p5_1.2500_113.7500,113.75,1.25,1984-01-01,1984,1,452.5371926047585,87.86764404990456,120.9887374531139,98.16149312799628,211.50474802652994,309.6662278608842,43.167715824011594,130.33729576342031,265.20489825624406,464.30092944520885,903.0108152447325
MY_0p5_1.2500_114.2500,114.25,1.25,1984-01-01,1984,1,389.4025552125104,86.5632872454888,122.71714688191373,86.35085546442893,207.17471826603983,293.52556616859096,43.165330566136184,130.32771922423777,265.197702323441,464.4024142375035,903.0931644946073
MY_0p5_1.2500_114.7500,114.75,1.25,1984-01-01,1984,1,328.5141138876638,84.80448027580015,118.2051258702432,77.05151933239351,189.4206848144531,266.47218962638607,43.07335736674647,130.0392323155557,264.53955570344,462.71604082661287,900.368189657888
MY_0p5_1.7500_102.7500,102.75,1.75,1984-01-01,1984,1,356.06463724210124,96.83462182988119,109.6015832424164,68.33489465713501,79.52075397968292,147.8556513786316,41.0239622592926,123.19646120071411,251.465576171875,441.88565826416016,857.571662902832
MY_0p5_1.7500_103.2500,103.25,1.75,1984-01-01,1984,1,417.2853494887187,94.00481246889329,112.458392868042,123.14514381408692,125.29086257934571,248.43600639343265,41.2013917350769,123.66195220947267,252.41223495483393,444.0170249938965,861.2926071166992
MY_0p5_1.7500_103.7500,103.75,1.75,1984-01-01,1984,1,455.7281101081944,93.6641603300843,106.89391884622694,161.6495086090474,142.36760759957227,304.01711176618744,41.31726572785196,124.16934503482867,253.51262703424766,446.22080462491965,865.2200487354133
MY_0p5_1.7500_104.2500,104.25,1.75,1984-01-01,1984,1,462.7883686065674,94.59672265052795,103.71977777998578,194.1401807208394,159.30798469957455,353.4481563124546,42.41864217713822,128.27318981081942,261.94755282143296,461.3196493932443,893.9590335816376
MY_0p5_1.7500_109.7500,109.75,1.75,1984-01-01,1984,1,623.7632201438726,87.32168760965037,105.7148666381836,338.46795654296875,369.8649597167969,708.3328857421875,43.750003814697266,131.96481323242188,267.9859619140625,467.9886779785156,911.689453125
MY_0p5_1.7500_110.2500,110.25,1.75,1984-01-01,1984,1,589.174293432343,86.94836749452534,104.95541512392423,343.82515141288224,352.8602267178623,696.6853751932236,43.66539389054406,131.7406983401049,267.62704924721135,467.4652223638035,910.4983638008649
MY_0p5_1.7500_110.7500,110.75,1.75,1984-01-01,1984,1,552.0662869540126,88.11162150989878,110.10203285217285,213.08555068969727,266.66875915527345,479.75428619384763,43.39297752380371,131.02706604003905,266.71325073242184,467.7409240722656,908.8742462158202
MY_0p5_1.7500_111.2500,111.25,1.75,1984-01-01,1984,1,551.6518845331101,88.03943617078991,108.20026979668197,165.13487484954123,235.81971180050874,400.9545936761901,43.28945768489395,130.7396835682004,266.2525985362918,467.3220282976018,907.6037870185321
MY_0p5_1.7500_111.7500,111.75,1.75,1984-01-01,1984,1,548.3559995240802,87.3453811693795,105.25906500031674,183.13861784150328,252.00199928766557,435.14061379734466,43.36824093589299,130.93956201287762,266.49899040898185,467.32285955887795,908.1296357746365
MY_0p5_1.7500_112.2500,112.25,1.75,1984-01-01,1984,1,554.9125408838665,87.54260125538659,107.72670067681209,198.04418906560022,244.10047171456475,442.14466794937374,43.32182316855778,130.80170743427578,266.2108287992932,466.66422400096104,906.9985739087301
MY_0p5_1.7500_112.7500,112.75,1.75,1984-01-01,1984,1,542.0769779265872,88.33644702245319,112.6334968930199,188.2019530281188,239.3014233785962,427.50337640671495,43.31462812877837,130.78466157459079,266.18942473880827,466.7010528080047,906.9897761269222
MY_0p5_1.7500_113.2500,113.25,1.75,1984-01-01,1984,1,508.8041346958705,88.66615477062408,117.68191833496093,155.1504154265873,234.12194083077566,389.27234671456466,43.310284859793526,130.77167929997518,266.15285169813365,466.61772286551343,906.8525200737847
MY_0p5_1.7500_113.7500,113.75,1.75,1984-01-01,1984,1,456.33245820545017,88.34094671824623,119.92509632413349,119.92289758107019,222.83385339161705,342.75674021887403,43.21670128958566,130.49877188546316,265.57852260044643,465.17056962270584,904.4645366365949
MY_0p5_1.7500_114.2500,114.25,1.75,1984-01-01,1984,1,388.6671914721292,87.11616075303817,123.00232161264569,96.76179342118522,211.18953663659474,307.9513247535342,43.1857924204024,130.39972839355468,265.3786395360553,464.8817888532366,903.8459575350322
MY_0p5_1.7500_114.7500,114.75,1.75,1984-01-01,1984,1,340.6767619236764,86.03846954187581,119.13309798957152,89.71823230802704,193.39086139263887,283.1090842133359,43.08273793749241,130.0868598265969,264.7003143784913,463.2555282671834,901.1254342034691
MY_0p5_2.2500_101.7500,101.75,2.25,1984-01-01,1984,1,215.9080061479048,100.1237257369841,113.57508356884273,28.558556527802445,9.473811062899502,38.03236782189572,40.68744050613558,122.55925743025963,248.87663623540087,430.66227860884226,842.7856248027147
MY_0p5_2.2500_102.2500,102.25,2.25,1984-01-01,1984,1,286.64955920351747,96.93650693756544,110.72231230667332,41.08559286309202,40.6633451726448,81.74893715963408,41.18498175224049,124.05373952035126,252.61584545664806,440.6725092983702,858.5271001934435
MY_0p5_2.2500_102.7500,102.75,2.25,1984-01-01,1984,1,343.69457940210265,94.49627658988855,113.52519479582581,74.94075084637991,88.21200736564924,163.15275955200195,41.77288364458687,125.88632066943977,256.9844828738442,451.8937106555021,876.5374027686782
MY_0p5_2.2500_103.2500,103.25,2.25,1984-01-01,1984,1,395.66607762896825,90.36034470815507,115.9470939030723,110.8119377983941,118.19447142585875,229.00640922425285,42.147347356402676,127.20192420596167,259.53616100492934,455.6187769329737,884.5042032877604
MY_0p5_2.2500_103.7500,103.75,2.25,1984-01-01,1984,1,427.0156682418565,90.44770435397908,120.58353866318525,142.77095569675248,116.18021535065213,258.95117104740467,41.91276612362619,126.47418052544027,258.26814420021185,453.63373288946633,880.2888332560912
MY_0p5_2.2500_104.2500,104.25,2.25,1984-01-01,1984,1,430.00687191350676,91.26421511270168,127.5082974394491,170.36581862268372,115.44150372970203,285.80732235238577,42.390221808567524,128.28999669098658,262.273356540144,461.65116390512014,894.6047565050362
MY_0p5_2.2500_104.7500,104.75,2.25,1984-01-01,1984,1,421.6237487792969,89.92174530029297,,,,,,,,,
MY_0p5_2.2500_109.7500,109.75,2.25,1984-01-01,1984,1,605.3030533329132,86.77684857768398,,,,,,,,,
MY_0p5_2.2500_111.2500,111.25,2.25,1984-01-01,1984,1,610.0262606143951,87.778971940279,105.36555436078238,298.29695017197554,322.05655715044804,620.353484209846,43.60962923835305,131.5916041205911,267.4765732709099,467.972978030934,910.6507927389705
MY_0p5_2.2500_111.7500,111.75,2.25,1984-01-01,1984,1,623.5987564329116,88.07792007204087,105.87875295972067,308.0248586503286,324.6256252712673,632.6504729740203,43.61798474750822,131.61421484568763,267.50634039015995,467.96430024646577,910.7028500511533
MY_0p5_2.2500_112.2500,112.25,2.25,1984-01-01,1984,1,621.1195083860366,88.62547430613684,107.25807657393199,289.6033095102462,305.36899743458576,594.9723124186197,43.55087712605794,131.43850368923611,267.2579360235305,467.8536371140253,910.1009540860615
MY_0p5_2.2500_112.7500,112.75,2.25,1984-01-01,1984,1,586.8975810701884,88.80743965270025,110.15230134025452,203.2908523801773,250.00210406591017,453.2929568336123,43.36306998843238,130.94478348020522,266.5817379906064,467.7298799060639,908.6194593641493
MY_0p5_2.2500_113.2500,113.25,2.25,1984-01-01,1984,1,519.1594011579242,89.13371056450738,116.51166185651508,158.65764489552333,240.62618451799668,399.2838276212178,43.31763079204257,130.82354310050846,266.38432123093384,467.4501915341332,907.9756801060269
MY_0p5_2.2500_113.7500,113.75,2.25,1984-01-01,1984,1,457.6237612374222,88.37516900557507,120.83384436595291,136.56756031664113,239.0991060763975,375.66667001458666,43.284269610537756,130.70180950889105,265.98531515387043,465.9739404026467,905.9453341327137
MY_0p5_2.2500_114.2500,114.25,2.25,1984-01-01,1984,1,400.9914011152964,87.21629272945343,123.95598810589502,113.26826535179501,217.25840647863964,330.52667313833086,43.20402325826978,130.46075022863963,265.5012677873884,465.08234388563363,904.2484059167286
MY_0p5_2.2500_114.7500,114.75,2.25,1984-01-01,1984,1,353.2953775713521,85.56093307002898,118.44757717501733,104.91042571529267,192.79863369849423,297.7090596352855,43.03238401105327,129.95860925489856,264.4893020137664,462.84124883836324,900.3215292653731
MY_0p5_2.2500_115.2500,115.25,2.25,1984-01-01,1984,1,324.9660339355469,83.25041198730469,106.9553451538086,90.2172622680664,145.25302124023438,235.4702911376953,42.60389709472656,128.73248291015625,262.2084045410156,458.4482421875,891.9929809570312
MY_0p5_2.7500_101.2500,101.25,2.75,1984-01-01,1984,1,212.4048614501953,99.90214538574219,121.61315155029297,49.38357162475586,47.37361526489258,96.75718688964844,41.99207305908203,126.85745239257812,258.40869140625,452.28076171875,879.5390014648438
MY_0p5_2.7500_101.7500,101.75,2.75,1984-01-01,1984,1,223.68471082322142,96.67138069846413,105.70946019952946,45.7194160600142,43.305282086459066,89.02470073353159,41.24901809692383,124.46022053111682,252.62637090509583,437.7658381791548,856.1014499733665
MY_0p5_2.7500_102.2500,102.25,2.75,1984-01-01,1984,1,282.72499774519804,92.23829373888148,116.76531272936779,45.75687214067788,45.71584616497064,91.47271769821265,41.81642578513759,126.27209635449063,256.80749939353603,446.68185667779034,871.5778993254254
MY_0p5_2.7500_102.7500,102.75,2.75,1984-01-01,1984,1,335.43455437768864,90.5500556366353,116.8154928231541,74.03548006468182,74.47979113421863,148.51527119890045,42.18013282969028,127.54593402524536,260.3744074181665,457.14394204827806,887.2444102613231
MY_0p5_2.7500_103.2500,103.25,2.75,1984-01-01,1984,1,376.408071530093,88.86869501004553,115.3201864449082,98.86471348659248,85.80592895313433,184.6706424397268,41.235176280805256,124.12481006695207,253.34821858983128,444.1939664221114,862.9021656983977
MY_0p5_2.7500_103.7500,103.75,2.75,1984-01-01,1984,1,402.39799472974687,90.04107221520465,116.1645214942194,113.01142890332483,78.24435987340689,191.25578877673172,40.36811028757403,121.05183885284283,247.32941925470732,434.2891982118106,843.0385820942539
MY_0p5_2.7500_104.2500,104.25,2.75,1984-01-01,1984,1,409.9897492352653,89.77945282879999,130.4479522705078,148.56430053710938,94.28671264648438,242.85101318359375,42.29016876220703,128.02439880371094,261.903564453125,461.47479248046875,893.6929321289062
MY_0p5_2.7500_111.2500,111.25,2.75,1984-01-01,1984,1,680.9372002963363,87.91218535324623,109.53959364049575,425.98619707892925,356.81315792308135,782.7993433335248,43.72499140571146,131.8888132431928,267.8615417480469,467.9928167006549,911.4681647805606
MY_0p5_2.7500_111.7500,111.75,2.75,1984-01-01,1984,1,690.4911008741034,88.47616311370349,108.92510627878121,378.73300920683755,348.39782162370346,727.1308278050915,43.68056461728852,131.77994076959016,267.7283152876229,467.9467584018049,911.1355943350956
MY_0p5_2.7500_112.2500,112.25,2.75,1984-01-01,1984,1,667.593135012856,89.22999246814582,108.97918032328289,307.0776034037272,307.11441721598305,614.1920236206055,43.525037295023594,131.37502517700196,267.18015065511065,467.80238718668625,909.8826147460937
MY_0p5_2.7500_112.7500,112.75,2.75,1984-01-01,1984,1,612.3750990855542,89.52014879637126,111.63615808607655,216.60842069794862,248.97280497490607,465.5812214718589,43.32826519012451,130.85346501990207,266.44399541541,467.54459815689285,908.1703290335738
MY_0p5_2.7500_113.2500,113.25,2.75,1984-01-01,1984,1,536.8677626836867,89.56155509343222,120.20561516171409,177.8189756363157,255.25418429904508,433.07316797650043,43.35424214923193,130.91786988273498,266.5015006897941,467.38727765764514,908.1608878968253
MY_0p5_2.7500_113.7500,113.75,2.75,1984-01-01,1984,1,477.1918011319106,89.1152389915126,126.57067443458895,151.773263433177,256.7106392732851,408.4839095583387,43.38777372032214,130.99104819328164,266.506720767659,466.96741568206977,907.8529618378657
MY_0p5_2.7500_114.2500,114.25,2.75,1984-01-01,1984,1,430.09858935392356,87.13558177706561,126.39541681506965,150.20498792431022,233.31771324254288,383.5226944549174,43.26254594778713,130.62535196618188,265.759164158302,465.2843257083168,904.9313831570782
MY_0p5_2.7500_114.7500,114.75,2.75,1984-01-01,1984,1,381.1681262945673,86.78057873476841,120.75454697335601,145.04699551527665,203.27002064893196,348.3170100412551,43.07184795209556,130.0885864063433,264.79262673930754,463.5553963047684,901.5084572567301
MY_0p5_2.7500_115.2500,115.25,2.75,1984-01-01,1984,1,334.42951814118805,83.51958121909752,106.17507838343714,78.86228042465072,134.902623219533,213.76491086117855,42.49988397821649,128.37081180606876,261.17416299355995,455.16899919939465,887.2138155000703
MY_0p5_3.2500_101.2500,101.25,3.25,1984-01-01,1984,1,236.4050716824002,99.12220105122964,131.42472138757373,51.2672206863819,50.97494782919086,102.24217114281561,42.0318337525839,126.91214108003253,258.2110807070008,450.61616165814235,877.7712243224861
MY_0p5_3.2500_101.7500,101.75,3.25,1984-01-01,1984,1,252.03728804678286,90.32778128848713,112.15938512231135,54.12365614532666,54.09119105490909,108.21484802634855,41.461208270613554,125.01377747165171,253.30340721956486,437.12709482763984,856.9054608193173
MY_0p5_3.2500_102.2500,102.25,3.25,1984-01-01,1984,1,281.6195809500558,88.68113732716394,120.54910261366103,57.37201499333457,47.32674273536318,104.6987559969463,41.80643599979461,126.28406711154516,257.0467730809772,447.75801575675837,872.8952999054438
MY_0p5_3.2500_102.7500,102.75,3.25,1984-01-01,1984,1,315.68526420110385,87.30796128285081,118.94165094592903,78.005322516719,54.27331896673275,132.27864342701588,41.763283270823806,126.2905816428269,257.6558947985685,450.64298962943155,876.3527335637731
MY_0p5_3.2500_103.2500,103.25,3.25,1984-01-01,1984,1,355.1596540519391,87.17798060314664,116.39081784723636,113.38021134864235,65.17193369912013,178.55214698617544,40.159493909208315,120.40912943787218,245.90187530020546,430.92941403466637,837.3999015485037
MY_0p5_3.2500_112.2500,112.25,3.25,1984-01-01,1984,1,678.249016655816,89.57671440972221,109.98506045871312,299.9781151665582,302.40047539605035,602.3786017523872,43.49471859402127,131.29692179361982,267.07819959852435,467.7729193793403,909.6427680121528
MY_0p5_3.2500_112.7500,112.75,3.25,1984-01-01,1984,1,611.0161693942161,90.31081205798733,116.86033574088674,201.80291660496448,237.33907355636848,439.1419807809298,43.28031693130243,130.73201363985655,266.2840891353419,467.5202759289351,907.8167024205943
MY_0p5_3.2500_113.2500,113.25,3.25,1984-01-01,1984,1,554.0617361427251,90.75534883656896,128.5704276633985,177.15447639696524,256.1456723068699,433.3001419992157,43.37621574690847,130.99068947994346,266.6507065512917,467.7149153044729,908.7325307672673
MY_0p5_3.2500_113.7500,113.75,3.25,1984-01-01,1984,1,513.0376048254587,90.63876936170789,130.09579024541947,170.95763511052203,261.44590473477797,432.4035381014384,43.39972798180958,131.04317031133743,266.6701743474082,467.43527095734123,908.5483539884052
MY_0p5_3.2500_114.2500,114.25,3.25,1984-01-01,1984,1,473.60832962716455,89.04364008812388,128.01402737076876,185.37823583517863,260.35361976380557,445.731851954369,43.33928705932228,130.84289205757673,266.1167359564714,465.55874944796227,905.8576485214719
MY_0p5_3.2500_114.7500,114.75,3.25,1984-01-01,1984,1,417.6248644203138,89.77858695254965,124.68253839091891,180.05062939103243,212.22585257754966,392.2764875569921,43.14835985754706,130.3121806831117,265.24842348523964,464.6065557200438,903.3155191020602
MY_0p5_3.2500_115.2500,115.25,3.25,1984-01-01,1984,1,346.6763271862947,85.50336690492267,104.87667445895036,72.9878925130337,136.8856505864783,209.87354500686067,42.480905544908744,128.28380980672716,260.8102598552462,453.7445331042325,885.319486400749
MY_0p5_3.2500_115.7500,115.75,3.25,1984-01-01,1984,1,312.6841228356522,80.93669677048587,103.6674560375428,57.72396970598886,136.85411380382067,194.57808350980955,42.60408285762487,128.66596059049112,261.78239286615604,456.83053485998954,889.8829798323386
MY_0p5_3.7500_100.7500,100.75,3.75,1984-01-01,1984,1,260.575439453125,100.9134521484375,132.2176055908203,39.42268753051758,44.062347412109375,83.48503875732422,41.89411163330078,126.406982421875,256.761474609375,446.2959289550781,871.3584594726562
MY_0p5_3.7500_101.2500,101.25,3.75,1984-01-01,1984,1,251.31372781933158,96.00065869575181,134.10634758711632,53.016567477130586,42.600989233714486,95.61755773550485,41.72918088845064,125.83520947305131,255.1338775536003,441.35966308988804,864.0579188078353
MY_0p5_3.7500_101.7500,101.75,3.75,1984-01-01,1984,1,261.05660365609566,84.35556144471381,122.3789172081431,55.90206697792004,45.79554187264413,101.6976090692411,41.45690003170329,124.97161520210804,252.9824543849678,435.2344680105805,854.6454172316631
MY_0p5_3.7500_102.2500,102.25,3.75,1984-01-01,1984,1,292.7673458038814,81.95653703477647,121.36744394453744,55.20053398495627,44.07551630413721,99.27605237203929,41.555354551285035,125.47659631153893,255.08549572172615,442.6288150847904,864.7462398468501
MY_0p5_3.7500_102.7500,102.75,3.75,1984-01-01,1984,1,327.4717075892857,83.50983070494637,122.56860920739551,89.40995146736265,59.91560509091332,149.3255570669023,41.82703528025794,126.46907978360613,257.9453175378224,450.8740082271515,877.11541999938
MY_0p5_3.7500_103.2500,103.25,3.75,1984-01-01,1984,1,359.1482875869568,84.07287314973503,123.32003921807981,121.64417886173024,72.99759370392445,194.64177264045267,41.383768208821614,124.88982017367493,254.9635502833946,446.3266516591989,867.5637640261183
MY_0p5_3.7500_113.2500,113.25,3.75,1984-01-01,1984,1,561.9993019104004,92.5227736234665,131.28411740162335,161.61803723944993,230.46501935114625,392.0830493364178,43.27582281143939,130.73942540903562,266.3503172827549,467.78870979684297,908.1542828669315
MY_0p5_3.7500_113.7500,113.75,3.75,1984-01-01,1984,1,530.6232977973091,93.22537277463883,126.51380737699738,173.8799705628824,219.8397549626125,393.71973396967917,43.202193868198826,130.53933093617263,266.0323798417274,467.31665236587276,907.0905749867264
MY_0p5_3.7500_114.2500,114.25,3.75,1984-01-01,1984,1,499.6505500817988,92.69049406505766,125.36680808899894,180.3665118505084,240.36078733413936,420.7273013160342,43.28421841575986,130.72518552749875,266.1700436546689,466.82421216207837,907.003649514819
MY_0p5_3.7500_114.7500,114.75,3.75,1984-01-01,1984,1,447.99705229259666,92.31899070134239,122.38130749899244,198.00632610018292,210.67891661628846,408.6852340940445,43.156029038202185,130.36805172874816,265.545412093874,465.8865256657675,904.9560285295759
MY_0p5_3.7500_115.2500,115.25,3.75,1984-01-01,1984,1,372.0003588479663,86.00460607135105,102.28414870973617,70.77770330035497,141.66865907699344,212.4463627890935,42.610339113265745,128.6644098191034,261.5894187321739,455.524474516369,888.3886606367807
MY_0p5_3.7500_115.7500,115.75,3.75,1984-01-01,1984,1,329.7199559932132,80.15011904050978,103.76463103808945,57.18009273611384,133.73906515656614,190.91916047240332,42.590759002905095,128.5778181775868,261.3533011237494,455.0889321745728,887.6108284271021
MY_0p5_4.2500_100.7500,100.75,4.25,1984-01-01,1984,1,245.58318042755127,100.11561281099094,132.77815557985892,49.25644140438158,48.58117966943858,97.83762484180684,41.92585033494599,126.53314364686305,257.22756098533165,448.0843783631617,873.770926837532
MY_0p5_4.2500_101.2500,101.25,4.25,1984-01-01,1984,1,224.5363890773566,88.68911721296371,125.84942000079309,50.21014981360952,34.19747125419083,84.40762154160034,41.16283366938306,123.90991393168262,250.07283020019534,427.9468445990496,843.0924451305609
MY_0p5_4.2500_101.7500,101.75,4.25,1984-01-01,1984,1,246.88809167396576,82.1075965954473,128.13989740438737,52.368359184874514,26.486828886281952,78.85519145929015,41.33822857305266,124.65261601944702,252.59484912031374,435.5870058102349,854.1727142821486
MY_0p5_4.2500_102.2500,102.25,4.25,1984-01-01,1984,1,313.81612769178696,82.25935748895517,124.31405888274074,61.83872319181889,27.36544136802991,89.20416769204431,41.416677286068854,125.03478187341662,254.06605934411195,440.341680849703,860.8591996945513
MY_0p5_4.2500_102.7500,102.75,4.25,1984-01-01,1984,1,365.5766624888038,79.47987693738028,119.82242372840832,88.56495202422903,49.2272930995674,137.79224424908875,41.48194221933936,125.28880006340658,254.72727392889132,441.4935565146672,862.9915825910631
MY_0p5_4.2500_103.2500,103.25,4.25,1984-01-01,1984,1,395.27833430474925,81.81124037898792,126.90249434414643,146.0738068158618,67.03189707633095,213.10569720650383,41.80244794041438,126.36388232400608,257.6448070246999,449.89172129348594,875.702864484089
MY_0p5_4.2500_113.7500,113.75,4.25,1984-01-01,1984,1,522.0563482859778,95.43240298646869,123.18442880882408,137.12142613249006,178.68030677651458,315.80174140210426,43.05896543106943,130.17065487267837,265.59312179853333,467.6071089258734,906.4298527555645
MY_0p5_4.2500_114.2500,114.25,4.25,1984-01-01,1984,1,511.6267970895169,95.30497744644931,123.91124033099437,137.1426549197164,202.51615487470593,339.65880110457135,43.18039053839607,130.47296955594686,265.9760624359013,467.7378280816392,907.3672572544643
MY_0p5_4.2500_114.7500,114.75,4.25,1984-01-01,1984,1,471.84259053548175,94.27296813964846,122.19425186157227,192.3390545654297,211.23257090250652,403.57161153157557,43.153762385050456,130.38052856445316,265.67149454752604,466.47527567545575,905.6810876464845
MY_0p5_4.2500_115.2500,115.25,4.25,1984-01-01,1984,1,404.1485206815932,89.049348698722,106.97799012396072,71.74881790743933,141.60062456130984,213.34944359461466,42.63771528667874,128.76440540949503,261.8320549858941,456.0608733495077,889.295048183865
MY_0p5_4.2500_115.7500,115.75,4.25,1984-01-01,1984,1,363.0890437756555,81.17088633391818,104.57513231180484,61.30794509629072,124.38444565595209,185.69239445055948,42.485750204829856,128.25525559247552,260.630520060911,453.2588040626656,884.6303137827729
MY_0p5_4.2500_116.2500,116.25,4.25,1984-01-01,1984,1,348.6000609979397,86.231757931593,114.87502335339057,104.12091138886241,178.3942882258718,282.51519952169286,42.8311611501182,129.26507177585512,262.6977146427806,457.8794211410895,892.6733725943217
MY_0p5_4.2500_116.7500,116.75,4.25,1984-01-01,1984,1,357.0544932811936,89.61173781907628,115.42724776957076,134.8652460175443,216.20696615759354,351.07220776508314,43.05488540120208,129.94497345499914,264.1819719083048,461.38860272534316,898.5704335118994
MY_0p5_4.2500_117.2500,117.25,4.25,1984-01-01,1984,1,385.2951245603308,92.50406862782167,113.70466870333242,129.82497007656943,194.94925257589964,324.774216643477,42.98952072278588,129.8446659999611,264.43892892483063,463.52214603930446,900.7952586486277
MY_0p5_4.2500_117.7500,117.75,4.25,1984-01-01,1984,1,380.24261983235687,92.49368038340513,106.67371629242206,82.91072770469209,114.32048751961473,197.2312153221196,41.20661145397741,123.62192809276094,251.9868654430422,441.89734304053155,858.7127583821615
MY_0p5_4.2500_118.2500,118.25,4.25,1984-01-01,1984,1,345.0761502806904,91.38403289081062,98.29996135735969,67.7916511001101,66.79732936203101,134.58898245453076,38.3674589266443,113.34516386773177,231.04093797039837,404.868105554277,787.6216846636147
MY_0p5_4.2500_118.7500,118.75,4.25,1984-01-01,1984,1,316.56270005967883,91.37052606653283,94.38462829589844,77.10344696044922,62.17647171020508,139.27992248535156,36.8246955871582,107.67749786376953,219.49803161621094,384.7215576171875,748.7218017578125
MY_0p5_4.7500_100.2500,100.25,4.75,1984-01-01,1984,1,193.2125193277995,109.16591050889758,,,,,,,,,
MY_0p5_4.7500_100.7500,100.75,4.75,1984-01-01,1984,1,205.56704405344783,98.66566935072849,129.54486332094766,22.02154016882423,7.875239659131057,29.896780556779564,40.179319071575875,120.8987159108728,243.69734229111089,415.47935374190166,820.2547361792588
MY_0p5_4.7500_101.2500,101.25,4.75,1984-01-01,1984,1,189.91482078422936,83.94869413829984,118.52316773429747,29.779915909540087,16.510618418738954,46.29053589957101,40.34041213989258,121.39417390369233,244.56707022530694,415.70955548967635,822.0112165178572
MY_0p5_4.7500_101.7500,101.75,4.75,1984-01-01,1984,1,221.6375007872369,79.94215255010697,127.19155128115702,58.510230975680884,17.717807800050767,76.22803752838618,40.725120980399,122.78316122388085,248.53672960069446,426.60725146096854,838.6522712828621
MY_0p5_4.7500_102.2500,102.25,4.75,1984-01-01,1984,1,298.3664954775856,80.07118283226377,121.57157796223956,96.33670305524554,33.39281383696057,129.7295203799293,41.146771167573476,124.17981952485586,251.95284772600445,434.55313488188244,851.8325724283854
MY_0p5_4.7500_102.7500,102.75,4.75,1984-01-01,1984,1,353.42711615106856,77.74020453775003,121.31369171628525,138.5816166385723,59.63797372465679,198.21959793188006,41.678406903698175,125.8918962417894,256.0234753554034,444.3197764013982,867.9135431180332
MY_0p5_4.7500_103.2500,103.25,4.75,1984-01-01,1984,1,378.2701987316258,81.37434768676758,120.82396999232445,133.07847758500782,61.40624835306429,194.4847342853617,40.277219103711126,120.80979964477991,245.95021851036387,427.69332547909227,834.7305712260006
MY_0p5_4.7500_103.7500,103.75,4.75,1984-01-01,1984,1,400.3336037083676,84.97331237792969,114.44292707567092,125.5922855525822,54.03182646516082,179.62411142324473,36.767324819193256,107.96832215940798,220.16965375627788,384.5632601651278,749.4685692725243
MY_0p5_4.7500_113.7500,113.75,4.75,1984-01-01,1984,1,492.5401916503906,96.36624908447266,,,,,,,,,
MY_0p5_4.7500_114.2500,114.25,4.75,1984-01-01,1984,1,492.5401916503906,97.37582043239048,126.05960845947266,164.56631469726562,182.53099060058594,347.0973205566406,43.025840759277344,130.0795135498047,265.4373474121094,467.25408935546875,905.7968139648438
MY_0p5_4.7500_114.7500,114.75,4.75,1984-01-01,1984,1,466.4415591660367,99.66177179480114,129.2127914428711,194.45254188455567,200.72108032882858,395.1736250026253,43.10456134426979,130.26775072979672,265.5718117990802,466.65594580865684,905.6001120946742
MY_0p5_4.7500_115.2500,115.25,4.75,1984-01-01,1984,1,414.4335694313048,97.02623112996419,124.1812107960383,114.50707046190895,180.22629912694293,294.7333730856577,42.90499933560689,129.5381746292114,263.3717645009358,459.4235310554504,895.2384913762409
MY_0p5_4.7500_115.7500,115.75,4.75,1984-01-01,1984,1,381.11290661039806,88.57570141989086,113.76378653390067,69.3580572461325,124.17759660993302,193.5356466141958,42.58290150960286,128.5585700625465,261.323449125744,455.0759375193763,887.5408972361731
MY_0p5_4.7500_116.2500,116.25,4.75,1984-01-01,1984,1,356.61610717773425,87.12838280087422,116.45857243613588,71.64469015938893,143.3027679927765,214.9474522666325,42.727415078783785,128.997273617699,262.3445145864335,457.903118315197,891.9723262726312
MY_0p5_4.7500_116.7500,116.75,4.75,1984-01-01,1984,1,373.51772965056983,87.77680285972886,113.90905788276771,78.11923174314862,171.34562325779396,249.46484621265273,42.84461405307432,129.35373446307608,263.1111307264883,459.57945096945457,894.88893726204
MY_0p5_4.7500_117.2500,117.25,4.75,1984-01-01,1984,1,440.8493954613095,88.13935367644778,113.25964844718811,85.16109917050316,186.70233580574157,271.863429187593,42.959474945068365,129.69252067444813,263.8088493226066,461.1262445359003,897.5870826357886
MY_0p5_4.7500_117.7500,117.75,4.75,1984-01-01,1984,1,438.4433825529074,88.86290062530131,113.61455745938457,76.81591157068179,161.77650586864615,238.5924223404896,42.80040186869947,129.24227002300793,263.00415406046034,459.82012253773365,894.8669412347335
MY_0p5_4.7500_118.2500,118.25,4.75,1984-01-01,1984,1,389.74326174942104,90.0118996701648,114.14745752535875,85.64790083535354,124.2435369443654,209.89144291710016,42.58527230497581,128.65180102784433,262.02626505329386,458.4945266186891,891.7578624936206
MY_0p5_4.7500_118.7500,118.75,4.75,1984-01-01,1984,1,346.4063469609128,89.65446858466426,113.20723115945165,96.28021587902987,83.23090290117867,179.51111824904814,42.300143712683564,127.8915739421603,260.83403111711334,456.99609915817837,888.0218590845036
MY_0p5_5.2500_100.2500,100.25,5.25,1984-01-01,1984,1,151.3502110828554,113.21884053842182,76.20655822753906,5.460831165313721,0.1895085871219635,5.6503400802612305,26.468006134033203,71.04896545410156,143.38467407226562,243.7342071533203,484.6358642578125
MY_0p5_5.2500_100.7500,100.75,5.25,1984-01-01,1984,1,155.7712809743445,102.23954973341547,131.53266450728495,16.94723745872235,5.019907855782016,21.967144483807445,38.46765272644744,115.21905219417879,231.91481386382006,393.6423271442282,779.2438586004848
MY_0p5_5.2500_101.2500,101.25,5.25,1984-01-01,1984,1,159.2417181105841,87.09366227407303,126.13316485692583,29.900425120762414,15.678403527396068,45.578827988155304,40.08805330064561,120.69195549374534,243.40177394321987,414.4287320576017,818.6105315677703
MY_0p5_5.2500_101.7500,101.75,5.25,1984-01-01,1984,1,191.54133027678085,79.73708836743788,128.13500986281477,59.00003281368572,14.546049137783662,73.54608167660464,40.194969250138406,121.26163127923469,245.65673687199885,421.6378461509754,828.7511892136495
MY_0p5_5.2500_102.2500,102.25,5.25,1984-01-01,1984,1,247.20845148365964,84.14029394745069,127.47234327474217,108.19678856916488,33.87692358539363,142.07370830948943,41.06727730088933,123.94271267447499,252.19454445808555,437.7832310184551,854.9877647837257
MY_0p5_5.2500_102.7500,102.75,5.25,1984-01-01,1984,1,289.9493062767998,81.44660315543983,124.50415041648733,142.07121918241856,65.31386540784673,207.38508342161018,40.705736334849206,122.34815335031281,249.01514727059057,433.1633057675119,845.232349253509
MY_0p5_5.2500_103.2500,103.25,5.25,1984-01-01,1984,1,305.3731651023582,84.80565179088129,133.07488434036057,157.84644803133878,92.41389247349332,250.26035516912293,42.10750582311061,127.24110803975687,259.4392804232511,453.77263948514866,882.5605492529933
MY_0p5_5.2500_115.2500,115.25,5.25,1984-01-01,1984,1,397.2970571210307,100.39887902044482,130.1359450543513,94.7713116505107,146.13274346023312,240.90405223408686,42.76578759365395,129.15044840828315,262.77227533059045,459.2280058313589,893.9165159131661
MY_0p5_5.2500_115.7500,115.75,5.25,1984-01-01,1984,1,382.8073568184639,97.20364447485042,124.35019352799755,75.71129877122782,126.37854888398766,202.08984468104475,42.62901485895707,128.73177417819784,261.8489774025092,457.0216218592757,890.2313865532309
MY_0p5_5.2500_116.2500,116.25,5.25,1984-01-01,1984,1,358.4095887775663,91.20443696613553,119.60599271557001,75.66032675248158,143.73722544802897,219.39755760868897,42.76240415210965,129.16658908505983,263.006642884846,460.38130757778515,895.3169389555727
MY_0p5_5.2500_116.7500,116.75,5.25,1984-01-01,1984,1,401.3108678890179,89.10626592515388,119.61141542845132,91.88453461852254,179.14056700694408,271.02510997917074,42.89650565763063,129.51328494880772,263.45898949345457,460.33194520201863,896.200719905805
MY_0p5_5.2500_117.2500,117.25,5.25,1984-01-01,1984,1,526.8128109886533,88.73441753084697,121.0864501468719,135.700902714805,230.0102365645151,365.7111399817088,43.14904948643275,130.24738561236668,264.87749255952383,463.05001046316966,901.3239288814483
MY_0p5_5.2500_117.7500,117.75,5.25,1984-01-01,1984,1,537.6621014307416,87.1768056475927,119.80236600845579,145.7140314495753,234.5131080264137,380.22714088076634,43.17295357840402,130.34874475872707,265.24055844261534,464.34908892919145,903.1113263811385
MY_0p5_5.2500_118.2500,118.25,5.25,1984-01-01,1984,1,454.2540754940047,87.30633710144431,118.58587814136675,132.49110939851994,201.70964949298056,334.2007693151,43.017761424848224,129.95617262724858,264.7886661602433,464.5850545312188,902.3476657745944
MY_0p5_5.2500_118.7500,118.75,5.25,1984-01-01,1984,1,355.8241046142578,87.55011003282334,113.64294306437176,108.7193251715766,105.71207237243652,214.4313990275065,42.382151232825386,128.17965443929037,261.60421032375757,459.07128524780273,891.2373343573677
MY_0p5_5.2500_119.2500,119.25,5.25,1984-01-01,1984,1,248.71825273069615,87.78888564336866,111.25041198730469,99.14603424072266,62.63984298706055,161.78587341308594,42.08704376220703,127.34950256347656,260.08355712890625,456.3048095703125,885.824951171875
MY_0p5_5.7500_100.2500,100.25,5.75,1984-01-01,1984,1,105.90171408438468,116.63765012036572,114.66116137023366,4.288801582581406,0.15056023972296934,4.4393617603756965,30.15585545881079,88.03406223682089,180.8024770754193,322.9161483344682,621.9085430180262
MY_0p5_5.7500_100.7500,100.75,5.75,1984-01-01,1984,1,118.62220330616783,106.25528339204335,131.73743743896483,18.58394824345907,3.3018393233418464,21.885786933898924,36.69376801808675,109.5991791788737,221.57159439086917,379.3458650716146,747.2104028320313
MY_0p5_5.7500_101.2500,101.25,5.75,1984-01-01,1984,1,138.01022392933766,93.09629821777345,132.4828607153705,32.38853806773509,8.43306990308086,40.821605825048735,39.44869086498351,118.86555607112373,239.7959196436124,407.8182459553396,805.9284396434394
MY_0p5_5.7500_101.7500,101.75,5.75,1984-01-01,1984,1,169.69779523213705,84.89212013880412,129.14104979832968,42.895112578074134,8.30215700219075,51.19726945559184,39.500650342305505,119.23178990681967,241.40600223541264,412.87731577555337,813.0157366434735
MY_0p5_5.7500_102.2500,102.25,5.75,1984-01-01,1984,1,199.5345875177628,89.77177957388072,127.19496388547748,28.726146315886112,3.1831578724211713,31.90930318671846,39.13479033704559,117.78822509046356,239.29399473659115,411.63629551126496,807.8533134075127
MY_0p5_5.7500_102.7500,102.75,5.75,1984-01-01,1984,1,241.48431448800224,86.63806652328341,103.11469268798828,41.35060119628906,4.483323574066162,45.83392333984375,34.098880767822266,99.1244125366211,201.26263427734375,346.1686706542969,680.6546020507812
MY_0p5_5.7500_103.2500,103.25,5.75,1984-01-01,1984,1,267.73101806640625,88.96100616455078,,,,,,,,,
MY_0p5_5.7500_115.2500,115.25,5.75,1984-01-01,1984,1,384.5735209147136,100.40893249511718,130.6681365966797,65.68746185302734,96.33837890625,162.02584838867188,42.59703063964844,128.90232849121094,263.5332336425781,464.9598693847656,899.992431640625
MY_0p5_5.7500_115.7500,115.75,5.75,1984-01-01,1984,1,383.5517351583469,97.29915848246381,124.57352193196614,65.86104787190756,113.00922924223401,178.87027413504464,42.52231321788969,128.53559119814918,262.0468093145461,459.28084106445317,892.3855509440104
MY_0p5_5.7500_116.2500,116.25,5.75,1984-01-01,1984,1,390.18062482561385,90.08230082194011,118.82109127952938,80.19724980914404,144.20462360684834,224.40187174479166,42.623810468401224,128.73602425711496,261.9554036458333,457.2865841820126,890.601826985677
MY_0p5_5.7500_116.7500,116.75,5.75,1984-01-01,1984,1,469.09983055478045,85.31936853802394,116.06774267771888,179.53956623380145,250.93353910900296,430.47311982654395,43.186741492861785,130.31691400437128,264.7664098346044,461.729163469587,899.9992286318824
MY_0p5_5.7500_117.2500,117.25,5.75,1984-01-01,1984,1,626.5473848457216,88.94553079214005,121.65307241734645,300.9860133703575,321.971795403995,622.9578016022402,43.54370857262836,131.3927639260277,267.07002619313135,467.1027058020751,909.1092092231245
MY_0p5_5.7500_117.7500,117.75,5.75,1984-01-01,1984,1,645.2199645027282,88.9723856123667,122.36389390574207,304.32839914616324,288.4822049748978,592.8105925489592,43.40063150137063,131.04000859612586,266.71682831425,467.6479327310653,908.8053930909844
MY_0p5_5.7500_118.2500,118.25,5.75,1984-01-01,1984,1,525.7627744003081,87.41879663467408,121.86763139512804,256.00884711371526,267.3902349175347,523.39908203125,43.27991402520074,130.73069322374133,266.3090589735243,467.4094779459636,907.7291162109376
MY_0p5_5.7500_118.7500,118.75,5.75,1984-01-01,1984,1,387.08202626154974,87.55395735227145,121.55135345458984,233.5802001953125,265.0037841796875,498.583984375,43.25204849243164,130.66085815429688,266.2206115722656,467.33184814453125,907.46533203125
MY_0p5_6.2500_99.7500,99.75,6.25,1984-01-01,1984,1,57.366155063404754,123.1226651060815,128.7335109267124,0.7666242399881051,0.18824829091859419,0.9548725485801696,33.133506331332896,105.43865061915197,216.95312180629998,371.85796764285067,727.3832624568495
MY_0p5_6.2500_100.2500,100.25,6.25,1984-01-01,1984,1,82.15456588566305,117.40993767976762,134.72853349958146,3.1648104628738087,0.327894909588658,3.492705215969864,33.23306076672612,101.25442159224528,208.371735055106,369.6597101951131,712.5189211475605
MY_0p5_6.2500_100.7500,100.75,6.25,1984-01-01,1984,1,102.79986751954068,108.52671973033301,138.71856247596298,11.784189875981983,2.6393175189559526,14.423506687046478,37.00965133136764,111.61973365577494,226.53824200133099,390.9349974407653,766.1026147083887
MY_0p5_6.2500_101.2500,101.25,6.25,1984-01-01,1984,1,116.88839486929086,100.45271007831282,135.60687866210938,15.946504974365233,3.4715139095599836,19.41801878122183,38.43495242779071,115.94822023831881,234.3155496450571,399.36060978816107,788.0593318058894
MY_0p5_6.2500_101.7500,101.75,6.25,1984-01-01,1984,1,156.81984470912386,94.14178336007252,129.6492202758789,12.363073321751186,1.5145788767508097,13.8776524407523,38.78695896693638,117.35345807756694,238.43829258510044,409.52196219308036,804.1006783621651
MY_0p5_6.2500_102.2500,102.25,6.25,1984-01-01,1984,1,171.0495506922404,94.81114466597394,132.10557556152344,10.905985832214355,0.24165715277194977,11.147643089294434,39.42208480834961,119.2592544555664,242.5127716064453,417.28668212890625,818.4808349609375
MY_0p5_6.2500_115.7500,115.75,6.25,1984-01-01,1984,1,409.1260701959784,96.61533927917482,136.65187072753906,95.36394500732422,138.7218475341797,234.08578491210938,42.822967529296875,129.447998046875,264.0478515625,464.1128845214844,900.4317016601562
MY_0p5_6.2500_116.2500,116.25,6.25,1984-01-01,1984,1,462.65598578202093,92.35102151569565,130.54057506947788,147.78270640772345,203.844881637506,351.62758202909896,43.07606450891705,130.09129138560021,264.82084286055374,463.78466931313676,901.7728551116809
MY_0p5_6.2500_116.7500,116.75,6.25,1984-01-01,1984,1,585.185432361421,87.8090581984747,123.667285398453,267.44339773995534,320.7502077132936,588.1936108785962,43.53001044137137,131.30230703202503,266.62085329086057,465.1572738405258,906.6104267423117
MY_0p5_6.2500_117.2500,117.25,6.25,1984-01-01,1984,1,741.128779141865,89.40436275421628,123.8162364656963,368.3024527413504,345.1176638648623,713.420115249876,43.08292992001488,129.61971634153335,263.34325677780873,460.19371754479783,896.2396207294765
MY_0p5_6.2500_117.7500,117.75,6.25,1984-01-01,1984,1,771.2575702667237,90.2457007964452,124.71052899277002,374.2027507581209,306.92763086508586,681.1303718076114,42.79926369204159,128.75671333179142,261.897064030519,458.51173855965595,891.964778431675
MY_0p5_6.2500_118.2500,118.25,6.25,1984-01-01,1984,1,729.870123726981,89.93229293823244,126.52962139674595,345.8573717389788,283.1150371006557,628.9724142892021,43.3486772264753,130.91329302106584,266.5339126586914,467.2992619105748,908.0951320103237
MY_0p5_6.7500_100.2500,100.25,6.75,1984-01-01,1984,1,71.80280469445621,116.26801737617043,138.83263285019817,2.4797229030553027,0.527210189248709,3.0069330076084415,34.787476006676165,107.53004214342903,220.61706273696,383.54545548382924,746.4800262451172
MY_0p5_6.7500_100.7500,100.75,6.75,1984-01-01,1984,1,89.57335210729528,108.30885201913338,143.83920570656107,8.879949746308505,1.3359068014003612,10.215856075286867,37.01549360487196,112.30059362340859,228.3503728795935,394.28800342701106,771.9544790762443
MY_0p5_6.7500_116.2500,116.25,6.75,1984-01-01,1984,1,590.8635548558728,92.3321857008823,133.02846657357568,249.06205712295161,285.9227012076029,534.9847397222752,43.45348683799185,131.16884706078508,266.83137474990474,467.45769221608236,908.9113948170732
MY_0p5_6.7500_116.7500,116.75,6.75,1984-01-01,1984,1,651.6782848788606,91.3130774497986,127.6903308370839,278.0829772949219,304.58206562750894,582.6650414749569,42.15171153554804,126.35548569750881,256.81628526529306,449.13786647630775,874.4613386915606
MY_0p5_6.7500_117.2500,117.25,6.75,1984-01-01,1984,1,762.9393576597557,90.55710709400667,123.71586413088099,321.3802097286798,311.28408935006746,632.6643093412956,41.06498871862361,122.35016152711042,248.5844689428279,434.3336621849938,846.333286521709
MY_0p5_6.7500_117.7500,117.75,6.75,1984-01-01,1984,1,855.4239434136285,90.60085487365721,126.2164626121521,355.9692010879516,306.98839759826666,662.9576034545898,41.48988151550293,123.89785575866699,251.86281824111938,440.3864469528198,857.6370220184326
MY_0p5_7.2500_116.7500,116.75,7.25,1984-01-01,1984,1,654.6979211521899,91.59173983619328,130.94516800590185,256.5813670282779,236.73042894446328,493.31180526069977,41.130654509171194,122.91330161716627,250.2542386262313,438.839917522928,853.1381156589673
MY_0p5_7.2500_117.2500,117.25,7.25,1984-01-01,1984,1,682.6870821016329,91.26377428759325,130.69524295204565,261.0281931023848,227.07911601819487,488.1073213276109,40.48119542975174,120.59840682180304,245.57874852230674,430.6309936523437,837.2893355520147
MY_0p5_0.7500_110.2500,110.25,0.75,1984-02-01,1984,2,362.7657264122596,79.9017776489258,108.36564964881312,154.9759292602539,243.2854705810547,398.26140136718755,43.422776266244746,131.028516798753,266.4380882850061,466.6504737267128,907.5398850661059
MY_0p5_0.7500_110.7500,110.75,0.75,1984-02-01,1984,2,388.13846609933034,81.70191715785435,112.4293128967285,117.97475084577287,210.04932665143693,328.0240796770368,43.341131809779576,130.83419080461775,266.33680550711495,467.7630235944475,908.2751499720981
MY_0p5_0.7500_111.7500,111.75,0.75,1984-02-01,1984,2,419.20567685081846,82.66752394418867,111.39498671274336,89.00581589956133,197.51177663651725,286.51758732871406,43.31528945196242,130.7436012389168,266.1065625387524,467.27298022073415,907.4384174649678
MY_0p5_1.2500_103.2500,103.25,1.25,1984-02-01,1984,2,266.6329867168538,99.28087401158601,113.48885726928712,67.45990285006437,91.46208433671433,158.921988400546,39.037072961980655,116.11212713068183,237.60891342163086,419.03419355912644,811.7923209450463
MY_0p5_1.2500_103.7500,103.75,1.25,1984-02-01,1984,2,260.7701057508154,97.28473152234716,103.43966534068285,68.7817005787081,102.8341452589313,171.61584635614193,40.30598908952139,120.86449165714598,247.35287608915164,436.57279894189935,845.096166518128
MY_0p5_1.2500_104.2500,104.25,1.25,1984-02-01,1984,2,265.2813929966518,96.22403662545341,92.18396759033203,71.51722717285156,115.95304870605469,187.47027587890625,41.96875,127.09420013427734,260.1496276855469,459.596435546875,888.8090209960938
MY_0p5_1.2500_109.7500,109.75,1.25,1984-02-01,1984,2,347.7576543968844,80.58246180522873,108.4256758172828,152.90968469826572,227.91337346456137,380.82307342161613,43.36806405308735,130.93631036597563,266.5513868217009,467.89342857268923,908.7491624211691
MY_0p5_1.2500_110.2500,110.25,1.25,1984-02-01,1984,2,361.3310625820087,79.89274594222259,108.35477771538106,173.5384289656827,249.38951676416582,422.92795153290155,43.447760342631106,131.10811523673158,266.6010893007964,466.95289252439534,908.1098840190639
MY_0p5_1.2500_110.7500,110.75,1.25,1984-02-01,1984,2,384.75883847191216,81.51049518887959,112.63727777874657,112.08705458868117,198.7416015140594,310.82865498860673,43.293800366114056,130.71293514191157,266.1882143050905,467.808614095052,908.0035733661953
MY_0p5_1.2500_111.2500,111.25,1.25,1984-02-01,1984,2,402.2699068209615,82.40944871506373,112.72795741169597,97.89745542873591,188.2292454631184,286.12670562061646,43.24859502140326,130.58591166243386,265.96483438997603,467.4687841250874,907.2681239313973
MY_0p5_1.2500_111.7500,111.75,1.25,1984-02-01,1984,2,425.9276418534537,82.08693004789806,110.01446424211775,96.21536872500465,197.97620815700955,294.19157240125867,43.30557808043465,130.72020564003597,266.0782301161025,467.2265576559399,907.3305673750618
MY_0p5_1.2500_112.2500,112.25,1.25,1984-02-01,1984,2,458.2103302466688,81.15183835102218,109.71167820964368,100.82815288408152,215.34755121995957,316.1757047236873,43.35927539186429,130.87137948437996,266.3186405394888,467.3673184002716,907.9166222586848
MY_0p5_1.2500_112.7500,112.75,1.25,1984-02-01,1984,2,487.36186599731445,80.36011028289794,109.70466486612958,117.28245623906452,241.01082134246826,358.2932739257813,43.45583494504292,131.1164493560791,266.5558681488037,466.7741088867188,907.9022636413575
MY_0p5_1.2500_113.2500,113.25,1.25,1984-02-01,1984,2,454.3387769616168,81.09879727570907,111.1132807192595,96.51769787332286,220.18082567297893,316.6985168457031,43.34619512143342,130.80875827955163,266.01352247155233,465.8655987283458,906.0340761931046
MY_0p5_1.2500_113.7500,113.75,1.25,1984-02-01,1984,2,423.22545623779297,81.80063912362763,112.57621239170882,85.21771026380134,201.72300500580758,286.9407133622603,43.24625133745598,130.51028060913083,265.4235319657759,464.6944286462033,903.8744802763966
MY_0p5_1.2500_114.2500,114.25,1.25,1984-02-01,1984,2,388.234875974402,81.29550697529211,117.17114777691597,82.40236305979501,185.2901045537628,267.6924784162403,43.181696360090136,130.33532188212976,265.1495815040791,464.4452276989422,903.1118536755047
MY_0p5_1.2500_114.7500,114.75,1.25,1984-02-01,1984,2,350.964096561555,80.52653011198966,118.00248496763167,76.29818676364037,181.62736757339968,257.9255558136971,43.14863438760081,130.23010746125252,264.82133139333416,463.1931683940272,901.3932495117188
MY_0p5_1.7500_102.7500,102.75,1.75,1984-02-01,1984,2,271.4038799138359,100.60920584662844,118.92462182044983,64.62716841697693,90.13154530525208,154.75870609283447,40.95317101478577,123.17482256889345,252.06023597717288,444.31198883056635,860.5002250671387
MY_0p5_1.7500_103.2500,103.25,1.75,1984-02-01,1984,2,266.6346774892918,97.8718846737188,119.13043216705323,78.47861331939698,103.11456176757812,181.59317207336426,40.918648700714115,123.00139457702637,251.65302185058593,443.4142640686036,858.9873263549804
MY_0p5_1.7500_103.7500,103.75,1.75,1984-02-01,1984,2,262.98733105236965,96.13755448256866,109.52582880816882,80.44107017034217,104.30225881745544,184.74332746674742,40.989959076990054,123.37777830679204,252.4775302742101,445.09091109263744,861.9361821428131
MY_0p5_1.7500_104.2500,104.25,1.75,1984-02-01,1984,2,264.5178901672364,95.7322513103485,103.94939458092978,85.97929169410884,110.02844344737917,196.00773206607317,42.092483165652254,127.48973846435545,260.95576772763746,460.47775102955427,891.0157418657643
MY_0p5_1.7500_109.7500,109.75,1.75,1984-02-01,1984,2,347.0328974169354,80.54469525536824,108.3646011352539,154.65415954589844,228.95553588867188,383.6097106933594,43.3724479675293,130.9497528076172,266.5776062011719,467.9388427734375,908.838623046875
MY_0p5_1.7500_110.2500,110.25,1.75,1984-02-01,1984,2,357.32089987765545,80.11826987218376,108.47756537779128,198.258908440085,252.34295923569627,450.6018826897769,43.463836139536156,131.17835394711418,266.81307787563713,467.5852644813252,909.0405443160929
MY_0p5_1.7500_110.7500,110.75,1.75,1984-02-01,1984,2,384.97345525568176,81.45905165238814,112.73044395446776,92.24079513549805,165.86024017333983,258.10102767944335,43.15787982940674,130.36433486938475,265.75577850341796,467.9068649291992,907.1848907470703
MY_0p5_1.7500_111.2500,111.25,1.75,1984-02-01,1984,2,420.79840078202494,81.99127790662976,112.10700335835303,94.30469669075899,171.3358491409657,265.64054118311685,43.172991198162705,130.39120824059776,265.73432773323947,467.58798700377,906.8865345089936
MY_0p5_1.7500_111.7500,111.75,1.75,1984-02-01,1984,2,456.42537853385824,80.94151566903801,108.61061393158342,132.59121066709105,226.68939006177678,359.28060130831557,43.388815179655815,130.9567811700362,266.46258467662176,467.4560238801979,908.2642181010184
MY_0p5_1.7500_112.2500,112.25,1.75,1984-02-01,1984,2,492.2400228833395,80.16761215452163,110.4892824203249,131.62361186194042,250.53982708643352,382.1634334503658,43.48059258839441,131.19516039651538,266.7519104003906,467.28903469509544,908.7167021251859
MY_0p5_1.7500_112.7500,112.75,1.75,1984-02-01,1984,2,493.59048830062625,80.50258118160187,112.47315111917162,122.39283379448786,231.28913036528087,353.68195742652534,43.40306878468347,130.9861575656467,266.4311723981585,466.9928311786954,907.8132312593007
MY_0p5_1.7500_113.2500,113.25,1.75,1984-02-01,1984,2,458.5350037589905,81.14292883494542,113.5024181305416,104.61832144601003,203.0446280343192,307.66294458782863,43.27222531031048,130.63067738366504,265.86840277777776,466.3528602236793,906.1241643027653
MY_0p5_1.7500_113.7500,113.75,1.75,1984-02-01,1984,2,420.70092812189984,81.7412141830202,112.93104560488747,88.02169959658667,185.01029251340833,273.03199273972285,43.14401942661831,130.24417254735553,265.03226696196054,464.27481544131325,902.6952584402901
MY_0p5_1.7500_114.2500,114.25,1.75,1984-02-01,1984,2,380.66917928059894,81.6215090312655,116.6164569915287,73.63315017942398,168.29293774801585,241.92609340122766,43.07713039337642,130.05579979306177,264.6998989529079,463.80504828559015,901.6379016694567
MY_0p5_1.7500_114.7500,114.75,1.75,1984-02-01,1984,2,347.2305225115366,81.94917653138157,115.37610503676024,71.19320789396454,168.47381694576282,239.6670209657343,43.06051422277263,130.0197998995608,264.628414173818,463.5088937393742,901.2176178452881
MY_0p5_2.2500_101.7500,101.75,2.25,1984-02-01,1984,2,296.4248345885614,100.9702324915414,130.72200960101503,61.42845620049371,81.5725897586707,143.00104545824456,41.96547999526516,126.73534678449535,259.10621011136766,456.73164198133685,884.53870430378
MY_0p5_2.2500_102.2500,102.25,2.25,1984-02-01,1984,2,272.00449046449796,98.99611014042173,122.62533642344496,62.53537675410366,83.24480029384486,145.78017363479833,41.54707215961657,125.41991723895644,256.5224984638999,451.43018600244835,874.9196975927033
MY_0p5_2.2500_102.7500,102.75,2.25,1984-02-01,1984,2,264.25254251987116,98.1983939545064,123.06197584128078,75.62847743456877,95.812968000581,171.44144280349153,41.66085683846775,125.74431255195714,257.3252953638004,453.7100009193903,878.440480292598
MY_0p5_2.2500_103.2500,103.25,2.25,1984-02-01,1984,2,267.4549821157304,94.4084939623636,122.1967566111731,88.46756623283267,108.4074962797619,196.87506258525545,41.95186486622644,126.8201934330047,259.4322312127976,456.713040500217,884.9173244900172
MY_0p5_2.2500_103.7500,103.75,2.25,1984-02-01,1984,2,266.94983861890887,93.52740434549622,119.98644142797437,105.32242147154727,103.3169517905025,208.6393727965274,41.76905149039575,126.22562250686903,258.32156941042103,454.82304004733834,881.1392789161811
MY_0p5_2.2500_104.2500,104.25,2.25,1984-02-01,1984,2,264.370958033616,93.82011562440455,123.71627479742382,120.47277794199542,100.53484558862102,221.00762321535223,42.355107457184594,128.33418412642044,262.7916118527247,463.6081194917033,897.0890280983665
MY_0p5_2.2500_104.7500,104.75,2.25,1984-02-01,1984,2,257.5521545410156,92.84459686279297,,,,,,,,,
MY_0p5_2.2500_109.7500,109.75,2.25,1984-02-01,1984,2,338.7234270649572,80.23301721388293,,,,,,,,,
MY_0p5_2.2500_111.2500,111.25,2.25,1984-02-01,1984,2,454.74272739887243,81.917186409235,111.44145965576172,162.8446704640108,258.9215904684628,421.7662761912626,43.51094229081097,131.30187539493335,267.0254072301528,467.97625508027915,909.8144782571231
MY_0p5_2.2500_111.7500,111.75,2.25,1984-02-01,1984,2,496.7647932748946,81.41688433450365,112.72870442223928,168.76649179609996,265.81188025096105,434.57838008820056,43.53252936469184,131.36009158179874,267.1034444173177,467.95420600043394,909.9502743675595
MY_0p5_2.2500_112.2500,112.25,2.25,1984-02-01,1984,2,522.4918160574776,80.79516914004371,115.85766097780258,168.2634317549448,261.8540351019965,430.1174593486483,43.50033106728205,131.27422742086745,266.96305338541663,467.72381175207715,909.4614232623388
MY_0p5_2.2500_112.7500,112.75,2.25,1984-02-01,1984,2,510.6717383975075,80.54513615199498,117.59284454830109,144.35858084058003,217.72069086952817,362.07926616365944,43.31868459307958,130.79173244900173,266.2794349307106,467.40240701342384,907.7922518291172
MY_0p5_2.2500_113.2500,113.25,2.25,1984-02-01,1984,2,458.99528624519473,81.0603247506278,119.02180769178604,118.65055350651818,185.2798516167535,303.93040848989335,43.18534458705357,130.43072906978549,265.7353622194321,466.99114583333335,906.3425856817337
MY_0p5_2.2500_113.7500,113.75,2.25,1984-02-01,1984,2,412.1560681500013,81.3337799748288,115.7433345166943,87.54007172886331,169.70809448821637,257.24817102166674,43.04504246047781,129.991734275335,264.67704116241845,463.9369924038272,901.650810338274
MY_0p5_2.2500_114.2500,114.25,2.25,1984-02-01,1984,2,369.1625245109436,81.7369854155041,114.80233413454086,64.58884623694041,159.86525452628968,224.45409826853918,43.00233084058004,129.86321701776413,264.39751770988346,463.30045340401784,900.56351531498
MY_0p5_2.2500_114.7500,114.75,2.25,1984-02-01,1984,2,339.8899358933972,82.20511218655496,112.96457605669578,73.55755374047065,166.7542236328125,240.31177013766384,43.038455458610294,129.9799934141098,264.65691410187753,463.8736932569934,901.5490523799774
MY_0p5_2.2500_115.2500,115.25,2.25,1984-02-01,1984,2,325.9053039550781,81.85549926757812,114.59415435791016,82.89041137695312,157.22500610351562,240.11541748046875,42.99300765991211,129.83152770996094,264.2975769042969,462.9338073730469,900.055908203125
MY_0p5_2.7500_101.2500,101.25,2.75,1984-02-01,1984,2,316.9659729003906,100.58799743652344,136.0790252685547,113.9892807006836,135.17733764648438,249.16661071777344,42.75578308105469,129.32508850097656,264.18109130859375,466.1078796386719,902.3698120117188
MY_0p5_2.7500_101.7500,101.75,2.75,1984-02-01,1984,2,303.720162249626,97.76212799072266,119.26068026455964,109.79485959139737,124.52273684414949,234.31759621360084,42.29923436945135,127.96145982222123,261.3526408247514,459.81508711381383,891.4284319513494
MY_0p5_2.7500_102.2500,102.25,2.75,1984-02-01,1984,2,270.15845897698864,94.60751444822664,127.80892915179015,67.90272500104965,93.99028117185944,161.89300580844758,42.25403280318922,127.89855548834345,261.4136716028687,459.4720087719571,891.038285759604
MY_0p5_2.7500_102.7500,102.75,2.75,1984-02-01,1984,2,259.0933748076234,93.94942469536504,127.43967884401732,84.77834631521489,91.48624451552764,176.26459633549555,42.33843460565881,128.22442766986316,262.4886874428278,463.2419039569323,896.2934547134593
MY_0p5_2.7500_103.2500,103.25,2.75,1984-02-01,1984,2,275.362826887969,91.76899993799294,121.11616166230219,98.94012108578043,94.7168127169275,193.65693849211286,41.398564381204594,124.80675321931292,255.41625262217917,450.1809012054638,871.8024727402219
MY_0p5_2.7500_103.7500,103.75,2.75,1984-02-01,1984,2,278.1395990786345,92.38423704064411,117.0682620914301,116.86439310240856,91.89408480736516,208.75847994896674,40.599749885945826,121.8937214091077,249.52543682326922,440.0668334960938,852.0857411749352
MY_0p5_2.7500_104.2500,104.25,2.75,1984-02-01,1984,2,265.5127514109892,92.41859817504881,126.263427734375,134.67874145507812,99.7520980834961,234.43084716796875,42.44135665893555,128.615234375,263.4891052246094,465.5908203125,900.1365356445312
MY_0p5_2.7500_111.2500,111.25,2.75,1984-02-01,1984,2,493.2235707250136,82.21947526602911,117.07764524572036,203.3150935453527,255.82785662482766,459.1429560044233,43.470396041870124,131.21350681080537,266.9409969554228,467.9414233039407,909.5663057215073
MY_0p5_2.7500_111.7500,111.75,2.75,1984-02-01,1984,2,526.0749836906058,81.97198120492403,117.52373899262527,210.72342800271917,259.1977614041032,469.9212029555748,43.48649084156957,131.25322190646466,266.9861213420999,467.93705802128227,909.6628857316641
MY_0p5_2.7500_112.2500,112.25,2.75,1984-02-01,1984,2,540.7490047020248,81.82664451116248,119.66006627400715,210.53432195027668,238.93471872965495,449.46904632568356,43.39164609273274,131.00783757527665,266.6538951619466,467.80330983479814,908.8566780598957
MY_0p5_2.7500_112.7500,112.75,2.75,1984-02-01,1984,2,515.1929460356507,81.63370953330511,119.78033736989467,149.13306675681585,197.5800182004518,346.7130780763264,43.2254326856589,130.5677673726142,266.04264377642284,467.5845266414594,907.4203529840784
MY_0p5_2.7500_113.2500,113.25,2.75,1984-02-01,1984,2,448.6403178865948,81.71895105271112,120.62102946932353,108.67847728426493,180.24037315731957,288.918844749814,43.16764136420356,130.4064707438151,265.8010006859189,467.48649524507067,906.8616021050346
MY_0p5_2.7500_113.7500,113.75,2.75,1984-02-01,1984,2,396.19769403737064,82.38087371048654,116.81215038421047,79.66215235716219,166.00468663501132,245.66683726705563,43.05238655722065,130.05040459116552,264.99485613586035,465.3890659793926,903.4867211603055
MY_0p5_2.7500_114.2500,114.25,2.75,1984-02-01,1984,2,355.2001298349115,82.67500606971451,114.27614989461779,67.64877401424359,175.84333767468416,243.49210782594318,43.08671488942979,130.1068642531769,264.8629119486748,464.1902800934224,902.2467869625816
MY_0p5_2.7500_114.7500,114.75,2.75,1984-02-01,1984,2,329.56396192805784,84.93735443406803,114.06500295165237,75.05214316981613,172.05661720227283,247.1087532286431,43.09230141123389,130.13150753337106,264.95676397821705,464.6140600313806,902.79464605052
MY_0p5_2.7500_115.2500,115.25,2.75,1984-02-01,1984,2,318.0069195171734,83.0361491710216,114.77779230341179,59.08956534583289,148.54520849279456,207.63477593499258,42.8686162931425,129.429414078996,263.27966830966704,459.90092482008373,895.4786519918355
MY_0p5_3.2500_101.2500,101.25,3.25,1984-02-01,1984,2,318.3902960883247,100.49868694260891,143.78706157996035,112.93142136154472,114.84398066301753,227.77539964965345,42.729831176045344,129.27724115393968,264.1964133889759,466.23014101258514,902.4336224863964
MY_0p5_3.2500_101.7500,101.75,3.25,1984-02-01,1984,2,312.58458896852886,92.23007948079687,121.09888152104276,110.17056964461212,132.70380481792867,242.87436953016152,42.30086099418106,127.92289384003658,260.89293588043023,456.80530970871075,887.9220007635228
MY_0p5_3.2500_102.2500,102.25,3.25,1984-02-01,1984,2,271.4198404463511,91.46382078140502,130.42254139733691,83.94894108847967,95.789796859499,179.73873833550346,42.396724688817585,128.33318510509673,262.39559471493675,462.0816592261904,895.2071643647695
MY_0p5_3.2500_102.7500,102.75,3.25,1984-02-01,1984,2,261.7730725445325,90.97733149951017,129.18880341928215,77.7031506405601,80.32182705553271,158.02497834797146,42.286641603783714,128.0860629021367,262.24563830411887,462.7881389569633,895.4064703832697
MY_0p5_3.2500_103.2500,103.25,3.25,1984-02-01,1984,2,289.9625675561762,90.03016677508525,121.03960933126145,100.9731838462407,85.83382219445045,186.8070020644595,40.603612595350036,121.88203276096804,249.44966234834655,439.8858056083953,851.8211101320745
MY_0p5_3.2500_112.2500,112.25,3.25,1984-02-01,1984,2,543.7167588975694,82.4891325208876,121.62467549641929,228.15984870062937,228.43411254882818,456.5939724392362,43.34827287462023,130.8986317952474,266.5226501464844,467.854098171658,908.6236409505209
MY_0p5_3.2500_112.7500,112.75,3.25,1984-02-01,1984,2,501.44043411747094,82.86259681947769,121.83469966200532,134.10731900324586,176.0566387489194,310.1639534371798,43.135665455802545,130.33433620265274,265.7410305836161,467.5943520968078,906.8053628890242
MY_0p5_3.2500_113.2500,113.25,3.25,1984-02-01,1984,2,420.6868026848126,83.46142036036441,121.79648699904932,98.21876913128477,156.06143298293605,254.2801996866862,43.0531093857505,130.11157694729891,265.43479503284794,467.5344466007117,906.1339305530895
MY_0p5_3.2500_113.7500,113.75,3.25,1984-02-01,1984,2,373.90590452163934,84.40907931857639,118.51618461003379,78.20483064197359,162.6938001844618,240.89862961542036,43.06250549800812,130.11188417464967,265.3036661783854,466.7830884176587,905.2611545138889
MY_0p5_3.2500_114.2500,114.25,3.25,1984-02-01,1984,2,338.70753031931105,85.47125550288304,117.41349656414835,63.34725847669467,174.23257247050097,237.579829124888,43.088252559588966,130.11179944664048,264.90764768564014,464.48992249312676,902.5976360345342
MY_0p5_3.2500_114.7500,114.75,3.25,1984-02-01,1984,2,316.7120369103304,88.75591525910008,118.96343615100642,65.8137530916056,157.12016306105696,222.9339117548269,43.016821672961974,129.9252521976544,264.64743226652695,464.39239501953136,901.9818918021623
MY_0p5_3.2500_115.2500,115.25,3.25,1984-02-01,1984,2,306.08404985258846,85.21141387842879,114.30944667284999,57.38212555269652,156.43593771246412,213.81806863712356,42.85257914096494,129.3823557986489,263.134982724733,459.21333795861347,894.5832679845109
MY_0p5_3.2500_115.7500,115.75,3.25,1984-02-01,1984,2,301.0260081773394,80.64732515142205,114.22900347763232,69.11513870753599,166.033384344551,235.1485220234046,42.970450626330425,129.7842093478428,264.2249018636982,462.6434082717038,899.62295155043
MY_0p5_3.7500_100.7500,100.75,3.75,1984-02-01,1984,2,259.8638000488281,102.50074005126953,150.91702270507812,95.85806274414062,128.51669311523438,224.374755859375,42.92922592163086,129.805419921875,265.0271301269531,467.3625793457031,905.1243896484375
MY_0p5_3.7500_101.2500,101.25,3.75,1984-02-01,1984,2,294.643502547602,98.58847354530903,148.58743207122902,112.05163890258393,117.13444563486044,229.1860845374444,42.69220596609764,129.08750367396087,263.4173452630398,463.02702998189096,898.2240756630513
MY_0p5_3.7500_101.7500,101.75,3.75,1984-02-01,1984,2,305.45748261844415,87.63318782247558,130.7739448790338,89.32818929101252,128.34072744770415,217.66891494070651,42.47565687386094,128.4129532492085,261.7596568696818,457.9605356204283,890.6088169365173
MY_0p5_3.7500_102.2500,102.25,3.75,1984-02-01,1984,2,288.99499414837544,85.64613899352058,129.910741460891,77.04683975946335,106.83118479895212,183.87802061050658,42.442297181628994,128.39410841200083,262.14899582635786,460.3260638524615,893.3114749968998
MY_0p5_3.7500_102.7500,102.75,3.75,1984-02-01,1984,2,289.3943526979476,87.76798945835658,130.3679755801246,74.7876008775499,92.75065438406806,167.5382610987103,42.42926399594262,128.4331333705357,262.59764375232515,462.5069769965277,895.9670317150296
MY_0p5_3.7500_103.2500,103.25,3.75,1984-02-01,1984,2,306.4464302214968,87.136240803388,127.48024740780102,84.11345454197304,97.0738146912818,181.18727105832568,41.98445973115809,126.77152979233686,259.1343598010493,456.2242423263251,884.1145773494945
MY_0p5_3.7500_113.2500,113.25,3.75,1984-02-01,1984,2,404.39921951293945,85.64702117443086,123.86023812215836,89.75256872958825,152.29571032914959,242.04828581262808,43.0438545727339,130.08532839915793,265.4130584216509,467.65203056960814,906.1942698994621
MY_0p5_3.7500_113.7500,113.75,3.75,1984-02-01,1984,2,361.5561088793206,86.90086013551742,119.80006248202525,63.69408203174381,138.47409121812743,202.16817713864026,42.98426374416907,129.9196249952594,265.15565169744895,467.44579692951686,905.5053246754272
MY_0p5_3.7500_114.2500,114.25,3.75,1984-02-01,1984,2,330.53008807510423,88.46543753487722,119.29083934965587,49.91204757690429,127.7149413578094,177.62698688809832,42.936910768539185,129.77476617722283,264.8335404653398,466.70943031916545,904.254660954551
MY_0p5_3.7500_114.7500,114.75,3.75,1984-02-01,1984,2,313.9893337673611,91.01507473900203,122.58471825009302,65.87767720298162,147.06759013826883,212.94527229430182,43.0183721996489,129.97621484181238,265.01261742001486,466.23284388950896,904.2400514632938
MY_0p5_3.7500_115.2500,115.25,3.75,1984-02-01,1984,2,304.51960362025665,86.11498640756757,112.18727651929099,57.37963455442397,165.52423429943266,222.9038754902189,42.92714356921968,129.61666128976003,263.6878958565848,460.67862219432044,896.9103226919021
MY_0p5_3.7500_115.7500,115.75,3.75,1984-02-01,1984,2,300.77136603705316,79.71087339113085,113.23238197161997,78.09082294711106,183.5937667956455,261.68458974275654,43.01597350964443,129.89859700374467,264.3345330327535,462.27552257510393,899.5246173666535
MY_0p5_4.2500_100.7500,100.75,4.25,1984-02-01,1984,2,252.5054049491882,103.49065306055265,148.66832125916778,88.74262175268056,117.27593919403701,206.0185541269731,42.751623939981265,129.31798892897007,264.17967429647643,465.78314507932083,902.0324555066169
MY_0p5_4.2500_101.2500,101.25,4.25,1984-02-01,1984,2,257.411870320638,93.40997095776211,140.7925678423256,93.72800921786364,139.6224586341032,233.35046095149536,42.60100771667092,128.71849934766246,262.0950232827739,457.8652471068559,891.2797696058919
MY_0p5_4.2500_101.7500,101.75,4.25,1984-02-01,1984,2,281.6347567633665,87.18356430492463,137.476694515338,89.06123505613675,107.45132590101932,196.5125670996718,42.65497256391726,128.97437162064136,263.19612838208866,462.6185961836063,897.4440736618286
MY_0p5_4.2500_102.2500,102.25,4.25,1984-02-01,1984,2,319.49466995385507,87.48594365714077,133.76760981258113,84.08858465615174,108.48094630622256,192.56953054799823,42.649693278839806,128.99519991646181,263.37207450501074,463.32575252642647,898.3427264423799
MY_0p5_4.2500_102.7500,102.75,4.25,1984-02-01,1984,2,337.27978632252683,84.9376442538705,126.66250612781309,77.91726140307775,114.71013614630247,192.62739995482622,42.53029138115562,128.63198016707304,262.45104096042127,460.23565333664044,893.8489823068024
MY_0p5_4.2500_103.2500,103.25,4.25,1984-02-01,1984,2,330.66535123440593,85.31196421447116,124.79076156882043,107.79185182790722,113.23688424671982,221.02874064694714,42.51871033246509,128.63598133047284,262.7546224029222,461.95557799654966,895.8649066566176
MY_0p5_4.2500_113.7500,113.75,4.25,1984-02-01,1984,2,341.50009663899743,90.65938556555548,118.84743960398549,40.92430571790011,100.61484124525539,141.53915102976674,42.791358947753906,129.43316895107054,264.5369058285119,467.3548802789653,904.1162892467571
MY_0p5_4.2500_114.2500,114.25,4.25,1984-02-01,1984,2,328.40319517766085,91.63088576858108,119.72814717532127,38.92969337669579,102.572186738828,141.50188581547684,42.80022685224026,129.4630724343554,264.5935971764524,467.4082177357325,904.2651079685993
MY_0p5_4.2500_114.7500,114.75,4.25,1984-02-01,1984,2,319.02307718912766,92.8094608561198,123.62744369506837,63.09851432800294,149.74275675455732,212.84127329508468,43.014529495239266,130.00681783040366,265.22463053385417,467.0576328531901,905.3036002604167
MY_0p5_4.2500_115.2500,115.25,4.25,1984-02-01,1984,2,312.40885024600556,90.3272684150272,115.08613512251114,63.471095336808105,172.66015974680585,236.13125774595474,42.91706883907319,129.61150699191623,263.7729042900933,461.0264530181885,897.3279382917616
MY_0p5_4.2500_115.7500,115.75,4.25,1984-02-01,1984,2,310.15844467938956,82.23978095620366,109.5693390668449,81.56081649004405,182.39921331890562,263.9600230071505,42.98634084927835,129.80440539343883,264.1140444998014,461.6182561324815,898.5230282541049
MY_0p5_4.2500_116.2500,116.25,4.25,1984-02-01,1984,2,316.37644065298684,86.25789260864259,110.3770105780625,95.90908301748883,192.42007436984923,288.329153851765,42.98906340250155,129.84247077383645,264.33039521008004,462.44454155898677,899.606451639315
MY_0p5_4.2500_116.7500,116.75,4.25,1984-02-01,1984,2,349.10138239336845,89.29230697720038,106.72464734557046,95.67031476676809,180.5085435988586,276.17886211417317,42.95830714495885,129.80425072818824,264.52187457663473,463.84896356659823,901.1333840430816
MY_0p5_4.2500_117.2500,117.25,4.25,1984-02-01,1984,2,408.4496636854865,91.81991823584632,104.62421106659205,83.0248096432306,151.28179607560148,234.3066039633962,42.88336706583479,129.6576245063174,264.6297298195088,465.6485638913855,902.8193029893183
MY_0p5_4.2500_117.7500,117.75,4.25,1984-02-01,1984,2,426.9735532581297,91.2855335137783,100.43420149322249,60.15714058509241,119.52534895676834,179.68249263926452,41.32771685999683,124.08830887232072,253.46414210653714,446.4890117156201,865.3691935743024
MY_0p5_4.2500_118.2500,118.25,4.25,1984-02-01,1984,2,416.58795826337496,89.89110627648427,93.82407884537037,71.78213517984769,122.45906703487326,194.24121152063847,38.68603734301914,114.34408345799537,233.3639911238555,410.37729601040013,796.7714178972185
MY_0p5_4.2500_118.7500,118.75,4.25,1984-02-01,1984,2,401.48340974030674,89.73863672327113,90.20325469970703,91.38945770263672,137.0691375732422,228.45860290527344,37.204898834228516,108.81021118164062,221.84327697753906,389.47821044921875,757.3366088867188
MY_0p5_4.7500_100.2500,100.25,4.75,1984-02-01,1984,2,199.53839280870227,110.40568033854167,,,,,,,,,
MY_0p5_4.7500_100.7500,100.75,4.75,1984-02-01,1984,2,221.24443193548888,102.74666523063269,141.647812261814,51.02173498200207,73.00386782390315,124.0256061709024,42.15848209412117,127.41798887795548,259.4618939035307,452.49991192081114,881.5382680505271
MY_0p5_4.7500_101.2500,101.25,4.75,1984-02-01,1984,2,222.29103486659167,89.81339649018787,127.674952867296,57.178912692599816,96.71673166184198,153.89564475407673,42.24456494043745,127.54399334135509,259.0677151150174,449.1558551122272,878.012116156684
MY_0p5_4.7500_101.7500,101.75,4.75,1984-02-01,1984,2,257.79288113345007,86.65819033668156,134.05152134971013,85.41399129231773,85.95206987895665,171.36606765020463,42.448706175789,128.29666413806737,261.38060874333456,456.92179323226696,889.0477796766494
MY_0p5_4.7500_102.2500,102.25,4.75,1984-02-01,1984,2,320.9559134347098,86.55913318452382,127.09034627278645,109.96343427385602,117.33152073451451,227.29495282854353,42.59907771519252,128.78782116117932,262.511086890811,459.50693562825523,893.4049171084449
MY_0p5_4.7500_102.7500,102.75,4.75,1984-02-01,1984,2,349.53983496404743,83.8619324750961,122.28272128257021,128.2625611906598,136.52961424809348,264.79216367879485,42.639606135665986,128.95962432083806,263.0896522862136,461.3822007877811,896.0710857415654
MY_0p5_4.7500_103.2500,103.25,4.75,1984-02-01,1984,2,337.4319611318869,85.27092979203411,114.91960163749894,136.32051705786228,121.28294763881784,257.60345419570535,41.057274596717534,123.30678859584008,251.72802334605996,441.7055590865358,857.797641655616
MY_0p5_4.7500_103.7500,103.75,4.75,1984-02-01,1984,2,329.6254754317435,86.92094421386719,103.14751444234476,105.73915218997311,90.3534424026291,196.09258696320768,37.24160077974394,109.4975851480063,223.78753404493455,393.51301832322946,764.0397616299715
MY_0p5_4.7500_113.7500,113.75,4.75,1984-02-01,1984,2,307.4609375,94.11561584472656,,,,,,,,,
MY_0p5_4.7500_114.2500,114.25,4.75,1984-02-01,1984,2,307.4609375,94.8272157396589,123.51763153076172,35.49087142944336,95.0337142944336,130.5245819091797,42.71930694580078,129.2811279296875,264.416748046875,467.42498779296875,903.8421630859375
MY_0p5_4.7500_114.7500,114.75,4.75,1984-02-01,1984,2,308.8514889952957,97.52879497569094,128.9452334988502,67.00071884483421,140.393920160109,207.3946333034064,42.9394890159689,129.82800686743948,265.02748485278056,467.0480139947707,904.8429900138608
MY_0p5_4.7500_115.2500,115.25,4.75,1984-02-01,1984,2,311.20990610122675,97.12008309364317,124.66305339336392,86.7174135049184,185.93861929575598,272.6560398737589,42.94130849838256,129.70527418454486,264.01762167612713,461.5634495417276,898.2276512781776
MY_0p5_4.7500_115.7500,115.75,4.75,1984-02-01,1984,2,318.623275030227,89.2730935717386,112.66496221148778,63.881939261300225,153.1872154114738,217.06916300455725,42.7835456000434,129.24461747426835,263.1423496791295,460.0002982003349,895.1708135695684
MY_0p5_4.7500_116.2500,116.25,4.75,1984-02-01,1984,2,333.69793148949026,86.81942962162077,109.52361103845018,79.53109297979444,159.63088916596908,239.16198691716258,42.84900997101314,129.46200755285835,263.7471421983506,461.98329031808026,898.0414326016863
MY_0p5_4.7500_116.7500,116.75,4.75,1984-02-01,1984,2,395.95051874088335,87.2423341244082,102.65596225593664,109.14671004573,180.3401485877701,289.4868561949911,42.927349549305596,129.70923329606842,264.2825745208354,463.09366163422794,900.012820280051
MY_0p5_4.7500_117.2500,117.25,4.75,1984-02-01,1984,2,515.7876850430928,87.26766645643447,98.47491375151134,136.63025314088853,201.66355125790548,338.2937976655506,43.00096946595207,129.9228337847997,264.6885476733011,463.7620784698971,901.3744119311135
MY_0p5_4.7500_117.7500,117.75,4.75,1984-02-01,1984,2,537.9297155066382,87.45831723756427,98.05503823485556,133.63196809985968,193.04559210282335,326.6775687495365,42.97230831580826,129.86314087879808,264.71285460266887,464.357782194886,901.9060780971864
MY_0p5_4.7500_118.2500,118.25,4.75,1984-02-01,1984,2,491.6886501599797,88.14038254627633,101.50011976999257,156.4785995866785,204.7710953142176,361.2497017251787,43.05061863654823,130.09963245487694,265.20496755628733,465.4424378668243,903.7976745912179
MY_0p5_4.7500_118.7500,118.75,4.75,1984-02-01,1984,2,446.8828414723843,87.56514344034315,105.43574562555627,171.35043740574318,191.63880456852007,362.9892419742632,43.00376076034353,130.00572648833068,265.2142488503758,466.12929602514345,904.353063655805
MY_0p5_5.2500_100.2500,100.25,5.25,1984-02-01,1984,2,160.2237098561546,112.40387470046909,71.20928192138672,1.952956199645996,0.0988272875547409,2.051783561706543,26.403919219970703,70.96743774414062,143.24534606933594,242.11947631835938,482.7361755371094
MY_0p5_5.2500_100.7500,100.75,5.25,1984-02-01,1984,2,174.5253728978774,104.76412845563286,138.03337561947177,29.868036544185948,29.80214052758683,59.67017727336665,40.39958326843964,121.2932919907844,245.0061443811176,418.3511306938084,825.0501593228045
MY_0p5_5.2500_101.2500,101.25,5.25,1984-02-01,1984,2,196.07490214998762,93.31189337836372,129.5736564757332,38.89170189509316,50.33882261003765,89.23052452935113,41.69972677079458,125.79190010191901,254.73644055563307,437.6326286194816,859.8606792147198
MY_0p5_5.2500_101.7500,101.75,5.25,1984-02-01,1984,2,236.84391405627989,87.00848544175459,134.87673313602522,81.70935911433713,58.01652134451898,139.72588309512778,42.18413644535528,127.38915208950165,258.75964015304663,448.53188630122304,876.8647954661376
MY_0p5_5.2500_102.2500,102.25,5.25,1984-02-01,1984,2,288.6543447895414,90.98678596156417,129.93688252928908,128.11870968569616,107.99279114547049,236.11150248339223,42.313614134575914,127.78049954942836,260.4898253033874,456.276841667807,886.8607863893933
MY_0p5_5.2500_102.7500,102.75,5.25,1984-02-01,1984,2,319.0103305481156,86.65120687302509,119.47884161997648,156.51597269349176,121.9462657217252,278.462251773123,41.47920234809487,124.81273710606462,254.67594811391018,446.56144595388633,867.5293421858448
MY_0p5_5.2500_103.2500,103.25,5.25,1984-02-01,1984,2,321.2280549225984,88.05103451360469,122.10628796862318,232.53984129274048,134.51024256124126,367.05009866689716,42.46030490429371,128.44154417359985,262.34986609917183,460.81583473899155,894.0675393637126
MY_0p5_5.2500_115.2500,115.25,5.25,1984-02-01,1984,2,309.0079754244897,100.13345706078316,124.85388171086545,69.70724687419954,139.03974064060904,208.74698151135053,42.754204109066826,129.2266938256436,263.45676759813654,462.0398569576076,897.4775220527023
MY_0p5_5.2500_115.7500,115.75,5.25,1984-02-01,1984,2,322.06214154603896,97.4079010878937,118.4273026805813,69.1192232164286,138.61061111708815,207.72982700153935,42.72814907785189,129.1260243044061,263.15434342723773,461.06813044143934,896.0766342938956
MY_0p5_5.2500_116.2500,116.25,5.25,1984-02-01,1984,2,359.97562128380883,90.8551935606365,109.42217269124865,101.12545160704022,159.41262653205968,260.53808014302314,42.85612201690674,129.50635122951073,263.96464760695835,462.9749897824059,899.3020824963533
MY_0p5_5.2500_116.7500,116.75,5.25,1984-02-01,1984,2,469.1705134910873,88.81512504287913,104.44820983500419,191.5639548241338,217.42400176615652,408.9879599462581,43.0757930007162,130.11582830887804,264.9170357426511,463.6379266087012,901.7465663861624
MY_0p5_5.2500_117.2500,117.25,5.25,1984-02-01,1984,2,665.1570663209945,87.65606321304563,101.14221980988034,318.7206257169209,287.15703783792156,605.8776599702381,43.34394636608306,130.8664858379061,266.17746107313366,465.13364800347216,905.5215523856026
MY_0p5_5.2500_117.7500,117.75,5.25,1984-02-01,1984,2,693.837964642237,86.04024052695623,97.61026855953158,335.4996043371776,284.0994414798797,619.5990629650296,43.346181439596506,130.89837583511596,266.3595564584883,465.93702082558275,906.5411481584821
MY_0p5_5.2500_118.2500,118.25,5.25,1984-02-01,1984,2,584.5468978043441,85.98274505518044,99.26741083716131,322.8356428207106,280.87280069339045,603.7084463326034,43.349562298720045,130.92521497398428,266.5211572343377,466.7172196503658,907.5131750410529
MY_0p5_5.2500_118.7500,118.75,5.25,1984-02-01,1984,2,462.80398529052746,85.72668292333209,104.05999014112685,236.9133004082574,208.54199769761829,445.4552959865994,43.049442768096924,130.14413515726724,265.4743440416124,466.46277830335833,905.1307305230034
MY_0p5_5.2500_119.2500,119.25,5.25,1984-02-01,1984,2,338.3658514153467,85.5648893083845,105.99535369873047,194.461669921875,170.75054931640625,365.21221923828125,42.89126205444336,129.73046875,264.904052734375,466.2298583984375,903.7556762695312
MY_0p5_5.7500_100.2500,100.25,5.75,1984-02-01,1984,2,111.3173614708153,115.29350603808153,92.53061935004838,1.4410824480406734,0.04101219317029922,1.4820947220566076,28.08331573556322,83.34498869169742,167.26932336649764,307.15278723480503,585.8504269101204
MY_0p5_5.7500_100.7500,100.75,5.75,1984-02-01,1984,2,132.25178791833304,108.70133930993457,133.96834655761717,15.278665525913237,4.65101301052918,19.92967927058538,37.72651344299316,112.57118957519529,225.07874760945637,378.6924538167318,754.0689097086588
MY_0p5_5.7500_101.2500,101.25,5.75,1984-02-01,1984,2,169.2297878115196,99.65311167559287,137.26695629930876,30.51948137358418,23.02575149686318,53.54523290048435,41.04363710298314,123.64897747490352,249.20336103063872,423.08547469011444,836.9814405065822
MY_0p5_5.7500_101.7500,101.75,5.75,1984-02-01,1984,2,210.69369945526128,91.31133559544882,134.77904694875085,42.657774845759086,33.66560551524162,76.32338015238443,41.4955510934194,125.24712549845377,253.68512166341148,435.7584898630779,856.1863194783529
MY_0p5_5.7500_102.2500,102.25,5.75,1984-02-01,1984,2,232.02099076295508,94.2564892402062,125.47804717503813,37.695022329336865,25.628100591677207,63.32312115755948,40.419543526389376,121.57855743510954,246.662285082268,425.5301946261114,834.190597585556
MY_0p5_5.7500_102.7500,102.75,5.75,1984-02-01,1984,2,280.40946602957587,90.1670941473211,101.7068862915039,45.66900634765625,35.77094650268555,81.43995666503906,35.721893310546875,103.99960327148438,211.79269409179688,369.5549621582031,721.0691528320312
MY_0p5_5.7500_103.2500,103.25,5.75,1984-02-01,1984,2,304.8527526855469,91.31358337402344,,,,,,,,,
MY_0p5_5.7500_115.2500,115.25,5.75,1984-02-01,1984,2,299.08646901448566,100.44570744832356,126.07311248779297,64.43038940429688,97.87229919433594,162.3026885986328,42.71628952026367,129.2373809814453,264.2213439941406,466.7197265625,902.8947143554688
MY_0p5_5.7500_115.7500,115.75,5.75,1984-02-01,1984,2,320.4389613800985,97.25690371273487,119.167580304827,85.48972705659412,132.82952154250373,218.31924859909785,42.71612821306501,129.13576064336868,263.4393368675595,462.77375255766367,898.0649832589287
MY_0p5_5.7500_116.2500,116.25,5.75,1984-02-01,1984,2,370.4541426401289,90.12238965715682,111.40743219284782,117.43853832426525,172.0964117140997,289.53495003836497,42.84854129609607,129.4497829376705,263.63806694878474,461.4025714208209,897.3389714316717
MY_0p5_5.7500_116.7500,116.75,5.75,1984-02-01,1984,2,507.98073120117186,85.3881845867823,102.05693834092882,251.25902278839595,269.09731905498205,520.3563375806052,43.30902077811105,130.719684516059,265.70546409970234,463.683494640532,903.4176593114458
MY_0p5_5.7500_117.2500,117.25,5.75,1984-02-01,1984,2,719.9213988487653,87.51701501792161,105.19024145565575,444.6515293061169,355.4473394640613,800.0988530781743,43.66829071285597,131.74436796651653,267.5589349307472,466.72636196966806,909.6979572284108
MY_0p5_5.7500_117.7500,117.75,5.75,1984-02-01,1984,2,760.5748401460195,86.98214755588108,107.8096384906129,470.81931566072,327.14107907698457,797.9603959666002,43.56618632886234,131.50939168226,267.3917802644256,467.47656209036813,909.9439336789536
MY_0p5_5.7500_118.2500,118.25,5.75,1984-02-01,1984,2,649.7561886209838,86.02078138987224,108.13210049099393,426.8491579861111,297.09278252495665,723.9419249131945,43.38243586222331,131.04962293836806,266.8263910590278,467.3228499348958,908.581320529514
MY_0p5_5.7500_118.7500,118.75,5.75,1984-02-01,1984,2,499.4008093613845,86.06250447493333,107.71977233886719,419.6811828613281,298.0076904296875,717.6888427734375,43.34897994995117,130.97048950195312,266.7410888671875,467.2532043457031,908.3137817382812
MY_0p5_6.2500_99.7500,99.75,6.25,1984-02-01,1984,2,49.7038283254586,124.9085267010857,101.84072077551554,0.3205315366733906,0.009096593162867912,0.32962812310041384,29.39021416597588,96.56652335233466,196.67268655466478,334.08517810910246,656.7145797374636
MY_0p5_6.2500_100.2500,100.25,6.25,1984-02-01,1984,2,75.42756895720959,118.47680938243866,107.03964018529773,1.0330354071393304,0.029682541102627098,1.062718006907677,30.113033668362355,94.11921984614158,188.94607998594947,342.24794772401145,655.4262854751275
MY_0p5_6.2500_100.7500,100.75,6.25,1984-02-01,1984,2,100.88711209094664,112.47227115704747,131.8642080888785,6.771635469782767,1.052495001941114,7.824130850408989,36.678536742810586,110.95196002974933,221.5884207353629,376.71400752122804,745.9329284903627
MY_0p5_6.2500_101.2500,101.25,6.25,1984-02-01,1984,2,120.0014880840595,106.8205540583684,137.82410254845254,11.572249104426458,2.874876073690561,14.447124980046201,39.41983460646409,118.61484832763674,237.4150876558744,396.3373009314904,791.7870614858774
MY_0p5_6.2500_101.7500,101.75,6.25,1984-02-01,1984,2,165.94793962751115,98.09411555698941,125.25501992361883,12.140769222804478,1.8043077179363793,13.945077296665735,39.404733494349884,118.82292044503346,239.0087659563337,403.55749424525663,800.7939034598214
MY_0p5_6.2500_102.2500,102.25,6.25,1984-02-01,1984,2,175.90318648020425,97.21058040711938,119.39249420166016,8.948763847351074,0.14193826913833618,9.090702056884766,39.377750396728516,118.9266357421875,240.03378295898438,406.6335754394531,804.9717407226562
MY_0p5_6.2500_115.7500,115.75,6.25,1984-02-01,1984,2,326.32303792780095,96.13699150085449,133.74533081054688,106.35868835449219,147.22906494140625,253.58775329589844,42.85197830200195,129.5641326904297,264.4110107421875,465.037841796875,901.864990234375
MY_0p5_6.2500_116.2500,116.25,6.25,1984-02-01,1984,2,380.7951530322694,92.3410181413617,124.07484614166394,144.0768300195097,183.79540518201918,327.87223520152895,42.984923627408065,129.89443673961486,264.7203757668382,464.2286916052192,901.8284522237229
MY_0p5_6.2500_116.7500,116.75,6.25,1984-02-01,1984,2,501.54713154141876,88.08909764365544,111.62867632669115,234.89355463905937,255.47169010222902,490.36524260990205,43.28252994597904,130.6838652595641,265.8206772577195,464.64010242280506,904.4271926153273
MY_0p5_6.2500_117.2500,117.25,6.25,1984-02-01,1984,2,654.753553796193,88.36317802308096,113.72299448649088,334.3486625550285,288.4591996450273,622.8078599717883,42.907262239002044,129.18439660450767,262.74632316468256,459.5703460208954,894.4083339146205
MY_0p5_6.2500_117.7500,117.75,6.25,1984-02-01,1984,2,716.795033454895,88.57661036650342,118.24050028840006,364.53142525299256,273.68146965517633,638.2128863418312,42.71221544589216,128.5718508714821,261.7153198956049,458.3681865491365,891.367588333219
MY_0p5_6.2500_118.2500,118.25,6.25,1984-02-01,1984,2,711.9225442068918,88.60131808689661,120.6550132206508,359.81492178780695,253.74553571428572,613.5604324340821,43.271546363830566,130.76851218087333,266.45058659144814,467.3804670061384,907.8711569649832
MY_0p5_6.7500_100.2500,100.25,6.75,1984-02-01,1984,2,60.160492083605604,119.68671630410587,112.97331344380098,0.8296810009461991,0.04270529877805315,0.8723863317247699,31.512647572685687,99.97317650738884,201.009885114782,350.2834174212287,682.7791169110467
MY_0p5_6.7500_100.7500,100.75,6.75,1984-02-01,1984,2,76.6467892682111,114.49302532054759,130.7152223940249,4.637339574319345,0.4948086865522244,5.132148173120287,35.914040883382164,109.83000409161602,219.98999814633973,375.4300842285156,741.1641144929109
MY_0p5_6.7500_116.2500,116.25,6.75,1984-02-01,1984,2,415.35151970523526,93.99999973385833,123.9317543215868,164.68600798816217,176.4653852509289,341.15139323909114,42.98220713545637,129.93371991413397,265.02850713962465,465.7995813881479,903.7440155773629
MY_0p5_6.7500_116.7500,116.75,6.75,1984-02-01,1984,2,456.9104058529153,92.61208611726761,117.65071537183681,171.00273439912462,174.7670703028502,345.76981471367037,41.61098281196926,124.95352558844647,254.84070499706647,447.6957518083777,869.1009654169497
MY_0p5_6.7500_117.2500,117.25,6.75,1984-02-01,1984,2,548.0423717009716,90.92030357295633,115.0615449415899,196.82321288522365,172.00518609781182,368.82841086598626,40.5094950684404,120.92757503543281,246.6630612938805,433.34958344856193,841.4497191842678
MY_0p5_6.7500_117.7500,117.75,6.75,1984-02-01,1984,2,647.922605726454,89.82240358988444,120.81193685531615,261.10402393341064,187.2269697189331,448.33099365234375,41.03150761127472,122.74759149551392,250.39303922653198,439.926570892334,854.0987224578856
MY_0p5_7.2500_116.7500,116.75,7.25,1984-02-01,1984,2,358.89975287970594,94.43773687453498,121.72533556067425,64.2139177405316,76.8839287135912,141.0978493068529,40.30619261368461,120.73635625424592,247.01445936120072,435.68816926375683,843.7451829993207
MY_0p5_7.2500_117.2500,117.25,7.25,1984-02-01,1984,2,354.6801844416438,94.07657437711148,121.49634752775492,55.04745407104492,57.728701280292704,112.77615922626697,39.55371081703587,118.1402278699373,241.86248136821544,426.7034298545435,826.2598542865953
MY_0p5_0.7500_110.2500,110.25,0.75,1984-03-01,1984,3,363.0068143404447,99.15708207350512,126.06867922269382,126.03974715012774,231.89492328350366,357.93467078575725,43.199541884202226,130.4135988675631,265.3166719876803,464.33122464693514,903.2610144981973
MY_0p5_0.7500_110.7500,110.75,0.75,1984-03-01,1984,3,402.47105364118306,99.2364020211356,127.44641069684708,102.80422864641461,196.03300345284597,298.8372257777623,43.15517300197057,130.34703587123323,265.5708260672433,466.6199179513113,905.692950439453
MY_0p5_0.7500_111.7500,111.75,0.75,1984-03-01,1984,3,462.2186158195375,98.21438913496713,117.04307967897446,110.77501133510044,217.82237267872642,328.5973864358569,43.23488616943359,130.56367783319382,265.8831230042473,466.7136574397011,906.3953460208953
MY_0p5_1.2500_103.2500,103.25,1.25,1984-03-01,1984,3,367.9252837838479,105.99412425513407,130.6968089017001,101.47015987743032,87.08653588728473,188.55669576471504,39.15127025951038,116.2223805514249,237.0819119540128,416.62240045720887,809.0779349587181
MY_0p5_1.2500_103.7500,103.75,1.25,1984-03-01,1984,3,348.23862701712306,103.8014706361641,119.96881347952538,109.12373692781021,92.45575788183119,201.57949829101562,40.374946742381866,120.88686474550119,246.82906660061437,434.67185514875985,842.7627136823044
MY_0p5_1.2500_104.2500,104.25,1.25,1984-03-01,1984,3,307.1882093157087,103.90579855782646,107.71817779541016,118.59496307373047,97.66609191894531,216.2610626220703,41.99302673339844,127.03258514404297,259.65362548828125,458.3420104980469,887.021240234375
MY_0p5_1.2500_109.7500,109.75,1.25,1984-03-01,1984,3,323.6216235792781,101.75196250088244,133.61552980721714,86.61836316212114,185.3398128647402,271.95816885706887,43.07151748473386,130.12425930528755,265.3111079572195,466.7659610610411,905.2728852421405
MY_0p5_1.2500_110.2500,110.25,1.25,1984-03-01,1984,3,359.9306899847672,99.72610759366896,127.30669364781917,116.41995351194878,227.25111948845472,343.6710676392073,43.165642093967755,130.33199743322425,265.2532237874035,464.5653606400067,903.3162066485434
MY_0p5_1.2500_110.7500,110.75,1.25,1984-03-01,1984,3,400.6484679206969,99.48480282738095,128.54465634785,98.43223947191994,189.30425080798918,287.7364873008122,43.12951153951977,130.2849347795759,265.52783949110244,466.8415413023933,905.7838256835937
MY_0p5_1.2500_111.2500,111.25,1.25,1984-03-01,1984,3,435.7159331202888,98.7495807001766,123.49024970691428,111.4711798037203,197.31983416377548,308.7910106524873,43.163670609934265,130.37144596965172,265.6162215650272,466.7085935939996,905.8599167113867
MY_0p5_1.2500_111.7500,111.75,1.25,1984-03-01,1984,3,467.3838181268601,97.91714707631913,115.7390916612413,115.87207878960504,233.32394409179688,349.19602070157487,43.300663539341514,130.73532443576389,266.12655252123636,466.87798539419026,907.0405263749379
MY_0p5_1.2500_112.2500,112.25,1.25,1984-03-01,1984,3,493.95672189160655,97.04247291681125,114.84597332949565,119.36604738961621,265.176598950691,384.5426511812936,43.44012604147045,131.09990200294456,266.64116207839265,467.21713303309406,908.3983138805718
MY_0p5_1.2500_112.7500,112.75,1.25,1984-03-01,1984,3,509.60071754455566,96.30133708318075,115.41006453831992,127.99769687652586,302.35288111368817,430.35058530171705,43.58224773406983,131.4420544306437,266.94853083292645,466.49666468302405,908.4695129394532
MY_0p5_1.2500_113.2500,113.25,1.25,1984-03-01,1984,3,475.29140890370246,95.82191719386888,118.80303145698879,108.8646535458772,257.8627075195312,366.72736630647074,43.458867479407274,131.0996600607167,266.3765356976053,465.88884197732676,906.8238949983016
MY_0p5_1.2500_113.7500,113.75,1.25,1984-03-01,1984,3,435.5130922722094,95.08788675250428,119.83456935304584,93.60165122061065,216.08247421727035,309.68412202777284,43.31045240344423,130.68114240241772,265.6213168519916,464.6917003284801,904.3045871619023
MY_0p5_1.2500_114.2500,114.25,1.25,1984-03-01,1984,3,380.04924159767353,93.89416173074098,123.71910439550348,75.82995213871509,188.1907183891904,264.0206725534085,43.1787941519138,130.29332064738315,264.8646224030351,463.24037075886685,901.5770895628802
MY_0p5_1.2500_114.7500,114.75,1.25,1984-03-01,1984,3,339.6742632465978,92.98545812791394,127.28367910077495,61.61385000905683,152.00738771500127,213.62123846238657,42.93394211799868,129.53892467867942,263.2080530966482,459.2064435405116,894.8873684790826
MY_0p5_1.7500_102.7500,102.75,1.75,1984-03-01,1984,3,340.663924749385,110.70544707577533,137.21002864837646,54.36270868778229,55.356433153152466,109.71914076805115,41.132617473602295,123.44090247154236,251.74078178405762,442.5570287704468,858.871343612671
MY_0p5_1.7500_103.2500,103.25,1.75,1984-03-01,1984,3,340.4905916309725,106.36655941525022,141.4235161590576,74.8127686882019,63.436186771392826,138.24895488739014,40.96601516723633,122.85933383941651,250.40383056640624,439.2940919494629,853.5232546997071
MY_0p5_1.7500_103.7500,103.75,1.75,1984-03-01,1984,3,322.7815233061585,104.46032879020595,130.89797186549706,82.24887222579763,64.70843390573428,146.95730875715424,40.840972151937365,122.68118679674365,250.16833790646322,438.63053275965433,852.3210076440738
MY_0p5_1.7500_104.2500,104.25,1.75,1984-03-01,1984,3,300.22372531890863,104.52078475952149,124.23554513620776,84.50808745391608,63.89869423799737,148.40678547703942,41.7919561105181,126.38903305881708,258.00046083908677,453.02384321818977,879.2052825218024
MY_0p5_1.7500_109.7500,109.75,1.75,1984-03-01,1984,3,317.12038013546965,101.96903046896293,133.85791015625,84.69156646728516,184.5699462890625,269.2615051269531,43.0711555480957,130.1248779296875,265.326171875,466.8664245605469,905.388671875
MY_0p5_1.7500_110.2500,110.25,1.75,1984-03-01,1984,3,349.5289383791806,100.82945455686013,129.45141699479865,97.06514001530121,211.74878582469918,308.8139114787872,43.08439579112007,130.1347125864284,265.09555510658635,465.14112356257306,903.4557837827958
MY_0p5_1.7500_110.7500,110.75,1.75,1984-03-01,1984,3,399.0245167125355,99.99589399857953,129.98129386901854,86.83874359130859,168.89151000976562,255.7302612304687,43.05113544464111,130.0870834350586,265.3366424560547,467.24682006835934,905.7216857910156
MY_0p5_1.7500_111.2500,111.25,1.75,1984-03-01,1984,3,429.6196580674913,99.16961454361203,122.90800096378771,100.24401993862418,197.72167635185772,297.9656976744186,43.17270149408385,130.4008085738781,265.7184461016988,467.125429942996,906.4173867868823
MY_0p5_1.7500_111.7500,111.75,1.75,1984-03-01,1984,3,462.6693057289605,97.64924848532374,113.75524390498292,118.51332159887383,246.51288754426977,365.026200403141,43.368045046359676,130.9175799406027,266.44920745077,467.50456981417494,908.2393839389462
MY_0p5_1.7500_112.2500,112.25,1.75,1984-03-01,1984,3,487.11497047061016,96.92947697715154,114.11062762548055,114.29260718936011,260.7078096904452,375.0004172673301,43.41706928071522,131.02630799308656,266.4890106685578,466.94372955806665,907.8761106460814
MY_0p5_1.7500_112.7500,112.75,1.75,1984-03-01,1984,3,481.8036810012091,96.79393312968904,118.92301894899398,109.9720435248481,250.03229496062747,360.0043398418124,43.393574475485174,130.94471391950336,266.2862998356895,466.4886640276228,907.1132688492063
MY_0p5_1.7500_113.2500,113.25,1.75,1984-03-01,1984,3,444.9600686693948,96.53811069064669,123.9446809798952,85.95477612207807,207.92902202303446,293.8838009788877,43.26014788188631,130.57344713967944,265.674128844246,465.85263526553194,905.3603527250743
MY_0p5_1.7500_113.7500,113.75,1.75,1984-03-01,1984,3,402.21661803230404,95.7460719032893,125.59648006378657,70.46749859764462,173.5848641531808,244.05236181834388,43.09963119749039,130.07515762571305,264.5222884889633,462.89058799138144,900.5876439654636
MY_0p5_1.7500_114.2500,114.25,1.75,1984-03-01,1984,3,354.80780106801836,94.86214698912605,128.87650664798798,59.414541722857756,154.44424467540924,213.8587896437872,43.000169433109335,129.76099262540302,263.8169733925471,461.2425700838603,897.8206883990575
MY_0p5_1.7500_114.7500,114.75,1.75,1984-03-01,1984,3,326.28792939655517,94.68963089384563,131.0660326073207,51.365658537711504,127.80740486896099,179.17306392056955,42.79744746153837,129.13512590635628,262.4203837498482,457.77925924192436,892.1322144819666
MY_0p5_2.2500_101.7500,101.75,2.25,1984-03-01,1984,3,299.186623929727,116.73414966313527,144.65591769748264,57.005462415290616,66.6752340914023,123.68069650669291,42.08654569375394,126.93482061829232,259.0267549765231,456.00613773230356,884.0542842980586
MY_0p5_2.2500_102.2500,102.25,2.25,1984-03-01,1984,3,308.6385295083078,114.20318304180529,139.21426431756268,45.921325957375856,42.95126839231647,88.87259487900438,41.62777905258836,125.36861967241936,255.42239065946,447.4530506772857,869.8718509947854
MY_0p5_2.2500_102.7500,102.75,2.25,1984-03-01,1984,3,310.0302491972718,111.46714898604381,142.5096529707124,51.70877513402624,42.67919871173328,94.38797525816327,41.7261669545234,125.66959031020538,256.3173203287245,450.5887406747553,874.3018169161638
MY_0p5_2.2500_103.2500,103.25,2.25,1984-03-01,1984,3,286.1164285326761,107.087085808648,147.34079536559088,56.18092607770648,39.126070040748225,95.30699688139416,41.79279574439639,125.9801295204768,256.41692485506576,448.1387271941654,872.3285638718378
MY_0p5_2.2500_103.7500,103.75,2.25,1984-03-01,1984,3,262.20519295385327,106.67019668837723,145.57990639896713,36.17036815578654,17.02060310234458,53.19097178830938,41.019078607074285,123.61307577359473,251.4920951196703,437.0909920385328,853.2152289956302
MY_0p5_2.2500_104.2500,104.25,2.25,1984-03-01,1984,3,246.50051085929564,107.89713454828029,147.1850493880343,25.326593131073256,8.999182251859303,34.32577438985021,41.18252159938339,124.55320689303815,253.857682535471,441.7083124838585,861.3017119100272
MY_0p5_2.2500_104.7500,104.75,2.25,1984-03-01,1984,3,197.57725524902344,111.59700012207031,,,,,,,,,
MY_0p5_2.2500_109.7500,109.75,2.25,1984-03-01,1984,3,287.4371318201865,102.38089358422066,,,,,,,,,
MY_0p5_2.2500_111.2500,111.25,2.25,1984-03-01,1984,3,403.02454149723053,99.49253070354462,117.91181968240176,99.47987197427187,197.3253900864545,296.80525835822607,43.16735463983872,130.4086227416992,265.84809336942783,467.80084946576284,907.2248921113855
MY_0p5_2.2500_111.7500,111.75,2.25,1984-03-01,1984,3,417.0656620086185,98.76695190914093,118.4695571415008,96.87263915046813,198.28685845269095,295.1594974578373,43.17787566412063,130.4340821765718,265.87838057260666,467.81975708007815,907.310067700583
MY_0p5_2.2500_112.2500,112.25,2.25,1984-03-01,1984,3,424.4657993861606,98.40765010288783,120.54458116803849,86.67128765772259,189.14038778638084,275.8116783505394,43.149574328225754,130.3334752642919,265.6098167782738,467.10875069754456,906.2016103593129
MY_0p5_2.2500_112.7500,112.75,2.25,1984-03-01,1984,3,406.68968622116813,97.81607985723588,124.9755185081845,68.26879655141678,149.2585643465557,217.52735813685825,42.98845183357359,129.8617652045356,264.72607974097843,465.64592139834446,903.2222321041046
MY_0p5_2.2500_113.2500,113.25,2.25,1984-03-01,1984,3,362.2513148716518,97.36981491815479,131.19384775313122,44.80301271468874,113.30411391485306,158.1071259029328,42.837566315181675,129.42520548502605,263.9268260168651,464.3685318235368,900.5581265888518
MY_0p5_2.2500_113.7500,113.75,2.25,1984-03-01,1984,3,331.22480329682554,96.39564948745922,133.2519346309614,35.927687433701536,109.53313788884805,145.46082598046414,42.713981724992585,128.94155000131343,262.3244755418995,458.6318843213818,892.6118948248371
MY_0p5_2.2500_114.2500,114.25,2.25,1984-03-01,1984,3,311.12460666232636,95.96974896627758,134.20496763199094,34.60896925547766,105.22659984770274,139.8355692545573,42.66374994913737,128.73691164047,261.66749587286085,456.5039171975756,889.572085813492
MY_0p5_2.2500_114.7500,114.75,2.25,1984-03-01,1984,3,306.70788603751896,95.33855322560957,131.89049938571068,44.283196689236554,105.55464002547727,149.83783842517488,42.612489737233815,128.59146615305255,261.3645575738723,455.733300289031,888.3018093970514
MY_0p5_2.2500_115.2500,115.25,2.25,1984-03-01,1984,3,310.4144592285156,94.74237060546875,131.96368408203125,56.57547378540039,118.53266906738281,175.10813903808594,42.61094284057617,128.59947204589844,261.4542541503906,456.07708740234375,888.7417602539062
MY_0p5_2.7500_101.2500,101.25,2.75,1984-03-01,1984,3,300.3270263671875,117.9151840209961,144.8820037841797,68.15228271484375,106.88587951660156,175.0381622314453,42.57255554199219,128.70982360839844,262.8369445800781,463.5135803222656,897.6328735351562
MY_0p5_2.7500_101.7500,101.75,2.75,1984-03-01,1984,3,298.8973486068401,115.2712710571289,132.74708648681639,65.49655466253107,97.668692557595,163.16524722012608,42.30545666781339,127.77726778897372,260.29716419566756,456.4772236772016,886.8571009410509
MY_0p5_2.7500_102.2500,102.25,2.75,1984-03-01,1984,3,290.4520916786922,112.56462544240769,145.2919371781076,41.42436201253514,35.40572445863371,76.83008673844064,42.00155322566913,126.80645035178796,257.8811941936517,449.277795876667,875.9669965027246
MY_0p5_2.7500_102.7500,102.75,2.75,1984-03-01,1984,3,273.4131732892386,111.53269610827482,149.63084440593477,48.82225326344937,18.995767068259322,67.81802148456815,42.11156613313699,127.23090941996516,259.3374739055392,454.6697153984746,883.3496789087222
MY_0p5_2.7500_103.2500,103.25,2.75,1984-03-01,1984,3,245.65858605257267,109.41111650892122,147.02715967263387,48.84695170943145,19.162699579433273,68.00965097755385,40.929039681793014,123.03287071179433,250.41059749141618,436.84485922649407,851.2173648518362
MY_0p5_2.7500_103.7500,103.75,2.75,1984-03-01,1984,3,225.26086717688514,109.83341986614725,140.02835575226814,29.334652509557486,8.329865802817631,37.66451736309561,39.58417375626103,118.51706762357792,241.20989301127776,419.1009365380634,818.4120666222639
MY_0p5_2.7500_104.2500,104.25,2.75,1984-03-01,1984,3,210.41645835427676,109.96562587513642,145.5460662841797,15.869318008422852,3.679170608520508,19.54848861694336,40.843955993652344,123.59422302246094,252.01675415039062,437.9711608886719,854.4260864257812
MY_0p5_2.7500_111.2500,111.25,2.75,1984-03-01,1984,3,378.98810929923224,100.42351937129581,123.52953248865462,87.32011144301471,155.7133003683651,243.033421235926,43.01171852560604,130.00616365320542,265.3181915283203,467.7522349638097,906.0882783777573
MY_0p5_2.7500_111.7500,111.75,2.75,1984-03-01,1984,3,379.86529140785086,100.14689110927894,123.68156492299046,85.94998520818248,163.31291073766246,249.26290439737255,43.051829765582895,130.10617525824185,265.4449357657597,467.8004969892831,906.4034087082434
MY_0p5_2.7500_112.2500,112.25,2.75,1984-03-01,1984,3,372.5227633126174,100.35100731668594,124.88817520141602,71.7515275700887,142.91293162027998,214.66446823120117,42.98361707051594,129.90729319254555,265.09884531656894,467.4220208740235,905.4117714436849
MY_0p5_2.7500_112.7500,112.75,2.75,1984-03-01,1984,3,349.35792087603215,100.2895642534087,126.68421180338798,48.50757919987546,102.38391572010667,150.89149668246884,42.79747933979275,129.3785287881199,264.17199871208095,466.04126517380337,902.3892864758456
MY_0p5_2.7500_113.2500,113.25,2.75,1984-03-01,1984,3,305.806658548022,99.72346552288721,132.2182152642144,38.37230558849516,80.989917355492,119.36222238692028,42.69502666412838,129.07733333527096,263.60809800889757,465.0473248194134,900.4277731274802
MY_0p5_2.7500_113.7500,113.75,2.75,1984-03-01,1984,3,285.22498345830644,99.07410642295886,135.81367993202937,30.73289847525821,81.81787315903196,112.55076854244157,42.55831571445344,128.5268506578579,261.75131031206456,458.45179165396723,891.2882791507016
MY_0p5_2.7500_114.2500,114.25,2.75,1984-03-01,1984,3,282.9717596512807,97.8348948321765,134.75093170359165,27.90130084073996,87.87360638002806,115.77490553071229,42.47443886044659,128.1668081162851,260.46230895609796,453.7221201643158,884.8257002045837
MY_0p5_2.7500_114.7500,114.75,2.75,1984-03-01,1984,3,287.96286710508303,98.91559836515196,134.00611989209605,43.73030484557911,99.79073501392534,143.52104123838387,42.56288468913668,128.45949790128478,261.20523518361864,455.84400842751666,888.0716270884133
MY_0p5_2.7500_115.2500,115.25,2.75,1984-03-01,1984,3,296.09546338330523,96.49251418929916,129.9019637924057,45.609648695937146,102.95431408581432,148.56396690574852,42.38199412715327,127.8663338326119,259.6532084147135,451.12731823620487,881.0288498337204
MY_0p5_3.2500_101.2500,101.25,3.25,1984-03-01,1984,3,308.8265787760417,118.79917768188953,154.03337376219756,78.83915003913849,102.1396444298414,180.97878921449416,42.60801281168303,128.79370621855622,262.85399013177897,462.78013818644365,897.0358378488266
MY_0p5_3.2500_101.7500,101.75,3.25,1984-03-01,1984,3,306.2237084730616,112.3953311701489,137.31754089161092,55.149927576636046,78.48870474214007,133.63862976754547,42.02134023046797,126.79868340947826,257.4737002621791,447.24240821789795,873.5361155127265
MY_0p5_3.2500_102.2500,102.25,3.25,1984-03-01,1984,3,270.11803148057726,113.00006856766957,149.63291625976564,39.557930289374454,21.633457834758456,61.19138800000386,41.744967506045384,126.0330811273484,256.2078929113963,445.4851871551029,869.471143546937
MY_0p5_3.2500_102.7500,102.75,3.25,1984-03-01,1984,3,241.28713646417933,112.34583480448661,151.30834830561767,36.49770823007897,8.658145273788065,45.15585286104226,41.48811185812648,125.2497869081135,254.54350048982644,442.1887675418129,863.4701800768888
MY_0p5_3.2500_103.2500,103.25,3.25,1984-03-01,1984,3,222.36016631980672,111.91899307698303,143.22326814235228,36.34460474070198,8.744329297969706,45.08893314324295,39.77078803742747,119.07956173676233,242.45170588291427,422.1917276289254,823.4937934999746
MY_0p5_3.2500_112.2500,112.25,3.25,1984-03-01,1984,3,357.22220391167536,101.36681688096789,126.09045257568361,68.17780058119034,123.47645433213977,191.65426534016927,42.921578555636934,129.7501671685113,264.9328816731771,467.7000840928819,905.3047037760417
MY_0p5_3.2500_112.7500,112.75,3.25,1984-03-01,1984,3,320.10496840938447,102.34682076977144,129.84381797665458,43.93514830167176,76.54157482209754,120.47672446829374,42.67408083305984,129.05073534856078,263.70788173988217,465.78647075715617,901.219186751569
MY_0p5_3.2500_113.2500,113.25,3.25,1984-03-01,1984,3,270.7417527966033,103.0097886852752,137.65936602968156,37.621280366724186,57.48474106644139,95.1060234705607,42.549049247394905,128.68743052627102,263.0108720028039,464.41156364209724,898.6589202880858
MY_0p5_3.2500_113.7500,113.75,3.25,1984-03-01,1984,3,261.2944259401351,102.85344989110553,140.43726709759423,35.19749938722641,65.10345706031435,100.3009540134006,42.53468012734065,128.56319759308346,262.3635792565724,461.6998266795324,895.1612626333084
MY_0p5_3.2500_114.2500,114.25,3.25,1984-03-01,1984,3,268.514135178487,102.41450442174437,140.29288788813693,31.098941499260576,78.65210510059526,109.75104427945081,42.42035744296517,128.0237760847541,260.2653292516234,453.68758552697057,884.3970566281847
MY_0p5_3.2500_114.7500,114.75,3.25,1984-03-01,1984,3,272.8998161364513,104.55655427191668,142.40286041065386,37.40782935756028,78.20609004026768,115.61392173038169,42.432667106579835,128.05756800949194,260.34732969247614,454.0424344008137,884.8800112973354
MY_0p5_3.2500_115.2500,115.25,3.25,1984-03-01,1984,3,275.0817489624023,100.85113136677802,129.81856667240964,35.729814644101296,81.04018578348281,116.77000166494634,42.12470081184483,127.07202817216702,257.8272310087952,446.43426339837566,873.4582254916807
MY_0p5_3.2500_115.7500,115.75,3.25,1984-03-01,1984,3,287.9187961535507,96.9306648340118,128.98537899403092,44.00392283750384,84.18436654765955,128.18829319986062,42.3198603512196,127.69055904431289,259.3105211579398,450.4360341275676,879.756949092565
MY_0p5_3.7500_100.7500,100.75,3.75,1984-03-01,1984,3,284.0537109375,121.72640228271484,153.87435913085938,53.52525329589844,70.79110717773438,124.31636047363281,42.521419525146484,128.58338928222656,262.6651306152344,463.089599609375,896.8594970703125
MY_0p5_3.7500_101.2500,101.25,3.75,1984-03-01,1984,3,312.7238993965457,118.86120588185332,160.38747922039343,68.04018977390524,93.78589953573777,161.8260936058069,42.53397360743057,128.45378734996018,261.54991915310853,457.9028184020404,890.4404691924556
MY_0p5_3.7500_101.7500,101.75,3.75,1984-03-01,1984,3,304.80932000104116,111.10095572016044,150.85032124124515,49.22490078628444,58.670133262682874,107.89503092674694,42.03262467596941,126.76126951472777,257.0115404068285,444.7280392008983,870.5334517363532
MY_0p5_3.7500_102.2500,102.25,3.75,1984-03-01,1984,3,253.33024287148126,110.31973365904793,151.08969372946117,37.87185331677633,26.53061881897941,64.40247464861189,41.62785207354833,125.57719399588449,254.69796801370288,440.4314664326016,862.3344619993178
MY_0p5_3.7500_102.7500,102.75,3.75,1984-03-01,1984,3,216.99323178245908,112.85642508854941,149.62441285148498,27.279900802127898,11.712424166240389,38.992324841211705,41.23571687728639,124.47046058291478,252.7126963781932,437.2765189034598,855.6953960115947
MY_0p5_3.7500_103.2500,103.25,3.75,1984-03-01,1984,3,202.5188387684613,113.03960652750327,145.1834504370596,27.997161536123237,14.181111062741747,42.178272277233646,40.769274214202284,122.89547361486099,250.12509645948222,434.57152733896294,848.3613491881127
MY_0p5_3.7500_113.2500,113.25,3.75,1984-03-01,1984,3,254.16598248481753,106.05777537822725,140.81815275598746,37.827983355913005,40.23243356923588,78.06041805079725,42.41037693961722,128.30913756323642,262.3712633476883,463.3705809546299,896.4613707495519
MY_0p5_3.7500_113.7500,113.75,3.75,1984-03-01,1984,3,241.8197815249665,107.26131928459047,143.23715491433745,32.87540177774275,40.55704239039745,73.4324415385916,42.436092537197865,128.35830846496384,262.3902603692607,463.2713018621056,896.4559727147174
MY_0p5_3.7500_114.2500,114.25,3.75,1984-03-01,1984,3,238.32210842512808,107.9394569760277,146.642724609375,24.440045650421627,38.0689635201106,62.50900951567151,42.34437858944847,127.9713842240591,261.1171839153956,459.04204014369424,890.4749856615823
MY_0p5_3.7500_114.7500,114.75,3.75,1984-03-01,1984,3,240.08549213712175,109.84657805912077,149.34425014919705,26.772760203528026,51.0307139563182,77.80347357855902,42.39859327286008,128.09393443758523,261.14104730515254,458.3065645732576,889.9401198614211
MY_0p5_3.7500_115.2500,115.25,3.75,1984-03-01,1984,3,247.05588064042348,103.9822499108693,130.3124249655103,27.168113036382767,70.647265867203,97.81538117423891,42.030567774696955,126.80569792247952,257.3106016128782,445.37950003487725,871.5263790070065
MY_0p5_3.7500_115.7500,115.75,3.75,1984-03-01,1984,3,268.97966760868644,97.24054542376841,129.80299498194412,29.924685196910833,70.40650122114224,100.33118636316533,42.070347161601774,126.90687753142211,257.46618893849757,445.6906867816294,872.1341047767256
MY_0p5_4.2500_100.7500,100.75,4.25,1984-03-01,1984,3,294.2740226745605,123.28830839142087,157.01624207788586,66.42307801538585,80.78080235695353,147.2038735525949,42.57914112636022,128.68801892338968,262.57679891780936,462.16646267637924,896.010414839764
MY_0p5_4.2500_101.2500,101.25,4.25,1984-03-01,1984,3,312.2869786698689,115.35266805758143,155.34324223220727,83.154497596109,84.00470840551291,167.15919965999143,42.29044427082038,127.52353143388301,258.56299586204966,448.01955311769143,876.3965211127214
MY_0p5_4.2500_101.7500,101.75,4.25,1984-03-01,1984,3,293.589072892756,113.29023742675781,159.89644751990568,68.60642659245208,58.337559568996255,126.94398252347025,42.323727153741515,127.78083611144045,259.94028889713957,453.8776444992699,883.922514016636
MY_0p5_4.2500_102.2500,102.25,4.25,1984-03-01,1984,3,239.06359970531526,115.14818806998646,155.0808825020592,31.4178609756616,23.19028051211811,54.60814064684007,41.73375238778112,125.97642595090045,255.9978180419142,444.83668610691655,868.5446900194065
MY_0p5_4.2500_102.7500,102.75,4.25,1984-03-01,1984,3,198.7239470755219,114.11299733447422,143.909460371467,23.021675304242763,20.175838130294895,43.19751515965554,40.99154586549018,123.64136595027463,250.43858570657721,430.6145553102919,845.6860730602483
MY_0p5_4.2500_103.2500,103.25,4.25,1984-03-01,1984,3,177.61894141638234,115.80219853630466,139.6657211888543,25.399986546214034,15.324183251384243,40.72417036581538,40.922430882470536,123.585805833132,251.05850278209726,433.7512567500204,849.3180099646805
MY_0p5_4.2500_113.7500,113.75,4.25,1984-03-01,1984,3,202.08132874019563,112.65613174438478,142.05568277610922,19.85050374157024,16.247195009915334,36.09769734796488,41.852070358564276,126.55702526164505,258.33264620798946,453.15213070275655,879.8938656213151
MY_0p5_4.2500_114.2500,114.25,4.25,1984-03-01,1984,3,187.05960625684412,113.27977979505386,145.11738333094536,15.076046656457615,9.418718875605169,24.49476578613046,41.843469568201016,126.52136760696943,258.2400614027812,452.85437400552763,879.4592902577521
MY_0p5_4.2500_114.7500,114.75,4.25,1984-03-01,1984,3,195.11579528808596,113.51470286051436,148.12378173828125,20.34212019602458,24.797061614990238,45.139182790120444,42.04185643513998,127.084504292806,259.2442746988932,454.5400736490886,882.9107364908856
MY_0p5_4.2500_115.2500,115.25,4.25,1984-03-01,1984,3,217.48209455278186,110.54010979334514,135.42644421259564,21.432407829496597,59.8659360938602,81.29834450615776,41.82693252298568,126.20032286643985,255.97429911295578,442.1537991629707,866.1553662618003
MY_0p5_4.2500_115.7500,115.75,4.25,1984-03-01,1984,3,252.1403437210342,101.77169750666216,133.23836230261853,25.605792779437568,75.86667048567433,101.47246605824618,42.10257988622634,127.02230051331604,257.7309262033237,446.2433022709217,873.0991142660885
MY_0p5_4.2500_116.2500,116.25,4.25,1984-03-01,1984,3,304.4069680934999,106.99274425971798,141.60377000017866,60.10876832357268,108.28649767433727,168.395269533483,42.551215264855365,128.37396040195375,260.62317062005764,452.9975161668732,884.5458869003668
MY_0p5_4.2500_116.7500,116.75,4.25,1984-03-01,1984,3,335.07581289655224,110.3202922578492,142.01716816632046,73.49432037882724,110.62535253976812,184.11967283039425,42.654777262252196,128.7613723843084,261.82994353013237,457.01469024481804,890.2607919329164
MY_0p5_4.2500_117.2500,117.25,4.25,1984-03-01,1984,3,357.8440072388776,112.71768357268476,143.12518857432678,67.61846339808102,81.59484731623557,149.21330612317652,42.58235460467043,128.66626996065665,262.27913010858856,460.3277637853032,893.8555195226079
MY_0p5_4.2500_117.7500,117.75,4.25,1984-03-01,1984,3,336.0451190655048,112.1658295525445,136.14421192397418,50.655048060620956,45.62029377211873,96.2753406100803,40.925909645537025,122.78790139744424,250.41089793148205,439.40210026145996,853.5268079969619
MY_0p5_4.2500_118.2500,118.25,4.25,1984-03-01,1984,3,269.01833999366096,111.71142292580411,124.36984855506073,42.15306125325003,30.572507676045614,72.72557084879298,38.15113828136663,112.66925495900925,229.65738362111864,402.2281661306977,782.7059275633211
MY_0p5_4.2500_118.7500,118.75,4.25,1984-03-01,1984,3,227.03977062084056,112.4144691184715,118.42058563232422,45.37295150756836,33.13962173461914,78.5125732421875,36.62724685668945,107.04840087890625,218.18118286132812,382.1376953125,743.9945068359375
MY_0p5_4.7500_100.2500,100.25,4.75,1984-03-01,1984,3,253.8575151231554,129.12554592556427,,,,,,,,,
MY_0p5_4.7500_100.7500,100.75,4.75,1984-03-01,1984,3,277.72266293878425,123.80888366699219,153.96051844154917,39.100407809745974,38.32740647230691,77.42781764705006,41.78114546799078,125.98525681534434,255.34197228904662,441.6508849849546,864.7592602241331
MY_0p5_4.7500_101.2500,101.25,4.75,1984-03-01,1984,3,291.05557406150695,113.68634265718006,147.72503628200954,68.72522744072808,84.12500169542102,152.85022873651417,42.166653611924914,127.11556914798796,257.412600320483,444.1746872674851,870.8694948226686
MY_0p5_4.7500_101.7500,101.75,4.75,1984-03-01,1984,3,269.4012318507881,115.33396468389604,158.3581732855903,62.09735430762883,64.97754259866383,127.07489694262308,42.23216329907614,127.44935341486854,258.9381926037017,450.5147581070188,879.1344790504094
MY_0p5_4.7500_102.2500,102.25,4.75,1984-03-01,1984,3,216.9329161144438,117.9375002179827,151.23161940801714,39.327106657482325,54.85852613903227,94.18563312348866,41.922896357945035,126.49948839460102,256.7544224330357,444.8705656505767,870.047394670759
MY_0p5_4.7500_102.7500,102.75,4.75,1984-03-01,1984,3,178.11373940243078,117.1991767640326,142.67689771712963,29.665730409561448,30.30622623224926,59.97195642313378,41.3866093265023,124.88133161994298,253.25445930821112,436.83250456403005,856.35492079425
MY_0p5_4.7500_103.2500,103.25,4.75,1984-03-01,1984,3,158.37069738306707,119.51803121993791,132.59373116581204,30.236866525178467,19.75426642833161,49.99113305996265,39.575873329190756,118.48953097860755,240.10068959591578,412.6863928087524,810.8525025765397
MY_0p5_4.7500_103.7500,103.75,4.75,1984-03-01,1984,3,145.45402044998974,121.16058349609375,115.41259557550605,23.204508942443056,5.453057496578663,28.657567383407,35.62715589845335,104.27739061628068,211.29031352253702,362.33564619584513,713.5304874568791
MY_0p5_4.7500_113.7500,113.75,4.75,1984-03-01,1984,3,141.44192504882812,117.19029998779297,,,,,,,,,
MY_0p5_4.7500_114.2500,114.25,4.75,1984-03-01,1984,3,141.44192504882812,117.65681021554128,143.71884155273438,14.671712875366211,3.4326725006103516,18.104385375976562,41.476112365722656,125.44807434082031,255.99929809570312,447.484130859375,870.4075927734375
MY_0p5_4.7500_114.7500,114.75,4.75,1984-03-01,1984,3,162.8331543296896,120.67868739302443,146.12991808819515,15.809886050480667,10.46915570125785,26.27904282846759,41.535506463819935,125.57853485435568,256.04268178632185,446.9296399188298,870.0863319314935
MY_0p5_4.7500_115.2500,115.25,4.75,1984-03-01,1984,3,206.0291038354238,121.7214972178141,147.61746581395465,20.140009492635723,52.29893676439921,72.43894803524016,41.75035822391509,126.00719690322875,255.7396268844604,442.2378760973612,865.7350514729817
MY_0p5_4.7500_115.7500,115.75,4.75,1984-03-01,1984,3,238.83468715122766,112.86218603224981,144.03275519476995,27.09864774431501,73.0667950100369,100.16543763175842,42.08752607315306,126.98361077687098,257.7068064856151,446.51185961526534,873.2898272801959
MY_0p5_4.7500_116.2500,116.25,4.75,1984-03-01,1984,3,270.14835796053444,110.55777033245751,147.67262781536766,55.872390311104894,97.02049839080324,152.89288393050902,42.479735589405834,128.19580187116347,260.43953644283226,453.2587847997271,884.3738655211432
MY_0p5_4.7500_116.7500,116.75,4.75,1984-03-01,1984,3,307.8693222818495,111.63644790649414,144.32435071921049,73.2923227141175,106.14057253584078,179.43289218371427,42.59635204604909,128.55108010014402,261.19837816455697,454.98326400563684,887.3290791571894
MY_0p5_4.7500_117.2500,117.25,4.75,1984-03-01,1984,3,353.86769108847966,111.70528227790953,141.03677983359685,65.46682918488034,96.23771086193265,161.70453917488217,42.54382550678555,128.39894573877726,260.9307525150359,454.6382036481585,886.5117352198041
MY_0p5_4.7500_117.7500,117.75,4.75,1984-03-01,1984,3,329.68323970746394,111.84890645666968,141.58805837510505,54.19519615173339,77.15680397613139,131.35200133504745,42.422100960453854,128.0918621594393,260.5849107187005,454.9167070992384,886.0155867564525
MY_0p5_4.7500_118.2500,118.25,4.75,1984-03-01,1984,3,257.511780858639,112.95691937777266,144.20670084737654,57.93164083586267,62.306266267096,120.23791063011593,42.35106210373156,127.94581673013506,260.6105986168636,456.00631131119474,886.9137818609652
MY_0p5_4.7500_118.7500,118.75,4.75,1984-03-01,1984,3,204.1867239263993,113.11413999147051,144.37755034241493,49.51448459866681,39.45185989669606,88.96634789961804,42.025827914853636,127.0264987221247,258.90429359146316,452.7520918061462,880.7086938785602
MY_0p5_5.2500_100.2500,100.25,5.25,1984-03-01,1984,3,224.68157456238148,130.77390029113414,69.56375885009766,4.120716094970703,0.01648900844156742,4.137205123901367,25.829952239990234,68.94021606445312,137.23753356933594,227.88446044921875,459.89215087890625
MY_0p5_5.2500_100.7500,100.75,5.25,1984-03-01,1984,3,235.92520191466886,125.5276645708688,151.52024727306147,34.36069225442821,32.65838391635696,67.01907627061865,40.322523665154115,120.78776217055048,243.09781953658182,414.69087236777125,818.8989531418374
MY_0p5_5.2500_101.2500,101.25,5.25,1984-03-01,1984,3,252.9897748674665,118.02179909357947,149.69829944428943,49.34264272659544,62.909378796532046,112.2520162794325,41.631359124562096,125.41104227701823,253.4421882750496,435.0057976616753,855.490382796999
MY_0p5_5.2500_101.7500,101.75,5.25,1984-03-01,1984,3,236.50424558797462,117.22167094042348,154.3935620739202,39.38987448261042,45.1135557502698,84.50343072490328,41.680973806199006,125.77825801387714,255.2876324987716,442.0293076630611,864.7761796113034
MY_0p5_5.2500_102.2500,102.25,5.25,1984-03-01,1984,3,189.6969885370534,124.85842961110885,150.32408642617,33.395947025080396,31.614542220048843,65.01049110995736,41.27604737251427,124.44957949401466,252.76423368028773,438.1906871431193,856.6805260530703
MY_0p5_5.2500_102.7500,102.75,5.25,1984-03-01,1984,3,157.2760204103948,122.71458490942693,140.5278576349808,24.428914622937217,21.674172498412048,46.103085689221395,40.066750982252216,120.23435632738017,243.7537019891254,420.52450871871685,824.5793314271053
MY_0p5_5.2500_103.2500,103.25,5.25,1984-03-01,1984,3,146.75170977557147,124.80534915823155,144.15008678683986,26.95843502143761,16.3412503066001,43.29968347177878,40.84608239012879,123.19178098207945,249.74600655691967,429.95920017787387,843.7430923263748
MY_0p5_5.2500_115.2500,115.25,5.25,1984-03-01,1984,3,222.5264294532038,127.30117108744962,155.31274514120136,19.921767422410305,37.790019176045405,57.71178936567463,41.7598204690902,126.09819831222784,256.3073040071081,444.92359799244366,869.0889372278434
MY_0p5_5.2500_115.7500,115.75,5.25,1984-03-01,1984,3,235.21618019537783,124.67029629477972,152.4975521281614,23.77498123686192,49.25925254175219,73.03423622260658,41.87060298596398,126.39847316418663,256.79375403452724,445.5610306044756,870.6238823324948
MY_0p5_5.2500_116.2500,116.25,5.25,1984-03-01,1984,3,247.3278301577025,117.51938450487353,148.2181759604925,39.90163619005227,62.762419326395936,102.66405337369896,42.09312739553331,127.10302374634561,258.46629323838636,449.91884062561803,877.5812899432605
MY_0p5_5.2500_116.7500,116.75,5.25,1984-03-01,1984,3,288.305414417122,116.38273553003238,150.10052760643296,76.42141871512689,102.82370280012297,179.24512100219724,42.5036225017113,128.29221689248385,260.7131228869475,453.95883719528774,885.4678093632565
MY_0p5_5.2500_117.2500,117.25,5.25,1984-03-01,1984,3,364.51364319816463,115.78475814092727,149.75035119435145,109.58304889012896,125.17579832531156,234.75884995233443,42.71638971964518,128.97230534629213,262.3177601647755,457.9965225461929,892.0029897538443
MY_0p5_5.2500_117.7500,117.75,5.25,1984-03-01,1984,3,345.96349380735364,113.93284926641556,146.70613674587673,93.37372402615016,103.06546035039993,196.4391843765501,42.613489629351896,128.727640836201,262.1565215580047,458.87448459201386,892.3721454923116
MY_0p5_5.2500_118.2500,118.25,5.25,1984-03-01,1984,3,248.87599517486908,113.40198847290816,145.32446361954806,57.00148356492352,57.72302844114364,114.7245121609633,42.27470523081008,127.78151321411133,260.5402607522952,456.5601446066692,887.156637981439
MY_0p5_5.2500_118.7500,118.75,5.25,1984-03-01,1984,3,180.05906700134278,112.78308694022041,142.66639010111493,32.45536544587877,22.434621267848545,54.889985508388946,41.738561471303306,126.19491142696805,257.25046624077686,449.2067811754015,874.3907106187609
MY_0p5_5.2500_119.2500,119.25,5.25,1984-03-01,1984,3,146.86358788895276,112.87688932872955,141.39414978027344,23.9268798828125,10.468446731567383,34.39532470703125,41.515228271484375,125.52741241455078,255.82847595214844,445.89080810546875,868.7619018554688
MY_0p5_5.7500_100.2500,100.25,5.75,1984-03-01,1984,3,183.88382769060564,133.45287226771447,86.66798771849466,3.2943119609027827,0.011503684001231413,3.305815720776899,27.826194010743308,78.32264429494874,149.862382661312,296.9667655174885,552.9779971061497
MY_0p5_5.7500_100.7500,100.75,5.75,1984-03-01,1984,3,197.00240158807665,129.73063773503378,138.5469157409668,12.927367842992146,3.752557859066873,16.679925945599873,37.12416749318441,110.087989654541,218.58180185953773,370.22731353759764,736.0212607828776
MY_0p5_5.7500_101.2500,101.25,5.75,1984-03-01,1984,3,220.35395374448285,125.28674724909266,149.98372277687855,22.357327130835827,16.80242716421293,39.159754490289174,40.46651230459138,121.77525296549162,244.98607869786545,415.3873063936009,822.6151610847534
MY_0p5_5.7500_101.7500,101.75,5.75,1984-03-01,1984,3,208.93179270426427,123.31607961654666,153.92856477101645,24.758167918523153,16.58941941863547,41.34758871396383,40.409794171651214,121.91923774083456,246.52663758595784,422.05256678263345,830.9082516988119
MY_0p5_5.7500_102.2500,102.25,5.75,1984-03-01,1984,3,164.0641095577142,129.73357320443176,144.35739161430385,18.133392992244424,6.739815341572117,24.873207313845853,38.55485367694687,116.07889713582767,234.95496550794402,402.5143370965514,792.1030308373448
MY_0p5_5.7500_102.7500,102.75,5.75,1984-03-01,1984,3,143.04057015555247,126.69378221382215,117.17933654785156,12.647554397583008,5.4356279373168945,18.08318328857422,33.79423141479492,98.0743408203125,198.85951232910156,344.6127624511719,675.3408813476562
MY_0p5_5.7500_103.2500,103.25,5.75,1984-03-01,1984,3,138.13218688964844,128.4154052734375,,,,,,,,,
MY_0p5_5.7500_115.2500,115.25,5.75,1984-03-01,1984,3,222.68042653401693,129.2587117513021,156.05621337890625,14.286284446716309,13.812095642089844,28.09838104248047,41.71768569946289,126.22602844238281,257.7640380859375,451.6949462890625,877.4027099609375
MY_0p5_5.7500_115.7500,115.75,5.75,1984-03-01,1984,3,218.51928458184554,125.87505785234136,147.3071277436756,12.487421980358306,31.33531314304897,43.822734505789626,41.40745162963867,125.15829046340215,254.7540073939732,442.56395525251116,863.8837007068453
MY_0p5_5.7500_116.2500,116.25,5.75,1984-03-01,1984,3,214.29758654397634,118.23102165101066,141.96937972780256,16.112861385042706,47.58925738258967,63.702118549649676,41.42668988666838,125.11982179672,254.1818342905196,439.67548895941843,860.4038155691964
MY_0p5_5.7500_116.7500,116.75,5.75,1984-03-01,1984,3,254.9954084123884,113.68862299843438,143.022510734437,49.65035483345153,85.97979770236543,135.63015414041186,42.065099153064544,127.01449403308688,258.0851114424448,447.87549351283485,875.0401851593502
MY_0p5_5.7500_117.2500,117.25,5.75,1984-03-01,1984,3,339.14917290624385,117.27794543726588,150.0438952039845,123.9467571390916,121.65150179697513,245.59826082536472,42.599280781550355,128.77955935505284,262.5487317587675,460.07287751688193,894.000447462786
MY_0p5_5.7500_117.7500,117.75,5.75,1984-03-01,1984,3,335.74615972609746,116.85840989370197,150.2520996708198,119.12477337113964,89.05030500168769,208.17507990894703,42.52016388809921,128.66106317507345,262.9481084426778,463.2953407236394,897.424654147769
MY_0p5_5.7500_118.2500,118.25,5.75,1984-03-01,1984,3,254.5371113808502,115.04257577260334,145.76710951063367,54.364870334201385,26.31679290771485,80.68166429307725,41.8526707288954,126.62906188964844,258.5928904893663,453.54417697482637,880.6187958441841
MY_0p5_5.7500_118.7500,118.75,5.75,1984-03-01,1984,3,179.86248837984527,114.1233508036687,143.54823303222656,32.012351989746094,5.639548301696777,37.65190124511719,41.54522705078125,125.67537689208984,256.4427490234375,448.3380432128906,872.0014038085938
MY_0p5_6.2500_99.7500,99.75,6.25,1984-03-01,1984,3,123.82052462708717,141.90356116201363,90.06850859176281,1.771017534788265,0.0010319828627046285,1.7720495573309964,28.97252162667208,93.05447228010311,181.889279387718,306.7898829260538,610.7061781772347
MY_0p5_6.2500_100.2500,100.25,6.25,1984-03-01,1984,3,147.0805721282959,136.74808996915817,98.59976205631176,2.5941813011558685,0.013294198531039742,2.60747558778646,29.708987963929467,88.59354655985929,169.23024167430643,326.94978500677615,614.4825606365592
MY_0p5_6.2500_100.7500,100.75,6.25,1984-03-01,1984,3,165.70030400927922,134.0120695254057,131.79457578327666,8.972902833725035,0.7139799581071127,9.686882747186196,35.64138393328457,106.3824264938767,209.11164632082907,361.60477650763914,712.7402397951105
MY_0p5_6.2500_101.2500,101.25,6.25,1984-03-01,1984,3,177.555225783128,131.7168175330529,144.02778085561903,14.56717162499061,2.909618506064782,17.47679067758414,38.26060526921199,114.96479961688702,229.2289740929237,383.27751840444716,765.7318922776442
MY_0p5_6.2500_101.7500,101.75,6.25,1984-03-01,1984,3,172.0180044991629,132.21726640973773,142.4575190952846,10.834317861284529,1.2344348655747515,12.068752643040247,37.3190555027553,112.83031703404016,226.18132498604908,381.4481541224888,757.7788539341518
MY_0p5_6.2500_102.2500,102.25,6.25,1984-03-01,1984,3,150.4498036702474,133.02264394992736,136.5847625732422,7.659787178039551,0.026197509840130806,7.6859846115112305,36.518157958984375,110.8370132446289,222.76747131347656,374.8534240722656,744.97607421875
MY_0p5_6.2500_115.7500,115.75,6.25,1984-03-01,1984,3,180.36075592041016,125.61502196572044,155.98226928710938,9.226968765258789,22.04749870300293,31.27446746826172,41.1269416809082,124.33473205566406,252.99920654296875,438.4057312011719,856.8665771484375
MY_0p5_6.2500_116.2500,116.25,6.25,1984-03-01,1984,3,180.09796811823261,121.71584979274814,150.39739560030628,14.096339902163601,30.317124749070217,44.413464785672495,41.22867488440963,124.59468246661618,253.35055347056115,438.5445400691767,857.7184249272954
MY_0p5_6.2500_116.7500,116.75,6.25,1984-03-01,1984,3,204.6683806404235,117.83886389353917,145.38866693405876,33.92573323931013,52.83573952326699,86.76147389487615,41.64901709178137,125.86330152239118,256.0611851283482,444.4465920100136,868.0200890919518
MY_0p5_6.2500_117.2500,117.25,6.25,1984-03-01,1984,3,269.0718102349175,118.91611219133648,147.16746046278212,74.22702573745971,64.37288479275175,138.59991392105346,41.56952807714069,125.39566882905504,255.91506473601808,448.16538124689976,871.0456360832093
MY_0p5_6.2500_117.7500,117.75,6.25,1984-03-01,1984,3,294.6824714342753,119.27592635154726,149.028929682503,91.98708548741034,53.35608137699595,145.34317061217902,41.512449922617414,125.2113725093373,255.976203784608,450.3300717002467,873.0300781963862
MY_0p5_6.2500_118.2500,118.25,6.25,1984-03-01,1984,3,290.96077946254184,119.28119713919503,152.70072446550643,90.03190953390938,40.51989868709019,130.55181067330497,42.187779835292275,127.72334616524832,261.30884116036555,460.70262037004744,891.9225638253348
MY_0p5_6.7500_100.2500,100.25,6.75,1984-03-01,1984,3,131.39490329518037,137.828862470739,103.45292753331802,2.2691889247473545,0.017185278517204364,2.2863742823109905,30.807960636475503,95.25354447084315,183.93839858560003,328.0024313085219,638.0023130529067
MY_0p5_6.7500_100.7500,100.75,6.75,1984-03-01,1984,3,142.09346573441118,135.66592972366897,124.37158231382017,4.972370236008256,0.11454346030950546,5.086913718117609,34.11470342565466,103.048580593533,202.22293147334346,353.5846094202113,692.9707867657697
MY_0p5_6.7500_116.2500,116.25,6.75,1984-03-01,1984,3,160.65167797570942,124.46653197532476,155.32782577886815,34.24111394184392,27.15309664098228,61.39421016413992,41.64518105111472,125.96995823557785,256.9010925292969,448.2622464808022,872.7784706673971
MY_0p5_6.7500_116.7500,116.75,6.75,1984-03-01,1984,3,177.20689843322518,122.93240034580232,145.05285168071038,30.878403222608,27.212436223689746,58.09083918997422,40.16495785317402,120.65201276093133,245.9953580713084,428.5394060338439,835.3517275120431
MY_0p5_6.7500_117.2500,117.25,6.75,1984-03-01,1984,3,214.13983089088376,121.22708152705788,138.58872526725835,35.011062537674356,23.454106094562903,58.46516879258958,39.10092919273714,116.74821779369253,238.2067514605227,415.5743957789598,809.630289803564
MY_0p5_6.7500_117.7500,117.75,6.75,1984-03-01,1984,3,248.62424765692813,120.3573767344157,144.28577756881714,46.82244515419006,18.27705144882202,65.09949600696565,39.79088068008423,119.10098576545715,243.32113933563235,426.4112300872802,828.6242370605469
MY_0p5_7.2500_116.7500,116.75,7.25,1984-03-01,1984,3,167.81329742191346,124.34696306501115,139.33660729449727,21.126580113949984,6.578292452770731,27.704873308928118,38.66908635678498,115.70095234746519,235.83675484035328,409.54455539869224,799.7513576341712
MY_0p5_7.2500_117.2500,117.25,7.25,1984-03-01,1984,3,167.83893124692074,123.6311198054133,133.11210021972656,11.247736800344367,2.288602382258365,13.53633945364701,37.61067332217568,112.11877939324631,228.27138848555717,394.5612436394942,772.562097810444
MY_0p5_0.7500_110.2500,110.25,0.75,1984-04-01,1984,4,372.2101139948919,100.3293893667368,123.69005396916317,91.98905522273138,197.16150982196515,289.1505526029147,43.218167994572575,130.40384521484376,265.1454885629508,464.0811345027044,902.8485990084135
MY_0p5_0.7500_110.7500,110.75,0.75,1984-04-01,1984,4,401.9841526576451,102.34537211826868,128.1414935520717,95.70203268868582,203.58683275495258,299.28887852260044,43.2758863721575,130.62374899727956,265.871703665597,466.7392704554966,906.5106288364955
MY_0p5_0.7500_111.7500,111.75,0.75,1984-04-01,1984,4,404.37120419456846,101.78999413384332,120.98807634626115,93.32452937534879,216.03042844742063,309.35495818607393,43.36710478767516,130.888429671999,266.34332275390625,467.51353624131946,908.1123870365204
MY_0p5_1.2500_103.2500,103.25,1.25,1984-04-01,1984,4,208.37904520868096,100.37736822331993,123.28602600097658,29.60168253291737,37.74369907379151,67.34537939591841,38.886846108870074,115.6107215881348,236.4980690696023,417.2122705632991,808.2079023881394
MY_0p5_1.2500_103.7500,103.75,1.25,1984-04-01,1984,4,202.45539426340642,97.8105319865699,110.32311589509538,30.708078014040456,38.93332368424795,69.6414005316577,39.978202042070414,119.84550579774728,245.21577972115824,432.6232551648779,837.662745799833
MY_0p5_1.2500_104.2500,104.25,1.25,1984-04-01,1984,4,199.5839113507952,97.25140849522182,95.46070098876953,32.15914535522461,40.13308334350586,72.29222869873047,41.440185546875,125.48728942871094,256.8406066894531,453.2212829589844,876.9893798828125
MY_0p5_1.2500_109.7500,109.75,1.25,1984-04-01,1984,4,320.3712911950537,101.91499714679028,129.61935112275273,100.38776783770827,173.90882983839657,274.29659813570686,43.18906944918346,130.41997702724964,265.703419513013,467.32974574077565,906.6421986775226
MY_0p5_1.2500_110.2500,110.25,1.25,1984-04-01,1984,4,362.9258948366614,100.94578511006124,125.31202303028478,101.32388081789938,192.04687611937064,293.37075057453177,43.20359850850345,130.37810707828714,265.1842694963728,464.5232342458599,903.2891767936325
MY_0p5_1.2500_110.7500,110.75,1.25,1984-04-01,1984,4,389.407283625527,102.40825982472252,129.4023706587534,92.23925287155878,185.9580291748047,278.19728911869106,43.20228249686104,130.43109639485678,265.61629813058033,466.70763191344236,905.9573304191467
MY_0p5_1.2500_111.2500,111.25,1.25,1984-04-01,1984,4,393.3477826103235,102.1295068759126,126.70931838648006,93.68336442941296,199.52879723497094,293.2121615181335,43.29023369737327,130.6688305059561,265.9702200112633,467.0519383829624,906.981213651907
MY_0p5_1.2500_111.7500,111.75,1.25,1984-04-01,1984,4,399.39237612769716,101.1655269804455,119.76662893143912,92.8933118789915,214.42080906459265,307.31412130688864,43.35259707011874,130.84793672107514,266.2666204543341,467.3425583612352,907.8097059461805
MY_0p5_1.2500_112.2500,112.25,1.25,1984-04-01,1984,4,408.80353170482033,99.73312389548055,118.72130991359653,87.30619207856618,218.66865392384796,305.9748338418563,43.35605224377007,130.8610576494091,266.28370581302545,467.2507908235346,907.7515903221168
MY_0p5_1.2500_112.7500,112.75,1.25,1984-04-01,1984,4,437.6883029937744,98.85184049606323,120.5365284283956,108.04728158315024,273.1493117014567,381.19660123189294,43.55590478579203,131.38574759165445,266.95279184977215,467.07731119791663,908.971747080485
MY_0p5_1.2500_113.2500,113.25,1.25,1984-04-01,1984,4,460.3996802288553,99.72285660453464,126.42026924465013,96.2612697435462,259.6358147662619,355.8970957880435,43.52241118057915,131.27266487453295,266.68568937882134,466.5127006199049,907.9934671153192
MY_0p5_1.2500_113.7500,113.75,1.25,1984-04-01,1984,4,453.74447053851503,99.83315993800306,130.6276646816369,83.43140908443566,221.8668440616492,305.29826285622335,43.35840095173228,130.77887540875057,265.69127192641747,464.55387994014853,904.3824264063979
MY_0p5_1.2500_114.2500,114.25,1.25,1984-04-01,1984,4,429.297842920354,98.40554985113904,135.2892250128552,81.43719630958759,190.4098443225422,271.8470548106506,43.21298572236458,130.34728990402897,264.8191711965916,462.7961406876556,901.1755738384957
MY_0p5_1.2500_114.7500,114.75,1.25,1984-04-01,1984,4,397.86979822958665,95.96085185389366,132.10919484784526,90.55935964276713,175.557126445155,266.11648756457913,43.035523937594505,129.7619899626701,263.3089648831275,458.44599373109884,894.5524882654989
MY_0p5_1.7500_102.7500,102.75,1.75,1984-04-01,1984,4,215.8541974652538,105.62907405452835,138.87846899032593,27.297702431678772,54.74886155128479,82.04656505584717,41.12614405155182,123.56453108787538,252.53937578201294,445.566481590271,862.7965297698975
MY_0p5_1.7500_103.2500,103.25,1.75,1984-04-01,1984,4,210.69301390187624,101.09627291410588,136.0692207336426,40.10722772598267,55.46380542755127,95.57103397369386,40.95023674011231,122.98740776062012,251.3377850341797,442.9257275390625,858.2011590576171
MY_0p5_1.7500_103.7500,103.75,1.75,1984-04-01,1984,4,210.13009836703915,98.74619375301312,121.00449424453929,44.29308183887337,38.81413767005824,83.10721778869629,40.7443433109718,122.52497921714301,250.33222526840015,440.2396423726142,853.8412008164804
MY_0p5_1.7500_104.2500,104.25,1.75,1984-04-01,1984,4,209.83132333755492,98.19605002403259,112.31117881360905,48.123960598494655,33.51648283374402,81.64044112567754,41.63977689521257,125.99834956679233,257.3771927707879,452.1699093367703,877.185246903767
MY_0p5_1.7500_109.7500,109.75,1.75,1984-04-01,1984,4,319.1158246772234,102.04137407347214,129.8717498779297,101.7528076171875,174.47076416015625,276.22357177734375,43.1922721862793,130.43319702148438,265.7472839355469,467.48150634765625,906.854248046875
MY_0p5_1.7500_110.2500,110.25,1.75,1984-04-01,1984,4,344.94968508602534,102.06631184587577,128.20839874757166,116.2769183398568,182.36398592862216,298.6409110818955,43.18385166025417,130.35480699182193,265.3248986228902,465.58266722327255,904.4461996313087
MY_0p5_1.7500_110.7500,110.75,1.75,1984-04-01,1984,4,366.27770996093744,102.3444210399281,131.4638862609863,84.18499603271484,150.6082664489746,234.7932548522949,43.05982856750488,130.06124954223634,265.14489593505857,466.77139587402337,905.0373870849609
MY_0p5_1.7500_111.2500,111.25,1.75,1984-04-01,1984,4,366.3367001488095,101.2267836313399,127.46099562534067,87.89968343335529,178.80706304505816,266.70673970067224,43.1919635861419,130.4077231473701,265.58546951648805,466.74125493958945,905.9263952920604
MY_0p5_1.7500_111.7500,111.75,1.75,1984-04-01,1984,4,379.95689305172687,99.74286678169345,120.18643388868884,87.19696957551979,200.09160164941713,287.28856610648234,43.27613451511044,130.65513963337182,266.02049873448624,467.2500592002384,907.2018137098864
MY_0p5_1.7500_112.2500,112.25,1.75,1984-04-01,1984,4,402.0857279459636,98.6461916000124,120.84563961937316,91.02827032180059,213.18194425068202,304.2102098253038,43.31799907381572,130.76013503301712,266.11536971803696,466.9591442289807,907.1526287744914
MY_0p5_1.7500_112.7500,112.75,1.75,1984-04-01,1984,4,425.09746064685646,99.21817689925905,125.90762532552083,95.61308535621279,232.11297302246095,327.72606002565414,43.39570687914651,130.96280721028643,266.3810272701203,466.9876378619481,907.7271724640376
MY_0p5_1.7500_113.2500,113.25,1.75,1984-04-01,1984,4,449.0422101702009,100.58299667116195,132.14794292147198,93.11849077012802,224.63974875798303,317.75824459015377,43.371991148449126,130.8693644690135,266.1141599624876,466.289266531808,906.6447709340898
MY_0p5_1.7500_113.7500,113.75,1.75,1984-04-01,1984,4,443.3451542929997,100.68428606305802,135.4873814658513,87.14928303067647,202.93730100601437,290.0865908183749,43.23660174173022,130.41300944979227,264.93646637447296,462.9706827799479,901.5567551385788
MY_0p5_1.7500_114.2500,114.25,1.75,1984-04-01,1984,4,414.17878049820183,99.22566649421813,138.25062798394097,77.37214166550409,175.44462546696738,252.81677594866068,43.11754462832496,130.06821148584757,264.2591026669457,461.64692905970975,899.0917893182664
MY_0p5_1.7500_114.7500,114.75,1.75,1984-04-01,1984,4,381.72296031892614,97.75464879169364,134.12373518079056,76.69690565988807,147.92633863063674,224.62323622629435,42.8796899232222,129.34242675465003,262.6634518321932,457.77181453408355,892.6573887958428
MY_0p5_2.2500_101.7500,101.75,2.25,1984-04-01,1984,4,205.6466019755662,111.77536380652226,146.652187463009,29.04911808052449,56.448604044288096,85.49772328078144,42.01587145256274,126.82637578790838,259.18911558209044,457.3193978974313,885.3507647273517
MY_0p5_2.2500_102.2500,102.25,2.25,1984-04-01,1984,4,213.4554139643765,109.84326098866438,143.20737428071968,25.828507783880646,54.39707422940924,80.225579549251,41.750549042624144,125.82568308269009,256.6902980530661,450.92721820448,875.1937612141148
MY_0p5_2.2500_102.7500,102.75,2.25,1984-04-01,1984,4,217.16373091106175,107.32296931592725,142.72451444215412,29.430677902849414,52.992048999931235,82.422726739811,41.75812190092063,125.89543839949597,257.2489750053309,453.5497667336765,878.4522998664952
MY_0p5_2.2500_103.2500,103.25,2.25,1984-04-01,1984,4,215.6699431888641,103.00712035648407,141.31778278653582,42.09870977250356,54.91191228230794,97.0106228298611,41.92117663186694,126.54177682059152,258.1989451574901,453.21344371977307,879.875338890439
MY_0p5_2.2500_103.7500,103.75,2.25,1984-04-01,1984,4,227.88115451618776,101.81548469672768,135.27983434644796,49.04985161474195,28.63791293289701,77.68776268393306,41.241047771906445,124.29155899306475,252.75390076718085,439.4682661670749,857.7547791561838
MY_0p5_2.2500_104.2500,104.25,2.25,1984-04-01,1984,4,244.75096490131162,101.98014453174623,135.35239706748774,50.16693711083783,13.369986120334342,63.53692059477499,41.315063602668204,124.73425040757361,253.024250881731,437.20202460170776,856.275595925071
MY_0p5_2.2500_104.7500,104.75,2.25,1984-04-01,1984,4,298.49462890625,103.36307525634766,,,,,,,,,
MY_0p5_2.2500_109.7500,109.75,2.25,1984-04-01,1984,4,315.02776508946573,102.0427962272398,,,,,,,,,
MY_0p5_2.2500_111.2500,111.25,2.25,1984-04-01,1984,4,349.29644680023193,100.22343862056731,126.04166333815628,71.9325475131764,165.31368233175837,237.2462187374339,43.1345349480124,130.31106612261604,265.6784789141486,467.77534215590526,906.8994194479549
MY_0p5_2.2500_111.7500,111.75,2.25,1984-04-01,1984,4,358.1762693374876,99.76401786198691,126.64104754735553,72.16650303431919,161.09071543860057,233.2572107224237,43.11394236731151,130.25434584844677,265.5908294193328,467.6897822304377,906.6488934229291
MY_0p5_2.2500_112.2500,112.25,2.25,1984-04-01,1984,4,373.15886724562876,99.28987177288721,129.45142957899307,73.39321717761811,157.11024368528336,230.50346083868118,43.08819461398654,130.16932571653336,265.38988327752975,467.1827929299975,905.8301936073908
MY_0p5_2.2500_112.7500,112.75,2.25,1984-04-01,1984,4,390.7758640834263,99.66464514353919,134.6046164860801,75.65872955322266,161.1386974031963,236.79742097400484,43.1000724913582,130.1703362843347,265.24705578031995,466.44757826063363,904.9650382874503
MY_0p5_2.2500_113.2500,113.25,2.25,1984-04-01,1984,4,411.1053640214224,101.07628692142548,140.66455983964224,85.93767743791854,158.6642042856368,244.6018774123419,43.06918820577955,130.03504808213975,264.7953048463852,464.9921301463294,902.891664341518
MY_0p5_2.2500_113.7500,113.75,2.25,1984-04-01,1984,4,404.98032601272007,100.69566193109827,141.56152503098116,83.87376780449591,155.95182853409005,239.82559624201136,42.955293908903876,129.5841793591463,263.2892494684533,459.67467276657686,895.5033942113951
MY_0p5_2.2500_114.2500,114.25,2.25,1984-04-01,1984,4,378.02240203373015,99.63354136149088,141.4142874097067,64.916187371148,146.12370125906807,211.03988860599577,42.905891406346875,129.42862810407368,262.88621215820314,458.4876017252604,893.7083488343254
MY_0p5_2.2500_114.7500,114.75,2.25,1984-04-01,1984,4,357.86161243069563,97.90080984792404,136.13027727680824,62.11313661144626,129.17623377153953,191.28936703589656,42.73619592728154,128.91774579940304,261.80638447423144,456.0486926663307,889.5090217836444
MY_0p5_2.2500_115.2500,115.25,2.25,1984-04-01,1984,4,340.6513366699219,96.23163604736328,131.4637908935547,47.55652618408203,97.11902618408203,144.67555236816406,42.383758544921875,127.84574127197266,259.4750061035156,450.6705017089844,880.375
MY_0p5_2.7500_101.2500,101.25,2.75,1984-04-01,1984,4,194.3969268798828,113.70780944824219,137.33331298828125,26.814762115478516,51.068763732910156,77.8835220336914,42.32725143432617,128.1367645263672,262.3393249511719,464.4926452636719,897.2960205078125
MY_0p5_2.7500_101.7500,101.75,2.75,1984-04-01,1984,4,205.83989329236618,111.23617603648792,129.07878426291725,30.75194639032537,65.54692982066761,96.29887883966617,42.031808624267576,127.04517292369495,259.09823275479397,454.7190000221945,882.8941961115057
MY_0p5_2.7500_102.2500,102.25,2.75,1984-04-01,1984,4,210.5471324070244,108.98953587234399,145.0936343442103,24.340361455443556,46.133469429745034,70.47382794519898,42.076008499048314,127.10389694894197,258.7349504604461,451.4925574041476,879.4074077241738
MY_0p5_2.7500_102.7500,102.75,2.75,1984-04-01,1984,4,213.64968365053588,108.78800305233726,146.09326012526884,31.38479965547972,47.33456215677382,78.71935878222502,42.30273194856281,127.9468323671365,261.33790984334826,459.981774825084,891.5692476683024
MY_0p5_2.7500_103.2500,103.25,2.75,1984-04-01,1984,4,215.78520256091076,106.73952841303151,137.36137297806468,37.30652760548197,33.87818379918481,71.18471145629883,41.08925806033383,123.62748922360171,251.9402580018256,440.43812493002343,857.0951351481639
MY_0p5_2.7500_103.7500,103.75,2.75,1984-04-01,1984,4,230.99114048170003,105.87427524069079,128.67981857088856,31.242419141778203,11.592438335242909,42.83485774730208,39.656184640348236,118.63411846248785,240.72689460719235,416.0523670389905,815.0695533576649
MY_0p5_2.7500_104.2500,104.25,2.75,1984-04-01,1984,4,263.14338055778956,103.9861124824075,133.27725219726562,26.707876205444336,2.1290066242218018,28.836883544921875,40.64133071899414,122.53917694091797,247.43299865722656,422.6348571777344,833.2483520507812
MY_0p5_2.7500_111.2500,111.25,2.75,1984-04-01,1984,4,330.65474369443695,100.08850276552398,129.37760902853572,50.171858058256255,114.16743289723115,164.33928859935088,42.904981949750116,129.71008839326745,264.85321852740117,467.46906325396367,904.9373581830192
MY_0p5_2.7500_111.7500,111.75,2.75,1984-04-01,1984,4,334.6091386138416,100.20425158641378,129.37764957033355,51.544963951768544,112.56342424195388,164.10838712494947,42.88907937345834,129.6629530808021,264.76653302949046,467.28800674964634,904.6065800107758
MY_0p5_2.7500_112.2500,112.25,2.75,1984-04-01,1984,4,340.9970449133764,100.46481434302994,131.80653879801432,51.68782482147217,112.55472531636553,164.2425498453776,42.87822380065918,129.61380457560222,264.62302490234373,466.8839116414388,903.9989632161457
MY_0p5_2.7500_112.7500,112.75,2.75,1984-04-01,1984,4,356.2697219848632,101.18984405903875,135.0335950730722,65.78246821632868,137.29283113117458,203.07530144800114,42.98470830313767,129.8570753652838,264.79888365540324,466.2592363961135,903.8998922999899
MY_0p5_2.7500_113.2500,113.25,2.75,1984-04-01,1984,4,376.6082126193576,102.34997013636998,138.54654487730966,75.62515471927702,138.94220445421004,214.56736043294273,42.97338904728964,129.79332527281744,264.5331974090092,465.25591527545265,902.5558122907364
MY_0p5_2.7500_113.7500,113.75,2.75,1984-04-01,1984,4,373.5159945153887,102.2912693388143,140.99452068547535,67.9960616530886,131.07105954893075,199.06711733872723,42.86122874849161,129.36518019172038,263.1806091502973,460.69664895610447,896.1036567445013
MY_0p5_2.7500_114.2500,114.25,2.75,1984-04-01,1984,4,352.1084106059014,100.53499745719041,142.55015399788,56.839595468738416,136.86638846578478,193.70598302913618,42.832902389236644,129.19452053987527,262.36387276951274,457.29080798957915,891.6821267816085
MY_0p5_2.7500_114.7500,114.75,2.75,1984-04-01,1984,4,335.43527416059163,101.08602373159614,141.11090714764444,52.77314354963362,120.97891313103354,173.75205930479012,42.67530561556482,128.73721714384237,261.46321115676005,455.5189629815946,888.3946937512441
MY_0p5_2.7500_115.2500,115.25,2.75,1984-04-01,1984,4,324.77395904815944,97.50898302782763,132.0646407668655,39.87010471240894,81.29411879530898,121.1642207927532,42.1254088943069,127.0108098897848,257.4406023455095,445.2968046171171,871.8736170863245
MY_0p5_3.2500_101.2500,101.25,3.25,1984-04-01,1984,4,193.32501390245227,114.9132305100734,146.03242937971183,31.824454489385108,50.04364772158374,81.86809839627158,42.37981205506083,128.2449123516157,262.31095072824206,463.38638685649465,896.3220910692029
MY_0p5_3.2500_101.7500,101.75,3.25,1984-04-01,1984,4,209.20900072781544,109.41920490629354,130.20902504890591,32.00669008607318,72.81516520992207,104.8218588616438,41.954079561172776,126.69048513424625,257.6764467081447,448.7532918164685,875.0742916423046
MY_0p5_3.2500_102.2500,102.25,3.25,1984-04-01,1984,4,207.36004202706474,110.57168075319319,146.16678428044392,22.299714454771983,37.972288731166294,60.27200467548673,42.031041802300344,126.9802721296038,258.53827805292036,451.24711962503096,878.7966903444321
MY_0p5_3.2500_102.7500,102.75,3.25,1984-04-01,1984,4,207.44128997416433,110.58096680460096,144.43694006038615,26.95999635020388,27.945258176779443,54.905253736278674,41.93051386483108,126.70760079878794,258.0742005939725,450.6936330674569,877.4059301448774
MY_0p5_3.2500_103.2500,103.25,3.25,1984-04-01,1984,4,211.73405053949512,110.31145385344564,132.39012078897184,38.09458410778729,27.32708489700715,65.42166954065378,40.2111246686805,120.38292055409583,244.96830749511722,426.935004119376,832.497354613065
MY_0p5_3.2500_112.2500,112.25,3.25,1984-04-01,1984,4,328.71475084092884,101.23010711669922,132.40557386610246,42.30231246948242,96.32044965955949,138.62276272243923,42.79937727186415,129.40402798122832,264.3273973253038,466.73634914822054,903.2671495225694
MY_0p5_3.2500_112.7500,112.75,3.25,1984-04-01,1984,4,338.3453861359627,103.05324068377094,135.6108644829422,66.58080319889257,120.46748946142979,187.04829519303118,42.90272284335778,129.6363063874792,264.4727385474033,466.0467441746446,903.058506199571
MY_0p5_3.2500_113.2500,113.25,3.25,1984-04-01,1984,4,349.3025019366042,105.12619382815254,138.15693202163234,67.21119838772397,109.74013510617343,176.95133249687424,42.83354003501661,129.43265516107732,264.07412234219635,465.25509574196553,901.5954104336826
MY_0p5_3.2500_113.7500,113.75,3.25,1984-04-01,1984,4,348.2238828628782,105.5035651070731,139.88709227546815,60.87411851428804,119.29848535931299,180.17260233561194,42.83910257248651,129.3846153622582,263.6678052145337,463.32179662310887,899.2133159334696
MY_0p5_3.2500_114.2500,114.25,3.25,1984-04-01,1984,4,335.08930687388033,104.99721349728335,142.8476829771783,54.43829985940532,125.5521751209429,179.99047253845603,42.753161084120435,128.9922548038944,262.121480273593,457.288858595927,891.1557459740122
MY_0p5_3.2500_114.7500,114.75,3.25,1984-04-01,1984,4,318.1282048316519,106.87837148775719,147.1308818258298,59.06656033218288,118.0802660656583,177.14682619131298,42.71777513832045,128.9056270866637,261.9980665073274,457.26644139380977,890.8878941627066
MY_0p5_3.2500_115.2500,115.25,3.25,1984-04-01,1984,4,301.8749943020977,100.75558727602414,133.58191627792166,36.19756006892724,83.08400926710684,119.28156823749784,42.16135920753961,127.0723076349572,257.3450182178352,444.4898767592031,871.0685588981531
MY_0p5_3.2500_115.7500,115.75,3.25,1984-04-01,1984,4,302.5369372421436,96.22577384348666,132.94821338439255,43.65907964813575,98.84782555397977,142.50690468777432,42.492035083556445,128.1765517331241,260.18793307529404,452.2285968909103,883.0851131824963
MY_0p5_3.7500_100.7500,100.75,3.75,1984-04-01,1984,4,181.79824829101562,119.05811309814453,149.9197235107422,29.484254837036133,57.48963928222656,86.97389221191406,42.564945220947266,128.82077026367188,263.62322998046875,466.6017150878906,901.6106567382812
MY_0p5_3.7500_101.2500,101.25,3.75,1984-04-01,1984,4,202.5556540724408,115.02102278428558,150.24526696066255,44.04910988792247,61.97190950757864,106.02101856219345,42.290406470931465,127.85915777212594,260.8631313286939,457.73787997841447,888.7505880312626
MY_0p5_3.7500_101.7500,101.75,3.75,1984-04-01,1984,4,213.47335131028117,108.37612159388841,140.34610694836658,26.339230015019705,64.75466343096107,91.09389399874743,41.94863564801065,126.63448503822279,257.3720801286637,446.9796395271448,872.9348537177798
MY_0p5_3.7500_102.2500,102.25,3.75,1984-04-01,1984,4,198.59794912186877,108.78814283098494,142.83741266159782,17.892128729441808,39.8883186098129,57.780446648976145,41.8401258801657,126.32162037198505,256.7541012234158,445.9800860692584,870.8959313771081
MY_0p5_3.7500_102.7500,102.75,3.75,1984-04-01,1984,4,189.91887236095607,111.58049459306021,139.3229004875062,20.904376680888827,21.28883095393105,42.19320773170107,41.58685322110615,125.5484629797557,254.9683585515098,441.73427017454117,863.8379504975817
MY_0p5_3.7500_103.2500,103.25,3.75,1984-04-01,1984,4,191.51881797760134,111.91828058250398,130.91239013671876,27.11466865539551,19.87049939398672,46.985168299955475,40.998025108786194,123.44069611792472,250.42805606617648,432.7497034409467,847.616490502451
MY_0p5_3.7500_113.2500,113.25,3.75,1984-04-01,1984,4,337.0547637939453,107.83667922019958,138.28315985007364,52.35419614197779,74.89297647945217,127.24716811883646,42.66521128670114,128.9863696489178,263.4508742035413,464.9458052838435,900.0482748062885
MY_0p5_3.7500_113.7500,113.75,3.75,1984-04-01,1984,4,338.905715171737,109.20021539112876,139.13073093451342,42.117030887542036,78.73880982630462,120.85583972622277,42.69273964101057,129.04564950689914,263.4785554262427,464.7353110699206,899.9522499652356
MY_0p5_3.7500_114.2500,114.25,3.75,1984-04-01,1984,4,335.38652445802353,109.7867514958457,143.32337326776414,44.9142941550603,92.060596187531,136.97488718184212,42.733939046708365,129.09976792108444,263.230528235057,462.9646339053199,898.0288597470238
MY_0p5_3.7500_114.7500,114.75,3.75,1984-04-01,1984,4,325.82843598865327,110.33960074772911,147.5290545266772,63.58337869795542,113.76170552571615,177.34508386036705,42.75167473687066,129.08214714413597,262.78099839952256,460.4666763547867,895.0815018911211
MY_0p5_3.7500_115.2500,115.25,3.75,1984-04-01,1984,4,313.1284903390067,101.90585595993768,131.9642577156188,46.484408533005485,107.47428281269377,153.95868864513577,42.36925817822654,127.71150553869822,258.72716645740326,447.5867264036148,876.394670952691
MY_0p5_3.7500_115.7500,115.75,3.75,1984-04-01,1984,4,313.53750061474256,95.04100783094228,133.74177057279957,62.096501796365644,127.1637682468771,189.26027004324274,42.59534004266314,128.40328847761634,260.2203230823544,450.9840296464,882.2029528720773
MY_0p5_4.2500_100.7500,100.75,4.25,1984-04-01,1984,4,232.02946929931642,118.94499696145846,148.28124526666136,41.104581482556405,58.817266036053105,99.92185086620098,42.425783803511635,128.37434542908963,262.48832110969386,463.278930539501,896.5673666194996
MY_0p5_4.2500_101.2500,101.25,4.25,1984-04-01,1984,4,234.88865821306095,111.20453867335229,143.60494591779772,51.91441993348917,96.75797728520293,148.6724006021099,42.216530526519584,127.51303933987953,259.44050918870676,451.88516935117696,881.0552352613705
MY_0p5_4.2500_101.7500,101.75,4.25,1984-04-01,1984,4,217.9503613763659,110.28097614617393,149.05190981538914,35.35483206727635,67.22890150661287,102.58373353123284,42.16686399904684,127.36582622589015,259.3208869714707,452.78681658175043,881.6403808593751
MY_0p5_4.2500_102.2500,102.25,4.25,1984-04-01,1984,4,185.11345358169118,113.00544594956664,143.48085392473607,21.148676625455913,32.71357918395021,53.86225429205849,41.73728077556379,125.99900605808054,256.04576603216105,444.5792685804276,868.3613345600165
MY_0p5_4.2500_102.7500,102.75,4.25,1984-04-01,1984,4,163.05468419554887,112.3403905151756,131.17561607603812,17.43705276926612,25.083033142575793,42.52008591184191,41.198390401852365,124.23526287686295,251.41329761675217,431.3493561957293,848.1963112217608
MY_0p5_4.2500_103.2500,103.25,4.25,1984-04-01,1984,4,155.84899848063475,114.23632817816652,124.37989163814105,14.514738212479118,14.739871162986093,29.254609476813876,40.86299334004366,123.22781861202228,249.4408295528399,427.9361145870195,841.4677747134963
MY_0p5_4.2500_113.7500,113.75,4.25,1984-04-01,1984,4,348.35637240939667,112.86186917622886,138.80248116547207,32.4591794643762,56.06254368908,88.52172002252543,42.466752106288695,128.27613758590985,261.4553107495578,459.18969928093685,891.3879095113502
MY_0p5_4.2500_114.2500,114.25,4.25,1984-04-01,1984,4,351.5814641848768,113.32661871007971,138.97043913027497,29.05951602302463,54.672350364302126,83.73186534159893,42.46018755113757,128.2788965527155,261.53322680852597,459.48681899847674,891.759150560298
MY_0p5_4.2500_114.7500,114.75,4.25,1984-04-01,1984,4,351.33616658528655,112.95751805623374,141.91763092041018,51.4947470855713,96.11934860229492,147.61409576416017,42.62541893005371,128.73642801920576,262.2288094075521,459.85971476236983,893.4503873697918
MY_0p5_4.2500_115.2500,115.25,4.25,1984-04-01,1984,4,354.79568820529516,106.91301239861384,133.71945608986752,62.58915433618757,126.50428687201607,189.0934427579244,42.463429371515915,128.00175899929474,259.31652768452966,448.7122024959989,878.4939217037625
MY_0p5_4.2500_115.7500,115.75,4.25,1984-04-01,1984,4,359.8459908178298,97.85533530025161,132.90391312938627,99.94638201180152,172.66813856221864,272.6145311258607,42.77847160727293,128.92255662821105,261.1562168961865,452.38302064022776,885.2402573407708
MY_0p5_4.2500_116.2500,116.25,4.25,1984-04-01,1984,4,369.36404325903914,103.09033756721311,142.0119582385552,161.66985460607017,219.53010512561335,381.1999597316835,43.1050756733592,129.957178999738,263.5957027528344,458.33215164556736,894.9901070943691
MY_0p5_4.2500_116.7500,116.75,4.25,1984-04-01,1984,4,372.7516632962089,105.77357782793874,144.36383365344454,156.9993810047304,216.4048396645254,373.4042130839619,43.136204515578434,130.1256343422598,264.3436155815345,461.25957916788974,898.8650085802025
MY_0p5_4.2500_117.2500,117.25,4.25,1984-04-01,1984,4,375.42807303909706,107.3096727016753,147.10801872320934,104.3450988837048,161.20319548750348,265.5482840073848,42.9495906998626,129.7024391646934,264.1878718823458,463.54133700480503,900.3812504321074
MY_0p5_4.2500_117.7500,117.75,4.25,1984-04-01,1984,4,347.04249690129205,106.64158571683444,139.80190629225513,58.688949976211944,102.1903734777728,160.87932221502322,41.27359535347702,123.80649149315991,252.49131553193445,443.8238607553335,861.395283756093
MY_0p5_4.2500_118.2500,118.25,4.25,1984-04-01,1984,4,282.7616404037029,105.8813223141676,125.43393848200513,34.79579390993543,71.97670687535766,106.77250248611357,38.36428300893991,113.34793683677724,231.26669408713184,406.2856501682549,789.2645722407445
MY_0p5_4.2500_118.7500,118.75,4.25,1984-04-01,1984,4,246.72455060040508,105.80089682119863,117.8553237915039,32.780921936035156,67.95487976074219,100.73580169677734,36.70991897583008,107.36557006835938,219.1146240234375,384.8228759765625,748.0130004882812
MY_0p5_4.7500_100.2500,100.25,4.75,1984-04-01,1984,4,282.40574137369794,122.68696170383029,,,,,,,,,
MY_0p5_4.7500_100.7500,100.75,4.75,1984-04-01,1984,4,267.3496669264145,118.04397173693579,139.90992408070136,36.586270820803755,60.04952543925464,96.63579962505558,41.94614590280424,126.8177371761663,258.46785829125383,451.2943354660903,878.5260644928227
MY_0p5_4.7500_101.2500,101.25,4.75,1984-04-01,1984,4,246.86679009906317,109.77711525568886,132.8867415655227,42.51611334180075,95.97030608162048,138.48641725570437,42.03262711782304,126.90942898704894,257.8375755673363,446.96707463340147,873.7466959635417
MY_0p5_4.7500_101.7500,101.75,4.75,1984-04-01,1984,4,209.7308644580234,112.4376694936601,143.98194173177083,40.808951374841115,73.20563056582498,114.01458464122955,42.072243451315266,127.08473149859717,258.63675498356906,450.65484541635675,878.4485773964533
MY_0p5_4.7500_102.2500,102.25,4.75,1984-04-01,1984,4,165.44240635463171,115.93850962320963,135.94210699172245,28.915006110781714,59.09087546212332,88.00588273547945,41.75324387323288,126.02149367559525,255.9060009184338,443.30621919177827,866.9869640531995
MY_0p5_4.7500_102.7500,102.75,4.75,1984-04-01,1984,4,137.04516237100972,115.59484865710994,126.74909083858412,18.82693159504301,31.675247423208432,50.50217879957453,41.202721383161595,124.32325866116079,252.0295854799307,433.9750816199429,851.5306594751441
MY_0p5_4.7500_103.2500,103.25,4.75,1984-04-01,1984,4,128.66284219461593,117.8862745370438,116.65771909481488,13.800560272047882,23.30243228590357,37.102992392114174,39.48646642537135,118.24148497634269,239.68964338126662,411.9582396785272,809.375820033225
MY_0p5_4.7500_103.7500,103.75,4.75,1984-04-01,1984,4,123.63936896073191,119.17555236816406,102.22909466632001,7.9388179283637506,4.7923397104461465,12.731157624876342,35.60256026627181,104.07951394613687,210.43922463949625,359.53606424703224,709.6573478401481
MY_0p5_4.7500_113.7500,113.75,4.75,1984-04-01,1984,4,346.43243408203125,115.71561431884766,,,,,,,,,
MY_0p5_4.7500_114.2500,114.25,4.75,1984-04-01,1984,4,346.43243408203125,115.94505446297782,134.7650146484375,24.16696548461914,29.114219665527344,53.281185150146484,42.212493896484375,127.52326965332031,259.8214111328125,455.3158874511719,884.873046875
MY_0p5_4.7500_114.7500,114.75,4.75,1984-04-01,1984,4,355.25057852140037,117.7420667422715,141.26734924316406,51.50697031328755,94.5165435626943,146.0235160499491,42.55628085392778,128.44517976494248,261.1918341523857,456.4051057548933,888.5984332997311
MY_0p5_4.7500_115.2500,115.25,4.75,1984-04-01,1984,4,369.22476959228504,115.73424140612282,143.31222836176553,79.62855184078215,140.07297980785367,219.7015256881714,42.6580473780632,128.61103026072183,260.73252391815186,452.2837017377217,884.2852996190387
MY_0p5_4.7500_115.7500,115.75,4.75,1984-04-01,1984,4,370.5596320258246,107.36792878650482,140.0358407641214,78.07472480895028,146.14414464556984,224.21886935763888,42.727099367171995,128.7762635246156,260.94786183190723,452.48838859437006,884.9396040659101
MY_0p5_4.7500_116.2500,116.25,4.75,1984-04-01,1984,4,354.93490871853294,105.48582962278333,145.5217190697079,98.38393297952318,159.74933524964342,258.1332682291666,42.86526656377882,129.28321310376361,262.4462797619047,456.985974314856,891.5807367234002
MY_0p5_4.7500_116.7500,116.75,4.75,1984-04-01,1984,4,345.49719218966334,105.97536316400843,147.62399591373492,84.1163535057744,156.14026579072203,240.2566229421881,42.867738011517105,129.36349699768837,262.96361541748047,459.0536031602304,894.2484356843971
MY_0p5_4.7500_117.2500,117.25,4.75,1984-04-01,1984,4,343.7026038760231,106.22383875771175,147.65271475655692,63.97982547093952,136.8977037944491,200.87753257145957,42.763630615718775,129.11054629371282,262.7283013237847,459.4186848958333,894.0211542038693
MY_0p5_4.7500_117.7500,117.75,4.75,1984-04-01,1984,4,310.5657449070411,106.69762210604512,147.3844850757454,45.55787016470221,98.37658628632751,143.934455871582,42.526325624200354,128.45228644262386,261.6600096497355,458.1831476718565,890.8217779231976
MY_0p5_4.7500_118.2500,118.25,4.75,1984-04-01,1984,4,258.4327581204362,107.21773375698072,147.85963616299273,37.34245595500697,80.5037529720134,117.84620681839375,42.3523238483985,127.98153763200773,260.9730407101426,457.64318740307993,888.9501026862831
MY_0p5_4.7500_118.7500,118.75,4.75,1984-04-01,1984,4,226.05454302437698,107.03779099862788,148.21172033382365,29.60606425321555,49.395367827596544,79.00143000445789,41.96212150477156,126.80082915100871,258.44914206975625,452.0187420422518,879.2308450046974
MY_0p5_5.2500_100.2500,100.25,5.25,1984-04-01,1984,4,283.3819132016573,123.68458521848468,68.41132354736328,31.752370834350586,12.765478134155273,44.51784896850586,27.46784019470215,73.89657592773438,148.3533935546875,250.15362548828125,499.8714599609375
MY_0p5_5.2500_100.7500,100.75,5.25,1984-04-01,1984,4,265.79616910647724,119.19754006591026,134.8265995595647,35.13885289773174,63.5823294760167,98.72118197912458,40.89870792695845,122.94478984262751,249.44394236597523,431.2406721443966,844.5281028309089
MY_0p5_5.2500_101.2500,101.25,5.25,1984-04-01,1984,4,233.70878712487593,113.86197977217417,133.32020283048115,35.013841356549946,74.89336586604043,109.90720980205232,41.759527551560176,126.05049373081752,255.83048517136345,442.13650454566596,865.7770081535218
MY_0p5_5.2500_101.7500,101.75,5.25,1984-04-01,1984,4,189.6898188985837,114.6890730159298,138.30428474572057,28.397889823670603,47.84702187131166,76.2449089250747,41.45784356184066,125.22375609768426,254.54507353958812,441.04774300156134,862.2744235870946
MY_0p5_5.2500_102.2500,102.25,5.25,1984-04-01,1984,4,142.8277895010201,122.57081258980332,132.37169156408612,21.05790793060497,36.17686654959515,57.234772985907874,41.02907782147644,123.85156694643057,252.02482376584575,437.36530823920185,854.2707570069912
MY_0p5_5.2500_102.7500,102.75,5.25,1984-04-01,1984,4,116.68976747096558,121.16540087560182,122.7331754781432,13.566043019698837,24.438890413510595,38.004931842674644,39.78285007800086,119.49168644274694,242.5997990495067,418.52962480965306,820.4039807335805
MY_0p5_5.2500_103.2500,103.25,5.25,1984-04-01,1984,4,115.14343069571038,123.16021050347221,126.06572688709606,11.170235763896597,16.87398541515524,28.044219301892564,40.59524035763431,122.5518472844904,248.851620760831,428.7226514940138,840.7213820420302
MY_0p5_5.2500_115.2500,115.25,5.25,1984-04-01,1984,4,354.78814205046626,119.57981466477918,150.7941484294954,63.8520317702997,105.71314752297323,169.56517679183213,42.49744834274542,128.1448139128138,259.9119833023822,451.3510667144275,881.905318463435
MY_0p5_5.2500_115.7500,115.75,5.25,1984-04-01,1984,4,350.07326954104826,117.05763454678693,147.35287403171344,48.66658051054356,86.34860076904296,135.01518073647708,42.329444186970335,127.62481829109838,258.74473670054283,448.5512097374867,877.2502234507414
MY_0p5_5.2500_116.2500,116.25,5.25,1984-04-01,1984,4,323.3648777249494,111.01860459243196,147.27740140504474,40.737605022478704,81.59924973113627,122.3368556107147,42.329868364937695,127.6799157782446,259.1498474893691,450.3517684936523,879.5114201412925
MY_0p5_5.2500_116.7500,116.75,5.25,1984-04-01,1984,4,310.533938540688,109.44830802724331,153.7392235285119,53.07258066346373,107.96138690996773,161.03397342826747,42.575286841090715,128.47576216202745,261.05794814870325,454.8562095738664,886.9652176869065
MY_0p5_5.2500_117.2500,117.25,5.25,1984-04-01,1984,4,315.3211589510479,110.09918891059027,157.15406300378226,63.12276485382564,124.97599094935826,188.098758394756,42.68712775820778,128.88646753704737,262.2806440080915,458.55139537992926,892.4056194971478
MY_0p5_5.2500_117.7500,117.75,5.25,1984-04-01,1984,4,289.89142349485365,109.76410626608228,155.7419964987134,61.45995339287651,118.11526360890221,179.57521374414836,42.629431564088854,128.76152009509858,262.3008728996156,459.6000344897073,893.291829814608
MY_0p5_5.2500_118.2500,118.25,5.25,1984-04-01,1984,4,239.7160136463878,109.0623892279947,155.67803887045307,38.037005053963625,80.4586706920794,118.49567447346487,42.38375141362475,128.04831134285897,260.99012357869725,457.62311257526375,889.0452865309016
MY_0p5_5.2500_118.7500,118.75,5.25,1984-04-01,1984,4,211.06002777099613,107.35590946258061,151.80164188808865,22.355880869759453,30.25214440292782,52.608025338914665,41.792563120524086,126.24430730607774,257.0361167060004,448.38576719495984,873.4587495591906
MY_0p5_5.2500_119.2500,119.25,5.25,1984-04-01,1984,4,206.6239406637949,105.92000550769625,149.65719604492188,18.177560806274414,10.24642562866211,28.423986434936523,41.52659225463867,125.42847442626953,255.21726989746094,443.9975280761719,866.1698608398438
MY_0p5_5.7500_100.2500,100.25,5.75,1984-04-01,1984,4,278.3768779307872,125.07220599887607,95.88654432384246,23.535112765950895,3.7796888421844996,27.31480145235674,32.205850093736565,92.21243426121703,174.79310593911265,308.0873497079272,607.2987250931766
MY_0p5_5.7500_100.7500,100.75,5.75,1984-04-01,1984,4,255.47185349237353,122.32197682214162,125.41540481567382,26.33290723164876,20.919029106746116,47.251935755411786,38.77250877380371,115.54578893025715,231.27183400472006,393.44145233154296,779.0315903727214
MY_0p5_5.7500_101.2500,101.25,5.75,1984-04-01,1984,4,220.00888193686177,120.22360917339176,134.85642146313285,18.455233254770597,34.0951768507169,52.55041000035805,41.084993557667175,123.91031283280984,250.72551396888073,429.7171728179211,845.4379870797706
MY_0p5_5.7500_101.7500,101.75,5.75,1984-04-01,1984,4,171.02400703430175,120.1968055725098,136.74595139821375,9.066295119126638,15.747609610483055,24.813904726505285,40.14072238604228,121.20957988103233,245.31318174997966,419.32143007914226,825.9848999023438
MY_0p5_5.7500_102.2500,102.25,5.75,1984-04-01,1984,4,122.2952679365109,127.16232280242139,121.9326180352105,5.178578593514183,5.085544041950594,10.264122751024033,38.06790692878492,114.67771310517283,231.83839652835317,392.6858183478667,777.2698335487031
MY_0p5_5.7500_102.7500,102.75,5.75,1984-04-01,1984,4,102.41302302769253,124.79411964046145,96.8580093383789,2.981332778930664,2.699100971221924,5.680433750152588,33.13677215576172,96.09477233886719,194.43861389160156,332.98193359375,656.652099609375
MY_0p5_5.7500_103.2500,103.25,5.75,1984-04-01,1984,4,106.50215911865234,125.80477905273438,,,,,,,,,
MY_0p5_5.7500_115.2500,115.25,5.75,1984-04-01,1984,4,337.47082926432284,120.47686411539715,157.755859375,38.087066650390625,43.88951110839844,81.97657775878906,42.168155670166016,127.26119995117188,258.674560546875,451.0262756347656,879.1301879882812
MY_0p5_5.7500_115.7500,115.75,5.75,1984-04-01,1984,4,320.86651049654904,117.43693472271318,149.70596531459265,36.30108399164109,54.735333270118346,91.03641866048177,41.891660454159684,126.2853736514137,255.7725971040272,441.954730515253,865.9043608165922
MY_0p5_5.7500_116.2500,116.25,5.75,1984-04-01,1984,4,291.0812986343626,110.7487101721385,145.13670203799293,36.84799055069212,63.63707615080334,100.48506847563245,41.83473633054703,126.06083669511098,254.97357773553756,438.90778266059027,861.7769349113345
MY_0p5_5.7500_116.7500,116.75,5.75,1984-04-01,1984,4,277.1030362568204,107.69092390272353,148.14059288388205,44.52734394376239,81.25115752447219,125.77850397503566,42.11881292433965,127.02752440921842,257.5789230588883,445.78075571211554,872.5060128348215
MY_0p5_5.7500_117.2500,117.25,5.75,1984-04-01,1984,4,278.9743980624322,112.93508405715508,156.95537107449601,43.70754558430861,73.34019618831599,117.04774531656257,42.295663767432565,127.7765812437617,260.3167732310972,455.5137682412325,885.9027790827707
MY_0p5_5.7500_117.7500,117.75,5.75,1984-04-01,1984,4,263.04922984289743,113.4405966622489,156.0948060310927,31.569403737983453,37.56260747717531,69.13201330812186,42.12764459648388,127.38453126433713,260.1221024686058,457.2955929544948,886.9298544250081
MY_0p5_5.7500_118.2500,118.25,5.75,1984-04-01,1984,4,232.3069074030773,111.340056959788,151.40385518391926,24.573405431111656,15.122458479139542,39.69586498684353,41.54660934448242,125.55238226996529,255.804951171875,446.45662746853293,869.3605688476563
MY_0p5_5.7500_118.7500,118.75,5.75,1984-04-01,1984,4,207.20708949749286,109.19905127011813,149.7028045654297,22.972246170043945,10.047307014465332,33.019554138183594,41.28457260131836,124.70699310302734,253.71063232421875,440.92010498046875,860.622314453125
MY_0p5_6.2500_99.7500,99.75,6.25,1984-04-01,1984,4,273.43867881625306,128.56043737074907,116.72256735868231,15.985646514005438,0.04542133970142797,16.03106789256251,37.223823990932736,111.10074668706851,208.5208144077035,314.1202477743459,670.9656471429869
MY_0p5_6.2500_100.2500,100.25,6.25,1984-04-01,1984,4,266.0448132753373,127.0835357606411,112.49531408815966,17.510219873700823,0.05664051077043523,17.566860086090706,35.59805548531668,105.02360833615671,195.95795537209023,332.6088545818718,669.1884546396683
MY_0p5_6.2500_100.7500,100.75,6.25,1984-04-01,1984,4,240.57972405039666,126.3221694180404,121.79587534311656,18.31933826093048,6.598527253191905,24.91786647855545,38.12494690353806,113.92225234572953,223.30723654257284,378.7769557407924,754.1313794699415
MY_0p5_6.2500_101.2500,101.25,6.25,1984-04-01,1984,4,213.76124431903548,125.66697035569412,125.5718705397386,15.209315211956318,9.492537153684175,24.70185303321252,39.25200782189003,118.0129408616286,235.7830451378456,399.0763887845553,792.1243727463943
MY_0p5_6.2500_101.7500,101.75,6.25,1984-04-01,1984,4,139.95001983642575,129.09270760672433,121.68547232491628,7.863692678724015,1.627945784053632,9.49163852419172,37.25815734863281,112.71207667759485,225.45878470284595,373.6716134207589,749.1006452287946
MY_0p5_6.2500_102.2500,102.25,6.25,1984-04-01,1984,4,112.41681003570557,130.66295986640745,114.77897644042969,7.1877360343933105,0.00878101959824562,7.196517467498779,36.39033508300781,110.39273834228516,220.6802978515625,359.93157958984375,727.3949584960938
MY_0p5_6.2500_115.7500,115.75,6.25,1984-04-01,1984,4,275.3921970020641,117.01568828929554,156.5675811767578,28.325565338134766,22.764158248901367,51.0897216796875,41.40629196166992,124.79067993164062,252.29408264160156,433.293212890625,851.7843017578125
MY_0p5_6.2500_116.2500,116.25,6.25,1984-04-01,1984,4,263.79039804559005,114.10036180730451,152.22113695858857,27.794486570988454,29.762164456203642,57.5566489854048,41.40674446542882,124.78476042894539,252.3265862822007,433.3529520580947,851.8710480408521
MY_0p5_6.2500_116.7500,116.75,6.25,1984-04-01,1984,4,245.36048666333397,112.42620721241785,149.17181512741814,27.407207071213495,42.43755840725369,69.84476292322552,41.559496186271545,125.33099738226997,254.02137436639697,438.34340277777784,859.2552536737351
MY_0p5_6.2500_117.2500,117.25,6.25,1984-04-01,1984,4,232.7349459209139,115.4317880539667,150.5622359987289,25.20134433564686,34.03363269018748,59.23497645060222,41.216952841622486,124.14106769864522,252.72675122457838,440.4204957992311,858.505261811756
MY_0p5_6.2500_117.7500,117.75,6.25,1984-04-01,1984,4,229.3171813488007,115.98483475049339,151.13098287303546,22.592174005787275,16.654065115409985,39.24624011391088,41.084576411553996,123.75566721241377,252.45628847713363,441.9148820129752,859.2114047223365
MY_0p5_6.2500_118.2500,118.25,6.25,1984-04-01,1984,4,230.05941009521482,115.57532201494489,154.04528754098075,21.57429609979902,6.669376747948783,28.243672847747806,41.72321891784669,126.17392349243164,257.6432876586914,451.9199850899832,877.4604056222098
MY_0p5_6.7500_100.2500,100.25,6.75,1984-04-01,1984,4,261.20450120813706,127.60440725438735,118.10225133334889,15.00366759300232,0.07335007463253158,15.077017321306114,37.12351165098303,110.56719948263729,206.8882817661061,333.3096876705394,687.8886750165153
MY_0p5_6.7500_100.7500,100.75,6.75,1984-04-01,1984,4,233.97255339445894,128.24705166286893,115.73003811306425,9.994078918739602,0.27188073209038494,10.265959527757433,36.75570692839446,109.65675580060041,210.5143212212457,355.8931896068432,712.8199666341146
MY_0p5_6.7500_116.2500,116.25,6.75,1984-04-01,1984,4,215.36084457923624,117.9641603869061,151.49343276605373,14.344154683555045,10.425341350276296,24.76949603383134,40.92932231251787,123.51412293969132,250.62157496010386,432.5734506002287,847.6384664395962
MY_0p5_6.7500_116.7500,116.75,6.75,1984-04-01,1984,4,206.33552960941296,118.02430498600006,144.42359737351006,14.436349876313344,12.914130433274824,27.35047995525858,39.68669509887695,118.89282347185338,241.1133345652946,415.75546131963324,815.4483102187809
MY_0p5_6.7500_117.2500,117.25,6.75,1984-04-01,1984,4,194.4800816071339,118.05639263707349,139.64847483677147,15.427569499058006,12.74289886086388,28.170468279745727,38.827228613659344,115.63491601859573,234.83002931037836,406.3424874364802,795.6346527369676
MY_0p5_6.7500_117.7500,117.75,6.75,1984-04-01,1984,4,194.85807122124567,117.61017333136664,143.99581384658813,17.495029777288437,8.674801588058473,26.16983217000961,39.54683518409729,118.16980290412904,240.74754190444943,419.7628326416015,818.2269954681396
MY_0p5_7.2500_116.7500,116.75,7.25,1984-04-01,1984,4,160.1022698109544,119.90219091990639,135.60253607708475,7.5312109822812285,2.1369457991226857,9.668157021895698,37.80841303286344,112.65208640720533,227.58411798891814,388.3212200662364,766.3658447265624
MY_0p5_7.2500_117.2500,117.25,7.25,1984-04-01,1984,4,148.15441915151234,119.94107378710497,130.66274944104646,5.853165925176521,0.6931150612862486,6.54628129758333,36.74490633512798,108.9775889346474,219.51778146844163,371.8373615465666,737.0776354337993
MY_0p5_0.7500_110.2500,110.25,0.75,1984-05-01,1984,5,222.87011507474463,103.44816659780649,116.19785719651443,18.175561200655427,86.94317785409781,105.11874119685248,42.41817761934721,128.0939469557542,260.73592153695915,455.55671809269836,886.8047626201924
MY_0p5_0.7500_110.7500,110.75,0.75,1984-05-01,1984,5,271.1742270333427,105.2490519932338,119.21278719220841,32.917729132516044,109.21608636038643,142.13381892613,42.783587156023295,129.29867531912666,263.8239488874163,464.4982543945312,900.4044634137834
MY_0p5_0.7500_111.7500,111.75,0.75,1984-05-01,1984,5,379.8432835170201,102.14349256243024,111.83321949792287,92.89813668387276,174.5565166170635,267.45465087890625,43.061307452973864,130.06929379417784,265.07582455589653,465.8919057694693,904.0983421688987
MY_0p5_1.2500_103.2500,103.25,1.25,1984-05-01,1984,5,171.14229842991503,100.63593595930675,120.14151295748626,13.330325841903688,25.54244392568415,38.872768662192605,38.83723666451194,115.46497206254439,236.3999692743475,417.8474155772816,808.5496035489169
MY_0p5_1.2500_103.7500,103.75,1.25,1984-05-01,1984,5,171.00076293945312,99.48166271320825,109.25780731497458,12.603890020870468,34.53101532204637,47.13490432442971,40.04082988998265,120.0131686312481,245.6691078260107,434.1910012254437,839.9141140539668
MY_0p5_1.2500_104.2500,104.25,1.25,1984-05-01,1984,5,168.73761814662387,99.47370965140206,96.9978256225586,12.121373176574707,45.81059646606445,57.931968688964844,41.64387512207031,126.04747009277344,257.97674560546875,455.9239501953125,881.592041015625
MY_0p5_1.2500_109.7500,109.75,1.25,1984-05-01,1984,5,186.56227497882153,107.70133806711222,124.00208990257906,16.979869888489503,42.31160198349551,59.29147210178605,42.40692469585373,128.2499862119376,262.0260362740023,461.9236203848598,894.606548263366
MY_0p5_1.2500_110.2500,110.25,1.25,1984-05-01,1984,5,217.9203409909282,105.01436909561453,117.75692731349164,18.80159794870031,75.05925263217058,93.86085248085523,42.39780023935679,128.07406498382454,260.8940733684997,456.61104415834643,887.9769855042683
MY_0p5_1.2500_110.7500,110.75,1.25,1984-05-01,1984,5,265.40699521019343,105.87570464119077,120.75308326842291,32.82851165287079,92.35174621097623,125.18026021321613,42.71553462195018,129.12260335286456,263.60811738513763,464.59010222904254,900.0363556392607
MY_0p5_1.2500_111.2500,111.25,1.25,1984-05-01,1984,5,318.95802019503174,104.12062869818446,117.0555005058313,50.323014012540874,119.23984032774126,169.56285382840582,42.817958502723776,129.39135259561266,263.9558404794516,464.5486909421488,900.7138402774314
MY_0p5_1.2500_111.7500,111.75,1.25,1984-05-01,1984,5,375.84216114831355,101.59593406556144,110.37604716467479,88.69439200749473,176.6592770531064,265.35366506425163,43.06933714851501,130.0855565146794,265.0662129720052,465.7237892756386,903.9449075365823
MY_0p5_1.2500_112.2500,112.25,1.25,1984-05-01,1984,5,422.45008005829635,98.91826377907378,108.64931511273845,101.62559931411354,208.37410004126846,309.9996932751031,43.2063592049071,130.44894122593294,265.5847741141537,466.0430886515506,905.2831563417076
MY_0p5_1.2500_112.7500,112.75,1.25,1984-05-01,1984,5,491.0736961364746,95.77818854649861,105.03345712025961,152.75383694966635,273.742280960083,426.49611790974933,43.46274940172832,131.12377452850342,266.4851779937744,466.1646531422933,907.2363344828287
MY_0p5_1.2500_113.2500,113.25,1.25,1984-05-01,1984,5,564.3908813476562,94.89306547745414,108.52999081818955,195.72398880668305,302.50981790293815,498.233828071926,43.5689094543457,131.40673629097319,266.8780390200408,466.2776115085767,908.131303074049
MY_0p5_1.2500_113.7500,113.75,1.25,1984-05-01,1984,5,567.4224687056109,93.94038408452813,111.63052402843128,179.62876186948833,316.72334104595757,496.3521138971502,43.62496402046897,131.5591669949618,267.1046695131244,466.4285858616684,908.717397516424
MY_0p5_1.2500_114.2500,114.25,1.25,1984-05-01,1984,5,527.1421044273714,92.21275295831461,114.13302504277861,111.63091068774197,291.1808490584382,402.81175731557664,43.568632885418104,131.40868168383574,266.92830664710664,466.7261606402102,908.6317759826119
MY_0p5_1.2500_114.7500,114.75,1.25,1984-05-01,1984,5,471.0372511340726,89.91045256583921,111.7869147023847,64.7010237170804,222.27688992408014,286.97791708669354,43.285048577093306,130.606685023154,265.4974158502394,464.4195920882687,903.8087197580645
MY_0p5_1.7500_102.7500,102.75,1.75,1984-05-01,1984,5,166.44031444570638,103.46416764232995,125.17030668258667,6.8701930940151215,34.786715030670166,41.65690886974335,40.99587333202362,123.18923258781433,251.94467163085938,445.0062770843506,861.1360740661621
MY_0p5_1.7500_103.2500,103.25,1.75,1984-05-01,1984,5,167.2548455786981,100.62061663299916,126.83594963073732,9.316150033473969,37.191814250946045,46.507964038848876,40.86748458862304,122.77673843383789,251.2334770202637,443.9293994140625,858.8071231079102
MY_0p5_1.7500_103.7500,103.75,1.75,1984-05-01,1984,5,168.6216043882732,99.77078314672542,116.64937678469887,11.462866988363144,36.364431731308564,47.82729737969893,40.82355196264726,122.8156909942627,251.3822345975079,444.06285249734225,859.08432740803
MY_0p5_1.7500_104.2500,104.25,1.75,1984-05-01,1984,5,168.87722129821776,99.97294611930846,109.91242442759432,12.19568788543228,39.15270928079767,51.34839582812878,41.813727208810256,126.58562771109646,259.1102943124697,457.617433533188,885.127070463905
MY_0p5_1.7500_109.7500,109.75,1.75,1984-05-01,1984,5,190.09408108023712,107.9883875292401,124.22672271728516,17.418758392333984,41.55956268310547,58.97832107543945,42.42061233520508,128.30157470703125,262.1839904785156,462.4473571777344,895.353515625
MY_0p5_1.7500_110.2500,110.25,1.75,1984-05-01,1984,5,209.42900762665138,107.65928638342658,120.63370260962829,20.093433410726128,53.95070752230558,74.04414265678528,42.36973014872342,128.06992140173276,261.28029905921,458.8744986631016,890.5944579425344
MY_0p5_1.7500_110.7500,110.75,1.75,1984-05-01,1984,5,258.2853476784446,106.69018936157225,123.33443298339844,33.17063789367676,57.59414939880371,90.76478729248045,42.58109397888183,128.78246307373044,263.23781585693354,465.0379257202148,899.6393005371094
MY_0p5_1.7500_111.2500,111.25,1.75,1984-05-01,1984,5,301.7482833620101,104.28670479910713,117.97235703579214,50.30840979287791,105.73853624920514,156.0469451194586,42.776239457241324,129.29108148619187,263.8816798010538,464.9266392907431,900.8756648573765
MY_0p5_1.7500_111.7500,111.75,1.75,1984-05-01,1984,5,357.4464468654198,100.59925699837598,108.34703232970415,78.5154596763321,172.09482347512542,250.61027966269955,43.070378025875804,130.09972724431674,265.1519567755204,466.1621581451801,904.4842258887952
MY_0p5_1.7500_112.2500,112.25,1.75,1984-05-01,1984,5,418.5174899631076,97.39718286423455,104.73408484080481,110.96372390020461,214.7651650080605,325.72888629247274,43.23165053110274,130.51939067537822,265.68354337177584,466.05617733909975,905.4907643151662
MY_0p5_1.7500_112.7500,112.75,1.75,1984-05-01,1984,5,479.8130653018043,96.05223558213976,105.19713066948783,141.59310547359408,243.48446277436759,385.07756987072173,43.36084753369528,130.869683062841,266.22324935670883,466.5969451419891,907.0507196335565
MY_0p5_1.7500_113.2500,113.25,1.75,1984-05-01,1984,5,541.3686106848338,95.59249257890005,107.81336887904577,168.31191023569258,260.6208069816468,428.9327334449404,43.43510212973943,131.06972094339037,266.5208241296193,466.8367573087177,907.8624048626612
MY_0p5_1.7500_113.7500,113.75,1.75,1984-05-01,1984,5,550.5501811678447,94.35099232991537,110.00711553664435,161.77829306466242,276.77530372256325,438.5536144438244,43.476637922014504,131.16708751860116,266.55740937732514,466.2233853779142,907.4245121062747
MY_0p5_1.7500_114.2500,114.25,1.75,1984-05-01,1984,5,518.2708722795759,92.58224685911148,114.27585093180339,106.89750869993179,258.7972881014385,365.6947994171627,43.45188401237367,131.08930785164003,266.43612341502353,466.33310091533355,907.3104096912202
MY_0p5_1.7500_114.7500,114.75,1.75,1984-05-01,1984,5,476.120933256001,91.19140391769804,115.83633339837426,101.35755817630748,232.18095674663013,333.53851602979273,43.34746656269608,130.7850652506932,265.8462772665864,465.2229766055093,905.2017898164265
MY_0p5_2.2500_101.7500,101.75,2.25,1984-05-01,1984,5,157.07119119046916,106.71187206229779,128.34466444843946,5.05607045298875,21.907981872558594,26.96405268197108,41.67818986526644,125.8059458106455,257.2081474535393,453.518727003926,878.211028744476
MY_0p5_2.2500_102.2500,102.25,2.25,1984-05-01,1984,5,161.84253367738862,104.80771921696275,124.19648644114226,6.529868753332841,34.60307108500357,41.13294075778797,41.529470836146594,125.18458469518633,255.6162311608711,449.4842951286352,871.8145921332983
MY_0p5_2.2500_102.7500,102.75,2.25,1984-05-01,1984,5,162.62521584426298,103.43394969988472,126.00770798212365,6.616774052004271,32.49065570589862,39.10743050635615,41.666006812566444,125.65007262893867,257.0292651019519,454.20727220366274,878.5526291086703
MY_0p5_2.2500_103.2500,103.25,2.25,1984-05-01,1984,5,159.46293146042595,100.889088003976,127.96834203326513,8.248631148868137,42.998857044038324,51.247488330659415,41.96153936234731,126.7212634858631,259.06108427501863,456.8746654692151,884.618562437996
MY_0p5_2.2500_103.7500,103.75,2.25,1984-05-01,1984,5,162.56124691720734,101.42355512198755,126.07614616781977,10.008221170457743,34.35946911310746,44.3676887512207,41.550000918113575,125.4015344652079,256.21830175367455,450.33724272129905,873.5070724228681
MY_0p5_2.2500_104.2500,104.25,2.25,1984-05-01,1984,5,168.14731790185945,102.32844121669366,127.29200933787449,10.493909205286958,18.105006036679605,28.59891424888422,41.7517425284898,126.33022371402458,258.0231774700575,452.43330345469076,878.5384294494125
MY_0p5_2.2500_104.7500,104.75,2.25,1984-05-01,1984,5,181.0615692138672,103.29603576660156,,,,,,,,,
MY_0p5_2.2500_109.7500,109.75,2.25,1984-05-01,1984,5,205.98690303679433,108.00764440721082,,,,,,,,,
MY_0p5_2.2500_111.2500,111.25,2.25,1984-05-01,1984,5,285.2550839185714,103.75349217653275,113.65969938390394,65.72307345446418,130.7099899965174,196.43306530223174,42.92376983866972,129.74952114329616,264.8798841588637,467.2030410766601,904.756206736845
MY_0p5_2.2500_111.7500,111.75,2.25,1984-05-01,1984,5,332.15139131091894,101.2294904436384,112.45614340645925,77.569923812624,143.46295749724857,221.0328825935485,42.98065161326574,129.8989723326668,265.0834386431981,467.28217056516615,905.2452303447421
MY_0p5_2.2500_112.2500,112.25,2.25,1984-05-01,1984,5,395.58099975585935,98.30542592850941,108.96821749248201,109.31904054671999,181.43624272422184,290.75528327094185,43.14026142907521,130.3135036892361,265.6117794945127,467.2673698304191,906.332921781994
MY_0p5_2.2500_112.7500,112.75,2.25,1984-05-01,1984,5,448.7636567615328,96.5698770916651,108.53723372202072,112.31065220908513,193.62145564972408,305.93210778614826,43.19232946728903,130.4419906858414,265.73789963495165,467.0651618109809,906.4373924618675
MY_0p5_2.2500_113.2500,113.25,2.25,1984-05-01,1984,5,490.75499713231653,95.99310072641524,111.71646370055184,118.12998785594155,214.15144018748452,332.28142322358633,43.29661240350634,130.71678248814177,266.1281884571863,467.3490522112166,907.4906271313865
MY_0p5_2.2500_113.7500,113.75,2.25,1984-05-01,1984,5,508.1599113367782,93.8516185132763,112.82696236236185,126.51269572294213,229.12673626670357,355.63943819456466,43.304758977286426,130.703829125513,265.87692299372037,465.83329463910457,905.7187866983536
MY_0p5_2.2500_114.2500,114.25,2.25,1984-05-01,1984,5,506.28123556470115,91.97365541004,116.92009684244792,122.47230072021485,221.0295140826513,343.5018167162698,43.29103772602384,130.6403358580574,265.6729621039496,465.27389797634555,904.8782356383307
MY_0p5_2.2500_114.7500,114.75,2.25,1984-05-01,1984,5,479.03515447801163,90.66527303880262,119.2030896832866,131.24107048280777,224.88601389238914,356.1270842521422,43.30624511472641,130.67415018389303,265.6746309341923,465.0374533376386,904.6925111832159
MY_0p5_2.2500_115.2500,115.25,2.25,1984-05-01,1984,5,438.18988037109375,89.94670867919922,125.88584899902344,94.46198272705078,177.37387084960938,271.8358459472656,43.05900192260742,129.9529571533203,264.2467041015625,462.1004333496094,899.3590698242188
MY_0p5_2.7500_101.2500,101.25,2.75,1984-05-01,1984,5,152.1934356689453,108.68806457519531,122.700439453125,4.4301605224609375,15.306516647338867,19.736677169799805,41.821495056152344,126.57981872558594,259.0352478027344,456.9322509765625,884.3688354492188
MY_0p5_2.7500_101.7500,101.75,2.75,1984-05-01,1984,5,152.94712173786573,105.76199579412287,112.53187846790661,6.066148452758788,47.013431417291805,53.07957990472967,41.864939519708805,126.54139751087534,258.2142504882812,453.398096036044,880.0186689897017
MY_0p5_2.7500_102.2500,102.25,2.75,1984-05-01,1984,5,158.6167076742573,103.31622081197752,124.85342910183464,8.600161628358682,39.8920077670152,48.49216994510335,42.09786439397532,127.20426272738513,259.3089862021671,454.0885864063434,882.6997029492809
MY_0p5_2.7500_102.7500,102.75,2.75,1984-05-01,1984,5,158.1129029672357,103.60159526293789,125.10094642639157,8.167599854590017,28.500776327109037,36.66837713990031,42.32803378527677,128.07977876783923,262.1039932830424,463.61940108673474,896.1311950683593
MY_0p5_2.7500_103.2500,103.25,2.75,1984-05-01,1984,5,150.5951116282469,103.65156594051676,121.3174575028146,8.563533830035265,27.673086275720287,36.23661980355621,41.25844166992576,124.23677233070326,253.9900721653252,447.6818147890127,867.1670936535878
MY_0p5_2.7500_103.7500,103.75,2.75,1984-05-01,1984,5,152.91058057702105,104.6819301771081,118.11534030756094,8.113270113545079,18.421906994235133,26.535176554033836,40.14971241753223,120.3245100381737,245.61781641525056,430.730222499865,836.822258030764
MY_0p5_2.7500_104.2500,104.25,2.75,1984-05-01,1984,5,166.6369442659266,103.8840015635771,125.39771270751953,8.525896072387695,5.951536178588867,14.477432250976562,41.41122055053711,125.18721771240234,255.0191192626953,444.07843017578125,865.6959838867188
MY_0p5_2.7500_111.2500,111.25,2.75,1984-05-01,1984,5,281.5456907075027,103.41669595652613,118.60256284825942,82.80121634988224,98.51478599099552,181.3160023408778,42.793052561142865,129.40502436020793,264.40388937557447,467.05431231330425,903.6562733369715
MY_0p5_2.7500_111.7500,111.75,2.75,1984-05-01,1984,5,319.48638978551645,101.64841814510159,116.74070785785544,79.19080530363937,112.2830762534306,191.47388155706994,42.85441891900423,129.56430408872407,264.61763552961673,467.1134863228633,904.1498455179147
MY_0p5_2.7500_112.2500,112.25,2.75,1984-05-01,1984,5,365.5871859200393,99.77266152297395,115.75409980773925,86.19053466796875,133.88584284464517,220.07637751261393,42.959711710611984,129.83562596638996,264.97105499267576,467.22329722086585,904.989687906901
MY_0p5_2.7500_112.7500,112.75,2.75,1984-05-01,1984,5,408.7702397213706,98.40528521960294,116.54629238949548,92.62737018247194,158.0431285809867,250.6704972182648,43.07593125934842,130.1401725479319,265.3698779721803,467.30802067623864,905.8939925568013
MY_0p5_2.7500_113.2500,113.25,2.75,1984-05-01,1984,5,444.15047936817956,97.42729814317491,120.057690066383,105.71154051281157,199.8952421158079,305.6067796495226,43.26713282267253,130.64688648042224,266.08353639632935,467.6930985708085,907.6906443762399
MY_0p5_2.7500_113.7500,113.75,2.75,1984-05-01,1984,5,478.544663544673,94.92067648043299,122.30329341038015,124.65747123766857,236.2247865032998,360.8822522983429,43.38975939173607,130.9487594312923,266.3717080863418,467.06258756795506,907.7728026566232
MY_0p5_2.7500_114.2500,114.25,2.75,1984-05-01,1984,5,512.1787796020508,92.14943108377578,122.27736613116687,155.50900101963475,234.88554454755175,390.3945444807221,43.34283572812623,130.78721097149426,265.9172792072538,465.52516145344015,905.5724879397623
MY_0p5_2.7500_114.7500,114.75,2.75,1984-05-01,1984,5,504.23646856417315,92.32036887004875,124.54684837001145,177.57647158385842,233.56468181245646,411.1411618761196,43.31993856247823,130.7152099609375,265.7645214105108,465.19477144472154,904.9944543534783
MY_0p5_2.7500_115.2500,115.25,2.75,1984-05-01,1984,5,462.1203679265202,90.71471872415627,127.1726095526068,92.72474374857035,171.80802271387594,264.532769280511,42.94069025537989,129.50831384057395,262.8474709450661,457.38513046127173,892.6815883877041
MY_0p5_3.2500_101.2500,101.25,3.25,1984-05-01,1984,5,148.47785271538632,109.80219420199263,129.8113980423152,8.246728644760667,20.987996335159483,29.234726293541577,42.14725478057267,127.57090931458232,261.1625368585846,461.80591259670626,892.6866022844722
MY_0p5_3.2500_101.7500,101.75,3.25,1984-05-01,1984,5,150.72010129532725,103.83322357372114,112.5820112775086,11.03633461484484,72.44867038726808,83.48500614409235,42.056105923500795,127.01638893564795,258.5816988610918,451.55870260250805,879.2129063697379
MY_0p5_3.2500_102.2500,102.25,3.25,1984-05-01,1984,5,156.55034843323722,104.36212938096787,122.88853345598493,12.081585323999798,39.67779168628511,51.75937599303231,42.25864714365157,127.77828625875804,260.9443404909164,459.119983297681,890.1012486049106
MY_0p5_3.2500_102.7500,102.75,3.25,1984-05-01,1984,5,153.81000861638708,105.61356010919884,122.24349270591252,11.070766563656964,27.811101327968547,38.88186801234378,42.24915300441693,127.79253942755203,261.22448981562746,460.69376778904393,891.959929840474
MY_0p5_3.2500_103.2500,103.25,3.25,1984-05-01,1984,5,141.54554500020677,107.4858385514747,113.9955776599797,9.207704795688295,18.28296996871501,27.490674040604876,40.37669325340843,121.04745714516905,247.42245359141197,435.80865359228676,844.6552551468343
MY_0p5_3.2500_112.2500,112.25,3.25,1984-05-01,1984,5,352.90975748697923,100.58763546413846,118.53266126844619,77.14434678819445,108.44783121744793,185.59217800564238,42.86024398803711,129.5723642985026,264.6206461588542,467.2100931803386,904.2633449978299
MY_0p5_3.2500_112.7500,112.75,3.25,1984-05-01,1984,5,385.0737513880576,99.926700099822,122.41453314609215,94.99416764056097,131.85333489590005,226.84750453761364,42.97883462124184,129.89013821961447,265.0535593501857,467.37421955046113,905.2967404224834
MY_0p5_3.2500_113.2500,113.25,3.25,1984-05-01,1984,5,407.66448699262804,99.73602604686765,129.49786926038337,112.72379066004898,156.54212165601325,269.2659213904178,43.09251873420946,130.19184193466648,265.47499801173353,467.57975191058534,906.3391256621389
MY_0p5_3.2500_113.7500,113.75,3.25,1984-05-01,1984,5,460.0265488397507,97.86933244977678,131.63794323149182,122.08908025347998,225.09669286334324,347.1857689267113,43.36825345962767,130.90346311538937,266.3975926959326,467.6519140818762,908.3212227957588
MY_0p5_3.2500_114.2500,114.25,3.25,1984-05-01,1984,5,534.0414198371254,95.67055358400769,130.09978645470488,163.22543694562972,259.69456870692545,422.9200130389754,43.463045666931535,131.11389733575712,266.4515247709432,466.26199263068514,907.2904385123283
MY_0p5_3.2500_114.7500,114.75,3.25,1984-05-01,1984,5,546.3665752046428,96.12055906064951,132.58558178555435,192.0208125023326,249.138567153056,441.15938407752174,43.3841584078066,130.8804696927405,266.01936719372014,465.514258998215,905.7982632582357
MY_0p5_3.2500_115.2500,115.25,3.25,1984-05-01,1984,5,496.19229068031797,93.09088610395601,128.50165260894389,120.94929217085053,214.69823914539964,335.6475252561931,43.1385317814501,130.0615606670138,263.78327092037927,458.5638052059125,895.5471780511398
MY_0p5_3.2500_115.7500,115.75,3.25,1984-05-01,1984,5,466.0588324043189,91.35688318831198,128.8451718105359,135.05459080385359,224.51424467965458,359.5688486849324,43.21292701464021,130.33194226897163,264.59106411023083,461.18071241057316,899.3166572485077
MY_0p5_3.7500_100.7500,100.75,3.75,1984-05-01,1984,5,166.6648712158203,116.14559936523438,128.7834014892578,20.121850967407227,23.201902389526367,43.323753356933594,42.34445571899414,128.1875,262.5646057128906,465.29754638671875,898.3941040039062
MY_0p5_3.7500_101.2500,101.25,3.75,1984-05-01,1984,5,171.18657208771984,110.18066139591551,129.68063616212518,20.798375466109096,62.3996806283599,83.19805920548423,42.507922064525026,128.52441445754957,262.4908418624532,462.55921773077216,896.0824023990571
MY_0p5_3.7500_101.7500,101.75,3.75,1984-05-01,1984,5,175.23278859082393,102.59491690860433,117.5454078479937,17.357214903375908,71.0837666092405,88.44097918613703,42.24760952117337,127.547972150669,259.434229273705,452.20290389334326,881.4327314826335
MY_0p5_3.7500_102.2500,102.25,3.75,1984-05-01,1984,5,167.09290790860615,103.17324073428199,118.80098080105252,18.35528368571448,62.8999169849214,81.25520179385231,42.39661842225089,128.0979734632704,261.12451191251233,457.86512092711433,889.4842269655256
MY_0p5_3.7500_102.7500,102.75,3.75,1984-05-01,1984,5,152.35663166348894,107.12426297626797,117.24262370760479,13.263850645035031,41.447435760498045,54.71128691415937,42.25862063453311,127.74511260986326,260.7187544565352,458.1612008231026,888.8836881122892
MY_0p5_3.7500_103.2500,103.25,3.75,1984-05-01,1984,5,134.83554873523485,109.25924497201623,112.53569063672833,10.985838321610993,30.068826948427684,41.05466524011949,41.606607698926744,125.48196770163143,256.070523370481,449.33305496515015,872.4921436982996
MY_0p5_3.7500_113.2500,113.25,3.75,1984-05-01,1984,5,391.55409812927246,101.72369956970216,133.41676405609633,103.70361102995327,138.11719512939456,241.82081203773376,43.01298791854108,129.98464815733863,265.2060156650231,467.57324168721186,905.776906498143
MY_0p5_3.7500_113.7500,113.75,3.75,1984-05-01,1984,5,450.69423503426196,101.58881203787666,133.44678593607782,99.54921159466492,179.7219757771415,279.2711917420421,43.196561807181844,130.45984741013413,265.8514381581526,467.8600382882029,907.3678944411787
MY_0p5_3.7500_114.2500,114.25,3.75,1984-05-01,1984,5,529.3265102177953,100.1529064117916,134.37764907110306,126.37242213657925,219.31231190514941,345.6847475082155,43.33745720272972,130.81393544030567,266.2659076993428,467.59693613203746,908.0142120845734
MY_0p5_3.7500_114.7500,114.75,3.75,1984-05-01,1984,5,547.4943748837426,99.14344000437903,135.3440963502914,177.14353560190352,232.88048851376487,410.02403632269966,43.33892208281018,130.80019158257377,266.14428536551344,466.866265578497,907.1496731228299
MY_0p5_3.7500_115.2500,115.25,3.75,1984-05-01,1984,5,516.5330333891369,93.64051450699095,125.57398245675223,125.5599837045821,235.67758333720857,361.23756326342385,43.262281920417905,130.45204075404575,264.6986054920015,460.8369631812686,899.2498705667164
MY_0p5_3.7500_115.7500,115.75,3.75,1984-05-01,1984,5,485.52854732815314,90.56998493002475,128.7117066966544,131.1513349135145,239.19625097041506,370.34758050493195,43.26851700707305,130.48775751127613,264.855429450385,461.44812121494215,900.0598469466614
MY_0p5_4.2500_100.7500,100.75,4.25,1984-05-01,1984,5,200.46187353134158,116.17487608541656,126.29721050651708,34.28710070240255,56.37349837945433,90.66059570312501,42.5573275196309,128.7485822405134,263.3801179846939,466.1587891870616,900.8448022959185
MY_0p5_4.2500_101.2500,101.25,4.25,1984-05-01,1984,5,226.48074394048646,106.7866116663453,118.166137889692,40.54548329760315,115.54271314706016,156.08819317665828,42.678338518567905,128.83157659639977,262.07072856927374,457.8945374701434,891.4751895977433
MY_0p5_4.2500_101.7500,101.75,4.25,1984-05-01,1984,5,224.2854501521055,103.86281917194209,118.52431497787136,26.493336851223592,76.50490612724718,102.99823790236404,42.56066715374542,128.62572111184605,262.4250157755405,461.510695679881,895.1221173076204
MY_0p5_4.2500_102.2500,102.25,4.25,1984-05-01,1984,5,187.9097583514814,106.92899239634554,116.30957428563518,17.58513620029242,59.8812349215864,77.46637187141201,42.459566341802336,128.32401477947786,261.82502449206277,460.3678037015775,892.9763844645444
MY_0p5_4.2500_102.7500,102.75,4.25,1984-05-01,1984,5,153.07888548541223,106.69544297722494,110.13485904863687,13.657091389795776,56.97267092565062,70.62976531010524,42.10763326268288,127.10623759372979,258.42552029555014,449.8046361838177,877.4440204596065
MY_0p5_4.2500_103.2500,103.25,4.25,1984-05-01,1984,5,123.69720510249084,110.55947291144928,107.85117736178408,9.187015879029596,31.93619595172098,41.12321304028873,41.66995203370416,125.7815104095778,255.71899892561112,444.4183193299829,867.5887957317074
MY_0p5_4.2500_113.7500,113.75,4.25,1984-05-01,1984,5,471.31448654901413,104.79401016235352,129.99987649017913,66.19614503968437,118.08698315890331,184.28313532415427,42.91741338765846,129.72254771106648,264.83644593436765,467.42731634176005,904.9036882508477
MY_0p5_4.2500_114.2500,114.25,4.25,1984-05-01,1984,5,498.77230988187273,104.08661999205366,130.13370263530484,81.199614359145,137.27178987480963,218.4714070912954,42.99432551262462,129.92332888570073,265.10873472000185,467.50900928394225,905.5353862512067
MY_0p5_4.2500_114.7500,114.75,4.25,1984-05-01,1984,5,516.8597989908856,101.95248789469403,132.9955155436198,138.4303621419271,210.07253845214845,348.5029119873048,43.272889124552414,130.64731404622398,266.02556864420575,467.3241571044922,907.2699381510415
MY_0p5_4.2500_115.2500,115.25,4.25,1984-05-01,1984,5,520.2112934324477,97.46106158362495,126.32998039987352,112.9345982339647,228.61277982923724,341.5473679436577,43.241765869988335,130.4270970556471,264.81882519192163,461.60785388946533,900.0955526563856
MY_0p5_4.2500_115.7500,115.75,4.25,1984-05-01,1984,5,502.1203901905126,93.12633289401816,129.47961389573953,123.26517507262152,238.75158396575415,362.01676532292777,43.310051972987296,130.6341868255098,265.2776314428297,462.8010287010064,902.022910735567
MY_0p5_4.2500_116.2500,116.25,4.25,1984-05-01,1984,5,448.17139527855863,100.40526459856733,138.08736522023273,98.70865058898926,182.89368671324198,281.6023298123988,43.02680303992295,129.85436620944884,263.9893102878478,461.07152110774337,897.9419823623288
MY_0p5_4.2500_116.7500,116.75,4.25,1984-05-01,1984,5,388.97482476206886,105.29857079831164,136.94713764521433,46.09943838615638,116.77938410588085,162.87882153285034,42.68202251368176,128.88790875914472,262.370104839347,459.02920444025466,892.9692276971191
MY_0p5_4.2500_117.2500,117.25,4.25,1984-05-01,1984,5,311.68892028268465,109.47726264886096,138.481411013983,22.050751323193577,53.645901781267824,75.69665235333738,42.33800194326756,127.94127617895077,260.9142828747235,457.8312199685426,889.0247837843094
MY_0p5_4.2500_117.7500,117.75,4.25,1984-05-01,1984,5,259.93409918108557,109.53433309049689,131.25325136103186,12.59958999992436,22.295886520646583,34.895476512419876,40.625916831513756,121.8947246584118,248.6210040231036,435.69510657155615,846.8367510412494
MY_0p5_4.2500_118.2500,118.25,4.25,1984-05-01,1984,5,213.2515306082385,108.14296615332891,118.27072775287995,10.454718134205812,9.969727084894847,20.424445219100665,37.753893007898036,111.44909089689804,226.86662554892763,395.38185382041206,771.4514475051005
MY_0p5_4.2500_118.7500,118.75,4.25,1984-05-01,1984,5,190.13740991663047,107.51876661512587,111.62113952636719,11.224037170410156,5.457612991333008,16.681650161743164,36.12364959716797,105.47076416015625,214.37728881835938,372.3125,728.2841796875
MY_0p5_4.7500_100.2500,100.25,4.75,1984-05-01,1984,5,179.9600490993924,120.26198323567709,,,,,,,,,
MY_0p5_4.7500_100.7500,100.75,4.75,1984-05-01,1984,5,211.08579104349496,114.59598828058172,121.19801888814786,32.40647166337424,95.73831362840605,128.14478798222734,42.6612064392586,128.9054403537657,262.89287250797923,462.20320526371154,896.6627001258414
MY_0p5_4.7500_101.2500,101.25,4.75,1984-05-01,1984,5,247.49951016700876,104.37822827535962,108.98291684105284,43.110945940774585,145.54390094091022,188.65484047541545,42.83296812753829,129.2309535919674,262.56195669022816,457.6934576125372,892.3193239242312
MY_0p5_4.7500_101.7500,101.75,4.75,1984-05-01,1984,5,240.632546005735,105.21750883072143,113.2236769418868,26.779282745482433,99.10588579934742,125.88516373407275,42.70664370097811,128.98979187011722,262.8275152297248,461.26835307772205,895.7922954256572
MY_0p5_4.7500_102.2500,102.25,4.75,1984-05-01,1984,5,188.1636401948475,108.52289196196058,109.30645265125094,18.481075150626047,95.25690431140718,113.73797774541946,42.56764700753349,128.53787289574032,261.66584850492933,457.7171691894531,890.4885742187499
MY_0p5_4.7500_102.7500,102.75,4.75,1984-05-01,1984,5,144.51428244523936,108.75651035187347,105.83415384960777,11.87368405700489,60.99757902789267,72.87126192469505,42.129764301761696,127.18164640778944,258.63713686025824,450.4161616039882,878.3647219906945
MY_0p5_4.7500_103.2500,103.25,4.75,1984-05-01,1984,5,115.57765306228708,112.6450547744979,99.17185926261425,8.367356226453044,35.69057850556181,44.05793597865369,40.05676589064934,119.91375546613746,243.27910639351148,420.45502339605923,823.7046567346779
MY_0p5_4.7500_103.7500,103.75,4.75,1984-05-01,1984,5,95.7830746299342,115.15579223632812,87.52472062544388,3.0986716220905253,4.684908739932172,7.783580371311732,35.664406367710654,104.25130304113611,210.93135903098366,361.4865782106077,712.3336443219865
MY_0p5_4.7500_113.7500,113.75,4.75,1984-05-01,1984,5,505.98651123046875,106.69155883789062,,,,,,,,,
MY_0p5_4.7500_114.2500,114.25,4.75,1984-05-01,1984,5,505.98651123046875,107.10618264334543,127.706298828125,76.43159484863281,116.37623596191406,192.80783081054688,42.89983367919922,129.6920166015625,264.865966796875,467.7598571777344,905.2176513671875
MY_0p5_4.7500_114.7500,114.75,4.75,1984-05-01,1984,5,526.1399076728411,107.35604440012285,132.5740225186912,107.51825254706925,184.65909108807963,292.17734814715647,43.18946854786207,130.43524055070776,265.772697858913,467.48535484396007,906.8827455582157
MY_0p5_4.7500_115.2500,115.25,4.75,1984-05-01,1984,5,567.8574253718058,105.15338114897408,134.00344149271643,116.60845776398975,253.88936312993366,370.4978137016296,43.36180706818898,130.7928675810496,265.6221117973327,463.5322136878966,903.3089688618975
MY_0p5_4.7500_115.7500,115.75,4.75,1984-05-01,1984,5,555.5366725376674,100.17605513315353,132.53849850609188,106.98039693681021,222.99984581356958,329.9802522205171,43.26313764784071,130.50843428354412,265.1172881595672,462.88223005022314,901.7711011129712
MY_0p5_4.7500_116.2500,116.25,4.75,1984-05-01,1984,5,492.94704056997136,100.41562209356395,141.55004587324837,103.56340310232979,186.91964707147503,290.48304598369293,43.128660849919385,130.154986281622,264.64970848446796,462.93878561352915,900.8721563430057
MY_0p5_4.7500_116.7500,116.75,4.75,1984-05-01,1984,5,420.94658235960367,102.26728480375267,140.08664413645297,47.51944899257226,127.37450109554243,174.89395098142987,42.785876684551,129.14302502402776,262.65935168688816,459.0531171001965,893.6413637957994
MY_0p5_4.7500_117.2500,117.25,4.75,1984-05-01,1984,5,336.76801176525294,104.65508616613963,138.81223473927332,25.834873223683186,88.22248089502726,114.05735386439731,42.48296479724702,128.2461914546906,260.8706995403956,455.3519014873202,886.9517471555679
MY_0p5_4.7500_117.7500,117.75,4.75,1984-05-01,1984,5,263.30366714091235,106.27677096596246,139.04455484317828,19.289672718772405,52.23035385035261,71.52002612246743,42.15470813799508,127.28119516976273,258.98084529442116,451.6550465837309,880.0717893190022
MY_0p5_4.7500_118.2500,118.25,4.75,1984-05-01,1984,5,206.95609486642198,107.00432590503789,141.58750723834015,16.772380838442093,30.731363344432125,47.50374444166021,41.928399991749515,126.57754037368238,257.41383645522535,448.09990718975746,874.0196683490697
MY_0p5_4.7500_118.7500,118.75,4.75,1984-05-01,1984,5,174.62440838391268,106.77543717396411,145.65968709052362,12.63403555109531,14.800708837147,27.434744508960577,41.51967094517961,125.2336797593515,254.09144457080694,439.8279986804045,860.6727804835837
MY_0p5_5.2500_100.2500,100.25,5.25,1984-05-01,1984,5,167.45177455306742,120.66236401155506,63.694061279296875,5.649725914001465,23.268726348876953,28.9184513092041,28.0599365234375,76.05978393554688,155.2025909423828,272.21209716796875,531.534423828125
MY_0p5_5.2500_100.7500,100.75,5.25,1984-05-01,1984,5,188.68486885619316,114.76869525185116,116.47803874399472,19.70003475539986,91.7354631533568,111.43549305269087,41.61902083473644,125.17902347959321,254.8478093640558,445.4772640535201,867.1231535111351
MY_0p5_5.2500_101.2500,101.25,5.25,1984-05-01,1984,5,226.30368293883308,106.56546025351872,111.24539460681733,35.569910128154454,135.8876942710271,171.45759817456442,42.71583073933919,128.88046204097685,261.8574053083147,456.27300066266736,889.7266791449654
MY_0p5_5.2500_101.7500,101.75,5.25,1984-05-01,1984,5,218.61389432287524,106.61466226759993,112.83295367781527,19.77977126115447,88.16358635835589,107.94335757698984,42.4719806355276,128.17107381638448,260.5936539279428,455.0034122345554,886.2401284381843
MY_0p5_5.2500_102.2500,102.25,5.25,1984-05-01,1984,5,166.62658545621642,114.06778542099484,107.58715987964798,10.90183837550461,53.48203813953764,64.3838773897499,41.750035814418915,125.8463152259778,255.80185791793141,445.92577532142593,869.3240117358552
MY_0p5_5.2500_102.7500,102.75,5.25,1984-05-01,1984,5,127.47542139606288,113.91371628585134,101.52875557592358,8.462174620062617,37.6788562920134,46.14103212356567,40.48717297052933,121.3936030501026,245.99541382870433,425.55427949549784,833.4304737155719
MY_0p5_5.2500_103.2500,103.25,5.25,1984-05-01,1984,5,111.59817900481049,116.84148507900339,106.05479931521725,7.43876618224305,23.12303714473526,30.561803799170953,41.203527723039905,124.13867058692043,251.4512845324232,433.37394912521563,850.1674214152547
MY_0p5_5.2500_115.2500,115.25,5.25,1984-05-01,1984,5,643.2903747558595,109.07416448285504,137.14262565237578,137.32077551669764,272.3900681792713,409.71084994957096,43.44069965550157,131.02244717957544,266.0923381867956,464.623589187372,905.1790781490139
MY_0p5_5.2500_115.7500,115.75,5.25,1984-05-01,1984,5,627.7716993248981,107.06436357618888,134.6243961657508,130.3001605276334,246.50438904843085,376.80455694683525,43.34277314008292,130.73032211045089,265.5006113860567,463.4703179828191,903.0440241409558
MY_0p5_5.2500_116.2500,116.25,5.25,1984-05-01,1984,5,541.9436468776267,103.0995308356949,136.35559989832626,121.2856370467174,212.42345766477945,333.7090994919403,43.24649675586556,130.48075176190727,265.2127302145656,463.8848612338682,902.82485227947
MY_0p5_5.2500_116.7500,116.75,5.25,1984-05-01,1984,5,454.2203091971482,103.24478277375427,141.73827434491506,76.9789309924162,165.95465271382392,242.93358988701542,43.060049057006836,129.93188220639772,264.14644564857963,461.8916913768913,899.0300795156743
MY_0p5_5.2500_117.2500,117.25,5.25,1984-05-01,1984,5,364.6853299579922,105.6522445436508,144.56915220230346,42.256062183682886,107.30768616691468,149.56375192309184,42.73679464431036,128.9945801750062,262.38568357437373,458.74839768182665,892.865463983445
MY_0p5_5.2500_117.7500,117.75,5.25,1984-05-01,1984,5,279.4025971912202,106.2290522741893,143.6801272437686,26.30575777084108,61.49686751592726,87.80262608603826,42.33118903750465,127.80878446064298,260.0623837425595,454.13811122349324,884.3404790969122
MY_0p5_5.2500_118.2500,118.25,5.25,1984-05-01,1984,5,198.87979416620163,106.28902255501717,146.21747997308233,13.335101082066823,30.49099547050561,43.82609761900203,41.85291223465257,126.37688006261352,257.14555130490834,448.29557314344265,873.6709281775602
MY_0p5_5.2500_118.7500,118.75,5.25,1984-05-01,1984,5,160.53327522277837,105.92946193634516,149.14976776970758,8.143116037050882,11.116613787081507,19.25973035229577,41.2780794567532,124.46584468417697,252.32794973585337,435.8756514655219,853.9475258721245
MY_0p5_5.2500_119.2500,119.25,5.25,1984-05-01,1984,5,164.599311306052,105.49790438697451,150.02883911132812,7.180596828460693,4.5693745613098145,11.749971389770508,41.04191207885742,123.66344451904297,250.224853515625,430.2449645996094,845.1751708984375
MY_0p5_5.7500_100.2500,100.25,5.75,1984-05-01,1984,5,153.95744832356772,120.3342893445814,94.04769694477045,5.755792823406534,7.341916184906566,13.09770871083671,34.329411217925745,99.31644565687266,201.09008565080273,346.5750788417431,681.31103011665
MY_0p5_5.7500_100.7500,100.75,5.75,1984-05-01,1984,5,170.1861366393074,116.43231377980065,109.4328775024414,10.614373248418172,55.11560076077779,65.72997206370036,40.16490455627441,120.06928967793783,243.90154108683268,423.7823295084635,827.9180647786458
MY_0p5_5.7500_101.2500,101.25,5.75,1984-05-01,1984,5,203.63108693520857,111.38862219382459,112.43574388759342,18.943618706830847,83.44918653533217,102.39280368774897,42.2338328323965,127.37109750462332,258.48548528716327,448.54809654416067,876.6384995828465
MY_0p5_5.7500_101.7500,101.75,5.75,1984-05-01,1984,5,196.0031391779582,111.53483845392863,110.95435339609783,16.95957846442859,35.41378839875882,52.37336686054866,41.26173955599467,124.16221014658612,250.46296132405604,429.1573918660482,845.0443168640137
MY_0p5_5.7500_102.2500,102.25,5.75,1984-05-01,1984,5,144.03010965004944,119.05359720572447,100.49621194139473,4.672168418614551,4.64524753080361,9.317415954288007,38.659113399107454,115.48351696284129,230.96542969777528,388.15744357638886,773.2655154655276
MY_0p5_5.7500_102.7500,102.75,5.75,1984-05-01,1984,5,116.36601754324776,117.48604161531021,80.21218872070312,2.881058931350708,2.4242119789123535,5.305270671844482,33.4578857421875,96.3873291015625,192.73155212402344,326.3443603515625,648.921142578125
MY_0p5_5.7500_103.2500,103.25,5.75,1984-05-01,1984,5,106.1376724243164,118.34911346435547,,,,,,,,,
MY_0p5_5.7500_115.2500,115.25,5.75,1984-05-01,1984,5,678.5651997884114,110.15221430460612,131.30172729492188,174.1558074951172,288.6736755371094,462.8294982910156,43.480960845947266,131.21742248535156,266.84417724609375,467.3858642578125,908.9284057617188
MY_0p5_5.7500_115.7500,115.75,5.75,1984-05-01,1984,5,632.193043714652,107.7485485896011,125.09078063964843,148.85833900088355,274.16976071312314,423.0281116303944,43.381581152053116,130.86105535598028,265.83109363374257,464.3600830078125,904.4338105701265
MY_0p5_5.7500_116.2500,116.25,5.75,1984-05-01,1984,5,543.6282707093253,102.44732077462334,122.93072529141867,123.25935993497333,250.4773432171534,373.73671177455356,43.295023103744256,130.57123621380518,265.077479577443,462.1960197327629,901.1397563631571
MY_0p5_5.7500_116.7500,116.75,5.75,1984-05-01,1984,5,448.1032667371962,100.44832971966456,130.4332777961852,82.52530837286086,181.22616756378662,263.75147656637523,43.0555173117017,129.87772783551898,263.7580758231027,459.77156575520826,896.4628824869793
MY_0p5_5.7500_117.2500,117.25,5.75,1984-05-01,1984,5,354.94789628952464,106.03515386731841,139.59574731291283,50.70203639731422,85.70573561875977,136.40776963339243,42.58749502765643,128.60238007265684,261.80591263154326,458.2738628206945,891.269649469514
MY_0p5_5.7500_117.7500,117.75,5.75,1984-05-01,1984,5,275.15646759517614,107.98625236390129,139.07714065449352,23.845703822654365,24.349043244483486,48.19474605585905,41.97601355482268,126.78485396724422,258.14966905837093,451.1184129138922,878.02895462753
MY_0p5_5.7500_118.2500,118.25,5.75,1984-05-01,1984,5,203.31758339752056,107.50227918624878,138.03836886935764,8.53865698920356,5.422371430926853,13.9610280863444,41.03666678534614,123.76348269992404,250.8869201660156,433.22703518337676,848.9141189236111
MY_0p5_5.7500_118.7500,118.75,5.75,1984-05-01,1984,5,156.51279992323657,106.77598828535814,137.89356994628906,4.750363349914551,1.7384601831436157,6.488823890686035,40.65242004394531,122.51567077636719,247.8391571044922,425.686767578125,836.6940307617188
MY_0p5_6.2500_99.7500,99.75,6.25,1984-05-01,1984,5,149.1734146417356,123.61124345368029,112.91419007057368,10.035873036051907,1.5995998576629993,11.635473140450411,39.49294334234193,118.57749388938727,236.64826574990917,391.48697680096296,786.205696993096
MY_0p5_6.2500_100.2500,100.25,6.25,1984-05-01,1984,5,147.72368317842484,121.06380844116211,111.34423750274034,8.22641462598528,1.9346731434063031,10.161087725113848,38.42920663016183,114.42453884202605,230.01667791872606,389.0328202228157,771.9032585299743
MY_0p5_6.2500_100.7500,100.75,6.25,1984-05-01,1984,5,155.33146461280617,119.23880443793928,110.04287607789502,7.856470130125069,22.406424648513205,30.26289427326453,40.09675288844753,120.0663764393928,240.92559396162,414.54615483228764,815.6348867526848
MY_0p5_6.2500_101.2500,101.25,6.25,1984-05-01,1984,5,165.42740314190206,117.52743142934946,108.8295155451848,10.024057711087742,33.514869572566106,43.5389278118427,40.87160773644081,122.71201383150542,245.91155865009014,424.55812565730173,834.0533062274641
MY_0p5_6.2500_101.7500,101.75,6.25,1984-05-01,1984,5,154.71408342633927,120.6617004394531,103.06359645298548,5.600929757526942,5.71363226247153,11.314562354769025,38.55778721400669,115.29166870117186,228.2859427315848,377.74847499302456,759.88388671875
MY_0p5_6.2500_102.2500,102.25,6.25,1984-05-01,1984,5,130.43843078613278,122.89892857249188,98.3843765258789,2.2459299564361572,0.0056532518938183784,2.2515833377838135,37.37224197387695,111.5772476196289,219.6960906982422,356.8541564941406,725.499755859375
MY_0p5_6.2500_115.7500,115.75,6.25,1984-05-01,1984,5,537.9323529330168,107.28912630948153,131.52670288085938,134.5658416748047,247.35572814941406,381.92156982421875,43.37260055541992,130.8528289794922,265.9188232421875,465.0211181640625,905.1653442382812
MY_0p5_6.2500_116.2500,116.25,6.25,1984-05-01,1984,5,487.155019258198,104.47436269124348,129.8891683233992,98.66213014577454,196.4681226419457,295.1302527877203,43.11361487636482,130.0427355661266,264.0641178349566,460.41081715050245,897.6312691440667
MY_0p5_6.2500_116.7500,116.75,6.25,1984-05-01,1984,5,392.6577178470672,102.57742362854974,131.94826345292347,46.86592952183315,109.69566984630767,156.5615993681408,42.634896414620535,128.58808215913317,260.948435562376,453.46315336681545,885.6345646933904
MY_0p5_6.2500_117.2500,117.25,6.25,1984-05-01,1984,5,298.30920468284967,106.36885937887527,135.6057168143136,25.8290282476516,41.42465587797619,67.25368401663643,41.51903802780878,124.93597322494266,253.73779054671996,440.9123674665178,861.1051736498636
MY_0p5_6.2500_117.7500,117.75,6.25,1984-05-01,1984,5,251.00042931238812,108.52364234129588,135.71618036638228,15.992290770101269,10.209914327364917,26.20220474332397,40.944832383540636,123.15558432417306,250.17605233889574,434.2423231336806,848.5187941880254
MY_0p5_6.2500_118.2500,118.25,6.25,1984-05-01,1984,5,238.7433204650879,108.908479145595,138.28907012939453,8.682194863046918,1.5185213897909438,10.200715609959195,41.29035459245954,124.6292495727539,253.08882631574357,438.47800881522045,857.4864283970425
MY_0p5_6.7500_100.2500,100.25,6.75,1984-05-01,1984,5,145.36571480246153,121.44302598167867,116.14196165870219,10.746813893318174,3.22975603359587,13.976569841889775,39.994605625376984,120.13298399308148,240.4336228090174,401.6202428481158,802.1814781637752
MY_0p5_6.7500_100.7500,100.75,6.75,1984-05-01,1984,5,144.73593930844908,121.10466653329355,108.71750103985822,7.037400634200486,3.347709329039963,10.385110007392036,39.090683265968615,116.68590912995515,229.7091296160663,394.5801798502605,780.0659134476274
MY_0p5_6.7500_116.2500,116.25,6.75,1984-05-01,1984,5,371.13983329685254,105.94511999085891,135.27322015529728,31.145215662514293,49.80875526986472,80.9539713045446,42.29441461330507,127.51199675769344,258.4849808855755,448.02422351371956,876.3156068383194
MY_0p5_6.7500_116.7500,116.75,6.75,1984-05-01,1984,5,331.23964088529,105.74946358799933,130.12642232419944,23.06089223326431,37.166424432762064,60.227316769686624,40.49996067695467,121.19103421901055,245.17445355441734,422.7358075168293,829.6012428494782
MY_0p5_6.7500_117.2500,117.25,6.75,1984-05-01,1984,5,265.9545147235577,106.644835610675,127.0742341438226,13.95249857522745,14.709213772706226,28.66171215698782,38.94749450683594,115.79402872946409,234.0290920291327,401.9052040302647,790.675807176438
MY_0p5_6.7500_117.7500,117.75,6.75,1984-05-01,1984,5,225.48779084947375,108.11442693074545,131.118239402771,11.515578821301462,3.911235086619854,15.426813542842863,39.21273386478424,116.9242582321167,236.69941329956055,407.2188272476197,800.0552368164062
MY_0p5_7.2500_116.7500,116.75,7.25,1984-05-01,1984,5,268.3462911290447,106.27851383269778,125.1841945482337,12.625196249588676,3.5328798807185633,16.158076269730277,38.424313752547555,114.06571575662365,228.1903398596722,384.30179337211274,764.9821432362432
MY_0p5_7.2500_117.2500,117.25,7.25,1984-05-01,1984,5,238.26873256923918,106.07684374285175,122.40446504291735,9.102043292396948,0.5647481272487264,9.666791273418227,37.20332368549548,109.82233123779295,218.3475415681538,363.06489739668996,728.438078227796
MY_0p5_0.7500_110.2500,110.25,0.75,1984-06-01,1984,6,182.83137371356673,105.10467611459586,116.95220959003156,17.9169010088994,67.7582967904898,85.67519795344428,42.120750720684356,127.11789867694561,258.38378812349765,449.7519061748799,877.3743304912862
MY_0p5_0.7500_110.7500,110.75,0.75,1984-06-01,1984,6,186.03900277273993,107.19345365251813,123.01945059640066,30.290668160574775,81.74206619262695,112.03273424421036,42.516530227661136,128.47078486851282,262.0015206473214,460.22247837611604,893.2113385881696
MY_0p5_0.7500_111.7500,111.75,0.75,1984-06-01,1984,6,151.12683638315352,103.8967009044829,115.69535076807415,18.968688192821684,54.87081915234763,73.83950678507486,41.99538772825211,126.9613222394671,259.0101148817274,453.9952717130147,881.9621097625248
MY_0p5_1.2500_103.2500,103.25,1.25,1984-06-01,1984,6,196.26801248198575,100.25550383040049,124.44852204756303,12.430033640428023,54.57921947132457,67.00925341519444,39.18371079184792,116.3528714613481,237.67310437289152,419.50015328147197,812.7098152854226
MY_0p5_1.2500_103.7500,103.75,1.25,1984-06-01,1984,6,210.13281546287166,99.88045057278235,115.53182413045643,11.990068741215087,67.62707238058442,79.61713994590981,40.44720666385392,121.10144805908202,247.41269824574294,436.90469093693116,845.8660189434164
MY_0p5_1.2500_104.2500,104.25,1.25,1984-06-01,1984,6,212.9317899431501,101.01881702968052,105.63195037841797,11.863818168640137,84.08436584472656,95.94818115234375,42.12366485595703,127.37892150878906,260.2891540527344,459.9228210449219,889.7145385742188
MY_0p5_1.2500_109.7500,109.75,1.25,1984-06-01,1984,6,146.05117816235645,109.3813763354198,116.21645152999696,10.954187697674856,22.245426683540803,33.19961625983916,42.09737189419299,127.29143018607635,260.0191992334573,457.5592908744353,886.9672807440702
MY_0p5_1.2500_110.2500,110.25,1.25,1984-06-01,1984,6,176.67617644674533,106.66381235012219,118.03142447453207,18.63147405860047,69.11004033328024,87.74151512646768,42.23746892568228,127.52533530452538,259.52216636628265,453.17433867583406,882.4593060467695
MY_0p5_1.2500_110.7500,110.75,1.25,1984-06-01,1984,6,174.75331064860023,107.89949306911892,124.99649091448102,29.17132814800928,85.37579435318234,114.54712337917749,42.58781797620985,128.704132879348,262.60202559213786,461.99424922882554,895.8882355220734
MY_0p5_1.2500_111.2500,111.25,1.25,1984-06-01,1984,6,137.17855501022586,106.40647329994665,120.81163295465537,17.91352784824067,66.12395060481356,84.03747763344275,42.18404611459556,127.51620108022477,260.21226662340257,456.82703465470877,886.7395563582643
MY_0p5_1.2500_111.7500,111.75,1.25,1984-06-01,1984,6,142.2849009680369,103.75635189480252,115.77116599915519,18.659402711050852,63.407661316886774,82.06706310453869,42.09499752710736,127.25571320548887,259.61865234375,455.26018899584574,884.2295609731523
MY_0p5_1.2500_112.2500,112.25,1.25,1984-06-01,1984,6,180.18907273965436,101.24236398299938,117.9344801539697,30.852688532795394,117.0224341765273,147.8751178102445,42.69822177790143,129.0669073889098,263.3739552764118,463.2778690551138,898.416946333677
MY_0p5_1.2500_112.7500,112.75,1.25,1984-06-01,1984,6,233.60667769114178,99.83443673451742,117.95660940806071,57.474522193272904,220.18759854634604,277.66211891174316,43.15201020240784,130.28250217437744,265.115779876709,464.15689977010084,902.7071940104167
MY_0p5_1.2500_113.2500,113.25,1.25,1984-06-01,1984,6,326.9352374532948,99.31906114661174,119.59250322424847,80.60695502239724,275.25934381899623,355.8663040824559,43.39883986763331,130.9676911727242,266.254896877123,465.60749989385187,906.2289248259171
MY_0p5_1.2500_113.7500,113.75,1.25,1984-06-01,1984,6,320.1767756144206,98.22767384847003,118.48899754610929,101.57884534200032,228.5285369410659,330.10738696474016,43.25220359455455,130.5270248181892,265.42726181492657,464.41908356637657,903.6255654999704
MY_0p5_1.2500_114.2500,114.25,1.25,1984-06-01,1984,6,241.73554574071835,96.50127593183939,115.08000547696005,92.6669724726044,176.96441690900684,269.6313881663095,43.02114047835359,129.84891921862035,264.1375762129252,462.1477942002558,899.1554300763966
MY_0p5_1.2500_114.7500,114.75,1.25,1984-06-01,1984,6,190.69127384308848,94.42929544756491,102.75147394980154,52.451137419669855,96.92759852255544,149.37874283329134,41.92363628264397,126.49851595970893,256.91212217269407,445.8107427781629,871.1450451266381
MY_0p5_1.7500_102.7500,102.75,1.75,1984-06-01,1984,6,171.2594064111868,101.74261723302348,113.24075198173523,8.627396628260612,26.51931416988373,35.146711468696594,40.290959000587456,120.99230504035948,247.02451658248899,433.1163988113403,841.4241771697998
MY_0p5_1.7500_103.2500,103.25,1.75,1984-06-01,1984,6,196.17980285408876,99.65391505178798,120.8055173110962,8.991491858959197,37.72199895858765,46.71349105834961,40.55466234207154,121.71051574707033,248.4841549682617,436.5957872009277,847.3451068115234
MY_0p5_1.7500_103.7500,103.75,1.75,1984-06-01,1984,6,211.16895979869216,99.85857714882378,119.65135178384902,11.423610216454616,60.629852053485344,72.05346027808854,41.1119099991231,123.53856417499011,252.31425485731685,444.82307868667795,861.7877821137635
MY_0p5_1.7500_104.2500,104.25,1.75,1984-06-01,1984,6,213.95144071578983,101.00931315422058,116.77857929791591,12.568623291429622,76.16304134398467,88.73166177439136,42.31184795290925,127.93622973538186,261.3674191023952,461.4427771753119,893.0582526155221
MY_0p5_1.7500_109.7500,109.75,1.75,1984-06-01,1984,6,144.46259361089662,109.72176835703293,116.45636749267578,11.363178253173828,22.30281639099121,33.66599655151367,42.14824295043945,127.4609603881836,260.4546813964844,458.7566223144531,888.8204956054688
MY_0p5_1.7500_110.2500,110.25,1.75,1984-06-01,1984,6,162.9001142523262,109.32544916326351,119.32214098435674,17.86568580464246,64.48568941820113,82.35137715059167,42.35569340914966,127.988762921828,261.04299665644845,458.3281140658944,889.7155830260904
MY_0p5_1.7500_110.7500,110.75,1.75,1984-06-01,1984,6,150.83544054898346,108.9477625760165,128.2713493347168,23.14261646270752,85.18747062683104,108.33009033203123,42.66337909698486,128.9805019378662,263.46287689208987,464.98732910156247,900.0940643310546
MY_0p5_1.7500_111.2500,111.25,1.75,1984-06-01,1984,6,118.53526308574374,107.12152600969584,122.44853913063228,15.805840638626455,64.18903102431186,79.99487184036609,42.14101090542106,127.40905523965525,260.13825044853746,457.18431339707485,886.8726287132085
MY_0p5_1.7500_111.7500,111.75,1.75,1984-06-01,1984,6,122.6393183213246,103.97744087026086,114.82447870471806,16.298623480374296,59.64751510378679,75.94613715063166,42.14496851570998,127.40053290355051,259.9637280234807,456.15821355505824,885.6674381690688
MY_0p5_1.7500_112.2500,112.25,1.75,1984-06-01,1984,6,163.28031214153955,101.44754476395865,113.56431693425253,26.14765971955799,100.15863310798767,126.30628792898995,42.39574233766586,128.11078980461,261.1592898414249,457.63000585162456,889.2958284892734
MY_0p5_1.7500_112.7500,112.75,1.75,1984-06-01,1984,6,214.97027985103546,100.69434739370195,114.75772273956781,45.217372821626206,159.52273616488017,204.7401071699839,42.660387154230996,128.86642356751457,262.4892023964534,459.5144352988591,893.5304596431672
MY_0p5_1.7500_113.2500,113.25,1.75,1984-06-01,1984,6,278.40375443715897,100.60897008502293,116.55040135459294,71.36019207182385,212.74199315631202,284.10218999953497,42.97067689441499,129.77362578861297,264.2452223036025,462.8118291945685,899.8013528490823
MY_0p5_1.7500_113.7500,113.75,1.75,1984-06-01,1984,6,275.7890226818266,99.37451530335441,114.85596228705512,112.3561068338061,209.57597835480223,321.932088313027,43.04574318537636,129.9545140342107,264.42059936523435,462.67179449172244,900.0926465231274
MY_0p5_1.7500_114.2500,114.25,1.75,1984-06-01,1984,6,220.8957143147786,97.49715820796905,111.78132263668,91.40715772840711,168.29185548812623,259.6990134587364,42.86239511399042,129.4052084786551,263.34853757827995,460.69918823242193,896.3153295123386
MY_0p5_1.7500_114.7500,114.75,1.75,1984-06-01,1984,6,199.26566587458007,96.33359140188583,105.52571584276586,47.940216993420854,130.73523273369193,178.67544966781696,42.40486710306276,128.00801118050217,260.35265354294853,453.91707504351524,884.6826203499434
MY_0p5_2.2500_101.7500,101.75,2.25,1984-06-01,1984,6,153.2986920289319,105.29817099523063,121.57457586731573,14.629566558683763,57.00609257245305,71.63565926599985,42.09152953793304,126.98689794058753,259.35239202325994,457.6091296263416,886.0399410363399
MY_0p5_2.2500_102.2500,102.25,2.25,1984-06-01,1984,6,149.7553284567509,102.21893814305939,115.82645142477665,8.512445490896415,51.4878616880572,60.00030827864504,41.57593846663333,125.30454513330778,255.75369678844106,449.44706120103166,872.0812351646606
MY_0p5_2.2500_102.7500,102.75,2.25,1984-06-01,1984,6,162.4268624510946,101.14024019844925,115.98567107961148,6.578938475138024,36.163107075268705,42.74204553531695,41.33910684947726,124.62229047847698,254.68142038659204,448.3705453993399,869.0133634156817
MY_0p5_2.2500_103.2500,103.25,2.25,1984-06-01,1984,6,193.83185356987846,99.37952614436074,118.39046051994204,7.541926773010737,43.53796928042457,51.079896424308664,41.68843617514958,125.82566610669333,256.85573323567706,451.0981267051091,875.4679650685143
MY_0p5_2.2500_103.7500,103.75,2.25,1984-06-01,1984,6,214.81523484052238,100.99753073999436,124.9481922214314,11.447204884028029,51.6601559655141,63.107360296734306,41.8915390790519,126.31231684280654,257.72295128773834,452.9769608837063,878.9037653518934
MY_0p5_2.2500_104.2500,104.25,2.25,1984-06-01,1984,6,220.20274576326696,102.6450029698814,132.04563348943537,13.59035063972158,51.173961166507944,64.76430940233972,42.52766617073501,128.53292998006523,262.3297555466329,462.02388492300497,895.4142340037448
MY_0p5_2.2500_104.7500,104.75,2.25,1984-06-01,1984,6,234.30738830566406,105.65326690673828,,,,,,,,,
MY_0p5_2.2500_109.7500,109.75,2.25,1984-06-01,1984,6,136.00609810121597,110.01276151595579,,,,,,,,,
MY_0p5_2.2500_111.2500,111.25,2.25,1984-06-01,1984,6,115.11405032873154,106.55843284726143,114.87507831349092,18.837599137250113,27.7450891382554,46.58268827550551,42.1372153338264,127.45454788208008,260.515219295726,459.0947723388672,889.2017552992875
MY_0p5_2.2500_111.7500,111.75,2.25,1984-06-01,1984,6,124.67234981476315,104.91284862699963,114.42920960925875,18.5577912012736,33.157705870128815,51.71549631754557,42.17155116247753,127.54943385048519,260.65436614505825,459.17373463464156,889.5490840851314
MY_0p5_2.2500_112.2500,112.25,2.25,1984-06-01,1984,6,144.1803962344215,103.48521113320001,111.86647624666726,17.764945750766326,51.886278655037046,69.6512236580016,42.12368547954256,127.37356024848091,260.05812503875245,456.83052842881943,886.3859086294023
MY_0p5_2.2500_112.7500,112.75,2.25,1984-06-01,1984,6,163.82352992466517,102.44255940270801,109.90507364424448,22.983101920476038,64.19670008099268,87.17980322459388,41.89655008467417,126.68553919716486,258.54643012152775,452.88065020848836,880.009196157304
MY_0p5_2.2500_113.2500,113.25,2.25,1984-06-01,1984,6,183.58812507750497,102.09283943781779,110.52902151440819,43.653294057694694,87.26117326040116,130.91447124178447,41.8960664779421,126.67566920689175,258.48247564406626,452.56234925285224,879.6165800548736
MY_0p5_2.2500_113.7500,113.75,2.25,1984-06-01,1984,6,195.20486286018468,100.01837764208831,107.63691752469992,83.64239166356342,132.7274539319775,216.3698444125019,41.96637378161467,126.78736104844494,258.1184950719906,449.7895424758333,876.6617769651775
MY_0p5_2.2500_114.2500,114.25,2.25,1984-06-01,1984,6,200.76589166550409,98.2020006452288,106.99005001007563,65.8324830433679,144.82568141392298,210.65816543821302,42.365758962479845,127.95071856786335,260.43175237746465,454.3727984716022,885.1210251581101
MY_0p5_2.2500_114.7500,114.75,2.25,1984-06-01,1984,6,209.38711104854463,96.87874234107234,106.81509081932806,36.073148862777224,139.8058134755781,175.87896334740427,42.63975016686225,128.75175111832158,262.08298379221276,458.1593953778667,891.6338873094129
MY_0p5_2.2500_115.2500,115.25,2.25,1984-06-01,1984,6,228.1634063720703,95.92410278320312,108.44766998291016,23.154094696044922,117.26000213623047,140.41409301757812,42.68901824951172,128.91055297851562,262.5150451660156,459.74688720703125,893.8615112304688
MY_0p5_2.7500_101.2500,101.25,2.75,1984-06-01,1984,6,165.12754821777344,106.75397491455078,123.65816497802734,16.47331428527832,55.92068099975586,72.39399719238281,42.537540435791016,128.59327697753906,262.6092224121094,463.72900390625,897.4690551757812
MY_0p5_2.7500_101.7500,101.75,2.75,1984-06-01,1984,6,160.16176822743518,103.0768488103693,106.39319813121449,13.89647874138572,83.40158923062411,97.2980679321289,42.367158993807706,128.01847736705434,261.0985152920809,459.2859699041193,890.7701114169033
MY_0p5_2.7500_102.2500,102.25,2.75,1984-06-01,1984,6,155.80877126705877,100.49992460505977,116.4601842795208,7.4092714012048795,63.756650062123676,71.16592114442473,42.35358414376617,128.00165205548524,261.0835563513883,458.27456723352907,889.7133796837679
MY_0p5_2.7500_102.7500,102.75,2.75,1984-06-01,1984,6,166.82861975174916,100.81200227858145,117.18893567821647,5.250994148133676,49.91978131064886,55.17077565494972,42.459244909165776,128.45052342475216,262.7412739041485,464.5532980810238,898.2043746755093
MY_0p5_2.7500_103.2500,103.25,2.75,1984-06-01,1984,6,195.8806902648537,101.65756383519263,115.01657677911649,8.166453530074685,57.56980333510479,65.73625575509041,41.567129183726706,125.10063042610314,255.5046477105208,450.35224088438,872.5246653951658
MY_0p5_2.7500_103.7500,103.75,2.75,1984-06-01,1984,6,214.9038111811099,103.5941988405974,117.04667677637619,10.968729172983478,53.15660982966972,64.1253398772209,40.739746498072755,122.03086265880393,249.00352780390443,438.1740469515049,849.9481935281357
MY_0p5_2.7500_104.2500,104.25,2.75,1984-06-01,1984,6,222.73258052152744,104.16016971363742,130.70033264160156,13.566534042358398,36.771480560302734,50.3380126953125,42.45941162109375,128.28468322753906,261.6407470703125,460.2103576660156,892.59521484375
MY_0p5_2.7500_111.2500,111.25,2.75,1984-06-01,1984,6,118.97464757458917,106.31839794290475,118.03711857515223,25.56785000071806,30.22894578821519,55.796795788933245,42.42020348941579,128.38362974279067,262.835039026597,465.476899988511,899.115763944738
MY_0p5_2.7500_111.7500,111.75,2.75,1984-06-01,1984,6,129.57807003083775,105.4208791764056,116.47874575647812,23.401891026003604,36.983822362176305,60.385713067548025,42.420686540932486,128.37591072608683,262.7433041539685,464.95217106260094,898.4920633250268
MY_0p5_2.7500_112.2500,112.25,2.75,1984-06-01,1984,6,135.8989278576042,104.90557132189785,114.63580444335936,16.646847426096596,47.671624336242665,64.31847143809,42.29201154073079,127.98346577962239,261.8521692911783,462.5263511149088,894.6539984130859
MY_0p5_2.7500_112.7500,112.75,2.75,1984-06-01,1984,6,137.99984277652788,104.3763016326518,111.62158475948286,10.529305670834795,49.03658026683179,59.56588600255266,41.75707506831688,126.3509747710409,258.2584627368782,453.64261463020415,880.0091533419453
MY_0p5_2.7500_113.2500,113.25,2.75,1984-06-01,1984,6,136.2966799781436,103.72944721040271,110.37850676037017,16.937355925544857,50.6879152812655,67.62527281746031,41.43898142254542,125.3667987884037,256.0301972888765,448.0803845602368,870.9163717602927
MY_0p5_2.7500_113.7500,113.75,2.75,1984-06-01,1984,6,154.66849425492015,101.73379519031306,109.1377495443745,31.32670956508369,77.76556192385922,109.09227305612747,41.454592480021674,125.31843073656606,255.41704957804106,445.17484628470845,867.3649084006146
MY_0p5_2.7500_114.2500,114.25,2.75,1984-06-01,1984,6,188.82808583899387,98.943072789832,107.41032754922215,28.885243397724782,106.7126216164118,135.5978674103942,41.895689372774925,126.56519513190547,257.6346107676059,448.54318739492686,874.6386595134494
MY_0p5_2.7500_114.7500,114.75,2.75,1984-06-01,1984,6,212.75372154090056,98.9815751336942,108.30910231960807,20.461205679899567,111.31020063655393,131.77141000055204,42.31129566119734,127.7830959247176,260.16195620397093,454.3742867245036,884.6306255364873
MY_0p5_2.7500_115.2500,115.25,2.75,1984-06-01,1984,6,225.38710324399105,96.76175077971038,109.08661569131387,17.869654432073368,114.83266153421486,132.70231257258234,42.43191844493418,128.0744861912083,260.45178057696364,454.0647225594735,885.0229250246339
MY_0p5_3.2500_101.2500,101.25,3.25,1984-06-01,1984,6,166.52932230631512,106.91576053010816,126.68195862528877,12.078084756428167,47.26013778805269,59.33822379501877,42.50652583378298,128.57697756281158,262.89433080769703,464.83061734804386,898.8084446057271
MY_0p5_3.2500_101.7500,101.75,3.25,1984-06-01,1984,6,171.76916786049895,100.12296977923936,106.04757199621507,12.30216421595045,92.99096250837778,105.29312641605452,42.33346850401277,127.84877220688354,260.26902003197154,455.0606960612498,885.5119218765552
MY_0p5_3.2500_102.2500,102.25,3.25,1984-06-01,1984,6,171.45298616923984,100.9032261197529,116.07855934264167,8.255549833509658,67.54052592686244,75.7960724119156,42.46528000604539,128.39442337278334,262.1720617869544,461.4962082635789,894.5279901413691
MY_0p5_3.2500_102.7500,102.75,3.25,1984-06-01,1984,6,180.1601346172864,101.61986392057393,114.69413651092142,9.352726421778716,58.17629513559462,67.52902070781852,42.452313869814326,128.3937868528728,262.4056354957291,462.95623846899105,896.2079950646508
MY_0p5_3.2500_103.2500,103.25,3.25,1984-06-01,1984,6,200.15959604865952,103.90382432471657,108.33303388166894,10.385198605565375,61.24197246042059,71.62716868645983,40.81701553295024,122.31797870051979,249.84591038607618,440.6957780173237,853.676685643895
MY_0p5_3.2500_112.2500,112.25,3.25,1984-06-01,1984,6,136.0116695827908,105.59359385172527,115.89121907552084,15.93711420694987,40.90095392862956,56.838066524929474,42.27499991522895,127.96246303982207,261.9506924099393,463.210864935981,895.3990139431426
MY_0p5_3.2500_112.7500,112.75,3.25,1984-06-01,1984,6,135.11657481039725,105.63433364129835,115.58384735857854,5.3005632064381585,37.1763020812488,42.47686376727995,41.75391134668569,126.36635420752356,258.40689362072555,454.4208961862032,880.948058581743
MY_0p5_3.2500_113.2500,113.25,3.25,1984-06-01,1984,6,131.0574775064798,105.59404625569967,122.04524551738392,19.50498047380736,68.70467697490345,88.20965886838508,42.161426457491785,127.539543614243,260.59137818307585,458.4894871567235,888.7818171183268
MY_0p5_3.2500_113.7500,113.75,3.25,1984-06-01,1984,6,149.2799137660435,104.15543191092355,121.12110719226655,20.074683785816976,98.7924580891927,118.86714180840387,42.38649666195824,128.16390206473213,261.63677319723456,459.976519969153,892.1637052021329
MY_0p5_3.2500_114.2500,114.25,3.25,1984-06-01,1984,6,184.23355117117524,102.3084439077195,116.15915193982941,29.55977934333169,149.52777709474987,179.0875567539482,42.54201075074019,128.50204139758065,261.6499864128744,457.3920812910528,890.0861309075809
MY_0p5_3.2500_114.7500,114.75,3.25,1984-06-01,1984,6,206.52352618563708,102.64503311351606,117.23310135276455,34.304988186830165,141.65037556059045,175.95536218631042,42.62390634816164,128.7322518658486,262.15808163782594,458.84108447421136,892.3553369607134
MY_0p5_3.2500_115.2500,115.25,3.25,1984-06-01,1984,6,220.8941907279099,98.70751207086103,111.36633935759339,14.119576257995412,109.5729009893876,123.69248013556756,42.196835952469065,127.33911258359498,258.7711284975462,449.8363757555998,878.1434528978566
MY_0p5_3.2500_115.7500,115.75,3.25,1984-06-01,1984,6,266.95645553074525,96.47375968333041,114.6738510131836,27.382253196802033,134.21280695883075,161.59506242730643,42.66190861048323,128.77762629476828,261.92210473907124,457.2417489383997,890.6034017841467
MY_0p5_3.7500_100.7500,100.75,3.75,1984-06-01,1984,6,130.6624298095703,110.6707534790039,129.2538299560547,3.583664655685425,6.983880519866943,10.567544937133789,42.0981330871582,127.43181610107422,260.83465576171875,460.7816467285156,891.146240234375
MY_0p5_3.7500_101.2500,101.25,3.75,1984-06-01,1984,6,148.6513523392613,105.71153770372706,125.7666225988888,7.1973049239433315,46.579480928896324,53.776788081937624,42.33741294836149,128.05332924555805,261.6278202587733,460.80323816194505,892.8218192190029
MY_0p5_3.7500_101.7500,101.75,3.75,1984-06-01,1984,6,162.6871499454274,98.45172240627801,113.54904799248764,8.186356951476663,68.06766969231285,76.25402579337928,42.18508281829251,127.39012063384817,259.17916763208484,451.6017895352309,880.3561636566358
MY_0p5_3.7500_102.2500,102.25,3.75,1984-06-01,1984,6,171.92062726702005,98.35871020120288,114.54890764024522,8.530231954181005,70.58568826100182,79.11591818673269,42.428160664391896,128.2091332329644,261.3973421611483,458.4440621512277,890.4786944676957
MY_0p5_3.7500_102.7500,102.75,3.75,1984-06-01,1984,6,183.57989700559583,101.89864296080573,110.80207904634021,11.49436725132049,62.96115448966858,74.45552213154141,42.43109113905165,128.2630422925192,261.7713743179564,460.30832442026286,892.7738240559895
MY_0p5_3.7500_103.2500,103.25,3.75,1984-06-01,1984,6,196.12113715547963,104.24591207314297,107.50393239937577,13.504176154791141,68.78250771316829,82.28668550977521,42.046311801087626,126.77018049651502,258.62188948089,454.71927945006126,882.1576636220896
MY_0p5_3.7500_113.2500,113.25,3.75,1984-06-01,1984,6,129.46142649650574,107.45809936523438,129.55958882316213,39.53739406241745,106.57750185982127,146.11489874417666,42.70019074737049,129.1125033019019,263.65557361039964,464.6522767113858,900.1205264232199
MY_0p5_3.7500_113.7500,113.75,3.75,1984-06-01,1984,6,150.10847750577062,107.3782715570359,127.3448283865228,33.216902538410665,128.7393446740209,161.95624322490013,42.902336453928534,129.69694222755803,264.77503093238016,466.88859177870273,904.2629214783702
MY_0p5_3.7500_114.2500,114.25,3.75,1984-06-01,1984,6,183.28334388855566,106.47142336406407,124.64538891504681,32.10550883459666,165.22364608522446,197.32916153196302,43.02903179592556,130.0099640376984,265.07666955372645,466.2475342765686,904.3632165333582
MY_0p5_3.7500_114.7500,114.75,3.75,1984-06-01,1984,6,199.94459577287944,105.5143287053184,126.29065735832094,41.27394802154056,168.48512117900546,209.75907212514727,42.99652915833488,129.89055895124162,264.73963535853795,465.16801031203494,902.7947573707216
MY_0p5_3.7500_115.2500,115.25,3.75,1984-06-01,1984,6,209.50539715479292,99.47583717467293,114.346561371334,12.632666179112025,111.00180639842199,123.6344758775499,42.19175692361499,127.3511661590092,258.8822556268601,450.1612956697978,878.5865102616567
MY_0p5_3.7500_115.7500,115.75,3.75,1984-06-01,1984,6,250.1754334813399,95.69493498219002,117.22202202227476,18.774850776727252,130.32257617977885,149.0974256117567,42.56172350327745,128.4624609638461,261.16669447645006,455.0837918288416,887.2746731325877
MY_0p5_4.2500_100.7500,100.75,4.25,1984-06-01,1984,6,113.17990841865539,110.92361558328463,128.2031753851443,3.6401257767969253,16.34407081604004,19.984195724798717,42.045088289221944,127.28025755590325,260.52869200414546,460.03010104432406,889.8841512874682
MY_0p5_4.2500_101.2500,101.25,4.25,1984-06-01,1984,6,116.00033102109452,102.28005403166365,118.4418097089051,7.479512813744272,71.21085932452209,78.69037068725392,42.118783975103106,127.23650600652029,259.04241175560435,451.7102563943074,880.1079435895203
MY_0p5_4.2500_101.7500,101.75,4.25,1984-06-01,1984,6,132.97060908156985,99.46643088343808,117.60290924657268,5.879045381332739,39.548357649733084,45.4274046047808,41.960880121103116,126.83906360175281,258.6888557409707,452.7863443880417,880.2751318593375
MY_0p5_4.2500_102.2500,102.25,4.25,1984-06-01,1984,6,159.4740133559742,101.4288072677466,114.35654778526235,6.573490392666656,49.543950382512975,56.11743836814224,42.30431598748644,127.86197708666135,260.84356348202255,457.9650719980844,888.9749219608002
MY_0p5_4.2500_102.7500,102.75,4.25,1984-06-01,1984,6,178.54493494701995,101.84384099389338,105.68814798828902,11.567426383874977,67.97296171127611,79.54038830167929,42.30132127263744,127.69681019388189,259.68503760076635,452.69636030257885,882.3795197116342
MY_0p5_4.2500_103.2500,103.25,4.25,1984-06-01,1984,6,187.62106618768144,106.01576429626252,105.54288166325266,12.519537330919858,46.26555730573807,58.785096397798654,42.21345415015669,127.40181657744617,259.09279757509665,452.0558573759391,880.7639649288164
MY_0p5_4.2500_113.7500,113.75,4.25,1984-06-01,1984,6,169.96746596079026,110.25489500797157,126.21453180852927,21.68393818837292,93.6559471274322,115.3398813211693,42.7201962021162,129.2201886446971,264.13541973761795,466.6370959012014,902.7128906250001
MY_0p5_4.2500_114.2500,114.25,4.25,1984-06-01,1984,6,185.99616410642486,110.13455795229173,124.79640583642203,15.415349371184716,82.52140955391079,97.9367571208468,42.64295651645734,129.01630587191195,263.8473050032803,466.38927362508304,901.8958120456534
MY_0p5_4.2500_114.7500,114.75,4.25,1984-06-01,1984,6,194.17278910319013,108.77777384440107,127.90189834594727,22.70604891459148,112.93026341756187,135.63631724039715,42.754096094767256,129.26862294514976,263.97435139973965,465.36027709960945,901.3573441569013
MY_0p5_4.2500_115.2500,115.25,4.25,1984-06-01,1984,6,197.5878036287096,103.85176107618544,118.97088718414308,11.954242507616678,92.28315970632765,104.23739960458546,41.86180550522274,126.37555776702033,256.8368395699395,445.5119533538819,870.5861451890734
MY_0p5_4.2500_115.7500,115.75,4.25,1984-06-01,1984,6,223.6195893885726,97.85591862565381,117.14975658352093,12.55616444409904,104.29284060203425,116.84900352348717,42.17399407079665,127.30148734399832,258.7403086516817,449.64383472507296,877.8596183130297
MY_0p5_4.2500_116.2500,116.25,4.25,1984-06-01,1984,6,275.9534091484256,102.37748341444063,125.64953180638754,13.558467853360062,120.47573378027941,134.03419843534144,42.61806971852372,128.64735663809427,261.6452845131479,456.6765587039111,889.5872754352848
MY_0p5_4.2500_116.7500,116.75,4.25,1984-06-01,1984,6,285.6851356815052,105.79993610712835,128.69004733576253,22.141706185533828,143.4941683642437,165.635874224536,42.91643892409485,129.58511334898844,263.83363492227016,462.5124995060739,898.8476880023935
MY_0p5_4.2500_117.2500,117.25,4.25,1984-06-01,1984,6,267.4585758985671,108.98857464410564,130.07799455760855,22.40070074638434,135.3163311713565,157.71702737723828,42.97321432670661,129.8292950655507,264.740626107275,466.06084340863526,903.6039904028969
MY_0p5_4.2500_117.7500,117.75,4.25,1984-06-01,1984,6,257.409659882896,109.1182711674617,123.43970059125853,18.463359433361614,100.23753008068117,118.70088720729207,41.38259136167348,124.13282593295108,253.07860310872397,445.12803128234344,863.7220495501136
MY_0p5_4.2500_118.2500,118.25,4.25,1984-06-01,1984,6,251.4609366076732,108.28266326725831,114.133308993783,18.598048544233773,86.11763569048256,104.7156860934701,38.66089848803867,114.18659010966115,232.56628281903116,408.1966729619701,793.6104090988257
MY_0p5_4.2500_118.7500,118.75,4.25,1984-06-01,1984,6,251.07395539460356,107.98313677752458,109.86237335205078,18.7227840423584,87.69982147216797,106.422607421875,37.12992477416992,108.55557250976562,221.018798828125,387.8113098144531,754.5155639648438
MY_0p5_4.7500_100.2500,100.25,4.75,1984-06-01,1984,6,153.87547471788196,113.2990968492296,,,,,,,,,
MY_0p5_4.7500_100.7500,100.75,4.75,1984-06-01,1984,6,128.44315871147262,108.96473395911445,120.66796487327514,3.600531309600768,24.155356740563864,27.755888737314116,41.03889100919894,124.05378068753375,252.6642203602364,439.13020101407676,856.8870713148659
MY_0p5_4.7500_101.2500,101.25,4.75,1984-06-01,1984,6,117.58725898871988,99.69890732538133,109.15491216750371,6.662189541922675,60.20131194705056,66.86349924481105,41.54595028105236,125.42556472051713,254.7544706314329,440.64437875899057,862.3703574528769
MY_0p5_4.7500_101.7500,101.75,4.75,1984-06-01,1984,6,129.32677379535264,100.7585688273112,112.04430188375808,5.749751128847638,45.4736924792093,51.22344090295217,41.46059503706675,125.27662399534196,255.12968270438057,444.27811046782,866.1449910481771
MY_0p5_4.7500_102.2500,102.25,4.75,1984-06-01,1984,6,159.8791038876488,103.90763077508836,102.42430725097657,9.70023232414609,33.611760584513355,43.31199308122908,41.24052218482608,124.4681160336449,252.706541515532,436.84660993303584,855.2617629278275
MY_0p5_4.7500_102.7500,102.75,4.75,1984-06-01,1984,6,174.12769453692582,104.62611683159116,99.5846165942538,14.148028066963143,38.83443760112592,52.982467371946676,41.64409196452729,125.64611553993953,254.9883592933606,441.22670323074226,863.5052525222679
MY_0p5_4.7500_103.2500,103.25,4.75,1984-06-01,1984,6,169.36129254526438,108.92005131849604,98.76474139787175,13.502899212150997,49.83876301089777,63.34166478934764,40.676632912836396,121.74184657022963,246.94720115520866,428.29779728400314,837.6634895352861
MY_0p5_4.7500_103.7500,103.75,4.75,1984-06-01,1984,6,167.89941807797084,111.23235321044922,91.6780092313692,8.145251261723507,15.93386321563225,24.079114468066724,36.74705985923866,107.43915706485896,217.31349657727523,374.66435182249387,736.1640728046367
MY_0p5_4.7500_113.7500,113.75,4.75,1984-06-01,1984,6,201.43667602539062,112.19155883789062,,,,,,,,,
MY_0p5_4.7500_114.2500,114.25,4.75,1984-06-01,1984,6,201.43667602539062,112.44495500837053,127.7639389038086,7.305210590362549,39.76280975341797,47.068023681640625,42.42637634277344,128.45999145507812,263.13873291015625,466.3065185546875,900.3316040039062
MY_0p5_4.7500_114.7500,114.75,4.75,1984-06-01,1984,6,206.00251310615133,112.90613112911103,130.9854208833428,11.512441465931555,62.88215112173429,74.39459548457977,42.47678408058741,128.5274623747795,262.89218960013443,464.5018937305737,898.3982977098035
MY_0p5_4.7500_115.2500,115.25,4.75,1984-06-01,1984,6,220.0747722784678,111.15472118059792,130.01703333854672,13.446290835738179,114.65506223837534,128.1013549963633,42.20551441113153,127.43499696254727,259.1706533432006,451.0739537874857,879.885110537211
MY_0p5_4.7500_115.7500,115.75,4.75,1984-06-01,1984,6,227.13679053896948,104.78546590653677,121.74320315406436,9.872553534734816,90.80985255165706,100.68240661621094,42.05265031844851,126.95526200551835,258.10295061383925,448.61198778909346,875.7228461371527
MY_0p5_4.7500_116.2500,116.25,4.75,1984-06-01,1984,6,234.97622477213537,103.55757463243272,127.49520840115015,13.270440392267133,105.28080015636623,118.55124124193944,42.50506098913767,128.33852650475876,261.1712629045759,456.26702968052444,888.2818851531496
MY_0p5_4.7500_116.7500,116.75,4.75,1984-06-01,1984,6,246.2736012905459,104.85586663741098,127.3781981166405,19.075124517271792,125.89938202387171,144.97451062745685,42.76454996760887,129.1308709156664,262.8886081357545,460.33795339849934,895.1219924733608
MY_0p5_4.7500_117.2500,117.25,4.75,1984-06-01,1984,6,261.68873697916666,106.22790001763238,121.85970928858197,16.51603483169798,109.62113739498078,126.13717317127046,42.5810327196878,128.6147537473648,261.97111244807166,458.73189425998265,891.8987833658854
MY_0p5_4.7500_117.7500,117.75,4.75,1984-06-01,1984,6,259.50085468533666,107.5009573682954,118.24264263201361,9.856378754482993,67.82827186584474,77.6846489000924,42.277533410470696,127.71463604214821,260.16203539884543,455.11396297020246,885.2681463700304
MY_0p5_4.7500_118.2500,118.25,4.75,1984-06-01,1984,6,243.96877430671427,108.09897648030191,123.27032413195128,14.90282376447515,78.1306572056296,93.03348023687775,42.524107103970785,128.4445192346621,261.66301585441863,458.67660307764413,891.3082416476917
MY_0p5_4.7500_118.7500,118.75,4.75,1984-06-01,1984,6,232.1548985348472,107.47572761245922,129.01338543469393,15.494669503803497,63.51532121247884,79.00999004026004,42.37674920770186,127.90554442586776,260.10168881959555,454.311364668834,884.6953526750394
MY_0p5_5.2500_100.2500,100.25,5.25,1984-06-01,1984,6,184.7522080261583,112.15662282601947,70.17969512939453,9.71025276184082,11.476737022399902,21.186988830566406,28.07374382019043,75.98816680908203,154.5297393798828,269.57513427734375,528.1668090820312
MY_0p5_5.2500_100.7500,100.75,5.25,1984-06-01,1984,6,172.29384288912505,107.82798310774794,118.86120929937255,5.693645521142018,34.215537093151575,39.90918310757341,40.33866713512903,121.28126376798785,246.36488657984242,426.22977631667567,834.2146017140357
MY_0p5_5.2500_101.2500,101.25,5.25,1984-06-01,1984,6,152.30976228259857,101.4187022375682,112.41115109882656,6.725377477918351,49.39430945865691,56.11968653239902,41.40473792666481,124.93131067185175,253.4465570843409,437.42570190429683,857.2083174448164
MY_0p5_5.2500_101.7500,101.75,5.25,1984-06-01,1984,6,153.48834490927922,102.02302162510576,111.75577350786538,8.21694607036129,37.409537588714805,45.62648349203122,41.349067141296004,124.86738909581665,253.89583971545957,440.5514658545233,860.6637787059616
MY_0p5_5.2500_102.2500,102.25,5.25,1984-06-01,1984,6,173.85771864386882,109.84569945608735,103.3323787519127,11.018048593193104,22.248302690542424,33.266351687680384,40.796137475663684,122.97746646176478,249.71080415567772,431.96624979395773,845.4506610457304
MY_0p5_5.2500_102.7500,102.75,5.25,1984-06-01,1984,6,172.26811034361003,110.04284485737989,98.03135109594311,15.075024523977506,29.321032313977256,44.39605754270392,40.353508461127845,121.01496962207857,245.1999804997848,423.01275086483713,829.5812059305481
MY_0p5_5.2500_103.2500,103.25,5.25,1984-06-01,1984,6,152.87176298918547,113.18078875667834,104.16591198413404,17.929728049736518,38.69846138861273,56.628191303897225,41.532777117444326,125.13968861567511,253.58723241632634,438.49730177049514,858.7570261769482
MY_0p5_5.2500_115.2500,115.25,5.25,1984-06-01,1984,6,273.02566823651716,114.11014692244994,132.02251496862192,15.994194405977844,129.8583731729476,145.85256407690832,42.480601388900006,128.32891595559042,261.37806276415216,457.25043975329794,889.4380343077613
MY_0p5_5.2500_115.7500,115.75,5.25,1984-06-01,1984,6,277.9193744978379,112.16179722170287,126.71955106056343,12.243730829529843,117.20245575985666,129.44618434582728,42.345851600776285,127.91035570047666,260.45492305432333,455.0657274149232,885.7768883656646
MY_0p5_5.2500_116.2500,116.25,5.25,1984-06-01,1984,6,270.72593331638774,106.76269849946226,125.07358833506137,17.483287014538732,116.29861276361007,133.7818968084794,42.64077738266957,128.80843348442752,262.47809359393545,460.2812442055232,894.2085764438292
MY_0p5_5.2500_116.7500,116.75,5.25,1984-06-01,1984,6,276.6334976968885,106.55954925923407,128.06019106997718,33.67072483255893,157.0240612754339,190.6947876652585,42.957565536981896,129.7014929373053,264.0418498365185,462.7929571610463,899.4938791009444
MY_0p5_5.2500_117.2500,117.25,5.25,1984-06-01,1984,6,298.1201517740885,108.26644650413876,124.2455847361731,33.494048375931996,134.72309475853328,168.2171472458612,42.73283349900018,129.04218200199188,262.7468020484561,460.2046551416791,894.726484607515
MY_0p5_5.2500_117.7500,117.75,5.25,1984-06-01,1984,6,282.80363498263887,108.40810353112599,114.8213399977911,14.449546874515594,54.89763502090696,69.34718250093007,41.948684389629065,126.67577064150855,257.79025597950766,449.38866373697914,875.8033708844865
MY_0p5_5.2500_118.2500,118.25,5.25,1984-06-01,1984,6,236.6421196906121,107.70587362301578,116.70947608218829,10.807521399419018,38.98440811436647,49.79192637789781,41.99786003987501,126.78042925694945,257.8566445514654,449.64084270501587,876.2757492551378
MY_0p5_5.2500_118.7500,118.75,5.25,1984-06-01,1984,6,217.16249328613287,106.46750052315846,126.17781543731692,9.461933354536693,21.008252527978687,30.470183955298527,41.86888286802503,126.27835771772598,256.2451934814453,444.66937213473847,869.0617887708876
MY_0p5_5.2500_119.2500,119.25,5.25,1984-06-01,1984,6,231.06105605870076,105.69534018380303,130.0646209716797,8.344976425170898,10.07402515411377,18.41900062561035,41.74433517456055,125.8482666015625,255.06594848632812,441.2901306152344,863.9486694335938
MY_0p5_5.7500_100.2500,100.25,5.75,1984-06-01,1984,6,202.13050319912196,110.72822460827527,114.57124272617723,13.3664516746451,8.728077074803343,22.09452818949288,34.881864425239215,100.81115855645697,203.57702356740967,351.13611399799316,690.4061587272433
MY_0p5_5.7500_100.7500,100.75,5.75,1984-06-01,1984,6,188.8300567626953,108.41473497663226,121.48886189778646,11.47865330696106,50.6931880569458,62.171841793060295,40.317874107360836,120.49576606750487,244.61148325602213,425.03473531087235,830.4598404947917
MY_0p5_5.7500_101.2500,101.25,5.75,1984-06-01,1984,6,170.0267619936485,105.49768643116388,119.3297726488489,11.374059703406388,63.26938759811282,74.64344871701218,42.004971181313834,126.73339194951096,257.3053546815407,446.28691173162986,872.3306243175597
MY_0p5_5.7500_101.7500,101.75,5.75,1984-06-01,1984,6,167.46714725494382,106.65585381189983,119.34508403142293,8.791914729277293,32.20296949458619,40.99488362471263,41.55693289438884,125.2182825088501,253.4414975484212,436.94568163553873,857.1623977661134
MY_0p5_5.7500_102.2500,102.25,5.75,1984-06-01,1984,6,182.7292487804706,114.44112525842128,112.91593850903237,14.59777489093819,25.572344115223448,40.1701198202191,40.49048628630461,121.04033558135883,242.95666729962383,413.2016386809172,817.689145894163
MY_0p5_5.7500_102.7500,102.75,5.75,1984-06-01,1984,6,175.75241306849887,112.95650737725416,88.3222427368164,17.521406173706055,26.761905670166016,44.28330993652344,35.62809753417969,103.14591217041016,207.6644744873047,356.1282043457031,702.5667114257812
MY_0p5_5.7500_103.2500,103.25,5.75,1984-06-01,1984,6,146.57363891601562,114.5387191772461,,,,,,,,,
MY_0p5_5.7500_115.2500,115.25,5.75,1984-06-01,1984,6,305.1434193929036,115.76387379964193,134.13958740234375,29.403579711914062,144.0411834716797,173.44476318359375,42.970523834228516,129.87112426757812,265.04168701171875,467.1480407714844,905.0313720703125
MY_0p5_5.7500_115.7500,115.75,5.75,1984-06-01,1984,6,294.2930438269867,112.94578374382908,124.7444558279855,20.255658531188963,136.48563094366165,156.74128933861144,42.677551923479356,128.96027526855468,262.929970296224,461.47839675176715,896.0462129138765
MY_0p5_5.7500_116.2500,116.25,5.75,1984-06-01,1984,6,274.535074094742,106.88004026867094,118.75879613482763,22.12519222743927,147.0378478277297,169.1630389258975,42.6665540664915,128.8753133622427,262.4656324598525,459.34436897398933,893.3518940274678
MY_0p5_5.7500_116.7500,116.75,5.75,1984-06-01,1984,6,273.6178366040426,104.2215308295356,117.99429028223432,45.06303030649822,185.5723339262463,230.63536541651163,43.04628293476408,129.9312869601779,264.28358580574155,462.3038276793465,899.5649974035837
MY_0p5_5.7500_117.2500,117.25,5.75,1984-06-01,1984,6,297.0542216496513,108.74002286989229,120.11347754445362,46.5326938929994,148.83788542642205,195.3705808717746,42.99401257391607,129.83732975619824,264.5101718842419,464.74460233574035,902.086125033887
MY_0p5_5.7500_117.7500,117.75,5.75,1984-06-01,1984,6,283.3553634401352,109.51379941910034,114.62920753427801,22.05844374791088,49.299612909355425,71.35805662526381,42.286699947894824,127.73074635243258,260.3095938663355,456.5664050211043,886.8934358942429
MY_0p5_5.7500_118.2500,118.25,5.75,1984-06-01,1984,6,236.3918981417804,108.5438732147217,112.03129248725043,10.013112072414822,7.345643340216743,17.358755628797745,41.42896787855361,124.8653446790907,252.9874853515625,437.34404161241315,856.6258357747396
MY_0p5_5.7500_118.7500,118.75,5.75,1984-06-01,1984,6,207.49137394244855,107.29914591862605,111.86605072021484,7.890758037567139,3.7033777236938477,11.594135284423828,41.13628005981445,123.8445816040039,250.18594360351562,429.60162353515625,844.7684326171875
MY_0p5_6.2500_99.7500,99.75,6.25,1984-06-01,1984,6,223.90326675714235,108.0635435814951,142.81019663256265,24.413446160249936,13.16527002911235,37.57871547965116,40.9363820275595,123.20450467841569,247.90059466694674,421.26579816951306,833.3073120117188
MY_0p5_6.2500_100.2500,100.25,6.25,1984-06-01,1984,6,186.95726364851,109.22009962797165,134.5975138138751,11.57416767198212,5.5103385847442,17.08450613216478,38.718349503497684,115.27991700464364,232.04425964355465,396.4369977678571,782.4795198401625
MY_0p5_6.2500_100.7500,100.75,6.25,1984-06-01,1984,6,173.0291926557033,110.05180043695518,124.03267678514872,8.576290167436637,27.274590414923594,35.8508806707316,40.27036898108523,120.57417206046206,242.72694520692568,421.17410030880495,824.7455651714075
MY_0p5_6.2500_101.2500,101.25,6.25,1984-06-01,1984,6,165.36152414175183,109.73527022141677,118.34705916184646,8.812473737276518,39.21520743736854,48.027683668870196,41.06895834115836,123.34965949425332,248.40594482421875,433.078659761869,845.903224534255
MY_0p5_6.2500_101.7500,101.75,6.25,1984-06-01,1984,6,173.00772574288501,115.1774198259626,118.04367675781249,7.633794403076171,13.049446510310682,20.68324131284441,40.29785951886858,120.4452893938337,239.0451315743582,397.7915945870535,797.5799072265626
MY_0p5_6.2500_102.2500,102.25,6.25,1984-06-01,1984,6,183.91382312774655,117.69277888972584,114.99880981445312,5.979839324951172,0.06007072702050209,6.039909839630127,39.52769470214844,117.65638732910156,231.08631896972656,375.0338134765625,763.3042602539062
MY_0p5_6.2500_115.7500,115.75,6.25,1984-06-01,1984,6,259.8269639448686,112.55033839832653,134.014892578125,15.19389820098877,98.33565521240234,113.52954864501953,42.53443145751953,128.60679626464844,262.5740661621094,461.8853454589844,895.6006469726562
MY_0p5_6.2500_116.2500,116.25,6.25,1984-06-01,1984,6,241.3539899859512,109.25258549472741,127.0458652983678,13.88466490943001,95.88966008324981,109.7743220056206,42.40174190168339,128.14608889004205,261.2964505771183,457.9224075115725,889.7666857211075
MY_0p5_6.2500_116.7500,116.75,6.25,1984-06-01,1984,6,228.5199954078311,106.62957867819163,119.65990055629184,19.18957967909555,103.93746612791031,123.12704588874936,42.45583350771949,128.22743648952905,261.107669890873,456.51999075753355,888.3109136672248
MY_0p5_6.2500_117.2500,117.25,6.25,1984-06-01,1984,6,248.8239102318173,108.62162766229537,118.0204836406405,24.14951323857383,82.88232907492016,107.03184317936973,41.98066775609576,126.43294786725727,257.53960300021697,451.48686852833583,877.4400787837922
MY_0p5_6.2500_117.7500,117.75,6.25,1984-06-01,1984,6,256.6728313763937,109.34855043888093,115.10630584181402,17.805386721739296,36.385332816699794,54.19071993911476,41.34331260368838,124.36676596479806,252.96902358741093,441.5466478135851,860.225753694947
MY_0p5_6.2500_118.2500,118.25,6.25,1984-06-01,1984,6,254.49647903442386,109.50595855712889,113.40824944632394,11.65452093737466,3.797354155885322,15.451875482286725,41.32567296709333,124.60834503173827,252.6693834577288,437.09654453822543,855.6999555315291
MY_0p5_6.7500_100.2500,100.25,6.75,1984-06-01,1984,6,182.76895478192498,108.27832754920512,136.70660613564883,9.366977242862477,4.530954501208137,13.897931744070615,39.83346798840691,119.80426098318661,240.89633840673108,409.27510564467485,809.8091771742877
MY_0p5_6.7500_100.7500,100.75,6.75,1984-06-01,1984,6,163.32204804597077,110.76855214436851,122.94046246563947,4.322447105690285,4.522034892329463,8.844482280589917,38.73597547743056,115.44886921070241,228.94742160373266,399.9436600296586,783.0759119104456
MY_0p5_6.7500_116.2500,116.25,6.75,1984-06-01,1984,6,179.62304757655352,111.53787816956986,125.36313517500716,6.452074865015542,34.86912415667279,41.3211982540968,41.770297352860624,126.29988898300545,257.7950365020008,451.505281029678,877.3705087056975
MY_0p5_6.7500_116.7500,116.75,6.75,1984-06-01,1984,6,183.63089683918636,110.37868374586107,116.7806722769153,6.917937146816328,34.37437988175705,41.2923161955219,39.95449767282358,119.84747715524064,243.87613228658446,424.2821947180707,827.9602998876761
MY_0p5_6.7500_117.2500,117.25,6.75,1984-06-01,1984,6,198.81881492158286,109.33034799037836,111.08031227314366,9.238186152635423,27.75012926717775,36.98831521937277,38.82241281154937,115.62493542021355,234.79685265195053,407.1241259279504,796.3683188109271
MY_0p5_6.7500_117.7500,117.75,6.75,1984-06-01,1984,6,222.84556325276694,108.73581843905978,114.16447496414185,12.049658849835396,19.012302415911105,31.0619620680809,39.68111848831177,118.39198160171509,240.2651662826538,416.88567447662354,815.2239322662354
MY_0p5_7.2500_116.7500,116.75,7.25,1984-06-01,1984,6,135.9535399910033,110.35560898553757,109.83247985839844,2.69103103513303,4.127620419212009,6.818651369343632,37.11302082227625,110.78687458867613,224.35065228006113,383.9420380965523,756.1925940472147
MY_0p5_7.2500_117.2500,117.25,7.25,1984-06-01,1984,6,127.88956856942393,109.18551484528963,104.47591295744243,1.9645393647645648,0.4029574707542595,2.3674968945352655,35.41697500128495,105.27332578960218,212.29623011538857,359.0800309030633,712.0665745785361
MY_0p5_0.7500_110.2500,110.25,0.75,1984-07-01,1984,7,353.6588923527645,98.46405651385969,118.55323779766377,63.58754160954403,179.94275277944718,243.53030348557695,43.030040858342105,129.82410747821518,263.8303133451022,460.907305438702,897.5917996920073
MY_0p5_0.7500_110.7500,110.75,0.75,1984-07-01,1984,7,382.623184640067,100.4713398524693,123.83693945748466,104.50193514142718,184.17972717285156,288.6816554478237,43.12668162754604,130.2041303362165,265.08772059849326,465.28383483886716,903.7023542131697
MY_0p5_0.7500_111.7500,111.75,0.75,1984-07-01,1984,7,426.24144974965895,97.50203438410684,116.41778043716673,155.08111233181424,203.7481716095455,358.8292943560888,43.09186784047929,130.02796524290054,264.2779565235925,461.70579407707095,899.1036221943203
MY_0p5_1.2500_103.2500,103.25,1.25,1984-07-01,1984,7,251.03317645915507,99.05069458600387,117.0232901139693,23.145410320975564,70.91689942099832,94.06230874495074,39.122066931291066,116.27608854120429,237.83690573952418,420.1988303444602,813.4339280561968
MY_0p5_1.2500_103.7500,103.75,1.25,1984-07-01,1984,7,243.49898136472243,98.37494755717158,108.83721916420947,21.383389074825548,90.64882237702898,112.0322116740699,40.46324513259443,121.21886821857935,247.86658129645787,438.0720114106114,847.6207352425289
MY_0p5_1.2500_104.2500,104.25,1.25,1984-07-01,1984,7,244.52655203683034,99.14997209821429,99.67351531982422,19.2812557220459,113.28681182861328,132.5680694580078,42.21762466430664,127.68933868408203,261.02874755859375,461.56146240234375,892.4971923828125
MY_0p5_1.2500_109.7500,109.75,1.25,1984-07-01,1984,7,312.63692869623026,103.18546828304429,120.34841955713479,60.6129935390978,133.08721409073794,193.70021792492236,42.9538969476539,129.67438994258285,263.9927563035344,463.3498877100198,899.9709259400885
MY_0p5_1.2500_110.2500,110.25,1.25,1984-07-01,1984,7,348.86489691421343,100.43675997818761,119.13027067442198,66.93909324734368,174.15924944196428,241.0983547372708,43.03236456911537,129.8405826524418,263.92599864355844,461.4168280524177,898.2157960398317
MY_0p5_1.2500_110.7500,110.75,1.25,1984-07-01,1984,7,377.46898193359374,101.42488221668061,124.05809255933003,97.08139110746838,175.92047884502108,273.0018629286024,43.10411587669736,130.142186288985,264.9890488397507,465.2388202001178,903.4741588774181
MY_0p5_1.2500_111.2500,111.25,1.25,1984-07-01,1984,7,397.37051879102813,99.77245289372942,122.06740267817588,114.08055711935124,170.75602137166473,284.8365790028923,43.0501741403208,129.89948426267972,264.0428954298123,461.7224066493611,898.714994095385
MY_0p5_1.2500_111.7500,111.75,1.25,1984-07-01,1984,7,419.6356796991258,97.19249519469246,115.41245887393043,142.93648516942582,204.88822719029017,347.82471817258806,43.09851328531901,130.02924213712177,264.19237360878594,461.2734176393539,898.5935794890872
MY_0p5_1.2500_112.2500,112.25,1.25,1984-07-01,1984,7,434.93729381270816,94.7478092019328,113.70045060675761,156.55336471015426,236.01701626075703,392.57037973161874,43.19408416748047,130.33939535847773,264.9578690117385,463.1365446294019,901.6279148159898
MY_0p5_1.2500_112.7500,112.75,1.25,1984-07-01,1984,7,445.4464931488037,92.98018916447958,111.38173246383666,127.50128300984701,290.19563992818195,417.69693819681805,43.34925659497579,130.7121499379476,265.2899106343587,462.1594161987305,901.5107320149739
MY_0p5_1.2500_113.2500,113.25,1.25,1984-07-01,1984,7,461.0736442234205,92.90106639032778,115.10993877908459,107.9432002855384,296.9858658500339,404.9290644106658,43.38555108775264,130.79482050356657,265.337437107252,461.87232825237766,901.3901558254074
MY_0p5_1.2500_113.7500,113.75,1.25,1984-07-01,1984,7,436.24630968498457,92.56701775753136,118.7654361146869,83.69947300535259,277.77643770160097,361.4758959683505,43.35920345421993,130.72878380977747,265.2578342322147,462.01177724202466,901.3576086795691
MY_0p5_1.2500_114.2500,114.25,1.25,1984-07-01,1984,7,380.65304781483337,91.36876077567582,121.84986634381049,62.08798265035174,219.22986136917518,281.3178276129529,43.225544178380375,130.366746210419,264.7336703950325,461.9829395935599,900.3088929843059
MY_0p5_1.2500_114.7500,114.75,1.25,1984-07-01,1984,7,319.64911971553676,89.55302379977319,117.97471594041394,51.10115789598034,142.56999403430572,193.67115045362902,42.91968364100302,129.3508020216419,262.11259017452113,454.86783821352066,889.2508919008316
MY_0p5_1.7500_102.7500,102.75,1.75,1984-07-01,1984,7,262.6598714754727,100.61205456138318,128.27236652374268,26.013774335384372,71.60777044296263,97.6215431690216,41.35517680644989,124.0446183681488,252.5808720588684,443.017240524292,860.997926712036
MY_0p5_1.7500_103.2500,103.25,1.75,1984-07-01,1984,7,253.4572743890829,98.20018473739329,125.21591369628906,22.73741010665894,77.14716876983643,99.88457546234132,41.21299947738647,123.67347976684569,252.39426696777343,444.4499597167969,861.7307351684572
MY_0p5_1.7500_103.7500,103.75,1.75,1984-07-01,1984,7,247.82501423509817,98.2154945180386,115.7977197622951,24.080224212211895,94.36332845084276,118.44355300710173,41.307004759583286,124.17284518857544,253.7793440999864,448.1972767310806,867.4564875349214
MY_0p5_1.7500_104.2500,104.25,1.75,1984-07-01,1984,7,247.14111404418944,99.20643329620361,110.92569555238235,25.343549610108365,106.81762133457863,132.16117362088937,42.425313579943754,128.32331392746562,262.3189578980439,463.6736204162125,896.7412156689074
MY_0p5_1.7500_109.7500,109.75,1.75,1984-07-01,1984,7,309.43994779365005,103.55237508374591,120.39337921142578,61.55423355102539,133.26344299316406,194.81768798828125,42.95944595336914,129.70147705078125,264.10430908203125,463.7707214355469,900.5359497070312
MY_0p5_1.7500_110.2500,110.25,1.75,1984-07-01,1984,7,337.6238008992056,103.69465178672714,120.60099678243547,74.21963215384253,158.94019109552556,233.15983793697256,43.02470512186142,129.83184553340158,264.008110331979,462.15893032461565,899.0235909038688
MY_0p5_1.7500_110.7500,110.75,1.75,1984-07-01,1984,7,367.1845689253373,102.86063905195755,124.7558422088623,81.86534194946289,154.5157661437988,236.38110046386717,43.04294738769531,129.9697036743164,264.68888397216796,464.9461700439453,902.6477020263671
MY_0p5_1.7500_111.2500,111.25,1.75,1984-07-01,1984,7,374.54320562453495,100.70055730910526,120.88232063470885,83.56034159105879,150.56420515193497,234.1245420234148,42.950522098984834,129.59767548317134,263.3768638433412,460.2625502475472,896.1876337095749
MY_0p5_1.7500_111.7500,111.75,1.75,1984-07-01,1984,7,391.6089944960195,97.1401597517955,111.93280937098248,93.35122290744054,187.89878574805923,281.25000878828985,43.070706814150256,129.97077232071112,264.21411828149724,461.95112484316275,899.206747513783
MY_0p5_1.7500_112.2500,112.25,1.75,1984-07-01,1984,7,411.58543914310513,94.42191888718378,109.22645132882255,105.89286634657118,223.29996570405504,329.19283553834947,43.16465342688181,130.21309523809526,264.5397136385479,461.856600031777,899.7740730406745
MY_0p5_1.7500_112.7500,112.75,1.75,1984-07-01,1984,7,429.1531067863343,93.71222226581877,110.50580594501798,109.43045085119823,241.50526229616196,350.93572368319076,43.20543111165365,130.29150690956723,264.4886842757936,460.9954376705109,898.9810550750248
MY_0p5_1.7500_113.2500,113.25,1.75,1984-07-01,1984,7,444.15166858491443,93.86137489439948,114.04851754809182,106.10372365315753,249.5976944211929,355.7014186314174,43.24945811922588,130.40320347377232,264.6136812724764,460.92762150840156,899.193982514881
MY_0p5_1.7500_113.7500,113.75,1.75,1984-07-01,1984,7,421.36947360568576,93.28461713034011,116.85438627212766,96.13516625298394,248.6679763067336,344.80313023158476,43.26674497089689,130.4465320405506,264.6334848555307,460.6865812755766,899.033350578187
MY_0p5_1.7500_114.2500,114.25,1.75,1984-07-01,1984,7,368.6750425308469,91.9712400890532,121.29437340630426,73.14743981739831,198.84252401684958,271.9899537101624,43.15878167530846,130.15777747744605,264.2254557291667,460.71161266508545,898.2536165752109
MY_0p5_1.7500_114.7500,114.75,1.75,1984-07-01,1984,7,318.63694518094235,90.97915744287363,120.24914195006377,61.30564599704249,146.50402871561792,207.8096782308786,42.97496935987719,129.58050608264352,262.8934310359659,457.56561642977863,893.014501067641
MY_0p5_2.2500_101.7500,101.75,2.25,1984-07-01,1984,7,244.47347698789656,103.83330859559956,132.55850867069128,24.02125990511191,80.86350042169745,104.88475938276811,42.266531510786585,127.47335738365096,260.1755013514047,458.71212398644656,888.6274907275883
MY_0p5_2.2500_102.2500,102.25,2.25,1984-07-01,1984,7,256.9649431146503,100.53166019859496,127.5241750689785,23.19898191935708,77.54955711547267,100.7485375290282,42.017070879776504,126.51453049217113,257.68479999743005,452.0600823945406,878.2765129125858
MY_0p5_2.2500_102.7500,102.75,2.25,1984-07-01,1984,7,262.86701888072344,99.73553066012225,128.43130932578555,23.499018916600868,73.78578176377694,97.28480030011528,42.04607693153092,126.61884281303307,258.1537527253356,454.03605487678624,880.8547469513326
MY_0p5_2.2500_103.2500,103.25,2.25,1984-07-01,1984,7,257.0911308167473,98.04606250581288,127.30774008130271,22.15673974052308,80.82930004785932,102.98603673056951,42.35021284799727,127.7506126282707,260.526030719091,458.1985500759548,888.8254212394594
MY_0p5_2.2500_103.7500,103.75,2.25,1984-07-01,1984,7,254.7902046332925,99.45551087977522,125.5999452235335,30.141522740509547,91.10292001497947,121.24444269729872,42.21139980251506,127.33129339703058,260.0563719668631,458.5647736112949,888.1638380147641
MY_0p5_2.2500_104.2500,104.25,2.25,1984-07-01,1984,7,256.0923738557149,100.63953833851389,128.14954804980067,39.94147242396331,89.3042146666976,129.24568907682564,42.69255024933618,129.16604311604146,264.13800578472046,466.9352485089263,902.9318383587294
MY_0p5_2.2500_104.7500,104.75,2.25,1984-07-01,1984,7,262.9205017089844,102.39842224121094,,,,,,,,,
MY_0p5_2.2500_109.7500,109.75,2.25,1984-07-01,1984,7,297.8956407116305,103.77119913408833,,,,,,,,,
MY_0p5_2.2500_111.2500,111.25,2.25,1984-07-01,1984,7,349.91944491863245,100.45837971568109,112.04882004681754,61.38086543363683,157.08979662726904,218.47066587560317,42.99722419065587,129.89386165843288,264.76725499770214,465.5176126816693,903.1759661506203
MY_0p5_2.2500_111.7500,111.75,2.25,1984-07-01,1984,7,356.82222512865826,98.52962673126706,111.25000150165862,61.70874984983414,165.24195067390562,226.9507036481585,43.021243831089556,129.9520253983755,264.8345660497272,465.47066340370776,903.2785086495536
MY_0p5_2.2500_112.2500,112.25,2.25,1984-07-01,1984,7,369.75073988172744,96.45594661652096,108.97769293406652,67.12120834834991,180.78182784791974,247.90304037427146,43.04241364494202,129.92708173479352,264.37525847904266,463.145395236545,900.4901400127109
MY_0p5_2.2500_112.7500,112.75,2.25,1984-07-01,1984,7,384.88165157257566,95.25354829818484,110.53190428718689,78.71089366125682,173.64354194762214,252.35443924192393,43.001620725601434,129.6938552129836,263.34466533358136,459.3160948738219,895.356225392175
MY_0p5_2.2500_113.2500,113.25,2.25,1984-07-01,1984,7,402.2697562081473,95.03642888144843,115.66157495407833,89.02710706922744,168.2631055075025,257.29021257672997,43.00488128662111,129.64835486033607,262.9527854313926,457.65273902529765,893.2587582542783
MY_0p5_2.2500_113.7500,113.75,2.25,1984-07-01,1984,7,389.81807274154477,93.45680743833132,118.40276285968251,100.0317802670636,165.9198353924329,265.9516130278382,42.959535272815565,129.42492139792142,262.0044159708144,453.9222361890576,888.3111029516293
MY_0p5_2.2500_114.2500,114.25,2.25,1984-07-01,1984,7,353.82655901227685,91.96033085414342,123.29109065948971,90.30750543503534,161.38063126821368,251.68813287644156,42.996646638900515,129.63653869628905,262.91149447002107,457.19889400421624,892.7435761951265
MY_0p5_2.2500_114.7500,114.75,2.25,1984-07-01,1984,7,313.30017454085817,90.99902277300436,124.76782169957316,67.12940581537063,141.83772637151904,208.96713530017487,42.96886257048577,129.62647665700604,263.29409376575103,459.4066461378529,895.296068548387
MY_0p5_2.2500_115.2500,115.25,2.25,1984-07-01,1984,7,274.96295166015625,90.3143081665039,127.66597747802734,34.25448226928711,84.3843994140625,118.63887786865234,42.51405715942383,128.2667999267578,260.5482177734375,453.74798583984375,885.0770263671875
MY_0p5_2.7500_101.2500,101.25,2.75,1984-07-01,1984,7,228.93064880371094,105.95491790771484,129.36636352539062,31.201913833618164,47.24884796142578,78.45075988769531,42.361576080322266,128.18121337890625,262.2824401855469,464.15777587890625,896.9830322265625
MY_0p5_2.7500_101.7500,101.75,2.75,1984-07-01,1984,7,239.44979903850148,101.30306088534267,116.36181826504792,20.07270878184925,91.78119712136007,111.85390591708095,42.42140430797229,128.1630490944602,261.3434705699574,459.63931174538345,891.5672256747158
MY_0p5_2.7500_102.2500,102.25,2.75,1984-07-01,1984,7,249.98553461937388,98.5441960134324,127.31613032833025,17.044686202031034,74.28340015289889,91.3280861969966,42.56108122418641,128.53851527317315,261.79974831745125,458.84408336080566,891.7434284185907
MY_0p5_2.7500_102.7500,102.75,2.75,1984-07-01,1984,7,254.5769718508177,99.44542993473101,127.72652498076235,20.871467294572277,77.42611414269555,98.29757992225358,42.72293757185151,129.16269456887548,263.81421323365805,465.7572078463397,901.4570627333242
MY_0p5_2.7500_103.2500,103.25,2.75,1984-07-01,1984,7,251.98218210791327,101.11369705200197,123.02222843534628,25.17090396516642,79.48966270495372,104.66056826160214,41.74902959689972,125.63682024038522,256.5412775027524,452.3631636504155,876.2903094443546
MY_0p5_2.7500_103.7500,103.75,2.75,1984-07-01,1984,7,253.16027566661003,102.87484893798828,120.2474138462049,31.566512665990313,78.22542463030135,109.79193843015328,40.87493864841725,122.5130885603241,250.28674787530153,441.56138280349944,855.2361734275994
MY_0p5_2.7500_104.2500,104.25,2.75,1984-07-01,1984,7,258.3380028219784,102.16055825177362,128.7599639892578,46.04711151123047,80.68621826171875,126.73332977294922,42.648773193359375,129.0617218017578,264.0386657714844,467.080810546875,902.8299560546875
MY_0p5_2.7500_111.2500,111.25,2.75,1984-07-01,1984,7,333.2311369797279,100.39931230216192,116.0044818204992,61.80813968882841,152.85680344525505,214.6649493049173,42.93140669430003,129.73381670783547,264.6502802231733,465.9008672377642,903.2163570628446
MY_0p5_2.7500_111.7500,111.75,2.75,1984-07-01,1984,7,338.6934995807585,99.20959216258564,114.91524758832207,60.3881068722955,162.5874978427229,222.97560474790376,42.98156711972993,129.86279533649312,264.81595427414464,465.93277477395935,903.5930736147124
MY_0p5_2.7500_112.2500,112.25,2.75,1984-07-01,1984,7,347.8187581315825,98.15704654741891,115.24646405537923,65.2669629796346,171.22215896606443,236.4891172790527,42.99846647898356,129.8309729003906,264.3805244954427,463.8961226399739,901.1060591634114
MY_0p5_2.7500_112.7500,112.75,2.75,1984-07-01,1984,7,364.98390728914285,97.38107497782646,117.4110408010362,78.92563252509395,171.8717486224597,250.79738278932206,42.992799915844884,129.6479769356643,263.20701444601707,459.04314557811875,894.890921484066
MY_0p5_2.7500_113.2500,113.25,2.75,1984-07-01,1984,7,388.83260527111236,96.79280552939761,122.41370992509147,81.24288053966703,164.19727628193203,245.4401585654607,43.00480188036722,129.59979005843874,262.6691179547991,456.6429635184152,891.9166728670634
MY_0p5_2.7500_113.7500,113.75,2.75,1984-07-01,1984,7,382.86392124443296,94.93574550652959,127.02884209991261,89.13607513524923,143.63814700181317,232.77423110281583,42.90937848911164,129.26175874357767,261.6388215471984,453.31866124633007,887.1286319805558
MY_0p5_2.7500_114.2500,114.25,2.75,1984-07-01,1984,7,353.363474302654,92.29013389877126,129.3687075361421,95.8082710217826,142.62583875052536,238.43411327313774,42.89210404021831,129.29736048058618,262.07235234900367,454.9691309868535,889.2309471806394
MY_0p5_2.7500_114.7500,114.75,2.75,1984-07-01,1984,7,318.27134189484224,92.65051461480984,133.04513323838543,76.97672127158779,126.35981198936511,203.33653762234243,42.90511475095323,129.4336051697944,262.8733662404831,458.5053669145912,893.717448823771
MY_0p5_2.7500_115.2500,115.25,2.75,1984-07-01,1984,7,284.5083150777731,91.1639119053746,130.32347409360042,34.33370191556914,87.71028515240093,122.04398847700239,42.49836813436972,128.13785202438766,259.8415447613141,450.71172243410393,881.1894971143018
MY_0p5_3.2500_101.2500,101.25,3.25,1984-07-01,1984,7,226.8088039822049,106.39118209423258,138.1352279603713,22.16930180115458,50.57099393555163,72.74029514297901,42.51077982980454,128.5891191059513,262.94795232988054,464.9437418540628,898.9915909229085
MY_0p5_3.2500_101.7500,101.75,3.25,1984-07-01,1984,7,234.72894632591388,98.94838979441649,118.04189264090958,16.764027893163597,96.24998415807251,113.01401208768226,42.397230695007714,127.98121740256147,260.3373703683258,454.81278272495155,885.5286149917895
MY_0p5_3.2500_102.2500,102.25,3.25,1984-07-01,1984,7,240.15052301316032,100.22614377945189,127.5458949255565,17.86316357567197,61.455361066545755,79.31852479964968,42.54858111426944,128.58541230701266,262.3284926641555,461.4148661295573,894.8773410373265
MY_0p5_3.2500_102.7500,102.75,3.25,1984-07-01,1984,7,242.11849304392365,100.83826243726513,125.67263190353971,26.759988175162785,62.71446235270439,89.47444966473157,42.59141308748269,128.77201877062834,262.9984230331227,463.8376269763029,898.1994721617879
MY_0p5_3.2500_103.2500,103.25,3.25,1984-07-01,1984,7,239.96638066294918,103.39351288736451,116.01285408840118,32.67690029827702,68.07718392536772,100.7540863235921,40.82039213646507,122.35888182301474,250.02105628395702,441.1712432761923,854.3715695061202
MY_0p5_3.2500_112.2500,112.25,3.25,1984-07-01,1984,7,345.740995279948,98.93418952094184,118.71553192138674,65.03758171929253,162.79254286024306,227.83011915418837,42.96917156643338,129.75721740722656,264.3194281684028,464.13335367838545,901.1791354709203
MY_0p5_3.2500_112.7500,112.75,3.25,1984-07-01,1984,7,369.99186214323964,98.7874551588489,124.33820099127098,89.71091298587987,180.2503725896116,269.96128582563557,43.0205457718646,129.74358092761432,263.47752080198194,459.8143125440253,896.0559457247375
MY_0p5_3.2500_113.2500,113.25,3.25,1984-07-01,1984,7,404.0130150587039,98.91144208979786,131.4992805249763,99.34841158895782,200.1778362158573,299.5262447125984,43.119209231752336,130.08246179060504,264.358971451268,462.09749707308674,899.6581400090998
MY_0p5_3.2500_113.7500,113.75,3.25,1984-07-01,1984,7,397.6561817956349,97.71919691297742,132.5801099020337,93.4697242857918,195.6357457721044,289.10546782962854,43.13821911282009,130.14103907025049,264.44615982297864,462.1945813375806,899.9200086805555
MY_0p5_3.2500_114.2500,114.25,3.25,1984-07-01,1984,7,365.3345618764306,95.63365698164435,132.46634596320473,100.16401912907885,174.16541397191915,274.32943020960323,43.03125053454357,129.8052029457821,263.61200738408763,459.7423103478303,896.1907890951558
MY_0p5_3.2500_114.7500,114.75,3.25,1984-07-01,1984,7,331.2544636331546,96.09891752984115,138.00325668237772,95.57324794599207,135.125939120153,230.6991888641552,42.93628548057217,129.57538517265564,263.4270902014083,460.5359896520141,896.4747452462557
MY_0p5_3.2500_115.2500,115.25,3.25,1984-07-01,1984,7,298.65889237802236,93.08727561371235,130.32890281194372,48.08670346948165,98.49514707734312,146.5818518626539,42.574382154247424,128.33747226377074,260.0410342639006,450.28679434860805,881.2396976132936
MY_0p5_3.2500_115.7500,115.75,3.25,1984-07-01,1984,7,279.2194896226519,91.19491860036099,125.47213745117188,48.35419716995753,109.21693463271923,157.57113510303282,42.629102599754766,128.60746473676704,261.1718972881188,454.58120110329617,886.9896878017469
MY_0p5_3.7500_100.7500,100.75,3.75,1984-07-01,1984,7,223.36033630371094,110.79997253417969,141.7061309814453,18.151588439941406,35.449893951416016,53.60148239135742,42.415794372558594,128.24258422851562,261.9451599121094,461.8444519042969,894.447998046875
MY_0p5_3.7500_101.2500,101.25,3.75,1984-07-01,1984,7,231.1687715812649,105.5862887978168,139.71460686841058,16.67977421337733,68.39892290479543,85.07869990821024,42.58638202951178,128.65356198406528,262.3101294063827,460.9779456672546,894.5280200748382
MY_0p5_3.7500_101.7500,101.75,3.75,1984-07-01,1984,7,237.50000028049246,99.05808168156133,126.62344785556675,15.148250610205778,79.26082636596291,94.40907868306348,42.412517219592054,127.98744906285766,260.1095125234811,453.1407274379853,883.6502067420134
MY_0p5_3.7500_102.2500,102.25,3.75,1984-07-01,1984,7,235.39527626643104,99.19310762920077,126.39223778134298,20.113789058866956,73.80463331918867,93.91842520577566,42.52645302424355,128.46334703233507,261.7694946289063,458.9451052711123,891.70439937531
MY_0p5_3.7500_102.7500,102.75,3.75,1984-07-01,1984,7,230.22835935562375,102.02843976702009,121.3891100686694,30.668385314941403,64.18836573040674,94.85675215948197,42.50542350647941,128.47377280583456,262.13381696428576,460.8758728996155,893.9889074900792
MY_0p5_3.7500_103.2500,103.25,3.75,1984-07-01,1984,7,224.0486459922031,103.93827725596637,113.98137156168622,38.581084651573036,71.58161805096793,110.16270303165211,42.00323848350376,126.70139531154258,258.67368511125153,455.1148250804228,882.493143717448
MY_0p5_3.7500_113.2500,113.25,3.75,1984-07-01,1984,7,413.2937717437744,100.72597634792328,134.22442326780225,112.03834383604958,205.58433907930967,317.6226886686732,43.11879773999824,130.18713178790983,265.06386228467596,464.95319303919064,903.3229690301615
MY_0p5_3.7500_113.7500,113.75,3.75,1984-07-01,1984,7,410.29984332254844,100.8298329186818,131.1751436400182,103.18259170680369,199.82729065533982,303.00989332476865,43.155764619895166,130.3145365792185,265.3940613385543,465.9850467817684,904.8493879497244
MY_0p5_3.7500_114.2500,114.25,3.75,1984-07-01,1984,7,389.6705924767006,99.83835967533172,132.2458074660528,102.26240464467851,178.82608327714223,281.08849380735364,43.10730229937841,130.17210954938616,265.11832750108505,465.5621507432725,903.9599020337301
MY_0p5_3.7500_114.7500,114.75,3.75,1984-07-01,1984,7,360.44373682415676,98.89205518450056,136.90702776227678,118.10157899402436,147.9435286022368,266.045119125124,43.00229380774119,129.85770331488715,264.4749223012773,464.3411648220486,901.6760837131075
MY_0p5_3.7500_115.2500,115.25,3.75,1984-07-01,1984,7,321.9796471974206,93.40606384277343,128.15371805826823,67.9766725933741,122.65024602980841,190.62691911969864,42.774399348667686,128.97059326171873,261.5048144143725,453.9077676440042,887.1575590587798
MY_0p5_3.7500_115.7500,115.75,3.75,1984-07-01,1984,7,292.2443050686404,90.38531477674306,125.38726773707987,57.57671995643231,119.29998455459264,176.87670832572223,42.698365986776004,128.78493494267087,261.3389354678366,454.18505749599535,887.0072947989264
MY_0p5_4.2500_100.7500,100.75,4.25,1984-07-01,1984,7,238.81950149536138,110.52533202283965,137.2524416553731,19.929159795021526,51.27774574124084,71.20690899284519,42.410450308663506,128.14253396793288,261.36930006377554,459.55083144830206,891.4731236049108
MY_0p5_4.2500_101.2500,101.25,4.25,1984-07-01,1984,7,248.04378515435744,102.08224470296483,129.00362498289462,22.606432896510814,104.99629130029376,127.60271734492797,42.60514575205032,128.47906814866764,260.7956197945176,453.77005034039746,885.649912451483
MY_0p5_4.2500_101.7500,101.75,4.25,1984-07-01,1984,7,247.67449222315634,100.81743258637744,131.8683603792526,20.804702277381583,65.4951497647709,86.29985516825424,42.57306849080534,128.52460472423812,261.58788545748683,458.0812403279753,890.7668012430114
MY_0p5_4.2500_102.2500,102.25,4.25,1984-07-01,1984,7,234.88604268326932,103.25020604240248,125.64438136774132,23.044596845730428,72.86340551406812,95.90800254261153,42.601627167040554,128.7359615240615,262.60244906976965,461.8085393448607,895.748572596346
MY_0p5_4.2500_102.7500,102.75,4.25,1984-07-01,1984,7,218.86465313176444,103.13147939694156,113.96040820468005,31.48927489967103,83.74844834151543,115.23772335659926,42.438240379284906,128.16006015364533,260.86052650403064,455.68015206695367,887.1390089290157
MY_0p5_4.2500_103.2500,103.25,4.25,1984-07-01,1984,7,201.0255676390154,106.26773390288137,109.08394593561152,37.63968150707072,71.82750256634758,109.4671840867099,42.38718418294129,128.11571327236055,261.3547228238308,458.7359131072041,890.5935362706201
MY_0p5_4.2500_113.7500,113.75,4.25,1984-07-01,1984,7,428.46150619264637,102.97437667846681,129.22830214590397,99.97948570971221,165.69760606873712,265.67708976313753,43.01484413866727,129.94500300569354,264.88278486143867,465.76190012805876,903.6044939149102
MY_0p5_4.2500_114.2500,114.25,4.25,1984-07-01,1984,7,429.1317313605273,102.83002327583932,130.10955881243967,94.87321616507867,145.72663431646282,240.59984473740275,42.94866706229545,129.7704110753122,264.64308844017705,465.7228961487995,903.0850471879526
MY_0p5_4.2500_114.7500,114.75,4.25,1984-07-01,1984,7,400.8957682291667,101.42924357096355,135.24989095052084,124.3602661641439,159.85948618570967,284.2197538248698,43.01849744160971,129.92343994140626,264.68206176757815,464.91136474609385,902.5353812662762
MY_0p5_4.2500_115.2500,115.25,4.25,1984-07-01,1984,7,349.09521887037494,97.02829331821866,131.67821746402316,59.69226071569654,117.71228686968487,177.40455288357205,42.71577466858758,128.75928492016263,260.88859939575195,452.04492674933545,884.4086049397786
MY_0p5_4.2500_115.7500,115.75,4.25,1984-07-01,1984,7,302.6893213304423,92.6055921134302,123.58038661116261,41.482325085138875,99.38354626671745,140.86586849406618,42.527489199880826,128.241197359764,260.0031259310448,450.58256598003845,881.354389772577
MY_0p5_4.2500_116.2500,116.25,4.25,1984-07-01,1984,7,256.06177595185073,99.46268616653072,125.99349980238007,21.47127697525955,77.4915716589951,98.96284680250214,42.26222252264257,127.46926265809594,258.6317393605302,448.46327060606427,876.8265042188693
MY_0p5_4.2500_116.7500,116.75,4.25,1984-07-01,1984,7,236.7344812823169,103.21870232730933,128.55580461094144,16.496330586472002,68.51383557622833,85.01016433804021,42.277769077719995,127.62176222608268,259.5435351774183,452.48307791472865,881.926136524002
MY_0p5_4.2500_117.2500,117.25,4.25,1984-07-01,1984,7,232.57912519336801,106.59714346016402,133.77639946051406,20.234989782350254,56.49809368099787,76.7330826953449,42.399471671180386,128.14440593888276,261.46700563683976,459.5806741630082,891.5915600261858
MY_0p5_4.2500_117.7500,117.75,4.25,1984-07-01,1984,7,222.28477484548196,106.73503585554596,130.44217414529913,26.17254390064468,44.40010238712669,70.57264836629233,40.969704489422654,122.98158414139705,251.17372040055758,442.3733082306691,857.498308230669
MY_0p5_4.2500_118.2500,118.25,4.25,1984-07-01,1984,7,203.29262431183756,105.93091467249464,119.50745756307226,25.886120929839507,33.049427494121964,58.935550155153706,38.24975751160057,113.07834202468774,230.94307723318698,406.58258717530856,788.8537667632863
MY_0p5_4.2500_118.7500,118.75,4.25,1984-07-01,1984,7,194.2843582718461,106.0097919040256,112.90238952636719,23.322261810302734,27.863632202148438,51.18589401245117,36.67625045776367,107.3357925415039,219.24266052246094,386.0965881347656,749.351318359375
MY_0p5_4.7500_100.2500,100.25,4.75,1984-07-01,1984,7,265.61504787868927,114.56065622965494,,,,,,,,,
MY_0p5_4.7500_100.7500,100.75,4.75,1984-07-01,1984,7,260.107990421661,109.63109015026232,129.03885402524372,15.665380222041433,34.95803966367148,50.62342083938723,41.787210030284356,125.821874044775,254.38380928349687,438.419144421089,860.4120528058307
MY_0p5_4.7500_101.2500,101.25,4.75,1984-07-01,1984,7,263.8466600321107,100.14144519624256,118.95634404742528,20.979733206733826,95.71505760313973,116.69479408869668,42.40733437916589,127.73117036365328,258.4574382479229,446.2919621543279,874.8879034133184
MY_0p5_4.7500_101.7500,101.75,4.75,1984-07-01,1984,7,253.46051443306507,102.25499248201885,124.92363874647354,22.296429540240577,57.844566623748314,80.14099523150732,42.43533967033266,127.93329445975168,259.44239279126367,450.37733289930566,880.1883591424851
MY_0p5_4.7500_102.2500,102.25,4.75,1984-07-01,1984,7,229.12282787504654,105.71392582484654,115.97001030331566,24.532345036097936,81.88865865071615,106.42099769228982,42.53871994018555,128.37960393996465,260.920407249814,454.55796160016746,886.3966820126489
MY_0p5_4.7500_102.7500,102.75,4.75,1984-07-01,1984,7,204.7928222850629,106.08530350703342,108.23683256404412,29.466312700016474,86.28963983134857,115.75595199682147,42.44863655916444,128.18276037228333,260.8382527539684,455.32357826961817,886.7932399093725
MY_0p5_4.7500_103.2500,103.25,4.75,1984-07-01,1984,7,183.2998819938768,109.44624730010533,99.95179540204829,28.767056658699072,72.91270451000257,101.67976152764915,40.82046335649667,122.40489934379328,249.26790295139895,435.3930606630896,847.8863523138407
MY_0p5_4.7500_103.7500,103.75,4.75,1984-07-01,1984,7,169.03194628263776,111.19317626953125,89.53762044535054,19.395842069155208,29.89124739015257,49.28709129234412,36.90343401029512,108.3052127392261,220.75447161785968,385.9781070065188,751.941250887784
MY_0p5_4.7500_113.7500,113.75,4.75,1984-07-01,1984,7,460.4453430175781,104.4253158569336,,,,,,,,,
MY_0p5_4.7500_114.2500,114.25,4.75,1984-07-01,1984,7,460.4453430175781,105.02634184701103,132.6553497314453,115.16243743896484,136.94503784179688,252.10748291015625,42.87656021118164,129.58474731445312,264.3661804199219,465.3751220703125,902.2025756835938
MY_0p5_4.7500_114.7500,114.75,4.75,1984-07-01,1984,7,433.52966046076955,106.25590753042572,138.6205741308069,139.05662610453945,167.26580712103078,306.3224218224967,43.044315174061765,129.98235624579976,264.7008007418725,464.59415099441367,902.3216395224296
MY_0p5_4.7500_115.2500,115.25,4.75,1984-07-01,1984,7,382.72764285405475,105.042410492897,141.8473099072774,77.42363156874973,151.14470922946927,228.56833350658414,42.89586299657822,129.30949640274048,262.11244599024445,455.0915862719217,889.4093742370604
MY_0p5_4.7500_115.7500,115.75,4.75,1984-07-01,1984,7,336.2705037434896,99.99005674331907,130.025440906343,34.810494026305186,85.42974122062562,120.24023323664589,42.36647443014478,127.7248339214022,258.7990979391431,447.85569864908854,876.7461055695064
MY_0p5_4.7500_116.2500,116.25,4.75,1984-07-01,1984,7,285.9736549014136,100.89380255805118,131.00653531513515,21.349197030445882,71.36838475787448,92.7175829932803,42.27073308551121,127.50801539345389,258.78109353686125,449.1868066212486,877.7466477167036
MY_0p5_4.7500_116.7500,116.75,4.75,1984-07-01,1984,7,253.14729106275345,102.94063285634488,128.97811561294748,16.3429670424401,68.69625808619247,85.03922588010377,42.20216766792007,127.33944257905212,258.64090525953077,449.4442176335974,877.6267130405087
MY_0p5_4.7500_117.2500,117.25,4.75,1984-07-01,1984,7,241.01677062019468,104.74569627065507,127.4362363300626,16.380128043038507,55.31525401766338,71.69538068014477,42.05833393884083,126.88963286384703,257.64679449172246,447.204260157025,873.798996310764
MY_0p5_4.7500_117.7500,117.75,4.75,1984-07-01,1984,7,223.35248676734633,106.04953285410433,129.78640829158735,15.76479441908341,37.33051906054533,53.09531338607208,41.89775855631767,126.42828960660135,256.8377814956858,446.0782801954051,871.242110819756
MY_0p5_4.7500_118.2500,118.25,4.75,1984-07-01,1984,7,204.54922408674233,107.29340404721363,133.44204566227134,17.655378796946465,33.870237542157206,51.52561494453469,41.974039010666125,126.77120362094901,258.1261521535903,450.6039358167793,877.4753258479901
MY_0p5_4.7500_118.7500,118.75,4.75,1984-07-01,1984,7,195.90661833557903,107.57559880123863,137.6188628764092,23.336130431935757,27.296830454959146,50.63295972799953,41.97338958933384,126.79550885550583,258.27913308445414,451.29548393925535,878.3435019963904
MY_0p5_5.2500_100.2500,100.25,5.25,1984-07-01,1984,7,277.9283657184226,112.97368396913384,72.06779479980469,20.411663055419922,61.507423400878906,81.91908264160156,28.373455047607422,76.89436340332031,156.4708709716797,273.8107604980469,535.5494384765625
MY_0p5_5.2500_100.7500,100.75,5.25,1984-07-01,1984,7,275.8666916392208,108.80951992469501,125.8212478462307,14.991613322290881,46.07339328458939,61.06500629995061,40.95676023110576,122.7006914862271,247.4864177484622,424.4715874332121,835.615443437949
MY_0p5_5.2500_101.2500,101.25,5.25,1984-07-01,1984,7,272.909714374845,102.48700421045696,122.86477556985523,21.296795923747712,89.97210895598882,111.26890544588603,42.37198273189484,127.59528270903088,258.0510653056796,445.233737812345,873.2520782955107
MY_0p5_5.2500_101.7500,101.75,5.25,1984-07-01,1984,7,252.49334940333276,103.53447711239956,124.16540354831965,23.829055749686663,57.41373594247613,81.24278876432189,42.40948095139425,127.84796881220144,259.2500737670121,449.85541082491545,879.36291231775
MY_0p5_5.2500_102.2500,102.25,5.25,1984-07-01,1984,7,217.96927463021248,112.02513292640637,116.3036928602085,21.28420495075785,49.544104254169824,70.82830601588935,42.20678340401619,127.26544364394657,258.86407286042623,451.84110323183097,880.1773751617237
MY_0p5_5.2500_102.7500,102.75,5.25,1984-07-01,1984,7,189.6814508096403,111.50605547959637,106.71855440301408,22.110015319565594,68.12024356389449,90.23025533385196,41.36195047669491,124.23770480398403,252.77583100916974,441.2501065528999,859.6255642131223
MY_0p5_5.2500_103.2500,103.25,5.25,1984-07-01,1984,7,175.40066969129774,113.72523268442305,109.5415116347276,24.923605299615243,83.84705377553966,108.7706572049624,42.405130064332646,128.05556582166002,260.95762327119905,457.31909615652904,888.7373815759437
MY_0p5_5.2500_115.2500,115.25,5.25,1984-07-01,1984,7,403.4590060326361,109.73208212083387,142.22025561723555,72.95548248291016,127.7224576355981,200.6779379922836,42.546696272052706,128.26650400630763,260.05404813172385,451.55035900678797,882.4176115442497
MY_0p5_5.2500_115.7500,115.75,5.25,1984-07-01,1984,7,380.4781475768839,108.6147648775125,136.1680144746425,46.924723531432065,93.00549681065445,139.93022365246787,42.26096615548862,127.39732259976661,258.17129257978013,447.2742710954052,875.1038650771318
MY_0p5_5.2500_116.2500,116.25,5.25,1984-07-01,1984,7,325.3021917222421,105.06726356699497,132.49795416337025,38.42210114756717,98.99523336676103,137.41733331318144,42.57349534577961,128.4928033563155,261.1962082295478,455.67468705961977,887.937196755711
MY_0p5_5.2500_116.7500,116.75,5.25,1984-07-01,1984,7,285.92729080779634,105.88680771936345,131.02067276194126,33.21956906741178,97.04267844670936,130.2622498379478,42.500806192808504,128.26566594763645,260.67595981646184,454.1445096172864,885.5869345363182
MY_0p5_5.2500_117.2500,117.25,5.25,1984-07-01,1984,7,266.21687132820244,108.97522013830759,130.27542811802456,30.6919367653983,75.07913534981864,105.7710722908141,42.29153702751039,127.61503465440538,259.2481798928881,450.9347508021764,880.0894959464905
MY_0p5_5.2500_117.7500,117.75,5.25,1984-07-01,1984,7,241.18193078419517,109.38150576636903,129.3578850640191,25.516149248395642,44.70050437563941,70.21665344238282,41.998183465382404,126.70893399677577,257.28376125759553,446.6917442685082,872.6826076931424
MY_0p5_5.2500_118.2500,118.25,5.25,1984-07-01,1984,7,212.3142217279791,108.94118859357894,132.12152906284211,20.281455744603637,33.22570424778446,53.50715905693686,41.903805520124486,126.51550232225163,257.3311804510226,448.2799110169623,874.0303704328596
MY_0p5_5.2500_118.7500,118.75,5.25,1984-07-01,1984,7,198.2251174926758,107.80720425560361,137.99493069118924,25.78738538424174,22.697574032677544,48.48495891359117,41.854410118526886,126.37621551089816,257.0551719665527,447.68005964491107,872.9658415052627
MY_0p5_5.2500_119.2500,119.25,5.25,1984-07-01,1984,7,198.46939442255723,107.27362416585288,140.40907287597656,29.05141258239746,18.083948135375977,47.13536071777344,41.829383850097656,126.28912353515625,256.801025390625,446.8822326660156,871.8017578125
MY_0p5_5.7500_100.2500,100.25,5.75,1984-07-01,1984,7,276.6185135025162,112.32666544871287,107.70327527807395,19.246478133245347,58.47462942840856,77.72110825284905,35.786526846229485,103.91199402415425,211.7510119796893,372.10905498539637,723.5585797511109
MY_0p5_5.7500_100.7500,100.75,5.75,1984-07-01,1984,7,273.68194551013767,109.5249757312593,122.28024714152019,20.16776393254598,89.68079381306967,109.84855542500814,40.78989894866944,121.97879165649414,248.07651082356773,433.59294372558594,844.438139851888
MY_0p5_5.7500_101.2500,101.25,5.75,1984-07-01,1984,7,271.80106786292373,106.86875624168577,127.49707202460823,26.659347977225238,101.02175314595381,127.68109809695268,42.605621202724194,128.45439021793877,260.61518030842467,453.0444150909665,884.7195895938423
MY_0p5_5.7500_101.7500,101.75,5.75,1984-07-01,1984,7,246.31197853088386,108.61578620274865,130.36774075826008,26.724334136645002,72.7727645079295,99.49709860483807,42.47577063242596,128.10982344945273,260.1413875579835,453.13128534952807,883.8582534790041
MY_0p5_5.7500_102.2500,102.25,5.75,1984-07-01,1984,7,203.74623215504178,117.127536431337,122.23065552888092,15.76543872846096,37.474514619268554,53.23995373144695,41.1463570386071,123.61683212948165,251.04524343985094,436.90962604561236,852.7180588847458
MY_0p5_5.7500_102.7500,102.75,5.75,1984-07-01,1984,7,179.45370936802456,115.13323300556071,94.92667388916016,13.836191177368164,36.92903518676758,50.765228271484375,35.889747619628906,104.43523406982422,212.52676391601562,371.278076171875,724.1298217773438
MY_0p5_5.7500_103.2500,103.25,5.75,1984-07-01,1984,7,168.85720825195312,116.11627960205078,,,,,,,,,
MY_0p5_5.7500_115.2500,115.25,5.75,1984-07-01,1984,7,411.1499094645182,112.51943028767904,144.79356384277344,126.46234893798828,194.31570434570312,320.7780456542969,43.171165466308594,130.35275268554688,265.42474365234375,466.010498046875,904.9591674804688
MY_0p5_5.7500_115.7500,115.75,5.75,1984-07-01,1984,7,381.7624674603983,110.2907589871459,136.24096447172622,82.12745989844912,166.32061593191966,248.44807434082034,42.9004256838844,129.45096508207774,263.08969842819937,459.4440211704799,894.8851033528645
MY_0p5_5.7500_116.2500,116.25,5.75,1984-07-01,1984,7,328.9370522150918,105.0035133240715,128.88588096981954,57.37639028155614,147.50460045224142,204.88099200536334,42.737007710290335,128.91807013617623,261.74380735367055,455.6184780544704,889.0173585921999
MY_0p5_5.7500_116.7500,116.75,5.75,1984-07-01,1984,7,287.6111125643291,103.54138893248543,124.147143191383,47.02726298740932,129.6921862163241,176.71945163787356,42.651869056338356,128.69993412078372,261.44909241691465,455.26719854445685,888.0681131029886
MY_0p5_5.7500_117.2500,117.25,5.75,1984-07-01,1984,7,265.23114408378717,110.7917010189983,128.35399139115486,48.045623550655705,98.0921589703966,146.13778082429423,42.577410243663124,128.62762345274916,262.10121255868614,459.470076215004,892.7763373438116
MY_0p5_5.7500_117.7500,117.75,5.75,1984-07-01,1984,7,242.25722830636164,112.78258415101067,129.2998369460138,45.69211245543205,61.29344552315322,106.98555379265909,42.391281742377565,128.14429484117753,261.4967503899696,459.60778409202635,891.6401145986264
MY_0p5_5.7500_118.2500,118.25,5.75,1984-07-01,1984,7,218.44586926670706,111.48294095993042,130.33146538628472,34.8658679538303,36.368578881157774,71.23444590250651,41.887492218017584,126.41967441134983,256.90611287434893,447.1674772135417,872.3807430013021
MY_0p5_5.7500_118.7500,118.75,5.75,1984-07-01,1984,7,200.46803723848785,109.85093615605281,130.84837341308594,30.15892791748047,28.720787048339844,58.87971496582031,41.660301208496094,125.6229248046875,254.71365356445312,441.1023254394531,863.0991821289062
MY_0p5_6.2500_99.7500,99.75,6.25,1984-07-01,1984,7,266.30441703048405,112.55136991014668,134.26226629212843,34.605507074400435,51.561798006989235,86.16730197640352,42.27208585517351,127.5306985544604,258.94251836732377,450.25150742641716,878.9967793309411
MY_0p5_6.2500_100.2500,100.25,6.25,1984-07-01,1984,7,252.75769937038422,112.17213800549507,124.99393790108815,17.12004119717345,36.280262950975064,53.40030491108796,40.1521310611647,119.85981295838647,242.8377539809869,420.7976659658004,823.6473421057875
MY_0p5_6.2500_100.7500,100.75,6.25,1984-07-01,1984,7,250.95544916690548,111.6583232805996,120.21617444601759,17.80428033998114,68.30501376339828,86.10929436849354,41.432147022379866,124.23177187415163,250.45304888279745,438.87656841499006,854.9935331013213
MY_0p5_6.2500_101.2500,101.25,6.25,1984-07-01,1984,7,250.38585134652945,110.83512854942909,119.11839634821965,21.976811364980843,82.19717982365535,104.17399174616888,42.09402131300706,126.52528076171878,254.63767606295073,447.42131300706137,870.6782940204328
MY_0p5_6.2500_101.7500,101.75,6.25,1984-07-01,1984,7,220.09277343749997,117.18673967633929,125.85352652413502,15.478021294730048,34.52365070070539,50.001672363281244,41.501537758963444,124.87713971819196,251.87953796386716,431.84799630301336,850.1062203543526
MY_0p5_6.2500_102.2500,102.25,6.25,1984-07-01,1984,7,193.89779567718506,120.18643932807736,124.82096099853516,8.012008666992188,2.236640453338623,10.248649597167969,40.765464782714844,122.47440338134766,245.93675231933594,416.9260559082031,826.1026611328125
MY_0p5_6.2500_115.7500,115.75,6.25,1984-07-01,1984,7,319.79234799471766,111.73583533547144,145.0541534423828,63.89915084838867,137.38357543945312,201.28273010253906,42.84209060668945,129.32032775878906,263.03521728515625,460.0375671386719,895.2351684570312
MY_0p5_6.2500_116.2500,116.25,6.25,1984-07-01,1984,7,290.4749858923126,108.71333192524156,136.1943530448208,44.02722782185425,100.2520279233151,144.2792563753506,42.38986584163447,127.88510797307354,259.64542916587794,451.44935466749547,881.3697423724875
MY_0p5_6.2500_116.7500,116.75,6.25,1984-07-01,1984,7,250.0270528157552,107.18755640907892,126.62460506378657,25.3769464099218,64.97687199910482,90.35381733727834,42.0020258585612,126.69833776080418,257.0407134525359,445.28435581752234,871.0254468160962
MY_0p5_6.2500_117.2500,117.25,6.25,1984-07-01,1984,7,231.2337769039093,112.12612273201107,126.45296131921192,31.710738027663464,57.52742686195979,89.23816478668698,41.59114051697746,125.27705453539652,255.00829642159596,445.1460936531188,867.0226056780133
MY_0p5_6.2500_117.7500,117.75,6.25,1984-07-01,1984,7,223.22523562113443,114.34502756595614,127.0629708808765,32.72824629844978,36.941511782114965,69.66975711800201,41.30618170130323,124.36413868686608,253.2249075906319,442.17784145422144,861.0730815686678
MY_0p5_6.2500_118.2500,118.25,6.25,1984-07-01,1984,7,221.98002570016044,114.43378067016602,129.74371773856026,32.667820249285015,24.16748173907399,56.83530184200832,41.70364883967808,125.89885030473982,255.78154754638672,444.22655487060547,867.610602242606
MY_0p5_6.7500_100.2500,100.25,6.75,1984-07-01,1984,7,243.9182418374454,111.71339046253878,127.92968525606041,16.496233203831842,18.01575012066785,34.51198234277613,41.52599334716796,124.89798097049488,251.61952456306008,429.9057125764735,847.949177012724
MY_0p5_6.7500_100.7500,100.75,6.75,1984-07-01,1984,7,235.21708057544853,112.42398212574147,116.64003894947194,10.697127200939038,18.743288146124947,29.44041478192365,40.7137750696253,121.43800354003909,239.38210720486114,419.5076486093027,821.0415219907409
MY_0p5_6.7500_116.2500,116.25,6.75,1984-07-01,1984,7,211.7181985789332,112.57371662938317,130.8170850800305,10.883705464805047,16.62562598251715,27.50933019126334,41.08860481076125,123.82418078911014,250.45131850824126,430.37918909584613,845.7433039967608
MY_0p5_6.7500_116.7500,116.75,6.75,1984-07-01,1984,7,204.19939122775185,112.45234680175781,122.69302434506623,10.477025216747176,16.446084003674656,26.92310806696594,39.40182695652656,117.81960031260614,237.67339014347365,406.48961956039255,801.3844517643744
MY_0p5_6.7500_117.2500,117.25,6.75,1984-07-01,1984,7,195.61670958690155,113.398438543336,117.42114531255402,12.422549458731593,14.130460646300188,26.55301020630693,38.394646669911076,114.15952648736734,230.57778181227965,395.48046051295455,778.6124305387514
MY_0p5_6.7500_117.7500,117.75,6.75,1984-07-01,1984,7,200.17836888631186,114.61025725470647,122.76408791542055,17.83409684896469,12.045195737387987,29.879294067621228,39.50263929367065,117.94852089881897,239.42725706100464,414.5884475708007,811.466875076294
MY_0p5_7.2500_116.7500,116.75,7.25,1984-07-01,1984,7,150.29736472302534,113.95369320824031,112.06894192902939,3.1484655877818235,0.7739845553817954,3.922450053173563,36.05382697063944,106.85120153012484,212.86621956203294,356.5007714313009,712.2720230765965
MY_0p5_7.2500_117.2500,117.25,7.25,1984-07-01,1984,7,139.38728765539219,113.80875527321754,106.84075895610607,2.8716830077924227,0.13735466143729066,3.009037630181563,34.4291095532869,101.39432790655839,200.5339480751439,332.08810585423515,668.4454981753701
MY_0p5_0.7500_110.2500,110.25,0.75,1984-08-01,1984,8,124.00559786283056,118.04459639329178,119.59167856069713,6.497154045104982,40.34529859102689,46.84245385390062,41.57963908268856,125.6366169856145,255.68980642465445,444.5062096228966,867.4122643103967
MY_0p5_0.7500_110.7500,110.75,0.75,1984-08-01,1984,8,138.0562031337193,121.06459034511019,125.4560788835798,7.838930743081229,29.264986174447195,37.10391458783831,41.82773257664272,126.53474088396345,258.3370169503348,452.74796840122764,879.4474583217076
MY_0p5_0.7500_111.7500,111.75,0.75,1984-08-01,1984,8,160.69967409164187,119.2620126633417,126.91084192669581,9.214286198691715,30.07622219267346,39.290508088611425,41.86520773266989,126.6099574982174,258.3622499496218,452.5770559159536,879.4144694010416
MY_0p5_1.2500_103.2500,103.25,1.25,1984-08-01,1984,8,205.14894859536182,108.50484607289138,123.45651522549717,16.887808171185583,31.98743638125333,48.87524405392734,38.92095791209828,115.60291307622735,236.25789885087448,416.5817323164507,807.3634740656074
MY_0p5_1.2500_103.7500,103.75,1.25,1984-08-01,1984,8,198.22912508770102,107.66868472793729,114.4702061032786,16.769008812395114,45.465675761398764,62.234685990416885,40.1966017565681,120.39918347701287,246.18357552833928,434.7063598632813,841.4857207363092
MY_0p5_1.2500_104.2500,104.25,1.25,1984-08-01,1984,8,186.78174896240233,108.89693232945032,104.32853698730469,16.892757415771484,60.89678192138672,77.78954315185547,41.87302780151367,126.69044494628906,259.189208984375,458.3610534667969,886.11376953125
MY_0p5_1.2500_109.7500,109.75,1.25,1984-08-01,1984,8,111.26948951813112,121.44740497635071,126.07687607730728,10.591645326959082,23.670641244175922,34.262288334857985,42.08845313198595,127.36599133962609,260.41538468326434,458.7628655491105,888.632700724774
MY_0p5_1.2500_110.2500,110.25,1.25,1984-08-01,1984,8,125.15029318084129,119.72324771954749,122.30512585142867,9.748953743791029,39.39707015195869,49.14602572761448,41.75067665954355,126.18105018645184,257.01339226800053,448.09656256598396,873.0416731079574
MY_0p5_1.2500_110.7500,110.75,1.25,1984-08-01,1984,8,138.15126749674477,121.61068292042563,127.49771626790364,10.304925294906374,25.93201235816592,36.23693611508323,41.91196987818157,126.80419929141087,259.0173370845734,454.73905271499876,882.4725551060267
MY_0p5_1.2500_111.2500,111.25,1.25,1984-08-01,1984,8,145.59584552411457,120.90317784026027,126.64910250045241,8.974986192136528,27.375470152297343,36.35045611591766,41.829789792386876,126.5231856324802,258.2646206499289,452.5720131968538,879.1896032753845
MY_0p5_1.2500_111.7500,111.75,1.25,1984-08-01,1984,8,159.17929367792038,118.60465143597317,126.05747549874442,8.333118241930764,32.546864403618706,40.87998229738266,41.838635035923545,126.49449242485895,257.96216498480896,451.2024478004092,877.4977281358506
MY_0p5_1.2500_112.2500,112.25,1.25,1984-08-01,1984,8,176.0258081116652,116.00168745166758,127.5609381041551,8.522036871934299,33.36177339892702,41.883809762557746,41.84668720071085,126.4439106665287,257.54953715522885,449.4715848816228,875.3116944598668
MY_0p5_1.2500_112.7500,112.75,1.25,1984-08-01,1984,8,198.09933121999106,113.96607351303102,126.80103635787964,8.65830659866333,45.00426030158997,53.662568807601936,41.837616840998336,126.21947813034058,256.14958445231116,443.5664520263672,867.7731297810873
MY_0p5_1.2500_113.2500,113.25,1.25,1984-08-01,1984,8,212.9961753513502,114.633844392196,126.18970562478769,9.729130181022311,49.977346470045006,59.706478218410325,41.85894811879033,126.27426472539487,256.19654063349185,443.3997967263926,867.7295574685801
MY_0p5_1.2500_113.7500,113.75,1.25,1984-08-01,1984,8,218.03984266338927,114.38980385751435,125.57906971555768,13.449048092871001,59.726036938753985,73.17508662830699,41.9804254878651,126.64796441974062,256.9910500266335,445.06607587409735,870.6855071096709
MY_0p5_1.2500_114.2500,114.25,1.25,1984-08-01,1984,8,218.97034447594027,112.33205265281475,124.09208604930777,15.979876054071749,71.17421337566545,87.15408608765729,42.118095735533046,127.09565140715743,258.073117956651,447.7730213266559,875.0598981739146
MY_0p5_1.2500_114.7500,114.75,1.25,1984-08-01,1984,8,220.88194668677545,109.09491877402029,116.70320867723034,20.77955928925545,87.71450116557459,108.49405817831715,42.19313049316406,127.35258410053869,258.69661491147934,449.1270171134703,877.369372952369
MY_0p5_1.7500_102.7500,102.75,1.75,1984-08-01,1984,8,194.88485936960467,109.54672148477968,124.01797223091125,11.316760241985323,44.82454001903535,56.14129972457886,40.99969494342805,123.16255927085876,251.70098400115967,443.83564376831055,859.6988906860352
MY_0p5_1.7500_103.2500,103.25,1.75,1984-08-01,1984,8,196.88706328049594,107.42052933976457,126.2247120666504,12.064472308158877,41.80397462844848,53.868445606231695,40.8722076034546,122.72370079040527,250.84825271606445,442.35549575805663,856.7996438598634
MY_0p5_1.7500_103.7500,103.75,1.75,1984-08-01,1984,8,190.76330469831635,107.69402943381779,121.00603842433495,14.466066064713875,43.42154770863207,57.88761458819426,40.93378493152087,123.07265426539165,251.6656514421294,444.1768815245809,859.8489704373516
MY_0p5_1.7500_104.2500,104.25,1.75,1984-08-01,1984,8,183.37646112442016,108.9139494895935,117.24175493107285,15.517222382301506,49.40455940897151,64.92178445268972,42.00881813108459,127.11052508686863,260.03930285549905,459.4444606100866,888.6031333272771
MY_0p5_1.7500_109.7500,109.75,1.75,1984-08-01,1984,8,107.96856219269509,121.57130937798077,126.49530792236328,10.861940383911133,23.000686645507812,33.86262893676758,42.119964599609375,127.4686508178711,260.6773376464844,459.5122375488281,889.7781982421875
MY_0p5_1.7500_110.2500,110.25,1.75,1984-08-01,1984,8,123.98967430029023,122.50572705509688,126.97022581865443,15.109051969599596,35.93770338252266,51.04675811114796,42.04977953497739,127.15137114499342,259.45652175332134,454.9345670485879,883.5922296697443
MY_0p5_1.7500_110.7500,110.75,1.75,1984-08-01,1984,8,136.70799324729225,122.32994703813033,131.3076057434082,15.03975372314453,17.045423221588134,32.08517761230469,42.07138214111328,127.32743377685546,260.4114379882812,459.01882019042966,888.8290649414062
MY_0p5_1.7500_111.2500,111.25,1.75,1984-08-01,1984,8,136.6373306032211,120.35060359409877,128.61649943506993,10.14093120042668,22.326752950978833,32.46768362355787,41.909947577188184,126.78236704981605,258.95159301757815,454.6687091206396,882.3126058888992
MY_0p5_1.7500_111.7500,111.75,1.75,1984-08-01,1984,8,150.15334320068357,117.26822708226456,124.87288388119464,7.600433020652093,28.077725832975357,35.678158844573574,41.8792760704137,126.6027711312982,258.1826560104949,451.8219892284537,878.4866580238822
MY_0p5_1.7500_112.2500,112.25,1.75,1984-08-01,1984,8,173.95039309547062,114.90742291647291,125.20389324369884,9.169115084693546,35.6548092312283,44.82392430381169,41.84412711007254,126.37051696777341,257.06828739226813,447.43073827349946,872.7136581178695
MY_0p5_1.7500_112.7500,112.75,1.75,1984-08-01,1984,8,193.79591442289805,114.29705432710195,127.15238567533947,11.210006211295962,38.37542476351299,49.585432107107984,41.87924159216502,126.41323399619449,256.86574048239083,446.10804462735615,871.2662605406747
MY_0p5_1.7500_113.2500,113.25,1.75,1984-08-01,1984,8,209.46105259486606,115.06145579020182,127.97474433051217,11.71786313435388,40.051277003212576,51.7691411578466,41.856956603035094,126.33843938433935,256.67737572079614,445.5755184113033,870.4482933407738
MY_0p5_1.7500_113.7500,113.75,1.75,1984-08-01,1984,8,219.33643876333088,114.67769000341022,126.12557142954023,15.055756142025901,50.43760902768089,65.49336584182012,41.78841316586449,126.10061265249098,255.96623452807228,443.1800673711867,867.0353275359623
MY_0p5_1.7500_114.2500,114.25,1.75,1984-08-01,1984,8,224.62994651188922,112.75372636583114,125.62323080395896,19.854210535685223,64.71239001561725,84.56659654889788,41.9616455320328,126.63744664267888,257.16374046688986,445.9214478507874,871.6842889694941
MY_0p5_1.7500_114.7500,114.75,1.75,1984-08-01,1984,8,238.29501129308514,110.79845871208865,124.78478885314625,27.537147581268467,85.96152889666779,113.49867877070767,42.186528952010555,127.3250999253031,258.64941659245466,449.22758555041696,877.3886149510201
MY_0p5_2.2500_101.7500,101.75,2.25,1984-08-01,1984,8,174.8972081656408,113.41540280737058,126.48122459951074,11.651181924222694,40.02477618901416,51.67595822883375,41.688240475124786,125.84109150279653,257.17426862620346,452.9051655470722,877.608729506984
MY_0p5_2.2500_102.2500,102.25,2.25,1984-08-01,1984,8,176.3560822409306,108.95724217173014,123.58029470489356,9.069680204802154,44.51452510778984,53.58420356494958,41.470260638369325,125.00858763188265,255.18186118386006,448.18850518185553,869.8492119163988
MY_0p5_2.2500_102.7500,102.75,2.25,1984-08-01,1984,8,180.935154492342,108.27753552304038,124.9935237787947,8.575929496861711,39.827724553361726,48.4036529516872,41.59818658949454,125.42165560661992,256.3929579529581,452.1288424141799,875.5416379518147
MY_0p5_2.2500_103.2500,103.25,2.25,1984-08-01,1984,8,179.71603238544768,106.97984132312594,124.81593884664869,7.8417563574654725,41.9109517294263,49.75270675174773,41.81245174105206,126.24743342323909,257.93251739986357,453.84441237676714,879.8368076869418
MY_0p5_2.2500_103.7500,103.75,2.25,1984-08-01,1984,8,171.93709965075476,108.9775644851943,128.86144569526283,10.028501368377167,34.76634825367038,44.794848839711335,41.637760239940576,125.67085897154726,256.91778574798064,452.4562241376457,876.6826324980136
MY_0p5_2.2500_104.2500,104.25,2.25,1984-08-01,1984,8,162.59209411124874,110.5631821795208,135.953776462019,12.254868412805983,27.833029092835986,40.08789708791686,42.19675609494044,127.72540995700301,261.44676271548946,461.90308550369645,893.2720331869834
MY_0p5_2.2500_104.7500,104.75,2.25,1984-08-01,1984,8,135.33636474609375,113.19649505615234,,,,,,,,,
MY_0p5_2.2500_109.7500,109.75,2.25,1984-08-01,1984,8,91.73031443934286,120.90735503165952,,,,,,,,,
MY_0p5_2.2500_111.2500,111.25,2.25,1984-08-01,1984,8,122.5275901556015,118.40204086899759,125.99538993835449,6.834532856941222,6.21506097386865,13.049594170906962,41.821742787080645,126.55006734062643,258.6759051154641,454.8838698443244,881.9315822825712
MY_0p5_2.2500_111.7500,111.75,2.25,1984-08-01,1984,8,134.9787320091611,116.86247335766987,125.8415862068297,7.816127375950888,8.264389945590306,16.08051748275757,41.83895734756712,126.58079281761533,258.6258353097098,454.41600070529506,881.4615784660218
MY_0p5_2.2500_112.2500,112.25,2.25,1984-08-01,1984,8,160.59225730290487,115.42189401293557,125.82973334902809,11.67026279388912,17.869770974961536,29.540033425225147,41.85738399445065,126.53141215490913,257.95854666573655,451.141479782831,877.4888061523437
MY_0p5_2.2500_112.7500,112.75,2.25,1984-08-01,1984,8,182.0191868857732,114.45088069855221,128.9816199893043,15.658213182479617,25.594440853784953,41.252653806171715,41.91127342345222,126.61603267609125,257.7509312220982,449.5005676269531,875.7788097563242
MY_0p5_2.2500_113.2500,113.25,2.25,1984-08-01,1984,8,198.85914379301528,114.76687767392116,133.4850300137959,15.349349669804651,26.87899684603252,42.22834680950832,41.8616921803308,126.43821333627854,257.2778092641679,448.19798244900176,873.7756915380083
MY_0p5_2.2500_113.7500,113.75,2.25,1984-08-01,1984,8,217.67281075972545,113.37235853943645,131.26617675491528,18.50441558451592,37.62903010694287,56.13344652441484,41.52637830565247,125.33608793910547,254.42096951641614,439.9607751580734,861.2442171120946
MY_0p5_2.2500_114.2500,114.25,2.25,1984-08-01,1984,8,238.08464534698973,111.79378204345704,130.28406943669395,29.827076230730324,54.86584152948288,84.69291797214083,41.715727270217165,125.90382155161055,255.60712890624998,442.3537700350322,865.5804555741566
MY_0p5_2.2500_114.7500,114.75,2.25,1984-08-01,1984,8,262.68553215765183,110.11741318241242,130.457444566296,38.87686957082442,88.16977417238297,127.04664823470576,42.23809286548246,127.49494055471114,259.0852784679782,450.50779399256555,879.3260795347153
MY_0p5_2.2500_115.2500,115.25,2.25,1984-08-01,1984,8,309.1973571777344,108.57373809814453,129.70069885253906,59.280479431152344,145.39105224609375,204.67153930664062,42.955352783203125,129.68516540527344,263.9101867675781,462.2474365234375,898.798095703125
MY_0p5_2.7500_101.2500,101.25,2.75,1984-08-01,1984,8,172.30453491210938,116.65728759765625,124.88876342773438,9.198237419128418,34.16558837890625,43.363826751708984,41.91651153564453,126.88841247558594,259.6690979003906,458.1466979980469,886.6207275390625
MY_0p5_2.7500_101.7500,101.75,2.75,1984-08-01,1984,8,165.40316675064415,111.19929154829545,110.60675947709515,8.19113404013894,51.256131772128015,59.44726770574395,41.71488787564364,126.12115320379081,257.4094630570845,451.7150864479758,876.9605739524147
MY_0p5_2.7500_102.2500,102.25,2.75,1984-08-01,1984,8,166.1352305807126,107.8635092571283,123.40977781745279,6.21350176926631,41.15296784176189,47.36646780998084,41.815746829767896,126.39995285811696,257.78651608023677,450.98920921763033,876.9914146471936
MY_0p5_2.7500_102.7500,102.75,2.75,1984-08-01,1984,8,165.4526008895681,108.37527325787121,125.40663772293283,5.946346836754039,33.238345206538334,39.18469140499453,42.164917293983166,127.58974437472185,261.0079212430157,460.5921514969837,891.3547239665744
MY_0p5_2.7500_103.2500,103.25,2.75,1984-08-01,1984,8,162.97152894621442,109.74265493405093,120.06591007208368,6.255720124882498,33.573020509853485,39.82874097641866,41.16662881936238,123.97357325948728,253.47241969017463,446.4413081855531,865.053922227993
MY_0p5_2.7500_103.7500,103.75,2.75,1984-08-01,1984,8,158.07882690429688,111.79278730309527,120.34884647070538,7.7457658200769375,26.887018458634483,34.632783142652386,40.31065438969344,120.89539393411805,247.3026155392695,435.8981018066406,844.4067756898942
MY_0p5_2.7500_104.2500,104.25,2.75,1984-08-01,1984,8,149.0679510901956,112.13647483376896,135.50900268554688,10.923717498779297,22.8862247467041,33.809940338134766,42.18248748779297,127.71763610839844,261.6082458496094,462.8310852050781,894.3394775390625
MY_0p5_2.7500_111.2500,111.25,2.75,1984-08-01,1984,8,114.4850206572434,117.34729009167903,126.16094858506148,4.542779066983392,2.1745923477060654,6.717371323529412,41.37581466226016,125.20910756728227,255.72862198773552,447.5551973230698,869.8687744140625
MY_0p5_2.7500_111.7500,111.75,2.75,1984-08-01,1984,8,127.97909495869621,116.405210119779,126.60989274649783,6.396021078372823,2.8523670126651894,9.248387924556075,41.5347695350647,125.64780284618507,256.517328459641,449.0923206723969,872.7922260679047
MY_0p5_2.7500_112.2500,112.25,2.75,1984-08-01,1984,8,150.04695911648906,115.74310099927683,128.32959864298502,11.74923155148824,6.046089074611663,17.79532015482585,41.697990862528485,126.06784782409667,257.0865570068359,449.59834554036456,874.4507261149088
MY_0p5_2.7500_112.7500,112.75,2.75,1984-08-01,1984,8,171.14275442195841,115.45313084276418,131.57834830465197,16.779130051407634,13.693587973148006,30.472717943070805,41.83540747437296,126.43325028238418,257.6070773933507,450.04570074926454,875.9214489128015
MY_0p5_2.7500_113.2500,113.25,2.75,1984-08-01,1984,8,188.678568328373,115.4147761269221,136.38702339293462,18.865228525797527,18.7018559289357,37.56708539932493,41.937259928385416,126.73238503592354,258.21129625108506,451.35387883262024,878.2348088340153
MY_0p5_2.7500_113.7500,113.75,2.75,1984-08-01,1984,8,211.43090033075615,113.84887372156616,136.20291424405042,20.925338508217198,29.48203069844823,50.407370063150005,41.62850296117698,125.69198516068185,255.4360072142,443.19636885527586,865.9528466485868
MY_0p5_2.7500_114.2500,114.25,2.75,1984-08-01,1984,8,238.24500221542166,111.1363794833799,131.3058529141583,32.5227512649343,45.97463493709323,78.49738756010804,41.585203726080394,125.51879600331752,254.79410958591896,440.53850632679604,862.4366254202927
MY_0p5_2.7500_114.7500,114.75,2.75,1984-08-01,1984,8,267.4863097561393,111.80868627463178,132.59729460698026,44.09057817641337,80.11944358971468,124.21002129232807,42.21384043602427,127.44118655259443,259.0783925633521,450.8894303437251,879.6228598819416
MY_0p5_2.7500_115.2500,115.25,2.75,1984-08-01,1984,8,295.451987051749,109.15935454497466,126.9050024908942,38.79939065538011,123.0051140312676,161.80451085545997,42.68440102242135,128.8124340160473,261.7615647874437,456.23694974882113,889.4953409830729
MY_0p5_3.2500_101.2500,101.25,3.25,1984-08-01,1984,8,167.99817403157556,117.41360776433686,131.0290713774091,7.607528564067201,28.142155955273818,35.74968547301533,41.915521065084846,126.87850251550341,259.6173727428867,457.6546259186147,886.0660219897557
MY_0p5_3.2500_101.7500,101.75,3.25,1984-08-01,1984,8,151.98530146760757,108.87046366892045,112.31089724401001,6.819153609549165,50.50058328422013,57.31973691806672,41.41378463453549,125.10120119714435,254.62866789216454,443.0613709467991,864.2050246706435
MY_0p5_3.2500_102.2500,102.25,3.25,1984-08-01,1984,8,154.2366754441034,110.21076718284971,124.80310523623513,5.852367667546348,31.029941080486967,36.88230716765873,41.77147804139152,126.3334460303897,257.97130688864087,452.2885473826575,878.3647639198908
MY_0p5_3.2500_102.7500,102.75,3.25,1984-08-01,1984,8,153.69642861281767,110.63081446780434,125.02707795251771,6.699133812626704,31.142679111867007,37.841812145860885,42.03080027616477,127.16751113119004,260.0225634997404,457.9745240996155,887.1953999966006
MY_0p5_3.2500_103.2500,103.25,3.25,1984-08-01,1984,8,148.4043496594755,112.42190996598733,114.67081337099356,7.826522853553102,28.959207584492937,36.78573136842212,40.3152665998726,120.90657856099382,247.30902015114452,435.8622474297639,844.393107957871
MY_0p5_3.2500_112.2500,112.25,3.25,1984-08-01,1984,8,147.10635375976562,116.42392272949219,129.65021531846787,11.697927474975588,2.4887377474043104,14.18666492038303,41.640035756429036,125.89373236762154,256.74693060980906,448.9869927300348,873.2676784939238
MY_0p5_3.2500_112.7500,112.75,3.25,1984-08-01,1984,8,167.21231522098662,116.67235626712922,134.26428597872373,16.164625574330813,7.922145259184915,24.086770823744477,41.694245479145984,126.00205749761862,256.70125992571724,448.19519568271323,872.5927609302959
MY_0p5_3.2500_113.2500,113.25,3.25,1984-08-01,1984,8,181.26120563019487,117.01503300487546,139.92433420817056,17.966334733096033,9.685326894124348,27.651662104057543,41.705378387913555,125.98752348350756,256.47724481062454,447.3071359576601,871.477268334591
MY_0p5_3.2500_113.7500,113.75,3.25,1984-08-01,1984,8,201.032758585612,115.98033437577506,141.01006319560702,20.547039340791247,18.546741891285727,39.09378039647662,41.80400280422634,126.22130395798455,256.7247784811353,447.14483342246393,871.8948945545014
MY_0p5_3.2500_114.2500,114.25,3.25,1984-08-01,1984,8,226.76820640806937,114.37592276797932,134.4320151942551,21.931832459322205,36.93439953190505,58.86623063057091,41.65991421110311,125.6552039954313,254.82707413594432,440.43232960306153,862.574506431628
MY_0p5_3.2500_114.7500,114.75,3.25,1984-08-01,1984,8,249.52897507977337,115.90321228610482,135.284549445863,26.056310280113465,50.7934521353169,76.8497601162856,41.92818503167219,126.50004781735173,256.82204340066124,445.4591183996505,870.7094182299959
MY_0p5_3.2500_115.2500,115.25,3.25,1984-08-01,1984,8,273.200570891175,111.21613536303555,123.329366611529,22.53162657158284,93.51681716532646,116.04844544809075,42.28364960151382,127.55554233019865,258.88547989084753,449.0534514415113,877.7781341166435
MY_0p5_3.2500_115.7500,115.75,3.25,1984-08-01,1984,8,309.41856470000874,108.16628702570884,121.28735643022516,42.862415013688334,138.35703766212035,181.219459790862,42.827572511822986,129.2736451223995,262.9022700277607,459.3189875570576,894.3224939924949
MY_0p5_3.7500_100.7500,100.75,3.75,1984-08-01,1984,8,182.13796997070312,120.92059326171875,130.34007263183594,5.113748550415039,10.096470832824707,15.210219383239746,41.8137321472168,126.60999298095703,259.2135009765625,457.0618896484375,884.6990966796875
MY_0p5_3.7500_101.2500,101.25,3.75,1984-08-01,1984,8,157.32254685200917,116.75001190086785,132.8624354982839,5.630710314778449,29.184750982858603,34.8154597143525,41.73082487482855,126.20594908581583,257.6487306267698,451.4657468332829,877.0512628154074
MY_0p5_3.7500_101.7500,101.75,3.75,1984-08-01,1984,8,146.27616495244644,108.4374093948656,123.71979432804571,5.947321378501359,38.40894983376667,44.356271452205206,41.31250100834355,124.74687172956531,253.6157991931697,439.59222888339104,859.267398129603
MY_0p5_3.7500_102.2500,102.25,3.75,1984-08-01,1984,8,163.5208523220486,107.88111720009456,125.69854716951885,7.095173701028974,36.6535380287776,43.74871261838882,41.72949498494466,126.09259629022506,256.91632574172246,448.31918305896573,873.0575927734375
MY_0p5_3.7500_102.7500,102.75,3.75,1984-08-01,1984,8,168.88936980716764,111.30723450675845,122.2872288537404,8.486797390286885,36.08389162336076,44.57068986438569,41.99219389415922,126.96661267961774,259.17202051556296,454.73083592974945,882.8616730220735
MY_0p5_3.7500_103.2500,103.25,3.75,1984-08-01,1984,8,159.62317174174393,112.97533745024784,115.88160726509841,11.02722562902114,38.69093756582223,49.7181641073788,41.56787748149797,125.4094518324908,256.12270842907475,449.91819182751226,873.018252623315
MY_0p5_3.7500_113.2500,113.25,3.75,1984-08-01,1984,8,178.15888261795044,118.4718372821808,140.81809797443327,13.689057146916625,4.878569266835197,18.567626452836834,41.36969456907179,124.90655667664576,253.90344188252436,440.89442068631536,861.0740906762296
MY_0p5_3.7500_113.7500,113.75,3.75,1984-08-01,1984,8,189.78098998406924,118.90765625484404,139.38292913838112,15.499616163062434,7.120751975037907,22.620368216801616,41.5964926315357,125.58433424076216,255.37465936852118,444.2766289078302,866.8321009762465
MY_0p5_3.7500_114.2500,114.25,3.75,1984-08-01,1984,8,202.03320582349966,119.01674223400296,136.16258375379775,12.187950337122357,12.480246304708814,24.668195712377155,41.5739629473005,125.46969507610987,254.9364828927176,442.61054813445566,864.5906862289186
MY_0p5_3.7500_114.7500,114.75,3.75,1984-08-01,1984,8,213.46850770011775,118.7796868702722,136.41826031397258,11.172488854423401,18.125535547165647,29.298024047367154,41.4547963823591,125.08277532183935,253.96665276421442,439.9163901677207,860.4206324017238
MY_0p5_3.7500_115.2500,115.25,3.75,1984-08-01,1984,8,230.0101279606895,110.9893828861297,120.19358261350602,14.145785646589975,69.88672191074916,84.03250892275855,41.90027591765872,126.40540086049882,256.4821795751178,443.81960362025666,868.6074426075769
MY_0p5_3.7500_115.7500,115.75,3.75,1984-08-01,1984,8,272.2007898563961,106.2641309559774,121.06954648683396,32.95054148941589,123.19036623728361,156.14091019664735,42.63549722355904,128.6642162954207,261.4484171695847,455.3500533069638,888.098186245925
MY_0p5_4.2500_100.7500,100.75,4.25,1984-08-01,1984,8,149.15401954650878,120.38753755824774,127.8443711572764,3.7022164938401207,11.85061053061972,15.552827258985873,41.579829266606545,125.8801844071369,257.55330847915343,452.98271608936545,877.9960536411832
MY_0p5_4.2500_101.2500,101.25,4.25,1984-08-01,1984,8,134.60351804984631,111.69671332000928,125.10553211771001,4.737763757158996,41.98127239676798,46.71903559508597,41.36821328910293,124.9098550832955,253.94921758372314,440.3727010739078,860.5999716983479
MY_0p5_4.2500_101.7500,101.75,4.25,1984-08-01,1984,8,148.91899208514553,109.41158106989757,132.28168382736064,7.062440278050238,34.27240871392881,41.33484780064787,41.71237082679432,126.0670120678009,256.9965373761357,448.9891204346484,873.7649963183907
MY_0p5_4.2500_102.2500,102.25,4.25,1984-08-01,1984,8,190.14712426913815,111.69513519579614,128.192702345193,10.448376197022755,41.02657561865858,51.4749514058756,42.09733225667058,127.24179981463253,259.5697482660556,455.15815271737097,884.0670238165811
MY_0p5_4.2500_102.7500,102.75,4.25,1984-08-01,1984,8,206.07476660856017,111.268759320496,116.49712345098995,11.563372756265531,54.960872103454214,66.52424455144603,42.018543765803045,126.8700706822098,258.0693217477981,449.3779620516832,876.335888321992
MY_0p5_4.2500_103.2500,103.25,4.25,1984-08-01,1984,8,191.49917077829718,115.14207623312282,114.0906916761232,15.333680056528761,47.885103564644524,63.218781368242325,42.1329688095465,127.33480255445953,259.756792766292,455.5060098362301,884.7305876303217
MY_0p5_4.2500_113.7500,113.75,4.25,1984-08-01,1984,8,166.99639408172123,122.53150205901177,135.94796724139522,8.987730215180596,3.830000128386156,12.817730804659288,41.138484055141234,124.19360502710883,252.35446973116893,437.3746049988944,855.0611491653154
MY_0p5_4.2500_114.2500,114.25,4.25,1984-08-01,1984,8,161.11097449139072,123.14360688551973,134.38929730860886,5.849567757610188,3.179797305103435,9.029364917269085,41.01629176195064,123.83828264037614,251.6591704379638,435.8845297323692,852.3982852655948
MY_0p5_4.2500_114.7500,114.75,4.25,1984-08-01,1984,8,166.59059824625652,121.9948420715332,136.77533711751303,7.195038785934449,7.788536418279013,14.983575159708662,41.08701616923015,124.00962092081707,251.8342990112305,435.63153971354177,852.5624666341148
MY_0p5_4.2500_115.2500,115.25,4.25,1984-08-01,1984,8,176.5165497991774,115.71086152394612,124.20926239755417,7.420256359709633,42.22063020865123,49.64088661140867,41.200866844919,124.28602438502841,251.9274236891005,433.7461758719551,851.1604857974583
MY_0p5_4.2500_115.7500,115.75,4.25,1984-08-01,1984,8,212.68008246987557,108.1332250562765,119.94800590903074,22.02922341298249,93.04708536439023,115.0763081178827,42.207190781932766,127.35052399716136,258.5633618370962,448.54717107223263,876.6682259252517
MY_0p5_4.2500_116.2500,116.25,4.25,1984-08-01,1984,8,280.02988601312404,118.1473018367116,125.04838073544387,56.63325654006586,184.77440559573293,241.40766599701678,43.073447041395234,129.95566526273402,264.0661861140553,461.0488195651916,898.1441233565168
MY_0p5_4.2500_116.7500,116.75,4.25,1984-08-01,1984,8,304.5584526282515,124.12027250962451,121.75123799053921,66.69757527698673,208.6608961689679,275.3584788768967,43.25617279758344,130.53142948922397,265.4440745094608,464.8353479638955,904.0670599965002
MY_0p5_4.2500_117.2500,117.25,4.25,1984-08-01,1984,8,303.2608647979466,129.33626890604475,117.50274732471568,56.42150225681542,165.82190103446487,222.24341070124532,43.07929378273212,130.11308200802426,265.1587193581911,466.2941997156735,904.645319035623
MY_0p5_4.2500_117.7500,117.75,4.25,1984-08-01,1984,8,273.14081749549285,129.46364854339862,111.87409761216907,41.07314820982452,108.90368308368912,149.97683666913937,41.37877522982084,124.16163341815655,253.32139430901947,446.0390334170089,864.9008384769799
MY_0p5_4.2500_118.2500,118.25,4.25,1984-08-01,1984,8,208.7773317035876,128.01732131333378,105.061347135313,26.143724702725745,59.778768089926174,85.9224935155006,38.39450097539622,113.49917553944194,231.65892961830093,407.5421478854623,791.0947662159138
MY_0p5_4.2500_118.7500,118.75,4.25,1984-08-01,1984,8,171.56373709219474,127.72876654730902,101.60830688476562,20.20136833190918,39.28642272949219,59.487789154052734,36.67542266845703,107.32967376708984,219.11190795898438,385.2815246582031,748.3985595703125
MY_0p5_4.7500_100.2500,100.25,4.75,1984-08-01,1984,8,157.8171149359809,123.23570929633249,,,,,,,,,
MY_0p5_4.7500_100.7500,100.75,4.75,1984-08-01,1984,8,141.74408446708227,118.42379540770592,123.88535941519388,2.244326608936961,21.085831238971494,23.330158815151307,40.9027354232664,123.57132407707896,251.41549173990884,435.8721485913284,851.7616899691945
MY_0p5_4.7500_101.2500,101.25,4.75,1984-08-01,1984,8,133.91501485533635,108.16272689577134,116.22626957969061,4.158019793222821,47.7526625375899,51.910680692158046,41.2621207222106,124.50623590378534,252.6254471067398,435.7920695955791,854.1858479817708
MY_0p5_4.7500_101.7500,101.75,4.75,1984-08-01,1984,8,156.6315678396043,110.3185763404483,127.48789827861482,7.13968776369852,47.60065260387602,54.74034072633774,41.8746459597633,126.47689056396486,257.4164228651259,448.422019546751,874.1900057353671
MY_0p5_4.7500_102.2500,102.25,4.75,1984-08-01,1984,8,203.49232933407737,113.77812093098959,120.40438915434335,14.929004977998279,72.89562661307198,87.8246325538272,42.348400261288596,127.84974525088356,260.07234874906993,453.73908110119044,884.0095714750745
MY_0p5_4.7500_102.7500,102.75,4.75,1984-08-01,1984,8,221.85809476815967,113.94661158664968,112.08809503931904,20.226934663809022,79.27348125968008,99.50041247325338,42.447047081722566,128.15362932727592,260.7451741406872,455.3797728909048,886.7255904082277
MY_0p5_4.7500_103.2500,103.25,4.75,1984-08-01,1984,8,207.45917051776325,118.23153322134448,105.22357659146357,24.98556196205731,68.62032806565402,93.60588878899043,40.9080517054484,122.61377321925994,249.57050574045786,436.0533216413097,849.1456274053709
MY_0p5_4.7500_103.7500,103.75,4.75,1984-08-01,1984,8,197.87235059236224,120.44672393798828,95.74274087881113,21.41613363290762,30.632939474923262,52.04907494086724,37.02423199740323,108.63937407654602,221.46261636312906,387.9106611772017,755.036895355621
MY_0p5_4.7500_113.7500,113.75,4.75,1984-08-01,1984,8,130.45062255859375,124.34219360351562,,,,,,,,,
MY_0p5_4.7500_114.2500,114.25,4.75,1984-08-01,1984,8,130.45062255859375,125.58678763253347,135.1549835205078,3.26973295211792,1.320894479751587,4.590627670288086,40.43695831298828,122.17485046386719,248.40386962890625,429.438232421875,840.4539184570312
MY_0p5_4.7500_114.7500,114.75,4.75,1984-08-01,1984,8,135.6797844671434,128.19686151319934,140.0986790810862,5.604032280624555,5.498486072786393,11.102518286756291,40.784555906890546,123.1461120933615,250.1868753740864,432.5148144793767,846.6323425949261
MY_0p5_4.7500_115.2500,115.25,4.75,1984-08-01,1984,8,148.59734129905698,125.76330697536467,136.2811580499013,9.676459915935991,32.28462815284728,41.961088518301636,41.118412733077996,124.0596562226613,251.53350623448682,433.18429803848255,849.8958794275918
MY_0p5_4.7500_115.7500,115.75,4.75,1984-08-01,1984,8,171.80590529668896,117.86546911814857,124.60196029420884,12.416591438414558,50.83030623178633,63.2468977670821,41.493823690263056,125.1920912243071,253.96506086077005,438.6507634238591,859.3017227415055
MY_0p5_4.7500_116.2500,116.25,4.75,1984-08-01,1984,8,212.20266113281244,119.05270032125803,129.24136565677702,25.197497401161794,97.98625938778828,123.18376009502106,42.48392056661938,128.22511347210593,260.66595526801206,454.3833819676959,885.7583529033355
MY_0p5_4.7500_116.7500,116.75,4.75,1984-08-01,1984,8,246.65039245991767,121.85037557384635,124.45211038710194,29.32057058962085,125.42932954619202,154.7499002384234,42.787620930732054,129.17116710807704,262.8152224383777,459.649365485469,894.4233784735959
MY_0p5_4.7500_117.2500,117.25,4.75,1984-08-01,1984,8,274.3256150018601,124.36122896709138,115.46137387714688,23.045589410691033,110.79029066297743,133.83587535070996,42.667940727112786,128.84800613645524,262.30947953481524,458.9916398305742,892.817085580977
MY_0p5_4.7500_117.7500,117.75,4.75,1984-08-01,1984,8,251.0551742360562,126.2896870480308,110.85513378095023,14.648340161842638,73.31905037843728,87.96738788749597,42.35174926323226,127.93814120715176,260.62771055970006,456.07275023641466,886.9903384824341
MY_0p5_4.7500_118.2500,118.25,4.75,1984-08-01,1984,8,194.33453031760365,127.50190911221145,113.87527385309116,14.79007522065436,52.34386204475136,67.13393507530942,42.207464170216326,127.55683481034325,260.11164756276503,455.8896383160922,885.7655783801823
MY_0p5_4.7500_118.7500,118.75,4.75,1984-08-01,1984,8,157.88267999962915,126.92248554471173,121.01266778873493,15.11546779584281,34.71801282182525,49.83347854131385,42.026452511171755,127.05364642565763,259.29408128955697,454.8754314953768,883.2496237453026
MY_0p5_5.2500_100.2500,100.25,5.25,1984-08-01,1984,8,178.93649433113936,121.81156352489671,72.17203521728516,16.109399795532227,25.74064064025879,41.850040435791016,28.179698944091797,76.37474060058594,155.6842498779297,273.0568542480469,533.2955322265625
MY_0p5_5.2500_100.7500,100.75,5.25,1984-08-01,1984,8,169.70195914873113,117.35861758944355,123.1384962235374,5.047803506083872,30.55091833794254,35.598721515173196,40.36235357701094,121.26179855171291,246.00114546151,424.66362578293376,832.2889530576509
MY_0p5_5.2500_101.2500,101.25,5.25,1984-08-01,1984,8,155.75030924479165,110.38434642004589,119.77235083201575,6.73372733933585,55.32938159155467,62.06310954623751,41.554169197688026,125.35981936984591,254.3016133141896,439.09844563802073,860.3140471927703
MY_0p5_5.2500_101.7500,101.75,5.25,1984-08-01,1984,8,166.44267972715343,111.06361972298596,125.10058000892593,9.135920554968964,55.906132667687295,65.042052202164,42.067844925412714,127.06236118875495,258.63422661070615,451.0110266618669,878.7754841215292
MY_0p5_5.2500_102.2500,102.25,5.25,1984-08-01,1984,8,198.47315862376217,120.33400927987066,117.13492440873648,14.636048265323515,68.32971305604192,82.96576243601028,42.276199231481854,127.59784635312997,260.2073915323634,457.0810687800121,887.1624967733005
MY_0p5_5.2500_102.7500,102.75,5.25,1984-08-01,1984,8,210.26415518596045,119.55477577258065,106.02312347929356,22.110093404478945,85.91029354030802,108.02038647926459,41.562149940102785,124.86991083177469,254.3175630731098,445.6837682691671,866.4333920236361
MY_0p5_5.2500_103.2500,103.25,5.25,1984-08-01,1984,8,201.42781609429252,122.51307274550987,109.75937226530793,36.169026659680654,107.3536184732016,143.52265261365224,42.67493223215079,128.8417811703372,262.59741012771406,461.3650017280084,895.4791331105417
MY_0p5_5.2500_115.2500,115.25,5.25,1984-08-01,1984,8,155.6662580428585,131.8601354783581,136.71395648893764,11.4809482918411,16.787999786314415,28.268947757658413,40.74410379128378,122.96227789706873,249.424870975682,429.946421638864,843.0776747406508
MY_0p5_5.2500_115.7500,115.75,5.25,1984-08-01,1984,8,167.00283139844404,129.9061615859406,129.18634648727158,9.660656293772035,22.674092140844312,32.33474812911729,40.68155222747285,122.742281069998,248.83508238711602,428.4916988049523,840.7506105584613
MY_0p5_5.2500_116.2500,116.25,5.25,1984-08-01,1984,8,196.50458980512013,124.31196524221686,127.28172217743307,19.675464135182054,62.939028100122385,82.61449215080165,42.01646312279038,126.87685519834109,258.12262020835396,449.7773417219331,876.7932855147351
MY_0p5_5.2500_116.7500,116.75,5.25,1984-08-01,1984,8,241.9348425563377,124.85172974308833,127.82559515554695,34.625405474554135,119.98992359789112,154.61532667618764,42.68740349781664,128.88909448551226,262.2805745571474,458.54639280295066,892.4034806263596
MY_0p5_5.2500_117.2500,117.25,5.25,1984-08-01,1984,8,306.50015559120783,128.43995685880145,123.06749320862785,38.73959885854569,130.5527636815631,169.29235878596228,42.798291887555806,129.24500577411953,263.14835127573167,460.8803025987413,896.0719554113963
MY_0p5_5.2500_117.7500,117.75,5.25,1984-08-01,1984,8,287.9562699575273,128.7742201063368,115.5729241507394,25.30004469856383,94.41175013950892,119.7117933485243,42.54095704820421,128.50903891911582,261.83812546502975,458.83281027173234,891.720939515129
MY_0p5_5.2500_118.2500,118.25,5.25,1984-08-01,1984,8,200.68685901907338,127.71338085004479,113.96025075730245,15.928717005784343,57.62662732069659,73.55534415032454,42.31178786648307,127.87577394619107,260.8715252724423,458.06849524625545,889.1275700854648
MY_0p5_5.2500_118.7500,118.75,5.25,1984-08-01,1984,8,148.7400491333008,125.69186788891987,122.24014112684462,12.360393895043266,26.794040362040203,39.15443425708347,41.91850248972575,126.72587617238364,258.6431694030762,453.6387659708659,880.926308525933
MY_0p5_5.2500_119.2500,119.25,5.25,1984-08-01,1984,8,135.4102459215138,124.47681848435177,126.31520080566406,11.270675659179688,15.291925430297852,26.56260108947754,41.74528884887695,126.21439361572266,257.6161193847656,451.44293212890625,877.0187377929688
MY_0p5_5.7500_100.2500,100.25,5.75,1984-08-01,1984,8,210.1320213111671,121.41443256000139,122.69302984115181,37.155113360203735,30.936793213590573,68.09190592634569,35.59861912858595,103.47846879871614,211.47075660075615,373.2633703389299,723.8112042628296
MY_0p5_5.7500_100.7500,100.75,5.75,1984-08-01,1984,8,193.2513694157676,118.59316893078032,125.59936457316078,14.477764342625935,45.02230700174968,59.50007223765055,40.090529098510736,119.91485819498699,243.8636833699544,424.36363464355463,828.2327305094401
MY_0p5_5.7500_101.2500,101.25,5.75,1984-08-01,1984,8,171.2263824583039,115.57238778542347,125.41983647984785,13.776677349420984,62.182841308473606,75.9595186428761,41.913990876806075,126.49183792955296,256.8828171857699,445.31710370882297,870.6057494156006
MY_0p5_5.7500_101.7500,101.75,5.75,1984-08-01,1984,8,169.82305723826096,116.64848912556967,126.933291053772,11.411065649986265,50.31297003428142,61.72403484980266,41.953172572453816,126.72616186141968,257.93039029439296,449.5616544087728,876.1714078267416
MY_0p5_5.7500_102.2500,102.25,5.75,1984-08-01,1984,8,182.303013581496,125.60607702304155,115.81859082565565,9.845679522363424,32.406447788681646,42.25212681574452,41.05488219084563,123.48492056592946,251.35318825461644,439.04023377903377,854.933221990412
MY_0p5_5.7500_102.7500,102.75,5.75,1984-08-01,1984,8,196.561867414202,122.7720728383481,88.21475219726562,10.534378051757812,40.7110481262207,51.245426177978516,36.0167121887207,104.87955474853516,213.6947784423828,374.4764099121094,729.0674438476562
MY_0p5_5.7500_103.2500,103.25,5.75,1984-08-01,1984,8,194.8000030517578,123.8890151977539,,,,,,,,,
MY_0p5_5.7500_115.2500,115.25,5.75,1984-08-01,1984,8,156.59186299641928,135.77019297281902,138.7480010986328,9.684937477111816,6.731603145599365,16.416540145874023,41.0940055847168,124.17621612548828,252.75392150878906,438.9127502441406,856.9368896484375
MY_0p5_5.7500_115.7500,115.75,5.75,1984-08-01,1984,8,162.26975226841088,132.275409534665,128.0268242245629,8.934132339840845,22.64031541006906,31.574448267618813,40.9637699672154,123.72984066917785,251.4792678106399,435.01526402064735,851.1881551106771
MY_0p5_5.7500_116.2500,116.25,5.75,1984-08-01,1984,8,175.82267872643848,124.0836643279545,121.36878729926214,13.271706623501245,45.27145773872497,58.54316596984862,41.19554489377945,124.38273339649987,252.6131370907738,436.62836797805056,854.8197918604291
MY_0p5_5.7500_116.7500,116.75,5.75,1984-08-01,1984,8,222.90455380394343,120.71993563213046,121.72858772883342,42.50761039067828,111.1735103304424,153.68112113589333,42.269810304187594,127.59745127360027,259.34160950675846,451.2699698311942,880.4788397894965
MY_0p5_5.7500_117.2500,117.25,5.75,1984-08-01,1984,8,304.31038851091165,129.19314358587897,126.41711149005107,72.94454931987197,164.17652272125147,237.12107078961395,43.04503549762329,129.98520917922542,264.73535993798674,464.8158095687722,902.5814224387569
MY_0p5_5.7500_117.7500,117.75,5.75,1984-08-01,1984,8,299.922657218812,130.98910280257937,123.9282481302351,57.55940107051159,146.98171930505126,204.5411227437474,43.057513435414975,130.0835620956933,265.31961633055005,467.64750210550807,906.1082194283506
MY_0p5_5.7500_118.2500,118.25,5.75,1984-08-01,1984,8,217.05555331091367,129.4033660888672,122.45494547526042,31.981959347195097,91.9468475341797,123.92880825466581,42.778308851454,129.29687303331164,263.96294487847223,465.7022836642795,901.7404242621527
MY_0p5_5.7500_118.7500,118.75,5.75,1984-08-01,1984,8,152.06686254648062,127.54159692617566,122.05167388916016,23.84272003173828,68.7132339477539,92.55595397949219,42.65144348144531,128.9320831298828,263.2900695800781,464.54559326171875,899.419189453125
MY_0p5_6.2500_99.7500,99.75,6.25,1984-08-01,1984,8,295.26806640625,124.43719946169388,176.10302166606104,71.08571926383085,50.2795066833496,121.36523047158884,42.259653668070946,127.81697472860645,261.0757701785065,459.2801513671875,890.4325561523438
MY_0p5_6.2500_100.2500,100.25,6.25,1984-08-01,1984,8,242.28994685411456,122.93959003686906,155.26261883171236,47.54531782500598,31.154169090426695,78.69948823889906,40.21920595752949,120.41444739516898,245.70986701809628,431.7157465720662,838.0592726104112
MY_0p5_6.2500_100.7500,100.75,6.25,1984-08-01,1984,8,209.78427112240593,122.37264036671996,135.81670942269696,23.061932272892662,40.50616670115113,63.56810050581412,40.97747633355926,123.17060121514164,249.27010507473156,437.76127924974367,851.1794735234678
MY_0p5_6.2500_101.2500,101.25,6.25,1984-08-01,1984,8,191.17049537071819,121.72226480337291,128.3423038189228,15.78036202650804,47.161401308499855,62.94176365778997,41.45244510357197,124.89588306133564,252.05031691331126,442.1750028170072,860.5736544095553
MY_0p5_6.2500_101.7500,101.75,6.25,1984-08-01,1984,8,163.73402099609373,126.89095633370536,123.36907741001671,8.708368369511195,20.405054848534718,29.11342315673828,41.15379409790039,124.11736406598772,251.51600734165734,434.2007001604352,850.9878801618303
MY_0p5_6.2500_102.2500,102.25,6.25,1984-08-01,1984,8,163.1035919189453,129.30942233015853,117.96527099609375,5.938334941864014,2.898876428604126,8.837211608886719,40.67684555053711,122.52787017822266,247.4429168701172,423.91424560546875,834.5618896484375
MY_0p5_6.2500_115.7500,115.75,6.25,1984-08-01,1984,8,153.23445892333984,134.3289885087447,139.76210021972656,10.033961296081543,18.922460556030273,28.956422805786133,40.94738006591797,123.73941040039062,251.67034912109375,435.64312744140625,852.0003051757812
MY_0p5_6.2500_116.2500,116.25,6.25,1984-08-01,1984,8,155.07818697209945,129.50521797046324,131.1985615801706,8.990161189948935,22.718511510000354,31.708673464569223,40.82405969224837,123.29484043877554,250.45374079632865,432.4200037481501,846.9926685215618
MY_0p5_6.2500_116.7500,116.75,6.25,1984-08-01,1984,8,185.86111765059212,125.93036077590217,122.50105852399551,20.467305749560158,52.04803262438093,72.51534044477674,41.35788409520709,124.854785882859,253.61626727391806,439.201604546441,859.0305530366444
MY_0p5_6.2500_117.2500,117.25,6.25,1984-08-01,1984,8,259.1211603073847,130.27743728879898,123.05504559713698,48.358838390168685,99.90814905318004,148.26698885720873,41.99750857883029,126.50398210797992,257.6884732685392,451.5556770445808,877.7456552656871
MY_0p5_6.2500_117.7500,117.75,6.25,1984-08-01,1984,8,283.83835744857794,131.80112584431967,123.65883226004262,55.35487015484369,118.06619320696556,173.42106378566453,42.192895945052655,127.03814358181427,259.02573577702395,455.8357008549205,884.0924925330091
MY_0p5_6.2500_118.2500,118.25,6.25,1984-08-01,1984,8,275.20064653669084,131.45940671648296,126.2758241380964,49.56427335739136,126.72420515332904,176.2884813036237,42.95082187652588,129.75497491019112,264.5822655814035,465.9565582275391,903.2446441650391
MY_0p5_6.7500_100.2500,100.25,6.75,1984-08-01,1984,8,256.92308134191177,123.82191113864673,167.13273912317612,50.2537439290215,30.563558550441964,80.81730629416073,41.83354442259844,126.36001306421616,257.2952207677505,449.3449891034295,874.8337891522576
MY_0p5_6.7500_100.7500,100.75,6.75,1984-08-01,1984,8,224.32554796006946,125.31523019296152,142.29579332139758,26.385928542525686,22.455813090006515,48.84174431694879,40.59955837108471,121.96879690664787,243.53304714626736,433.4309285481771,839.5323350694446
MY_0p5_6.7500_116.2500,116.25,6.75,1984-08-01,1984,8,135.70361626285245,134.82567312551097,129.81118774414065,4.650336893593393,6.825374905656024,11.475711752728719,40.046460221453415,120.76227253239331,244.3672593279583,418.5637832269436,823.7397952196075
MY_0p5_6.7500_116.7500,116.75,6.75,1984-08-01,1984,8,162.62900255255198,133.45553946495053,120.70521910294244,6.652164945489333,11.743146826627227,18.395311528986152,38.97297502600629,116.60259828831367,235.49412711524212,402.1581367824388,793.2278456857554
MY_0p5_6.7500_117.2500,117.25,6.75,1984-08-01,1984,8,213.47330598749667,132.6712875366211,114.96876539382258,14.336936279735735,24.395189594378515,38.73212491938499,38.71822551288436,115.19234517190309,233.1420894386494,401.42269370830167,788.4753485485517
MY_0p5_6.7500_117.7500,117.75,6.75,1984-08-01,1984,8,258.8917897542318,132.31040234035913,119.87462067604065,25.2227680683136,40.784096240997314,66.00686240196228,40.39668083190918,120.78209185600281,246.3194694519043,432.74370670318604,840.241943359375
MY_0p5_7.2500_116.7500,116.75,7.25,1984-08-01,1984,8,149.51396467554287,135.11456480480373,119.15723213527515,3.834645258862039,0.42499008003784267,4.259635344795559,36.47588043212891,108.01980378524117,214.26842226774798,351.6458273182744,710.4099221934442
MY_0p5_7.2500_117.2500,117.25,7.25,1984-08-01,1984,8,161.05552274686792,133.89744856550885,116.22642613461144,3.614155013937699,0.17345540439955104,3.787610470621209,35.410886744449016,104.22661421926396,205.0911940725226,330.1700375205592,674.8987150493421
MY_0p5_0.7500_110.2500,110.25,0.75,1984-09-01,1984,9,227.0769010103666,101.91038442758415,113.1400606595553,30.34087360088642,49.61855803269607,79.9594281123235,42.09301123985878,126.99974060058595,257.84919856144836,447.73773099459135,874.6796602689303
MY_0p5_0.7500_110.7500,110.75,0.75,1984-09-01,1984,9,235.37479989188057,103.13121087210519,115.8013708932059,43.556779697963165,61.050298254830494,104.60707800728933,42.504911695207866,128.39836883544922,261.6444353376116,458.97897077287945,891.5266976492744
MY_0p5_0.7500_111.7500,111.75,0.75,1984-09-01,1984,9,241.92463829403832,102.04374694824219,116.40692138671875,46.43943417261517,80.68761032346696,127.12704831077937,42.689581916445775,128.9168185279483,262.58055526491194,460.6834421309214,894.870395236545
MY_0p5_1.2500_103.2500,103.25,1.25,1984-09-01,1984,9,189.27476397764337,99.88400320404942,113.57198125665839,18.325135122645985,30.784024758772414,49.109158429232515,38.987348556518555,115.8788448680531,237.14800158413976,419.51309481534093,811.5272619074042
MY_0p5_1.2500_103.7500,103.75,1.25,1984-09-01,1984,9,187.68336294229752,98.64400926608484,104.50073679211071,16.82149255622938,43.00148173211848,59.82297301060946,40.261163730065796,120.64477568691218,246.92897567008305,437.17324977245147,845.0081567856872
MY_0p5_1.2500_104.2500,104.25,1.25,1984-09-01,1984,9,188.1339817592076,99.65627081734793,94.43680572509766,14.777050971984863,57.59663009643555,72.3736801147461,41.943450927734375,126.92677307128906,259.832275390625,460.4722900390625,889.1748046875
MY_0p5_1.2500_109.7500,109.75,1.25,1984-09-01,1984,9,193.83173728850952,105.03891083131353,125.0743952371988,22.528576356818878,43.02659243847951,65.55516700285028,42.45680167876094,128.36625147440347,262.12996039333115,461.9569187394108,894.9098885777485
MY_0p5_1.2500_110.2500,110.25,1.25,1984-09-01,1984,9,218.15829196767922,103.27021589242356,116.25292090927772,29.849467921901393,51.109206048678246,80.95867161400992,42.20494874932131,127.40302848079493,259.0417897581594,451.4893227359964,880.1390720205418
MY_0p5_1.2500_110.7500,110.75,1.25,1984-09-01,1984,9,226.49136115180121,103.87819116985986,117.68900146484373,39.26647754850841,56.61649585300022,95.88297363765656,42.503488728356736,128.43439471532423,261.93371707976803,460.3324672154017,893.2040771484374
MY_0p5_1.2500_111.2500,111.25,1.25,1984-09-01,1984,9,225.99869544666035,103.1872719469162,116.15044990515177,37.28948125138451,57.28325795670287,94.572741011842,42.47765288185388,128.29113652530953,261.3416404845997,458.1807250976563,890.2911244352786
MY_0p5_1.2500_111.7500,111.75,1.25,1984-09-01,1984,9,236.28482394748258,101.74982004317025,116.00646112835597,41.54834041898213,77.09445493183439,118.6427971976144,42.65229276626829,128.7800525483631,262.17675829690603,459.4162549215649,893.02535671658
MY_0p5_1.2500_112.2500,112.25,1.25,1984-09-01,1984,9,251.6928714035731,100.90660641278107,116.51227922003885,56.186487788476306,97.19886919205564,153.38536156978702,42.79979423096942,129.20689392089844,262.971905703472,460.75826437703245,895.7368659779504
MY_0p5_1.2500_112.7500,112.75,1.25,1984-09-01,1984,9,281.1966800689697,101.65908002853394,115.60830195744832,89.62145535151163,128.96662457784015,218.58809153238934,42.91219234466553,129.46194775899252,263.0651048024496,459.28302319844556,894.722282409668
MY_0p5_1.2500_113.2500,113.25,1.25,1984-09-01,1984,9,335.94850596552305,103.15195385476817,115.25705228059188,121.84467435090437,152.4995272429093,274.34420510996944,42.99589332912279,129.6663133704144,263.2446023692255,458.7401067319123,894.6469132133152
MY_0p5_1.2500_113.7500,113.75,1.25,1984-09-01,1984,9,402.21861313328594,103.61922108043323,114.90502108949603,123.98195653973201,166.6221457972671,290.6041012388287,43.035617654973805,129.75773100419477,263.30305550315165,458.4365571917909,894.5329562100497
MY_0p5_1.2500_114.2500,114.25,1.25,1984-09-01,1984,9,487.52966254580343,102.33408544759835,115.34892630788077,133.0057270421391,168.2369201120022,301.2426579568238,43.024650303663414,129.7126628234323,263.18750945234723,458.2131939103118,894.138007510025
MY_0p5_1.2500_114.7500,114.75,1.25,1984-09-01,1984,9,525.5969523768271,99.70558240336757,111.45689244424143,169.5326926938949,170.55379067697834,340.0864986296623,42.94394991474766,129.4728290188697,262.67895015593496,456.8614029422883,891.9571316626765
MY_0p5_1.7500_102.7500,102.75,1.75,1984-09-01,1984,9,183.34818221455785,100.80083718484279,115.5330696105957,7.830185383558272,34.29316663742066,42.12335121631622,41.049840569496155,123.30372405052186,252.0194149017334,444.97046661376953,861.3434505462646
MY_0p5_1.7500_103.2500,103.25,1.75,1984-09-01,1984,9,184.16495452056063,98.40446009691156,116.75281661987304,10.33011326789856,35.728167667388924,46.05827981948853,40.93408361434936,122.91638526916505,251.3125358581543,443.80724548339845,858.9702316284181
MY_0p5_1.7500_103.7500,103.75,1.75,1984-09-01,1984,9,183.76840779751163,98.30717721770081,110.84439818466765,12.537644440614724,39.61719709710229,52.15484145925014,40.98824166647995,123.25303606443768,252.12871396994288,445.62998701650884,861.9999725728095
MY_0p5_1.7500_104.2500,104.25,1.75,1984-09-01,1984,9,184.54012775421143,99.49678273200989,106.9370969432269,11.744797263034554,45.60678547112517,57.35158254933912,42.05659390235132,127.26477961577184,260.4262487130572,460.67502138596177,890.4226604136386
MY_0p5_1.7500_109.7500,109.75,1.75,1984-09-01,1984,9,193.54309090902638,105.21161491926327,125.6885757446289,22.556604385375977,43.84302520751953,66.39962768554688,42.49273681640625,128.48936462402344,262.4657897949219,462.9516906738281,896.3995361328125
MY_0p5_1.7500_110.2500,110.25,1.75,1984-09-01,1984,9,203.2427404167947,105.41161088269166,121.73277017521985,30.342085078438334,53.402409273035396,83.74449418827813,42.40995294907514,128.14532070873892,261.25651378937584,458.5266645298922,890.3384412469711
MY_0p5_1.7500_110.7500,110.75,1.75,1984-09-01,1984,9,210.10986536199394,104.9439485723322,121.31224784851074,32.482661724090576,48.19589805603027,80.67855949401856,42.51171607971191,128.5449089050293,262.6242218017578,463.40715789794916,897.0880065917968
MY_0p5_1.7500_111.2500,111.25,1.75,1984-09-01,1984,9,208.2270061190166,103.420044793023,118.27381385980651,26.38753093453341,42.730169890647716,69.11769920171695,42.409214321402615,128.14376220703124,261.32912484102474,459.1082532306051,890.9903317473656
MY_0p5_1.7500_111.7500,111.75,1.75,1984-09-01,1984,9,219.54546486576893,101.17032434970515,115.96916080426563,32.31891352617287,58.491459930999355,90.81037393400939,42.522559165954576,128.4316334301912,261.64114563374574,458.8240125631983,891.4193460971492
MY_0p5_1.7500_112.2500,112.25,1.75,1984-09-01,1984,9,242.19489087301585,100.75509885757688,116.5741947476826,52.10299224853515,85.02839917379713,137.1313961937314,42.647355215890066,128.7589657738095,262.05979081411215,458.6700400700645,892.1361585828993
MY_0p5_1.7500_112.7500,112.75,1.75,1984-09-01,1984,9,274.7300742981926,102.0811750381712,118.22253415546722,82.89492183866956,112.74929489862352,195.64422437879773,42.799442448691714,129.19296288868736,262.84884662930926,459.9432532900856,894.7845106336806
MY_0p5_1.7500_113.2500,113.25,1.75,1984-09-01,1984,9,317.7406460232205,104.01565970769003,118.92050536624969,108.06434364924355,129.6381830124628,237.70253005254835,42.87570677257719,129.3851395379929,263.07215217711433,459.8198826381138,895.1528663271948
MY_0p5_1.7500_113.7500,113.75,1.75,1984-09-01,1984,9,385.12008114769344,104.78196420820935,117.23887263706752,118.86729167151073,140.15914427742126,259.0264382014199,42.80770883711557,129.10215420193143,262.0701441204737,456.15175664992563,890.1317566886781
MY_0p5_1.7500_114.2500,114.25,1.75,1984-09-01,1984,9,471.7929572211372,103.52122049483042,118.49099741133432,126.02472655281188,149.18290487622454,275.20763947017605,42.86001144893586,129.24217136928013,262.3130889408172,456.5943704272073,891.0096476236979
MY_0p5_1.7500_114.7500,114.75,1.75,1984-09-01,1984,9,487.5815764906493,102.02374121315123,119.71289801721129,130.31534710819858,164.0390379515337,294.3543996069716,42.94036877093538,129.50899667690456,262.97355201207296,458.24480521246556,893.6677303017731
MY_0p5_2.2500_101.7500,101.75,2.25,1984-09-01,1984,9,216.12060531462083,103.0763229215988,124.43745121811375,14.240976901969525,36.65331146933816,50.89428838094076,41.93769967435586,126.51002402257437,258.28748113458806,455.0907876371133,881.8259610262783
MY_0p5_2.2500_102.2500,102.25,2.25,1984-09-01,1984,9,186.50282046669406,99.83178856954619,118.55461635315817,8.396783477381655,31.121290672338752,39.518074519326234,41.53652590883976,125.12149763335454,255.0865720173959,447.49469665819373,869.2392855557528
MY_0p5_2.2500_102.7500,102.75,2.25,1984-09-01,1984,9,173.8570213800744,99.10095567341092,118.02743583389474,6.4305309917353375,30.689847940131077,37.1203779087791,41.70718003526518,125.72111064572877,256.96840561492536,453.6939976366261,878.0907019120228
MY_0p5_2.2500_103.2500,103.25,2.25,1984-09-01,1984,9,174.21145595974392,97.47878049820189,117.59438861665272,5.018677596440391,36.134036751398966,41.15271343655056,41.95993607536195,126.62179163372706,258.4814085945251,454.8474073621962,881.9105298239087
MY_0p5_2.2500_103.7500,103.75,2.25,1984-09-01,1984,9,173.52682314080707,99.05855759442863,119.96281477071471,6.291436783742096,27.898822157261737,34.19025995286844,41.71235017938128,125.82389495332362,256.9494990979211,452.00466091349966,876.4903992733713
MY_0p5_2.2500_104.2500,104.25,2.25,1984-09-01,1984,9,171.9446399967845,100.65999429594211,125.55823056559917,7.974165412020093,21.27434642255799,29.248512331119255,42.217922841221835,127.74981992106792,261.30231923505295,461.1504224036351,892.4205034744642
MY_0p5_2.2500_104.7500,104.75,2.25,1984-09-01,1984,9,163.0096435546875,103.10462188720703,,,,,,,,,
MY_0p5_2.2500_109.7500,109.75,2.25,1984-09-01,1984,9,197.41382869597405,104.933718527517,,,,,,,,,
MY_0p5_2.2500_111.2500,111.25,2.25,1984-09-01,1984,9,198.6175701022148,102.67356184124947,119.82910481621236,29.860371926251574,28.520107577828796,58.38048228095559,42.321772238787474,127.9548998440013,261.2210267010857,459.7988169053021,891.2965141745174
MY_0p5_2.2500_111.7500,111.75,2.25,1984-09-01,1984,9,209.37040289015997,101.40737069750588,120.38125828334263,34.99978574117025,33.974946527632454,68.9747347877139,42.35927529713465,128.06907530285062,261.46534065367683,460.2942528134301,892.1879367404513
MY_0p5_2.2500_112.2500,112.25,2.25,1984-09-01,1984,9,230.46512402731275,101.23957342723058,122.40805228097099,54.31476671733553,57.8112563360305,112.12602330767918,42.457420215909444,128.33431357731894,261.85430336604037,460.36094108460435,893.0069719587053
MY_0p5_2.2500_112.7500,112.75,2.25,1984-09-01,1984,9,256.8436559283544,102.54227307032023,124.72093316941032,73.85201287648033,85.47705993652343,159.32907390291726,42.56960879129077,128.63146730453246,262.27873951745414,460.5439581976996,894.0237804594493
MY_0p5_2.2500_113.2500,113.25,2.25,1984-09-01,1984,9,288.7100428021144,104.80419243706598,127.16191607278493,81.01354844835069,99.55985267275857,180.57340499635728,42.65594913543217,128.8434679788257,262.5253053695437,460.5452434237041,894.5699573335195
MY_0p5_2.2500_113.7500,113.75,2.25,1984-09-01,1984,9,339.19624434845366,105.24659434451331,124.3155547757692,98.60575311395188,102.25380475008035,200.85955882977836,42.445166805122476,128.05943385256998,260.10081559193287,452.41295440287536,883.0183511082131
MY_0p5_2.2500_114.2500,114.25,2.25,1984-09-01,1984,9,404.65541992187497,104.24386633010137,124.40856802804129,103.79748755560979,122.0521769205729,225.8496644519624,42.57570516192724,128.43194633362785,260.7948976546999,453.631741672092,885.4342998201885
MY_0p5_2.2500_114.7500,114.75,2.25,1984-09-01,1984,9,437.1464502150013,102.46198855984596,124.25897115891982,95.89005779143304,156.18523842596238,252.0753066524383,42.89552314512191,129.4333206668977,263.0860556325605,459.3288176505798,894.743728342364
MY_0p5_2.2500_115.2500,115.25,2.25,1984-09-01,1984,9,419.54364013671875,101.13371276855469,120.37506103515625,85.43426513671875,158.05270385742188,243.48696899414062,43.052093505859375,129.9926300048828,264.6552734375,464.2068786621094,901.9068603515625
MY_0p5_2.7500_101.2500,101.25,2.75,1984-09-01,1984,9,248.8443145751953,102.95528411865234,126.00328063964844,34.18240737915039,48.509429931640625,82.69183349609375,42.458438873291016,128.37808227539062,262.27337646484375,463.2484436035156,896.3583374023438
MY_0p5_2.7500_101.7500,101.75,2.75,1984-09-01,1984,9,220.85699073304522,99.8472536121715,112.65724703702058,15.658399351293388,59.51366907986727,75.17206970214842,42.11003257057883,127.15226703990587,258.84960815429685,453.2510755504261,881.3629660866476
MY_0p5_2.7500_102.2500,102.25,2.75,1984-09-01,1984,9,188.82456741818956,97.46232204072794,122.65278042349844,7.797070084104112,26.791802655359735,34.58887363846894,41.944586456201634,126.60167485133856,257.3784899863468,448.28136478108195,874.2061248584916
MY_0p5_2.7500_102.7500,102.75,2.75,1984-09-01,1984,9,169.80636075176773,97.78900820092309,121.56836398643783,6.580402852613715,27.178830026071285,33.75923211061502,42.369629123542886,128.13901191421704,261.9363440018666,462.57111696653726,895.0161208140698
MY_0p5_2.7500_103.2500,103.25,2.75,1984-09-01,1984,9,167.34897477459754,98.95811540154135,114.77849906872791,5.478256556638487,27.59827772371328,33.076533645581286,41.35738037498134,124.44261307928971,254.05412394529696,447.1070796699281,866.9611931090143
MY_0p5_2.7500_103.7500,103.75,2.75,1984-09-01,1984,9,165.88221322764525,101.05607903521992,113.26246527043357,6.087606403684837,15.915201055289415,22.00280745897425,40.41627217657555,121.11065466392974,247.3358457363146,435.1975556123092,844.0603452058433
MY_0p5_2.7500_104.2500,104.25,2.75,1984-09-01,1984,9,165.12346200382007,102.09432265337777,125.67889404296875,8.755621910095215,14.129010200500488,22.884632110595703,42.211177825927734,127.73301696777344,261.2985534667969,461.3407287597656,892.58349609375
MY_0p5_2.7500_111.2500,111.25,2.75,1984-09-01,1984,9,194.8649139404297,102.78057229929958,125.63566230325138,29.40909907397102,16.14686601302203,45.555965086993055,42.17155759474811,127.420560724595,259.65996237362134,455.11163330078125,884.3636995203353
MY_0p5_2.7500_111.7500,111.75,2.75,1984-09-01,1984,9,206.93771024610174,101.97143961171635,125.88722498663539,34.372593649502456,22.939069739703474,57.31166389070708,42.230792604643725,127.6516436543958,260.40817523824757,457.42213242629475,887.7127369847791
MY_0p5_2.7500_112.2500,112.25,2.75,1984-09-01,1984,9,225.12795672839198,102.00900027118152,128.1492316182454,58.01891517639161,42.595352007548016,100.61426544189452,42.32606522878011,127.99190760294596,261.35654917399086,459.92858571370436,891.6031005859375
MY_0p5_2.7500_112.7500,112.75,2.75,1984-09-01,1984,9,247.70271325413182,103.24467417560047,129.20815030834345,86.76806155337562,71.27059934109072,158.03866234308555,42.43311668347709,128.30731230144258,261.95109345641316,460.775696863102,893.4672254731383
MY_0p5_2.7500_113.2500,113.25,2.75,1984-09-01,1984,9,273.45908038426955,105.34825415232822,130.71824113149492,87.48572426447792,91.75130094497922,179.23702993241568,42.57133365207248,128.6840099516369,262.5988464355469,461.8277048262338,895.6819056919642
MY_0p5_2.7500_113.7500,113.75,2.75,1984-09-01,1984,9,309.38276798709944,106.13177327441562,128.39712121076644,96.90274599403332,93.72770547563104,190.63045010900802,42.42215778569507,128.089967861297,260.64314085359024,455.10098567889753,886.2562327779783
MY_0p5_2.7500_114.2500,114.25,2.75,1984-09-01,1984,9,353.2106277852119,104.39616939689539,123.30479030367694,104.8163540272773,111.57698614386064,216.39333580113663,42.41152839419208,127.97492768492882,259.96674115144754,452.00056061563606,882.353764787505
MY_0p5_2.7500_114.7500,114.75,2.75,1984-09-01,1984,9,383.4915864786525,104.7893462211463,123.497038069804,77.83450069548978,142.21189715148537,220.0464045044723,42.789800862597815,129.17024043866783,262.7809935162781,459.39752206984605,894.1385632168715
MY_0p5_2.7500_115.2500,115.25,2.75,1984-09-01,1984,9,394.9391133076435,101.69400024414061,119.65293946137298,64.55846889598949,150.7106429091445,215.26911431389885,42.96932313248918,129.67930864213824,263.6602230587521,460.7724477407094,897.0812768334739
MY_0p5_3.2500_101.2500,101.25,3.25,1984-09-01,1984,9,249.75856187608508,102.38054321526553,133.41091800199874,32.6124957785996,52.23261401996538,84.84511123835344,42.56339985294564,128.67027371773924,262.69804400136036,463.3247177183396,897.2564341029305
MY_0p5_3.2500_101.7500,101.75,3.25,1984-09-01,1984,9,222.14767467570752,95.94971791650082,116.38544996225151,17.934780587056643,61.27595150091087,79.21073505377315,42.0604885247103,126.83548036806143,257.24658980642914,446.26368936915316,872.4062616627688
MY_0p5_3.2500_102.2500,102.25,3.25,1984-09-01,1984,9,194.51955396864147,97.34307485913472,126.66227329799108,10.965058886815632,22.044579757206023,33.00963827466208,42.08984876360212,127.07352529858788,258.5490135556176,451.44952150375127,879.1619264632936
MY_0p5_3.2500_102.7500,102.75,3.25,1984-09-01,1984,9,174.5766263068477,97.705450154558,123.39305682121953,12.156308724910396,27.814354003230225,39.970662104932565,42.33692153496078,127.94659923601752,261.07045089142235,459.2462595686127,890.6002239758454
MY_0p5_3.2500_103.2500,103.25,3.25,1984-09-01,1984,9,164.47976281976855,99.63756899258989,111.37059147738479,13.271561846282662,27.40669889170495,40.678260651007534,40.559032713551474,121.49408642399194,247.94255001304205,436.10031585196333,846.0959900101157
MY_0p5_3.2500_112.2500,112.25,3.25,1984-09-01,1984,9,225.04714762369792,102.68464999728734,130.1210689968533,58.55036671956381,36.83373040093316,95.38409661187067,42.28006591796875,127.8683851453993,261.165283203125,459.74515313042536,891.0588799370661
MY_0p5_3.2500_112.7500,112.75,3.25,1984-09-01,1984,9,249.58049774169922,104.23371259627802,131.2625841234551,96.73317011848826,58.713061817356795,155.44623152936092,42.319964236900454,127.99991995389345,261.39294333536117,459.6914345162814,891.4042608542521
MY_0p5_3.2500_113.2500,113.25,3.25,1984-09-01,1984,9,273.13790205188263,106.07994369277381,132.28009877060398,95.41790372675115,63.22704716884728,158.6449468786066,42.349150123018205,128.0793672619444,261.5133508624453,459.78370793660474,891.7255810824307
MY_0p5_3.2500_113.7500,113.75,3.25,1984-09-01,1984,9,293.702983844091,107.22673688616071,130.32580735948352,89.775612410288,81.00620027572388,170.7818072606647,42.45430205814422,128.32244369264632,261.7937473842076,459.86643841455844,892.4369256882441
MY_0p5_3.2500_114.2500,114.25,3.25,1984-09-01,1984,9,316.32133707423117,107.24433498018107,123.16397913550114,87.12784593424219,109.88240551796687,197.01024418727604,42.42965104169906,128.07951925970187,260.4337410896447,453.85358365781735,884.7964664143361
MY_0p5_3.2500_114.7500,114.75,3.25,1984-09-01,1984,9,338.5664890556578,108.60067243636794,123.63933604538062,63.89048658966259,125.8888789377395,189.77937185688384,42.67909985439034,128.8395289524346,262.098547479909,457.95763052193234,891.5748100523738
MY_0p5_3.2500_115.2500,115.25,3.25,1984-09-01,1984,9,361.06490615651575,103.59480447407009,115.60610314864145,45.62044281295583,138.37528851666028,183.995730291439,42.85184449787381,129.27127447007578,262.5242572253263,457.29942621158654,891.946782558779
MY_0p5_3.2500_115.7500,115.75,3.25,1984-09-01,1984,9,374.6967746005969,100.5977724911122,112.11351518952445,65.88484136174233,168.85429622350114,234.7391408855995,43.10771290639813,130.12065518839978,264.71690900138253,463.64120071925475,901.5864346964976
MY_0p5_3.7500_100.7500,100.75,3.75,1984-09-01,1984,9,259.17425537109375,103.47743225097656,135.30343627929688,16.481719970703125,9.896382331848145,26.378101348876953,42.13077163696289,127.33051300048828,259.677001953125,455.7330627441406,884.871337890625
MY_0p5_3.7500_101.2500,101.25,3.75,1984-09-01,1984,9,244.6789964068631,100.03246507366885,138.00515905090137,22.25290605859849,41.50022052098247,63.75312712586042,42.36942013490548,127.93148998766657,260.3515974618856,455.4012604253578,886.0537417513654
MY_0p5_3.7500_101.7500,101.75,3.75,1984-09-01,1984,9,227.16741068222944,94.19790369993562,125.83519917384835,17.21502143106643,39.876789105166296,57.09181105255322,41.93775958164483,126.39601356360565,255.92891921511125,441.7452390634331,866.0079456499428
MY_0p5_3.7500_102.2500,102.25,3.75,1984-09-01,1984,9,218.79214564732143,94.13964291527158,126.45737733386811,18.15777648441375,42.408729662214,60.56650498405335,42.297081756591794,127.63206355988034,259.37876247829865,452.0436207604787,881.3515189034598
MY_0p5_3.7500_102.7500,102.75,3.75,1984-09-01,1984,9,202.5492975628565,96.9216271052285,121.1337669978066,18.641535138326976,47.57135873219323,66.212893531436,42.494300115676154,128.34144863552515,261.48279244559154,458.7912197536892,891.1097319103421
MY_0p5_3.7500_103.2500,103.25,3.75,1984-09-01,1984,9,179.8819071857103,98.75659954785351,113.13346455891926,22.938955725875555,55.28284248651243,78.22179466696346,42.04150994992724,126.70416624779794,258.2830742331112,453.6383374980852,880.6670809876686
MY_0p5_3.7500_113.2500,113.25,3.75,1984-09-01,1984,9,273.7851276397705,107.41640985012056,130.47087622470545,93.27847540183146,39.51699716536726,132.79546793953318,42.17128472250016,127.51151338170787,260.14832543545083,456.3661604083953,886.197298644019
MY_0p5_3.7500_113.7500,113.75,3.75,1984-09-01,1984,9,287.48130248612426,108.64586234925285,126.66024548181825,80.44083248990255,57.48261435055038,137.9234427047779,42.36103791172065,128.08447492778492,261.5003270022692,459.9851207547975,891.9309702259052
MY_0p5_3.7500_114.2500,114.25,3.75,1984-09-01,1984,9,299.84433572162,109.89142446366566,124.9377208406963,65.01549809773763,80.16748741997613,145.18298615955172,42.49956327165876,128.4215575687469,261.87029506138396,459.76847873263887,892.5598900204612
MY_0p5_3.7500_114.7500,114.75,3.75,1984-09-01,1984,9,315.97720288473465,110.11243673657614,125.30409378778366,54.79464378962441,83.57215140206473,138.3667964874752,42.52372174944196,128.41529933384487,261.45608966161336,457.67348235599576,890.0686071971107
MY_0p5_3.7500_115.2500,115.25,3.75,1984-09-01,1984,9,338.97540757921007,103.12705979120163,111.02386351085843,41.84541624765547,131.27938828241258,173.12480129665795,42.75637158590649,128.96571214463975,261.8038396926153,455.5073969765315,889.0332951621405
MY_0p5_3.7500_115.7500,115.75,3.75,1984-09-01,1984,9,360.7023758922549,98.88970793579979,109.33054560380018,53.863414270414715,160.19898920951127,214.06240471489997,42.98492953074064,129.72669313279843,263.73490258086497,460.69461937773997,897.1411066947223
MY_0p5_4.2500_100.7500,100.75,4.25,1984-09-01,1984,9,230.95230255126953,102.68968642227293,131.21433180205676,11.980489108027246,7.8734080859593,19.85389754626216,41.78903230939593,126.18404058339647,256.68345934809474,447.4602334781569,872.1167824258612
MY_0p5_4.2500_101.2500,101.25,4.25,1984-09-01,1984,9,225.254338109216,95.48027152772163,129.16080460275057,17.492276392165262,41.865896267496105,59.35817419647412,41.97750548344509,126.5010400516972,256.0765081514978,441.84916803639413,866.4042393386743
MY_0p5_4.2500_101.7500,101.75,4.25,1984-09-01,1984,9,235.60984209722676,94.09202631746237,131.69919666619347,25.66642714308474,40.71859471866499,66.38502380566094,42.30271307119547,127.68300716412335,259.61592141050886,453.05435882665864,882.6560413494658
MY_0p5_4.2500_102.2500,102.25,4.25,1984-09-01,1984,9,258.11633612782043,96.01510681054845,126.00010378901571,27.83669944616933,70.12916257815621,97.96586643011807,42.68079791815517,128.9056590997373,262.66341997335513,461.37280312437605,895.6226652590233
MY_0p5_4.2500_102.7500,102.75,4.25,1984-09-01,1984,9,249.10035705566406,96.54371980800751,113.87722158735725,31.62963995356469,87.51436153338973,119.14400466384406,42.67626065053758,128.78459736040443,261.80434043544113,457.1741225127203,890.4392947057252
MY_0p5_4.2500_103.2500,103.25,4.25,1984-09-01,1984,9,204.83664308329347,99.95427560307839,107.86704400358302,35.10698329114748,75.29330229011563,110.40028886429525,42.619136783719476,128.73048884694168,262.38917344787814,460.83218490122096,894.5709760180749
MY_0p5_4.2500_113.7500,113.75,4.25,1984-09-01,1984,9,294.65838090200276,109.85439456592908,121.83276640694096,55.257093321602305,36.207455922972485,91.46455131386811,42.07054005029067,127.17385655529095,259.31480407714844,454.20747202747276,882.7666873572007
MY_0p5_4.2500_114.2500,114.25,4.25,1984-09-01,1984,9,300.0058828697045,110.28155084558436,122.35538942197115,41.49483977505599,34.85412476882051,76.34896685626056,42.137732487387645,127.34222185289539,259.5348286868063,454.48063406336723,883.4954129370024
MY_0p5_4.2500_114.7500,114.75,4.25,1984-09-01,1984,9,311.58895772298183,109.8953802998861,126.05253367106123,52.21128672281902,61.419193267822266,113.63047749837239,42.38285802205404,128.008346862793,260.6173376464844,455.9727107747397,886.9812463378909
MY_0p5_4.2500_115.2500,115.25,4.25,1984-09-01,1984,9,330.85842725965716,105.2443539566464,113.98712539672852,48.1368215613895,113.30321372879875,161.44002962112424,42.514487094349334,128.17478391859268,259.8134378857083,450.22489304012726,880.727591832479
MY_0p5_4.2500_115.7500,115.75,4.25,1984-09-01,1984,9,352.7330230195644,99.91036020052637,107.15596541065283,57.406924076403605,143.89207892983652,201.29900393728488,42.77636258400093,129.10081362966767,262.37986626059325,457.30334110583294,891.5603710109906
MY_0p5_4.2500_116.2500,116.25,4.25,1984-09-01,1984,9,381.48330948992475,107.96464487401452,114.83737675736589,86.48242150283441,179.37353627274678,265.8559540539253,43.01547003955376,129.86592185788038,264.23319858457984,462.24821360518297,899.3627963182405
MY_0p5_4.2500_116.7500,116.75,4.25,1984-09-01,1984,9,393.2523583208206,113.55950191255249,118.16519676605401,108.93500479108336,179.7018378814521,288.63684628878025,43.053847781495556,130.03963695371772,264.8837264397241,464.71523377523266,902.6924572542224
MY_0p5_4.2500_117.2500,117.25,4.25,1984-09-01,1984,9,395.8226569521743,119.13219154830527,120.27395977594156,106.76846394496681,151.42619195448611,258.1946542790506,42.93735372492698,129.79221863873238,264.86000830726283,466.32473484815756,903.9143212242464
MY_0p5_4.2500_117.7500,117.75,4.25,1984-09-01,1984,9,364.6688876681858,120.6278784336188,115.45146449814496,82.40998804467358,116.20547482091136,198.61545967036844,41.319645384438026,124.06463623046876,253.36574730506314,446.35953919500366,865.1095570621326
MY_0p5_4.2500_118.2500,118.25,4.25,1984-09-01,1984,9,294.4740275778966,120.80642325418037,105.99858948531424,55.9668108217276,74.27969802564878,130.246510839766,38.43824972164859,113.6794379167496,232.14946187985174,408.6017321932848,792.8688778239451
MY_0p5_4.2500_118.7500,118.75,4.25,1984-09-01,1984,9,253.19612856264465,121.480344136556,100.64164733886719,45.057220458984375,50.46681594848633,95.52404022216797,36.76836395263672,107.64359283447266,219.82244873046875,386.7941589355469,751.028564453125
MY_0p5_4.7500_100.2500,100.25,4.75,1984-09-01,1984,9,232.3490447998047,105.51517656114368,,,,,,,,,
MY_0p5_4.7500_100.7500,100.75,4.75,1984-09-01,1984,9,223.43227633820277,101.38217266110608,122.97480758418882,9.087607503906497,13.165221567076395,22.25282884613285,41.16481695717912,123.89501428991798,249.89199500355292,427.31327373225514,842.2651208396849
MY_0p5_4.7500_101.2500,101.25,4.75,1984-09-01,1984,9,223.1855466681012,93.48016650487506,116.1024461049882,17.33080957503546,50.70013678111727,68.03094484843905,41.874279530843104,126.10448031955296,254.77614876883368,437.41425393725194,860.1691632952009
MY_0p5_4.7500_101.7500,101.75,4.75,1984-09-01,1984,9,240.89396793827135,94.82994714161708,124.0095192803277,34.93696525815934,70.93083779471262,105.86779974074592,42.52891735500759,128.36207108270557,260.99725138346355,455.64692014663945,887.5351506308904
MY_0p5_4.7500_102.2500,102.25,4.75,1984-09-01,1984,9,269.0162687755766,97.40315377371651,115.0077172415597,45.85224038986933,136.19669799804686,182.04893551781063,42.987965211414156,129.75953616187687,264.0059061686198,462.40132475353425,899.1547316778275
MY_0p5_4.7500_102.7500,102.75,4.75,1984-09-01,1984,9,259.3088415352402,98.20464633528593,104.92390852521179,49.911667465404335,140.39712830561734,190.30879614763194,43.008580250345204,129.85082439252525,264.32885547808013,463.5305042631306,900.7187636065634
MY_0p5_4.7500_103.2500,103.25,4.75,1984-09-01,1984,9,210.08840667579975,101.9019292859889,96.48376121380234,44.525664853873735,107.82197884703916,152.3476486206055,41.310294978293115,123.84922872170316,252.259665682747,442.3370084305091,859.7561967575243
MY_0p5_4.7500_103.7500,103.75,4.75,1984-09-01,1984,9,177.20543791118422,103.70962524414062,85.66104106159953,23.821381680377115,45.49637529447481,69.3177550675033,37.24454493336863,109.33501414509561,223.0688494397448,391.94356269341006,761.5920077237215
MY_0p5_4.7500_113.7500,113.75,4.75,1984-09-01,1984,9,311.2364807128906,110.29156494140625,,,,,,,,,
MY_0p5_4.7500_114.2500,114.25,4.75,1984-09-01,1984,9,311.2364807128906,110.70120130266463,123.28508758544922,35.59457015991211,18.76715850830078,54.36172866821289,41.94983673095703,126.6661605834961,257.4906311035156,448.4248962402344,874.5315551757812
MY_0p5_4.7500_114.7500,114.75,4.75,1984-09-01,1984,9,324.26147428122897,111.78259646508,128.6340619979366,54.67347073298629,57.82973956036314,112.5032102933494,42.264169180265036,127.6050715292654,259.43444988291753,452.3821230652512,881.685790359333
MY_0p5_4.7500_115.2500,115.25,4.75,1984-09-01,1984,9,353.99964173634834,111.3606774409612,124.88892853260039,76.88536008199054,129.10900247097013,205.99436235427848,42.531890332698815,128.28328752517697,260.21379407246906,451.3463506698607,882.3753372828164
MY_0p5_4.7500_115.7500,115.75,4.75,1984-09-01,1984,9,369.19695202055436,106.6091351705884,114.66265525212364,65.26894308423239,115.42678372822108,180.69572594052266,42.4771983797588,128.1474665566096,260.07832302517363,451.5144431462363,882.2174328031994
MY_0p5_4.7500_116.2500,116.25,4.75,1984-09-01,1984,9,378.6569108266678,107.63868887765065,119.65151711115756,93.04734889439172,156.85265672471786,249.9000027611141,42.9002697657025,129.5164360894097,263.49843691871274,460.7258540077814,896.6409896608382
MY_0p5_4.7500_116.7500,116.75,4.75,1984-09-01,1984,9,389.45047586175457,110.97943907146214,119.23022374020347,118.13353031496457,166.87193829500222,285.0054611012905,42.965970280804214,129.7486731613739,264.15555717371683,462.7099291644519,899.5801368423656
MY_0p5_4.7500_117.2500,117.25,4.75,1984-09-01,1984,9,401.94802672371026,114.56300097268723,117.4397375197638,113.26216876317584,154.01467013888887,267.27683861142106,42.85914054749504,129.4485938178168,263.61114095052085,461.68875964936757,897.6076390826513
MY_0p5_4.7500_117.7500,117.75,4.75,1984-09-01,1984,9,365.09720640544646,117.76434968393059,118.05268203155902,85.60748498651046,120.07165747050996,205.67914919309976,42.63372168963468,128.79154668880415,262.3532580605036,459.3934698949886,893.1719814252249
MY_0p5_4.7500_118.2500,118.25,4.75,1984-09-01,1984,9,298.77305257979356,120.03401230088431,120.62447341842271,61.95259512129741,88.68976953401041,150.6423684124971,42.471871840893925,128.3453339236466,261.618505890046,458.5012124219732,890.9369028369388
MY_0p5_4.7500_118.7500,118.75,4.75,1984-09-01,1984,9,261.4121968716006,120.52544094037405,125.34533208533178,50.27004589611971,65.86404631409465,116.13409269308741,42.3531561259982,127.97351595721666,260.79879219924345,456.8340338212026,887.9594842452037
MY_0p5_5.2500_100.2500,100.25,5.25,1984-09-01,1984,9,249.3373615948451,104.66617152043162,68.35706329345703,30.681793212890625,64.58223724365234,95.26403045654297,28.360580444335938,76.89183044433594,156.52406311035156,273.830810546875,535.6072998046875
MY_0p5_5.2500_100.7500,100.75,5.25,1984-09-01,1984,9,245.01788993286934,100.81374354302129,119.1964392826475,14.308663993046201,36.8665411061254,51.175202906816864,40.89163707864695,122.64044645462914,247.7519427770856,425.4253666318696,836.7093856636135
MY_0p5_5.2500_101.2500,101.25,5.25,1984-09-01,1984,9,239.48542281862288,95.56474091060578,116.34056863936165,21.840284184047153,72.5989097050258,94.4391936165946,42.23671564980158,127.27725282699342,257.6478521437872,444.6849641345796,871.8467938135539
MY_0p5_5.2500_101.7500,101.75,5.25,1984-09-01,1984,9,241.65389013594125,96.18893102172076,119.72277584197415,32.82897485745181,90.50989896932228,123.33887416086381,42.68655667639083,128.8531100522181,262.12921055107364,458.4358225051006,892.1046906489476
MY_0p5_5.2500_102.2500,102.25,5.25,1984-09-01,1984,9,248.4295576059135,103.53500582458108,111.1288160093271,35.04713900377795,127.13820857151299,162.18535205816767,42.729761658200786,128.92570495605466,262.8205787026958,462.45542091321033,896.9314958122884
MY_0p5_5.2500_102.7500,102.75,5.25,1984-09-01,1984,9,229.70680375984517,102.79702000709095,99.43062286376953,39.20936277357198,132.20812253790385,171.41749135680115,41.91299664772163,125.9493950278072,256.6591420319121,451.0819651458222,875.603495555813
MY_0p5_5.2500_103.2500,103.25,5.25,1984-09-01,1984,9,196.01426459418403,105.290608643224,101.62302745472302,44.881374321974725,134.21512091005005,179.0965026756386,42.834634260697804,129.361923366398,263.80305332332466,464.1491423767883,900.1487046278916
MY_0p5_5.2500_115.2500,115.25,5.25,1984-09-01,1984,9,403.36686263545874,114.38238426946826,127.74509942727012,91.4644702848841,109.71952694752177,201.1839909788038,42.25656177958504,127.3852331442911,257.9704844990715,446.1272497958825,873.73954697906
MY_0p5_5.2500_115.7500,115.75,5.25,1984-09-01,1984,9,407.59871711858534,113.50988764702518,122.16242210258869,80.45652165817002,95.18705405542406,175.64356767040186,42.101230233402575,126.87390297065345,256.6828971216234,442.8079858812235,868.4660141767082
MY_0p5_5.2500_116.2500,116.25,5.25,1984-09-01,1984,9,391.59574619727795,110.24416998368275,120.7966380300401,103.21543700785577,146.8378959848911,250.05332792257965,42.79940293710443,129.21422963202752,262.8273248793204,459.2059019064601,894.0468560713756
MY_0p5_5.2500_116.7500,116.75,5.25,1984-09-01,1984,9,391.0535569975648,112.39475655857521,122.24666259862198,127.91433315035661,174.61152817931355,302.5258535071264,43.005433142939694,129.85597624959823,264.30422094803816,462.76902326752867,899.9346525940714
MY_0p5_5.2500_117.2500,117.25,5.25,1984-09-01,1984,9,409.2152615017361,116.94664292108445,122.99342881460036,130.7468777853345,172.6568667941623,303.4037392268105,43.03044756934756,129.92620534745475,264.4751456124442,463.3974612281436,900.8292488219247
MY_0p5_5.2500_117.7500,117.75,5.25,1984-09-01,1984,9,379.45137697250124,118.93816056024461,121.47202024913967,105.54377322726778,144.58444116985987,250.12821713402153,42.86881661793543,129.45741146027095,263.6093176463294,461.9728576660155,897.9083749922494
MY_0p5_5.2500_118.2500,118.25,5.25,1984-09-01,1984,9,311.06088223300145,119.61352803904539,123.05385963780104,70.6117732054109,113.3711858858728,183.98296560299622,42.717313353423094,129.06207732182398,263.0890401852359,461.92366212492533,896.7920508901025
MY_0p5_5.2500_118.7500,118.75,5.25,1984-09-01,1984,9,265.7243199920655,119.69780922541541,127.91493903266061,51.793331358167855,72.23979738023547,124.03313128153485,42.41475137074789,128.10830730862088,260.89220894707574,456.7060292561849,888.1212743123372
MY_0p5_5.2500_119.2500,119.25,5.25,1984-09-01,1984,9,240.17448258073364,119.6746830531529,129.963134765625,46.46821594238281,55.14751434326172,101.61573028564453,42.27790451049805,127.66668701171875,259.8266906738281,454.0232849121094,883.7945556640625
MY_0p5_5.7500_100.2500,100.25,5.75,1984-09-01,1984,9,274.07887529252883,103.5651753399823,110.26804190819415,48.95374767058486,98.6091559173864,147.56290470788238,35.96891742671302,104.55958970096133,213.3350477306121,375.4748677944918,729.338441621273
MY_0p5_5.7500_100.7500,100.75,5.75,1984-09-01,1984,9,263.1108909970238,101.607592410133,116.56297393798829,26.504449335734048,78.6543433380127,105.15878954569499,40.671487134297685,121.65793256123862,247.35863393147787,431.38726755778,841.0753599039713
MY_0p5_5.7500_101.2500,101.25,5.75,1984-09-01,1984,9,250.44497794804616,99.67149058664879,118.22682895810587,28.609871601495218,94.03047510582634,122.64034532562017,42.55630410562351,128.38325061948282,260.67892131655236,453.38709373173754,885.0055888018271
MY_0p5_5.7500_101.7500,101.75,5.75,1984-09-01,1984,9,239.98422425587978,100.66921122868857,119.81603625615439,23.795237779617317,84.26143267949425,108.05667117436728,42.546729660034174,128.40021632512412,261.02324523925785,455.58083546956385,887.5509747823081
MY_0p5_5.7500_102.2500,102.25,5.75,1984-09-01,1984,9,228.54384730412409,107.31946126008646,109.97029054686676,19.327636256362453,68.73278624280937,88.06042508725767,41.57540980894557,125.01789229165021,254.45272169530594,445.5167145905671,866.5627316047847
MY_0p5_5.7500_102.7500,102.75,5.75,1984-09-01,1984,9,212.58288373674665,105.79828921568047,85.3023910522461,21.39634132385254,77.70477294921875,99.10111236572266,36.376468658447266,105.97921752929688,216.03216552734375,379.7256164550781,738.1134643554688
MY_0p5_5.7500_103.2500,103.25,5.75,1984-09-01,1984,9,184.1454315185547,107.44293975830078,,,,,,,,,
MY_0p5_5.7500_115.2500,115.25,5.75,1984-09-01,1984,9,429.615815226237,115.67708867390951,132.4334259033203,158.5729217529297,149.00027465820312,307.57318115234375,42.879058837890625,129.41798400878906,263.0523376464844,459.3679504394531,894.7173461914062
MY_0p5_5.7500_115.7500,115.75,5.75,1984-09-01,1984,9,415.4128605193156,113.43241531278458,123.28728623163134,135.12761332194012,139.53473103841148,274.66234305245536,42.65363308134533,128.67447001139323,261.1200506301153,453.8376740955171,886.285822405134
MY_0p5_5.7500_116.2500,116.25,5.75,1984-09-01,1984,9,389.4398254394531,108.31950528583828,117.24124533032617,119.85612918914313,143.73890250069755,263.5950314476376,42.62581061711387,128.5707436697824,260.78060932462176,452.5145008874318,884.4916604662698
MY_0p5_5.7500_116.7500,116.75,5.75,1984-09-01,1984,9,382.90186467246406,107.8309632074265,117.32324424622551,117.6459279136052,174.01671547057137,291.66263316321,42.91901504274398,129.5279292999752,263.1921960255456,458.8752192421565,894.5143769763765
MY_0p5_5.7500_117.2500,117.25,5.75,1984-09-01,1984,9,400.93236332360874,116.45217676493648,123.71108869197616,129.04160087416977,177.0319484867132,306.07355015511024,43.094595478912254,130.17637234756998,265.2344707886128,465.8377033799228,904.3431631383085
MY_0p5_5.7500_117.7500,117.75,5.75,1984-09-01,1984,9,382.00613936166917,120.0330107673766,124.3651647375734,120.38520426398158,154.6667465107553,275.0519616043808,43.02748640431654,130.02524494964806,265.2307452515468,467.05371626271506,905.3372137082504
MY_0p5_5.7500_118.2500,118.25,5.75,1984-09-01,1984,9,328.1131551679871,120.36869290669759,125.51096310085721,89.60559549967448,138.54388088650174,228.14948499891491,42.96751310560439,129.87004638671874,265.0715950520833,467.3451064724392,905.2542496744792
MY_0p5_5.7500_118.7500,118.75,5.75,1984-09-01,1984,9,278.66169504018933,120.25706540621246,126.16387939453125,75.1416244506836,132.71212768554688,207.853759765625,42.95022201538086,129.82720947265625,265.0442810058594,467.5396423339844,905.361328125
MY_0p5_6.2500_99.7500,99.75,6.25,1984-09-01,1984,9,344.09143664790133,104.83201853434245,151.8022003173828,111.91979323985964,132.3107470135356,244.230549302212,42.85804509007654,129.62189572356465,264.66590632948765,466.2310379383176,903.3769006063771
MY_0p5_6.2500_100.2500,100.25,6.25,1984-09-01,1984,9,299.3480582237244,102.94968673586847,136.1091327900789,61.912035541145165,116.67567113759566,178.58770546426578,40.937592938481544,122.61325845523754,250.2417794363839,440.6969562141262,854.489605837452
MY_0p5_6.2500_100.7500,100.75,6.25,1984-09-01,1984,9,274.9702082453548,103.31569762947937,122.52086447933007,34.70538813174922,93.54161702159749,128.2470015006636,41.75019182477679,125.55700006079951,254.33528060618517,448.62558831763545,870.268093978116
MY_0p5_6.2500_101.2500,101.25,6.25,1984-09-01,1984,9,262.5742842454177,103.37610919658955,117.46462273230921,31.97433788592999,90.1468481210562,122.12118060772235,42.250012559157156,127.33583491398738,257.18726008488585,453.32858792818513,880.1017305814304
MY_0p5_6.2500_101.7500,101.75,6.25,1984-09-01,1984,9,230.00568324497763,107.9727109636579,115.68660823277062,21.370182745797294,52.78192492893764,74.15210898263113,42.015080152239115,126.66678314208981,256.72692173549103,445.04678344726557,870.4555419921875
MY_0p5_6.2500_102.2500,102.25,6.25,1984-09-01,1984,9,217.4427474339803,109.5561688120772,111.8399658203125,12.028003692626953,23.906049728393555,35.934051513671875,41.551239013671875,125.1680908203125,253.111083984375,436.31134033203125,856.1417236328125
MY_0p5_6.2500_115.7500,115.75,6.25,1984-09-01,1984,9,382.39514784379446,113.43085566433993,132.16294860839844,153.10899353027344,123.47427368164062,276.5832824707031,42.65522384643555,128.70713806152344,261.2869567871094,454.4903259277344,887.1396484375
MY_0p5_6.2500_116.2500,116.25,6.25,1984-09-01,1984,9,370.8170761643795,110.69793410050241,124.9869282256139,119.81160208412203,102.9372028569293,222.74881307459086,42.33683217254504,127.66594561606252,258.67497623124314,447.6332566853662,876.310996437913
MY_0p5_6.2500_116.7500,116.75,6.25,1984-09-01,1984,9,362.10679224407863,109.75751522003657,118.7924050467355,94.27546016148158,103.16100056966147,197.43645826067242,42.29250745016431,127.55988156757657,258.6080230228485,447.9466938321553,876.4070853097098
MY_0p5_6.2500_117.2500,117.25,6.25,1984-09-01,1984,9,373.04540676540796,115.4309813968719,121.12714519197978,119.45290774390809,133.24724530416825,252.70015520368304,42.269856782943485,127.36558782183934,259.5402753557478,455.390097094339,884.5658164372519
MY_0p5_6.2500_117.7500,117.75,6.25,1984-09-01,1984,9,372.50153350830084,118.93673324584961,122.44274072479784,124.05461548922355,137.84967870879592,261.90430044430735,42.260341086582834,127.31430285715919,259.79540355303135,457.5358229966192,886.9058645148027
MY_0p5_6.2500_118.2500,118.25,6.25,1984-09-01,1984,9,365.0199672154018,120.29745946611678,125.43797792707171,117.60830688476561,147.04792213439944,264.6562303815569,42.9634358542306,129.85970415387834,264.9864970615932,466.75092424665183,904.560542515346
MY_0p5_6.7500_100.2500,100.25,6.75,1984-09-01,1984,9,310.96909691305723,103.06904372046976,145.05315612344182,69.40923690795898,121.81679018806007,191.22602339351877,42.82304026098812,129.45077682943906,264.10450587553134,464.6331892574534,901.0115284639247
MY_0p5_6.7500_100.7500,100.75,6.75,1984-09-01,1984,9,285.3206877531829,103.96480192961516,126.25243236400462,36.11454010009766,81.33972054940683,117.45425528067129,41.73730242693866,125.52613943594474,251.18179547345196,449.7401202166522,868.1853728117767
MY_0p5_6.7500_116.2500,116.25,6.75,1984-09-01,1984,9,327.662195666083,113.37482807248138,121.97662725681215,51.16456027147247,25.49396812625048,76.65852821164015,41.19295538925543,124.02290362846563,250.01085607016964,426.89880519959985,842.1255046565359
MY_0p5_6.7500_116.7500,116.75,6.75,1984-09-01,1984,9,332.30713258735864,113.26835578680038,116.26512411366338,52.87073676670965,34.72791172675936,87.5986506646801,40.10051369949763,119.92465611031876,241.87503051757815,413.6811068689399,815.5812872483325
MY_0p5_6.7500_117.2500,117.25,6.75,1984-09-01,1984,9,341.6168668045957,114.70105358678052,113.23760635240943,68.84294651672903,58.61850112307388,127.46145028983598,39.54072118438451,117.7246316555327,238.51712657287058,412.5260281183023,808.3084878837113
MY_0p5_6.7500_117.7500,117.75,6.75,1984-09-01,1984,9,357.00749291314014,116.99344083997939,118.45292234420776,100.01968169212341,97.5256404876709,197.54532337188724,40.72491276264191,121.86023116111754,248.83462619781494,438.4649963378907,849.8847503662108
MY_0p5_7.2500_116.7500,116.75,7.25,1984-09-01,1984,9,293.4470087486928,113.43326556493366,113.2274944802989,28.47588053164275,5.151664621933647,33.62754546455715,38.19416251804517,113.25002786387569,225.0682281494141,371.2651539678159,747.7775767450747
MY_0p5_7.2500_117.2500,117.25,7.25,1984-09-01,1984,9,293.69443133929826,113.16139963510872,111.11827119526112,27.956329144929583,4.988914484726755,32.945244196841585,37.38452027973376,110.29654308118317,217.97866837350944,354.4523582056949,720.1120939555922
MY_0p5_0.7500_110.2500,110.25,0.75,1984-10-01,1984,10,301.9415320763221,103.26075533353367,134.06905564528248,34.14733024010292,70.46059746375451,104.60792741041918,42.2809182387132,127.59061255821815,259.24189312274643,451.22522723858174,880.3386690579929
MY_0p5_0.7500_110.7500,110.75,0.75,1984-10-01,1984,10,305.145751953125,104.92888902936662,139.20536651611326,48.000123705182745,82.74470901489258,130.7448354448591,42.59578366960798,128.72589372907365,262.55487278529574,461.5670462472098,895.4435852050782
MY_0p5_0.7500_111.7500,111.75,0.75,1984-10-01,1984,10,304.8410508897569,104.4872064741831,130.70529223245288,41.96000683496869,80.26731327601843,122.22731889997209,42.57159193735274,128.70927259657117,262.70089431036087,462.19089762369794,896.1726171099951
MY_0p5_1.2500_103.2500,103.25,1.25,1984-10-01,1984,10,206.1386660974003,101.65788765323973,115.07660865783693,25.50880540500988,32.30552339553833,57.81432880054821,38.710568774830215,115.0292136452415,235.08200281316584,413.41295762495565,802.2347550825641
MY_0p5_1.2500_103.7500,103.75,1.25,1984-10-01,1984,10,200.37840019152,101.03413420741997,104.607183067544,26.120536952342803,44.77954251557878,70.90008033826513,39.94504395271968,119.6873814851335,244.67311051748334,430.73953484100053,835.0450812774955
MY_0p5_1.2500_104.2500,104.25,1.25,1984-10-01,1984,10,200.6612997872489,101.87491956438338,92.79317474365234,27.197710037231445,60.32798385620117,87.52569580078125,41.58287811279297,125.84573364257812,257.3474426269531,453.5972900390625,878.3733520507812
MY_0p5_1.2500_109.7500,109.75,1.25,1984-10-01,1984,10,290.8132611010448,104.21701555366975,139.79405396243175,47.8312110900879,99.48142453848598,147.3126318138766,42.77088156091161,129.28720589143686,263.9671623505742,465.6490853550922,901.6743289074267
MY_0p5_1.2500_110.2500,110.25,1.25,1984-10-01,1984,10,300.6482171607294,103.90827700346134,136.21274216110643,40.736727740313555,84.33206179703525,125.06878936060608,42.45019744814133,128.14268976749142,260.6281319990121,455.07671294341225,886.297743631606
MY_0p5_1.2500_110.7500,110.75,1.25,1984-10-01,1984,10,304.4200850229414,105.02655334472654,140.6651123046875,49.586519889226025,87.72864602709572,137.31516617063488,42.66191677517361,128.9348160516648,263.0569049169146,462.97704225570425,897.6306756882441
MY_0p5_1.2500_111.2500,111.25,1.25,1984-10-01,1984,10,301.6508725687338,104.5966126560784,138.0101526034907,52.92096158109916,90.12807269599111,143.04903404552718,42.69094333100243,129.04904828056362,263.33336944092576,463.49390467439605,898.5672517721647
MY_0p5_1.2500_111.7500,111.75,1.25,1984-10-01,1984,10,308.4582451714409,103.95933411613343,129.95229472811258,46.919775342184394,87.39021543472532,134.30999029250373,42.619686126708984,128.83551437135728,262.8739885602679,462.2823651026165,896.6115335131448
MY_0p5_1.2500_112.2500,112.25,1.25,1984-10-01,1984,10,326.6364732151709,103.58728399131503,128.100828296642,51.7236523894489,96.91086040051454,148.63451114402807,42.64495220281145,128.87677257557203,262.81035850253807,461.6463372090141,895.9784068770821
MY_0p5_1.2500_112.7500,112.75,1.25,1984-10-01,1984,10,352.83575375874835,104.36604531606038,125.33276700973511,81.04178198178609,144.75445429484049,225.7962344487508,42.78503203392029,129.19660758972168,262.8933111826579,459.56586964925134,894.4407908121743
MY_0p5_1.2500_113.2500,113.25,1.25,1984-10-01,1984,10,357.9335311226223,105.75115940259849,122.53545366370159,82.20976114687711,153.42398429538892,235.6337475320567,42.7583841075068,129.1047767970873,262.6229128630265,458.5827251931895,893.0687882133151
MY_0p5_1.2500_113.7500,113.75,1.25,1984-10-01,1984,10,369.0638143366033,106.73305072206439,118.9788669239391,58.65612891226104,138.85790726632783,197.514040629069,42.57811685041948,128.57347060694838,261.55004258589315,456.2651424985943,888.9667737556225
MY_0p5_1.2500_114.2500,114.25,1.25,1984-10-01,1984,10,392.0519104003906,106.89605024219614,116.75325032462061,62.347842022381,132.67872660138966,195.02656312115425,42.590300500920385,128.61432384389693,261.6466291309458,456.53408624429625,889.3853457290513
MY_0p5_1.2500_114.7500,114.75,1.25,1984-10-01,1984,10,395.21236690398183,106.39285475207913,114.44969004969442,98.42525974396736,150.16897681451616,248.59423582015498,42.8161628477035,129.25533762285784,262.7498759608115,458.108638640373,892.9300399288054
MY_0p5_1.7500_102.7500,102.75,1.75,1984-10-01,1984,10,212.84546766755332,102.99418686503206,116.95754790306091,20.248359322547913,35.41954588890076,55.66790330410004,40.89993214607238,122.88228392601012,251.14163446426392,442.52804183959955,857.4518966674805
MY_0p5_1.7500_103.2500,103.25,1.75,1984-10-01,1984,10,207.42381133444064,100.55924210124955,119.11477153778077,23.133683872222903,46.10855611801148,69.24223876953126,40.855662250518805,122.68880783081055,250.71378463745117,441.6368476867676,855.8951092529298
MY_0p5_1.7500_103.7500,103.75,1.75,1984-10-01,1984,10,203.75720069981827,100.4355675661111,110.90761563747746,26.64256730864319,51.11873380443718,77.76130089578749,40.87162308753291,122.9005740684799,251.19921662535847,442.5013047230394,857.4727275220652
MY_0p5_1.7500_104.2500,104.25,1.75,1984-10-01,1984,10,203.50134983062745,101.47100458145141,104.95825496939726,28.543865248214367,57.841506337010586,86.38537195486616,41.91976213085559,126.847703800645,259.33732214639355,457.1495787154796,885.2543836490128
MY_0p5_1.7500_109.7500,109.75,1.75,1984-10-01,1984,10,295.3573674046716,104.16468886441963,139.96128845214844,48.81792068481445,101.23199462890625,150.04991149902344,42.79444122314453,129.3695068359375,264.19805908203125,466.34710693359375,902.7091064453125
MY_0p5_1.7500_110.2500,110.25,1.75,1984-10-01,1984,10,298.683198564508,104.9556830049765,140.14933474943598,53.176157415869405,110.81056033863742,163.98671734651782,42.78857593230385,129.25233377874855,263.43923786999704,462.9622435544264,898.4423906458892
MY_0p5_1.7500_110.7500,110.75,1.75,1984-10-01,1984,10,302.82785450328475,105.08964295820756,143.15059432983398,54.20327186584472,102.36326332092284,156.56652984619143,42.84800205230712,129.5252616882324,264.4735610961914,466.89813842773435,903.7449768066407
MY_0p5_1.7500_111.2500,111.25,1.75,1984-10-01,1984,10,303.95744570777526,103.78876563178167,137.50465314998183,58.230445861816406,91.58727424089301,149.8177263126817,42.74146588347679,129.21962500283885,263.808135276617,465.04839775617734,900.8176320630452
MY_0p5_1.7500_111.7500,111.75,1.75,1984-10-01,1984,10,317.51375801955595,102.42953522597685,127.99676339837568,66.50732878190051,105.99349285077442,172.5008244574824,42.77032113377051,129.27145936217488,263.7363772814786,464.15528821341593,899.9334656920613
MY_0p5_1.7500_112.2500,112.25,1.75,1984-10-01,1984,10,341.96578601655506,102.83804762098525,127.26693248446024,74.61202619037931,124.56290031312005,199.1749281625899,42.81594486539326,129.33004266648067,263.4540626162575,462.11226448180184,897.7123244512649
MY_0p5_1.7500_112.7500,112.75,1.75,1984-10-01,1984,10,358.4002715580047,104.41431172688802,127.38331146240235,96.12699494134812,144.6512227376302,240.77821970137342,42.86221131824312,129.4376271565755,263.4805510021391,461.3596171061198,897.1399851965525
MY_0p5_1.7500_113.2500,113.25,1.75,1984-10-01,1984,10,366.36536526150167,106.00012059287418,126.93193567669579,98.99061465793184,144.7860133095393,243.77663196382068,42.8238885425386,129.32080940367683,263.19916672479536,460.5236530606709,895.8675178648932
MY_0p5_1.7500_113.7500,113.75,1.75,1984-10-01,1984,10,379.8459106445313,107.19154152037605,124.42975754510788,78.92361932179284,133.97889157249813,212.9025170704675,42.684545825776596,128.86770838177392,262.02643432617185,457.0357671828497,890.6144649445065
MY_0p5_1.7500_114.2500,114.25,1.75,1984-10-01,1984,10,397.6921111576141,107.95050993419828,123.00392366439574,83.77212546212333,138.59072885664682,222.3628465924944,42.747186182415675,129.05583001999625,262.4197653149801,457.90285160125245,892.1256403847345
MY_0p5_1.7500_114.7500,114.75,1.75,1984-10-01,1984,10,393.44299632650586,108.63667455485447,121.58581242536634,104.64687019308614,154.79279078350166,259.4396642971533,42.88364208794628,129.4522780186154,263.1726344607655,459.2939688727028,894.8025411497125
MY_0p5_2.2500_101.7500,101.75,2.25,1984-10-01,1984,10,223.1974721581045,104.92206935689909,121.41893783723468,25.02037591645212,39.684943112460054,64.70532188030204,41.84000335076843,126.31235380847045,258.2055775035511,455.30256205857404,881.6605354077889
MY_0p5_2.2500_102.2500,102.25,2.25,1984-10-01,1984,10,214.1953130840685,103.05457597942444,117.73063955352637,23.705177243246418,38.51695437636672,62.222131099427145,41.53006434098385,125.18098453357459,255.40962007513457,448.13086375551364,870.2515632592889
MY_0p5_2.2500_102.7500,102.75,2.25,1984-10-01,1984,10,211.46960449218747,101.99741298337527,118.85069905051702,21.043860676922375,41.16271797614761,62.20657646806934,41.640442437763454,125.55281600469277,256.63080736957016,452.50317856028107,876.3272384450406
MY_0p5_2.2500_103.2500,103.25,2.25,1984-10-01,1984,10,212.02574661497087,99.50465332515655,119.15513429187592,23.470297513689314,58.08144571213495,81.55174110049293,42.064203147282676,126.97534489707341,259.2670402405754,456.3195951915922,884.6261701311382
MY_0p5_2.2500_103.7500,103.75,2.25,1984-10-01,1984,10,212.86343709654724,100.12330911927303,119.43640084994041,27.42827542191845,60.245999843791374,87.67427538855601,41.94301606517726,126.54452214645126,258.4496080301576,455.0149992344743,881.9521457478152
MY_0p5_2.2500_104.2500,104.25,2.25,1984-10-01,1984,10,213.9797148665762,101.23573768429642,122.89118711613428,28.45878514376554,54.03833316771452,82.49712006119658,42.4215279571281,128.36723693343234,262.50050442277893,463.325881075268,896.6151809061855
MY_0p5_2.2500_104.7500,104.75,2.25,1984-10-01,1984,10,220.77978515625,102.5334701538086,,,,,,,,,
MY_0p5_2.2500_109.7500,109.75,2.25,1984-10-01,1984,10,316.16868345199094,103.35274800946634,,,,,,,,,
MY_0p5_2.2500_111.2500,111.25,2.25,1984-10-01,1984,10,299.94786822795874,101.97538942098618,128.57058749479404,71.10471130819882,94.70332964728858,165.8080446579877,42.761375371147594,129.3096569285673,264.20802486644067,466.6769261079676,902.9560044232536
MY_0p5_2.2500_111.7500,111.75,2.25,1984-10-01,1984,10,319.166275266617,101.30574088929191,128.58261091444228,75.24945770748077,101.9966539897616,177.24611549982947,42.800096275692894,129.40806279258123,264.3180152529761,466.6069825187561,903.133171735491
MY_0p5_2.2500_112.2500,112.25,2.25,1984-10-01,1984,10,352.80586237831716,102.42557670956566,128.8094532800099,95.99610864548455,127.99447329082184,223.99058576311378,42.921307578919425,129.69235728430368,264.47882709805924,465.4905067080543,902.5829932803198
MY_0p5_2.2500_112.7500,112.75,2.25,1984-10-01,1984,10,373.42209249829483,103.83502923874627,130.3664878724113,118.38032800583612,143.32848229786703,261.7088099888393,42.97960875980438,129.80545615544395,264.3809964618986,464.13903605143224,901.305081031436
MY_0p5_2.2500_113.2500,113.25,2.25,1984-10-01,1984,10,380.04765227787084,105.55808863564145,131.7327567933098,108.09815460689485,121.37525416782925,229.47340969509548,42.845255388532365,129.40397740924172,263.5241074335008,462.1652901785715,897.9386393229167
MY_0p5_2.2500_113.7500,113.75,2.25,1984-10-01,1984,10,387.5519218927697,106.56742571577243,130.74915733820276,88.55134244508382,108.45242546178117,197.00376896918576,42.694214024121244,128.84798484512524,261.75565598886226,456.0063387713856,889.3042156364346
MY_0p5_2.2500_114.2500,114.25,2.25,1984-10-01,1984,10,395.72003658234127,108.14031127445283,131.16346062554254,98.63668823242188,126.96703374953496,225.6037157331194,42.814011298285585,129.1973379952567,262.41730453249005,457.14956587534095,891.5782102554564
MY_0p5_2.2500_114.7500,114.75,2.25,1984-10-01,1984,10,390.2985608500819,108.83794216032952,125.9327090355658,98.82346545803932,144.60249441823655,243.42596282958985,42.89986096043741,129.5003845214844,263.2977052750127,459.8534862887475,895.5514327510713
MY_0p5_2.2500_115.2500,115.25,2.25,1984-10-01,1984,10,374.52294921875,109.28975677490234,122.59696960449219,72.66304016113281,139.21270751953125,211.87574768066406,42.920650482177734,129.57281494140625,263.6361389160156,461.51593017578125,897.6455688476562
MY_0p5_2.7500_101.2500,101.25,2.75,1984-10-01,1984,10,255.57286071777344,104.18278503417969,121.4984130859375,30.085905075073242,78.85292053222656,108.9388198852539,42.514495849609375,128.64508056640625,263.1837158203125,465.75360107421875,900.096923828125
MY_0p5_2.7500_101.7500,101.75,2.75,1984-10-01,1984,10,228.87880781457778,101.8251055908203,108.53787525523792,31.71598120949485,84.40528287020595,116.12126514781605,42.28742747913707,127.82568287242542,260.82255981445314,458.67857466264206,889.6142737926135
MY_0p5_2.7500_102.2500,102.25,2.75,1984-10-01,1984,10,220.65976204841758,100.24566392837816,121.68293932289075,25.113809330448223,58.00865698164436,83.12246776993865,42.33540293213668,127.91111240265477,260.6126566115458,456.25188480061337,887.1110476354125
MY_0p5_2.7500_102.7500,102.75,2.75,1984-10-01,1984,10,217.65635700467263,100.33953130697903,121.36564332020431,24.394547052021267,67.9425148903569,92.33706348757201,42.570174253439596,128.7717434846902,263.266233709794,465.1575331869004,899.7656831379179
MY_0p5_2.7500_103.2500,103.25,2.75,1984-10-01,1984,10,220.58965904090056,100.0363998413086,114.04114031943546,26.525444103654024,70.26336340691633,96.78880659941655,41.62689880808448,125.29306105595484,255.90275296739713,451.1192777597221,873.9420004680658
MY_0p5_2.7500_103.7500,103.75,2.75,1984-10-01,1984,10,221.18948715873384,101.27367835666821,111.62706471807948,26.76746570569579,59.95913636519612,86.72660360028667,40.703496449554024,122.00116181263726,249.2147005142704,439.14627440843714,851.065652733025
MY_0p5_2.7500_104.2500,104.25,2.75,1984-10-01,1984,10,219.3970729603487,101.60255017000087,122.80348205566406,26.20118522644043,53.9066047668457,80.10779571533203,42.42469787597656,128.4061737060547,262.7358093261719,464.321044921875,897.8877563476562
MY_0p5_2.7500_111.2500,111.25,2.75,1984-10-01,1984,10,295.0117400070717,101.171961396316,133.00080781824448,58.566172880284924,63.280105366426355,121.84627824671126,42.612082313088806,128.8732735128964,263.39602481617646,465.3624456069048,900.2438246783088
MY_0p5_2.7500_111.7500,111.75,2.75,1984-10-01,1984,10,315.0395791726034,100.97860989805127,130.83982217722925,66.64457202779835,78.06281122668035,144.70738654301084,42.68805791591775,129.08174402960415,263.72673850223936,465.7161086509967,901.2126549030172
MY_0p5_2.7500_112.2500,112.25,2.75,1984-10-01,1984,10,347.5165245925324,102.13044753255723,129.56185206095378,86.26921717325847,103.96347946166992,190.23270294189453,42.822967745463046,129.41851359049477,264.08571380615234,465.42276489257813,901.7499495442709
MY_0p5_2.7500_112.7500,112.75,2.75,1984-10-01,1984,10,374.0619122468972,103.74353722680972,129.6596969411343,111.13072151473806,127.87503778481786,239.00575599187536,42.937950399857534,129.69753217093552,264.2984606585925,464.6584427266181,901.5923765158351
MY_0p5_2.7500_113.2500,113.25,2.75,1984-10-01,1984,10,389.0492916046627,105.40847933330232,131.31032986111111,115.71336318727522,123.85123717292907,239.56459534660218,42.91145403423006,129.61965322343127,264.09817805214533,464.0268650599888,900.6561430431547
MY_0p5_2.7500_113.7500,113.75,2.75,1984-10-01,1984,10,392.76778348691903,106.7975165494688,130.97972194404358,89.27477407759163,102.47465359633135,191.74942381063084,42.69460676885714,128.8889287960757,262.08374188660054,457.7440848380896,891.4113514894134
MY_0p5_2.7500_114.2500,114.25,2.75,1984-10-01,1984,10,387.5526916890205,107.66203677503368,129.4515683620791,72.20354616189306,94.19696501236928,166.40050844602948,42.585186415080784,128.48495599287978,260.80163651478443,453.2967015519927,885.1684761530237
MY_0p5_2.7500_114.7500,114.75,2.75,1984-10-01,1984,10,376.39770847976587,110.36988344617711,128.35563679105917,78.51806585955772,122.20826274118605,200.72632851570276,42.83762134867869,129.3194623327559,262.9807864632576,459.56868758474945,894.7065521045854
MY_0p5_2.7500_115.2500,115.25,2.75,1984-10-01,1984,10,359.8735865687464,108.89717040190824,122.59561734586148,58.46240292798291,135.92132169706326,194.38372692761124,42.822600046793625,129.23297614020268,262.64831103075727,458.2255210532798,892.9294263135206
MY_0p5_3.2500_101.2500,101.25,3.25,1984-10-01,1984,10,266.231438530816,102.42034119483563,124.83028774038826,30.03797628350759,82.04728529518218,112.08525848388672,42.623500156031504,128.9802852289222,263.8472522780125,466.77706980426956,902.2281432392996
MY_0p5_3.2500_101.7500,101.75,3.25,1984-10-01,1984,10,237.20515689489972,96.93199568341493,108.33038266904796,34.20819196275845,110.57111438824114,144.77930635099958,42.47746162657526,128.28463803431032,261.12444261684544,456.67461652816485,888.5611786083053
MY_0p5_3.2500_102.2500,102.25,3.25,1984-10-01,1984,10,235.14830172099764,98.9496630229647,121.32970314631386,26.8106989603194,68.71775863889664,95.52845858619325,42.55576583620102,128.65182538713725,262.57580663287445,462.0330383300781,895.8164254324778
MY_0p5_3.2500_102.7500,102.75,3.25,1984-10-01,1984,10,233.83899032013326,99.12708369387855,119.75152385083935,32.039811556852314,84.37774146357668,116.41755594181109,42.69856530201586,129.13496645191046,263.8888907130761,466.05135664155216,901.7737828508208
MY_0p5_3.2500_103.2500,103.25,3.25,1984-10-01,1984,10,233.04317929146734,99.95464707663471,106.60665662436222,38.804770342301865,88.12204497644878,126.92681703350055,40.93538959018571,122.68716415753195,250.60942798328713,442.18995393137976,856.4219501507787
MY_0p5_3.2500_112.2500,112.25,3.25,1984-10-01,1984,10,341.04406873914934,102.39431559244792,129.68579610188803,78.391013929579,86.55868479410807,164.9497063530816,42.74043104383681,129.18565911187068,263.7118367513021,465.0682922363282,900.7062106662326
MY_0p5_3.2500_112.7500,112.75,3.25,1984-10-01,1984,10,371.340348766696,104.4455151096467,132.32941674404458,106.6229970963275,116.2437014970623,222.86670034439837,42.90262863284252,129.59136587674502,264.11523462514407,464.5465695740746,901.1557992403625
MY_0p5_3.2500_113.2500,113.25,3.25,1984-10-01,1984,10,397.6073525794467,105.92923650526463,137.09024885928991,117.89748373898593,114.83288028023459,232.7303663889567,42.916700392058395,129.63896046262798,264.21341959635413,464.7620030027447,901.5310738303444
MY_0p5_3.2500_113.7500,113.75,3.25,1984-10-01,1984,10,395.8150408063616,107.33380228678385,135.03690849183099,101.28765493725973,111.147073461139,212.43472372388078,42.837750341021824,129.38175804501486,263.51224093967016,462.4972413078187,898.228979298425
MY_0p5_3.2500_114.2500,114.25,3.25,1984-10-01,1984,10,373.91450908685187,109.36126551051048,133.20051467798316,75.96131351495244,111.10901308970844,187.07032440574304,42.750746939592304,128.9853441760798,261.92442827163984,456.2307611939254,889.8912994967905
MY_0p5_3.2500_114.7500,114.75,3.25,1984-10-01,1984,10,353.3645898126493,113.08648742384214,134.891707620803,70.88343667680292,120.78705339371021,191.67049019200027,42.85548359573268,129.3651210274666,263.07497751029433,459.92928319068477,895.2248682884657
MY_0p5_3.2500_115.2500,115.25,3.25,1984-10-01,1984,10,338.5797276557246,109.66995615898807,121.71648588059821,37.921062650559826,113.67373579966869,151.59480396705337,42.553602918793885,128.39691850203502,260.70644929137404,453.14314965356755,884.8001336206362
MY_0p5_3.2500_115.7500,115.75,3.25,1984-10-01,1984,10,336.0766004926703,107.57033735982488,122.13785964451479,39.06228209077642,128.32805864998463,167.39034022641985,42.77266067333436,129.11154551988236,262.5505628264352,458.53309785650015,892.9678948220243
MY_0p5_3.7500_100.7500,100.75,3.75,1984-10-01,1984,10,371.1688537597656,103.04878997802734,129.29151916503906,30.6697940826416,87.22433471679688,117.89413452148438,42.744483947753906,129.29949951171875,264.31976318359375,467.2666015625,903.63037109375
MY_0p5_3.7500_101.2500,101.25,3.75,1984-10-01,1984,10,307.10326204171633,98.73536753731639,126.47037617211203,32.9007581630571,110.38640833981215,143.28716675594785,42.79703803201324,129.39297801391206,264.1353443725981,465.34649401420916,901.6718631485134
MY_0p5_3.7500_101.7500,101.75,3.75,1984-10-01,1984,10,263.0337597342099,93.41797424122026,115.17779684370493,26.999685943506332,95.99628531097608,122.99596856961585,42.546476084715245,128.466651138986,261.30303255312003,455.97118742147074,888.2873303844672
MY_0p5_3.7500_102.2500,102.25,3.75,1984-10-01,1984,10,256.5532822381882,94.71050720214843,118.14267602345299,28.38770009600927,90.92677074614024,119.31447274344308,42.64255708966936,128.8628720722501,262.73509172712056,461.26665465339784,895.5071653335813
MY_0p5_3.7500_102.7500,102.75,3.75,1984-10-01,1984,10,248.91624988374255,97.75116388230097,114.00009726872518,37.058170585026815,94.45572478279234,131.51389804416232,42.69016727265857,129.0618435329861,263.4703114343068,464.0751555912078,899.2974555121526
MY_0p5_3.7500_103.2500,103.25,3.75,1984-10-01,1984,10,241.320972275449,98.85539212169874,103.6775671267042,47.233512130438115,110.28203627642463,157.51554894540823,42.2492338591931,127.41668395996095,260.0589871275659,457.8685555252374,887.5934512867648
MY_0p5_3.7500_113.2500,113.25,3.75,1984-10-01,1984,10,403.3553500175476,106.91552448272706,143.27383347808336,116.37118968025582,106.38916791071658,222.7603612180616,42.91002611254083,129.63392839275423,264.2988726506468,465.36568363377313,902.2085181064293
MY_0p5_3.7500_113.7500,113.75,3.75,1984-10-01,1984,10,395.4621932418259,108.41150103372242,140.4383642202828,102.46316049322728,106.72523834327279,209.1883981945445,42.909394224098975,129.64576484161674,264.3714918611891,465.6278348756068,902.5544660747245
MY_0p5_3.7500_114.2500,114.25,3.75,1984-10-01,1984,10,368.0624799820387,111.41442551385788,139.23612888881138,85.43069349016461,123.59006233820841,209.02075558617003,42.963001493423704,129.75696982731895,264.33716944134426,464.5670644608755,901.6242065429688
MY_0p5_3.7500_114.7500,114.75,3.75,1984-10-01,1984,10,344.2092982700893,113.58077910892547,139.14954477945966,61.92474902925038,108.08072531563894,170.0054742722284,42.83349409557524,129.3671143304734,263.51236562577503,462.6131736149864,898.326109483507
MY_0p5_3.7500_115.2500,115.25,3.75,1984-10-01,1984,10,323.7232347276476,107.60440659295945,120.73576127309647,29.715755995493087,98.65839587014818,128.374149988568,42.39160031515455,127.92325463673426,259.7478270515563,451.0198434981089,881.0825433640254
MY_0p5_3.7500_115.7500,115.75,3.75,1984-10-01,1984,10,322.239238052917,104.52647849981733,122.90202501694931,35.27699724375773,118.4887246330865,153.76571929712088,42.61457896061081,128.6065706760763,261.2851512003288,454.82358490648886,887.329924000253
MY_0p5_4.2500_100.7500,100.75,4.25,1984-10-01,1984,10,382.4715209960938,102.11177035954994,126.74991981350645,41.89365249945194,108.55479403125997,150.44845375528143,42.8397263040348,129.47200890365912,264.1806086326132,465.5307020537708,902.0230583346622
MY_0p5_4.2500_101.2500,101.25,4.25,1984-10-01,1984,10,342.71222503425537,93.94498249224038,117.97723675381609,46.23764797988211,139.86658035569891,186.1042322535424,42.83861296343956,129.30873462652704,262.9101983331571,458.96483986241043,894.0223839632266
MY_0p5_4.2500_101.7500,101.75,4.25,1984-10-01,1984,10,304.35921958058157,93.62727984833641,122.0892120702579,27.579710293120854,88.9541256206866,116.5338326841117,42.68922794817355,129.02902709180938,263.25316008058985,463.1695771141175,898.1409804859103
MY_0p5_4.2500_102.2500,102.25,4.25,1984-10-01,1984,10,283.36199843921605,97.01963138275634,117.09403211697222,26.747760486298095,93.29876004545073,120.04652192722115,42.71246403703294,129.1281676856093,263.6085256753258,464.44297268901016,899.8921263088436
MY_0p5_4.2500_102.7500,102.75,4.25,1984-10-01,1984,10,262.55706242846844,97.16932814288292,105.34745851747552,37.194985128512045,114.0802814216371,151.27527380293344,42.6620178101169,128.88446778704406,262.5589876600132,459.9236986682673,894.0291716946158
MY_0p5_4.2500_103.2500,103.25,4.25,1984-10-01,1984,10,243.52763782848012,99.77714349833099,96.62609406049245,42.093513262811854,110.43750175449492,152.53102074599843,42.63094983782087,128.8594331109981,262.96241956970005,462.37807323708347,896.8308507407584
MY_0p5_4.2500_113.7500,113.75,4.25,1984-10-01,1984,10,381.98590160551527,110.37692249182501,143.84751359471738,84.08055690549456,89.34408151878502,173.42463842427958,42.79587652098457,129.29910465456408,263.65400177577754,464.1374672943691,899.8864533046507
MY_0p5_4.2500_114.2500,114.25,4.25,1984-10-01,1984,10,368.72648780216235,112.01605575149125,140.85241151316288,75.10862478602347,81.13395679135121,156.24258169520317,42.718370400800666,129.09399478868167,263.3412354222597,463.7057830928375,898.8593752356571
MY_0p5_4.2500_114.7500,114.75,4.25,1984-10-01,1984,10,347.4124259440104,113.05679428100588,139.70608703613286,79.57007568359377,102.74764689127605,182.31772277832036,42.78488731384279,129.27006418863934,263.54324707031253,463.4194199625651,899.0176041666666
MY_0p5_4.2500_115.2500,115.25,4.25,1984-10-01,1984,10,316.2081417507596,108.91544874509175,124.27264573838976,34.99351105425093,92.36414821942647,127.35765947235956,42.257482131322234,127.5617690086365,259.0754219690958,449.48652818467883,878.3812221950956
MY_0p5_4.2500_115.7500,115.75,4.25,1984-10-01,1984,10,300.7078586384402,103.6466098591433,121.00202279818261,31.836546765343623,97.13861337435448,128.9751642259501,42.343965963589945,127.81941119695115,259.66888738082633,451.07926790916326,880.9115393687104
MY_0p5_4.2500_116.2500,116.25,4.25,1984-10-01,1984,10,298.64485596447463,113.78103707476362,128.06803186928357,48.66031623468167,116.27341977561393,164.93374345360732,42.6601961647592,128.76525125270936,261.7320725975967,456.25166786007765,889.4091677782013
MY_0p5_4.2500_116.7500,116.75,4.25,1984-10-01,1984,10,297.4698735055207,118.86379524186859,124.85457293560052,54.676877457282465,122.85469253628241,177.53156972896156,42.77435077821589,129.14846096149074,262.8108206511923,459.8159929396789,894.5495954745078
MY_0p5_4.2500_117.2500,117.25,4.25,1984-10-01,1984,10,296.71939154430834,122.98833094233962,123.37532691617983,56.69692814244633,127.77816981762912,184.47509961423623,42.88606130549338,129.54340551595772,264.022991889346,464.0708838268719,900.5233189405593
MY_0p5_4.2500_117.7500,117.75,4.25,1984-10-01,1984,10,285.55959222255603,123.91786063430656,117.50883174146342,38.33114459371975,97.0358992682563,135.3670472039117,41.29267832764194,123.84717429397455,252.44183493068078,443.5584588988214,861.1401375012521
MY_0p5_4.2500_118.2500,118.25,4.25,1984-10-01,1984,10,261.9581716437089,123.97956165514495,108.74286792536451,22.13186647937556,60.44434701713028,82.57621356939815,38.42563490655012,113.50972315308395,231.35468724730666,406.1237349783539,789.4137884249354
MY_0p5_4.2500_118.7500,118.75,4.25,1984-10-01,1984,10,249.32824311433015,124.555334020544,104.4998550415039,17.665367126464844,47.02134704589844,64.68671417236328,36.805789947509766,107.63707733154297,219.4292449951172,385.32159423828125,749.1937255859375
MY_0p5_4.7500_100.2500,100.25,4.75,1984-10-01,1984,10,391.4947509765625,106.61024559868709,,,,,,,,,
MY_0p5_4.7500_100.7500,100.75,4.75,1984-10-01,1984,10,379.86612983599105,100.73095221415053,121.08123078385019,55.940035455595186,122.23165490375301,178.17168407905393,42.86733814952819,129.40532895220002,263.226323445638,460.6002021107247,896.0992101653804
MY_0p5_4.7500_101.2500,101.25,4.75,1984-10-01,1984,10,352.51691480733587,91.7220737760029,110.35185895647321,50.76173730274987,154.7588584778801,205.52059423053075,42.88848041352771,129.41507674928695,262.8816664922805,457.9056658063615,893.0908778599331
MY_0p5_4.7500_101.7500,101.75,4.75,1984-10-01,1984,10,318.0226676600754,94.49246397472565,119.28907223656067,46.05453738257999,127.90117468455483,173.95571783156623,42.86534358433315,129.49376530722964,263.89264400421627,463.41810486808663,899.669875953311
MY_0p5_4.7500_102.2500,102.25,4.75,1984-10-01,1984,10,285.98921566917784,97.9710920787993,109.85030699230374,54.682168179466615,146.95931745256698,201.64148428780692,42.89903182983399,129.57049676804314,263.8690066382998,462.4789373488654,898.8174920944941
MY_0p5_4.7500_102.7500,102.75,4.75,1984-10-01,1984,10,257.53498607076654,98.47367066790342,99.35688609226492,48.89530257206812,137.46464893316767,186.35995915892772,42.78330246506222,129.2527010000435,263.31605704726684,461.4791525093612,896.8312243807848
MY_0p5_4.7500_103.2500,103.25,4.75,1984-10-01,1984,10,235.860834853909,101.72081395049594,90.23811734470496,49.26488282319804,126.15551017395246,175.42039371504558,41.20803074291272,123.58559716143732,251.81399868335237,441.18707917273275,857.7947279588765
MY_0p5_4.7500_103.7500,103.75,4.75,1984-10-01,1984,10,221.92760587993425,103.66227722167969,79.30769932734502,33.16738792518517,71.09253652993735,104.25992078904981,37.28055617097136,109.46339565128476,223.36722653872005,392.3801015878652,762.4912981305803
MY_0p5_4.7500_113.7500,113.75,4.75,1984-10-01,1984,10,371.01025390625,111.48312377929688,,,,,,,,,
MY_0p5_4.7500_114.2500,114.25,4.75,1984-10-01,1984,10,371.01025390625,112.21235683986119,145.13023376464844,75.70088195800781,68.8808364868164,144.58172607421875,42.597259521484375,128.7868194580078,262.9544372558594,463.4744567871094,897.81298828125
MY_0p5_4.7500_114.7500,114.75,4.75,1984-10-01,1984,10,360.9734165642851,114.31443638955396,144.25832703293014,86.63540649414064,102.41664681383361,189.05206052718626,42.757510810770015,129.17925385505922,263.33757954259073,462.9192275180612,898.1935661069809
MY_0p5_4.7500_115.2500,115.25,4.75,1984-10-01,1984,10,345.64212242762244,113.67842562993364,134.256001273791,56.5373412768046,99.69711625576015,156.23446011543274,42.40929504235585,128.02075878779092,260.0736087163289,452.0535615285238,882.5572366714475
MY_0p5_4.7500_115.7500,115.75,4.75,1984-10-01,1984,10,321.4367474268353,108.87082466246589,127.25203692723834,34.9997792561849,85.83965352376302,120.83943263462608,42.284181879437156,127.62748248387896,259.2259042891245,450.1801676432292,879.3177592928448
MY_0p5_4.7500_116.2500,116.25,4.75,1984-10-01,1984,10,288.0494533962673,111.35172361343623,133.5448045034257,47.51980072505889,96.27292698451448,143.7927275642516,42.533517347063324,128.41219719780813,261.133937484499,455.47124410962283,887.5509093269467
MY_0p5_4.7500_116.7500,116.75,4.75,1984-10-01,1984,10,273.84320976160745,114.30763824076594,128.86486116240295,41.61358669136145,93.85277670848218,135.46636352056188,42.50622681726383,128.33363260196734,261.01243784457824,455.3581049472471,887.2104018971888
MY_0p5_4.7500_117.2500,117.25,4.75,1984-10-01,1984,10,282.7763288225446,116.65787380157954,123.34000559004525,40.91705385238405,98.46345147026909,139.38050721183654,42.56556742834666,128.50556742350258,261.39315408373636,456.3971295069134,888.8614298502604
MY_0p5_4.7500_117.7500,117.75,4.75,1984-10-01,1984,10,276.80481410931935,119.2798765882661,121.83360034604614,38.664152410965926,88.95435898213447,127.61851233470287,42.5667934176288,128.53235437900202,261.64759382416923,457.89684604693053,890.6435844324812
MY_0p5_4.7500_118.2500,118.25,4.75,1984-10-01,1984,10,261.5904590089118,121.2630145585717,124.5802011154405,33.38031657616697,77.66034732991127,111.04066532460891,42.554034074946266,128.5180608088048,261.79524867378893,459.00556462733596,891.8729088558025
MY_0p5_4.7500_118.7500,118.75,4.75,1984-10-01,1984,10,258.51713658586334,121.10883283011519,131.3154107588756,29.60222546058365,67.9037498763845,97.50597816177562,42.53319588190392,128.49555640884594,261.97985878473594,460.25961110561707,893.2682417857496
MY_0p5_5.2500_100.2500,100.25,5.25,1984-10-01,1984,10,376.6775516223356,107.21774944680276,66.3125228881836,26.45881462097168,55.73532485961914,82.19413757324219,28.273218154907227,76.67185974121094,156.2180938720703,273.5319519042969,534.6951293945312
MY_0p5_5.2500_100.7500,100.75,5.25,1984-10-01,1984,10,362.9791193943398,101.70954525621633,117.31354487627402,54.402807016482306,131.77312482636552,186.17593611793956,41.98213583847572,126.23952247356547,256.7576288683661,448.59184843918376,873.5711564688847
MY_0p5_5.2500_101.2500,101.25,5.25,1984-10-01,1984,10,335.78065330868674,95.27017831953745,112.89310244605655,51.85113977099221,160.37039533342633,212.22153039357016,42.90243840293279,129.49022769019717,263.22566944909477,459.2947334410652,894.9130735367063
MY_0p5_5.2500_101.7500,101.75,5.25,1984-10-01,1984,10,300.424339488813,96.2590396176478,116.833106775952,50.99740635817219,135.13449514595567,186.1319027311483,42.85163878179661,129.4510067982279,263.7923244792185,463.0787567333052,899.1737155792821
MY_0p5_5.2500_102.2500,102.25,5.25,1984-10-01,1984,10,263.44023725181626,103.92168365770084,109.26583531859572,52.04848944305614,132.24312538098377,184.2916125157836,42.63496141372971,128.69677953051914,262.4937231950699,461.82097786095494,895.6464554124576
MY_0p5_5.2500_102.7500,102.75,5.25,1984-10-01,1984,10,234.46193856602775,103.34595406890675,98.76697253211069,54.40585813360699,133.97028888767048,188.37614293502546,41.782719938633804,125.60384265447065,256.0447685629634,449.6884893902277,873.1198411844543
MY_0p5_5.2500_103.2500,103.25,5.25,1984-10-01,1984,10,220.70569141529228,105.63828281624608,100.94080422141337,57.39326526592304,155.2021869312633,212.5954447164164,42.808448221776395,129.27711987185788,263.53293530352704,462.99117546576963,898.6097087116985
MY_0p5_5.2500_115.2500,115.25,5.25,1984-10-01,1984,10,399.6640762821321,116.46865069481635,140.90319799204343,63.33526336169634,93.77431000256149,157.1095733642578,42.35327711261687,127.86277620909644,259.9212736536245,452.9838952236488,883.1212148197363
MY_0p5_5.2500_115.7500,115.75,5.25,1984-10-01,1984,10,381.9999068142179,115.59677334073223,135.82030334472654,45.053860745187535,77.43425652455475,122.48811573093218,42.151893447617354,127.2190729949434,258.4034581071239,449.11557958570575,876.8900103035619
MY_0p5_5.2500_116.2500,116.25,5.25,1984-10-01,1984,10,308.99631200862837,112.65015708343891,133.81840317158762,33.7426267998128,75.16359000869943,108.90621487098406,42.33354180975805,127.85102856310107,260.18878820878047,454.2254473529284,884.5988064536565
MY_0p5_5.2500_116.7500,116.75,5.25,1984-10-01,1984,10,273.8031869236427,113.8414141256598,136.00477711158462,37.62514322618895,87.72810991504525,125.35325412508804,42.438911667353,128.1125099809864,260.46795123136496,453.92951685265655,884.9488774553129
MY_0p5_5.2500_117.2500,117.25,5.25,1984-10-01,1984,10,284.86894550626243,116.7973891969711,134.57371923053074,46.497802552722746,102.92590656583272,149.42370915488593,42.63293937804207,128.7406976124597,262.0244974772136,458.2440810430617,891.6422179206968
MY_0p5_5.2500_117.7500,117.75,5.25,1984-10-01,1984,10,282.7373884897383,118.01850854782829,131.10943681020586,55.228356533958795,109.94685022263299,165.175204758417,42.76434188116164,129.16790272546191,263.146435546875,461.75130237397696,896.8299938383556
MY_0p5_5.2500_118.2500,118.25,5.25,1984-10-01,1984,10,270.0373819092691,118.8338579797441,131.05240616525055,45.634435325671156,92.50144117804848,138.13587497298124,42.70305369917754,129.01537672881105,263.06222806310956,462.53988103198395,897.3205387577129
MY_0p5_5.2500_118.7500,118.75,5.25,1984-10-01,1984,10,269.3258085632324,118.93744254944816,135.84516398111978,31.297973526848686,67.77248880598279,99.07046360439723,42.53966951370239,128.54853757222492,262.2491149902344,461.3326534695096,894.6699896918402
MY_0p5_5.2500_119.2500,119.25,5.25,1984-10-01,1984,10,275.7360338184931,118.80049140566872,138.14772033691406,26.38936424255371,58.70830535888672,85.09767150878906,42.47364044189453,128.35736083984375,261.8982238769531,460.72735595703125,893.4566040039062
MY_0p5_5.7500_100.2500,100.25,5.75,1984-10-01,1984,10,346.2881289645358,107.65662573049734,100.19652445381934,41.68786169629578,81.70141440575276,123.38927368724018,35.75364062108031,104.00381525722118,212.50240752893853,374.38053656061857,726.6404138967531
MY_0p5_5.7500_100.7500,100.75,5.75,1984-10-01,1984,10,336.7881039574033,104.55351802280971,110.52060084025067,66.06820894877116,138.98310063680012,205.05131134033206,40.92937816619873,122.56975189208984,249.81015991210938,438.0030588785807,851.3123333740234
MY_0p5_5.7500_101.2500,101.25,5.75,1984-10-01,1984,10,320.1398738350456,101.47975777453327,112.50233633687178,69.63512573842927,154.3620313509243,223.99715832086997,42.779866811797376,129.22289942944147,263.0932169035664,460.177133995717,895.27309483806
MY_0p5_5.7500_101.7500,101.75,5.75,1984-10-01,1984,10,284.4576361974081,102.10972642898561,116.82402238845826,44.91989928881327,106.3859416325887,151.30584789911907,42.55222134590149,128.62095686594648,262.29039637247723,460.1148011525473,893.5783688863119
MY_0p5_5.7500_102.2500,102.25,5.75,1984-10-01,1984,10,240.21073209322415,109.48670392158704,114.40946254023798,27.338706096816143,65.57183033850056,92.91053868303395,41.587508140589655,125.26060570610892,255.81461013126054,450.35243918678975,873.0151650785194
MY_0p5_5.7500_102.7500,102.75,5.75,1984-10-01,1984,10,217.98280918666293,107.56447012447617,89.65299987792969,22.325393676757812,58.475852966308594,80.8012466430664,36.13636016845703,105.35999298095703,215.07318115234375,378.21722412109375,734.7867431640625
MY_0p5_5.7500_103.2500,103.25,5.75,1984-10-01,1984,10,209.95858764648438,108.88130187988281,,,,,,,,,
MY_0p5_5.7500_115.2500,115.25,5.75,1984-10-01,1984,10,444.740005493164,117.59353230794271,157.74412536621094,114.24253845214844,141.66439819335938,255.9069366455078,42.962867736816406,129.84962463378906,264.96112060546875,466.9564514160156,904.7300415039062
MY_0p5_5.7500_115.7500,115.75,5.75,1984-10-01,1984,10,403.1323822583157,114.81370975049727,145.57452450706845,76.75412256150018,107.33246016729446,184.0865790957496,42.500577436174666,128.36348411923362,261.3010262625558,456.8617806570871,889.0268746512277
MY_0p5_5.7500_116.2500,116.25,5.75,1984-10-01,1984,10,323.5436198885479,108.606954495869,136.49775865342883,48.70316599285792,85.6835406106616,134.38670421781995,42.193939572288876,127.38221227252293,258.885252937438,450.1271159822979,878.5885259719122
MY_0p5_5.7500_116.7500,116.75,5.75,1984-10-01,1984,10,266.85374833364335,107.41229974655879,133.3298061310299,29.63391759357755,78.1467858087449,107.78070516434926,42.13858913845487,127.21209898449126,258.46766275072855,448.81835084945436,876.6366937546503
MY_0p5_5.7500_117.2500,117.25,5.75,1984-10-01,1984,10,271.4676517041323,114.99640556840866,139.67360256447776,38.023204917787375,77.59598571344131,115.61918890438622,42.48323084352897,128.38224022320767,261.71578141943513,459.06624932996107,891.6475167740784
MY_0p5_5.7500_117.7500,117.75,5.75,1984-10-01,1984,10,272.00760996985053,117.48028179350355,140.5987582110719,40.44074844513964,65.66152042670538,106.10226765575025,42.60170844417291,128.82424450560706,263.1899141657273,464.5744931009792,899.1903489900116
MY_0p5_5.7500_118.2500,118.25,5.75,1984-10-01,1984,10,271.7271252842576,118.14718856811524,142.1094361029731,50.967324405246316,77.27180333455404,128.23912773980035,42.65145672268338,128.94727783203123,263.347366265191,464.6236572265625,899.5697279188369
MY_0p5_5.7500_118.7500,118.75,5.75,1984-10-01,1984,10,275.44911810067987,118.65363436478836,142.63900756835938,57.81561279296875,87.44622802734375,145.2618408203125,42.695709228515625,129.05972290039062,263.4878234863281,464.60968017578125,899.8529052734375
MY_0p5_6.2500_99.7500,99.75,6.25,1984-10-01,1984,10,298.4708527209712,110.16496441411037,134.2676561932231,51.77025098578874,104.16352879723837,155.9337843074355,42.4563918889955,128.5216259623683,262.7349548339844,462.6001764341842,896.3131217069405
MY_0p5_6.2500_100.2500,100.25,6.25,1984-10-01,1984,10,307.27653086185455,107.97721016407013,120.43485337860729,47.827119025405565,108.91020632374043,156.7373258006816,40.69623775871432,121.99643324248642,249.33997341856661,439.4659178441884,851.4985735212053
MY_0p5_6.2500_100.7500,100.75,6.25,1984-10-01,1984,10,307.35195816805924,107.48544049355056,113.73281309503388,65.87769984830761,135.18377237798626,201.06146929531027,41.93659840587484,126.30463070666927,256.88864878061656,452.2459297327461,877.3758101886764
MY_0p5_6.2500_101.2500,101.25,6.25,1984-10-01,1984,10,301.0199115459736,106.97880413348858,112.89067946213942,77.09956958477314,142.657761324369,219.75733337402343,42.55827560424805,128.4920377291166,260.8726459209736,458.7671668419472,890.6901442307692
MY_0p5_6.2500_101.7500,101.75,6.25,1984-10-01,1984,10,256.0191667829241,111.04860098702568,120.72412937709262,43.68952211652483,69.69377027239118,113.38329674857002,42.30782710484095,127.9319392613002,261.082670375279,458.5291643415178,889.851614815848
MY_0p5_6.2500_102.2500,102.25,6.25,1984-10-01,1984,10,226.67510032653806,112.59028727833818,121.4444580078125,20.824954986572266,27.6441650390625,48.469120025634766,42.04126739501953,127.13346862792969,259.4825439453125,455.6574401855469,884.3147583007812
MY_0p5_6.2500_115.7500,115.75,6.25,1984-10-01,1984,10,365.2777571244673,113.42014659534802,160.81118774414062,67.20311737060547,76.12325286865234,143.3263702392578,42.412208557128906,128.20567321777344,261.4247741699219,458.2792053222656,890.3218383789062
MY_0p5_6.2500_116.2500,116.25,6.25,1984-10-01,1984,10,313.0450164393375,110.05372003923381,152.0404777358807,47.019088845946186,61.72721699786081,108.74630775955804,42.07461971333373,127.12038001510012,258.77150272587846,451.1953104834199,879.161806887992
MY_0p5_6.2500_116.7500,116.75,6.25,1984-10-01,1984,10,251.32470407637337,108.63966713557166,142.20767972431486,23.076823879423593,46.71815966651553,69.7949858529227,41.76917557489305,126.14129355294364,256.40183618939113,444.9220805819073,869.234393407428
MY_0p5_6.2500_117.2500,117.25,6.25,1984-10-01,1984,10,239.00520072815908,113.71989881727431,142.35282461983817,22.52893224443708,38.49108066256084,61.02001231360056,41.522765435112845,125.15955364893352,255.14817272367935,446.5018961588542,868.3323931981648
MY_0p5_6.2500_117.7500,117.75,6.25,1984-10-01,1984,10,239.5552330811819,116.1285272439321,143.62656166121278,23.113687738340502,28.122389665124018,51.236076622678524,41.58688974659346,125.36902051780658,256.19238620334204,451.41462877061633,874.5629254614402
MY_0p5_6.2500_118.2500,118.25,6.25,1984-10-01,1984,10,245.6321634565081,116.98494911193848,146.36990574428015,23.240200860159742,24.54718279838562,47.78738348824637,42.297383717128206,127.98371396745954,261.7606222970145,462.31365748814176,894.3553597586496
MY_0p5_6.7500_100.2500,100.25,6.75,1984-10-01,1984,10,291.49281984217026,108.22977974835564,127.18362499685848,48.951506446389594,127.12482744104722,176.07633770213408,42.6115699375377,128.92111172395593,263.3696255403407,463.6257411732393,898.5280528349035
MY_0p5_6.7500_100.7500,100.75,6.75,1984-10-01,1984,10,287.2197808159723,108.4517435144495,116.85245626944085,50.16356870863173,119.13192749023439,169.29550227412471,42.20872610586662,127.34660395869503,257.5044849537037,456.27229817708337,883.3321442780673
MY_0p5_6.7500_116.2500,116.25,6.75,1984-10-01,1984,10,252.5484082452182,113.00532380924669,158.2076017798447,29.563030568564812,27.185475605290115,56.74850659254121,41.885717810654064,126.56165648669733,257.73365597608614,449.6773458341274,875.8583850395389
MY_0p5_6.7500_116.7500,116.75,6.75,1984-10-01,1984,10,239.88393933485455,112.94911640882492,147.414454102045,20.592443526497945,21.91672688510578,42.50917053222657,40.363861385541476,121.120412834077,246.54886877489656,429.29147712797993,837.3246201828064
MY_0p5_6.7500_117.2500,117.25,6.75,1984-10-01,1984,10,223.32946888198197,113.90363204173553,140.0116392827667,14.8271448844302,13.963366027426932,28.790510591152497,39.28781457073921,117.20838020122156,238.79202209742724,416.5781919766317,811.8663986341088
MY_0p5_6.7500_117.7500,117.75,6.75,1984-10-01,1984,10,212.12909020317926,115.09764756096733,144.12358951568604,16.832243025302887,10.018950968980787,26.85119384527206,40.01296520233154,119.73233246803284,244.4912238121033,429.3688259124756,833.6053295135498
MY_0p5_7.2500_116.7500,116.75,7.25,1984-10-01,1984,10,232.4285083680641,113.96523230416435,149.1621505073879,18.79427142765211,7.461759368233058,26.25602984221085,39.20342364103898,117.02110045059868,237.5015940790591,411.05885858950404,804.7849773904552
MY_0p5_7.2500_117.2500,117.25,7.25,1984-10-01,1984,10,221.5079781472146,113.74019952722497,146.0874421772204,12.434965264169794,2.7847738416571364,15.219738608912417,38.29358994333368,113.83579984966079,230.5700828150699,396.8965531198602,779.5960160104852
MY_0p5_0.7500_110.2500,110.25,0.75,1984-11-01,1984,11,468.76902841421276,92.58900698148288,129.3957467886118,148.71118915264427,214.39350867638223,363.1046856219952,43.208177537184504,130.42486384465144,265.3193030724159,464.48614971454333,903.4384915865386
MY_0p5_0.7500_110.7500,110.75,0.75,1984-11-01,1984,11,461.4462842668805,93.89499086652482,135.4267386300223,172.94366607666015,203.8440963745117,376.7877624511719,43.254711914062504,130.60204751150948,265.9324842180524,466.99308035714284,906.782314627511
MY_0p5_0.7500_111.7500,111.75,0.75,1984-11-01,1984,11,403.96422806997145,90.71787564716642,125.13899412609283,109.21817501007565,143.96683102562315,253.18500603569876,42.94534041389586,129.74507262214783,264.4840242900546,464.879644969153,902.0540800548735
MY_0p5_1.2500_103.2500,103.25,1.25,1984-11-01,1984,11,303.94806115604143,89.31607737124544,129.0389777096835,38.741557294672184,95.28751512007281,134.02906660600144,39.32242471521551,116.77084454623139,238.4278019991788,420.3821320967241,814.903203790838
MY_0p5_1.2500_103.7500,103.75,1.25,1984-11-01,1984,11,314.93569709259333,89.89424422180768,119.03111607820085,44.4332099840479,117.05649203698613,161.4896969100804,40.635116391968964,121.64344017251024,248.33373386420095,437.9021879029505,848.5144919978762
MY_0p5_1.2500_104.2500,104.25,1.25,1984-11-01,1984,11,328.25771789550777,91.01246959141322,107.6518783569336,51.39546585083008,142.1904754638672,193.5859375,42.358917236328125,128.0391845703125,261.3607482910156,460.9872131347656,892.74609375
MY_0p5_1.2500_109.7500,109.75,1.25,1984-11-01,1984,11,451.4449168745294,95.30872740228493,133.98147546239645,133.42274180952325,185.2676829142743,318.6904399825866,43.136756069688914,130.2974217426346,265.51032229503954,466.6654137301158,905.6098963725998
MY_0p5_1.2500_110.2500,110.25,1.25,1984-11-01,1984,11,472.0727917291943,93.93922486176362,131.33303768202146,147.92086391375335,208.0255142270829,355.9463697750136,43.202627660685074,130.42570265839922,265.4113403084656,465.06314004434125,904.1028154881304
MY_0p5_1.2500_110.7500,110.75,1.25,1984-11-01,1984,11,464.09209740048357,94.6017375643291,137.18787996806796,175.0088921925378,202.7708529033358,377.77974921332464,43.2545667860243,130.60661543588787,265.9616452171689,467.1266175285217,906.9494452582463
MY_0p5_1.2500_111.2500,111.25,1.25,1984-11-01,1984,11,427.11661234602764,92.8259851132719,134.75399770523413,153.5626669935525,186.263858977979,339.8265264834078,43.184504743582146,130.39871698446547,265.5739198142348,466.51533220675054,905.6724802815497
MY_0p5_1.2500_111.7500,111.75,1.25,1984-11-01,1984,11,407.0096425858755,90.50525762164402,125.79378812275235,113.01740846179781,151.885501195514,264.90291195824034,42.99024539523655,129.86280968075707,264.6563352554563,465.0467350066654,902.5561174665179
MY_0p5_1.2500_112.2500,112.25,1.25,1984-11-01,1984,11,410.4109726339427,88.96049576967499,127.56862686854328,116.95876494276945,172.188876001968,289.14764621173066,43.09602069370638,130.1572579320917,265.1429014254343,465.6638377233205,904.0600115006345
MY_0p5_1.2500_112.7500,112.75,1.25,1984-11-01,1984,11,413.5773633321126,88.87600962320964,127.71725495656331,116.68388827641806,197.33610089619955,314.01998456319177,43.187819242477424,130.3661076227824,265.1999905904134,464.3737208048502,903.1276359558104
MY_0p5_1.2500_113.2500,113.25,1.25,1984-11-01,1984,11,399.7945487644361,89.645931542438,123.6241985818614,91.59252080502719,170.91902903681216,262.51154267684274,43.117281872293226,130.10450572138248,264.4532213293988,462.2844049868376,899.9594163977582
MY_0p5_1.2500_113.7500,113.75,1.25,1984-11-01,1984,11,391.9793180985884,89.857265067823,118.59816019462815,82.41034825642903,139.7780012650923,222.1883454756303,42.9727958910393,129.61604991103664,263.1880259658351,458.8602079911665,894.6370817242247
MY_0p5_1.2500_114.2500,114.25,1.25,1984-11-01,1984,11,387.63549831694206,89.11735345621025,115.87295903568776,91.59371246067825,147.2918289319604,238.88554031237035,43.011930853919644,129.7721572470876,263.7037499351839,460.5121692218612,897.0000070217436
MY_0p5_1.2500_114.7500,114.75,1.25,1984-11-01,1984,11,379.21456416960683,87.74764768538937,111.02374316800027,116.75784252535912,172.17042492282008,288.92825366604717,43.03220798123267,129.83518981933594,263.82584208826864,460.5192772649949,897.2125519783266
MY_0p5_1.7500_102.7500,102.75,1.75,1984-11-01,1984,11,290.7751906589909,88.43958792502052,137.47416019439697,40.365296840667725,89.30512309074402,129.6704216003418,41.374597668647766,124.26652908325195,253.78416681289673,447.67146587371826,867.0967693328857
MY_0p5_1.7500_103.2500,103.25,1.75,1984-11-01,1984,11,303.64748085051434,88.03212140057538,139.3867388153076,41.023780002593995,97.37560611724854,138.3993818664551,41.3025185585022,123.9763513946533,253.17930999755862,446.59388107299804,865.0520562744142
MY_0p5_1.7500_103.7500,103.75,1.75,1984-11-01,1984,11,318.08306971682777,89.29043414924718,128.71229997465883,51.054303157178666,109.09347647654859,160.14777620532843,41.367629002921184,124.31872577908672,253.86828284927563,447.6440729068804,867.1987250605715
MY_0p5_1.7500_104.2500,104.25,1.75,1984-11-01,1984,11,328.24357433319096,90.63944754600524,122.46272875172224,62.417831095614176,125.92686367774195,188.3446924963663,42.476922441822616,128.43898850078733,262.28467672185377,462.53140353417217,895.7320263293362
MY_0p5_1.7500_109.7500,109.75,1.75,1984-11-01,1984,11,447.85280325246407,95.46220233828524,134.27102661132812,133.35458374023438,184.4687042236328,317.82330322265625,43.136905670166016,130.3007354736328,265.5327453613281,466.7780456542969,905.7484130859375
MY_0p5_1.7500_110.2500,110.25,1.75,1984-11-01,1984,11,472.0783038192921,96.11747144448637,134.41555427102483,143.51954748796268,192.76960542240246,336.28915437912565,43.180305236163626,130.397876515108,265.5585059507646,466.2275031594669,905.3642101593834
MY_0p5_1.7500_110.7500,110.75,1.75,1984-11-01,1984,11,464.38518870960576,95.72498703002928,139.79877014160155,172.05963821411132,194.66558380126955,366.72523498535156,43.23269443511962,130.55969772338867,265.9492218017578,467.41274566650384,907.1543853759764
MY_0p5_1.7500_111.2500,111.25,1.75,1984-11-01,1984,11,429.310404265873,93.61777687678261,136.38357792344206,146.9153051331986,172.67071469329125,319.5860212459121,43.15051537447198,130.32229933627818,265.5519084131995,467.02743785769445,906.052186478016
MY_0p5_1.7500_111.7500,111.75,1.75,1984-11-01,1984,11,411.3501932651181,90.57343987573549,127.40553484083729,116.97653852535196,160.09260452849952,277.06914660296854,43.064810994305184,130.07762773731085,265.0976933346518,466.14154719099207,904.3816721469539
MY_0p5_1.7500_112.2500,112.25,1.75,1984-11-01,1984,11,414.70132911318825,88.9669929625496,127.46871541341145,115.96881423223587,179.0363313220796,295.0051502046131,43.149174669053814,130.29049101329986,265.3145826551649,465.79361029730904,904.5478598942833
MY_0p5_1.7500_112.7500,112.75,1.75,1984-11-01,1984,11,411.6857225206163,89.46018449086992,126.89295215909445,116.7514450315445,185.22195260184154,301.97339806935145,43.155869656517396,130.30148325117807,265.2464959038628,465.21083926246286,903.914692421565
MY_0p5_1.7500_113.2500,113.25,1.75,1984-11-01,1984,11,401.92423696366563,90.4658478509812,123.83695220947264,103.23487636021204,177.48187110537575,280.7167466420976,43.12208995516338,130.1768894740513,264.8929942297557,464.17321593269463,902.3651983351936
MY_0p5_1.7500_113.7500,113.75,1.75,1984-11-01,1984,11,391.65223844013514,90.63210001143197,117.32986580984932,91.78871898348369,157.51508479042656,249.3038058326358,42.97443921528165,129.68907427106583,263.6448546394469,460.61995820545013,896.9283325195311
MY_0p5_1.7500_114.2500,114.25,1.75,1984-11-01,1984,11,380.97255549355157,89.8730994814918,115.45856851244729,94.71567508758059,157.969971671937,252.6856444828094,43.00663467891632,129.81266474648126,264.04214923192586,461.9195901537699,898.7810337611608
MY_0p5_1.7500_114.7500,114.75,1.75,1984-11-01,1984,11,364.35861791106703,89.18797503851856,112.87546132142062,101.54574494040692,159.7493773939696,261.29511755118097,42.979100143353556,129.73932461911534,263.9232577783456,461.68149958002755,898.3232105630668
MY_0p5_2.2500_101.7500,101.75,2.25,1984-11-01,1984,11,313.3753803908223,87.05140986587062,134.90774859804097,42.04404410930595,111.54242929786143,153.58647055577748,42.39930127847074,127.9026370578342,261.12030214251894,460.67007045553186,892.0923005691683
MY_0p5_2.2500_102.2500,102.25,2.25,1984-11-01,1984,11,286.97751117323,86.50182660116532,134.3313603013326,34.36170503169155,86.0238655491879,120.38557109193938,41.988182962225956,126.57351447292491,258.4267199210573,455.2144760788913,882.2029059743197
MY_0p5_2.2500_102.7500,102.75,2.25,1984-11-01,1984,11,282.62889514391935,86.63849910301498,139.22528621818446,39.56440571893619,89.40137044689322,128.96577641933777,42.04683459559573,126.74011182181441,258.8981934076623,456.87749220449706,884.5626460208168
MY_0p5_2.2500_103.2500,103.25,2.25,1984-11-01,1984,11,300.1120952303447,86.29475812155103,143.4243461487785,48.672563401479565,103.3406019907149,152.01316155327692,42.408636462499224,128.01460716610865,261.3848337324839,460.7354950435578,892.5435618567087
MY_0p5_2.2500_103.7500,103.75,2.25,1984-11-01,1984,11,322.1408615888175,88.7055834495415,143.42231253931078,62.13078295174291,98.00980666855634,160.1405874995862,42.182608161538326,127.28129712120962,259.98793479790123,458.20481308759264,887.6566561424127
MY_0p5_2.2500_104.2500,104.25,2.25,1984-11-01,1984,11,337.61534205490983,90.43611362116124,146.76146439481374,74.47255158227337,100.80829286181236,175.28084444408574,42.67308766388697,129.09848602547135,263.82595623426204,465.38369725755433,900.9812581716492
MY_0p5_2.2500_104.7500,104.75,2.25,1984-11-01,1984,11,373.9381103515625,90.99954223632812,,,,,,,,,
MY_0p5_2.2500_109.7500,109.75,2.25,1984-11-01,1984,11,430.63778784967235,95.23302656604397,,,,,,,,,
MY_0p5_2.2500_111.2500,111.25,2.25,1984-11-01,1984,11,419.92366397380835,93.67068189382553,129.0600467008703,118.25688754811006,140.23590043011833,258.4927801244399,42.98705992979161,129.90815914378447,265.04865982953237,467.1138153076171,905.0576916862935
MY_0p5_2.2500_111.7500,111.75,2.25,1984-11-01,1984,11,403.9237559485057,92.10680544414217,128.80364382304842,116.69119446769594,142.53897792271206,259.23016468835254,43.00564891270228,129.95654514857702,265.1202439081101,467.1981251550099,905.2805671812997
MY_0p5_2.2500_112.2500,112.25,2.25,1984-11-01,1984,11,407.065933469742,90.80935206337581,127.59357050335595,116.20341498965308,153.97848626999627,270.18189682733447,43.05908393254356,130.0868924095517,265.2385051424541,466.9250220889137,905.3095137338789
MY_0p5_2.2500_112.7500,112.75,2.25,1984-11-01,1984,11,406.6494461301773,90.74493112715464,126.59061625647166,117.34148515973772,161.2200299944196,278.5615211123512,43.05687093583364,130.06458129882813,265.08276638454856,466.0822076706659,904.2864290752108
MY_0p5_2.2500_113.2500,113.25,2.25,1984-11-01,1984,11,402.43849448552214,91.35991726829893,124.44957430400545,117.75093773735895,171.44585043286523,289.1967947823661,43.035646166120266,129.99734593951513,264.89329194568455,465.3208678230407,903.2471586681548
MY_0p5_2.2500_113.7500,113.75,2.25,1984-11-01,1984,11,386.7657012939453,90.91451705256596,118.46218135688878,111.18888200687456,184.99943663198738,296.18832793416857,43.00238995612422,129.85043919237353,264.296588559694,462.72014328196093,899.8695800394953
MY_0p5_2.2500_114.2500,114.25,2.25,1984-11-01,1984,11,361.9934566437252,90.17067442394439,117.07955147879464,102.65738816034226,180.6865963890439,283.343989780971,43.03206596980019,129.92896297394284,264.44498542906746,463.1141517275856,900.5201590401787
MY_0p5_2.2500_114.7500,114.75,2.25,1984-11-01,1984,11,343.3739987281061,89.3273648661952,114.9995394060689,97.67980346679688,164.35825372511343,262.0380610312185,43.00572267347767,129.84407072990172,264.2578607374622,462.7950951360888,899.9027522917718
MY_0p5_2.2500_115.2500,115.25,2.25,1984-11-01,1984,11,322.1592102050781,88.80663299560547,115.66648864746094,68.37847900390625,137.04281616210938,205.42129516601562,42.81660461425781,129.26406860351562,262.97137451171875,459.7381896972656,894.790283203125
MY_0p5_2.7500_101.2500,101.25,2.75,1984-11-01,1984,11,363.3026428222656,86.69343566894531,124.23284149169922,71.02214813232422,232.60519409179688,303.6273498535156,43.26567840576172,130.60296630859375,265.8023376464844,466.60968017578125,906.2807006835938
MY_0p5_2.7500_101.7500,101.75,2.75,1984-11-01,1984,11,337.64388271899935,84.80423464688387,118.8745812433416,56.03378243186256,148.6804896129261,204.7142680775035,42.709000382856885,129.05502807617188,263.2000408380682,463.31512595436783,898.2791914506391
MY_0p5_2.7500_102.2500,102.25,2.75,1984-11-01,1984,11,297.64680529551896,84.60623552844783,136.9896195527095,47.502265444227085,124.27507699371145,171.77733714109772,42.813485734781636,129.39589151759057,263.95100422269974,464.2808796099037,900.4412863178618
MY_0p5_2.7500_102.7500,102.75,2.75,1984-11-01,1984,11,285.9707378918611,85.40242948411385,141.52474038812176,45.98007870927641,104.48972813087173,150.46980874749678,42.78297277040119,129.37596806393393,264.281432043148,466.4388315707822,902.8792154819149
MY_0p5_2.7500_103.2500,103.25,2.75,1984-11-01,1984,11,308.88264202919737,86.8410548799357,139.01492615717993,63.285091849649035,110.8711367564596,174.15622618851387,41.840314512799495,125.94106737367666,257.15208629438075,453.17843802871215,878.1118908535902
MY_0p5_2.7500_103.7500,103.75,2.75,1984-11-01,1984,11,328.3906024435292,89.57024960725204,136.91015125749297,75.3704342468543,108.38144022858087,183.7518688852337,40.95769368888046,122.7666004725865,250.6778288810484,441.55868459956434,855.9608095230594
MY_0p5_2.7500_104.2500,104.25,2.75,1984-11-01,1984,11,345.7420586978688,90.61648009805118,149.33282470703125,69.83786010742188,99.68307495117188,169.52093505859375,42.69636154174805,129.17178344726562,264.0140380859375,465.9981689453125,901.88037109375
MY_0p5_2.7500_111.2500,111.25,2.75,1984-11-01,1984,11,406.9287422969424,94.09632952459928,130.3964547549977,125.50777861651252,116.53199207081515,242.03976485308476,42.84387263129739,129.52585512049058,264.4391326904297,466.3090533088236,903.1179073558134
MY_0p5_2.7500_111.7500,111.75,2.75,1984-11-01,1984,11,394.66984458047835,93.43065927849442,130.47295386215734,118.23532058452739,122.72313690185545,240.9584486731167,42.89767063075098,129.67037069386447,264.6851250220989,466.73691045826865,903.9900670544854
MY_0p5_2.7500_112.2500,112.25,2.75,1984-11-01,1984,11,393.0015900044501,92.97141417974157,129.6404739888509,111.89646291097006,125.4358772532145,237.33233591715495,42.90228504180908,129.6711301676432,264.64241800944006,466.49165354410803,903.7074837239584
MY_0p5_2.7500_112.7500,112.75,2.75,1984-11-01,1984,11,395.20461389082897,92.59683155108101,128.50646917125846,122.68356984778296,140.92303973813603,263.60661113111274,42.94699871690967,129.77536971659597,264.6973628756366,465.97846048089525,903.398190075838
MY_0p5_2.7500_113.2500,113.25,2.75,1984-11-01,1984,11,400.4047815716456,92.4203613523453,127.60497414725167,127.35536251976376,164.74203355577254,292.0973913767981,43.05154151310996,130.04983234708268,265.068013702877,466.08490222749253,904.2543069506447
MY_0p5_2.7500_113.7500,113.75,2.75,1984-11-01,1984,11,387.25654116102083,91.79209999521827,124.09482299901875,129.02305124367876,194.58045638746518,323.6035004634007,43.13182355795696,130.21526317231974,265.0055509919573,464.38341478481414,902.7360696002936
MY_0p5_2.7500_114.2500,114.25,2.75,1984-11-01,1984,11,359.69601594949074,90.17324635952335,120.9175231788732,119.27316730837276,208.76712403116346,328.04029517837716,43.167049407958984,130.27762932113455,264.90958955016316,463.31404558012764,901.6683129419255
MY_0p5_2.7500_114.7500,114.75,2.75,1984-11-01,1984,11,337.1338981093875,90.82273714101997,118.26028529853578,112.22080313324169,184.32841690938184,296.54922290972087,43.11394153279104,130.16327987962467,264.8926245816954,464.10620671169016,902.2760433512886
MY_0p5_2.7500_115.2500,115.25,2.75,1984-11-01,1984,11,322.07647567611554,88.93473382898277,112.56988690350506,63.16088726284267,142.52936863254854,205.69024795669694,42.804184887860266,129.17822939211183,262.5443348927541,457.86764031487536,892.3944240260769
MY_0p5_3.2500_101.2500,101.25,3.25,1984-11-01,1984,11,382.858137342665,87.31200949227299,126.01357094137585,82.60703333991974,226.8451953101251,309.45224153392513,43.332116123303365,130.81143277535642,266.2694824456241,467.54291887691517,907.9559568412573
MY_0p5_3.2500_101.7500,101.75,3.25,1984-11-01,1984,11,370.1306374603847,82.97844409335191,116.2608848377398,90.05550745338392,180.5787191208761,270.63423982851066,42.82207728343405,129.34981974219062,263.4576525840031,461.90341196242423,897.532949265401
MY_0p5_3.2500_102.2500,102.25,3.25,1984-11-01,1984,11,317.44056929330975,85.41144777328248,134.96012040395584,62.02470437912714,125.34911482069228,187.37381175207713,42.84314845251659,129.51740911574592,264.3609174455915,465.6573083302331,902.3788208007811
MY_0p5_3.2500_102.7500,102.75,3.25,1984-11-01,1984,11,299.99353017686286,85.92656891255439,139.71980053865454,53.038309942317916,108.07913886444479,161.1174479617348,42.7775614412525,129.3610428435893,264.23589701592164,466.1600780245623,902.5345916748047
MY_0p5_3.2500_103.2500,103.25,3.25,1984-11-01,1984,11,327.5820634574766,87.4863448003216,131.3524888625751,66.82768343947221,98.2796622658397,165.1073455313518,40.94018733617926,122.72237624873556,250.65699932085965,441.8587653442781,856.1783349847949
MY_0p5_3.2500_112.2500,112.25,3.25,1984-11-01,1984,11,386.19680514865456,93.92822316487631,130.51538255479602,106.68583424886069,110.88438195122615,217.5702117919922,42.8321772257487,129.48475240071616,264.37859361436637,466.34450547960074,903.0400078667536
MY_0p5_3.2500_112.7500,112.75,3.25,1984-11-01,1984,11,387.544684133222,93.92560392810454,130.75764390288808,135.77377162995884,135.99328932214956,271.76706495441374,42.94175473197562,129.7674853215452,264.73446255042904,466.3095215344038,903.7532138511784
MY_0p5_3.2500_113.2500,113.25,3.25,1984-11-01,1984,11,398.62915945411623,94.44682137051919,130.94612029104522,138.5244222120805,147.39369935700387,285.91811197454274,43.01308884765162,129.9630832672119,265.0484411066229,466.67472735318273,904.6993549231327
MY_0p5_3.2500_113.7500,113.75,3.25,1984-11-01,1984,11,392.59565216548856,93.9772245861235,126.73600073920356,132.9807397751581,164.925144062345,297.90586857871403,43.049878329322446,130.03631509447854,265.0056680346292,465.8023234049479,903.8941820901537
MY_0p5_3.2500_114.2500,114.25,3.25,1984-11-01,1984,11,372.0167786422049,92.66138450962721,122.55597334454772,123.46702094594383,198.6024777843694,322.0694916354622,43.142543246032325,130.22292109203946,264.91454009037864,463.7945785036512,902.074588848527
MY_0p5_3.2500_114.7500,114.75,3.25,1984-11-01,1984,11,348.1262518038416,93.6359225959535,121.32959771611887,109.083739116693,179.92712222542738,289.0108559966847,43.113462678945744,130.165025650316,264.948862063657,464.5285914718726,902.7559126349772
MY_0p5_3.2500_115.2500,115.25,3.25,1984-11-01,1984,11,322.87656595737116,89.96144528932209,107.60148014599764,62.90286149857919,143.47168205357804,206.37454040141046,42.79128198985811,129.1030973603454,262.21534864208365,456.52568508099904,890.6354294788988
MY_0p5_3.2500_115.7500,115.75,3.25,1984-11-01,1984,11,305.7292123858848,87.28416631462868,103.38611268461422,81.63065895337736,162.6778204414282,244.30847836612318,42.882954715343004,129.40489333935,262.9956887920251,458.7974452329485,894.0809723929074
MY_0p5_3.7500_100.7500,100.75,3.75,1984-11-01,1984,11,336.1725158691406,90.26470184326172,119.17369079589844,57.30698013305664,195.27301025390625,252.57998657226562,43.263816833496094,130.64346313476562,266.1308898925781,467.9922790527344,908.0304565429688
MY_0p5_3.7500_101.2500,101.25,3.75,1984-11-01,1984,11,364.8780477891588,87.0869210993202,122.56947316783918,84.77356474299262,211.67774741163532,296.4513199198207,43.255214481292036,130.5927470679422,265.84465021917356,466.42149308584277,906.1141043357478
MY_0p5_3.7500_101.7500,101.75,3.75,1984-11-01,1984,11,363.8926129060634,83.36829186700712,120.0991862108753,96.6560734791361,166.34928143252236,263.0053593337916,42.874237995998115,129.49812885454506,263.6907673246542,461.66619950798673,897.7293413490249
MY_0p5_3.7500_102.2500,102.25,3.75,1984-11-01,1984,11,338.95899338495167,84.6528609018477,129.6140439472501,56.781039029075984,118.88057900080605,175.66162240164618,42.70728201487707,129.08258841378347,263.30431964208213,462.5895851740761,897.6837840246776
MY_0p5_3.7500_102.7500,102.75,3.75,1984-11-01,1984,11,338.60219009641617,86.64817950536334,132.0764960152762,50.515367126464845,94.60763048444475,145.12299756246895,42.65221405029296,128.98230116102428,263.41259039015995,464.07155403258304,899.1186779203869
MY_0p5_3.7500_103.2500,103.25,3.75,1984-11-01,1984,11,361.706922432341,87.44334758135426,127.88740240358838,58.073715898102414,96.37991859585631,154.45362859987745,42.18140722536574,127.25759618422565,259.87162523456647,457.7784312528723,887.0890634574142
MY_0p5_3.7500_113.2500,113.25,3.75,1984-11-01,1984,11,398.888822555542,96.80006992816925,131.26564826339973,142.7999725341797,141.89921594838628,284.699194736168,43.00095417460457,129.9419780793737,265.0782950979765,466.98937037733737,905.0106091108479
MY_0p5_3.7500_113.7500,113.75,3.75,1984-11-01,1984,11,391.32591180769293,97.46649315243675,126.12571074353068,113.11354166172856,141.70531722874318,254.81886380390057,42.996168747688955,129.917088727735,265.0067950498711,466.8044417791768,904.7245056744919
MY_0p5_3.7500_114.2500,114.25,3.75,1984-11-01,1984,11,371.3491874277783,96.55549871051123,121.87103753468348,102.95152810717386,148.22344864133802,251.17498648507254,43.01323333013625,129.9360365610274,264.91274578760545,466.1777540418837,904.0397757393974
MY_0p5_3.7500_114.7500,114.75,3.75,1984-11-01,1984,11,347.6888639904204,95.79379175579739,120.19468831864612,106.90715753464471,173.61973426455543,280.5268858894469,43.118624066549636,130.21861959790428,265.2833678230407,466.1089802091083,904.7295704675099
MY_0p5_3.7500_115.2500,115.25,3.75,1984-11-01,1984,11,318.6751501658606,89.35799717978826,102.54165852864584,87.87330111549014,157.41837584480405,245.2916815379309,42.845485142299104,129.29001053098648,262.6759680369544,457.5644898429749,892.3759521484375
MY_0p5_3.7500_115.7500,115.75,3.75,1984-11-01,1984,11,299.4951141137871,85.36852160117608,101.27867016689382,88.33519432012982,155.02856203806485,243.363751198748,42.74679510541957,128.99230528906952,262.0515116959167,456.18084387470486,889.9714302776529
MY_0p5_4.2500_100.7500,100.75,4.25,1984-11-01,1984,11,295.1912548065186,91.85123020082008,114.65393922766863,48.967172210070565,149.62848429777185,198.59566307846382,42.99933412512955,129.9722506776148,265.22321727519136,467.38434709821433,905.5791294642859
MY_0p5_4.2500_101.2500,101.25,4.25,1984-11-01,1984,11,294.4702163814574,85.47285488152961,112.42811346357797,73.46826979764708,178.47469470759106,251.94296575655602,42.894649699994716,129.56461436277746,263.7836341614935,461.4300662484139,897.6729316468452
MY_0p5_4.2500_101.7500,101.75,4.25,1984-11-01,1984,11,317.6633098379444,86.36798695329661,125.02538543311172,79.63906931039244,132.66567600725557,212.30475214266554,42.856597388514324,129.54365646801057,264.32097189418806,465.18047627701935,901.9017115583816
MY_0p5_4.2500_102.2500,102.25,4.25,1984-11-01,1984,11,361.50507371798875,88.71860540712984,128.63244424155727,62.55656579355844,107.42820644683351,169.98477845603287,42.744279965044214,129.21908403585516,263.7629225855818,464.4923383328861,900.218618764664
MY_0p5_4.2500_102.7500,102.75,4.25,1984-11-01,1984,11,397.43844546178343,87.41650716210627,123.42453484018895,78.84527700873697,128.37883943205426,207.22411846962706,42.74460645542023,129.16108266259454,263.23548296302755,461.5931608358008,896.7343244613359
MY_0p5_4.2500_103.2500,103.25,4.25,1984-11-01,1984,11,420.86680247189975,89.29829284455302,120.23370114103841,96.12751233037756,125.22055043077637,221.3480644624823,42.71855850751392,129.1179511306178,263.43939506716845,463.18218919707516,898.4581115935323
MY_0p5_4.2500_113.7500,113.75,4.25,1984-11-01,1984,11,370.17335897778713,100.85608944748388,121.59814813002102,93.69625012379771,117.97269065425083,211.6689373952038,42.88667822783848,129.6461292482772,264.72001244886866,467.05452569925563,904.307366713038
MY_0p5_4.2500_114.2500,114.25,4.25,1984-11-01,1984,11,356.7071016064249,99.96458962341073,117.19055426166786,73.6684778868922,118.30756749333563,191.97605065305262,42.89299282235989,129.65987340271707,264.7474021175193,467.1716208439537,904.4718726905618
MY_0p5_4.2500_114.7500,114.75,4.25,1984-11-01,1984,11,337.986899210612,97.86457300821941,115.21072291056318,95.58194880167643,158.68729390462244,254.26924713134767,43.05183438618978,130.06808919270836,265.20244242350265,466.68197896321624,905.0043387858075
MY_0p5_4.2500_115.2500,115.25,4.25,1984-11-01,1984,11,308.34031475914844,92.88397659195795,101.08459983931648,101.4628121058146,145.3974310821957,246.86024273766415,42.733659121725296,128.9846049414741,262.1157475577461,456.3988665474786,890.2328934139675
MY_0p5_4.2500_115.7500,115.75,4.25,1984-11-01,1984,11,275.4825059793764,86.79027487544693,97.96807300115037,78.89666442871095,122.90659223653505,201.8032491910256,42.50083199193922,128.2966662908005,260.71619955806415,453.3532451047737,884.866948531846
MY_0p5_4.2500_116.2500,116.25,4.25,1984-11-01,1984,11,229.23838396770196,93.74043878694862,112.04914381445909,68.59525351408053,132.9405209611102,201.53576878803537,42.57139164063989,128.5687969952095,261.5810885545684,456.21097825213167,888.9322476270726
MY_0p5_4.2500_116.7500,116.75,4.25,1984-11-01,1984,11,207.59814920590796,98.54886587506773,117.34761289916288,40.28726426714418,104.40296728762588,144.6902278833996,42.44844288908678,128.29226001011844,261.493018707099,457.74874207601385,889.9824613890898
MY_0p5_4.2500_117.2500,117.25,4.25,1984-11-01,1984,11,197.67964091343165,103.66694462193851,122.29659389394575,25.997346962447715,70.27199390715204,96.26933707178168,42.33759382129771,128.10334791335384,261.8383947051732,461.02438151941897,893.3037255211214
MY_0p5_4.2500_117.7500,117.75,4.25,1984-11-01,1984,11,180.9135408972064,105.86142603556317,120.49535849155525,17.050291285555588,41.605262136866905,58.65555174737915,40.71829168205588,122.37424941755769,250.36055709969287,441.125715467665,854.5788169926047
MY_0p5_4.2500_118.2500,118.25,4.25,1984-11-01,1984,11,152.8689294112356,107.5380093312403,113.21608656379068,12.86970699213113,22.758046557189555,35.627753555395046,37.86442284067725,112.02770257451732,229.0409073556305,402.49951171875,781.4325600399334
MY_0p5_4.2500_118.7500,118.75,4.25,1984-11-01,1984,11,135.26095750596787,109.3469755384657,108.58505249023438,12.565380096435547,16.6870059967041,29.25238609313965,36.241451263427734,106.09379577636719,216.77484130859375,380.33807373046875,739.4481811523438
MY_0p5_4.7500_100.2500,100.25,4.75,1984-11-01,1984,11,247.8717956542969,101.45717959933812,,,,,,,,,
MY_0p5_4.7500_100.7500,100.75,4.75,1984-11-01,1984,11,250.72782563510003,94.41199941704744,112.4069371107148,42.1183655436446,108.33002440910029,150.4483895030448,42.630124177389995,128.88875164249077,263.0455028254811,462.4927622477213,897.0571604162697
MY_0p5_4.7500_101.2500,101.25,4.75,1984-11-01,1984,11,239.20080349162475,86.5209253220331,107.50189240470765,61.15388658311632,133.2894024319119,194.44328303261406,42.53868277413504,128.49588826497396,261.4773884122334,455.82253388904394,888.3344910636781
MY_0p5_4.7500_101.7500,101.75,4.75,1984-11-01,1984,11,284.04415937290076,88.36655970982144,124.21236039419024,71.12671231466629,112.25563260033019,183.382345120869,42.56842114887541,128.65640510680183,262.2719964890253,459.67805040147573,893.1748688228547
MY_0p5_4.7500_102.2500,102.25,4.75,1984-11-01,1984,11,378.7547098795573,90.1700220743815,124.07440527053106,83.33008829752605,129.60571216401598,212.93579973493306,42.6781131926037,128.90814368838355,262.47837727864584,459.21593976702,893.28059547061
MY_0p5_4.7500_102.7500,102.75,4.75,1984-11-01,1984,11,451.2187747833835,89.27146423242651,120.33873223954704,125.31166523732954,144.015794207336,269.3274594446656,42.73576614963021,129.09380491220264,262.90506525707843,460.1681598250273,894.9027822701031
MY_0p5_4.7500_103.2500,103.25,4.75,1984-11-01,1984,11,491.125439684538,91.739732116016,112.61388588655483,148.25588223503087,138.17804352031865,286.43392358758797,41.16195087503244,123.4436199568295,251.41183753207167,439.6635022603278,855.6808906358109
MY_0p5_4.7500_103.7500,103.75,4.75,1984-11-01,1984,11,513.5239161441201,93.78392791748047,102.6540322241845,127.27575564694095,113.19464359035739,240.47039160790382,37.46622600803128,109.9935827874518,224.26742514077716,393.45288521902904,765.1801012707995
MY_0p5_4.7500_113.7500,113.75,4.75,1984-11-01,1984,11,326.9052734375,103.107177734375,,,,,,,,,
MY_0p5_4.7500_114.2500,114.25,4.75,1984-11-01,1984,11,326.9052734375,103.00492095947267,111.24211883544922,57.21966552734375,107.86630249023438,165.08596801757812,42.80791473388672,129.45704650878906,264.514892578125,467.09820556640625,903.8780517578125
MY_0p5_4.7500_114.7500,114.75,4.75,1984-11-01,1984,11,319.30361183740763,102.96610473304668,110.33496651598205,82.4888917656355,129.79300960417717,212.28189562725768,42.882551172728185,129.63996001212828,264.6285032867103,466.2860635736937,903.4370766916584
MY_0p5_4.7500_115.2500,115.25,4.75,1984-11-01,1984,11,301.7562348047892,100.89543982346851,105.15762762228647,106.13139625390367,133.85144376754758,239.98284165064487,42.61656343936919,128.71169567108154,261.84315935770667,456.5878507296244,889.7592903772987
MY_0p5_4.7500_115.7500,115.75,4.75,1984-11-01,1984,11,273.39518975151907,94.46697939918154,101.88190135653056,53.50615653386192,91.96283629886688,145.46899418906557,42.26109936426556,127.60454900832406,259.36117078993055,450.672269015842,879.8990922231523
MY_0p5_4.7500_116.2500,116.25,4.75,1984-11-01,1984,11,224.45138617621524,94.55695762028768,112.27083926730684,38.72148283701093,83.75605069115046,122.47752947126114,42.17127322242373,127.4081107003348,259.3593967013888,451.9873381115141,880.9261174277651
MY_0p5_4.7500_116.7500,116.75,4.75,1984-11-01,1984,11,192.79435961759543,97.181371254257,116.02794004995613,25.78066985818404,75.7627985024754,101.54346924793872,42.02051864092863,126.98867751978622,258.61651089825205,450.6693246575851,878.2950369919403
MY_0p5_4.7500_117.2500,117.25,4.75,1984-11-01,1984,11,181.77999776204425,100.09706914992559,118.913329351516,20.206108553447425,73.82103244842045,94.02713836185515,42.10447732834589,127.26820487370564,259.34922330341647,452.83010069831965,881.5520267547122
MY_0p5_4.7500_117.7500,117.75,4.75,1984-11-01,1984,11,164.85404181178612,103.17551880848558,124.27335550815243,17.83895429478416,68.22436941122706,86.06332235698457,42.11684573451175,127.37603829782222,259.96951506409465,455.5756416803673,885.0380612143987
MY_0p5_4.7500_118.2500,118.25,4.75,1984-11-01,1984,11,146.19506736256972,106.33531898230166,128.97146648617846,17.219824685523264,52.468830472859906,69.68865523985284,41.94505745202453,126.90670419817593,259.23401461653975,454.7631766927901,882.8489735665635
MY_0p5_4.7500_118.7500,118.75,4.75,1984-11-01,1984,11,132.57982268514513,107.64549207083786,134.03307004518146,18.555142632013634,34.02382490906534,52.57896742036071,41.843094644667225,126.6464424616174,258.9145824577235,454.7853922783573,882.1895226587222
MY_0p5_5.2500_100.2500,100.25,5.25,1984-11-01,1984,11,226.37691299350277,103.50614241230696,64.4829330444336,14.279380798339844,37.04251480102539,51.321895599365234,28.21965789794922,76.4894027709961,155.882080078125,273.2435607910156,533.834716796875
MY_0p5_5.2500_100.7500,100.75,5.25,1984-11-01,1984,11,223.26088894114775,97.60351497312135,114.61009102306147,32.802995002132725,83.14961054133273,115.95260194800366,41.4758423553116,124.81330301569795,254.2132596421516,444.06010524705914,864.5625224497128
MY_0p5_5.2500_101.2500,101.25,5.25,1984-11-01,1984,11,214.71744505867125,91.44050641741072,113.78181556822761,41.27769439333961,92.43892250666542,133.71661682128905,42.107598767961775,127.16851658896793,258.574040633913,449.2224226694258,877.0725762261284
MY_0p5_5.2500_101.7500,101.75,5.25,1984-11-01,1984,11,272.07936557842675,90.23488111556718,126.72553097670246,51.17899044911573,72.9470699091626,124.12606170071159,42.16384914422491,127.40631966074564,259.5116649554793,453.18051856946045,882.2623320172547
MY_0p5_5.2500_102.2500,102.25,5.25,1984-11-01,1984,11,386.9292056332728,95.11847050174785,127.39915305945524,91.25396526846916,93.48579722604934,184.73975639586237,42.20833060392149,127.40597407833026,259.73516340316473,455.2587728318135,884.6082512922347
MY_0p5_5.2500_102.7500,102.75,5.25,1984-11-01,1984,11,487.48817518402006,93.68003300952303,120.30503547797767,137.23109948109771,122.0313082290908,259.26240834381616,41.47813540959762,124.66440274513374,253.9203789145259,444.0570253533832,864.1199477373543
MY_0p5_5.2500_103.2500,103.25,5.25,1984-11-01,1984,11,545.0255190248843,95.5471207149445,125.97868644417107,187.40384931688186,149.02679745562665,336.43064662388394,42.51951819580871,128.38042608484045,261.45521406693894,457.2750474013292,889.6302284141641
MY_0p5_5.2500_115.2500,115.25,5.25,1984-11-01,1984,11,299.8715416692919,105.48002993675972,109.99519585781411,80.81385615614595,94.7388524540135,175.55271311275297,42.28632473554768,127.73495058153497,259.946557216957,453.42902511846825,883.3968205686475
MY_0p5_5.2500_115.7500,115.75,5.25,1984-11-01,1984,11,284.8148913941654,103.76442860953416,107.94276451498774,53.778160004696595,72.89200248071703,126.67016472250725,42.02862904435497,126.94397433006156,258.1744433386851,449.04245915816995,876.1894731941868
MY_0p5_5.2500_116.2500,116.25,5.25,1984-11-01,1984,11,234.66139042528368,99.18294199207162,111.58697736715968,43.23799013789696,80.69355102732212,123.93153905264938,42.20069671582572,127.54602089411095,259.89235165752945,454.07609828514387,883.7151529819151
MY_0p5_5.2500_116.7500,116.75,5.25,1984-11-01,1984,11,198.46255710456944,99.78356655941734,116.67220122904716,34.203237642215775,79.78261995919142,113.9858562855781,41.98854097535338,126.91926067690304,258.57962885989417,450.86031467099724,878.34773138505
MY_0p5_5.2500_117.2500,117.25,5.25,1984-11-01,1984,11,179.91923382471478,102.5988807557121,120.88329203772167,25.97005781143431,73.01136573912605,98.98142433772011,41.953194245837985,126.83257405114553,258.53377918061756,451.273142593626,878.5927027142236
MY_0p5_5.2500_117.7500,117.75,5.25,1984-11-01,1984,11,162.74137839665488,104.21259058392236,123.76416388617619,25.1807810647147,68.77615378243583,93.95693499852742,42.04759720090835,127.17574736580018,259.5972795758928,454.83321039109,883.6538314577133
MY_0p5_5.2500_118.2500,118.25,5.25,1984-11-01,1984,11,147.18446674277058,105.8607160969145,129.11287514267454,19.89121316193016,52.34085657642145,72.23206945285675,42.00497688001887,127.09107820547308,259.6824657658862,456.07446298781474,884.8529931329618
MY_0p5_5.2500_118.7500,118.75,5.25,1984-11-01,1984,11,130.13086330413822,107.04678325350321,135.806245803833,18.349555201000637,29.589453485276962,47.939008447859024,41.88809410730998,126.79037072923448,259.27844238281256,455.86022525363495,883.8171361287435
MY_0p5_5.2500_119.2500,119.25,5.25,1984-11-01,1984,11,110.99308902270172,108.10355762300036,138.39527893066406,18.745235443115234,20.88882064819336,39.634056091308594,41.84377670288086,126.67804718017578,259.1282043457031,455.75067138671875,883.4006958007812
MY_0p5_5.7500_100.2500,100.25,5.75,1984-11-01,1984,11,191.52149475372588,105.69239807128906,104.45085144042969,12.273662313408808,17.650452303230214,29.924115592186602,35.15073184792055,102.19967308394406,209.1076956932698,368.69842613290206,715.1565226983587
MY_0p5_5.7500_100.7500,100.75,5.75,1984-11-01,1984,11,195.66333695669022,101.20710858541821,115.97859725952146,22.716220366160076,39.2608112748464,61.97702962239584,39.81810042063395,119.19232037862142,242.65541636149086,422.2992012532552,823.9650280761718
MY_0p5_5.7500_101.2500,101.25,5.75,1984-11-01,1984,11,198.80524841068302,96.9501319945328,121.69392226812411,28.404041860985945,43.56783453873763,71.97187763124002,41.46485381239042,125.17137034859246,254.15366934228132,439.39069192240567,860.1806085541492
MY_0p5_5.7500_101.7500,101.75,5.75,1984-11-01,1984,11,266.8116722106934,94.518856048584,133.580082321167,57.81614895661673,41.201625386873886,99.01777051289876,41.76174478530884,126.12399565378826,256.4724969863892,445.5587585449219,869.9170094807943
MY_0p5_5.7500_102.2500,102.25,5.75,1984-11-01,1984,11,382.3371549753042,98.6068771802462,133.977015716861,111.59950186989522,55.79006916906697,167.38956597838737,41.304865121038674,124.3541355068836,253.6282510982218,444.3991007692485,863.6863571834883
MY_0p5_5.7500_102.7500,102.75,5.75,1984-11-01,1984,11,492.3982406180246,96.95570858705389,106.47626495361328,105.00701904296875,51.976497650146484,156.9835205078125,35.96133804321289,104.78091430664062,213.64910888671875,374.3501281738281,728.7415161132812
MY_0p5_5.7500_103.2500,103.25,5.75,1984-11-01,1984,11,569.1090698242188,98.124267578125,,,,,,,,,
MY_0p5_5.7500_115.2500,115.25,5.75,1984-11-01,1984,11,297.65655619303385,108.35693028767905,119.03641510009766,87.72197723388672,110.42406463623047,198.1460418701172,42.72731399536133,129.23194885253906,264.0347900390625,465.7215576171875,901.715576171875
MY_0p5_5.7500_115.7500,115.75,5.75,1984-11-01,1984,11,274.9480172373766,105.97226902312298,114.69050481887092,67.70817257109142,115.71848515101843,183.426655069987,42.53515657697405,128.55968191964286,262.08849952334447,459.41301356724335,892.596320452009
MY_0p5_5.7500_116.2500,116.25,5.75,1984-11-01,1984,11,232.73215230305993,100.39759666806177,110.61823003859747,49.534352232917904,106.27838299463666,155.81273115854412,42.26130088927254,127.67566358778211,259.8914582752046,453.2198557051401,883.0482592385913
MY_0p5_5.7500_116.7500,116.75,5.75,1984-11-01,1984,11,197.75628807431175,98.10577981131416,109.60708741687593,26.770665359497073,75.58754787142314,102.35821133568173,41.72208848983523,126.04584701780288,256.4164029560392,445.23180619497145,869.4161421518478
MY_0p5_5.7500_117.2500,117.25,5.75,1984-11-01,1984,11,176.5429003501916,104.23465829843225,118.71045386377568,21.578187969580807,53.68673311347841,75.26492281892698,41.78231887336033,126.34476319322073,257.73278808593744,450.7133213368124,876.5731834628227
MY_0p5_5.7500_117.7500,117.75,5.75,1984-11-01,1984,11,161.29952513679626,106.74663245791483,126.14881973778644,28.047340258655932,42.57718736533351,70.62453010098247,42.17747890549219,127.62284515688083,260.9636358478726,459.9336856099584,890.6976283540663
MY_0p5_5.7500_118.2500,118.25,5.75,1984-11-01,1984,11,150.28255974854662,106.97324196497598,131.46048760308162,35.995218166775174,48.01236167060005,84.00758321126303,42.27098268296984,127.92753553602431,261.71661770290797,461.8854207356771,893.80053249783
MY_0p5_5.7500_118.7500,118.75,5.75,1984-11-01,1984,11,133.9664092430702,107.63648011134222,133.287841796875,37.6648063659668,51.41249084472656,89.07730102539062,42.258609771728516,127.89449310302734,261.65704345703125,461.69091796875,893.5010375976562
MY_0p5_6.2500_99.7500,99.75,6.25,1984-11-01,1984,11,135.34629492666207,111.26570473465264,132.4666666430096,11.436786562897439,20.673428601996843,32.11021534232206,41.23623320113781,124.95092915379723,255.72997762990553,448.072706355605,869.9898553892623
MY_0p5_6.2500_100.2500,100.25,6.25,1984-11-01,1984,11,155.05527472496036,106.99884721636772,126.89028376365192,10.959516042592572,13.111554959355567,24.07107133670729,39.510098640286195,118.48665329290894,242.53871397680166,426.55137478575415,827.086831104512
MY_0p5_6.2500_100.7500,100.75,6.25,1984-11-01,1984,11,173.26632884846694,103.92822268570713,123.25532284298458,17.37529212995846,21.59130685577982,38.96659945337009,40.45461218697684,121.87139365295647,248.02399848142647,431.717186180321,842.0671931086359
MY_0p5_6.2500_101.2500,101.25,6.25,1984-11-01,1984,11,183.92285109299883,101.63238595815807,124.7455838716947,25.249328994750975,29.318076031024642,54.567406287560104,41.13501064593976,124.20458843524641,252.1634040245643,437.1462853064904,854.6492891751803
MY_0p5_6.2500_101.7500,101.75,6.25,1984-11-01,1984,11,292.6333993094308,100.71643066406249,139.49340471540177,102.59023639133997,42.84006364004952,145.43029763357978,41.91897016252789,126.68088727678571,258.09463893345423,450.94022042410705,877.6347185407365
MY_0p5_6.2500_102.2500,102.25,6.25,1984-11-01,1984,11,364.3410676320394,100.85775556796933,143.1749267578125,142.16229248046875,58.63797378540039,200.80026245117188,42.241878509521484,127.70218658447266,260.5065612792969,457.212890625,887.6635131835938
MY_0p5_6.2500_115.7500,115.75,6.25,1984-11-01,1984,11,233.93192984841085,107.39492659135297,123.35017395019531,53.62592697143555,84.25989532470703,137.8858184814453,42.44303512573242,128.34298706054688,261.9063415527344,459.8401184082031,892.532470703125
MY_0p5_6.2500_116.2500,116.25,6.25,1984-11-01,1984,11,216.0599425466437,104.32905980160362,118.08467448230356,38.036757464976034,66.65288615961957,104.68964248186691,42.06662014192421,127.12067920836057,258.9144726723826,451.93501664888487,880.0367730094473
MY_0p5_6.2500_116.7500,116.75,6.25,1984-11-01,1984,11,189.06871730259488,102.31249476841518,113.96393810453867,18.62447744097028,46.18721267457992,64.8116923983135,41.59998827737475,125.64313012985956,255.48153628394718,443.3530682276166,866.0777049231151
MY_0p5_6.2500_117.2500,117.25,6.25,1984-11-01,1984,11,171.3038109188988,106.04980800568111,118.33350960867745,20.867035614498075,36.20364720178029,57.07068511720687,41.2914914449056,124.49485454256573,253.94673742869543,444.315185062469,864.0482507130456
MY_0p5_6.2500_117.7500,117.75,6.25,1984-11-01,1984,11,161.8039294878642,107.99049226442975,122.7577025653326,31.273927956296685,31.755703329342847,63.02963254605121,41.528943535877254,125.23516569081802,256.1181990417124,451.6328912032278,874.5151913291529
MY_0p5_6.2500_118.2500,118.25,6.25,1984-11-01,1984,11,158.97746440342493,108.34559767586843,128.19137246268136,44.313839776175364,38.7297420501709,83.04358182634626,42.43019921439034,128.42894118172782,262.90215737479076,465.3110983712333,899.0724116734096
MY_0p5_6.7500_100.2500,100.25,6.75,1984-11-01,1984,11,140.42442108603083,106.73267835729263,132.72315855587232,10.423511007252861,17.103333066491523,27.526843365500955,41.0424766260035,124.2971160552081,254.25983361636892,445.30952117022343,864.90894093233
MY_0p5_6.7500_100.7500,100.75,6.75,1984-11-01,1984,11,156.09559292263458,104.58215812400536,130.1825742368345,18.62929079267714,18.906870665373624,37.53616219979746,40.94202945850514,123.71650724057798,251.49087298357935,439.25582320601853,855.4052214445893
MY_0p5_6.7500_116.2500,116.25,6.75,1984-11-01,1984,11,184.51234523729343,107.65460897046466,121.18931356290493,24.40214310622797,27.05218301168302,51.45432802525963,41.80658628882431,126.37065589718702,257.58055077529536,449.9518462390435,875.7096006812119
MY_0p5_6.7500_116.7500,116.75,6.75,1984-11-01,1984,11,178.78407507276722,107.34141802787782,115.25945773520489,18.961660875162117,22.46838289193014,41.43004470945819,40.22526509582761,120.69873589677775,245.67440253095666,427.40767202264243,834.0060451341712
MY_0p5_6.7500_117.2500,117.25,6.75,1984-11-01,1984,11,168.4723645723783,107.67326068063068,112.88967780729311,18.694057852821015,16.757556100862217,35.45161471746664,39.20683329084277,116.95516306109133,238.28005137485738,415.5516605883574,809.9936915034742
MY_0p5_6.7500_117.7500,117.75,6.75,1984-11-01,1984,11,161.89246919420032,108.23303010728624,118.73223066329957,27.156776189804077,16.336978137493134,43.49375593662262,40.14506793022156,120.1763527393341,245.74100732803345,433.00768280029297,839.0701065063477
MY_0p5_7.2500_116.7500,116.75,7.25,1984-11-01,1984,11,168.24409869336708,108.6294574434795,115.57370837667713,16.51869693424391,6.15412166636923,22.672819203915804,39.10390940127165,116.76720687202786,237.21057115637737,410.87441008194634,803.9560769786005
MY_0p5_7.2500_117.2500,117.25,7.25,1984-11-01,1984,11,165.33142818416562,108.42346074559666,113.65168890702095,12.888941895334344,1.9065504074096677,14.795492352937398,38.25483956587942,113.73623536762437,230.4770217092414,396.78275885331004,779.2508365028782
MY_0p5_0.7500_110.2500,110.25,0.75,1984-12-01,1984,12,350.48526564378005,88.52781700721155,127.40828810471756,103.98456526536208,195.10243342472958,299.0869992769682,43.19230986375076,130.39376408503608,265.35744581956135,465.18551729642434,904.1290762094352
MY_0p5_0.7500_110.7500,110.75,0.75,1984-12-01,1984,12,351.007445853097,91.71723447527204,132.72449515206472,87.28317664010184,171.70423605782648,258.9874119349888,43.10966191973005,130.2261577061244,265.43578752790177,466.95073939732146,905.7223266601561
MY_0p5_0.7500_111.7500,111.75,0.75,1984-12-01,1984,12,359.1145518469432,92.31703755212209,131.30130755712116,83.15254816933285,139.08414350237166,222.23669409373449,42.958106752425905,129.80018518841456,264.67703053307906,465.7396773080977,903.1750129820808
MY_0p5_1.2500_103.2500,103.25,1.25,1984-12-01,1984,12,273.1435914271086,84.20284923072002,104.34897734902123,50.37980261715976,91.86580848693848,142.2456117109819,39.256126923994586,116.61776247891514,238.26890598643914,420.3621451637962,814.5049161044035
MY_0p5_1.2500_103.7500,103.75,1.25,1984-12-01,1984,12,290.9775088412091,83.49567783689035,96.68926498264943,64.27093687335265,110.9687719993221,175.2397056505518,40.55674177003139,121.46057765923658,248.1569342752105,437.9992806147603,848.173535985854
MY_0p5_1.2500_104.2500,104.25,1.25,1984-12-01,1984,12,299.57987670898433,83.89278128487722,88.27892303466797,80.53699493408203,133.59678649902344,214.13377380371094,42.2707633972168,127.83299255371094,261.1828308105469,461.25616455078125,892.5427856445312
MY_0p5_1.2500_109.7500,109.75,1.25,1984-12-01,1984,12,367.37719064735506,89.72101684937995,125.69391411471081,89.25256614225457,195.37176035685712,284.6243484680911,43.193789700427686,130.46150685505697,265.84809268813535,467.5367909626788,907.0401979009789
MY_0p5_1.2500_110.2500,110.25,1.25,1984-12-01,1984,12,357.3232159117474,89.66067563797057,127.52128981071091,115.47008991609671,211.7152134957922,327.1853093327703,43.26017731773347,130.59283959819544,265.7470291903581,465.94539380165605,905.5454690704937
MY_0p5_1.2500_110.7500,110.75,1.25,1984-12-01,1984,12,355.10621706039177,92.20456094893197,132.67486310686382,87.07667318677144,175.987549070328,263.06422138516865,43.13694426521422,130.30366966610862,265.5827368357825,467.2571903289309,906.2805276537697
MY_0p5_1.2500_111.2500,111.25,1.25,1984-12-01,1984,12,351.4259305228822,92.34958490243737,131.02368429750683,83.83105766125763,151.6943358887499,235.5253886262449,43.008587614796795,129.94288079502488,264.9372156892722,466.1475624352599,904.0362221227288
MY_0p5_1.2500_111.7500,111.75,1.25,1984-12-01,1984,12,363.20614720904643,91.91617463127015,129.33748481387184,85.61446925571985,138.66551838223893,224.2799917554098,42.942806001693484,129.74230981251551,264.4903186616443,465.0741988893539,902.2496376643105
MY_0p5_1.2500_112.2500,112.25,1.25,1984-12-01,1984,12,395.09823732327686,91.83894247452015,129.24645554595793,93.44231054625534,133.63940704655525,227.08172088468132,42.907368422764804,129.61511036829293,264.13381214432303,463.9977478956813,900.6540391021573
MY_0p5_1.2500_112.7500,112.75,1.25,1984-12-01,1984,12,443.18865203857416,93.47153218587239,126.6631859143575,112.74474636713664,143.54505666097003,256.2898066838582,42.866574207941696,129.40454483032227,263.2192096710205,460.150187810262,895.6404991149902
MY_0p5_1.2500_113.2500,113.25,1.25,1984-12-01,1984,12,450.0908242930537,95.55396774955418,125.9323826002038,111.27742694357165,152.8948052447775,264.17222966733186,42.894742186173154,129.5019740892493,263.4039468516474,460.2782701575237,896.0789354407268
MY_0p5_1.2500_113.7500,113.75,1.25,1984-12-01,1984,12,428.46129492557407,96.50366800481622,124.12739060141821,109.9201693679347,158.81762452559036,268.73779978896636,42.926881703463465,129.60950955477625,263.6419333255652,460.7599859526663,896.9383036295574
MY_0p5_1.2500_114.2500,114.25,1.25,1984-12-01,1984,12,385.1221796896605,95.79301229831391,123.96399796747528,109.3805150394946,160.00313601873617,269.3836370147435,42.911351566821075,129.54826854604536,263.46025693100114,460.1910384186601,896.1109073605159
MY_0p5_1.2500_114.7500,114.75,1.25,1984-12-01,1984,12,351.8035219254032,94.54699214812248,118.99903672741306,110.52105491392074,166.44124135663432,276.9623009466356,42.840289946525324,129.32528145082534,262.90955771169354,458.4320462134576,893.5071883663054
MY_0p5_1.7500_102.7500,102.75,1.75,1984-12-01,1984,12,271.6687401197234,84.1729329567588,105.67397856712341,31.785326957702637,99.11496496200562,130.90028977394104,41.3692969083786,124.23774743080138,253.71702241897583,447.4850759506225,866.8091640472412
MY_0p5_1.7500_103.2500,103.25,1.75,1984-12-01,1984,12,288.9127243218735,81.58425988745967,110.11904640197754,62.17665603637696,119.58598663330079,181.7626377868652,41.327221984863286,124.04180267333986,253.25439926147462,446.361110534668,864.9845208740234
MY_0p5_1.7500_103.7500,103.75,1.75,1984-12-01,1984,12,298.661041163191,81.5040927114366,105.19042959092536,75.60489910463744,114.32157685485066,189.92647368998465,41.33067893981933,124.24048146115074,253.8216505412814,447.71252740787554,867.1053374085245
MY_0p5_1.7500_104.2500,104.25,1.75,1984-12-01,1984,12,299.7389579772949,82.63974771499632,101.9060401029365,84.14515774749047,119.60171757187955,203.7468738408052,42.39320335092471,128.24464913301688,262.11710493693977,462.74421017668965,895.4991942413093
MY_0p5_1.7500_109.7500,109.75,1.75,1984-12-01,1984,12,380.75291850954983,89.83899431450422,125.6656265258789,89.3838882446289,196.388427734375,285.7723388671875,43.19912338256836,130.47801208496094,265.8869934082031,467.64569091796875,907.2098388671875
MY_0p5_1.7500_110.2500,110.25,1.75,1984-12-01,1984,12,371.9866633040183,91.44088197958588,127.31594730315999,130.48128048493902,232.25263666979134,362.7339329031063,43.33779391120462,130.8352413075493,266.29551394865473,467.2774056011343,907.7459599296038
MY_0p5_1.7500_110.7500,110.75,1.75,1984-12-01,1984,12,364.6636574485085,93.12641872059214,131.2307922363281,81.15077171325683,172.357893371582,253.50866394042967,43.13121032714843,130.29614486694334,265.6279083251953,467.6216278076171,906.6768920898437
MY_0p5_1.7500_111.2500,111.25,1.75,1984-12-01,1984,12,368.3360138423859,92.76316947331503,128.3789825439453,81.84538485504862,147.38336650049965,229.22874997161156,42.987194079022075,129.89526743334395,264.92529623342114,466.4244342182958,904.2321550236193
MY_0p5_1.7500_111.7500,111.75,1.75,1984-12-01,1984,12,380.4038256874567,91.32748577262781,122.45504842830609,90.63019750088074,150.9280414339862,241.5582467574107,42.967514520959,129.81336472909658,264.60356903076166,465.07905491696124,902.4634876492654
MY_0p5_1.7500_112.2500,112.25,1.75,1984-12-01,1984,12,414.5569348532056,91.75256846594432,124.46992848714191,106.71346714080326,165.0734088716053,271.78687448652965,43.02266200232127,129.92225351484998,264.5475519089472,463.98913797045515,901.481617954799
MY_0p5_1.7500_112.7500,112.75,1.75,1984-12-01,1984,12,433.7052941700768,93.96492808508494,125.889546663799,119.27144588894315,158.13148861839656,277.4029337080698,42.95737981644888,129.70955781482516,264.0175123426649,462.48099907769097,899.1654353066095
MY_0p5_1.7500_113.2500,113.25,1.75,1984-12-01,1984,12,437.03572474888387,96.21581573486328,126.07598392547123,109.6186741904607,139.46226511152963,249.08093736436632,42.84658773513067,129.3965596032521,263.4253772553943,461.3028835720486,896.9714124891493
MY_0p5_1.7500_113.7500,113.75,1.75,1984-12-01,1984,12,415.4453733413938,97.18995770651198,124.15208364819725,97.49060361347502,135.2284496973431,232.71905905102923,42.773849814278734,129.14482363746282,262.69568684895836,458.8996303013393,893.5139970083084
MY_0p5_1.7500_114.2500,114.25,1.75,1984-12-01,1984,12,374.1295520600818,96.43387640090215,124.63976600283667,99.66569996182879,146.84769243512835,246.51338268461677,42.81062883649554,129.24886886354477,262.88481484064977,459.1766587999132,894.1209741985987
MY_0p5_1.7500_114.7500,114.75,1.75,1984-12-01,1984,12,350.78351019824726,95.73381042480469,122.1338640124069,94.33574704185051,156.68868038197257,251.02443264185456,42.79410254522927,129.2011634154641,262.7914537815233,458.90093029595414,893.6876593871439
MY_0p5_2.2500_101.7500,101.75,2.25,1984-12-01,1984,12,292.82719436799636,90.33612145317925,111.13502433083274,25.036258273654514,78.2747513742158,103.31100972493488,42.16723929511176,127.29944325456715,260.25767440025254,459.84418711036153,889.5685172032829
MY_0p5_2.2500_102.2500,102.25,2.25,1984-12-01,1984,12,288.88540298972976,84.36004467101759,105.85096087296043,37.150115998738116,94.02004767604991,131.17016229218842,42.01031621905605,126.6268755169006,258.4691601620907,455.05128646923595,882.1576260653409
MY_0p5_2.2500_102.7500,102.75,2.25,1984-12-01,1984,12,291.06715508955944,80.88775205008591,106.73991109147856,48.92844343789015,114.38734366018562,163.31578631340702,42.11346038383774,126.90744648704046,259.1224799337266,456.8839572954781,885.0273539869091
MY_0p5_2.2500_103.2500,103.25,2.25,1984-12-01,1984,12,317.2501716734871,77.22344231983973,112.79373687259732,92.16165095738002,152.10279671805245,244.26444004603795,42.558495294480096,128.40613267686635,261.9343929230221,460.90480898902536,893.8038310701885
MY_0p5_2.2500_103.7500,103.75,2.25,1984-12-01,1984,12,319.3756237999867,78.0505278765145,118.98322267693986,106.07608153779627,125.99299864688163,232.0690764863612,42.23932585635428,127.45216498940678,260.3097743147511,458.5549479856329,888.5562028270656
MY_0p5_2.2500_104.2500,104.25,2.25,1984-12-01,1984,12,305.80102762361855,79.5069269940136,124.79558695643402,105.01517045202334,104.50435594290742,209.51952671019504,42.613661206458225,128.98075198339038,263.7940653651214,465.6977995565115,901.0862714278798
MY_0p5_2.2500_104.7500,104.75,2.25,1984-12-01,1984,12,275.38031005859375,79.5618667602539,,,,,,,,,
MY_0p5_2.2500_109.7500,109.75,2.25,1984-12-01,1984,12,435.36071875787553,89.48048203991306,,,,,,,,,
MY_0p5_2.2500_111.2500,111.25,2.25,1984-12-01,1984,12,396.5324420928955,92.61888888478279,117.59306447646196,118.78225427515366,190.83308949190027,309.61534746955414,43.10973857430851,130.26482279160442,265.6309868307674,467.41661969353163,906.4221433751723
MY_0p5_2.2500_111.7500,111.75,2.25,1984-12-01,1984,12,401.1124752952939,92.30542939201234,118.5739032079303,115.09168429904516,186.9900795104012,302.0817687988281,43.107447778610954,130.25419442313057,265.5968304346478,467.35325298006575,906.311712937128
MY_0p5_2.2500_112.2500,112.25,2.25,1984-12-01,1984,12,409.96262042333205,93.09665977841333,121.16995014009021,108.97045033772785,178.58143044123574,287.5518820626395,43.08563767690507,130.17674420069133,265.3733724927145,466.70962446909107,905.3453799293154
MY_0p5_2.2500_112.7500,112.75,2.25,1984-12-01,1984,12,407.91009618365575,94.95413367861792,123.43821353004093,104.62086574009487,159.89277687678262,264.51364106677823,42.96855335538349,129.83604435996403,264.7117452954489,465.38816683330236,902.9044863746279
MY_0p5_2.2500_113.2500,113.25,2.25,1984-12-01,1984,12,394.3181508866568,96.97689703078498,126.63308027963791,89.90232715909444,122.29175221276664,212.19408089773998,42.7835683429052,129.28368133060516,263.59743681408116,463.17012571304565,898.8348053462923
MY_0p5_2.2500_113.7500,113.75,2.25,1984-12-01,1984,12,377.22721109510985,97.04004512255707,126.32855178736433,80.43433433242993,117.16974726809732,197.60408164881457,42.63085913356347,128.7231898247441,261.90246852440174,457.5568035463744,890.8133452210246
MY_0p5_2.2500_114.2500,114.25,2.25,1984-12-01,1984,12,357.5295974973648,96.27939973861453,125.64460117400637,87.28266809857081,141.96231931656126,229.24499385773186,42.73507308959962,129.0248519170852,262.46726287357393,458.50351291232636,892.7307169596354
MY_0p5_2.2500_114.7500,114.75,2.25,1984-12-01,1984,12,347.9469715733683,95.25826187133791,121.74893195859848,87.58167579404771,154.2749531899729,241.8566363919166,42.75724738336378,129.11544509395478,262.7592385568927,459.37170282179324,894.0036422237274
MY_0p5_2.2500_115.2500,115.25,2.25,1984-12-01,1984,12,349.5804748535156,93.94174194335938,115.63834381103516,66.2592544555664,152.80947875976562,219.0687255859375,42.69606018066406,128.99217224121094,262.82647705078125,460.5991516113281,895.1138916015625
MY_0p5_2.7500_101.2500,101.25,2.75,1984-12-01,1984,12,294.7169189453125,92.0660400390625,107.04264068603516,32.35615158081055,103.51097869873047,135.86712646484375,42.59062576293945,128.8804168701172,263.57452392578125,465.9593811035156,901.0049438476562
MY_0p5_2.7500_101.7500,101.75,2.75,1984-12-01,1984,12,295.87650601001496,86.97067194158379,97.5614390147816,34.86882254860617,110.34818109685723,145.21700628107243,42.44269343983043,128.3322639049183,262.0382158868963,461.74677035245026,894.5599267578125
MY_0p5_2.7500_102.2500,102.25,2.75,1984-12-01,1984,12,314.0445650914672,80.1725002944849,107.27205407695405,51.32838456949611,121.24692856126532,172.5753151474485,42.755915307694934,129.20783058701048,263.4785821027817,462.96288770930784,898.4052102641695
MY_0p5_2.7500_102.7500,102.75,2.75,1984-12-01,1984,12,335.9708156344257,76.51323096359833,108.10697813879085,85.9970673428306,143.52122246464597,229.51828669294525,42.90650078012973,129.70126651812205,264.7406178727935,466.61747538892524,903.9658517958243
MY_0p5_2.7500_103.2500,103.25,2.75,1984-12-01,1984,12,360.26862563600963,75.34883355790642,111.82702257678767,122.28249184189328,168.05525508807722,290.3377475617038,42.032122545181565,126.45164448440455,257.9032638938564,453.6561835222184,880.0432142512814
MY_0p5_2.7500_103.7500,103.75,2.75,1984-12-01,1984,12,354.01895632536514,77.29809520555578,115.24591092579925,116.27100519980154,141.33178127306397,257.60278896911905,41.04763526740712,123.02804372057936,251.15563971875451,442.2220841508857,857.4533874230451
MY_0p5_2.7500_104.2500,104.25,2.75,1984-12-01,1984,12,312.70023211310894,78.2339189192828,127.74021911621094,121.88087463378906,110.61547088623047,232.496337890625,42.65618896484375,129.11819458007812,264.1128845214844,466.5126037597656,902.3998413085938
MY_0p5_2.7500_111.2500,111.25,2.75,1984-12-01,1984,12,427.40919273639554,92.99322204589843,119.534361446605,170.70926845774932,212.00494743795957,382.7142253202551,43.197705773746264,130.49723412008845,265.94689761891084,467.51859597598803,907.160411161535
MY_0p5_2.7500_111.7500,111.75,2.75,1984-12-01,1984,12,427.7121534503874,93.64277892816261,119.82914355705523,148.8688276553976,200.02667650683173,348.8955086017477,43.15185444930504,130.3728579817147,265.7527826243433,467.3368610513621,906.6143430512527
MY_0p5_2.7500_112.2500,112.25,2.75,1984-12-01,1984,12,422.5307419209541,95.28270675562604,121.90212343851725,118.96213353474934,183.92197652180988,302.88410980224614,43.09030913035075,130.19991592407226,265.4503150431315,466.9211975097656,905.6617254638671
MY_0p5_2.7500_112.7500,112.75,2.75,1984-12-01,1984,12,405.4439402713051,97.01366692555101,123.86093303825282,94.06748554374597,169.01391104203236,263.081398348265,42.99983856346034,129.9412856283067,264.9707132653345,466.0419879382169,903.9538108729108
MY_0p5_2.7500_113.2500,113.25,2.75,1984-12-01,1984,12,381.6837289961557,98.19611092219276,127.23548869783916,85.44349093967014,136.99281153603204,222.4363101050967,42.85991920592293,129.54987361847407,264.3088154141865,465.15664479089156,901.8752423967633
MY_0p5_2.7500_113.7500,113.75,2.75,1984-12-01,1984,12,365.0655964650925,98.01799963689912,128.79707977878059,93.39706061296401,137.00000527254335,230.39706795078934,42.77267910416718,129.22523838699246,263.3001709956272,461.7124793180235,897.0105612202055
MY_0p5_2.7500_114.2500,114.25,2.75,1984-12-01,1984,12,354.10002368009543,96.07558547394184,126.89441840256316,104.44447317002695,165.46322675294513,269.90770484827743,42.86944134627716,129.43986081473435,263.3639179664322,460.4879919124555,896.1611982900887
MY_0p5_2.7500_114.7500,114.75,2.75,1984-12-01,1984,12,347.74742748479173,96.44213891484934,122.2211225230223,100.52506511226582,165.6359986712219,266.1610712913951,42.793130485874826,129.2369022247898,263.109058550209,460.5057045517454,895.6448045475469
MY_0p5_2.7500_115.2500,115.25,2.75,1984-12-01,1984,12,345.3387580390449,93.98660209587028,112.72745087769654,68.80690304867855,160.49120117737365,229.29811329884572,42.62214911521017,128.73888404090127,262.0991516113281,458.13356526692706,891.593776393581
MY_0p5_3.2500_101.2500,101.25,3.25,1984-12-01,1984,12,295.50656127929693,90.92025739024122,110.7394761556781,43.57684838261586,130.31458855417452,173.89143312209313,42.83619415342576,129.55419957498634,264.66167702285236,467.16291055048487,904.2149722325663
MY_0p5_3.2500_101.7500,101.75,3.25,1984-12-01,1984,12,296.3091427209242,80.84486792497576,98.43599812695935,61.34333280089556,159.75524039784815,221.09857386692315,42.76622769787054,129.16452259622562,262.99274585505196,460.81010427292745,895.7335685195438
MY_0p5_3.2500_102.2500,102.25,3.25,1984-12-01,1984,12,349.9567789713542,77.19057282947358,108.14100290934243,74.96561417352585,153.85702451675655,228.82263464549231,42.95918078952365,129.80060894678508,264.63750077504955,465.3073053269159,902.70459953187
MY_0p5_3.2500_102.7500,102.75,3.25,1984-12-01,1984,12,390.6800774682926,74.2031072061273,110.55882000017768,123.51402799389028,173.09724991231022,296.6112693593472,43.010283820236786,129.97735465327395,265.0960261670849,466.48081081728384,904.564464134506
MY_0p5_3.2500_103.2500,103.25,3.25,1984-12-01,1984,12,411.49360274025986,74.07549966818348,110.15407333622538,165.9590263739471,171.6216575796519,337.5806749573748,41.167346979197156,123.33882705241153,251.57781246819013,442.353967126107,858.4379652191063
MY_0p5_3.2500_112.2500,112.25,3.25,1984-12-01,1984,12,431.79133300781257,96.42368113199872,122.87990875244141,127.71829477945964,190.50114000108505,318.2194315592448,43.11694208780925,130.2720442030165,265.5669053819445,467.07269422743053,906.0285766601563
MY_0p5_3.2500_112.7500,112.75,3.25,1984-12-01,1984,12,412.5595604681199,98.91014283703218,127.08637794119412,104.27131202572681,181.561999711834,285.8333159900102,43.0619668178871,130.11504126376792,265.2666943659548,466.47960200075244,904.9232988201204
MY_0p5_3.2500_113.2500,113.25,3.25,1984-12-01,1984,12,391.9683330794026,100.13169172473418,131.0458127224084,109.08789224335641,161.7370392481486,270.8249359708843,42.97929421338168,129.89514975114304,264.93871203335846,466.21945340705633,904.0325946229876
MY_0p5_3.2500_113.7500,113.75,3.25,1984-12-01,1984,12,375.90944514198907,99.7779809134347,130.30690307617186,118.52954905676462,165.82782435341485,284.35738191150483,42.985524604434055,129.87498493497333,264.7166577535962,465.1472406296503,902.724385579427
MY_0p5_3.2500_114.2500,114.25,3.25,1984-12-01,1984,12,362.1973881812612,98.47177682864437,127.37447359607478,112.66466186912197,188.99995558428913,301.6646283386619,42.98893308943244,129.79565915636195,264.0927777138485,462.02154161975636,898.8988979849846
MY_0p5_3.2500_114.7500,114.75,3.25,1984-12-01,1984,12,349.36367554877216,99.45780288793479,125.52266224174745,99.70201147285998,180.33756465061455,280.0395791120591,42.86330638569632,129.4446986496069,263.5324770204581,461.41179885378324,897.2522932890876
MY_0p5_3.2500_115.2500,115.25,3.25,1984-12-01,1984,12,338.4740392950517,95.21876414818101,108.59682884699183,62.98236868653116,168.23631315593477,231.21869123434718,42.60999359662019,128.68314897561376,261.862056780465,457.06888995593107,890.2240988815887
MY_0p5_3.2500_115.7500,115.75,3.25,1984-12-01,1984,12,339.2773180329398,91.8040462022417,103.96664934479789,69.87708788239554,194.89672920141328,264.77382016985604,42.77779281273316,129.2153476329332,263.1512043127853,460.5420024743241,895.6863307309955
MY_0p5_3.7500_100.7500,100.75,3.75,1984-12-01,1984,12,346.89739990234375,95.75961303710938,110.4045639038086,32.998023986816406,119.2384262084961,152.2364501953125,42.8968391418457,129.712158203125,264.9574890136719,467.9004821777344,905.4669799804688
MY_0p5_3.7500_101.2500,101.25,3.75,1984-12-01,1984,12,304.26293644242224,88.20072630848314,111.13396443981183,58.546765595963855,150.7092593541809,209.25602430818924,42.989768895516505,129.90984050664315,264.88855069354906,465.89465322155013,903.682812539505
MY_0p5_3.7500_101.7500,101.75,3.75,1984-12-01,1984,12,342.40616854499365,76.19674194238749,107.8854966376238,91.68043640768454,178.86473977641697,270.54517607476305,43.038817071610964,129.9518395199138,264.3958211522194,462.64111648851144,900.0275970264606
MY_0p5_3.7500_102.2500,102.25,3.75,1984-12-01,1984,12,468.3006086077009,72.44138774569072,110.21803634885757,120.41991795131139,172.0004664345393,292.42038525778145,42.96774273826962,129.77725306919643,264.255624922495,463.03648972284225,900.0371039496526
MY_0p5_3.7500_102.7500,102.75,3.75,1984-12-01,1984,12,544.0179472423736,72.20072307283917,112.4784481472439,196.33633815220423,202.34063420371402,398.6769794766865,43.06109404790969,130.0920010036892,265.07114005921375,465.1997044154576,903.423928300161
MY_0p5_3.7500_103.2500,103.25,3.75,1984-12-01,1984,12,548.179027785343,72.30510422907977,112.74039073270912,276.94130931181064,213.2690339331533,490.2103421080347,42.537660591275085,128.24968656652115,261.4279131721048,458.8218552533318,891.0370873544731
MY_0p5_3.7500_113.2500,113.25,3.75,1984-12-01,1984,12,396.6611752510071,102.05100762844086,130.44772363881597,127.58459272540983,164.9329451263928,292.51754060338754,42.985415599385256,129.91284554903623,264.9607919161437,466.1974332215356,904.056474529329
MY_0p5_3.7500_113.7500,113.75,3.75,1984-12-01,1984,12,381.0746479483968,102.19069136362226,125.26386280738808,122.90282627834085,169.44905539700903,292.35187913221836,43.020139725077115,129.9915135948403,265.03742185919805,466.152654950287,904.2017067720975
MY_0p5_3.7500_114.2500,114.25,3.75,1984-12-01,1984,12,366.83124240494993,101.71366473001147,122.74490416996065,92.7039772396996,171.19747537279886,263.90145951528393,42.97109689863901,129.82823704310826,264.6293390183222,464.9198026142423,902.3484803214906
MY_0p5_3.7500_114.7500,114.75,3.75,1984-12-01,1984,12,348.31969623868423,101.32837257990761,122.58930814228363,83.96844283815413,156.5235287620908,240.49196665930364,42.8649792262486,129.5229468936012,264.0554043240017,463.8504366435702,900.2937616257441
MY_0p5_3.7500_115.2500,115.25,3.75,1984-12-01,1984,12,324.2511482359871,94.35783073788598,106.71333700513084,62.88643902975416,189.71097111777655,252.597411382766,42.81644451807416,129.25922769213477,262.88896920340403,458.87793482220366,893.8425643678695
MY_0p5_3.7500_115.7500,115.75,3.75,1984-12-01,1984,12,321.6396166026163,89.62701410526851,103.4289745632693,66.35598491421706,196.86555777350773,263.2215426877248,42.80954245697681,129.2709483414245,263.07065521898886,459.67878426750787,894.829929269475
MY_0p5_4.2500_100.7500,100.75,4.25,1984-12-01,1984,12,296.0768912315369,94.6172567652905,108.9084807103994,53.8340272708815,122.22811702806123,176.06214773995535,42.87997185843332,129.6438610466159,264.73620406170284,467.14283733757185,904.4028649154976
MY_0p5_4.2500_101.2500,101.25,4.25,1984-12-01,1984,12,299.1056503177613,82.05871914906108,104.66528261998657,77.3540421504124,158.572442874787,235.92647936389707,42.911084424158574,129.55344235365558,263.4581080151211,460.09024903121275,896.0128770573125
MY_0p5_4.2500_101.7500,101.75,4.25,1984-12-01,1984,12,429.32462365848517,75.2870041722307,113.38634517779369,101.18876004447573,145.40774224132014,246.59650950081434,42.84376936598708,129.48546354153666,263.9990604875949,463.57761653619843,899.9059477492262
MY_0p5_4.2500_102.2500,102.25,4.25,1984-12-01,1984,12,654.8033504790773,73.89491432848068,113.44527293927374,182.18582124070238,189.82430084521016,372.0101333959415,42.9386592170301,129.76204225582816,264.4900719395842,464.0276946533984,901.2184959143494
MY_0p5_4.2500_102.7500,102.75,4.25,1984-12-01,1984,12,778.4817672049164,70.39923452875418,111.5877708629438,295.62742342614825,272.76536273348864,568.3927871801292,43.16273322378754,130.33454190393923,265.104349415773,462.91301537774933,901.5146359972135
MY_0p5_4.2500_103.2500,103.25,4.25,1984-12-01,1984,12,774.7011303807436,71.99700680510092,115.58042958223031,389.6745053600351,284.5723292121488,674.2468268098731,43.20773431066853,130.47968954159407,265.5685639597397,464.55237167305233,903.8083372747441
MY_0p5_4.2500_113.7500,113.75,4.25,1984-12-01,1984,12,373.7170167953249,104.7847510251132,120.50094410158553,96.41879481189657,153.95847752409162,250.3772767264888,42.89174778056595,129.65646448675193,264.5620177646853,465.70123924399326,902.8114606749338
MY_0p5_4.2500_114.2500,114.25,4.25,1984-12-01,1984,12,367.8529111471136,104.19392645405068,117.76245214396003,72.85771588653212,141.10675897193232,213.96446634535627,42.80268272193703,129.42317676912404,264.2367472409282,465.4409037115031,901.9035133155618
MY_0p5_4.2500_114.7500,114.75,4.25,1984-12-01,1984,12,345.525932413737,102.72671442667644,117.86712804158529,86.53954091389974,147.60045552571614,234.1399981689454,42.79020940144857,129.3639572143555,263.98278503417976,464.3639731852214,900.5009383138021
MY_0p5_4.2500_115.2500,115.25,4.25,1984-12-01,1984,12,305.27666378021246,97.15702316496109,107.35015082359314,58.80486567815146,177.0744866265191,235.87935468885635,42.69243045647939,128.9408564567566,262.37448151906335,457.9210280312432,891.9288022783068
MY_0p5_4.2500_115.7500,115.75,4.25,1984-12-01,1984,12,289.3093382754569,89.69266778978253,101.89135082697466,50.54305126384154,172.035263320147,222.57831188137249,42.73967635591152,129.03968844656217,262.4847330384336,458.09062800003323,892.3547197762184
MY_0p5_4.2500_116.2500,116.25,4.25,1984-12-01,1984,12,299.85946841356235,95.14233244919198,108.30603757718714,73.70634793072213,180.04418838314893,253.75054401304666,42.872912779086974,129.38292949955638,262.9807026560714,458.7417033125715,893.9782651575603
MY_0p5_4.2500_116.7500,116.75,4.25,1984-12-01,1984,12,324.2308423698293,98.51047630530562,108.34398562921953,82.05755729895797,177.8689353369564,259.92649964790127,42.92879486083985,129.56416029737176,263.48143561037983,460.474385167822,896.4488031464507
MY_0p5_4.2500_117.2500,117.25,4.25,1984-12-01,1984,12,363.71208474488384,101.89542949305172,106.94447029586387,70.50580161440689,139.18297057025202,209.6887674922437,42.82601349754671,129.33235614067686,263.4496765136719,462.19104503530326,897.7990917104536
MY_0p5_4.2500_117.7500,117.75,4.25,1984-12-01,1984,12,366.6574258396768,102.056336264325,101.91380075307994,49.09219769534903,91.49631855630467,140.58851290971805,41.172032886081276,123.43978066729684,251.4456614958935,440.87742145244897,856.9349010500134
MY_0p5_4.2500_118.2500,118.25,4.25,1984-12-01,1984,12,339.3580447191384,100.97248006006431,93.63415313526325,34.07159158986086,62.39358933564206,96.46517900600557,38.33783702485881,113.15665926599199,230.30052651569343,402.81864472407443,784.6136766178594
MY_0p5_4.2500_118.7500,118.75,4.25,1984-12-01,1984,12,317.024651421441,101.3040675410518,88.94178009033203,31.58061981201172,54.54865646362305,86.1292724609375,36.7353630065918,107.31815338134766,218.3565216064453,381.62420654296875,744.0342407226562
MY_0p5_4.7500_100.2500,100.25,4.75,1984-12-01,1984,12,202.04000176323785,101.93895975748698,,,,,,,,,
MY_0p5_4.7500_100.7500,100.75,4.75,1984-12-01,1984,12,253.0390506552779,93.0276208306751,112.02718725437072,51.79334975451958,104.52815500895183,156.32150566287157,42.617846729309576,128.80018547492298,262.5533217763513,460.5203977755415,894.4917463597243
MY_0p5_4.7500_101.2500,101.25,4.75,1984-12-01,1984,12,312.02514027741006,78.42057042197575,102.4088381086077,89.14722587948755,153.7596465337844,242.9068725101532,42.73507984706333,129.0264391217913,262.2763384137835,456.75643213665677,890.7943140423486
MY_0p5_4.7500_101.7500,101.75,4.75,1984-12-01,1984,12,496.6286373259915,74.48248654320126,115.41520426916699,185.2728643992591,188.52427329411586,373.79713628859747,42.872307877313524,129.5375445653522,263.8446998232887,461.806106422061,898.0606439499627
MY_0p5_4.7500_102.2500,102.25,4.75,1984-12-01,1984,12,760.3862932477679,73.49500623430525,111.93231048583984,340.59436587379093,260.3261279878162,600.9204799107142,43.06428342546736,130.0748251778739,264.6852306547619,462.17944306873136,900.0037655784971
MY_0p5_4.7500_102.7500,102.75,4.75,1984-12-01,1984,12,898.1219618487507,70.80857440924187,110.57505249217814,457.973541454145,318.3933188080028,776.3668679401371,43.30672226438096,130.76595141173925,265.9042970693794,463.94351099099316,903.9205112335786
MY_0p5_4.7500_103.2500,103.25,4.75,1984-12-01,1984,12,885.2034278616521,73.40241170285354,110.56635596919328,470.40254937766673,307.4260609756977,777.8286337764503,41.83917154685158,125.40525767196151,254.96591006345864,444.860692435965,867.0710523542006
MY_0p5_4.7500_103.7500,103.75,4.75,1984-12-01,1984,12,878.6463976408306,76.15912628173828,103.64213254854276,415.4457108138443,232.8947817319399,648.3405072100751,37.892493805327966,111.20749634581726,226.28513841505173,395.46414580902496,770.8492526760349
MY_0p5_4.7500_113.7500,113.75,4.75,1984-12-01,1984,12,349.2955017089844,106.61561584472656,,,,,,,,,
MY_0p5_4.7500_114.2500,114.25,4.75,1984-12-01,1984,12,349.2955017089844,106.65457671029228,119.88429260253906,71.32444763183594,127.65998077392578,198.98443603515625,42.63135528564453,129.0348358154297,263.875244140625,465.5836181640625,901.1250610351562
MY_0p5_4.7500_114.7500,114.75,4.75,1984-12-01,1984,12,329.1337716707619,107.03474508306033,121.65428916356899,90.6676484795027,148.11243044945502,238.7800796672862,42.71751883722121,129.1771876837618,263.7237240370884,464.0438737766718,899.6623023248488
MY_0p5_4.7500_115.2500,115.25,4.75,1984-12-01,1984,12,290.51970974604285,104.23274083932239,114.72573141256967,57.84054191907246,146.63859899838764,204.4791368643442,42.47907010714212,128.34548123677567,261.35458532969153,456.33289353052766,888.512023925781
MY_0p5_4.7500_115.7500,115.75,4.75,1984-12-01,1984,12,273.2055614653088,95.67262188139415,104.92149927048455,32.93622597588433,118.20476316421754,151.14098631843686,42.286558011978386,127.73476366315568,260.0033021957155,453.22321690150676,883.2478240482391
MY_0p5_4.7500_116.2500,116.25,4.75,1984-12-01,1984,12,272.70250060066337,94.04700552319721,108.20254107278491,39.56764716496542,113.30848606654574,152.87613782125803,42.418839530339305,128.07608969552172,260.53317493257066,454.2778106205046,885.305912078373
MY_0p5_4.7500_116.7500,116.75,4.75,1984-12-01,1984,12,303.47062934199465,94.76867555062982,107.22081983542141,57.45331557792953,137.34162267853944,194.7949347194237,42.67101911955242,128.74809294109104,261.5737042970295,455.738152033166,888.7309475669377
MY_0p5_4.7500_117.2500,117.25,4.75,1984-12-01,1984,12,372.47915184384294,95.58471125042627,103.21055191282241,65.02400667705233,145.02910122341578,210.0531006343781,42.77674100361173,129.079587906126,262.360989234561,457.84733237614705,892.0646577380951
MY_0p5_4.7500_117.7500,117.75,4.75,1984-12-01,1984,12,388.4420491472075,96.50701324849187,100.24656544455999,54.08525943756103,110.44091847576671,164.52617524545403,42.60208432885665,128.57413405406322,261.45793122883083,456.65889508211154,889.2930622342267
MY_0p5_4.7500_118.2500,118.25,4.75,1984-12-01,1984,12,366.9962107596087,97.61918421606325,100.84812609035167,52.910221444901524,94.89699148053501,147.80721532160314,42.502478709772,128.2551300968956,260.70713384427023,454.97276313820083,886.4375193226879
MY_0p5_4.7500_118.7500,118.75,4.75,1984-12-01,1984,12,345.334143143666,96.42861783957179,103.67727535585814,56.02618876590005,80.9999297902554,137.026117542122,42.367421838301645,127.8844061742855,260.0621245178995,453.9357083477551,884.2496878708465
MY_0p5_5.2500_100.2500,100.25,5.25,1984-12-01,1984,12,184.61396983593187,103.31634684656396,70.40924835205078,8.915020942687988,2.1215507984161377,11.036571502685547,27.78680419921875,75.2059097290039,153.14279174804688,266.6730041503906,522.8085327148438
MY_0p5_5.2500_100.7500,100.75,5.25,1984-12-01,1984,12,241.2529851876053,93.61899936048292,117.29080770207548,74.9465267247167,85.10835875861946,160.05489266055753,41.413501695654865,124.62807955687074,253.66491664141077,441.9946040011001,861.7010687466326
MY_0p5_5.2500_101.2500,101.25,5.25,1984-12-01,1984,12,342.732821219308,80.17413223508804,110.91605563693575,179.19581071157305,174.19434284028554,353.39015149313303,42.69290593465169,128.94120149158294,262.1957348051525,456.4495484367249,890.279378061446
MY_0p5_5.2500_101.7500,101.75,5.25,1984-12-01,1984,12,530.7281186049152,74.38332738694113,120.28583584925175,299.0722577526312,234.40839123574034,533.480640970218,43.018685711417234,129.96465777743396,264.59670058329397,462.6639358617699,900.2439493555933
MY_0p5_5.2500_102.2500,102.25,5.25,1984-12-01,1984,12,764.3506839047571,77.75592619294574,117.3382472141533,448.0794581516533,281.1599167744825,729.2393559741365,42.928137906797375,129.5486014299332,263.7728391999652,461.39409914441933,897.6436615962131
MY_0p5_5.2500_102.7500,102.75,5.25,1984-12-01,1984,12,878.5498957432055,75.07803893848589,113.38145808850302,497.91706967111355,316.1139084120928,814.0309806177171,42.26767496658583,126.99646285752118,258.2937819141452,450.9344606561176,878.4923981230137
MY_0p5_5.2500_103.2500,103.25,5.25,1984-12-01,1984,12,858.5324612087674,77.63780050933676,121.82710766482664,515.05228513247,336.4509929310192,851.5032780634893,43.32686176547757,130.75412779969056,265.8707257555677,464.2116001674107,904.1633193771562
MY_0p5_5.2500_115.2500,115.25,5.25,1984-12-01,1984,12,281.4856429561492,106.27658647106541,118.00322948518348,42.95339796973057,100.1007794239482,143.05417795650297,42.15677799162317,127.37923268802831,259.44443049196343,452.973038970447,881.9534932120902
MY_0p5_5.2500_115.7500,115.75,5.25,1984-12-01,1984,12,274.4923575410875,102.77575799483287,112.82711000604144,27.904891967773438,84.00620753401418,111.91109991558525,42.00766976566637,126.88211276814087,258.21008135262184,449.7247936184123,876.824665651483
MY_0p5_5.2500_116.2500,116.25,5.25,1984-12-01,1984,12,266.97893881496,96.20252585109276,109.79367982888525,33.70949368537227,97.98175538944294,131.6912497991248,42.38416478603701,128.01112375380117,260.6143826834763,455.3450165760669,886.3546750998197
MY_0p5_5.2500_116.7500,116.75,5.25,1984-12-01,1984,12,306.4235953801795,94.3796151076691,110.64977713476253,62.35670961307573,130.7271099573449,193.08382150191292,42.67879355708256,128.75155832797665,261.4560538183284,455.17354892778997,888.0599448288543
MY_0p5_5.2500_117.2500,117.25,5.25,1984-12-01,1984,12,403.37740623837425,94.53387247721354,109.13300609285868,96.5215573749845,167.5870838468037,264.10864020453556,42.93686097160217,129.4913317483569,262.8338879782056,457.7876023065476,893.0496620783729
MY_0p5_5.2500_117.7500,117.75,5.25,1984-12-01,1984,12,435.107387579055,93.85414046030196,104.57955617753285,110.56245829264321,186.41437930152532,296.9768385145399,43.01313821701777,129.72318856375557,263.36783912295385,459.205575125558,895.3097239660837
MY_0p5_5.2500_118.2500,118.25,5.25,1984-12-01,1984,12,413.27740690909025,93.5382919068549,101.86145957412232,109.22690297995403,172.42202199948062,281.648930251978,42.9055263009041,129.4412432142124,262.9930745507502,459.13530327863754,894.4751446960836
MY_0p5_5.2500_118.7500,118.75,5.25,1984-12-01,1984,12,360.01544067382815,92.71420627170139,103.8905775282118,74.54143704308403,100.71561982896593,175.25705634223087,42.428696632385254,128.09494548373752,260.58192486233185,455.139655219184,886.2452528211805
MY_0p5_5.2500_119.2500,119.25,5.25,1984-12-01,1984,12,277.80608963639764,92.43999655587332,105.15928649902344,58.24477005004883,68.88162994384766,127.12639617919922,42.21400451660156,127.4864501953125,259.47821044921875,453.2454833984375,882.4241943359375
MY_0p5_5.7500_100.2500,100.25,5.75,1984-12-01,1984,12,178.02189512510557,104.42892521351307,112.27135432532074,9.443830350123415,1.3778997528443644,10.821729975009182,34.14760421612941,99.03156070534241,201.55829977332996,350.70073622957284,685.4382161831637
MY_0p5_5.7500_100.7500,100.75,5.75,1984-12-01,1984,12,251.5022212437221,95.2329345945328,122.23050750732422,124.43034585316977,81.83769183715185,206.26803989410402,40.272660166422526,120.56394185384116,245.32918162027997,426.9108232625326,833.0766133626302
MY_0p5_5.7500_101.2500,101.25,5.75,1984-12-01,1984,12,368.30488574411,84.43772719976471,123.32825530044678,285.0025425107461,199.94489036019397,484.94742193747703,42.77008858628161,129.19927071398638,262.8069343867265,457.7363344928412,892.5126335564562
MY_0p5_5.7500_101.7500,101.75,5.75,1984-12-01,1984,12,563.6143970489503,78.49134019215903,130.2066722869873,472.1485520680746,268.28845558166506,740.4369796752931,43.094338830312104,130.21528828938804,265.1289385477702,463.4401816050212,901.8787363688151
MY_0p5_5.7500_102.2500,102.25,5.75,1984-12-01,1984,12,774.0466647025867,81.83469967964368,129.54442259920165,513.8995479493831,270.7614426018814,784.6609840264625,42.25383497809721,127.22840732356111,259.3440721813677,454.3736571238097,883.199949733336
MY_0p5_5.7500_102.7500,102.75,5.75,1984-12-01,1984,12,872.9224452427457,79.32670530300696,102.14784240722656,419.2806701660156,221.6566925048828,640.9373779296875,36.596309661865234,106.68594360351562,217.25465393066406,379.68890380859375,740.225830078125
MY_0p5_5.7500_103.2500,103.25,5.75,1984-12-01,1984,12,846.3469848632812,81.10767364501953,,,,,,,,,
MY_0p5_5.7500_115.2500,115.25,5.75,1984-12-01,1984,12,272.5931671142578,105.7630386352539,122.2151870727539,34.50484085083008,99.2400131225586,133.74485778808594,42.5366325378418,128.7097930908203,263.1924133300781,464.4781799316406,898.9169921875
MY_0p5_5.7500_115.7500,115.75,5.75,1984-12-01,1984,12,268.8542791261263,102.2048579022928,113.71343151274183,31.534083956763855,101.41989448184059,132.95397876557848,42.26664130801246,127.79629749116444,260.72511683872773,456.9901053292411,887.7781406947544
MY_0p5_5.7500_116.2500,116.25,5.75,1984-12-01,1984,12,268.4123057531932,94.35107138497489,106.81370413643974,35.83027570209806,102.88079613579643,138.71107056632874,42.20965927366226,127.49956805516806,259.4696329752604,452.17180524553567,881.350651235429
MY_0p5_5.7500_116.7500,116.75,5.75,1984-12-01,1984,12,326.9387573242188,89.39564613463385,103.77661951458644,78.40927440098353,130.86107151092042,209.27034742567275,42.589602297828314,128.44802335708857,260.52728232731897,451.91957194010416,883.4844868009052
MY_0p5_5.7500_117.2500,117.25,5.75,1984-12-01,1984,12,450.00033704113883,93.01152228707396,111.24581040343276,143.18212950793728,204.88700823377735,348.06913454073833,43.07846802191027,129.93481998864783,263.7537124585654,459.5110030790985,896.2780066649622
MY_0p5_5.7500_117.7500,117.75,5.75,1984-12-01,1984,12,491.7646489219061,93.58787447005984,115.73822482320287,183.6005746726222,269.3883493922701,452.9889295949232,43.31111682661429,130.6917340067409,265.63611781997173,464.3503557243604,903.9893139320733
MY_0p5_5.7500_118.2500,118.25,5.75,1984-12-01,1984,12,455.2744010244737,92.59309244155884,116.16620754665799,214.2190000406901,287.2548353407118,501.47384087456595,43.41230141533746,131.00074896918403,266.2959252929687,465.79773817274304,906.506684299045
MY_0p5_5.7500_118.7500,118.75,5.75,1984-12-01,1984,12,385.6822856022762,92.35614395141603,115.26651763916016,222.367431640625,285.3439025878906,507.7113342285156,43.43014144897461,131.0526580810547,266.39227294921875,466.0149230957031,906.8899536132812
MY_0p5_6.2500_99.7500,99.75,6.25,1984-12-01,1984,12,152.4647237740311,108.15800146963082,137.94632099950036,14.735978015633517,3.9676743662634566,18.703653202500455,40.14092937735624,121.41135992005815,246.48979470896165,423.2394494345022,831.2815026571584
MY_0p5_6.2500_100.2500,100.25,6.25,1984-12-01,1984,12,193.2511078119278,102.72747027873993,134.79517348931756,20.7334883942896,5.509566260357293,26.24305544483418,38.684517078010394,115.71820523009006,235.07488210249915,406.7062893614476,796.1839051538584
MY_0p5_6.2500_100.7500,100.75,6.25,1984-12-01,1984,12,274.2421004836624,95.7264312390655,131.45290530878606,151.98239474499087,92.46194881822152,244.44433957545456,41.27438049610978,124.32186821897058,252.89828508885213,439.6552584732822,858.149812322786
MY_0p5_6.2500_101.2500,101.25,6.25,1984-12-01,1984,12,354.09695810171274,89.9191848754883,128.5936751145583,258.1615534855769,160.77605989896335,418.93761080228364,42.50932599581205,128.48479661207935,261.59043860802285,455.7823533278245,888.3669123722957
MY_0p5_6.2500_101.7500,101.75,6.25,1984-12-01,1984,12,644.8428248814174,85.68584333147321,134.86043962751114,503.77889142717635,260.62609252929684,764.4049560546874,42.969394792829235,129.94704851422992,265.012801688058,464.3518423897879,902.2810616629464
MY_0p5_6.2500_102.2500,102.25,6.25,1984-12-01,1984,12,777.6425132751465,85.09617889218214,138.65692138671875,524.475341796875,267.2693786621094,791.7446899414062,43.06896209716797,130.26040649414062,265.7779235839844,466.5429382324219,905.6502075195312
MY_0p5_6.2500_115.7500,115.75,6.25,1984-12-01,1984,12,262.4740517356179,100.17420057816939,126.81130981445312,40.087154388427734,104.59146881103516,144.67861938476562,42.430328369140625,128.33209228515625,262.04425048828125,460.49554443359375,893.3021850585938
MY_0p5_6.2500_116.2500,116.25,6.25,1984-12-01,1984,12,285.5662422849421,95.73909749482807,119.88478017798603,50.84604046523309,104.26855630076403,155.11459424527206,42.37703597283048,128.03177400832658,260.7173706592442,455.469561068497,886.5957259795739
MY_0p5_6.2500_116.7500,116.75,6.25,1984-12-01,1984,12,369.5049914163256,90.87554330977183,113.8402594914512,111.92168462844123,152.11170644608754,264.0333904932416,42.6537579733228,128.68065621512278,261.1593976702009,453.5816600981213,886.0754710363963
MY_0p5_6.2500_117.2500,117.25,6.25,1984-12-01,1984,12,515.3983834402901,92.10176626538474,120.24058176676431,198.7985107421875,247.45878169952877,446.25728895399305,42.67820600479368,128.41363510858446,260.81137520926336,454.75803881448405,886.6612688337054
MY_0p5_6.2500_117.7500,117.75,6.25,1984-12-01,1984,12,562.4753812154134,93.09363448619844,125.83940740217244,228.28698891087583,289.1177646570038,517.4047535678797,42.70655800445736,128.46532774808117,261.19586485031755,456.69143641064744,889.059203744632
MY_0p5_6.2500_118.2500,118.25,6.25,1984-12-01,1984,12,547.4493408203125,93.18062591552734,130.2143611907959,245.52262278965543,314.7415836879186,560.2642190115793,43.44773619515556,131.1488849094936,266.74664633614674,466.80734688895086,908.150608607701
MY_0p5_6.7500_100.2500,100.25,6.75,1984-12-01,1984,12,198.22392250509822,100.64782591427074,139.99473942027373,31.598493113237268,10.020709661876452,41.61920443703146,40.59310054779053,122.59487898209515,248.60892912920784,427.7572804619284,839.5542001163258
MY_0p5_6.7500_100.7500,100.75,6.75,1984-12-01,1984,12,279.01676036693436,94.57492913140192,138.19259587040656,139.51647807933665,95.41330203303585,234.92978088944048,41.77122116088867,126.20432168466074,256.6036778202764,445.59443834092883,870.1736834490742
MY_0p5_6.7500_116.2500,116.25,6.75,1984-12-01,1984,12,368.45417978571743,95.5738946781602,127.50785362429738,123.05359984607233,157.84317574849945,280.8967649878525,42.7820507142602,129.21721035096706,263.02435898199315,459.97313187762006,894.9967472727707
MY_0p5_6.7500_116.7500,116.75,6.75,1984-12-01,1984,12,427.5670705119923,93.9929859340191,123.78738870733811,142.92468635649547,182.3652283438581,325.28990806609744,41.5757154532572,124.67001119621186,253.44865809504694,442.2721224698154,861.9664986953434
MY_0p5_6.7500_117.2500,117.25,6.75,1984-12-01,1984,12,535.0728551098424,92.64451501308343,124.25702501820253,194.00555237626608,230.66964154538854,424.6751858871595,40.73041191776242,121.37416184686981,246.60492064889556,430.23321060585766,838.9427033821039
MY_0p5_6.7500_117.7500,117.75,6.75,1984-12-01,1984,12,612.5337100558811,92.51457956102159,131.16590118408203,243.59236860275269,274.685917854309,518.2782735824585,41.3531858921051,123.52053260803223,251.16155815124512,439.2086791992187,855.243974685669
MY_0p5_7.2500_116.7500,116.75,7.25,1984-12-01,1984,12,490.28159842904154,93.7516970558772,132.17218462073285,135.70571773363199,181.00255166758663,316.70825964886205,40.84717403909434,122.0121283489725,248.0642896569294,432.97367208729617,843.897262440557
MY_0p5_7.2500_117.2500,117.25,7.25,1984-12-01,1984,12,522.725636525197,92.83174305133993,132.57363313373764,121.91798818487868,169.97259826660155,291.89058099043996,40.199225616455074,119.6798230622944,243.23605475174753,424.06201300370066,827.1771182411595
